Date,Equity
2015-04-04,10000.0
2015-04-05,10000.0
2015-04-06,10000.0
2015-04-07,10000.0
2015-04-08,10000.0
2015-04-09,10000.0
2015-04-10,10000.0
2015-04-11,10000.0
2015-04-12,10000.0
2015-04-13,10000.0
2015-04-14,10000.0
2015-04-15,10000.0
2015-04-16,10000.0
2015-04-17,9995.0
2015-04-18,10016.233610544521
2015-04-19,9982.273997042408
2015-04-20,10072.717015202812
2015-04-21,10539.010281533281
2015-04-22,10489.934527437299
2015-04-23,10591.83999014797
2015-04-24,10356.591963686893
2015-04-25,10135.809500522455
2015-04-26,9819.3094086108
2015-04-27,10245.829487117286
2015-04-28,10245.829487117286
2015-04-29,10245.829487117286
2015-04-30,10245.829487117286
2015-05-01,10245.829487117286
2015-05-02,10245.829487117286
2015-05-03,10245.829487117286
2015-05-04,10245.829487117286
2015-05-05,10245.829487117286
2015-05-06,10240.706572373727
2015-05-07,10566.74411460777
2015-05-08,10566.74411460777
2015-05-09,10566.74411460777
2015-05-10,10566.74411460777
2015-05-11,10566.74411460777
2015-05-12,10566.74411460777
2015-05-13,10566.74411460777
2015-05-14,10566.74411460777
2015-05-15,10566.74411460777
2015-05-16,10566.74411460777
2015-05-17,10561.460742550467
2015-05-18,10396.314639135155
2015-05-19,10343.514247285077
2015-05-20,10430.287377388868
2015-05-21,10425.072233700173
2015-05-22,10644.412150515906
2015-05-23,10578.84167220415
2015-05-24,10665.314047692633
2015-05-25,10659.981390668787
2015-05-26,10660.250986829316
2015-05-27,10662.426532131456
2015-05-28,10662.426532131456
2015-05-29,10657.095318865391
2015-05-30,10487.146164684722
2015-05-31,10344.38480237494
2015-06-01,10012.689924769482
2015-06-02,10141.083201619598
2015-06-03,10144.27135717757
2015-06-04,10074.41960764778
2015-06-05,10102.583347337111
2015-06-06,10132.494297019244
2015-06-07,10008.778886403225
2015-06-08,10257.49784476907
2015-06-09,10282.56249731778
2015-06-10,10271.557455260985
2015-06-11,10311.971317701977
2015-06-12,10324.398652624888
2015-06-13,10432.470102537987
2015-06-14,10478.348051901861
2015-06-15,10478.348051901861
2015-06-16,10478.348051901861
2015-06-17,10478.348051901861
2015-06-18,10478.348051901861
2015-06-19,10478.348051901861
2015-06-20,10478.348051901861
2015-06-21,10478.348051901861
2015-06-22,10478.348051901861
2015-06-23,10478.348051901861
2015-06-24,10478.348051901861
2015-06-25,10478.348051901861
2015-06-26,10478.348051901861
2015-06-27,10478.348051901861
2015-06-28,10478.348051901861
2015-06-29,10478.348051901861
2015-06-30,10478.348051901861
2015-07-01,10478.348051901861
2015-07-02,10478.348051901861
2015-07-03,10478.348051901861
2015-07-04,10478.348051901861
2015-07-05,10478.348051901861
2015-07-06,10478.348051901861
2015-07-07,10478.348051901861
2015-07-08,10478.348051901861
2015-07-09,10478.348051901861
2015-07-10,10478.348051901861
2015-07-11,10478.348051901861
2015-07-12,10478.348051901861
2015-07-13,10478.348051901861
2015-07-14,10478.348051901861
2015-07-15,10478.348051901861
2015-07-16,10478.348051901861
2015-07-17,10478.348051901861
2015-07-18,10478.348051901861
2015-07-19,10478.348051901861
2015-07-20,10478.348051901861
2015-07-21,10478.348051901861
2015-07-22,10478.348051901861
2015-07-23,10478.348051901861
2015-07-24,10478.348051901861
2015-07-25,10473.108877875911
2015-07-26,10616.828355108933
2015-07-27,10645.489919674874
2015-07-28,10645.489919674874
2015-07-29,10645.489919674874
2015-07-30,10645.489919674874
2015-07-31,10645.489919674874
2015-08-01,10645.489919674874
2015-08-02,10645.489919674874
2015-08-03,10645.489919674874
2015-08-04,10645.489919674874
2015-08-05,10645.489919674874
2015-08-06,10645.489919674874
2015-08-07,10640.167174715038
2015-08-08,9908.151531824573
2015-08-09,10062.065405876547
2015-08-10,10038.769852567204
2015-08-11,10260.854437815358
2015-08-12,10107.54038295138
2015-08-13,10020.041079671551
2015-08-14,10080.567266099444
2015-08-15,9922.672559451974
2015-08-16,9806.51234591582
2015-08-17,9786.348979214796
2015-08-18,7822.87304955552
2015-08-19,8380.8359992589
2015-08-20,8695.258074401836
2015-08-21,8591.898954312019
2015-08-22,8511.01968238258
2015-08-23,8428.574182139379
2015-08-24,7749.022634107396
2015-08-25,8147.730475740811
2015-08-26,8301.497421225822
2015-08-27,8262.366585110745
2015-08-28,8502.448781723686
2015-08-29,8442.862026184377
2015-08-30,8405.33750010824
2015-08-31,8452.785286674925
2015-09-01,8377.161961989106
2015-09-02,8377.161961989106
2015-09-03,8372.973381008112
2015-09-04,8486.998929631138
2015-09-05,8654.975390535586
2015-09-06,8654.975390535586
2015-09-07,8654.975390535586
2015-09-08,8654.975390535586
2015-09-09,8654.975390535586
2015-09-10,8654.975390535586
2015-09-11,8654.975390535586
2015-09-12,8654.975390535586
2015-09-13,8654.975390535586
2015-09-14,8654.975390535586
2015-09-15,8654.975390535586
2015-09-16,8650.64790284032
2015-09-17,8673.429820890595
2015-09-18,8673.429820890595
2015-09-19,8669.09310598015
2015-09-20,8658.564004422175
2015-09-21,8502.617755057367
2015-09-22,8633.883032791264
2015-09-23,8621.332495720191
2015-09-24,8778.846561890232
2015-09-25,8801.836633461144
2015-09-26,8771.689956726997
2015-09-27,8707.849338792965
2015-09-28,8707.849338792965
2015-09-29,8707.849338792965
2015-09-30,8707.849338792965
2015-10-01,8707.849338792965
2015-10-02,8707.849338792965
2015-10-03,8707.849338792965
2015-10-04,8707.849338792965
2015-10-05,8707.849338792965
2015-10-06,8707.849338792965
2015-10-07,8707.849338792965
2015-10-08,8707.849338792965
2015-10-09,8707.849338792965
2015-10-10,8707.849338792965
2015-10-11,8707.849338792965
2015-10-12,8707.849338792965
2015-10-13,8707.849338792965
2015-10-14,8707.849338792965
2015-10-15,8707.849338792965
2015-10-16,8707.849338792965
2015-10-17,8707.849338792965
2015-10-18,8707.849338792965
2015-10-19,8707.849338792965
2015-10-20,8707.849338792965
2015-10-21,8707.849338792965
2015-10-22,8707.849338792965
2015-10-23,8707.849338792965
2015-10-24,8707.849338792965
2015-10-25,8707.849338792965
2015-10-26,8707.849338792965
2015-10-27,8707.849338792965
2015-10-28,8707.849338792965
2015-10-29,8707.849338792965
2015-10-30,8707.849338792965
2015-10-31,8707.849338792965
2015-11-01,8707.849338792965
2015-11-02,8707.849338792965
2015-11-03,8707.849338792965
2015-11-04,8707.849338792965
2015-11-05,8707.849338792965
2015-11-06,8707.849338792965
2015-11-07,8707.849338792965
2015-11-08,8707.849338792965
2015-11-09,8707.849338792965
2015-11-10,8707.849338792965
2015-11-11,8707.849338792965
2015-11-12,8707.849338792965
2015-11-13,8707.849338792965
2015-11-14,8707.849338792965
2015-11-15,8703.495414123568
2015-11-16,8986.587769521057
2015-11-17,9103.819821462705
2015-11-18,9090.116922429717
2015-11-19,8857.849900073988
2015-11-20,8745.050357293932
2015-11-21,8877.249583599343
2015-11-22,8812.086955413473
2015-11-23,8771.53544043062
2015-11-24,8689.697078180649
2015-11-25,8904.130443220803
2015-11-26,8904.130443220803
2015-11-27,8904.130443220803
2015-11-28,8904.130443220803
2015-11-29,8904.130443220803
2015-11-30,8904.130443220803
2015-12-01,8904.130443220803
2015-12-02,8904.130443220803
2015-12-03,8904.130443220803
2015-12-04,8904.130443220803
2015-12-05,8904.130443220803
2015-12-06,8904.130443220803
2015-12-07,8904.130443220803
2015-12-08,8904.130443220803
2015-12-09,8904.130443220803
2015-12-10,8904.130443220803
2015-12-11,8904.130443220803
2015-12-12,8904.130443220803
2015-12-13,8904.130443220803
2015-12-14,8904.130443220803
2015-12-15,8904.130443220803
2015-12-16,8904.130443220803
2015-12-17,8904.130443220803
2015-12-18,8904.130443220803
2015-12-19,8904.130443220803
2015-12-20,8904.130443220803
2015-12-21,8904.130443220803
2015-12-22,8904.130443220803
2015-12-23,8904.130443220803
2015-12-24,8904.130443220803
2015-12-25,8904.130443220803
2015-12-26,8899.678377999193
2015-12-27,9017.248454712812
2015-12-28,9005.639344487456
2015-12-29,9231.070821604815
2015-12-30,9094.406716087236
2015-12-31,9178.159259314076
2016-01-01,9258.109702029278
2016-01-02,9238.990588756566
2016-01-03,9165.65167475114
2016-01-04,9231.06800785502
2016-01-05,9206.929652178667
2016-01-06,9145.87572341956
2016-01-07,9738.275324796623
2016-01-08,9733.406187134226
2016-01-09,9607.113174463713
2016-01-10,9607.113174463713
2016-01-11,9607.113174463713
2016-01-12,9607.113174463713
2016-01-13,9607.113174463713
2016-01-14,9602.309617876483
2016-01-15,8004.16068882544
2016-01-16,8498.385576705126
2016-01-17,8382.758912791727
2016-01-18,8488.848185174666
2016-01-19,8333.540811101386
2016-01-20,9168.886276204676
2016-01-21,8948.775767447272
2016-01-22,8321.572052592423
2016-01-23,8429.62655295322
2016-01-24,8759.831916924863
2016-01-25,8511.911415011542
2016-01-26,8521.184792732398
2016-01-27,8582.219735502811
2016-01-28,8257.096551652694
2016-01-29,8235.253120116087
2016-01-30,8231.13549355603
2016-01-31,8022.0351795454735
2016-02-01,8114.798289117466
2016-02-02,8145.020999472682
2016-02-03,8046.56590671904
2016-02-04,8462.895098317174
2016-02-05,8392.259642797642
2016-02-06,8388.063512976243
2016-02-07,8390.246269086409
2016-02-08,8319.259422482985
2016-02-09,8376.58058927026
2016-02-10,8500.84764392429
2016-02-11,8456.294584656234
2016-02-12,8554.107914105687
2016-02-13,8554.107914105687
2016-02-14,8554.107914105687
2016-02-15,8554.107914105687
2016-02-16,8554.107914105687
2016-02-17,8554.107914105687
2016-02-18,8554.107914105687
2016-02-19,8554.107914105687
2016-02-20,8554.107914105687
2016-02-21,8554.107914105687
2016-02-22,8554.107914105687
2016-02-23,8554.107914105687
2016-02-24,8554.107914105687
2016-02-25,8554.107914105687
2016-02-26,8554.107914105687
2016-02-27,8554.107914105687
2016-02-28,8554.107914105687
2016-02-29,8554.107914105687
2016-03-01,8554.107914105687
2016-03-02,8554.107914105687
2016-03-03,8549.830860148635
2016-03-04,8329.816470069061
2016-03-05,8116.937825658333
2016-03-06,8260.284813890652
2016-03-07,8393.21170855487
2016-03-08,8386.138175381791
2016-03-09,8404.107795067106
2016-03-10,8449.988098847376
2016-03-11,8541.840338951984
2016-03-12,8335.468121430978
2016-03-13,8384.753061503528
2016-03-14,8432.66849264531
2016-03-15,8440.602535429689
2016-03-16,8444.26689607366
2016-03-17,8517.053338465377
2016-03-18,8289.834765676655
2016-03-19,8303.806275000921
2016-03-20,8303.806275000921
2016-03-21,8299.654371863422
2016-03-22,8390.980681630508
2016-03-23,8390.980681630508
2016-03-24,8386.785191289693
2016-03-25,8402.540937537518
2016-03-26,8413.794171484593
2016-03-27,8413.794171484593
2016-03-28,8413.794171484593
2016-03-29,8409.587274398851
2016-03-30,8375.193880913283
2016-03-31,8413.728721172087
2016-04-01,8434.338771522232
2016-04-02,8434.338771522232
2016-04-03,8434.338771522232
2016-04-04,8434.338771522232
2016-04-05,8434.338771522232
2016-04-06,8434.338771522232
2016-04-07,8434.338771522232
2016-04-08,8434.338771522232
2016-04-09,8434.338771522232
2016-04-10,8430.121602136473
2016-04-11,8448.479201540948
2016-04-12,8498.214724770207
2016-04-13,8498.214724770207
2016-04-14,8498.214724770207
2016-04-15,8498.214724770207
2016-04-16,8498.214724770207
2016-04-17,8498.214724770207
2016-04-18,8498.214724770207
2016-04-19,8498.214724770207
2016-04-20,8498.214724770207
2016-04-21,8498.214724770207
2016-04-22,8498.214724770207
2016-04-23,8498.214724770207
2016-04-24,8498.214724770207
2016-04-25,8498.214724770207
2016-04-26,8498.214724770207
2016-04-27,8498.214724770207
2016-04-28,8498.214724770207
2016-04-29,8498.214724770207
2016-04-30,8498.214724770207
2016-05-01,8498.214724770207
2016-05-02,8498.214724770207
2016-05-03,8498.214724770207
2016-05-04,8498.214724770207
2016-05-05,8493.965617407823
2016-05-06,8707.362721934789
2016-05-07,8707.362721934789
2016-05-08,8703.009040573823
2016-05-09,8739.657044880838
2016-05-10,8555.761811059627
2016-05-11,8586.194866015921
2016-05-12,8586.194866015921
2016-05-13,8586.194866015921
2016-05-14,8586.194866015921
2016-05-15,8586.194866015921
2016-05-16,8586.194866015921
2016-05-17,8586.194866015921
2016-05-18,8586.194866015921
2016-05-19,8581.901768582913
2016-05-20,8659.036954941157
2016-05-21,8669.046099505693
2016-05-22,8593.112783648978
2016-05-23,8687.110237888986
2016-05-24,8722.751057332418
2016-05-25,8793.228704389781
2016-05-26,8866.945701745537
2016-05-27,9246.773761507755
2016-05-28,9246.773761507755
2016-05-29,9246.773761507755
2016-05-30,9246.773761507755
2016-05-31,9246.773761507755
2016-06-01,9246.773761507755
2016-06-02,9246.773761507755
2016-06-03,9246.773761507755
2016-06-04,9246.773761507755
2016-06-05,9246.773761507755
2016-06-06,9246.773761507755
2016-06-07,9246.773761507755
2016-06-08,9246.773761507755
2016-06-09,9246.773761507755
2016-06-10,9246.773761507755
2016-06-11,9246.773761507755
2016-06-12,9246.773761507755
2016-06-13,9246.773761507755
2016-06-14,9246.773761507755
2016-06-15,9246.773761507755
2016-06-16,9246.773761507755
2016-06-17,9246.773761507755
2016-06-18,9246.773761507755
2016-06-19,9246.773761507755
2016-06-20,9246.773761507755
2016-06-21,9246.773761507755
2016-06-22,9246.773761507755
2016-06-23,9246.773761507755
2016-06-24,9246.773761507755
2016-06-25,9246.773761507755
2016-06-26,9242.150374627001
2016-06-27,9614.98309004312
2016-06-28,9492.80330539352
2016-06-29,9387.893642858819
2016-06-30,9866.203076313035
2016-07-01,9909.466081593697
2016-07-02,10303.110982669765
2016-07-03,9621.648125277237
2016-07-04,9980.055303073752
2016-07-05,9782.944140122867
2016-07-06,9782.944140122867
2016-07-07,9782.944140122867
2016-07-08,9782.944140122867
2016-07-09,9778.052668052806
2016-07-10,9749.099949458425
2016-07-11,9744.225399483696
2016-07-12,9990.241218480713
2016-07-13,9990.241218480713
2016-07-14,9985.246097871473
2016-07-15,10063.491177289705
2016-07-16,10025.670424908181
2016-07-17,10300.329132185901
2016-07-18,10295.17896761981
2016-07-19,10286.329247299878
2016-07-20,10281.18608267623
2016-07-21,10265.646476747896
2016-07-22,10260.513653509523
2016-07-23,10332.948065260309
2016-07-24,10332.948065260309
2016-07-25,10332.948065260309
2016-07-26,10327.78159122768
2016-07-27,10368.392533698427
2016-07-28,10379.208955141308
2016-07-29,10410.172421118164
2016-07-30,10379.30767332467
2016-07-31,9886.64536080422
2016-08-01,9590.911252007587
2016-08-02,8612.349585353359
2016-08-03,8904.501788725776
2016-08-04,9090.184610027587
2016-08-05,9039.017107668791
2016-08-06,9237.012067487482
2016-08-07,9313.88386273895
2016-08-08,9288.139451576193
2016-08-09,9236.87902159511
2016-08-10,9304.235765706671
2016-08-11,9257.242279112728
2016-08-12,9232.681079483418
2016-08-13,9201.65733284973
2016-08-14,8961.028365263735
2016-08-15,8910.099227338142
2016-08-16,9064.425501061573
2016-08-17,9064.425501061573
2016-08-18,9059.893288311043
2016-08-19,9076.03678314913
2016-08-20,9071.498764757554
2016-08-21,9065.42973043209
2016-08-22,9149.948757988614
2016-08-23,9097.746460922837
2016-08-24,9047.191452129606
2016-08-25,9009.359765959425
2016-08-26,9038.783751977966
2016-08-27,8886.18388000092
2016-08-28,8943.345507175125
2016-08-29,8943.345507175125
2016-08-30,8943.345507175125
2016-08-31,8943.345507175125
2016-09-01,8938.873834421538
2016-09-02,8989.244049606856
2016-09-03,9332.10881702215
2016-09-04,9332.10881702215
2016-09-05,9332.10881702215
2016-09-06,9332.10881702215
2016-09-07,9332.10881702215
2016-09-08,9332.10881702215
2016-09-09,9332.10881702215
2016-09-10,9332.10881702215
2016-09-11,9332.10881702215
2016-09-12,9332.10881702215
2016-09-13,9332.10881702215
2016-09-14,9332.10881702215
2016-09-15,9332.10881702215
2016-09-16,9332.10881702215
2016-09-17,9332.10881702215
2016-09-18,9332.10881702215
2016-09-19,9332.10881702215
2016-09-20,9327.44276261364
2016-09-21,9154.686526715102
2016-09-22,9141.630629797104
2016-09-23,9241.407945318912
2016-09-24,9238.081100916808
2016-09-25,9210.461490009176
2016-09-26,9320.43712355391
2016-09-27,9291.62065828103
2016-09-28,9269.552256873083
2016-09-29,9284.331912614178
2016-09-30,9341.441386515207
2016-10-01,9341.441386515207
2016-10-02,9341.441386515207
2016-10-03,9341.441386515207
2016-10-04,9341.441386515207
2016-10-05,9341.441386515207
2016-10-06,9341.441386515207
2016-10-07,9341.441386515207
2016-10-08,9341.441386515207
2016-10-09,9341.441386515207
2016-10-10,9341.441386515207
2016-10-11,9341.441386515207
2016-10-12,9341.441386515207
2016-10-13,9341.441386515207
2016-10-14,9341.441386515207
2016-10-15,9341.441386515207
2016-10-16,9341.441386515207
2016-10-17,9341.441386515207
2016-10-18,9341.441386515207
2016-10-19,9341.441386515207
2016-10-20,9341.441386515207
2016-10-21,9341.441386515207
2016-10-22,9341.441386515207
2016-10-23,9341.441386515207
2016-10-24,9341.441386515207
2016-10-25,9341.441386515207
2016-10-26,9341.441386515207
2016-10-27,9341.441386515207
2016-10-28,9341.441386515207
2016-10-29,9341.441386515207
2016-10-30,9341.441386515207
2016-10-31,9341.441386515207
2016-11-01,9341.441386515207
2016-11-02,9341.441386515207
2016-11-03,9341.441386515207
2016-11-04,9341.441386515207
2016-11-05,9341.441386515207
2016-11-06,9341.441386515207
2016-11-07,9341.441386515207
2016-11-08,9341.441386515207
2016-11-09,9341.441386515207
2016-11-10,9341.441386515207
2016-11-11,9341.441386515207
2016-11-12,9336.77066582195
2016-11-13,9291.983600456359
2016-11-14,9291.983600456359
2016-11-15,9287.337608656131
2016-11-16,9698.436443514034
2016-11-17,9698.436443514034
2016-11-18,9698.436443514034
2016-11-19,9698.436443514034
2016-11-20,9698.436443514034
2016-11-21,9698.436443514034
2016-11-22,9698.436443514034
2016-11-23,9698.436443514034
2016-11-24,9698.436443514034
2016-11-25,9698.436443514034
2016-11-26,9698.436443514034
2016-11-27,9698.436443514034
2016-11-28,9698.436443514034
2016-11-29,9698.436443514034
2016-11-30,9698.436443514034
2016-12-01,9698.436443514034
2016-12-02,9698.436443514034
2016-12-03,9698.436443514034
2016-12-04,9698.436443514034
2016-12-05,9698.436443514034
2016-12-06,9698.436443514034
2016-12-07,9698.436443514034
2016-12-08,9698.436443514034
2016-12-09,9698.436443514034
2016-12-10,9698.436443514034
2016-12-11,9698.436443514034
2016-12-12,9698.436443514034
2016-12-13,9698.436443514034
2016-12-14,9698.436443514034
2016-12-15,9698.436443514034
2016-12-16,9698.436443514034
2016-12-17,9698.436443514034
2016-12-18,9698.436443514034
2016-12-19,9698.436443514034
2016-12-20,9698.436443514034
2016-12-21,9698.436443514034
2016-12-22,9698.436443514034
2016-12-23,9698.436443514034
2016-12-24,9698.436443514034
2016-12-25,9698.436443514034
2016-12-26,9698.436443514034
2016-12-27,9698.436443514034
2016-12-28,9698.436443514034
2016-12-29,9698.436443514034
2016-12-30,9698.436443514034
2016-12-31,9698.436443514034
2017-01-01,9698.436443514034
2017-01-02,9698.436443514034
2017-01-03,9698.436443514034
2017-01-04,9698.436443514034
2017-01-05,9698.436443514034
2017-01-06,9693.587225292278
2017-01-07,9757.09134530092
2017-01-08,9757.09134530092
2017-01-09,9752.21279962827
2017-01-10,9804.472443552937
2017-01-11,8289.910394506838
2017-01-12,8573.606589029801
2017-01-13,8775.21578262617
2017-01-14,8715.673652004209
2017-01-15,8751.658305738156
2017-01-16,8854.731775032333
2017-01-17,9633.097211855646
2017-01-18,9404.19672613969
2017-01-19,9535.385528448933
2017-01-20,9492.367007429602
2017-01-21,9767.299933007595
2017-01-22,9767.299933007595
2017-01-23,9767.299933007595
2017-01-24,9762.416283041091
2017-01-25,9853.895915332218
2017-01-26,9853.895915332218
2017-01-27,9853.895915332218
2017-01-28,9853.895915332218
2017-01-29,9853.895915332218
2017-01-30,9853.895915332218
2017-01-31,9853.895915332218
2017-02-01,9853.895915332218
2017-02-02,9853.895915332218
2017-02-03,9853.895915332218
2017-02-04,9853.895915332218
2017-02-05,9853.895915332218
2017-02-06,9853.895915332218
2017-02-07,9853.895915332218
2017-02-08,9853.895915332218
2017-02-09,9853.895915332218
2017-02-10,9853.895915332218
2017-02-11,9853.895915332218
2017-02-12,9853.895915332218
2017-02-13,9853.895915332218
2017-02-14,9853.895915332218
2017-02-15,9853.895915332218
2017-02-16,9853.895915332218
2017-02-17,9853.895915332218
2017-02-18,9853.895915332218
2017-02-19,9853.895915332218
2017-02-20,9853.895915332218
2017-02-21,9853.895915332218
2017-02-22,9853.895915332218
2017-02-23,9853.895915332218
2017-02-24,9853.895915332218
2017-02-25,9853.895915332218
2017-02-26,9853.895915332218
2017-02-27,9853.895915332218
2017-02-28,9853.895915332218
2017-03-01,9853.895915332218
2017-03-02,9853.895915332218
2017-03-03,9853.895915332218
2017-03-04,9853.895915332218
2017-03-05,9853.895915332218
2017-03-06,9853.895915332218
2017-03-07,9853.895915332218
2017-03-08,9853.895915332218
2017-03-09,9853.895915332218
2017-03-10,9848.968967374552
2017-03-11,10352.039064320257
2017-03-12,10352.039064320257
2017-03-13,10352.039064320257
2017-03-14,10352.039064320257
2017-03-15,10352.039064320257
2017-03-16,10346.863044788097
2017-03-17,9554.375140814032
2017-03-18,8388.262802238267
2017-03-19,8913.468908150657
2017-03-20,9062.586420389865
2017-03-21,9615.405304242879
2017-03-22,8982.327481309645
2017-03-23,8891.54485993445
2017-03-24,7981.218197874974
2017-03-25,8275.875224145491
2017-03-26,8224.210009198823
2017-03-27,8870.589399873095
2017-03-28,8882.287370366255
2017-03-29,8821.173920123536
2017-03-30,8705.57222576736
2017-03-31,9082.03050476989
2017-04-01,9150.99683408931
2017-04-02,9150.99683408931
2017-04-03,9150.99683408931
2017-04-04,9150.99683408931
2017-04-05,9150.99683408931
2017-04-06,9150.99683408931
2017-04-07,9150.99683408931
2017-04-08,9150.99683408931
2017-04-09,9150.99683408931
2017-04-10,9150.99683408931
2017-04-11,9150.99683408931
2017-04-12,9150.99683408931
2017-04-13,9150.99683408931
2017-04-14,9150.99683408931
2017-04-15,9150.99683408931
2017-04-16,9150.99683408931
2017-04-17,9150.99683408931
2017-04-18,9150.99683408931
2017-04-19,9150.99683408931
2017-04-20,9150.99683408931
2017-04-21,9150.99683408931
2017-04-22,9150.99683408931
2017-04-23,9150.99683408931
2017-04-24,9150.99683408931
2017-04-25,9150.99683408931
2017-04-26,9150.99683408931
2017-04-27,9150.99683408931
2017-04-28,9150.99683408931
2017-04-29,9150.99683408931
2017-04-30,9150.99683408931
2017-05-01,9150.99683408931
2017-05-02,9150.99683408931
2017-05-03,9150.99683408931
2017-05-04,9150.99683408931
2017-05-05,9150.99683408931
2017-05-06,9150.99683408931
2017-05-07,9150.99683408931
2017-05-08,9150.99683408931
2017-05-09,9150.99683408931
2017-05-10,9150.99683408931
2017-05-11,9150.99683408931
2017-05-12,9150.99683408931
2017-05-13,9150.99683408931
2017-05-14,9150.99683408931
2017-05-15,9150.99683408931
2017-05-16,9150.99683408931
2017-05-17,9150.99683408931
2017-05-18,9150.99683408931
2017-05-19,9150.99683408931
2017-05-20,9150.99683408931
2017-05-21,9150.99683408931
2017-05-22,9150.99683408931
2017-05-23,9150.99683408931
2017-05-24,9150.99683408931
2017-05-25,9150.99683408931
2017-05-26,9150.99683408931
2017-05-27,9150.99683408931
2017-05-28,9150.99683408931
2017-05-29,9150.99683408931
2017-05-30,9150.99683408931
2017-05-31,9150.99683408931
2017-06-01,9150.99683408931
2017-06-02,9150.99683408931
2017-06-03,9150.99683408931
2017-06-04,9150.99683408931
2017-06-05,9150.99683408931
2017-06-06,9150.99683408931
2017-06-07,9150.99683408931
2017-06-08,9150.99683408931
2017-06-09,9150.99683408931
2017-06-10,9150.99683408931
2017-06-11,9150.99683408931
2017-06-12,9150.99683408931
2017-06-13,9150.99683408931
2017-06-14,9150.99683408931
2017-06-15,9150.99683408931
2017-06-16,9150.99683408931
2017-06-17,9150.99683408931
2017-06-18,9150.99683408931
2017-06-19,9146.421335672267
2017-06-20,9601.78785894573
2017-06-21,9485.767872017406
2017-06-22,9543.126773962402
2017-06-23,9681.452640892758
2017-06-24,9188.777194274586
2017-06-25,9120.507779609503
2017-06-26,8721.059896388604
2017-06-27,8977.636251963251
2017-06-28,9051.3815139699
2017-06-29,9051.3815139699
2017-06-30,9046.855823212916
2017-07-01,8876.455639899366
2017-07-02,9134.879643212287
2017-07-03,9342.392917588473
2017-07-04,9478.324842390233
2017-07-05,9479.600236448701
2017-07-06,9503.506217198068
2017-07-07,9170.205061067909
2017-07-08,9360.03031241327
2017-07-09,9165.458129726972
2017-07-10,8618.554571371424
2017-07-11,8491.314452257904
2017-07-12,8710.214327020269
2017-07-13,8560.276934182495
2017-07-14,8095.684263763858
2017-07-15,7197.700834020053
2017-07-16,6944.699459924833
2017-07-17,7943.774902074163
2017-07-18,8259.905151352183
2017-07-19,8096.403750569308
2017-07-20,9829.80994420757
2017-07-21,9829.80994420757
2017-07-22,9829.80994420757
2017-07-23,9829.80994420757
2017-07-24,9829.80994420757
2017-07-25,9829.80994420757
2017-07-26,9829.80994420757
2017-07-27,9829.80994420757
2017-07-28,9829.80994420757
2017-07-29,9829.80994420757
2017-07-30,9829.80994420757
2017-07-31,9829.80994420757
2017-08-01,9829.80994420757
2017-08-02,9829.80994420757
2017-08-03,9824.895039235467
2017-08-04,10134.23365345919
2017-08-05,10134.23365345919
2017-08-06,10134.23365345919
2017-08-07,10134.23365345919
2017-08-08,10134.23365345919
2017-08-09,10134.23365345919
2017-08-10,10134.23365345919
2017-08-11,10134.23365345919
2017-08-12,10134.23365345919
2017-08-13,10134.23365345919
2017-08-14,10134.23365345919
2017-08-15,10134.23365345919
2017-08-16,10134.23365345919
2017-08-17,10134.23365345919
2017-08-18,10134.23365345919
2017-08-19,10134.23365345919
2017-08-20,10134.23365345919
2017-08-21,10134.23365345919
2017-08-22,10134.23365345919
2017-08-23,10134.23365345919
2017-08-24,10134.23365345919
2017-08-25,10134.23365345919
2017-08-26,10134.23365345919
2017-08-27,10134.23365345919
2017-08-28,10134.23365345919
2017-08-29,10134.23365345919
2017-08-30,10134.23365345919
2017-08-31,10134.23365345919
2017-09-01,10134.23365345919
2017-09-02,10134.23365345919
2017-09-03,10134.23365345919
2017-09-04,10134.23365345919
2017-09-05,10134.23365345919
2017-09-06,10134.23365345919
2017-09-07,10134.23365345919
2017-09-08,10129.166536632461
2017-09-09,10122.72124331228
2017-09-10,9872.653142580306
2017-09-11,9964.01303531218
2017-09-12,9890.809494073283
2017-09-13,9277.865659349609
2017-09-14,7352.431620258714
2017-09-15,8398.899563047205
2017-09-16,8370.03420294479
2017-09-17,8272.118027947477
2017-09-18,9316.853584578199
2017-09-19,8989.792614946533
2017-09-20,8946.123066782427
2017-09-21,8293.218010651983
2017-09-22,8292.441220784654
2017-09-23,8653.772609927564
2017-09-24,8400.08881686162
2017-09-25,8937.31419065251
2017-09-26,8860.222441970587
2017-09-27,9531.215100249812
2017-09-28,9531.215100249812
2017-09-29,9531.215100249812
2017-09-30,9531.215100249812
2017-10-01,9531.215100249812
2017-10-02,9531.215100249812
2017-10-03,9531.215100249812
2017-10-04,9531.215100249812
2017-10-05,9531.215100249812
2017-10-06,9531.215100249812
2017-10-07,9531.215100249812
2017-10-08,9531.215100249812
2017-10-09,9531.215100249812
2017-10-10,9531.215100249812
2017-10-11,9531.215100249812
2017-10-12,9531.215100249812
2017-10-13,9531.215100249812
2017-10-14,9531.215100249812
2017-10-15,9531.215100249812
2017-10-16,9531.215100249812
2017-10-17,9531.215100249812
2017-10-18,9531.215100249812
2017-10-19,9531.215100249812
2017-10-20,9531.215100249812
2017-10-21,9531.215100249812
2017-10-22,9531.215100249812
2017-10-23,9531.215100249812
2017-10-24,9531.215100249812
2017-10-25,9531.215100249812
2017-10-26,9531.215100249812
2017-10-27,9531.215100249812
2017-10-28,9526.449492699689
2017-10-29,10163.205412065976
2017-10-30,10163.205412065976
2017-10-31,10163.205412065976
2017-11-01,10163.205412065976
2017-11-02,10163.205412065976
2017-11-03,10163.205412065976
2017-11-04,10163.205412065976
2017-11-05,10163.205412065976
2017-11-06,10163.205412065976
2017-11-07,10163.205412065976
2017-11-08,10163.205412065976
2017-11-09,10163.205412065976
2017-11-10,10163.205412065976
2017-11-11,10163.205412065976
2017-11-12,10158.123809359944
2017-11-13,11143.562761266841
2017-11-14,11143.562761266841
2017-11-15,11143.562761266841
2017-11-16,11143.562761266841
2017-11-17,11143.562761266841
2017-11-18,11143.562761266841
2017-11-19,11143.562761266841
2017-11-20,11143.562761266841
2017-11-21,11143.562761266841
2017-11-22,11143.562761266841
2017-11-23,11143.562761266841
2017-11-24,11143.562761266841
2017-11-25,11143.562761266841
2017-11-26,11143.562761266841
2017-11-27,11143.562761266841
2017-11-28,11143.562761266841
2017-11-29,11143.562761266841
2017-11-30,11143.562761266841
2017-12-01,11143.562761266841
2017-12-02,11143.562761266841
2017-12-03,11143.562761266841
2017-12-04,11143.562761266841
2017-12-05,11143.562761266841
2017-12-06,11143.562761266841
2017-12-07,11143.562761266841
2017-12-08,11143.562761266841
2017-12-09,11143.562761266841
2017-12-10,11143.562761266841
2017-12-11,11143.562761266841
2017-12-12,11143.562761266841
2017-12-13,11143.562761266841
2017-12-14,11143.562761266841
2017-12-15,11143.562761266841
2017-12-16,11143.562761266841
2017-12-17,11143.562761266841
2017-12-18,11143.562761266841
2017-12-19,11143.562761266841
2017-12-20,11143.562761266841
2017-12-21,11137.990979886208
2017-12-22,9654.151987486082
2017-12-23,10241.344628829724
2017-12-24,9687.801354131261
2017-12-25,9757.672473449642
2017-12-26,11102.780683312085
2017-12-27,10921.104189937938
2017-12-28,10036.745391932507
2017-12-29,10070.838533207525
2017-12-30,8826.105101869269
2017-12-31,9610.756200926446
2018-01-01,9265.73027577899
2018-01-02,10123.637382705741
2018-01-03,10270.481614131191
2018-01-04,10536.06012602293
2018-01-05,11699.710329818185
2018-01-06,11699.710329818185
2018-01-07,11699.710329818185
2018-01-08,11699.710329818185
2018-01-09,11693.860474653276
2018-01-10,11992.780861331212
2018-01-11,10666.605153149456
2018-01-12,11114.423283543882
2018-01-13,11406.620119059895
2018-01-14,11400.916809000366
2018-01-15,11434.718097184586
2018-01-16,11429.000738135996
2018-01-17,11124.700860377463
2018-01-18,11405.785422778139
2018-01-19,11536.732782194922
2018-01-20,12754.117086603675
2018-01-21,11400.246845281485
2018-01-22,10723.365539081778
2018-01-23,10661.385714909931
2018-01-24,11132.47074099732
2018-01-25,11034.034547303732
2018-01-26,10947.457163704368
2018-01-27,11208.227936626896
2018-01-28,11541.791900281003
2018-01-29,11051.80015279146
2018-01-30,9821.456809528632
2018-01-31,9932.39213262158
2018-02-01,8855.144782570282
2018-02-02,8520.80791939923
2018-02-03,8846.58101132572
2018-02-04,7935.464220374792
2018-02-05,6554.835369178549
2018-02-06,7267.406218163735
2018-02-07,7141.956934769656
2018-02-08,7721.556464755989
2018-02-09,8149.821402973934
2018-02-10,8041.761922454693
2018-02-11,7569.322374958083
2018-02-12,8276.864765981118
2018-02-13,7966.758493027587
2018-02-14,8756.74816806646
2018-02-15,9350.997213195706
2018-02-16,9350.997213195706
2018-02-17,9350.997213195706
2018-02-18,9350.997213195706
2018-02-19,9350.997213195706
2018-02-20,9350.997213195706
2018-02-21,9350.997213195706
2018-02-22,9350.997213195706
2018-02-23,9350.997213195706
2018-02-24,9350.997213195706
2018-02-25,9350.997213195706
2018-02-26,9350.997213195706
2018-02-27,9350.997213195706
2018-02-28,9350.997213195706
2018-03-01,9350.997213195706
2018-03-02,9350.997213195706
2018-03-03,9350.997213195706
2018-03-04,9350.997213195706
2018-03-05,9350.997213195706
2018-03-06,9346.321714589109
2018-03-07,8612.194858977637
2018-03-08,8104.441283489946
2018-03-09,8054.722254081644
2018-03-10,7637.325355121059
2018-03-11,8227.773293906455
2018-03-12,7900.516083298688
2018-03-13,7891.696251332745
2018-03-14,7054.923756416493
2018-03-15,7081.363381576327
2018-03-16,7113.27301037624
2018-03-17,6744.320811213579
2018-03-18,7000.74383681241
2018-03-19,7338.894512773679
2018-03-20,7575.527764266546
2018-03-21,7588.9531911954355
2018-03-22,7416.336912992069
2018-03-23,7543.6658585745845
2018-03-24,7361.811947625418
2018-03-25,7213.9695421505685
2018-03-26,6966.604582227083
2018-03-27,6639.667424694717
2018-03-28,6741.81604913765
2018-03-29,6037.7715120478415
2018-03-30,5801.337063780318
2018-03-31,5870.807873748751
2018-04-01,5760.932397310207
2018-04-02,5959.134399565326
2018-04-03,6264.381243555964
2018-04-04,5736.7652630351695
2018-04-05,5701.191186316845
2018-04-06,5552.672756046245
2018-04-07,5777.943460592204
2018-04-08,5871.183142556141
2018-04-09,5655.971326801667
2018-04-10,5709.207676149455
2018-04-11,5819.696919608867
2018-04-12,6539.168217125234
2018-04-13,6539.168217125234
2018-04-14,6539.168217125234
2018-04-15,6539.168217125234
2018-04-16,6539.168217125234
2018-04-17,6539.168217125234
2018-04-18,6539.168217125234
2018-04-19,6539.168217125234
2018-04-20,6539.168217125234
2018-04-21,6539.168217125234
2018-04-22,6539.168217125234
2018-04-23,6539.168217125234
2018-04-24,6539.168217125234
2018-04-25,6539.168217125234
2018-04-26,6539.168217125234
2018-04-27,6539.168217125234
2018-04-28,6539.168217125234
2018-04-29,6539.168217125234
2018-04-30,6539.168217125234
2018-05-01,6539.168217125234
2018-05-02,6539.168217125234
2018-05-03,6539.168217125234
2018-05-04,6539.168217125234
2018-05-05,6539.168217125234
2018-05-06,6539.168217125234
2018-05-07,6539.168217125234
2018-05-08,6535.898633016672
2018-05-09,6596.27124206672
2018-05-10,6592.973106445687
2018-05-11,6138.479209590575
2018-05-12,6184.409703715937
2018-05-13,6341.677814694749
2018-05-14,6336.477863211655
2018-05-15,6184.627502963965
2018-05-16,6080.895949197883
2018-05-17,5878.0887065023335
2018-05-18,5990.760949126632
2018-05-19,5988.008492733997
2018-05-20,6178.142657438896
2018-05-21,6109.355977513612
2018-05-22,5829.306328920875
2018-05-23,5467.49492889843
2018-05-24,5488.808769758685
2018-05-25,5410.705646872828
2018-05-26,5320.067945010824
2018-05-27,5328.9854910484655
2018-05-28,5158.323879451002
2018-05-29,5396.074181783081
2018-05-30,5348.151958050509
2018-05-31,5411.071246405038
2018-06-01,5445.102136968441
2018-06-02,5518.254908112551
2018-06-03,5573.424486245347
2018-06-04,5422.8516061197
2018-06-05,5508.261308135015
2018-06-06,5520.078107371649
2018-06-07,5520.078107371649
2018-06-08,5520.078107371649
2018-06-09,5520.078107371649
2018-06-10,5517.3180683179635
2018-06-11,5614.749380077407
2018-06-12,5344.508834395388
2018-06-13,5152.350902004305
2018-06-14,5409.878809739529
2018-06-15,5229.611509383104
2018-06-16,5304.864169052201
2018-06-17,5263.488165993796
2018-06-18,5450.874615830682
2018-06-19,5479.225477329054
2018-06-20,5484.572535474057
2018-06-21,5446.555950474912
2018-06-22,4896.861558050044
2018-06-23,4959.873787945874
2018-06-24,4968.518390791847
2018-06-25,5029.273854430777
2018-06-26,4902.537316985119
2018-06-27,4953.328712544534
2018-06-28,4744.91483654983
2018-06-29,4991.46679959696
2018-06-30,5138.347044577566
2018-07-01,5123.739158509366
2018-07-02,5303.766734889575
2018-07-03,5235.4981052938
2018-07-04,5289.707542391417
2018-07-05,5322.948695277538
2018-07-06,5347.764294398202
2018-07-07,5347.764294398202
2018-07-08,5347.764294398202
2018-07-09,5347.764294398202
2018-07-10,5347.764294398202
2018-07-11,5347.764294398202
2018-07-12,5347.764294398202
2018-07-13,5347.764294398202
2018-07-14,5345.090412251003
2018-07-15,5415.751543542864
2018-07-16,5729.040539756715
2018-07-17,5729.040539756715
2018-07-18,5729.040539756715
2018-07-19,5729.040539756715
2018-07-20,5729.040539756715
2018-07-21,5729.040539756715
2018-07-22,5729.040539756715
2018-07-23,5729.040539756715
2018-07-24,5729.040539756715
2018-07-25,5729.040539756715
2018-07-26,5729.040539756715
2018-07-27,5729.040539756715
2018-07-28,5729.040539756715
2018-07-29,5729.040539756715
2018-07-30,5729.040539756715
2018-07-31,5729.040539756715
2018-08-01,5729.040539756715
2018-08-02,5729.040539756715
2018-08-03,5729.040539756715
2018-08-04,5726.176019486837
2018-08-05,5755.112781279666
2018-08-06,5659.319675192484
2018-08-07,5495.222307389654
2018-08-08,5118.608214548639
2018-08-09,5327.317278920585
2018-08-10,5006.803091620451
2018-08-11,5095.88168852796
2018-08-12,5117.656994971072
2018-08-13,5097.283989089457
2018-08-14,5017.453863087981
2018-08-15,5104.750502451768
2018-08-16,5125.915235084113
2018-08-17,5321.126891054174
2018-08-18,5192.744658166839
2018-08-19,5258.858583006314
2018-08-20,5096.712677673255
2018-08-21,5240.280760810773
2018-08-22,5146.379494266697
2018-08-23,5143.806304519564
2018-08-24,5284.891806972459
2018-08-25,5284.891806972459
2018-08-26,5284.891806972459
2018-08-27,5284.891806972459
2018-08-28,5284.891806972459
2018-08-29,5284.891806972459
2018-08-30,5284.891806972459
2018-08-31,5284.891806972459
2018-09-01,5284.891806972459
2018-09-02,5284.891806972459
2018-09-03,5284.891806972459
2018-09-04,5284.891806972459
2018-09-05,5284.891806972459
2018-09-06,5282.249361068973
2018-09-07,5231.768498272805
2018-09-08,5033.001774225097
2018-09-09,5093.172587697934
2018-09-10,5116.431895776833
2018-09-11,5109.556546779448
2018-09-12,5134.231168140773
2018-09-13,5266.301648590949
2018-09-14,5262.583234829354
2018-09-15,5287.163319409405
2018-09-16,5266.096203300265
2018-09-17,5071.878794855573
2018-09-18,5144.114641183033
2018-09-19,5166.061212594719
2018-09-20,5262.945027247715
2018-09-21,5431.289090704836
2018-09-22,5431.289090704836
2018-09-23,5431.289090704836
2018-09-24,5431.289090704836
2018-09-25,5431.289090704836
2018-09-26,5431.289090704836
2018-09-27,5431.289090704836
2018-09-28,5431.289090704836
2018-09-29,5431.289090704836
2018-09-30,5431.289090704836
2018-10-01,5431.289090704836
2018-10-02,5431.289090704836
2018-10-03,5431.289090704836
2018-10-04,5431.289090704836
2018-10-05,5428.573446159484
2018-10-06,5400.491197685822
2018-10-07,5412.478522690815
2018-10-08,5450.017229799985
2018-10-09,5450.017229799985
2018-10-10,5450.017229799985
2018-10-11,5447.2922211850855
2018-10-12,5463.237316085223
2018-10-13,5473.163045093276
2018-10-14,5477.462524657153
2018-10-15,5734.554533026267
2018-10-16,5734.554533026267
2018-10-17,5734.554533026267
2018-10-18,5731.6872557597535
2018-10-19,5721.678545843457
2018-10-20,5742.684279458873
2018-10-21,5736.628087719234
2018-10-22,5740.883224259847
2018-10-23,5730.768133824899
2018-10-24,5748.527927528017
2018-10-25,5728.326873850978
2018-10-26,5728.326873850978
2018-10-27,5728.326873850978
2018-10-28,5728.326873850978
2018-10-29,5725.462710414053
2018-10-30,5726.945400219461
2018-10-31,5711.862762503238
2018-11-01,5766.006025389347
2018-11-02,5775.635585395668
2018-11-03,5751.010216660676
2018-11-04,5764.438122547192
2018-11-05,5803.658605992058
2018-11-06,5840.92061831381
2018-11-07,5900.16383470135
2018-11-08,5897.2137527840005
2018-11-09,5834.655305360849
2018-11-10,5856.179386565858
2018-11-11,5858.052017618222
2018-11-12,5818.46003654015
2018-11-13,5818.46003654015
2018-11-14,5815.55080652188
2018-11-15,5723.287349865136
2018-11-16,5649.366277055108
2018-11-17,5627.824597510803
2018-11-18,5697.517033375378
2018-11-19,4879.573098163007
2018-11-20,4440.042456300529
2018-11-21,4587.468096269928
2018-11-22,4345.734160719873
2018-11-23,4326.950693853936
2018-11-24,3835.92741273254
2018-11-25,3961.564543749249
2018-11-26,3726.683543241117
2018-11-27,3767.4724131188477
2018-11-28,4175.2050270666805
2018-11-29,4196.165313101071
2018-11-30,3931.465757539635
2018-12-01,4120.0563369455585
2018-12-02,4046.2849169374895
2018-12-03,3798.6693146864627
2018-12-04,3859.4055221620124
2018-12-05,3656.2512366437104
2018-12-06,3422.080708364106
2018-12-07,3322.3210697587247
2018-12-08,3376.4516906404856
2018-12-09,3508.01453723487
2018-12-10,3398.008454573498
2018-12-11,3321.4162306007465
2018-12-12,3381.3554138799086
2018-12-13,3209.0112402826335
2018-12-14,3139.31615557544
2018-12-15,3133.7702129931076
2018-12-16,3149.297502994243
2018-12-17,3420.936621003951
2018-12-18,3562.8544325943285
2018-12-19,3610.626252974141
2018-12-20,3965.1059531531287
2018-12-21,3965.1059531531287
2018-12-22,3965.1059531531287
2018-12-23,3965.1059531531287
2018-12-24,3965.1059531531287
2018-12-25,3965.1059531531287
2018-12-26,3965.1059531531287
2018-12-27,3965.1059531531287
2018-12-28,3965.1059531531287
2018-12-29,3965.1059531531287
2018-12-30,3965.1059531531287
2018-12-31,3965.1059531531287
2019-01-01,3965.1059531531287
2019-01-02,3965.1059531531287
2019-01-03,3963.1234001765524
2019-01-04,3984.7316631851677
2019-01-05,3971.7753589919007
2019-01-06,4201.928179425484
2019-01-07,4199.827215335771
2019-01-08,4203.565711567549
2019-01-09,4203.565711567549
2019-01-10,4203.565711567549
2019-01-11,4201.463928711766
2019-01-12,4171.660067350475
2019-01-13,4046.3457693025
2019-01-14,4217.053415698017
2019-01-15,4130.3990263401265
2019-01-16,4157.987206345706
2019-01-17,4184.7001351960635
2019-01-18,4161.057349334457
2019-01-19,4240.748709065637
2019-01-20,4093.132653620946
2019-01-21,4064.6385402625433
2019-01-22,4096.95457317791
2019-01-23,4074.783199486745
2019-01-24,4092.636581345185
2019-01-25,4091.386607177361
2019-01-26,4094.4480409259486
2019-01-27,4071.3262350664313
2019-01-28,4069.290571948898
2019-01-29,4043.0187165956927
2019-01-30,4087.4061416327017
2019-01-31,4053.9850285748935
2019-02-01,4089.183277378675
2019-02-02,4127.823925310543
2019-02-03,4060.3982403598834
2019-02-04,4054.6982479806247
2019-02-05,4063.1330037019475
2019-02-06,4001.017070675457
2019-02-07,3984.2264692502727
2019-02-08,4283.816139763726
2019-02-09,4283.816139763726
2019-02-10,4283.816139763726
2019-02-11,4283.816139763726
2019-02-12,4283.816139763726
2019-02-13,4283.816139763726
2019-02-14,4283.816139763726
2019-02-15,4283.816139763726
2019-02-16,4283.816139763726
2019-02-17,4283.816139763726
2019-02-18,4283.816139763726
2019-02-19,4283.816139763726
2019-02-20,4283.816139763726
2019-02-21,4283.816139763726
2019-02-22,4283.816139763726
2019-02-23,4283.816139763726
2019-02-24,4283.816139763726
2019-02-25,4283.816139763726
2019-02-26,4283.816139763726
2019-02-27,4283.816139763726
2019-02-28,4283.816139763726
2019-03-01,4283.816139763726
2019-03-02,4283.816139763726
2019-03-03,4283.816139763726
2019-03-04,4281.674231693844
2019-03-05,4432.447532488916
2019-03-06,4441.047982250906
2019-03-07,4449.619049534641
2019-03-08,4437.82633669278
2019-03-09,4508.005282348856
2019-03-10,4492.407807737441
2019-03-11,4492.407807737441
2019-03-12,4492.407807737441
2019-03-13,4492.407807737441
2019-03-14,4492.407807737441
2019-03-15,4492.407807737441
2019-03-16,4492.407807737441
2019-03-17,4492.407807737441
2019-03-18,4492.407807737441
2019-03-19,4492.407807737441
2019-03-20,4492.407807737441
2019-03-21,4492.407807737441
2019-03-22,4492.407807737441
2019-03-23,4492.407807737441
2019-03-24,4492.407807737441
2019-03-25,4492.407807737441
2019-03-26,4492.407807737441
2019-03-27,4492.407807737441
2019-03-28,4492.407807737441
2019-03-29,4492.407807737441
2019-03-30,4492.407807737441
2019-03-31,4492.407807737441
2019-04-01,4492.407807737441
2019-04-02,4492.407807737441
2019-04-03,4492.407807737441
2019-04-04,4492.407807737441
2019-04-05,4492.407807737441
2019-04-06,4492.407807737441
2019-04-07,4492.407807737441
2019-04-08,4492.407807737441
2019-04-09,4492.407807737441
2019-04-10,4492.407807737441
2019-04-11,4492.407807737441
2019-04-12,4492.407807737441
2019-04-13,4492.407807737441
2019-04-14,4492.407807737441
2019-04-15,4492.407807737441
2019-04-16,4492.407807737441
2019-04-17,4492.407807737441
2019-04-18,4492.407807737441
2019-04-19,4492.407807737441
2019-04-20,4492.407807737441
2019-04-21,4492.407807737441
2019-04-22,4492.407807737441
2019-04-23,4492.407807737441
2019-04-24,4492.407807737441
2019-04-25,4492.407807737441
2019-04-26,4492.407807737441
2019-04-27,4492.407807737441
2019-04-28,4492.407807737441
2019-04-29,4492.407807737441
2019-04-30,4492.407807737441
2019-05-01,4492.407807737441
2019-05-02,4492.407807737441
2019-05-03,4492.407807737441
2019-05-04,4492.407807737441
2019-05-05,4492.407807737441
2019-05-06,4492.407807737441
2019-05-07,4492.407807737441
2019-05-08,4492.407807737441
2019-05-09,4492.407807737441
2019-05-10,4492.407807737441
2019-05-11,4492.407807737441
2019-05-12,4492.407807737441
2019-05-13,4492.407807737441
2019-05-14,4492.407807737441
2019-05-15,4492.407807737441
2019-05-16,4492.407807737441
2019-05-17,4492.407807737441
2019-05-18,4492.407807737441
2019-05-19,4492.407807737441
2019-05-20,4492.407807737441
2019-05-21,4492.407807737441
2019-05-22,4492.407807737441
2019-05-23,4492.407807737441
2019-05-24,4492.407807737441
2019-05-25,4492.407807737441
2019-05-26,4492.407807737441
2019-05-27,4492.407807737441
2019-05-28,4492.407807737441
2019-05-29,4492.407807737441
2019-05-30,4492.407807737441
2019-05-31,4492.407807737441
2019-06-01,4492.407807737441
2019-06-02,4492.407807737441
2019-06-03,4492.407807737441
2019-06-04,4490.161603833572
2019-06-05,4555.253112713578
2019-06-06,4552.975486157222
2019-06-07,4678.078181273906
2019-06-08,4675.739142183269
2019-06-09,4516.668982495207
2019-06-10,4696.486757200998
2019-06-11,4653.66431766952
2019-06-12,4779.986824179867
2019-06-13,4829.6449287716605
2019-06-14,5091.487340061331
2019-06-15,5091.487340061331
2019-06-16,5091.487340061331
2019-06-17,5091.487340061331
2019-06-18,5091.487340061331
2019-06-19,5091.487340061331
2019-06-20,5091.487340061331
2019-06-21,5091.487340061331
2019-06-22,5091.487340061331
2019-06-23,5091.487340061331
2019-06-24,5091.487340061331
2019-06-25,5091.487340061331
2019-06-26,5091.487340061331
2019-06-27,5091.487340061331
2019-06-28,5091.487340061331
2019-06-29,5091.487340061331
2019-06-30,5091.487340061331
2019-07-01,5091.487340061331
2019-07-02,5091.487340061331
2019-07-03,5091.487340061331
2019-07-04,5091.487340061331
2019-07-05,5091.487340061331
2019-07-06,5091.487340061331
2019-07-07,5091.487340061331
2019-07-08,5091.487340061331
2019-07-09,5091.487340061331
2019-07-10,5088.941596391301
2019-07-11,4740.937296311681
2019-07-12,4738.566827663525
2019-07-13,4565.56756550904
2019-07-14,4085.8359808433543
2019-07-15,4330.755704305785
2019-07-16,4328.590326453633
2019-07-17,4426.205573959263
2019-07-18,4849.437372722227
2019-07-19,4787.323540484963
2019-07-20,4893.606868903173
2019-07-21,4816.634039567931
2019-07-22,4698.870449125356
2019-07-23,4493.492376498512
2019-07-24,4452.989271967564
2019-07-25,4498.105272230674
2019-07-26,4479.215212213566
2019-07-27,4297.398032301182
2019-07-28,4331.35306926262
2019-07-29,4316.039415822217
2019-07-30,4353.722876193943
2019-07-31,4353.722876193943
2019-08-01,4351.546014755846
2019-08-02,4400.852169197129
2019-08-03,4523.86099320713
2019-08-04,4523.86099320713
2019-08-05,4523.86099320713
2019-08-06,4523.86099320713
2019-08-07,4523.86099320713
2019-08-08,4523.86099320713
2019-08-09,4523.86099320713
2019-08-10,4523.86099320713
2019-08-11,4523.86099320713
2019-08-12,4523.86099320713
2019-08-13,4523.86099320713
2019-08-14,4521.5990627105275
2019-08-15,4636.99952182759
2019-08-16,4665.151265270784
2019-08-17,4600.584254877141
2019-08-18,4651.5890992972445
2019-08-19,4901.160174455472
2019-08-20,4832.060664650844
2019-08-21,4542.908860151319
2019-08-22,4539.773670517565
2019-08-23,4662.192475997736
2019-08-24,4549.755471074888
2019-08-25,4540.142723217736
2019-08-26,4642.996621418988
2019-08-27,4559.27882722431
2019-08-28,4362.115858473368
2019-08-29,4251.510569661785
2019-08-30,4290.658167665983
2019-08-31,4305.157704554094
2019-09-01,4361.69423205428
2019-09-02,4617.241709496825
2019-09-03,4739.131342202316
2019-09-04,4723.78630039907
2019-09-05,4723.78630039907
2019-09-06,4721.42440724887
2019-09-07,4793.245095792961
2019-09-08,4793.245095792961
2019-09-09,4790.848473245065
2019-09-10,4688.238938323938
2019-09-11,4714.723589740469
2019-09-12,4714.723589740469
2019-09-13,4714.723589740469
2019-09-14,4714.723589740469
2019-09-15,4714.723589740469
2019-09-16,4712.366227945599
2019-09-17,4696.049835625501
2019-09-18,4676.279793474002
2019-09-19,4707.432918815915
2019-09-20,4668.400597682221
2019-09-21,4593.559487503922
2019-09-22,4616.733349338752
2019-09-23,4457.662645440483
2019-09-24,3918.313773633121
2019-09-25,3857.1253255149736
2019-09-26,3686.132206269673
2019-09-27,3745.972405862503
2019-09-28,3743.2791791597133
2019-09-29,3678.3809428056347
2019-09-30,3763.48324318859
2019-10-01,3785.836537149502
2019-10-02,3808.3510558928415
2019-10-03,3747.495941992572
2019-10-04,3722.8920343896025
2019-10-05,3698.111734100834
2019-10-06,3623.2541700342563
2019-10-07,3738.193230741169
2019-10-08,3730.550999405788
2019-10-09,3891.444456745395
2019-10-10,3891.444456745395
2019-10-11,3891.444456745395
2019-10-12,3891.444456745395
2019-10-13,3891.444456745395
2019-10-14,3891.444456745395
2019-10-15,3889.4987345170225
2019-10-16,3813.949531389302
2019-10-17,3840.578449743285
2019-10-18,3778.130874289637
2019-10-19,3785.398961918589
2019-10-20,3892.5727053623395
2019-10-21,3890.6264190096585
2019-10-22,3811.7154836617688
2019-10-23,3536.082322125625
2019-10-24,3526.100385459164
2019-10-25,4034.7794841289574
2019-10-26,4034.7794841289574
2019-10-27,4034.7794841289574
2019-10-28,4034.7794841289574
2019-10-29,4034.7794841289574
2019-10-30,4034.7794841289574
2019-10-31,4034.7794841289574
2019-11-01,4034.7794841289574
2019-11-02,4034.7794841289574
2019-11-03,4034.7794841289574
2019-11-04,4034.7794841289574
2019-11-05,4034.7794841289574
2019-11-06,4034.7794841289574
2019-11-07,4034.7794841289574
2019-11-08,4034.7794841289574
2019-11-09,4032.7620943868933
2019-11-10,4141.974435130406
2019-11-11,4003.50057460437
2019-11-12,4029.8698442871614
2019-11-13,4026.4859581575497
2019-11-14,3980.4342241731956
2019-11-15,3880.408310077246
2019-11-16,3907.1700536535127
2019-11-17,3919.585810420891
2019-11-18,3794.847973306289
2019-11-19,3747.4488996643586
2019-11-20,3664.8586051936886
2019-11-21,3484.9625406271207
2019-11-22,3323.4273313996737
2019-11-23,3369.2135747466186
2019-11-24,3205.9747551482405
2019-11-25,3250.343427891218
2019-11-26,3283.0348474401044
2019-11-27,3422.519922577368
2019-11-28,3391.223483485117
2019-11-29,3524.0607938114817
2019-11-30,3435.964869454037
2019-12-01,3369.3525665250863
2019-12-02,3322.601192110006
2019-12-03,3321.7648657465456
2019-12-04,3290.7125675118623
2019-12-05,3378.5902823792603
2019-12-06,3421.3728282000466
2019-12-07,3421.3728282000466
2019-12-08,3421.3728282000466
2019-12-09,3421.3728282000466
2019-12-10,3421.3728282000466
2019-12-11,3419.662141785947
2019-12-12,3431.8206536125854
2019-12-13,3444.377269439789
2019-12-14,3374.9766628613984
2019-12-15,3388.038775879553
2019-12-16,3282.2759011078583
2019-12-17,3141.04567461609
2019-12-18,3426.8872374510165
2019-12-19,3425.1737938322913
2019-12-20,3432.76064182067
2019-12-21,3419.58332112432
2019-12-22,3568.659024433566
2019-12-23,3493.784208104452
2019-12-24,3476.2817796435447
2019-12-25,3476.2817796435447
2019-12-26,3474.543638753723
2019-12-27,3497.2573582099817
2019-12-28,3497.2573582099817
2019-12-29,3497.2573582099817
2019-12-30,3497.2573582099817
2019-12-31,3497.2573582099817
2020-01-01,3495.5087295308767
2020-01-02,3389.6894451021703
2020-01-03,3558.061238102684
2020-01-04,3558.061238102684
2020-01-05,3556.2822074836326
2020-01-06,3722.223553188889
2020-01-07,3722.223553188889
2020-01-08,3722.223553188889
2020-01-09,3722.223553188889
2020-01-10,3722.223553188889
2020-01-11,3722.223553188889
2020-01-12,3722.223553188889
2020-01-13,3722.223553188889
2020-01-14,3722.223553188889
2020-01-15,3722.223553188889
2020-01-16,3722.223553188889
2020-01-17,3722.223553188889
2020-01-18,3722.223553188889
2020-01-19,3722.223553188889
2020-01-20,3722.223553188889
2020-01-21,3722.223553188889
2020-01-22,3722.223553188889
2020-01-23,3722.223553188889
2020-01-24,3722.223553188889
2020-01-25,3722.223553188889
2020-01-26,3722.223553188889
2020-01-27,3722.223553188889
2020-01-28,3722.223553188889
2020-01-29,3722.223553188889
2020-01-30,3722.223553188889
2020-01-31,3722.223553188889
2020-02-01,3722.223553188889
2020-02-02,3722.223553188889
2020-02-03,3722.223553188889
2020-02-04,3722.223553188889
2020-02-05,3722.223553188889
2020-02-06,3722.223553188889
2020-02-07,3722.223553188889
2020-02-08,3722.223553188889
2020-02-09,3722.223553188889
2020-02-10,3722.223553188889
2020-02-11,3722.223553188889
2020-02-12,3722.223553188889
2020-02-13,3722.223553188889
2020-02-14,3722.223553188889
2020-02-15,3722.223553188889
2020-02-16,3722.223553188889
2020-02-17,3722.223553188889
2020-02-18,3722.223553188889
2020-02-19,3722.223553188889
2020-02-20,3720.362441412295
2020-02-21,3750.428669570298
2020-02-22,3741.4120459747137
2020-02-23,3841.2518713934624
2020-02-24,3733.573928920691
2020-02-25,3612.2804258244714
2020-02-26,3404.9077584393935
2020-02-27,3390.971585428331
2020-02-28,3347.444335711529
2020-02-29,3319.16902250858
2020-03-01,3304.8360510656266
2020-03-02,3421.3339660898864
2020-03-03,3389.6018982119326
2020-03-04,3377.0273440248757
2020-03-05,3499.562247671068
2020-03-06,3516.3986569309627
2020-03-07,3433.4825725233827
2020-03-08,3109.6930499667833
2020-03-09,3038.125662067238
2020-03-10,3032.785593919295
2020-03-11,3033.4376079095528
2020-03-12,1623.707616503485
2020-03-13,1806.6770937606427
2020-03-14,1684.662126343434
2020-03-15,1745.7239393481877
2020-03-16,1618.9057230300482
2020-03-17,1685.6783405869044
2020-03-18,1689.8052256938315
2020-03-19,1972.1789860468634
2020-03-20,1974.5938206234605
2020-03-21,1970.2211120762724
2020-03-22,1853.8263124236844
2020-03-23,2031.391798671097
2020-03-24,2129.8019823566024
2020-03-25,2112.738946115216
2020-03-26,2122.8403975680903
2020-03-27,2122.8403975680903
2020-03-28,2122.8403975680903
2020-03-29,2122.8403975680903
2020-03-30,2122.8403975680903
2020-03-31,2122.8403975680903
2020-04-01,2122.8403975680903
2020-04-02,2122.8403975680903
2020-04-03,2122.8403975680903
2020-04-04,2122.8403975680903
2020-04-05,2122.8403975680903
2020-04-06,2122.8403975680903
2020-04-07,2122.8403975680903
2020-04-08,2122.8403975680903
2020-04-09,2122.8403975680903
2020-04-10,2122.8403975680903
2020-04-11,2122.8403975680903
2020-04-12,2122.8403975680903
2020-04-13,2122.8403975680903
2020-04-14,2122.8403975680903
2020-04-15,2122.8403975680903
2020-04-16,2122.8403975680903
2020-04-17,2122.8403975680903
2020-04-18,2122.8403975680903
2020-04-19,2122.8403975680903
2020-04-20,2121.7789773693066
2020-04-21,2121.2747517702014
2020-04-22,2193.079504297432
2020-04-23,2286.226931468599
2020-04-24,2286.226931468599
2020-04-25,2286.226931468599
2020-04-26,2286.226931468599
2020-04-27,2286.226931468599
2020-04-28,2286.226931468599
2020-04-29,2286.226931468599
2020-04-30,2286.226931468599
2020-05-01,2286.226931468599
2020-05-02,2286.226931468599
2020-05-03,2286.226931468599
2020-05-04,2286.226931468599
2020-05-05,2286.226931468599
2020-05-06,2286.226931468599
2020-05-07,2286.226931468599
2020-05-08,2286.226931468599
2020-05-09,2286.226931468599
2020-05-10,2286.226931468599
2020-05-11,2286.226931468599
2020-05-12,2286.226931468599
2020-05-13,2286.226931468599
2020-05-14,2286.226931468599
2020-05-15,2286.226931468599
2020-05-16,2286.226931468599
2020-05-17,2286.226931468599
2020-05-18,2286.226931468599
2020-05-19,2286.226931468599
2020-05-20,2286.226931468599
2020-05-21,2285.083818002865
2020-05-22,2310.310468512203
2020-05-23,2317.020864466118
2020-05-24,2207.991482730913
2020-05-25,2207.991482730913
2020-05-26,2207.991482730913
2020-05-27,2206.8874869895476
2020-05-28,2288.2349372629615
2020-05-29,2266.1864690651782
2020-05-30,2266.1864690651782
2020-05-31,2265.0533758306456
2020-06-01,2426.980493283586
2020-06-02,2425.767003036944
2020-06-03,2456.6462771045844
2020-06-04,2456.6462771045844
2020-06-05,2456.6462771045844
2020-06-06,2456.6462771045844
2020-06-07,2456.6462771045844
2020-06-08,2456.6462771045844
2020-06-09,2456.6462771045844
2020-06-10,2456.6462771045844
2020-06-11,2455.417953966032
2020-06-12,2495.7348948010012
2020-06-13,2494.4870273536008
2020-06-14,2471.0816451684927
2020-06-15,2487.850065037789
2020-06-16,2509.4877413501904
2020-06-17,2508.2329974795152
2020-06-18,2490.066758872394
2020-06-19,2457.0900174152152
2020-06-20,2468.7873214148512
2020-06-21,2461.1803922460736
2020-06-22,2550.8175649194777
2020-06-23,2545.7738306721417
2020-06-24,2460.8190074963854
2020-06-25,2447.892124704771
2020-06-26,2420.8207780224684
2020-06-27,2389.569485737085
2020-06-28,2415.369454972971
2020-06-29,2427.824783074614
2020-06-30,2413.82080413118
2020-07-01,2437.565039666677
2020-07-02,2409.694104020359
2020-07-03,2400.13867384547
2020-07-04,2412.0432506974753
2020-07-05,2396.5305202190784
2020-07-06,2474.873975392829
2020-07-07,2442.137641684649
2020-07-08,2486.949854055835
2020-07-09,2486.949854055835
2020-07-10,2486.949854055835
2020-07-11,2486.949854055835
2020-07-12,2486.949854055835
2020-07-13,2486.949854055835
2020-07-14,2486.949854055835
2020-07-15,2485.7063791288074
2020-07-16,2468.02072871783
2020-07-17,2468.02072871783
2020-07-18,2468.02072871783
2020-07-19,2468.02072871783
2020-07-20,2466.7867183534713
2020-07-21,2521.614931991205
2020-07-22,2521.614931991205
2020-07-23,2521.614931991205
2020-07-24,2521.614931991205
2020-07-25,2521.614931991205
2020-07-26,2521.614931991205
2020-07-27,2521.614931991205
2020-07-28,2521.614931991205
2020-07-29,2521.614931991205
2020-07-30,2521.614931991205
2020-07-31,2521.614931991205
2020-08-01,2521.614931991205
2020-08-02,2521.614931991205
2020-08-03,2521.614931991205
2020-08-04,2521.614931991205
2020-08-05,2521.614931991205
2020-08-06,2521.614931991205
2020-08-07,2521.614931991205
2020-08-08,2521.614931991205
2020-08-09,2521.614931991205
2020-08-10,2521.614931991205
2020-08-11,2521.614931991205
2020-08-12,2521.614931991205
2020-08-13,2521.614931991205
2020-08-14,2521.614931991205
2020-08-15,2521.614931991205
2020-08-16,2521.614931991205
2020-08-17,2521.614931991205
2020-08-18,2521.614931991205
2020-08-19,2521.614931991205
2020-08-20,2521.614931991205
2020-08-21,2520.3541245252095
2020-08-22,2539.702432702492
2020-08-23,2536.0087239558225
2020-08-24,2559.7570727499015
2020-08-25,2469.3822782546217
2020-08-26,2495.7956177630367
2020-08-27,2459.6977335667493
2020-08-28,2506.837148460799
2020-08-29,2499.0859045971083
2020-08-30,2543.1396190079136
2020-08-31,2536.467544227765
2020-09-01,2598.599046833228
2020-09-02,2474.9061782201925
2020-09-03,2207.554666430846
2020-09-04,2264.2467871012655
2020-09-05,2189.300111724937
2020-09-06,2213.020713289168
2020-09-07,2232.142248812156
2020-09-08,2180.3031879620435
2020-09-09,2204.0245284445327
2020-09-10,2229.865162012658
2020-09-11,2237.978827990384
2020-09-12,2246.838347225377
2020-09-13,2221.2134533657786
2020-09-14,2296.742820270081
2020-09-15,2321.5763766877562
2020-09-16,2359.5284217856592
2020-09-17,2352.7705157087967
2020-09-18,2352.7705157087967
2020-09-19,2352.7705157087967
2020-09-20,2352.7705157087967
2020-09-21,2352.7705157087967
2020-09-22,2352.7705157087967
2020-09-23,2352.7705157087967
2020-09-24,2352.7705157087967
2020-09-25,2352.7705157087967
2020-09-26,2352.7705157087967
2020-09-27,2352.7705157087967
2020-09-28,2352.7705157087967
2020-09-29,2352.7705157087967
2020-09-30,2351.5941304509424
2020-10-01,2315.32860909571
2020-10-02,2305.8298684112765
2020-10-03,2300.0131434831665
2020-10-04,2326.0831441233113
2020-10-05,2351.7451424040087
2020-10-06,2351.7451424040087
2020-10-07,2351.7451424040087
2020-10-08,2351.7451424040087
2020-10-09,2351.7451424040087
2020-10-10,2351.7451424040087
2020-10-11,2351.7451424040087
2020-10-12,2351.7451424040087
2020-10-13,2351.7451424040087
2020-10-14,2351.7451424040087
2020-10-15,2351.7451424040087
2020-10-16,2351.7451424040087
2020-10-17,2351.7451424040087
2020-10-18,2351.7451424040087
2020-10-19,2351.7451424040087
2020-10-20,2351.7451424040087
2020-10-21,2351.7451424040087
2020-10-22,2351.7451424040087
2020-10-23,2351.7451424040087
2020-10-24,2351.7451424040087
2020-10-25,2351.7451424040087
2020-10-26,2351.7451424040087
2020-10-27,2351.7451424040087
2020-10-28,2351.7451424040087
2020-10-29,2351.7451424040087
2020-10-30,2351.7451424040087
2020-10-31,2351.7451424040087
2020-11-01,2351.7451424040087
2020-11-02,2351.7451424040087
2020-11-03,2351.7451424040087
2020-11-04,2351.7451424040087
2020-11-05,2351.7451424040087
2020-11-06,2351.7451424040087
2020-11-07,2351.7451424040087
2020-11-08,2351.7451424040087
2020-11-09,2351.7451424040087
2020-11-10,2351.7451424040087
2020-11-11,2351.7451424040087
2020-11-12,2351.7451424040087
2020-11-13,2351.7451424040087
2020-11-14,2351.7451424040087
2020-11-15,2351.7451424040087
2020-11-16,2351.7451424040087
2020-11-17,2351.7451424040087
2020-11-18,2351.7451424040087
2020-11-19,2351.7451424040087
2020-11-20,2351.7451424040087
2020-11-21,2351.7451424040087
2020-11-22,2351.7451424040087
2020-11-23,2351.7451424040087
2020-11-24,2351.7451424040087
2020-11-25,2351.7451424040087
2020-11-26,2351.7451424040087
2020-11-27,2351.7451424040087
2020-11-28,2351.7451424040087
2020-11-29,2351.7451424040087
2020-11-30,2351.7451424040087
2020-12-01,2351.7451424040087
2020-12-02,2351.7451424040087
2020-12-03,2351.7451424040087
2020-12-04,2351.7451424040087
2020-12-05,2351.7451424040087
2020-12-06,2351.7451424040087
2020-12-07,2351.7451424040087
2020-12-08,2350.5692698328066
2020-12-09,2380.245303307312
2020-12-10,2341.6980869829877
2020-12-11,2341.6980869829877
2020-12-12,2341.6980869829877
2020-12-13,2341.6980869829877
2020-12-14,2340.5272379394964
2020-12-15,2359.991433370413
2020-12-16,2359.991433370413
2020-12-17,2359.991433370413
2020-12-18,2359.991433370413
2020-12-19,2359.991433370413
2020-12-20,2359.991433370413
2020-12-21,2359.991433370413
2020-12-22,2359.991433370413
2020-12-23,2359.991433370413
2020-12-24,2359.991433370413
2020-12-25,2359.991433370413
2020-12-26,2359.991433370413
2020-12-27,2359.991433370413
2020-12-28,2359.991433370413
2020-12-29,2359.991433370413
2020-12-30,2359.991433370413
2020-12-31,2359.991433370413
2021-01-01,2359.991433370413
2021-01-02,2359.991433370413
2021-01-03,2359.991433370413
2021-01-04,2359.991433370413
2021-01-05,2359.991433370413
2021-01-06,2359.991433370413
2021-01-07,2359.991433370413
2021-01-08,2359.991433370413
2021-01-09,2359.991433370413
2021-01-10,2359.991433370413
2021-01-11,2359.991433370413
2021-01-12,2359.991433370413
2021-01-13,2359.991433370413
2021-01-14,2359.991433370413
2021-01-15,2359.991433370413
2021-01-16,2359.991433370413
2021-01-17,2359.991433370413
2021-01-18,2359.991433370413
2021-01-19,2359.991433370413
2021-01-20,2358.811437653728
2021-01-21,2022.6144524919737
2021-01-22,2160.8265981300005
2021-01-23,2098.5199380577233
2021-01-24,2112.9805186154686
2021-01-25,2118.014205835115
2021-01-26,2131.2864950240537
2021-01-27,1986.6268196886704
2021-01-28,2175.3966157188565
2021-01-29,2229.977470929346
2021-01-30,2226.930078908842
2021-01-31,2150.569930574163
2021-02-01,2177.855377038491
2021-02-02,2302.3588801212445
2021-02-03,2425.014511803289
2021-02-04,2425.014511803289
2021-02-05,2425.014511803289
2021-02-06,2425.014511803289
2021-02-07,2425.014511803289
2021-02-08,2425.014511803289
2021-02-09,2425.014511803289
2021-02-10,2425.014511803289
2021-02-11,2425.014511803289
2021-02-12,2425.014511803289
2021-02-13,2425.014511803289
2021-02-14,2425.014511803289
2021-02-15,2425.014511803289
2021-02-16,2425.014511803289
2021-02-17,2425.014511803289
2021-02-18,2425.014511803289
2021-02-19,2425.014511803289
2021-02-20,2425.014511803289
2021-02-21,2425.014511803289
2021-02-22,2425.014511803289
2021-02-23,2425.014511803289
2021-02-24,2425.014511803289
2021-02-25,2423.8020045473877
2021-02-26,2384.6768096974292
2021-02-27,2376.877622890269
2021-02-28,2322.184536046693
2021-03-01,2541.40145074324
2021-03-02,2540.130750017868
2021-03-03,2651.044867524304
2021-03-04,2545.2519470855086
2021-03-05,2564.370403915214
2021-03-06,2563.5882016025253
2021-03-07,2681.102119215873
2021-03-08,2735.000681130471
2021-03-09,2865.342171683596
2021-03-10,2865.342171683596
2021-03-11,2865.342171683596
2021-03-12,2865.342171683596
2021-03-13,2865.342171683596
2021-03-14,2865.342171683596
2021-03-15,2865.342171683596
2021-03-16,2865.342171683596
2021-03-17,2865.342171683596
2021-03-18,2865.342171683596
2021-03-19,2865.342171683596
2021-03-20,2865.342171683596
2021-03-21,2865.342171683596
2021-03-22,2865.342171683596
2021-03-23,2863.9095005977542
2021-03-24,2759.2285742347726
2021-03-25,2702.7045823785998
2021-03-26,2876.4571878683532
2021-03-27,2919.753359630123
2021-03-28,2918.5655918969505
2021-03-29,3009.4935886988233
2021-03-30,3009.4935886988233
2021-03-31,3009.4935886988233
2021-04-01,3009.4935886988233
2021-04-02,3009.4935886988233
2021-04-03,3007.988841904474
2021-04-04,3066.183328574976
2021-04-05,3066.183328574976
2021-04-06,3066.183328574976
2021-04-07,3066.183328574976
2021-04-08,3066.183328574976
2021-04-09,3066.183328574976
2021-04-10,3066.183328574976
2021-04-11,3066.183328574976
2021-04-12,3066.183328574976
2021-04-13,3066.183328574976
2021-04-14,3066.183328574976
2021-04-15,3066.183328574976
2021-04-16,3066.183328574976
2021-04-17,3066.183328574976
2021-04-18,3064.6502369106884
2021-04-19,3037.71508997513
2021-04-20,3078.2609938365526
2021-04-21,2935.061075691944
2021-04-22,2815.950768328435
2021-04-23,2779.3397400427634
2021-04-24,2722.028539531026
2021-04-25,2664.504663647668
2021-04-26,2924.2397970324837
2021-04-27,2978.479530055037
2021-04-28,2967.1784180925615
2021-04-29,2897.6583955756782
2021-04-30,3116.1858474292394
2021-05-01,3120.385133346831
2021-05-02,3053.558816831247
2021-05-03,3053.558816831247
2021-05-04,3052.0320374228313
2021-05-05,3276.0422967964287
2021-05-06,3276.0422967964287
2021-05-07,3276.0422967964287
2021-05-08,3276.0422967964287
2021-05-09,3276.0422967964287
2021-05-10,3276.0422967964287
2021-05-11,3276.0422967964287
2021-05-12,3274.4042756480308
2021-05-13,3311.8730483776512
2021-05-14,3322.802847961934
2021-05-15,3108.1540930099973
2021-05-16,3087.872588477044
2021-05-17,2887.5191113501173
2021-05-18,2845.557873955873
2021-05-19,2424.1106166541786
2021-05-20,2659.916015975476
2021-05-21,2422.8115895101732
2021-05-22,2437.8287510076634
2021-05-23,2251.2235749160386
2021-05-24,2492.6052524601214
2021-05-25,2472.9665576156694
2021-05-26,2529.749741981137
2021-05-27,2473.9505938565903
2021-05-28,2291.03630690015
2021-05-29,2220.5509905701865
2021-05-30,2287.6559173297546
2021-05-31,2391.3688966541754
2021-06-01,2349.501160172249
2021-06-02,2404.6622519666143
2021-06-03,2403.459920840631
2021-06-04,2257.232488475672
2021-06-05,2173.5687473588996
2021-06-06,2191.378099921634
2021-06-07,2190.2824108716736
2021-06-08,2184.5268413704553
2021-06-09,2423.675956459172
2021-06-10,2381.6136831361987
2021-06-11,2421.071254588143
2021-06-12,2421.071254588143
2021-06-13,2421.071254588143
2021-06-14,2421.071254588143
2021-06-15,2421.071254588143
2021-06-16,2421.071254588143
2021-06-17,2419.8607189608488
2021-06-18,2271.277419870301
2021-06-19,2259.2391502789314
2021-06-20,2258.109530703792
2021-06-21,1988.2162243710593
2021-06-22,2039.5779087530047
2021-06-23,2114.566407178691
2021-06-24,2172.665599111388
2021-06-25,1974.291118382739
2021-06-26,2008.2257047983262
2021-06-27,2156.326877066493
2021-06-28,2142.885925701338
2021-06-29,2230.2837877362813
2021-06-30,2178.2619657158825
2021-07-01,2084.992609884816
2021-07-02,2105.0753023075936
2021-07-03,2152.449912567043
2021-07-04,2190.556709341738
2021-07-05,2091.5988439198645
2021-07-06,2091.5988439198645
2021-07-07,2091.5988439198645
2021-07-08,2090.553044497905
2021-07-09,2147.2433312126122
2021-07-10,2147.2433312126122
2021-07-11,2146.1697095470063
2021-07-12,2077.1039801941283
2021-07-13,2048.4771536237186
2021-07-14,2056.0003904830496
2021-07-15,1989.695470948511
2021-07-16,1967.0795359789845
2021-07-17,1974.0492316389368
2021-07-18,1990.4914886446654
2021-07-19,1928.2438376170219
2021-07-20,1863.9589729674751
2021-07-21,2002.7012164275864
2021-07-22,2015.2857680656816
2021-07-23,2092.8822149406733
2021-07-24,2135.6779818815085
2021-07-25,2135.6779818815085
2021-07-26,2135.6779818815085
2021-07-27,2135.6779818815085
2021-07-28,2135.6779818815085
2021-07-29,2135.6779818815085
2021-07-30,2135.6779818815085
2021-07-31,2135.6779818815085
2021-08-01,2135.6779818815085
2021-08-02,2135.6779818815085
2021-08-03,2135.6779818815085
2021-08-04,2135.6779818815085
2021-08-05,2135.6779818815085
2021-08-06,2135.6779818815085
2021-08-07,2135.6779818815085
2021-08-08,2135.6779818815085
2021-08-09,2135.6779818815085
2021-08-10,2135.6779818815085
2021-08-11,2135.6779818815085
2021-08-12,2135.6779818815085
2021-08-13,2135.6779818815085
2021-08-14,2135.6779818815085
2021-08-15,2135.6779818815085
2021-08-16,2135.6779818815085
2021-08-17,2135.6779818815085
2021-08-18,2135.6779818815085
2021-08-19,2135.6779818815085
2021-08-20,2135.6779818815085
2021-08-21,2135.6779818815085
2021-08-22,2135.6779818815085
2021-08-23,2135.6779818815085
2021-08-24,2135.6779818815085
2021-08-25,2135.6779818815085
2021-08-26,2135.6779818815085
2021-08-27,2135.6779818815085
2021-08-28,2135.6779818815085
2021-08-29,2135.6779818815085
2021-08-30,2135.6779818815085
2021-08-31,2135.6779818815085
2021-09-01,2135.6779818815085
2021-09-02,2135.6779818815085
2021-09-03,2135.6779818815085
2021-09-04,2135.6779818815085
2021-09-05,2135.6779818815085
2021-09-06,2135.6779818815085
2021-09-07,2134.6101428905677
2021-09-08,2101.5347993676655
2021-09-09,2115.170377866656
2021-09-10,2045.295329648986
2021-09-11,2059.714537799295
2021-09-12,2098.615448730048
2021-09-13,2047.8828975728986
2021-09-14,2142.642548889756
2021-09-15,2191.3975258492455
2021-09-16,2173.448359714454
2021-09-17,2149.857577974113
2021-09-18,2195.3488355372297
2021-09-19,2148.555864877009
2021-09-20,1937.7654785012473
2021-09-21,1837.9932904878676
2021-09-22,1963.7113000299953
2021-09-23,2022.340471436089
2021-09-24,1927.5691573210327
2021-09-25,1922.0197768170895
2021-09-26,1944.028214164659
2021-09-27,1899.7596146627877
2021-09-28,1844.9471177398632
2021-09-29,1868.6158056002098
2021-09-30,1966.1253359368557
2021-10-01,2150.3678325882297
2021-10-02,2149.2926486719357
2021-10-03,2170.1103430187018
2021-10-04,2170.1103430187018
2021-10-05,2170.1103430187018
2021-10-06,2170.1103430187018
2021-10-07,2170.1103430187018
2021-10-08,2170.1103430187018
2021-10-09,2170.1103430187018
2021-10-10,2170.1103430187018
2021-10-11,2170.1103430187018
2021-10-12,2170.1103430187018
2021-10-13,2170.1103430187018
2021-10-14,2170.1103430187018
2021-10-15,2170.1103430187018
2021-10-16,2170.1103430187018
2021-10-17,2170.1103430187018
2021-10-18,2170.1103430187018
2021-10-19,2170.1103430187018
2021-10-20,2170.1103430187018
2021-10-21,2170.1103430187018
2021-10-22,2170.1103430187018
2021-10-23,2170.1103430187018
2021-10-24,2170.1103430187018
2021-10-25,2170.1103430187018
2021-10-26,2170.1103430187018
2021-10-27,2170.1103430187018
2021-10-28,2170.1103430187018
2021-10-29,2170.1103430187018
2021-10-30,2170.1103430187018
2021-10-31,2169.0252878471924
2021-11-01,2157.87009910203
2021-11-02,2235.069795101442
2021-11-03,2225.9891409831816
2021-11-04,2171.6771556819454
2021-11-05,2159.020340664072
2021-11-06,2159.020340664072
2021-11-07,2159.020340664072
2021-11-08,2159.020340664072
2021-11-09,2159.020340664072
2021-11-10,2159.020340664072
2021-11-11,2159.020340664072
2021-11-12,2159.020340664072
2021-11-13,2159.020340664072
2021-11-14,2159.020340664072
2021-11-15,2159.020340664072
2021-11-16,2157.94083049374
2021-11-17,2165.3446497874197
2021-11-18,2038.8370944310993
2021-11-19,2080.565918288629
2021-11-20,2136.2885909778656
2021-11-21,2101.4109973231934
2021-11-22,2012.1966137142663
2021-11-23,2057.4333050196215
2021-11-24,2010.855648581361
2021-11-25,2046.069427264009
2021-11-26,1909.2409875094268
2021-11-27,1953.1162419961324
2021-11-28,2037.9506004128514
2021-11-29,2057.7221535903964
2021-11-30,2029.0047428507612
2021-12-01,2036.9762575953782
2021-12-02,2010.0325572478273
2021-12-03,1904.8443662880866
2021-12-04,1741.7736290668636
2021-12-05,1747.7160320129535
2021-12-06,1790.1654797851727
2021-12-07,1794.317710859187
2021-12-08,1787.3929252408777
2021-12-09,1684.2218247549104
2021-12-10,1669.0035004804815
2021-12-11,1742.2397758386219
2021-12-12,1768.019014561757
2021-12-13,1645.245351459679
2021-12-14,1640.8446037512165
2021-12-15,1719.3406046466225
2021-12-16,1675.4904314866978
2021-12-17,1623.2484835833404
2021-12-18,1645.8095202312293
2021-12-19,1640.8218448028301
2021-12-20,1646.897283653003
2021-12-21,1717.5965960498745
2021-12-22,1706.748540372074
2021-12-23,1779.9372277311693
2021-12-24,1779.9372277311693
2021-12-25,1779.9372277311693
2021-12-26,1779.9372277311693
2021-12-27,1779.9372277311693
2021-12-28,1779.9372277311693
2021-12-29,1779.0472591173038
2021-12-30,1806.9209067314684
2021-12-31,1772.3198661304762
2022-01-01,1772.3198661304762
2022-01-02,1772.3198661304762
2022-01-03,1771.433706197411
2022-01-04,1749.9303881765197
2022-01-05,1658.8180078098787
2022-01-06,1643.2080371838395
2022-01-07,1581.0159180423004
2022-01-08,1587.69894874247
2022-01-09,1594.4433910035416
2022-01-10,1591.0028822938923
2022-01-11,1625.4217009719057
2022-01-12,1670.9236053141578
2022-01-13,1618.4969937527685
2022-01-14,1637.6918254098734
2022-01-15,1640.641563248657
2022-01-16,1638.226190453691
2022-01-17,1605.0888527270295
2022-01-18,1609.8336707422604
2022-01-19,1585.6702115165015
2022-01-20,1544.7333710314283
2022-01-21,1375.42335971063
2022-01-22,1320.5024452229231
2022-01-23,1366.675891402041
2022-01-24,1380.8250419512447
2022-01-25,1392.068391665657
2022-01-26,1388.225135214479
2022-01-27,1398.961443366142
2022-01-28,1423.0900379818936
2022-01-29,1436.3551607824882
2022-01-30,1428.023659578911
2022-01-31,1449.1647045637803
2022-02-01,1458.9281887412021
2022-02-02,1389.905216584633
2022-02-03,1397.4679908540809
2022-02-04,1551.3667854183811
2022-02-05,1551.3667854183811
2022-02-06,1551.3667854183811
2022-02-07,1551.3667854183811
2022-02-08,1551.3667854183811
2022-02-09,1551.3667854183811
2022-02-10,1551.3667854183811
2022-02-11,1551.3667854183811
2022-02-12,1551.3667854183811
2022-02-13,1551.3667854183811
2022-02-14,1551.3667854183811
2022-02-15,1551.3667854183811
2022-02-16,1551.3667854183811
2022-02-17,1551.3667854183811
2022-02-18,1550.591102025672
2022-02-19,1554.1189110618986
2022-02-20,1487.2072200207892
2022-02-21,1433.781069007735
2022-02-22,1479.854956007966
2022-02-23,1441.1069745560344
2022-02-24,1480.5927003241186
2022-02-25,1514.259084292209
2022-02-26,1510.0414603702193
2022-02-27,1455.17483186177
2022-02-28,1652.007974740038
2022-03-01,1651.1819707526681
2022-03-02,1635.0768108522807
2022-03-03,1578.5121810241956
2022-03-04,1577.7229249336835
2022-03-05,1588.2887874167297
2022-03-06,1548.2592450865016
2022-03-07,1532.9929208091185
2022-03-08,1532.9929208091185
2022-03-09,1532.9929208091185
2022-03-10,1532.9929208091185
2022-03-11,1532.226424348714
2022-03-12,1536.5269346802243
2022-03-13,1493.5421788587091
2022-03-14,1492.7954077692798
2022-03-15,1480.401515846546
2022-03-16,1546.8204222005966
2022-03-17,1539.564416175179
2022-03-18,1570.4150054022778
2022-03-19,1570.4150054022778
2022-03-20,1570.4150054022778
2022-03-21,1570.4150054022778
2022-03-22,1570.4150054022778
2022-03-23,1570.4150054022778
2022-03-24,1570.4150054022778
2022-03-25,1570.4150054022778
2022-03-26,1570.4150054022778
2022-03-27,1570.4150054022778
2022-03-28,1570.4150054022778
2022-03-29,1570.4150054022778
2022-03-30,1570.4150054022778
2022-03-31,1570.4150054022778
2022-04-01,1570.4150054022778
2022-04-02,1570.4150054022778
2022-04-03,1570.4150054022778
2022-04-04,1570.4150054022778
2022-04-05,1570.4150054022778
2022-04-06,1570.4150054022778
2022-04-07,1569.6297978995767
2022-04-08,1525.124558153131
2022-04-09,1542.8544899881153
2022-04-10,1521.9971854177393
2022-04-11,1421.9304447555837
2022-04-12,1443.5423539280982
2022-04-13,1480.4629958445862
2022-04-14,1435.5096647011792
2022-04-15,1457.5521728849412
2022-04-16,1452.9090342705465
2022-04-17,1427.254259752534
2022-04-18,1466.5697886158898
2022-04-19,1490.6732947608223
2022-04-20,1486.0553858917779
2022-04-21,1455.3171628590762
2022-04-22,1426.776813909666
2022-04-23,1417.6431318816008
2022-04-24,1417.0169566656298
2022-04-25,1451.3782718064929
2022-04-26,1450.6525826705897
2022-04-27,1492.7980077240343
2022-04-28,1512.926756814263
2022-04-29,1467.9892712204348
2022-04-30,1433.561724710663
2022-05-01,1461.9470786130228
2022-05-02,1464.2343848819576
2022-05-03,1434.3314361621365
2022-05-04,1506.4964911851948
2022-05-05,1383.0521127379145
2022-05-06,1362.7021880736859
2022-05-07,1342.1699466804337
2022-05-08,1286.4892227684838
2022-05-09,1135.8992740653125
2022-05-10,1162.7958835579343
2022-05-11,1081.8338205190216
2022-05-12,1085.990567528037
2022-05-13,1094.7540585426293
2022-05-14,1124.921692931122
2022-05-15,1169.0346304897303
2022-05-16,1113.8983526919178
2022-05-17,1134.7007508194906
2022-05-18,1069.24029224837
2022-05-19,1126.9979503424386
2022-05-20,1084.818237584621
2022-05-21,1093.3841317900371
2022-05-22,1126.0108417010308
2022-05-23,1079.5858534628348
2022-05-24,1100.0437697847708
2022-05-25,1096.0302291463042
2022-05-26,1096.0302291463042
2022-05-27,1095.4822140317312
2022-05-28,1102.6272132114723
2022-05-29,1126.514518329538
2022-05-30,1209.9804890515782
2022-05-31,1209.9804890515782
2022-06-01,1209.9804890515782
2022-06-02,1209.9804890515782
2022-06-03,1209.9804890515782
2022-06-04,1209.9804890515782
2022-06-05,1209.3754988070525
2022-06-06,1266.5694918558147
2022-06-07,1266.5694918558147
2022-06-08,1266.5694918558147
2022-06-09,1266.5694918558147
2022-06-10,1266.5694918558147
2022-06-11,1265.936207109887
2022-06-12,1192.5105379636814
2022-06-13,984.9510358105326
2022-06-14,972.5835799383693
2022-06-15,988.4845191704724
2022-06-16,887.5479912403428
2022-06-17,891.4512594550157
2022-06-18,825.781868404939
2022-06-19,889.9063239548109
2022-06-20,891.9072610000403
2022-06-21,896.7029823107182
2022-06-22,864.8144260791714
2022-06-23,911.0992506217295
2022-06-24,917.3765509977541
2022-06-25,928.9982267090319
2022-06-26,908.2441124196939
2022-06-27,895.5512366974068
2022-06-28,875.6881853849003
2022-06-29,868.028967935592
2022-06-30,854.1320743628403
2022-07-01,831.5884440789566
2022-07-02,830.0018100369833
2022-07-03,829.5868091319649
2022-07-04,868.8058799190667
2022-07-05,867.0370970321345
2022-07-06,881.8482142468888
2022-07-07,881.8482142468888
2022-07-08,881.8482142468888
2022-07-09,881.8482142468888
2022-07-10,881.4072901397655
2022-07-11,842.9814901829511
2022-07-12,815.2342306141373
2022-07-13,851.4605984187391
2022-07-14,851.4605984187391
2022-07-15,851.4605984187391
2022-07-16,851.4605984187391
2022-07-17,851.4605984187391
2022-07-18,851.4605984187391
2022-07-19,851.4605984187391
2022-07-20,851.4605984187391
2022-07-21,851.4605984187391
2022-07-22,851.4605984187391
2022-07-23,851.4605984187391
2022-07-24,851.4605984187391
2022-07-25,851.4605984187391
2022-07-26,851.4605984187391
2022-07-27,851.4605984187391
2022-07-28,851.4605984187391
2022-07-29,851.4605984187391
2022-07-30,851.4605984187391
2022-07-31,851.4605984187391
2022-08-01,851.4605984187391
2022-08-02,851.0348681195297
2022-08-03,846.1464713217821
2022-08-04,838.1254042121735
2022-08-05,861.7403410244793
2022-08-06,861.7403410244793
2022-08-07,861.7403410244793
2022-08-08,861.7403410244793
2022-08-09,861.7403410244793
2022-08-10,861.7403410244793
2022-08-11,861.7403410244793
2022-08-12,861.7403410244793
2022-08-13,861.7403410244793
2022-08-14,861.7403410244793
2022-08-15,861.7403410244793
2022-08-16,861.7403410244793
2022-08-17,861.7403410244793
2022-08-18,861.7403410244793
2022-08-19,861.3094708539671
2022-08-20,873.1304535170343
2022-08-21,888.1829811260606
2022-08-22,882.5884918804724
2022-08-23,887.9004335539007
2022-08-24,882.395154947716
2022-08-25,890.8458680411377
2022-08-26,833.7553722435061
2022-08-27,824.7237590165868
2022-08-28,807.0499830392284
2022-08-29,834.5986274552504
2022-08-30,813.7325536025267
2022-08-31,824.0642100095308
2022-09-01,827.238354842313
2022-09-02,820.7449641762303
2022-09-03,815.066658250906
2022-09-04,821.3968496704164
2022-09-05,814.2004670212779
2022-09-06,773.1256292047221
2022-09-07,791.4836161375857
2022-09-08,793.1030472603005
2022-09-09,872.698946544046
2022-09-10,872.698946544046
2022-09-11,872.698946544046
2022-09-12,872.698946544046
2022-09-13,872.698946544046
2022-09-14,872.698946544046
2022-09-15,872.262597070774
2022-09-16,875.4168976489328
2022-09-17,890.5567888085552
2022-09-18,890.111510414151
2022-09-19,895.8054754368529
2022-09-20,864.8997587449858
2022-09-21,864.4673088656133
2022-09-22,903.4908133741881
2022-09-23,903.0390679675011
2022-09-24,886.0037410116204
2022-09-25,879.6689400430581
2022-09-26,899.1289483236524
2022-09-27,893.8690132525707
2022-09-28,908.5365985245718
2022-09-29,915.3544259251992
2022-09-30,908.7242177086165
2022-10-01,903.1094683847598
2022-10-02,890.4895178793597
2022-10-03,916.7359629291782
2022-10-04,916.7359629291782
2022-10-05,916.7359629291782
2022-10-06,916.7359629291782
2022-10-07,916.7359629291782
2022-10-08,916.7359629291782
2022-10-09,916.7359629291782
2022-10-10,916.2775949477136
2022-10-11,911.9560598970342
2022-10-12,917.0173215275335
2022-10-13,927.746448510812
2022-10-14,918.2569696280129
2022-10-15,912.5908221367359
2022-10-16,921.678558040869
2022-10-17,921.2177187618486
2022-10-18,910.9670276451839
2022-10-19,901.7383651284414
2022-10-20,897.6871439684405
2022-10-21,903.2634963014725
2022-10-22,904.9448232000501
2022-10-23,921.2412061814332
2022-10-24,921.2412061814332
2022-10-25,921.2412061814332
2022-10-26,921.2412061814332
2022-10-27,921.2412061814332
2022-10-28,921.2412061814332
2022-10-29,921.2412061814332
2022-10-30,921.2412061814332
2022-10-31,921.2412061814332
2022-11-01,921.2412061814332
2022-11-02,921.2412061814332
2022-11-03,921.2412061814332
2022-11-04,921.2412061814332
2022-11-05,921.2412061814332
2022-11-06,921.2412061814332
2022-11-07,921.2412061814332
2022-11-08,920.7805855783425
2022-11-09,778.1612967142696
2022-11-10,857.5628592238547
2022-11-11,830.190778891519
2022-11-12,818.6526714294977
2022-11-13,796.633612041123
2022-11-14,809.4313178430729
2022-11-15,822.3047702570823
2022-11-16,811.7581521064318
2022-11-17,812.6380325323704
2022-11-18,813.1375024956415
2022-11-19,813.8077658515725
2022-11-20,793.1077268655372
2022-11-21,768.1573012477822
2022-11-22,787.4954424436179
2022-11-23,807.3150938655032
2022-11-24,806.9114363185705
2022-11-25,802.8862595670674
2022-11-26,800.0841952552777
2022-11-27,798.7284791455478
2022-11-28,798.3291149059751
2022-11-29,809.4581932805661
2022-11-30,843.908545046048
2022-12-01,843.908545046048
2022-12-02,843.908545046048
2022-12-03,843.908545046048
2022-12-04,843.908545046048
2022-12-05,843.908545046048
2022-12-06,843.908545046048
2022-12-07,843.908545046048
2022-12-08,843.908545046048
2022-12-09,843.908545046048
2022-12-10,843.908545046048
2022-12-11,843.908545046048
2022-12-12,843.908545046048
2022-12-13,843.908545046048
2022-12-14,843.908545046048
2022-12-15,843.908545046048
2022-12-16,843.486590773525
2022-12-17,850.9325296822724
2022-12-18,849.0499851221329
2022-12-19,832.7682189261122
2022-12-20,856.0763230076907
2022-12-21,851.5695011408266
2022-12-22,852.2177289686995
2022-12-23,850.525387819322
2022-12-24,853.0939371990166
2022-12-25,852.80174427272
2022-12-26,856.7330374972939
2022-12-27,846.4109063612308
2022-12-28,838.0356278681061
2022-12-29,842.5682649303759
2022-12-30,840.5530978835683
2022-12-31,837.759380425503
2023-01-01,841.6780889909643
2023-01-02,844.4604248260425
2023-01-03,844.0381946136296
2023-01-04,852.8450190860666
2023-01-05,852.8450190860666
2023-01-06,852.8450190860666
2023-01-07,852.8450190860666
2023-01-08,852.8450190860666
2023-01-09,852.8450190860666
2023-01-10,852.8450190860666
2023-01-11,852.8450190860666
2023-01-12,852.8450190860666
2023-01-13,852.8450190860666
2023-01-14,852.8450190860666
2023-01-15,852.8450190860666
2023-01-16,852.8450190860666
2023-01-17,852.8450190860666
2023-01-18,852.8450190860666
2023-01-19,852.8450190860666
2023-01-20,852.8450190860666
2023-01-21,852.8450190860666
2023-01-22,852.8450190860666
2023-01-23,852.8450190860666
2023-01-24,852.8450190860666
2023-01-25,852.8450190860666
2023-01-26,852.8450190860666
2023-01-27,852.8450190860666
2023-01-28,852.8450190860666
2023-01-29,852.8450190860666
2023-01-30,852.8450190860666
2023-01-31,852.8450190860666
2023-02-01,852.8450190860666
2023-02-02,852.8450190860666
2023-02-03,852.8450190860666
2023-02-04,852.8450190860666
2023-02-05,852.8450190860666
2023-02-06,852.4185965765237
2023-02-07,870.6690455602754
2023-02-08,870.2337110374954
2023-02-09,826.6585437455144
2023-02-10,820.2744104914327
2023-02-11,828.5556717729872
2023-02-12,825.4177982429327
2023-02-13,826.1712807102195
2023-02-14,841.6598987469318
2023-02-15,916.7948845262074
2023-02-16,916.7948845262074
2023-02-17,916.7948845262074
2023-02-18,916.7948845262074
2023-02-19,916.7948845262074
2023-02-20,916.7948845262074
2023-02-21,916.7948845262074
2023-02-22,916.7948845262074
2023-02-23,916.7948845262074
2023-02-24,916.7948845262074
2023-02-25,916.7948845262074
2023-02-26,916.7948845262074
2023-02-27,916.7948845262074
2023-02-28,916.7948845262074
2023-03-01,916.3364870839443
2023-03-02,909.6826469415016
2023-03-03,865.5062509617431
2023-03-04,865.1450721548003
2023-03-05,868.3192502121155
2023-03-06,868.0964532308919
2023-03-07,859.9310173558744
2023-03-08,840.2925017816785
2023-03-09,786.1570663007782
2023-03-10,779.3413542797151
2023-03-11,796.3405203239491
2023-03-12,853.3616167400894
2023-03-13,927.8461200797309
2023-03-14,927.8461200797309
2023-03-15,927.8461200797309
2023-03-16,927.8461200797309
2023-03-17,927.8461200797309
2023-03-18,927.8461200797309
2023-03-19,927.8461200797309
2023-03-20,927.8461200797309
2023-03-21,927.8461200797309
2023-03-22,927.8461200797309
2023-03-23,927.8461200797309
2023-03-24,927.8461200797309
2023-03-25,927.8461200797309
2023-03-26,927.8461200797309
2023-03-27,927.8461200797309
2023-03-28,927.8461200797309
2023-03-29,927.8461200797309
2023-03-30,927.8461200797309
2023-03-31,927.8461200797309
2023-04-01,927.8461200797309
2023-04-02,927.8461200797309
2023-04-03,927.8461200797309
2023-04-04,927.382197019691
2023-04-05,927.2442078392171
2023-04-06,926.7805857352976
2023-04-07,922.4000637880919
2023-04-08,922.4000637880919
2023-04-09,922.4000637880919
2023-04-10,922.4000637880919
2023-04-11,922.4000637880919
2023-04-12,922.4000637880919
2023-04-13,922.4000637880919
2023-04-14,922.4000637880919
2023-04-15,922.4000637880919
2023-04-16,922.4000637880919
2023-04-17,922.4000637880919
2023-04-18,922.4000637880919
2023-04-19,922.4000637880919
2023-04-20,922.4000637880919
2023-04-21,921.9388637561979
2023-04-22,940.0316895172955
2023-04-23,932.35939412192
2023-04-24,930.1249495589343
2023-04-25,956.1900342761626
2023-04-26,960.0701825515308
2023-04-27,994.9333386476519
2023-04-28,990.4157414550779
2023-04-29,987.3129638233
2023-04-30,987.9985929333782
2023-05-01,947.4384287609993
2023-05-02,967.0970848035557
2023-05-03,977.5365117930589
2023-05-04,977.5365117930589
2023-05-05,977.5365117930589
2023-05-06,977.5365117930589
2023-05-07,977.5365117930589
2023-05-08,977.5365117930589
2023-05-09,977.0477435371624
2023-05-10,975.73915065415
2023-05-11,953.5531569456502
2023-05-12,946.6131807103133
2023-05-13,945.8743852812565
2023-05-14,951.0360325714108
2023-05-15,960.2455689585144
2023-05-16,954.7194101486555
2023-05-17,967.4228581188871
2023-05-18,947.2072776575557
2023-05-19,949.24971270161
2023-05-20,957.6653812254858
2023-05-21,944.3084708679506
2023-05-22,947.7418778549717
2023-05-23,960.8671197169957
2023-05-24,928.8986861166204
2023-05-25,933.8724984733497
2023-05-26,942.4074699008444
2023-05-27,947.1791902404055
2023-05-28,947.1791902404055
2023-05-29,947.1791902404055
2023-05-30,947.1791902404055
2023-05-31,946.7056006452854
2023-06-01,932.7013804262231
2023-06-02,947.0571573142748
2023-06-03,946.5836287356177
2023-06-04,947.6452071065258
2023-06-05,947.1713845029726
2023-06-06,999.5642819356067
2023-06-07,999.5642819356067
2023-06-08,999.5642819356067
2023-06-09,999.0644997946389
2023-06-10,975.0416795139857
2023-06-11,978.390046963349
2023-06-12,976.968284787765
2023-06-13,977.5801863596594
2023-06-14,947.1624327658038
2023-06-15,964.0402757296167
2023-06-16,991.9422748487459
2023-06-17,998.8212961174095
2023-06-18,992.2264751934036
2023-06-19,1010.9391195691891
2023-06-20,1010.9391195691891
2023-06-21,1010.9391195691891
2023-06-22,1010.9391195691891
2023-06-23,1010.9391195691891
2023-06-24,1010.9391195691891
2023-06-25,1010.9391195691891
2023-06-26,1010.9391195691891
2023-06-27,1010.9391195691891
2023-06-28,1010.9391195691891
2023-06-29,1010.9391195691891
2023-06-30,1010.9391195691891
2023-07-01,1010.9391195691891
2023-07-02,1010.9391195691891
2023-07-03,1010.9391195691891
2023-07-04,1010.9391195691891
2023-07-05,1010.9391195691891
2023-07-06,1010.4336500094046
2023-07-07,1024.9545010347535
2023-07-08,1023.2734377498289
2023-07-09,1019.1675072511633
2023-07-10,1026.8413685459752
2023-07-11,1026.3279478617023
2023-07-12,1018.1002158650881
2023-07-13,1018.1002158650881
2023-07-14,1017.5911657571556
2023-07-15,1016.3068222827455
2023-07-16,1014.7398890338069
2023-07-17,1011.2705285706477
2023-07-18,1001.5179503774644
2023-07-19,1003.4402508618934
2023-07-20,999.3425758553227
2023-07-21,1003.2504632788176
2023-07-22,998.6463911791651
2023-07-23,1009.081905212253
2023-07-24,978.170156157465
2023-07-25,979.8608797244832
2023-07-26,984.1288140315867
2023-07-27,979.2797765671753
2023-07-28,982.9123602589793
2023-07-29,984.1744794602241
2023-07-30,981.434760342036
2023-07-31,979.9183819811796
2023-08-01,994.744776231037
2023-08-02,977.0308511508965
2023-08-03,977.925988037382
2023-08-04,974.4144185937427
2023-08-05,973.3425316592908
2023-08-06,973.3334328586283
2023-08-07,977.4849664507786
2023-08-08,977.4849664507786
2023-08-09,977.4849664507786
2023-08-10,977.4849664507786
2023-08-11,977.4849664507786
2023-08-12,977.4849664507786
2023-08-13,977.4849664507786
2023-08-14,977.4849664507786
2023-08-15,976.9962239675533
2023-08-16,961.1751527276416
2023-08-17,890.4094778498711
2023-08-18,869.632441690012
2023-08-19,871.1883497480612
2023-08-20,874.3001207736806
2023-08-21,872.1126578361841
2023-08-22,869.019736877814
2023-08-23,882.2709457069387
2023-08-24,873.2368743392426
2023-08-25,869.3998781177395
2023-08-26,868.0903341303105
2023-08-27,870.7973566806867
2023-08-28,871.3464708919569
2023-08-29,923.8450021551874
2023-08-30,909.4013420572428
2023-08-31,862.7225482987349
2023-09-01,858.3616460240811
2023-09-02,860.6234176983427
2023-09-03,863.9693197660389
2023-09-04,858.725274382753
2023-09-05,857.6455978720779
2023-09-06,856.755349904611
2023-09-07,872.3758038334324
2023-09-08,871.9396159315157
2023-09-09,871.6037573795824
2023-09-10,869.4654798558499
2023-09-11,846.6316808315959
2023-09-12,868.9024355248645
2023-09-13,882.0870333169627
2023-09-14,892.0553534516455
2023-09-15,892.0553534516455
2023-09-16,892.0553534516455
2023-09-17,892.0553534516455
2023-09-18,892.0553534516455
2023-09-19,892.0553534516455
2023-09-20,892.0553534516455
2023-09-21,892.0553534516455
2023-09-22,892.0553534516455
2023-09-23,892.0553534516455
2023-09-24,892.0553534516455
2023-09-25,892.0553534516455
2023-09-26,892.0553534516455
2023-09-27,892.0553534516455
2023-09-28,892.0553534516455
2023-09-29,892.0553534516455
2023-09-30,892.0553534516455
2023-10-01,892.0553534516455
2023-10-02,892.0553534516455
2023-10-03,892.0553534516455
2023-10-04,892.0553534516455
2023-10-05,892.0553534516455
2023-10-06,892.0553534516455
2023-10-07,892.0553534516455
2023-10-08,892.0553534516455
2023-10-09,892.0553534516455
2023-10-10,892.0553534516455
2023-10-11,892.0553534516455
2023-10-12,891.6093257749197
2023-10-13,895.1204884562035
2023-10-14,895.0982298157131
2023-10-15,904.9718438479703
2023-10-16,948.7312119350214
2023-10-17,948.7312119350214
2023-10-18,948.7312119350214
2023-10-19,948.7312119350214
2023-10-20,948.7312119350214
2023-10-21,948.7312119350214
2023-10-22,948.7312119350214
2023-10-23,948.7312119350214
2023-10-24,948.7312119350214
2023-10-25,948.7312119350214
2023-10-26,948.7312119350214
2023-10-27,948.7312119350214
2023-10-28,948.7312119350214
2023-10-29,948.7312119350214
2023-10-30,948.7312119350214
2023-10-31,948.7312119350214
2023-11-01,948.7312119350214
2023-11-02,948.7312119350214
2023-11-03,948.7312119350214
2023-11-04,948.7312119350214
2023-11-05,948.7312119350214
2023-11-06,948.7312119350214
2023-11-07,948.7312119350214
2023-11-08,948.7312119350214
2023-11-09,948.7312119350214
2023-11-10,948.7312119350214
2023-11-11,948.7312119350214
2023-11-12,948.7312119350214
2023-11-13,948.7312119350214
2023-11-14,948.7312119350214
2023-11-15,948.7312119350214
2023-11-16,948.7312119350214
2023-11-17,948.7312119350214
2023-11-18,948.7312119350214
2023-11-19,948.7312119350214
2023-11-20,948.7312119350214
2023-11-21,948.7312119350214
2023-11-22,948.7312119350214
2023-11-23,948.7312119350214
2023-11-24,948.7312119350214
2023-11-25,948.7312119350214
2023-11-26,948.7312119350214
2023-11-27,948.7312119350214
2023-11-28,948.7312119350214
2023-11-29,948.2568463290539
2023-11-30,944.1251120305029
2023-12-01,944.1251120305029
2023-12-02,944.1251120305029
2023-12-03,944.1251120305029
2023-12-04,944.1251120305029
2023-12-05,944.1251120305029
2023-12-06,944.1251120305029
2023-12-07,944.1251120305029
2023-12-08,944.1251120305029
2023-12-09,944.1251120305029
2023-12-10,944.1251120305029
2023-12-11,944.1251120305029
2023-12-12,944.1251120305029
2023-12-13,944.1251120305029
2023-12-14,944.1251120305029
2023-12-15,944.1251120305029
2023-12-16,944.1251120305029
2023-12-17,944.1251120305029
2023-12-18,944.1251120305029
2023-12-19,943.6530494744877
2023-12-20,974.0054018610421
2023-12-21,978.3461208681977
2023-12-22,977.8569478077636
2023-12-23,971.6090360581532
2023-12-24,971.1232315401242
2023-12-25,984.0232748317213
2023-12-26,984.0232748317213
2023-12-27,984.0232748317213
2023-12-28,983.5312631943056
2023-12-29,970.770555481062
2023-12-30,970.2851702033215
2023-12-31,972.2891282570922
2024-01-01,972.2891282570922
2024-01-02,972.2891282570922
2024-01-03,971.8029836929637
2024-01-04,1001.0614037547055
2024-01-05,1001.0614037547055
2024-01-06,1001.0614037547055
2024-01-07,1001.0614037547055
2024-01-08,1001.0614037547055
2024-01-09,1001.0614037547055
2024-01-10,1001.0614037547055
2024-01-11,1001.0614037547055
2024-01-12,1001.0614037547055
2024-01-13,1001.0614037547055
2024-01-14,1000.5608730528281
2024-01-15,1017.5489599182972
2024-01-16,1032.8237582581348
2024-01-17,1022.9089467791298
2024-01-18,986.8474109183386
2024-01-19,995.333437862813
2024-01-20,996.4611341786729
2024-01-21,993.5918891879554
2024-01-22,943.6053639786162
2024-01-23,951.6482638047152
2024-01-24,957.1618338017482
2024-01-25,953.7340867234046
2024-01-26,997.6788864185617
2024-01-27,1004.8862312874961
2024-01-28,1002.3667242373909
2024-01-29,1002.3667242373909
2024-01-30,1001.8655408752722
2024-01-31,993.1978482408255
2024-02-01,1004.1378135796731
2024-02-02,1004.1378135796731
2024-02-03,1004.1378135796731
2024-02-04,1004.1378135796731
2024-02-05,1004.1378135796731
2024-02-06,1004.1378135796731
2024-02-07,1004.1378135796731
2024-02-08,1004.1378135796731
2024-02-09,1004.1378135796731
2024-02-10,1004.1378135796731
2024-02-11,1004.1378135796731
2024-02-12,1004.1378135796731
2024-02-13,1004.1378135796731
2024-02-14,1004.1378135796731
2024-02-15,1004.1378135796731
2024-02-16,1004.1378135796731
2024-02-17,1004.1378135796731
2024-02-18,1004.1378135796731
2024-02-19,1004.1378135796731
2024-02-20,1004.1378135796731
2024-02-21,1004.1378135796731
2024-02-22,1004.1378135796731
2024-02-23,1004.1378135796731
2024-02-24,1004.1378135796731
2024-02-25,1004.1378135796731
2024-02-26,1004.1378135796731
2024-02-27,1004.1378135796731
2024-02-28,1004.1378135796731
2024-02-29,1004.1378135796731
2024-03-01,1004.1378135796731
2024-03-02,1004.1378135796731
2024-03-03,1004.1378135796731
2024-03-04,1004.1378135796731
2024-03-05,1004.1378135796731
2024-03-06,1004.1378135796731
2024-03-07,1004.1378135796731
2024-03-08,1004.1378135796731
2024-03-09,1004.1378135796731
2024-03-10,1004.1378135796731
2024-03-11,1004.1378135796731
2024-03-12,1004.1378135796731
2024-03-13,1004.1378135796731
2024-03-14,1004.1378135796731
2024-03-15,1004.1378135796731
2024-03-16,1004.1378135796731
2024-03-17,1004.1378135796731
2024-03-18,1003.6357446728833
2024-03-19,916.1982640791283
2024-03-20,1000.498447845559
2024-03-21,999.9981986216362
2024-03-22,973.4997997032054
2024-03-23,977.8165788307986
2024-03-24,1025.0716117202335
2024-03-25,1065.7926303864867
2024-03-26,1066.2346983686045
2024-03-27,1058.0913899900436
2024-03-28,1077.557298299302
2024-03-29,1063.9605100421572
2024-03-30,1063.9605100421572
2024-03-31,1063.9605100421572
2024-04-01,1063.9605100421572
2024-04-02,1063.9605100421572
2024-04-03,1063.4285297871363
2024-04-04,1102.8805188175859
2024-04-05,1102.8805188175859
2024-04-06,1102.8805188175859
2024-04-07,1102.8805188175859
2024-04-08,1102.8805188175859
2024-04-09,1102.3290785581771
2024-04-10,1124.6394488475216
2024-04-11,1124.0771291230978
2024-04-12,1077.1480665777049
2024-04-13,1021.6511903408198
2024-04-14,1051.890534625449
2024-04-15,1014.2212832195949
2024-04-16,1020.3694116805187
2024-04-17,979.0040588272234
2024-04-18,1014.0927411428087
2024-04-19,1019.361097823485
2024-04-20,1037.5728726032855
2024-04-21,1036.4899967294461
2024-04-22,1066.5574332190429
2024-04-23,1059.6670471880673
2024-04-24,1025.115224152529
2024-04-25,1028.3764055515614
2024-04-26,1016.7259958723033
2024-04-27,1011.3506489480314
2024-04-28,1006.4604689071278
2024-04-29,1017.4984132501794
2024-04-30,1016.9896640435544
2024-05-01,976.2186262314291
2024-05-02,990.6807121747481
2024-05-03,1051.8623854903556
2024-05-04,1068.4832252933736
2024-05-05,1070.816270229983
2024-05-06,1056.1810336698193
2024-05-07,1042.258529221254
2024-05-08,1022.9038026558175
2024-05-09,1053.5677056204192
2024-05-10,1015.1583623550523
2024-05-11,1015.1739520067606
2024-05-12,1026.0478498851357
2024-05-13,1050.0281212965115
2024-05-14,1026.7447577166527
2024-05-15,1026.7447577166527
2024-05-16,1026.7447577166527
2024-05-17,1026.7447577166527
2024-05-18,1026.7447577166527
2024-05-19,1026.7447577166527
2024-05-20,1026.7447577166527
2024-05-21,1026.7447577166527
2024-05-22,1026.7447577166527
2024-05-23,1026.7447577166527
2024-05-24,1026.7447577166527
2024-05-25,1026.7447577166527
2024-05-26,1026.7447577166527
2024-05-27,1026.7447577166527
2024-05-28,1026.7447577166527
2024-05-29,1026.7447577166527
2024-05-30,1026.7447577166527
2024-05-31,1026.7447577166527
2024-06-01,1026.7447577166527
2024-06-02,1026.7447577166527
2024-06-03,1026.2313853377943
2024-06-04,1051.6821548516882
2024-06-05,1051.6821548516882
2024-06-06,1051.6821548516882
2024-06-07,1051.6821548516882
2024-06-08,1051.6821548516882
2024-06-09,1051.6821548516882
2024-06-10,1051.6821548516882
2024-06-11,1051.1563137742623
2024-06-12,1064.7290902515108
2024-06-13,1064.196725706385
2024-06-14,1052.2486331937607
2024-06-15,1055.1125246368392
2024-06-16,1062.2305174926355
2024-06-17,1059.8567830359016
2024-06-18,1038.123601614156
2024-06-19,1035.2438597039124
2024-06-20,1033.143832048712
2024-06-21,1021.4045657429606
2024-06-22,1023.8935058197078
2024-06-23,1006.670141250629
2024-06-24,959.3134242426362
2024-06-25,983.316384891574
2024-06-26,967.3835145508767
2024-06-27,979.9252044275914
2024-06-28,959.2744448869839
2024-06-29,968.2531770112284
2024-06-30,996.3221324329661
2024-07-01,999.0792173347731
2024-07-02,985.9111773561198
2024-07-03,955.9757566245192
2024-07-04,903.7995090045391
2024-07-05,898.7837761628997
2024-07-06,924.446197133475
2024-07-07,884.6864898611213
2024-07-08,898.1430436092891
2024-07-09,918.5649879024531
2024-07-10,914.3316219042334
2024-07-11,908.0142798227876
2024-07-12,916.75299523034
2024-07-13,937.6118791034627
2024-07-14,961.9221395096725
2024-07-15,1023.9647904354341
2024-07-16,1023.9647904354341
2024-07-17,1023.9647904354341
2024-07-18,1023.9647904354341
2024-07-19,1023.9647904354341
2024-07-20,1023.9647904354341
2024-07-21,1023.9647904354341
2024-07-22,1023.9647904354341
2024-07-23,1023.9647904354341
2024-07-24,1023.9647904354341
2024-07-25,1023.9647904354341
2024-07-26,1023.9647904354341
2024-07-27,1023.9647904354341
2024-07-28,1023.9647904354341
2024-07-29,1023.9647904354341
2024-07-30,1023.9647904354341
2024-07-31,1023.9647904354341
2024-08-01,1023.9647904354341
2024-08-02,1023.4528080402165
2024-08-03,1011.1309614754939
2024-08-04,967.4926900213176
2024-08-05,896.2542819875528
2024-08-06,929.5397903590815
2024-08-07,912.6854254273411
2024-08-08,1017.2936480292598
2024-08-09,1003.5178302321914
2024-08-10,1004.6001999070646
2024-08-11,967.2154636303687
2024-08-12,977.6194131388455
2024-08-13,998.0756489471393
2024-08-14,966.757730422795
2024-08-15,947.1858534890454
2024-08-16,968.8872359642402
2024-08-17,978.4616252255163
2024-08-18,961.4655139934266
2024-08-19,961.4655139934266
2024-08-20,961.4655139934266
2024-08-21,961.4655139934266
2024-08-22,960.98478123643
2024-08-23,1017.8430581488675
2024-08-24,1017.8430581488675
2024-08-25,1017.8430581488675
2024-08-26,1017.8430581488675
2024-08-27,1017.3341366197931
2024-08-28,1008.6458848654602
2024-08-29,1008.6458848654602
2024-08-30,1008.6458848654602
2024-08-31,1008.1415619230276
2024-09-01,979.6295328733186
2024-09-02,1009.7009572045519
2024-09-03,980.5635701556777
2024-09-04,989.7490474142071
2024-09-05,958.3356694865703
2024-09-06,919.8308348797873
2024-09-07,923.0805216609903
2024-09-08,934.9706345331209
2024-09-09,971.3835461571218
2024-09-10,982.0434656352231
2024-09-11,976.8247782182777
2024-09-12,990.0868328690538
2024-09-13,1030.3741818394456
2024-09-14,1030.3741818394456
2024-09-15,1030.3741818394456
2024-09-16,1029.858994748526
2024-09-17,1066.127630274612
2024-09-18,1066.127630274612
2024-09-19,1066.127630274612
2024-09-20,1066.127630274612
2024-09-21,1066.127630274612
2024-09-22,1066.127630274612
2024-09-23,1066.127630274612
2024-09-24,1066.127630274612
2024-09-25,1066.127630274612
2024-09-26,1066.127630274612
2024-09-27,1066.127630274612
2024-09-28,1066.127630274612
2024-09-29,1066.127630274612
2024-09-30,1066.127630274612
2024-10-01,1066.127630274612
2024-10-02,1065.594566459475
2024-10-03,1067.817487698941
2024-10-04,1090.562302976601
2024-10-05,1090.9570893837358
2024-10-06,1103.6915061467264
2024-10-07,1093.4132558314093
2024-10-08,1091.5724218621021
2024-10-09,1063.9980412083555
2024-10-10,1058.5819007169102
2024-10-11,1096.0329186427662
2024-10-12,1109.0826135541015
2024-10-13,1103.0701723087893
2024-10-14,1157.2094622692337
2024-10-15,1157.2094622692337
2024-10-16,1157.2094622692337
2024-10-17,1157.2094622692337
2024-10-18,1157.2094622692337
2024-10-19,1157.2094622692337
2024-10-20,1157.2094622692337
2024-10-21,1157.2094622692337
2024-10-22,1157.2094622692337
2024-10-23,1157.2094622692337
2024-10-24,1157.2094622692337
2024-10-25,1157.2094622692337
2024-10-26,1157.2094622692337
2024-10-27,1157.2094622692337
2024-10-28,1157.2094622692337
2024-10-29,1157.2094622692337
2024-10-30,1157.2094622692337
2024-10-31,1157.2094622692337
2024-11-01,1157.2094622692337
2024-11-02,1157.2094622692337
2024-11-03,1156.630857538099
2024-11-04,1140.3043058634871
2024-11-05,1140.3043058634871
2024-11-06,1140.3043058634871
2024-11-07,1140.3043058634871
2024-11-08,1140.3043058634871
2024-11-09,1140.3043058634871
2024-11-10,1140.3043058634871
2024-11-11,1140.3043058634871
2024-11-12,1140.3043058634871
2024-11-13,1140.3043058634871
2024-11-14,1140.3043058634871
2024-11-15,1140.3043058634871
2024-11-16,1140.3043058634871
2024-11-17,1140.3043058634871
2024-11-18,1140.3043058634871
2024-11-19,1140.3043058634871
2024-11-20,1140.3043058634871
2024-11-21,1140.3043058634871
2024-11-22,1140.3043058634871
2024-11-23,1140.3043058634871
2024-11-24,1140.3043058634871
2024-11-25,1140.3043058634871
2024-11-26,1140.3043058634871
2024-11-27,1140.3043058634871
2024-11-28,1140.3043058634871
2024-11-29,1140.3043058634871
2024-11-30,1140.3043058634871
2024-12-01,1140.3043058634871
2024-12-02,1140.3043058634871
2024-12-03,1140.3043058634871
2024-12-04,1140.3043058634871
2024-12-05,1139.7341537105553
2024-12-06,1177.7611578171097
2024-12-07,1177.7611578171097
2024-12-08,1177.7611578171097
2024-12-09,1177.7611578171097
2024-12-10,1177.7611578171097
2024-12-11,1177.7611578171097
2024-12-12,1177.7611578171097
2024-12-13,1177.7611578171097
2024-12-14,1177.7611578171097
2024-12-15,1177.7611578171097
2024-12-16,1177.7611578171097
2024-12-17,1177.7611578171097
2024-12-18,1177.7611578171097
2024-12-19,1177.7611578171097
2024-12-20,1177.1722772382013
2024-12-21,1170.7581113259218
2024-12-22,1144.9497083361455
2024-12-23,1139.8979893425467
2024-12-24,1186.3761831984434
2024-12-25,1185.7829951068443
2024-12-26,1143.1877806183504
2024-12-27,1123.5606126889124
2024-12-28,1135.4185712937474
2024-12-29,1115.757302967021
2024-12-30,1105.1252636864556
2024-12-31,1114.4616824588359
