Date,Equity
2000-10-16,10000.0
2000-10-17,10000.0
2000-10-18,10000.0
2000-10-19,10000.0
2000-10-20,10000.0
2000-10-23,10000.0
2000-10-24,10000.0
2000-10-25,10000.0
2000-10-26,10000.0
2000-10-27,10000.0
2000-10-30,10000.0
2000-10-31,10000.0
2000-11-01,10000.0
2000-11-02,10000.0
2000-11-03,10000.0
2000-11-06,10000.0
2000-11-07,10000.0
2000-11-08,10000.0
2000-11-09,10000.0
2000-11-10,10000.0
2000-11-13,10000.0
2000-11-14,10000.0
2000-11-15,10000.0
2000-11-16,10000.0
2000-11-17,10000.0
2000-11-20,10000.0
2000-11-21,10000.0
2000-11-22,10000.0
2000-11-24,10000.0
2000-11-27,10000.0
2000-11-28,10000.0
2000-11-29,10000.0
2000-11-30,10000.0
2000-12-01,10000.0
2000-12-04,10000.0
2000-12-05,10000.0
2000-12-06,10000.0
2000-12-07,10000.0
2000-12-08,10000.0
2000-12-11,10000.0
2000-12-12,10000.0
2000-12-13,10000.0
2000-12-14,10000.0
2000-12-15,10000.0
2000-12-18,10000.0
2000-12-19,10000.0
2000-12-20,10000.0
2000-12-21,10000.0
2000-12-22,10000.0
2000-12-26,10000.0
2000-12-27,10000.0
2000-12-28,10000.0
2000-12-29,10000.0
2001-01-02,10000.0
2001-01-03,10000.0
2001-01-04,10000.0
2001-01-05,10000.0
2001-01-08,10000.0
2001-01-09,10000.0
2001-01-10,10000.0
2001-01-11,10000.0
2001-01-12,10000.0
2001-01-16,10000.0
2001-01-17,10000.0
2001-01-18,10000.0
2001-01-19,10000.0
2001-01-22,10000.0
2001-01-23,10000.0
2001-01-24,10000.0
2001-01-25,10000.0
2001-01-26,10000.0
2001-01-29,10000.0
2001-01-30,10000.0
2001-01-31,10000.0
2001-02-01,10000.0
2001-02-02,10000.0
2001-02-05,10000.0
2001-02-06,9965.496646518697
2001-02-07,9960.513898195439
2001-02-08,9960.513898195439
2001-02-09,9960.513898195439
2001-02-12,9960.513898195439
2001-02-13,9960.513898195439
2001-02-14,9960.513898195439
2001-02-15,9960.513898195439
2001-02-16,9960.513898195439
2001-02-20,9960.513898195439
2001-02-21,9960.513898195439
2001-02-22,9960.513898195439
2001-02-23,9960.513898195439
2001-02-26,9960.513898195439
2001-02-27,9960.513898195439
2001-02-28,9960.513898195439
2001-03-01,9960.513898195439
2001-03-02,9960.513898195439
2001-03-05,9960.513898195439
2001-03-06,9960.513898195439
2001-03-07,9960.513898195439
2001-03-08,9960.513898195439
2001-03-09,9960.513898195439
2001-03-12,9960.513898195439
2001-03-13,9960.513898195439
2001-03-14,9960.513898195439
2001-03-15,9960.513898195439
2001-03-16,9960.513898195439
2001-03-19,9960.513898195439
2001-03-20,9960.513898195439
2001-03-21,9960.513898195439
2001-03-22,9960.513898195439
2001-03-23,9960.513898195439
2001-03-26,9960.513898195439
2001-03-27,9960.513898195439
2001-03-28,9960.513898195439
2001-03-29,9960.513898195439
2001-03-30,9960.513898195439
2001-04-02,9960.513898195439
2001-04-03,9960.513898195439
2001-04-04,9960.513898195439
2001-04-05,9960.513898195439
2001-04-06,9960.513898195439
2001-04-09,9960.513898195439
2001-04-10,9960.513898195439
2001-04-11,9960.513898195439
2001-04-12,9960.513898195439
2001-04-16,9960.513898195439
2001-04-17,9960.513898195439
2001-04-18,9960.513898195439
2001-04-19,9960.513898195439
2001-04-20,9960.513898195439
2001-04-23,9960.513898195439
2001-04-24,9960.513898195439
2001-04-25,9960.513898195439
2001-04-26,9960.513898195439
2001-04-27,9960.513898195439
2001-04-30,9960.513898195439
2001-05-01,9960.513898195439
2001-05-02,9960.513898195439
2001-05-03,9960.513898195439
2001-05-04,9960.513898195439
2001-05-07,9960.513898195439
2001-05-08,9960.513898195439
2001-05-09,9960.513898195439
2001-05-10,9960.513898195439
2001-05-11,9960.513898195439
2001-05-14,9960.513898195439
2001-05-15,9960.513898195439
2001-05-16,9960.513898195439
2001-05-17,9960.513898195439
2001-05-18,9960.513898195439
2001-05-21,9960.513898195439
2001-05-22,9960.513898195439
2001-05-23,9960.513898195439
2001-05-24,9960.513898195439
2001-05-25,9960.513898195439
2001-05-29,9960.513898195439
2001-05-30,9960.513898195439
2001-05-31,9960.513898195439
2001-06-01,9960.513898195439
2001-06-04,9960.513898195439
2001-06-05,9960.513898195439
2001-06-06,9960.513898195439
2001-06-07,9960.513898195439
2001-06-08,9960.513898195439
2001-06-11,9960.513898195439
2001-06-12,9960.513898195439
2001-06-13,9960.513898195439
2001-06-14,9960.513898195439
2001-06-15,9960.513898195439
2001-06-18,9960.513898195439
2001-06-19,9960.513898195439
2001-06-20,9960.513898195439
2001-06-21,9960.513898195439
2001-06-22,9960.513898195439
2001-06-25,9960.513898195439
2001-06-26,9960.513898195439
2001-06-27,9960.513898195439
2001-06-28,9960.513898195439
2001-06-29,9992.162717483128
2001-07-02,9987.166636124388
2001-07-03,9987.166636124388
2001-07-05,9987.166636124388
2001-07-06,9987.166636124388
2001-07-09,9987.166636124388
2001-07-10,9987.166636124388
2001-07-11,9987.166636124388
2001-07-12,9987.166636124388
2001-07-13,9987.166636124388
2001-07-16,9987.166636124388
2001-07-17,9987.166636124388
2001-07-18,9987.166636124388
2001-07-19,9987.166636124388
2001-07-20,9987.166636124388
2001-07-23,9987.166636124388
2001-07-24,9987.166636124388
2001-07-25,9987.166636124388
2001-07-26,9987.166636124388
2001-07-27,9987.166636124388
2001-07-30,9987.166636124388
2001-07-31,9987.166636124388
2001-08-01,9987.166636124388
2001-08-02,9987.166636124388
2001-08-03,9987.166636124388
2001-08-06,9987.166636124388
2001-08-07,9987.166636124388
2001-08-08,9987.166636124388
2001-08-09,9987.166636124388
2001-08-10,9987.166636124388
2001-08-13,9987.166636124388
2001-08-14,9987.166636124388
2001-08-15,9987.166636124388
2001-08-16,9987.166636124388
2001-08-17,9987.166636124388
2001-08-20,9987.166636124388
2001-08-21,9987.166636124388
2001-08-22,9987.166636124388
2001-08-23,9987.166636124388
2001-08-24,9987.166636124388
2001-08-27,9987.166636124388
2001-08-28,9987.166636124388
2001-08-29,9987.166636124388
2001-08-30,9987.166636124388
2001-08-31,9987.166636124388
2001-09-04,9987.166636124388
2001-09-05,9987.166636124388
2001-09-06,9987.166636124388
2001-09-07,9987.166636124388
2001-09-10,9987.166636124388
2001-09-17,9987.166636124388
2001-09-18,9987.166636124388
2001-09-19,9987.166636124388
2001-09-20,9987.166636124388
2001-09-21,9987.166636124388
2001-09-24,9987.166636124388
2001-09-25,9987.166636124388
2001-09-26,9987.166636124388
2001-09-27,9987.166636124388
2001-09-28,9987.166636124388
2001-10-01,9987.166636124388
2001-10-02,9987.166636124388
2001-10-03,9987.166636124388
2001-10-04,9987.166636124388
2001-10-05,9987.166636124388
2001-10-08,9987.166636124388
2001-10-09,9987.166636124388
2001-10-10,9987.166636124388
2001-10-11,9987.166636124388
2001-10-12,9987.166636124388
2001-10-15,9987.166636124388
2001-10-16,9987.166636124388
2001-10-17,9987.166636124388
2001-10-18,9987.166636124388
2001-10-19,9987.166636124388
2001-10-22,9987.166636124388
2001-10-23,9987.166636124388
2001-10-24,9987.166636124388
2001-10-25,9987.166636124388
2001-10-26,9987.166636124388
2001-10-29,9987.166636124388
2001-10-30,9987.166636124388
2001-10-31,9987.166636124388
2001-11-01,9987.166636124388
2001-11-02,9987.166636124388
2001-11-05,9987.166636124388
2001-11-06,9987.166636124388
2001-11-07,9987.166636124388
2001-11-08,9987.166636124388
2001-11-09,9987.166636124388
2001-11-12,9987.166636124388
2001-11-13,9987.166636124388
2001-11-14,9987.166636124388
2001-11-15,9987.166636124388
2001-11-16,9987.166636124388
2001-11-19,9987.166636124388
2001-11-20,9987.166636124388
2001-11-21,9987.166636124388
2001-11-23,9987.166636124388
2001-11-26,9987.166636124388
2001-11-27,9987.166636124388
2001-11-28,9987.166636124388
2001-11-29,9987.166636124388
2001-11-30,9987.166636124388
2001-12-03,9987.166636124388
2001-12-04,9987.166636124388
2001-12-05,9987.166636124388
2001-12-06,9987.166636124388
2001-12-07,9987.166636124388
2001-12-10,9987.166636124388
2001-12-11,9987.166636124388
2001-12-12,9987.166636124388
2001-12-13,9987.166636124388
2001-12-14,9987.166636124388
2001-12-17,9987.166636124388
2001-12-18,9987.166636124388
2001-12-19,9987.166636124388
2001-12-20,9987.166636124388
2001-12-21,9987.166636124388
2001-12-24,9987.166636124388
2001-12-26,9987.166636124388
2001-12-27,9987.166636124388
2001-12-28,9987.166636124388
2001-12-31,9987.166636124388
2002-01-02,9987.166636124388
2002-01-03,9987.166636124388
2002-01-04,9987.166636124388
2002-01-07,9987.166636124388
2002-01-08,9987.166636124388
2002-01-09,9987.166636124388
2002-01-10,9987.166636124388
2002-01-11,9987.166636124388
2002-01-14,9987.166636124388
2002-01-15,9987.166636124388
2002-01-16,9987.166636124388
2002-01-17,9987.166636124388
2002-01-18,9987.166636124388
2002-01-22,9987.166636124388
2002-01-23,9987.166636124388
2002-01-24,9987.166636124388
2002-01-25,9987.166636124388
2002-01-28,9987.166636124388
2002-01-29,9987.166636124388
2002-01-30,9987.166636124388
2002-01-31,9987.166636124388
2002-02-01,9987.166636124388
2002-02-04,9987.166636124388
2002-02-05,9987.166636124388
2002-02-06,9987.166636124388
2002-02-07,9987.166636124388
2002-02-08,9987.166636124388
2002-02-11,9987.166636124388
2002-02-12,9987.166636124388
2002-02-13,9987.166636124388
2002-02-14,9987.166636124388
2002-02-15,9987.166636124388
2002-02-19,9987.166636124388
2002-02-20,9987.166636124388
2002-02-21,9987.166636124388
2002-02-22,9987.166636124388
2002-02-25,9987.166636124388
2002-02-26,9987.166636124388
2002-02-27,9987.166636124388
2002-02-28,9987.166636124388
2002-03-01,9987.166636124388
2002-03-04,9987.166636124388
2002-03-05,9987.166636124388
2002-03-06,9987.166636124388
2002-03-07,9987.166636124388
2002-03-08,9987.166636124388
2002-03-11,9987.166636124388
2002-03-12,9987.166636124388
2002-03-13,9987.166636124388
2002-03-14,9987.166636124388
2002-03-15,9987.166636124388
2002-03-18,9987.166636124388
2002-03-19,9987.166636124388
2002-03-20,9987.166636124388
2002-03-21,9987.166636124388
2002-03-22,9987.166636124388
2002-03-25,9987.166636124388
2002-03-26,9987.166636124388
2002-03-27,9987.166636124388
2002-03-28,9987.166636124388
2002-04-01,9987.166636124388
2002-04-02,9927.10506201586
2002-04-03,9922.141509484853
2002-04-04,9922.141509484853
2002-04-05,9922.141509484853
2002-04-08,9938.284417595114
2002-04-09,9868.520588133983
2002-04-10,9863.586327839916
2002-04-11,9863.586327839916
2002-04-12,9863.586327839916
2002-04-15,9863.586327839916
2002-04-16,9863.586327839916
2002-04-17,9863.586327839916
2002-04-18,9863.586327839916
2002-04-19,9863.586327839916
2002-04-22,9863.586327839916
2002-04-23,9863.586327839916
2002-04-24,9863.586327839916
2002-04-25,9863.586327839916
2002-04-26,9863.586327839916
2002-04-29,9863.586327839916
2002-04-30,9863.586327839916
2002-05-01,9863.586327839916
2002-05-02,9863.586327839916
2002-05-03,9863.586327839916
2002-05-06,9863.586327839916
2002-05-07,9863.586327839916
2002-05-08,9863.586327839916
2002-05-09,9863.586327839916
2002-05-10,9863.586327839916
2002-05-13,9863.586327839916
2002-05-14,9863.586327839916
2002-05-15,9863.586327839916
2002-05-16,9863.586327839916
2002-05-17,9863.586327839916
2002-05-20,9863.586327839916
2002-05-21,9863.586327839916
2002-05-22,9863.586327839916
2002-05-23,9863.586327839916
2002-05-24,9863.586327839916
2002-05-28,9863.586327839916
2002-05-29,9863.586327839916
2002-05-30,9863.586327839916
2002-05-31,9863.586327839916
2002-06-03,9863.586327839916
2002-06-04,9863.586327839916
2002-06-05,9863.586327839916
2002-06-06,9863.586327839916
2002-06-07,9863.586327839916
2002-06-10,9863.586327839916
2002-06-11,9863.586327839916
2002-06-12,9863.586327839916
2002-06-13,9863.586327839916
2002-06-14,9863.586327839916
2002-06-17,9863.586327839916
2002-06-18,9863.586327839916
2002-06-19,9863.586327839916
2002-06-20,9863.586327839916
2002-06-21,9863.586327839916
2002-06-24,9863.586327839916
2002-06-25,9863.586327839916
2002-06-26,9863.586327839916
2002-06-27,9863.586327839916
2002-06-28,9863.586327839916
2002-07-01,9863.586327839916
2002-07-02,9863.586327839916
2002-07-03,9863.586327839916
2002-07-05,9863.586327839916
2002-07-08,9863.586327839916
2002-07-09,9863.586327839916
2002-07-10,9863.586327839916
2002-07-11,9863.586327839916
2002-07-12,9863.586327839916
2002-07-15,9863.586327839916
2002-07-16,9863.586327839916
2002-07-17,9863.586327839916
2002-07-18,9863.586327839916
2002-07-19,9863.586327839916
2002-07-22,9863.586327839916
2002-07-23,9863.586327839916
2002-07-24,9863.586327839916
2002-07-25,9863.586327839916
2002-07-26,9863.586327839916
2002-07-29,9863.586327839916
2002-07-30,9863.586327839916
2002-07-31,9863.586327839916
2002-08-01,9863.586327839916
2002-08-02,9863.586327839916
2002-08-05,9863.586327839916
2002-08-06,9863.586327839916
2002-08-07,9863.586327839916
2002-08-08,9863.586327839916
2002-08-09,9863.586327839916
2002-08-12,9863.586327839916
2002-08-13,9863.586327839916
2002-08-14,9863.586327839916
2002-08-15,9863.586327839916
2002-08-16,9863.586327839916
2002-08-19,9863.586327839916
2002-08-20,9863.586327839916
2002-08-21,9863.586327839916
2002-08-22,9863.586327839916
2002-08-23,9863.586327839916
2002-08-26,9863.586327839916
2002-08-27,9863.586327839916
2002-08-28,9863.586327839916
2002-08-29,9863.586327839916
2002-08-30,9863.586327839916
2002-09-03,9863.586327839916
2002-09-04,9863.586327839916
2002-09-05,9863.586327839916
2002-09-06,9863.586327839916
2002-09-09,9863.586327839916
2002-09-10,9863.586327839916
2002-09-11,9863.586327839916
2002-09-12,9863.586327839916
2002-09-13,9863.586327839916
2002-09-16,9863.586327839916
2002-09-17,9863.586327839916
2002-09-18,9863.586327839916
2002-09-19,9863.586327839916
2002-09-20,9863.586327839916
2002-09-23,9863.586327839916
2002-09-24,9863.586327839916
2002-09-25,9863.586327839916
2002-09-26,9863.586327839916
2002-09-27,9863.586327839916
2002-09-30,9863.586327839916
2002-10-01,9863.586327839916
2002-10-02,9863.586327839916
2002-10-03,9863.586327839916
2002-10-04,9863.586327839916
2002-10-07,9863.586327839916
2002-10-08,9863.586327839916
2002-10-09,9863.586327839916
2002-10-10,9863.586327839916
2002-10-11,9863.586327839916
2002-10-14,9863.586327839916
2002-10-15,9863.586327839916
2002-10-16,9863.586327839916
2002-10-17,9863.586327839916
2002-10-18,9863.586327839916
2002-10-21,9863.586327839916
2002-10-22,9863.586327839916
2002-10-23,9863.586327839916
2002-10-24,9863.586327839916
2002-10-25,9863.586327839916
2002-10-28,9863.586327839916
2002-10-29,9863.586327839916
2002-10-30,9863.586327839916
2002-10-31,9863.586327839916
2002-11-01,9863.586327839916
2002-11-04,9863.586327839916
2002-11-05,9863.586327839916
2002-11-06,9863.586327839916
2002-11-07,9863.586327839916
2002-11-08,9863.586327839916
2002-11-11,9863.586327839916
2002-11-12,9863.586327839916
2002-11-13,9863.586327839916
2002-11-14,9863.586327839916
2002-11-15,9863.586327839916
2002-11-18,9863.586327839916
2002-11-19,9863.586327839916
2002-11-20,9863.586327839916
2002-11-21,9863.586327839916
2002-11-22,9863.586327839916
2002-11-25,9863.586327839916
2002-11-26,9863.586327839916
2002-11-27,9863.586327839916
2002-11-29,9863.586327839916
2002-12-02,9863.586327839916
2002-12-03,9863.586327839916
2002-12-04,9863.586327839916
2002-12-05,9863.586327839916
2002-12-06,9863.586327839916
2002-12-09,9863.586327839916
2002-12-10,9863.586327839916
2002-12-11,9863.586327839916
2002-12-12,9863.586327839916
2002-12-13,9863.586327839916
2002-12-16,9863.586327839916
2002-12-17,9863.586327839916
2002-12-18,9863.586327839916
2002-12-19,9863.586327839916
2002-12-20,9863.586327839916
2002-12-23,9863.586327839916
2002-12-24,9863.586327839916
2002-12-26,9863.586327839916
2002-12-27,9863.586327839916
2002-12-30,9863.586327839916
2002-12-31,9863.586327839916
2003-01-02,9863.586327839916
2003-01-03,9863.586327839916
2003-01-06,9863.586327839916
2003-01-07,9863.586327839916
2003-01-08,9863.586327839916
2003-01-09,9863.586327839916
2003-01-10,9863.586327839916
2003-01-13,9863.586327839916
2003-01-14,9863.586327839916
2003-01-15,9863.586327839916
2003-01-16,9863.586327839916
2003-01-17,9863.586327839916
2003-01-21,9863.586327839916
2003-01-22,9863.586327839916
2003-01-23,9863.586327839916
2003-01-24,9863.586327839916
2003-01-27,9863.586327839916
2003-01-28,9863.586327839916
2003-01-29,9863.586327839916
2003-01-30,9863.586327839916
2003-01-31,9863.586327839916
2003-02-03,9863.586327839916
2003-02-04,9863.586327839916
2003-02-05,9863.586327839916
2003-02-06,9863.586327839916
2003-02-07,9863.586327839916
2003-02-10,9863.586327839916
2003-02-11,9863.586327839916
2003-02-12,9863.586327839916
2003-02-13,9863.586327839916
2003-02-14,9863.586327839916
2003-02-18,9863.586327839916
2003-02-19,9863.586327839916
2003-02-20,9863.586327839916
2003-02-21,9863.586327839916
2003-02-24,9863.586327839916
2003-02-25,9863.586327839916
2003-02-26,9863.586327839916
2003-02-27,9863.586327839916
2003-02-28,9863.586327839916
2003-03-03,9863.586327839916
2003-03-04,9863.586327839916
2003-03-05,9863.586327839916
2003-03-06,9863.586327839916
2003-03-07,9863.586327839916
2003-03-10,9863.586327839916
2003-03-11,9863.586327839916
2003-03-12,9863.586327839916
2003-03-13,9863.586327839916
2003-03-14,9863.586327839916
2003-03-17,9863.586327839916
2003-03-18,9863.586327839916
2003-03-19,9863.586327839916
2003-03-20,9863.586327839916
2003-03-21,9863.586327839916
2003-03-24,9863.586327839916
2003-03-25,9863.586327839916
2003-03-26,9863.586327839916
2003-03-27,9863.586327839916
2003-03-28,9863.586327839916
2003-03-31,9863.586327839916
2003-04-01,9863.586327839916
2003-04-02,9863.586327839916
2003-04-03,9863.586327839916
2003-04-04,9863.586327839916
2003-04-07,9863.586327839916
2003-04-08,9863.586327839916
2003-04-09,9863.586327839916
2003-04-10,9863.586327839916
2003-04-11,9863.586327839916
2003-04-14,9863.586327839916
2003-04-15,9863.586327839916
2003-04-16,9863.586327839916
2003-04-17,9863.586327839916
2003-04-21,9863.586327839916
2003-04-22,9863.586327839916
2003-04-23,9863.586327839916
2003-04-24,9863.586327839916
2003-04-25,9863.586327839916
2003-04-28,9863.586327839916
2003-04-29,9863.586327839916
2003-04-30,9863.586327839916
2003-05-01,9863.586327839916
2003-05-02,9863.586327839916
2003-05-05,9863.586327839916
2003-05-06,9863.586327839916
2003-05-07,9863.586327839916
2003-05-08,9863.586327839916
2003-05-09,9863.586327839916
2003-05-12,9863.586327839916
2003-05-13,9863.586327839916
2003-05-14,9863.586327839916
2003-05-15,9863.586327839916
2003-05-16,9863.586327839916
2003-05-19,9863.586327839916
2003-05-20,9863.586327839916
2003-05-21,9863.586327839916
2003-05-22,9863.586327839916
2003-05-23,9863.586327839916
2003-05-27,9863.586327839916
2003-05-28,9863.586327839916
2003-05-29,9863.586327839916
2003-05-30,9863.586327839916
2003-06-02,9863.586327839916
2003-06-03,9863.586327839916
2003-06-04,9863.586327839916
2003-06-05,9863.586327839916
2003-06-06,9863.586327839916
2003-06-09,9863.586327839916
2003-06-10,9863.586327839916
2003-06-11,9863.586327839916
2003-06-12,9863.586327839916
2003-06-13,9863.586327839916
2003-06-16,9863.586327839916
2003-06-17,9863.586327839916
2003-06-18,9863.586327839916
2003-06-19,9863.586327839916
2003-06-20,9863.586327839916
2003-06-23,9863.586327839916
2003-06-24,9863.586327839916
2003-06-25,9863.586327839916
2003-06-26,9863.586327839916
2003-06-27,9863.586327839916
2003-06-30,9863.586327839916
2003-07-01,9863.586327839916
2003-07-02,9863.586327839916
2003-07-03,9863.586327839916
2003-07-07,9863.586327839916
2003-07-08,9863.586327839916
2003-07-09,9863.586327839916
2003-07-10,9863.586327839916
2003-07-11,9863.586327839916
2003-07-14,9863.586327839916
2003-07-15,9863.586327839916
2003-07-16,9863.586327839916
2003-07-17,9863.586327839916
2003-07-18,9863.586327839916
2003-07-21,9863.586327839916
2003-07-22,9863.586327839916
2003-07-23,9863.586327839916
2003-07-24,9863.586327839916
2003-07-25,9863.586327839916
2003-07-28,9863.586327839916
2003-07-29,9863.586327839916
2003-07-30,9863.586327839916
2003-07-31,9863.586327839916
2003-08-01,9863.586327839916
2003-08-04,9863.586327839916
2003-08-05,9863.586327839916
2003-08-06,9863.586327839916
2003-08-07,9863.586327839916
2003-08-08,9863.586327839916
2003-08-11,9863.586327839916
2003-08-12,9863.586327839916
2003-08-13,9863.586327839916
2003-08-14,9863.586327839916
2003-08-15,9863.586327839916
2003-08-18,9863.586327839916
2003-08-19,9895.888779244338
2003-08-20,9855.573792628815
2003-08-21,9850.6460057325
2003-08-22,9747.48403238962
2003-08-25,9742.610290373426
2003-08-26,9755.269897241235
2003-08-27,9758.19992997718
2003-08-28,9818.430376319036
2003-08-29,9884.464003644278
2003-09-02,10016.107448202227
2003-09-03,10070.51932161776
2003-09-04,10075.391078577548
2003-09-05,10018.7198775289
2003-09-08,10013.710517590136
2003-09-09,9942.813153944673
2003-09-10,9937.841747367702
2003-09-11,9937.841747367702
2003-09-12,9951.320744852146
2003-09-15,9916.292337278723
2003-09-16,9911.334191110083
2003-09-17,9887.227064671384
2003-09-18,9882.283451139048
2003-09-19,9826.946954398592
2003-09-22,9822.033480921393
2003-09-23,9822.033480921393
2003-09-24,9640.938203725627
2003-09-25,9636.117734623766
2003-09-26,9636.117734623766
2003-09-29,9636.117734623766
2003-09-30,9636.117734623766
2003-10-01,9636.117734623766
2003-10-02,9636.117734623766
2003-10-03,9636.117734623766
2003-10-06,9636.117734623766
2003-10-07,9636.117734623766
2003-10-08,9636.117734623766
2003-10-09,9636.117734623766
2003-10-10,9636.117734623766
2003-10-13,9636.117734623766
2003-10-14,9636.117734623766
2003-10-15,9636.117734623766
2003-10-16,9636.117734623766
2003-10-17,9636.117734623766
2003-10-20,9636.117734623766
2003-10-21,9614.773778264385
2003-10-22,9609.966391375254
2003-10-23,9609.966391375254
2003-10-24,9609.966391375254
2003-10-27,9609.799795866596
2003-10-28,9739.66889107632
2003-10-29,9752.643197229705
2003-10-30,9773.020463056624
2003-10-31,9763.74574921574
2003-11-03,9758.86387634113
2003-11-04,9732.782880147528
2003-11-05,9727.916488707455
2003-11-06,9774.390739553593
2003-11-07,9701.55033490756
2003-11-10,9696.699559740107
2003-11-11,9696.699559740107
2003-11-12,9696.699559740107
2003-11-13,9694.592242702212
2003-11-14,9612.204937158991
2003-11-17,9607.398834690412
2003-11-18,9607.398834690412
2003-11-19,9607.398834690412
2003-11-20,9515.973542851943
2003-11-21,9511.215556080519
2003-11-24,9631.581770562794
2003-11-25,9668.004234034623
2003-11-26,9702.602567451404
2003-11-28,9709.893822420665
2003-12-01,9814.234197359212
2003-12-02,9789.577484775002
2003-12-03,9784.682696032614
2003-12-04,9784.682696032614
2003-12-05,9711.34726694057
2003-12-08,9706.491593307099
2003-12-09,9626.450102347957
2003-12-10,9621.636877296783
2003-12-11,9621.636877296783
2003-12-12,9635.528074442786
2003-12-15,9587.293261874394
2003-12-16,9582.499615243458
2003-12-17,9607.791545326549
2003-12-18,9715.217575698127
2003-12-19,9688.130849589752
2003-12-22,9683.286784164957
2003-12-23,9684.626363620462
2003-12-24,9674.916099410384
2003-12-26,9670.07864136068
2003-12-29,9793.097562667625
2003-12-30,9794.858373284515
2003-12-31,9803.66328644094
2004-01-02,9799.260380857953
2004-01-05,9794.360750667525
2004-01-06,9799.039674458905
2004-01-07,9832.067111149845
2004-01-08,9871.171604660674
2004-01-09,9784.596324615388
2004-01-12,9779.70402645308
2004-01-13,9717.637179484454
2004-01-14,9712.778360894712
2004-01-15,9731.850485663956
2004-01-16,9770.260994273254
2004-01-20,9767.696676590427
2004-01-21,9762.812828252132
2004-01-22,9732.458037068625
2004-01-23,9727.591808050092
2004-01-26,9727.591808050092
2004-01-27,9622.312041318828
2004-01-28,9617.50088529817
2004-01-29,9617.50088529817
2004-01-30,9612.69213485552
2004-02-02,9607.885788788093
2004-02-03,9587.051177958709
2004-02-04,9582.25765236973
2004-02-05,9582.25765236973
2004-02-06,9684.387593397018
2004-02-09,9686.924787992435
2004-02-10,9718.186250591029
2004-02-11,9820.869536512879
2004-02-12,9785.271237101748
2004-02-13,9780.378601483197
2004-02-17,9780.378601483197
2004-02-18,9732.461851239013
2004-02-19,9727.595620313394
2004-02-20,9727.595620313394
2004-02-23,9727.595620313394
2004-02-24,9727.595620313394
2004-02-25,9727.595620313394
2004-02-26,9728.652036383279
2004-02-27,9735.422882227651
2004-03-01,9831.439347822592
2004-03-02,9773.718221395871
2004-03-03,9768.831362285175
2004-03-04,9789.244047728986
2004-03-05,9822.10269926033
2004-03-08,9701.520573168356
2004-03-09,9696.669812881773
2004-03-10,9696.669812881773
2004-03-11,9696.669812881773
2004-03-12,9696.669812881773
2004-03-15,9572.219179194652
2004-03-16,9567.433069605055
2004-03-17,9669.028480695908
2004-03-18,9671.60595062957
2004-03-19,9531.972757072132
2004-03-22,9527.206770693596
2004-03-23,9527.206770693596
2004-03-24,9527.206770693596
2004-03-25,9527.206770693596
2004-03-26,9527.206770693596
2004-03-29,9527.206770693596
2004-03-30,9527.206770693596
2004-03-31,9527.206770693596
2004-04-01,9527.206770693596
2004-04-02,9527.206770693596
2004-04-05,9527.206770693596
2004-04-06,9527.206770693596
2004-04-07,9527.206770693596
2004-04-08,9527.206770693596
2004-04-12,9527.206770693596
2004-04-13,9387.91000398878
2004-04-14,9383.216048986786
2004-04-15,9342.86793638798
2004-04-16,9338.196502419787
2004-04-19,9333.527404168577
2004-04-20,9328.860640466493
2004-04-21,9328.860640466493
2004-04-22,9454.10922631745
2004-04-23,9463.213132595549
2004-04-26,9449.954660793008
2004-04-27,9445.229683462612
2004-04-28,9317.40644254571
2004-04-29,9312.747739324439
2004-04-30,9312.747739324439
2004-05-03,9312.747739324439
2004-05-04,9300.616462692864
2004-05-05,9295.966154461517
2004-05-06,9211.015556386817
2004-05-07,9206.410048608624
2004-05-10,9206.410048608624
2004-05-11,9206.410048608624
2004-05-12,9206.410048608624
2004-05-13,9206.410048608624
2004-05-14,9206.410048608624
2004-05-17,9206.410048608624
2004-05-18,9206.410048608624
2004-05-19,9169.847555025646
2004-05-20,9165.262631248133
2004-05-21,9176.549806028286
2004-05-24,9214.910341730143
2004-05-25,9346.015311684383
2004-05-26,9378.539060892572
2004-05-27,9431.036721822738
2004-05-28,9430.197379172863
2004-06-01,9425.482280483277
2004-06-02,9425.482280483277
2004-06-03,9333.72006885606
2004-06-04,9329.053208821633
2004-06-07,9465.346010554262
2004-06-08,9478.539370820632
2004-06-09,9389.82406496971
2004-06-10,9385.129152937227
2004-06-14,9287.233863502845
2004-06-15,9282.590246571093
2004-06-16,9276.32255479659
2004-06-17,9271.684393519192
2004-06-18,9271.684393519192
2004-06-21,9231.892126864572
2004-06-22,9227.27618080114
2004-06-23,9301.80743769169
2004-06-24,9272.578445674104
2004-06-25,9267.942156451267
2004-06-28,9267.942156451267
2004-06-29,9267.942156451267
2004-06-30,9312.803322429774
2004-07-01,9182.609329475172
2004-07-02,9178.018024810435
2004-07-06,9178.018024810435
2004-07-07,9178.018024810435
2004-07-08,9109.412794204794
2004-07-09,9104.858087807692
2004-07-12,9104.377038718323
2004-07-13,9110.886748808713
2004-07-14,9083.154104524565
2004-07-15,9078.612527472304
2004-07-16,9078.612527472304
2004-07-19,9078.612527472304
2004-07-20,9078.612527472304
2004-07-21,8904.984423583332
2004-07-22,8900.53193137154
2004-07-23,8821.248925298576
2004-07-26,8816.838300835927
2004-07-27,8816.838300835927
2004-07-28,8838.888681514343
2004-07-29,8876.543002223587
2004-07-30,8898.189917862444
2004-08-02,8916.637513668371
2004-08-03,8847.327343281759
2004-08-04,8842.903679610119
2004-08-05,8842.903679610119
2004-08-06,8842.903679610119
2004-08-09,8842.903679610119
2004-08-10,8951.800684171909
2004-08-11,8933.608252199321
2004-08-12,8929.141448073222
2004-08-13,8929.141448073222
2004-08-16,8929.141448073222
2004-08-17,8929.141448073222
2004-08-18,8929.141448073222
2004-08-19,8898.67212420729
2004-08-20,8894.222788145187
2004-08-23,8867.200758045292
2004-08-24,8862.76715766627
2004-08-25,8918.364948969305
2004-08-26,8918.364948969305
2004-08-27,8913.905766494821
2004-08-30,8835.556488676524
2004-08-31,8831.138710432186
2004-09-01,8843.396792876909
2004-09-02,8942.936074088673
2004-09-03,8906.315740135098
2004-09-07,8901.862582265032
2004-09-08,8875.305162820116
2004-09-09,8870.867510238706
2004-09-10,8870.867510238706
2004-09-13,8895.417952634749
2004-09-14,8913.437353882517
2004-09-15,8845.73779936129
2004-09-16,8841.314930461609
2004-09-17,8874.40197463802
2004-09-20,8820.908572397238
2004-09-21,8816.49811811104
2004-09-22,8701.348103525232
2004-09-23,8696.99742947347
2004-09-24,8696.99742947347
2004-09-27,8637.06836670627
2004-09-28,8632.749832522917
2004-09-29,8671.773766394572
2004-09-30,8665.565542000504
2004-10-01,8661.232759229504
2004-10-04,8671.368225373322
2004-10-05,8675.938462076609
2004-10-06,8735.148333820725
2004-10-07,8640.95272305384
2004-10-08,8636.632246692314
2004-10-11,8636.632246692314
2004-10-12,8598.612158638402
2004-10-13,8594.312852559084
2004-10-14,8594.312852559084
2004-10-15,8594.312852559084
2004-10-18,8622.397076490854
2004-10-19,8549.517557495374
2004-10-20,8545.242798716627
2004-10-21,8545.242798716627
2004-10-22,8444.40665776341
2004-10-25,8440.184454434528
2004-10-26,8440.184454434528
2004-10-27,8536.756063085006
2004-10-28,8562.432156128956
2004-10-29,8560.91768779535
2004-11-01,8556.637228951453
2004-11-02,8555.372155071593
2004-11-03,8662.443721228048
2004-11-04,8779.92499548061
2004-11-05,8834.743246145832
2004-11-08,8821.927838419611
2004-11-09,8817.516874500401
2004-11-10,8817.516874500401
2004-11-11,8879.94475290239
2004-11-12,8949.737354984873
2004-11-15,8971.698530285264
2004-11-16,8907.241790388742
2004-11-17,8902.788169493548
2004-11-18,8910.344534253018
2004-11-19,8810.735848213342
2004-11-22,8806.330480289236
2004-11-23,8815.352567794998
2004-11-24,8836.218263217923
2004-11-26,8829.497980783057
2004-11-29,8825.083231792665
2004-11-30,8825.083231792665
2004-12-01,8920.416323142417
2004-12-02,8927.895996988318
2004-12-03,8921.90656193276
2004-12-06,8917.445608651793
2004-12-07,8917.445608651793
2004-12-08,8917.445608651793
2004-12-09,8944.458740204263
2004-12-10,8953.462338197356
2004-12-13,9031.15748881797
2004-12-14,9062.607104765415
2004-12-15,9069.360389043433
2004-12-16,9064.106893215341
2004-12-17,9059.574839768735
2004-12-20,9059.574839768735
2004-12-21,9124.540246778784
2004-12-22,9146.494187001825
2004-12-23,9153.310454724826
2004-12-27,9134.348944326724
2004-12-28,9129.781769854562
2004-12-29,9138.768417490544
2004-12-30,9121.436078471019
2004-12-31,9116.875360431784
2005-01-03,9116.875360431784
2005-01-04,9116.875360431784
2005-01-05,9116.875360431784
2005-01-06,9116.875360431784
2005-01-07,9099.241403779546
2005-01-10,9094.691783077657
2005-01-11,9027.25675427155
2005-01-12,9022.743125894414
2005-01-13,8945.650911291314
2005-01-14,8941.178085835669
2005-01-18,9029.24301883137
2005-01-19,8934.271690709113
2005-01-20,8929.804554863758
2005-01-21,8929.804554863758
2005-01-24,8929.804554863758
2005-01-25,8929.804554863758
2005-01-26,8952.04227659316
2005-01-27,8967.299146292318
2005-01-28,8967.299146292318
2005-01-31,8962.815496719173
2005-02-01,9015.041695364738
2005-02-02,9042.295756594707
2005-02-03,9018.762539679077
2005-02-04,9014.253158409238
2005-02-07,8997.74047789573
2005-02-08,8993.241607656782
2005-02-09,8921.162159685748
2005-02-10,8916.701578605906
2005-02-11,8988.612925423758
2005-02-14,8981.914315999704
2005-02-15,8977.423358841705
2005-02-16,8978.860911617225
2005-02-17,8905.971693197209
2005-02-18,8901.518707350611
2005-02-22,8763.72492781638
2005-02-23,8759.343065352472
2005-02-24,8812.703043154976
2005-02-25,8899.492178405937
2005-02-28,8840.665896619916
2005-03-01,8836.245563671606
2005-03-02,8827.454334079433
2005-03-03,8823.040606912395
2005-03-04,8927.8587809443
2005-03-07,8932.22270970351
2005-03-08,8898.696812942433
2005-03-09,8894.247464535962
2005-03-10,8894.247464535962
2005-03-11,8827.225424021639
2005-03-14,8822.811811309628
2005-03-15,8745.266547685424
2005-03-16,8740.893914411581
2005-03-17,8740.893914411581
2005-03-18,8710.534100346653
2005-03-21,8706.17883329648
2005-03-22,8706.17883329648
2005-03-23,8706.17883329648
2005-03-24,8712.232454930074
2005-03-28,8724.867412336216
2005-03-29,8666.660309684525
2005-03-30,8662.326979529684
2005-03-31,8641.85181918432
2005-04-01,8637.530893274728
2005-04-04,8637.530893274728
2005-04-05,8674.23542917518
2005-04-06,8704.27603902738
2005-04-07,8751.12073025683
2005-04-08,8659.639236097239
2005-04-11,8655.309416479191
2005-04-12,8695.574496148374
2005-04-13,8592.406045873477
2005-04-14,8588.109842850541
2005-04-15,8588.109842850541
2005-04-18,8588.109842850541
2005-04-19,8651.798442896765
2005-04-20,8530.253962608169
2005-04-21,8525.988835626866
2005-04-22,8525.988835626866
2005-04-25,8525.988835626866
2005-04-26,8525.988835626866
2005-04-27,8525.988835626866
2005-04-28,8525.988835626866
2005-04-29,8525.988835626866
2005-05-02,8525.988835626866
2005-05-03,8525.988835626866
2005-05-04,8525.988835626866
2005-05-05,8525.988835626866
2005-05-06,8525.988835626866
2005-05-09,8525.988835626866
2005-05-10,8525.988835626866
2005-05-11,8525.988835626866
2005-05-12,8525.988835626866
2005-05-13,8525.988835626866
2005-05-16,8525.988835626866
2005-05-17,8525.988835626866
2005-05-18,8525.988835626866
2005-05-19,8557.536448281808
2005-05-20,8545.330377847915
2005-05-23,8541.05771265899
2005-05-24,8516.797542164895
2005-05-25,8512.539143393813
2005-05-26,8512.539143393813
2005-05-27,8522.452536699971
2005-05-31,8467.706765197707
2005-06-01,8463.472911815108
2005-06-02,8477.48621656731
2005-06-03,8434.555019089412
2005-06-06,8430.337741579868
2005-06-07,8430.337741579868
2005-06-08,8410.665417998789
2005-06-09,8406.46008528979
2005-06-10,8382.695896406984
2005-06-13,8378.50454845878
2005-06-14,8393.75061257999
2005-06-15,8409.707405390602
2005-06-16,8431.212411182576
2005-06-17,8462.39021264272
2005-06-20,8465.183203466817
2005-06-21,8470.060447806234
2005-06-22,8477.033059686903
2005-06-23,8356.949407681454
2005-06-24,8352.770932977613
2005-06-27,8352.770932977613
2005-06-28,8418.406883058342
2005-06-29,8395.951242904395
2005-06-30,8391.753267282944
2005-07-01,8391.753267282944
2005-07-05,8454.689254333458
2005-07-06,8383.519198309325
2005-07-07,8379.32743871017
2005-07-08,8470.298491681577
2005-07-11,8513.47354578498
2005-07-12,8535.788007739806
2005-07-13,8547.649465051501
2005-07-14,8581.094350091855
2005-07-15,8576.20360084673
2005-07-18,8571.915499046307
2005-07-19,8571.915499046307
2005-07-20,8596.842747087618
2005-07-21,8546.552358133034
2005-07-22,8542.279081953968
2005-07-25,8513.773033018046
2005-07-26,8509.516146501537
2005-07-27,8536.250367542138
2005-07-28,8589.864437216242
2005-07-29,8532.439057686299
2005-08-01,8528.172838157456
2005-08-02,8528.172838157456
2005-08-03,8546.503659999744
2005-08-04,8477.701597609404
2005-08-05,8473.462746810601
2005-08-08,8473.462746810601
2005-08-09,8473.462746810601
2005-08-10,8465.104110813274
2005-08-11,8460.871558757868
2005-08-12,8404.543052976616
2005-08-15,8400.340781450128
2005-08-16,8286.192937038202
2005-08-17,8282.049840569684
2005-08-18,8282.049840569684
2005-08-19,8282.049840569684
2005-08-22,8277.9088156494
2005-08-23,8273.769861241575
2005-08-24,8273.769861241575
2005-08-25,8273.769861241575
2005-08-26,8212.963543025227
2005-08-29,8208.857061253715
2005-08-30,8161.464663098291
2005-08-31,8157.383930766742
2005-09-01,8147.315163451933
2005-09-02,8143.241505870207
2005-09-06,8143.241505870207
2005-09-07,8152.981571711203
2005-09-08,8125.964880970342
2005-09-09,8121.901898529857
2005-09-12,8101.527094881953
2005-09-13,8097.476331334513
2005-09-14,8097.476331334513
2005-09-15,8097.476331334513
2005-09-16,8097.476331334513
2005-09-19,8066.501853729109
2005-09-20,8062.468602802245
2005-09-21,8062.468602802245
2005-09-22,8062.468602802245
2005-09-23,8065.085031941829
2005-09-26,8074.373821603586
2005-09-27,8072.382028225548
2005-09-28,8068.3458372114355
2005-09-29,8129.696631931336
2005-09-30,8154.843702633573
2005-10-03,8125.630499338129
2005-10-04,8121.567684088461
2005-10-05,8121.567684088461
2005-10-06,8121.567684088461
2005-10-07,8121.567684088461
2005-10-10,8048.635453006093
2005-10-11,8044.61113527959
2005-10-12,8044.61113527959
2005-10-13,8044.61113527959
2005-10-14,8044.61113527959
2005-10-17,8070.363503428357
2005-10-18,7982.479472619966
2005-10-19,7978.488232883657
2005-10-20,7832.699573263806
2005-10-21,7828.783223477175
2005-10-24,7828.783223477175
2005-10-25,7828.783223477175
2005-10-26,7828.783223477175
2005-10-27,7828.783223477175
2005-10-28,7828.783223477175
2005-10-31,7828.783223477175
2005-11-01,7828.783223477175
2005-11-02,7828.783223477175
2005-11-03,7828.783223477175
2005-11-04,7828.783223477175
2005-11-07,7828.783223477175
2005-11-08,7828.783223477175
2005-11-09,7828.783223477175
2005-11-10,7828.783223477175
2005-11-11,7828.783223477175
2005-11-14,7820.440875548749
2005-11-15,7816.530655110975
2005-11-16,7816.530655110975
2005-11-17,7885.078543216667
2005-11-18,7916.014183678383
2005-11-21,7955.774188266066
2005-11-22,7989.858168732937
2005-11-23,8035.906951519158
2005-11-25,8042.229040685008
2005-11-28,7985.0941819622485
2005-11-29,7981.101634871267
2005-11-30,7981.101634871267
2005-12-01,7981.101634871267
2005-12-02,7987.184097319673
2005-12-05,7970.161744414902
2005-12-06,7966.176663542696
2005-12-07,7915.574408862111
2005-12-08,7911.61662165768
2005-12-09,7911.61662165768
2005-12-12,7915.170758740803
2005-12-13,7968.822976541927
2005-12-14,8000.059921798535
2005-12-15,7976.86467889457
2005-12-16,7972.876246555123
2005-12-19,7972.876246555123
2005-12-20,7972.876246555123
2005-12-21,7981.550292496094
2005-12-22,8023.242077149019
2005-12-23,8027.671554296399
2005-12-27,7945.560410765348
2005-12-28,7941.587630559966
2005-12-29,7902.171938065315
2005-12-30,7898.220852096282
2006-01-03,7898.220852096282
2006-01-04,7931.587454970664
2006-01-05,7936.570460840465
2006-01-06,8002.338644709279
2006-01-09,8022.873954723701
2006-01-10,8030.96983570551
2006-01-11,8056.475275994239
2006-01-12,8024.634075790612
2006-01-13,8020.621758752717
2006-01-17,8020.621758752717
2006-01-18,8020.621758752717
2006-01-19,8020.621758752717
2006-01-20,7868.9877736275685
2006-01-23,7865.053279740755
2006-01-24,7869.205519983428
2006-01-25,7876.045811440141
2006-01-26,7919.450293373641
2006-01-27,7992.4871383569725
2006-01-30,7986.265359112068
2006-01-31,7982.272226432512
2006-02-01,7982.272226432512
2006-02-02,7885.103375455978
2006-02-03,7881.16082376825
2006-02-06,7881.16082376825
2006-02-07,7807.186952390341
2006-02-08,7803.2833589141455
2006-02-09,7786.427977534455
2006-02-10,7782.534763545688
2006-02-13,7764.494328075061
2006-02-14,7760.612080911024
2006-02-15,7784.019251187436
2006-02-16,7842.092648955073
2006-02-17,7820.809176204661
2006-02-21,7816.898771616558
2006-02-22,7816.898771616558
2006-02-23,7801.490159037202
2006-02-24,7797.589413957684
2006-02-27,7796.702494819248
2006-02-28,7722.271105559927
2006-03-01,7718.409970007147
2006-03-02,7713.955761934008
2006-03-03,7710.098784053041
2006-03-06,7710.098784053041
2006-03-07,7710.098784053041
2006-03-08,7710.098784053041
2006-03-09,7654.365562932456
2006-03-10,7650.53838015099
2006-03-13,7660.980913849137
2006-03-14,7740.841564651213
2006-03-15,7775.251803595598
2006-03-16,7791.289242508441
2006-03-17,7797.794337619747
2006-03-20,7785.249577475407
2006-03-21,7781.3569526866695
2006-03-22,7781.3569526866695
2006-03-23,7761.333807576319
2006-03-24,7757.453140672531
2006-03-27,7742.244535913323
2006-03-28,7738.373413645367
2006-03-29,7738.373413645367
2006-03-30,7720.803774159771
2006-03-31,7716.943372272692
2006-04-03,7707.139352836359
2006-04-04,7703.285783159941
2006-04-05,7725.937200876095
2006-04-06,7717.677556089491
2006-04-07,7713.818717311447
2006-04-10,7713.818717311447
2006-04-11,7644.278464199982
2006-04-12,7640.456324967883
2006-04-13,7626.552310292009
2006-04-17,7622.739034136863
2006-04-18,7622.739034136863
2006-04-19,7633.492173707886
2006-04-20,7643.979839259084
2006-04-21,7645.146130582433
2006-04-24,7631.143149030495
2006-04-25,7627.32757745598
2006-04-26,7627.32757745598
2006-04-27,7660.275628374063
2006-04-28,7685.959518891712
2006-05-01,7623.145208429898
2006-05-02,7619.333635825684
2006-05-03,7587.0564663060495
2006-05-04,7583.262938072897
2006-05-05,7646.143396232958
2006-05-08,7636.9090077401415
2006-05-09,7633.090553236272
2006-05-10,7625.24191246234
2006-05-11,7621.42929150611
2006-05-12,7621.42929150611
2006-05-15,7621.42929150611
2006-05-16,7606.425001221242
2006-05-17,7602.621788720632
2006-05-18,7602.621788720632
2006-05-19,7602.621788720632
2006-05-22,7540.579831323596
2006-05-23,7536.809541407935
2006-05-24,7536.809541407935
2006-05-25,7625.655635616204
2006-05-26,7664.363628608295
2006-05-30,7660.531446793991
2006-05-31,7660.531446793991
2006-06-01,7660.531446793991
2006-06-02,7660.531446793991
2006-06-05,7660.531446793991
2006-06-06,7660.531446793991
2006-06-07,7660.531446793991
2006-06-08,7660.531446793991
2006-06-09,7660.531446793991
2006-06-12,7660.531446793991
2006-06-13,7660.531446793991
2006-06-14,7660.531446793991
2006-06-15,7660.531446793991
2006-06-16,7660.531446793991
2006-06-19,7660.531446793991
2006-06-20,7660.531446793991
2006-06-21,7660.531446793991
2006-06-22,7660.531446793991
2006-06-23,7660.531446793991
2006-06-26,7660.531446793991
2006-06-27,7660.531446793991
2006-06-28,7660.531446793991
2006-06-29,7660.531446793991
2006-06-30,7660.531446793991
2006-07-03,7660.531446793991
2006-07-05,7660.531446793991
2006-07-06,7660.531446793991
2006-07-07,7660.531446793991
2006-07-10,7660.531446793991
2006-07-11,7660.531446793991
2006-07-12,7660.531446793991
2006-07-13,7660.531446793991
2006-07-14,7660.531446793991
2006-07-17,7660.531446793991
2006-07-18,7660.531446793991
2006-07-19,7762.254562152286
2006-07-20,7708.964668179439
2006-07-21,7705.11018584535
2006-07-24,7705.11018584535
2006-07-25,7705.11018584535
2006-07-26,7705.11018584535
2006-07-27,7705.11018584535
2006-07-28,7705.11018584535
2006-07-31,7693.426004048271
2006-08-01,7689.579291046248
2006-08-02,7689.579291046248
2006-08-03,7706.118063005814
2006-08-04,7692.907598476735
2006-08-07,7689.061144677497
2006-08-08,7689.061144677497
2006-08-09,7689.061144677497
2006-08-10,7689.061144677497
2006-08-11,7663.456978837846
2006-08-14,7659.6252503484275
2006-08-15,7746.847892748944
2006-08-16,7811.020913821315
2006-08-17,7830.868823037581
2006-08-18,7870.518391210437
2006-08-21,7836.720422534084
2006-08-22,7832.802062322818
2006-08-23,7832.802062322818
2006-08-24,7832.802062322818
2006-08-25,7832.802062322818
2006-08-28,7866.205993974744
2006-08-29,7875.2480259330105
2006-08-30,7880.068705184064
2006-08-31,7878.864557490635
2006-09-01,7874.92512521189
2006-09-05,7885.953185430481
2006-09-06,7816.169698967063
2006-09-07,7812.2616141175795
2006-09-08,7812.2616141175795
2006-09-11,7816.147332002793
2006-09-12,7892.490495574451
2006-09-13,7924.189904171368
2006-09-14,7924.789774533602
2006-09-15,7943.366633858508
2006-09-18,7954.195279496633
2006-09-19,7934.307894919244
2006-09-20,7930.340740971785
2006-09-21,7887.977642034075
2006-09-22,7884.033653213059
2006-09-25,7884.033653213059
2006-09-26,7945.284083752338
2006-09-27,7954.7948889736335
2006-09-28,7951.818244015845
2006-09-29,7947.842334893838
2006-10-02,7947.842334893838
2006-10-03,7947.842334893838
2006-10-04,8036.302586110296
2006-10-05,8051.773642945488
2006-10-06,8041.643128174022
2006-10-09,8037.622306609936
2006-10-10,8044.307575728454
2006-10-11,8034.78721205926
2006-10-12,8030.769818453231
2006-10-13,8047.34772529676
2006-10-16,8059.71268403749
2006-10-17,8034.346552753903
2006-10-18,8030.329379477526
2006-10-19,8039.237139711945
2006-10-20,8041.002721064934
2006-10-23,8077.935123861229
2006-10-24,8101.992062955058
2006-10-25,8129.565441599027
2006-10-26,8154.790647969185
2006-10-27,8103.5053753262955
2006-10-30,8099.453622638633
2006-10-31,8099.453622638633
2006-11-01,8099.453622638633
2006-11-02,8099.453622638633
2006-11-03,8099.453622638633
2006-11-06,8099.453622638633
2006-11-07,8126.429877949004
2006-11-08,8143.999003776721
2006-11-09,8101.087014531099
2006-11-10,8097.036471023834
2006-11-13,8112.877440945032
2006-11-14,8173.535796042752
2006-11-15,8196.91762388599
2006-11-16,8217.965157368943
2006-11-17,8220.30544553913
2006-11-20,8224.987901963112
2006-11-21,8233.183315377648
2006-11-22,8249.558364849421
2006-11-24,8216.122121979965
2006-11-27,8212.014060918975
2006-11-28,8212.014060918975
2006-11-29,8293.116778958474
2006-11-30,8296.659039676957
2006-12-01,8278.337948221733
2006-12-04,8274.198779247623
2006-12-05,8305.703689359974
2006-12-06,8298.681815811742
2006-12-07,8294.532474903837
2006-12-08,8294.532474903837
2006-12-11,8314.392514736575
2006-12-12,8307.945790811147
2006-12-13,8303.791817915742
2006-12-14,8372.485481698686
2006-12-15,8373.251103990868
2006-12-18,8350.276626469864
2006-12-19,8346.10148815663
2006-12-20,8337.238172073525
2006-12-21,8333.069552987488
2006-12-22,8333.069552987488
2006-12-26,8333.069552987488
2006-12-27,8383.46166862282
2006-12-28,8365.79367524009
2006-12-29,8361.61077840247
2007-01-03,8361.61077840247
2007-01-04,8361.61077840247
2007-01-05,8290.466932404108
2007-01-08,8286.321698937907
2007-01-09,8275.134892682881
2007-01-10,8270.99732523654
2007-01-11,8303.013089157348
2007-01-12,8365.853901290095
2007-01-16,8349.483084889463
2007-01-17,8345.30834334702
2007-01-18,8313.080841248448
2007-01-19,8308.924300827824
2007-01-22,8279.133966864727
2007-01-23,8274.994399881294
2007-01-24,8337.231059995893
2007-01-25,8238.770909613659
2007-01-26,8234.651524158853
2007-01-29,8234.651524158853
2007-01-30,8234.651524158853
2007-01-31,8285.708182683775
2007-02-01,8335.128093496893
2007-02-02,8346.648256275968
2007-02-05,8348.956553722795
2007-02-06,8351.262357405465
2007-02-07,8369.6828964675
2007-02-08,8358.726352174846
2007-02-09,8354.54698899876
2007-02-12,8354.54698899876
2007-02-13,8354.54698899876
2007-02-14,8405.05223663121
2007-02-15,8416.013648529519
2007-02-16,8411.972618647036
2007-02-20,8407.766632337713
2007-02-21,8400.105004796289
2007-02-22,8395.904952293891
2007-02-23,8395.904952293891
2007-02-26,8395.904952293891
2007-02-27,8395.904952293891
2007-02-28,8395.904952293891
2007-03-01,8395.904952293891
2007-03-02,8395.904952293891
2007-03-05,8395.904952293891
2007-03-06,8395.904952293891
2007-03-07,8395.904952293891
2007-03-08,8395.904952293891
2007-03-09,8395.904952293891
2007-03-12,8395.904952293891
2007-03-13,8395.904952293891
2007-03-14,8395.904952293891
2007-03-15,8395.904952293891
2007-03-16,8395.904952293891
2007-03-19,8395.904952293891
2007-03-20,8395.904952293891
2007-03-21,8395.904952293891
2007-03-22,8395.904952293891
2007-03-23,8395.904952293891
2007-03-26,8395.904952293891
2007-03-27,8395.904952293891
2007-03-28,8395.904952293891
2007-03-29,8395.904952293891
2007-03-30,8395.904952293891
2007-04-02,8401.164426498668
2007-04-03,8491.097146561257
2007-04-04,8500.54682422737
2007-04-05,8523.564219195743
2007-04-09,8535.372905937356
2007-04-10,8545.412857408146
2007-04-11,8510.479420734193
2007-04-12,8506.224181023827
2007-04-13,8540.69325020711
2007-04-16,8621.415418419607
2007-04-17,8644.30400319305
2007-04-18,8654.877297026034
2007-04-19,8652.522260762513
2007-04-20,8648.195999632131
2007-04-23,8611.221667466616
2007-04-24,8606.916056632883
2007-04-25,8681.282178629403
2007-04-26,8691.14714832852
2007-04-27,8684.177813637889
2007-04-30,8679.83572473107
2007-05-01,8679.83572473107
2007-05-02,8726.140367634074
2007-05-03,8773.28412425134
2007-05-04,8806.475031362132
2007-05-07,8808.227425882593
2007-05-08,8796.54973039887
2007-05-09,8792.15145553367
2007-05-10,8695.370264685833
2007-05-11,8691.02257955349
2007-05-14,8667.647380034206
2007-05-15,8663.31355634419
2007-05-16,8718.04099044922
2007-05-17,8700.775585368145
2007-05-18,8696.425197575461
2007-05-21,8687.521296025963
2007-05-22,8683.17753537795
2007-05-23,8683.17753537795
2007-05-24,8599.872019213128
2007-05-25,8595.572083203522
2007-05-29,8622.38425000524
2007-05-30,8692.325206954865
2007-05-31,8683.258254234022
2007-06-01,8678.916625106905
2007-06-04,8675.707361704308
2007-06-05,8641.294274519765
2007-06-06,8636.973627382506
2007-06-07,8636.973627382506
2007-06-08,8636.973627382506
2007-06-11,8647.515387202084
2007-06-12,8552.689085846854
2007-06-13,8548.412741303931
2007-06-14,8598.5534164042
2007-06-15,8647.34096066231
2007-06-18,8637.166780864038
2007-06-19,8632.848197473606
2007-06-20,8507.719879931701
2007-06-21,8503.466019991736
2007-06-22,8503.466019991736
2007-06-25,8503.466019991736
2007-06-26,8503.466019991736
2007-06-27,8503.466019991736
2007-06-28,8503.466019991736
2007-06-29,8503.466019991736
2007-07-02,8503.466019991736
2007-07-03,8503.466019991736
2007-07-05,8503.466019991736
2007-07-06,8503.466019991736
2007-07-09,8505.882400035773
2007-07-10,8383.89465942933
2007-07-11,8379.702712099615
2007-07-12,8379.702712099615
2007-07-13,8400.438159683206
2007-07-16,8399.35652817007
2007-07-17,8395.156849905985
2007-07-18,8395.156849905985
2007-07-19,8395.156849905985
2007-07-20,8305.531788227783
2007-07-23,8301.37902233367
2007-07-24,8152.012404647619
2007-07-25,8147.936398445296
2007-07-26,8147.936398445296
2007-07-27,8147.936398445296
2007-07-30,8147.936398445296
2007-07-31,8147.936398445296
2007-08-01,8147.936398445296
2007-08-02,8147.936398445296
2007-08-03,8147.936398445296
2007-08-06,8147.936398445296
2007-08-07,8147.936398445296
2007-08-08,8147.936398445296
2007-08-09,8147.936398445296
2007-08-10,8147.936398445296
2007-08-13,8147.936398445296
2007-08-14,8147.936398445296
2007-08-15,8147.936398445296
2007-08-16,8147.936398445296
2007-08-17,8147.936398445296
2007-08-20,8147.936398445296
2007-08-21,8147.936398445296
2007-08-22,8147.936398445296
2007-08-23,8147.936398445296
2007-08-24,8147.936398445296
2007-08-27,8147.936398445296
2007-08-28,8147.936398445296
2007-08-29,8147.936398445296
2007-08-30,8147.936398445296
2007-08-31,8147.936398445296
2007-09-04,8147.936398445296
2007-09-05,8147.936398445296
2007-09-06,8147.936398445296
2007-09-07,8147.936398445296
2007-09-10,8147.936398445296
2007-09-11,8147.936398445296
2007-09-12,8147.936398445296
2007-09-13,8147.936398445296
2007-09-14,8147.936398445296
2007-09-17,8147.936398445296
2007-09-18,8147.936398445296
2007-09-19,8147.936398445296
2007-09-20,8147.936398445296
2007-09-21,8147.936398445296
2007-09-24,8147.936398445296
2007-09-25,8147.936398445296
2007-09-26,8147.936398445296
2007-09-27,8147.936398445296
2007-09-28,8147.936398445296
2007-10-01,8147.936398445296
2007-10-02,8147.936398445296
2007-10-03,8147.936398445296
2007-10-04,8147.936398445296
2007-10-05,8147.936398445296
2007-10-08,8100.3549465168435
2007-10-09,8096.304769043585
2007-10-10,8078.789786392621
2007-10-11,8074.750391499425
2007-10-12,8074.750391499425
2007-10-15,8074.750391499425
2007-10-16,8074.750391499425
2007-10-17,8074.750391499425
2007-10-18,8041.347825501148
2007-10-19,8037.327151588398
2007-10-22,8037.327151588398
2007-10-23,8037.327151588398
2007-10-24,8037.327151588398
2007-10-25,8037.327151588398
2007-10-26,8037.327151588398
2007-10-29,8037.327151588398
2007-10-30,8037.327151588398
2007-10-31,8037.327151588398
2007-11-01,8037.327151588398
2007-11-02,8037.327151588398
2007-11-05,8037.327151588398
2007-11-06,8037.327151588398
2007-11-07,8037.327151588398
2007-11-08,8037.327151588398
2007-11-09,8037.327151588398
2007-11-12,8037.327151588398
2007-11-13,8037.327151588398
2007-11-14,8037.327151588398
2007-11-15,8037.327151588398
2007-11-16,8037.327151588398
2007-11-19,8037.327151588398
2007-11-20,8037.327151588398
2007-11-21,8037.327151588398
2007-11-23,8037.327151588398
2007-11-26,8037.327151588398
2007-11-27,8037.327151588398
2007-11-28,8037.327151588398
2007-11-29,8037.327151588398
2007-11-30,8037.327151588398
2007-12-03,8037.327151588398
2007-12-04,8037.327151588398
2007-12-05,8037.327151588398
2007-12-06,8037.327151588398
2007-12-07,8037.327151588398
2007-12-10,8037.327151588398
2007-12-11,8037.327151588398
2007-12-12,8037.327151588398
2007-12-13,8037.327151588398
2007-12-14,8037.327151588398
2007-12-17,8037.327151588398
2007-12-18,8037.327151588398
2007-12-19,8037.327151588398
2007-12-20,8037.327151588398
2007-12-21,8037.327151588398
2007-12-24,8037.327151588398
2007-12-26,8037.327151588398
2007-12-27,8037.327151588398
2007-12-28,8037.327151588398
2007-12-31,8037.327151588398
2008-01-02,8037.327151588398
2008-01-03,8037.327151588398
2008-01-04,8037.327151588398
2008-01-07,8037.327151588398
2008-01-08,8037.327151588398
2008-01-09,8037.327151588398
2008-01-10,8037.327151588398
2008-01-11,8037.327151588398
2008-01-14,8037.327151588398
2008-01-15,8037.327151588398
2008-01-16,8037.327151588398
2008-01-17,8037.327151588398
2008-01-18,8037.327151588398
2008-01-22,8037.327151588398
2008-01-23,8037.327151588398
2008-01-24,8037.327151588398
2008-01-25,8037.327151588398
2008-01-28,8037.327151588398
2008-01-29,8037.327151588398
2008-01-30,8037.327151588398
2008-01-31,8037.327151588398
2008-02-01,8037.327151588398
2008-02-04,8037.327151588398
2008-02-05,8037.327151588398
2008-02-06,8037.327151588398
2008-02-07,8037.327151588398
2008-02-08,8037.327151588398
2008-02-11,8037.327151588398
2008-02-12,8037.327151588398
2008-02-13,8037.327151588398
2008-02-14,8037.327151588398
2008-02-15,8037.327151588398
2008-02-19,8037.327151588398
2008-02-20,8037.327151588398
2008-02-21,8037.327151588398
2008-02-22,8037.327151588398
2008-02-25,8037.327151588398
2008-02-26,8037.327151588398
2008-02-27,8037.327151588398
2008-02-28,8037.327151588398
2008-02-29,8037.327151588398
2008-03-03,8037.327151588398
2008-03-04,8037.327151588398
2008-03-05,8037.327151588398
2008-03-06,8037.327151588398
2008-03-07,8037.327151588398
2008-03-10,8037.327151588398
2008-03-11,8037.327151588398
2008-03-12,8037.327151588398
2008-03-13,8037.327151588398
2008-03-14,8037.327151588398
2008-03-17,8037.327151588398
2008-03-18,8037.327151588398
2008-03-19,8037.327151588398
2008-03-20,8037.327151588398
2008-03-24,8037.327151588398
2008-03-25,8037.327151588398
2008-03-26,8037.327151588398
2008-03-27,8037.327151588398
2008-03-28,8037.327151588398
2008-03-31,8037.327151588398
2008-04-01,8037.327151588398
2008-04-02,8037.327151588398
2008-04-03,8037.327151588398
2008-04-04,8037.327151588398
2008-04-07,8037.327151588398
2008-04-08,8037.327151588398
2008-04-09,8037.327151588398
2008-04-10,8037.327151588398
2008-04-11,8037.327151588398
2008-04-14,8037.327151588398
2008-04-15,8037.327151588398
2008-04-16,8037.327151588398
2008-04-17,8037.327151588398
2008-04-18,8037.327151588398
2008-04-21,8037.327151588398
2008-04-22,8037.327151588398
2008-04-23,8037.327151588398
2008-04-24,8037.327151588398
2008-04-25,8037.327151588398
2008-04-28,8037.327151588398
2008-04-29,8037.327151588398
2008-04-30,8037.327151588398
2008-05-01,8037.327151588398
2008-05-02,8037.327151588398
2008-05-05,8037.327151588398
2008-05-06,8037.327151588398
2008-05-07,8037.327151588398
2008-05-08,8037.327151588398
2008-05-09,8037.327151588398
2008-05-12,8037.327151588398
2008-05-13,8037.327151588398
2008-05-14,8037.327151588398
2008-05-15,8133.170854298153
2008-05-16,8140.58395552926
2008-05-19,8162.809655247367
2008-05-20,8096.344889705303
2008-05-21,8092.296717260451
2008-05-22,8092.296717260451
2008-05-23,8092.296717260451
2008-05-27,8092.296717260451
2008-05-28,8092.296717260451
2008-05-29,8092.296717260451
2008-05-30,8092.296717260451
2008-06-02,8092.296717260451
2008-06-03,8092.296717260451
2008-06-04,8092.296717260451
2008-06-05,8092.296717260451
2008-06-06,8092.296717260451
2008-06-09,8092.296717260451
2008-06-10,8092.296717260451
2008-06-11,8092.296717260451
2008-06-12,8092.296717260451
2008-06-13,8092.296717260451
2008-06-16,8092.296717260451
2008-06-17,8092.296717260451
2008-06-18,8092.296717260451
2008-06-19,8092.296717260451
2008-06-20,8092.296717260451
2008-06-23,8092.296717260451
2008-06-24,8092.296717260451
2008-06-25,8092.296717260451
2008-06-26,8092.296717260451
2008-06-27,8092.296717260451
2008-06-30,8092.296717260451
2008-07-01,8092.296717260451
2008-07-02,8092.296717260451
2008-07-03,8092.296717260451
2008-07-07,8092.296717260451
2008-07-08,8092.296717260451
2008-07-09,8092.296717260451
2008-07-10,8092.296717260451
2008-07-11,8092.296717260451
2008-07-14,8092.296717260451
2008-07-15,8092.296717260451
2008-07-16,8092.296717260451
2008-07-17,8092.296717260451
2008-07-18,8092.296717260451
2008-07-21,8092.296717260451
2008-07-22,8092.296717260451
2008-07-23,8092.296717260451
2008-07-24,8092.296717260451
2008-07-25,8092.296717260451
2008-07-28,8092.296717260451
2008-07-29,8092.296717260451
2008-07-30,8092.296717260451
2008-07-31,8092.296717260451
2008-08-01,8092.296717260451
2008-08-04,8092.296717260451
2008-08-05,8092.296717260451
2008-08-06,8092.296717260451
2008-08-07,8092.296717260451
2008-08-08,8092.296717260451
2008-08-11,8092.296717260451
2008-08-12,8092.296717260451
2008-08-13,8092.296717260451
2008-08-14,8092.296717260451
2008-08-15,8092.296717260451
2008-08-18,8092.296717260451
2008-08-19,8092.296717260451
2008-08-20,8092.296717260451
2008-08-21,8092.296717260451
2008-08-22,8092.296717260451
2008-08-25,8092.296717260451
2008-08-26,8092.296717260451
2008-08-27,8092.296717260451
2008-08-28,8092.296717260451
2008-08-29,8092.296717260451
2008-09-02,8092.296717260451
2008-09-03,8092.296717260451
2008-09-04,8092.296717260451
2008-09-05,8092.296717260451
2008-09-08,8092.296717260451
2008-09-09,8092.296717260451
2008-09-10,8092.296717260451
2008-09-11,8092.296717260451
2008-09-12,8092.296717260451
2008-09-15,8092.296717260451
2008-09-16,8092.296717260451
2008-09-17,8092.296717260451
2008-09-18,8092.296717260451
2008-09-19,8092.296717260451
2008-09-22,8092.296717260451
2008-09-23,8092.296717260451
2008-09-24,8092.296717260451
2008-09-25,8092.296717260451
2008-09-26,8092.296717260451
2008-09-29,8092.296717260451
2008-09-30,8092.296717260451
2008-10-01,8092.296717260451
2008-10-02,8092.296717260451
2008-10-03,8092.296717260451
2008-10-06,8092.296717260451
2008-10-07,8092.296717260451
2008-10-08,8092.296717260451
2008-10-09,8092.296717260451
2008-10-10,8092.296717260451
2008-10-13,8092.296717260451
2008-10-14,8092.296717260451
2008-10-15,8092.296717260451
2008-10-16,8092.296717260451
2008-10-17,8092.296717260451
2008-10-20,8092.296717260451
2008-10-21,8092.296717260451
2008-10-22,8092.296717260451
2008-10-23,8092.296717260451
2008-10-24,8092.296717260451
2008-10-27,8092.296717260451
2008-10-28,8092.296717260451
2008-10-29,8092.296717260451
2008-10-30,8092.296717260451
2008-10-31,8092.296717260451
2008-11-03,8092.296717260451
2008-11-04,8092.296717260451
2008-11-05,8092.296717260451
2008-11-06,8092.296717260451
2008-11-07,8092.296717260451
2008-11-10,8092.296717260451
2008-11-11,8092.296717260451
2008-11-12,8092.296717260451
2008-11-13,8092.296717260451
2008-11-14,8092.296717260451
2008-11-17,8092.296717260451
2008-11-18,8092.296717260451
2008-11-19,8092.296717260451
2008-11-20,8092.296717260451
2008-11-21,8092.296717260451
2008-11-24,8092.296717260451
2008-11-25,8092.296717260451
2008-11-26,8092.296717260451
2008-11-28,8092.296717260451
2008-12-01,8092.296717260451
2008-12-02,8092.296717260451
2008-12-03,8092.296717260451
2008-12-04,8092.296717260451
2008-12-05,8092.296717260451
2008-12-08,8092.296717260451
2008-12-09,8092.296717260451
2008-12-10,8092.296717260451
2008-12-11,8092.296717260451
2008-12-12,8092.296717260451
2008-12-15,8092.296717260451
2008-12-16,8092.296717260451
2008-12-17,8092.296717260451
2008-12-18,8092.296717260451
2008-12-19,8092.296717260451
2008-12-22,8092.296717260451
2008-12-23,8092.296717260451
2008-12-24,8092.296717260451
2008-12-26,8092.296717260451
2008-12-29,8092.296717260451
2008-12-30,8092.296717260451
2008-12-31,8092.296717260451
2009-01-02,8092.296717260451
2009-01-05,8092.296717260451
2009-01-06,8092.296717260451
2009-01-07,8092.296717260451
2009-01-08,8092.296717260451
2009-01-09,8092.296717260451
2009-01-12,8092.296717260451
2009-01-13,8092.296717260451
2009-01-14,8092.296717260451
2009-01-15,8092.296717260451
2009-01-16,8092.296717260451
2009-01-20,8092.296717260451
2009-01-21,8092.296717260451
2009-01-22,8092.296717260451
2009-01-23,8092.296717260451
2009-01-26,8092.296717260451
2009-01-27,8092.296717260451
2009-01-28,8092.296717260451
2009-01-29,8092.296717260451
2009-01-30,8092.296717260451
2009-02-02,8092.296717260451
2009-02-03,8092.296717260451
2009-02-04,8092.296717260451
2009-02-05,8092.296717260451
2009-02-06,8092.296717260451
2009-02-09,8092.296717260451
2009-02-10,8092.296717260451
2009-02-11,8092.296717260451
2009-02-12,8092.296717260451
2009-02-13,8092.296717260451
2009-02-17,8092.296717260451
2009-02-18,8092.296717260451
2009-02-19,8092.296717260451
2009-02-20,8092.296717260451
2009-02-23,8092.296717260451
2009-02-24,8092.296717260451
2009-02-25,8092.296717260451
2009-02-26,8092.296717260451
2009-02-27,8092.296717260451
2009-03-02,8092.296717260451
2009-03-03,8092.296717260451
2009-03-04,8092.296717260451
2009-03-05,8092.296717260451
2009-03-06,8092.296717260451
2009-03-09,8092.296717260451
2009-03-10,8092.296717260451
2009-03-11,8092.296717260451
2009-03-12,8092.296717260451
2009-03-13,8092.296717260451
2009-03-16,8092.296717260451
2009-03-17,8092.296717260451
2009-03-18,8092.296717260451
2009-03-19,8092.296717260451
2009-03-20,8092.296717260451
2009-03-23,8092.296717260451
2009-03-24,8092.296717260451
2009-03-25,8092.296717260451
2009-03-26,8092.296717260451
2009-03-27,8092.296717260451
2009-03-30,8092.296717260451
2009-03-31,8092.296717260451
2009-04-01,8092.296717260451
2009-04-02,8092.296717260451
2009-04-03,8092.296717260451
2009-04-06,8092.296717260451
2009-04-07,8092.296717260451
2009-04-08,8092.296717260451
2009-04-09,8092.296717260451
2009-04-13,8092.296717260451
2009-04-14,8092.296717260451
2009-04-15,8092.296717260451
2009-04-16,8092.296717260451
2009-04-17,8092.296717260451
2009-04-20,8092.296717260451
2009-04-21,8092.296717260451
2009-04-22,8092.296717260451
2009-04-23,8092.296717260451
2009-04-24,8092.296717260451
2009-04-27,8092.296717260451
2009-04-28,8092.296717260451
2009-04-29,8092.296717260451
2009-04-30,8092.296717260451
2009-05-01,8092.296717260451
2009-05-04,8092.296717260451
2009-05-05,8092.296717260451
2009-05-06,8092.296717260451
2009-05-07,8092.296717260451
2009-05-08,8092.296717260451
2009-05-11,8092.296717260451
2009-05-12,8092.296717260451
2009-05-13,8092.296717260451
2009-05-14,8092.296717260451
2009-05-15,8092.296717260451
2009-05-18,8092.296717260451
2009-05-19,8092.296717260451
2009-05-20,8092.296717260451
2009-05-21,8092.296717260451
2009-05-22,8092.296717260451
2009-05-26,8092.296717260451
2009-05-27,8092.296717260451
2009-05-28,8092.296717260451
2009-05-29,8092.296717260451
2009-06-01,8092.296717260451
2009-06-02,8092.296717260451
2009-06-03,8092.296717260451
2009-06-04,8092.296717260451
2009-06-05,8092.296717260451
2009-06-08,8092.296717260451
2009-06-09,8092.296717260451
2009-06-10,8092.296717260451
2009-06-11,8092.296717260451
2009-06-12,8092.296717260451
2009-06-15,8092.296717260451
2009-06-16,8092.296717260451
2009-06-17,8092.296717260451
2009-06-18,8092.296717260451
2009-06-19,8092.296717260451
2009-06-22,8092.296717260451
2009-06-23,8092.296717260451
2009-06-24,8092.296717260451
2009-06-25,8092.296717260451
2009-06-26,8092.296717260451
2009-06-29,8092.296717260451
2009-06-30,8092.296717260451
2009-07-01,8092.296717260451
2009-07-02,8092.296717260451
2009-07-06,8092.296717260451
2009-07-07,8092.296717260451
2009-07-08,8092.296717260451
2009-07-09,8092.296717260451
2009-07-10,8092.296717260451
2009-07-13,8092.296717260451
2009-07-14,8092.296717260451
2009-07-15,8092.296717260451
2009-07-16,8092.296717260451
2009-07-17,8092.296717260451
2009-07-20,8092.296717260451
2009-07-21,8092.296717260451
2009-07-22,8092.296717260451
2009-07-23,8092.296717260451
2009-07-24,8092.296717260451
2009-07-27,8092.296717260451
2009-07-28,8092.296717260451
2009-07-29,8092.296717260451
2009-07-30,8092.296717260451
2009-07-31,8092.296717260451
2009-08-03,8092.296717260451
2009-08-04,8092.296717260451
2009-08-05,8092.296717260451
2009-08-06,8092.296717260451
2009-08-07,8092.296717260451
2009-08-10,8092.296717260451
2009-08-11,8092.296717260451
2009-08-12,8092.296717260451
2009-08-13,8149.832492012991
2009-08-14,8145.757575766985
2009-08-17,8145.757575766985
2009-08-18,8145.757575766985
2009-08-19,8145.757575766985
2009-08-20,8145.757575766985
2009-08-21,8145.757575766985
2009-08-24,8145.757575766985
2009-08-25,8145.757575766985
2009-08-26,8145.757575766985
2009-08-27,8145.757575766985
2009-08-28,8145.757575766985
2009-08-31,8145.757575766985
2009-09-01,8145.757575766985
2009-09-02,8145.757575766985
2009-09-03,8145.757575766985
2009-09-04,8145.757575766985
2009-09-08,8145.757575766985
2009-09-09,8145.757575766985
2009-09-10,8145.757575766985
2009-09-11,8145.757575766985
2009-09-14,8145.757575766985
2009-09-15,8145.757575766985
2009-09-16,8145.757575766985
2009-09-17,8145.757575766985
2009-09-18,8145.757575766985
2009-09-21,8145.757575766985
2009-09-22,8145.757575766985
2009-09-23,8073.693510341494
2009-09-24,8069.656663586324
2009-09-25,8069.656663586324
2009-09-28,8069.656663586324
2009-09-29,8069.656663586324
2009-09-30,8069.656663586324
2009-10-01,8069.656663586324
2009-10-02,8069.656663586324
2009-10-05,8069.656663586324
2009-10-06,8069.656663586324
2009-10-07,8069.656663586324
2009-10-08,8069.656663586324
2009-10-09,8069.656663586324
2009-10-12,8069.656663586324
2009-10-13,8069.656663586324
2009-10-14,8069.656663586324
2009-10-15,8069.656663586324
2009-10-16,8069.656663586324
2009-10-19,8069.656663586324
2009-10-20,8069.656663586324
2009-10-21,8069.656663586324
2009-10-22,8069.656663586324
2009-10-23,8069.656663586324
2009-10-26,8069.656663586324
2009-10-27,8069.656663586324
2009-10-28,8069.656663586324
2009-10-29,8069.656663586324
2009-10-30,8069.656663586324
2009-11-02,8069.656663586324
2009-11-03,8069.656663586324
2009-11-04,8069.656663586324
2009-11-05,8069.656663586324
2009-11-06,8069.656663586324
2009-11-09,8069.656663586324
2009-11-10,8069.656663586324
2009-11-11,8069.656663586324
2009-11-12,8069.656663586324
2009-11-13,8069.656663586324
2009-11-16,8069.656663586324
2009-11-17,8069.656663586324
2009-11-18,8069.656663586324
2009-11-19,8069.656663586324
2009-11-20,8069.656663586324
2009-11-23,8069.656663586324
2009-11-24,8069.656663586324
2009-11-25,8069.656663586324
2009-11-27,8069.656663586324
2009-11-30,8069.656663586324
2009-12-01,8069.656663586324
2009-12-02,8069.656663586324
2009-12-03,8069.656663586324
2009-12-04,8069.656663586324
2009-12-07,8069.656663586324
2009-12-08,8069.656663586324
2009-12-09,8069.656663586324
2009-12-10,8110.972398950133
2009-12-11,8145.352112451927
2009-12-14,8200.878503826565
2009-12-15,8162.670521822213
2009-12-16,8158.589186561303
2009-12-17,8055.885252126666
2009-12-18,8051.857309500603
2009-12-21,8129.248140546477
2009-12-22,8158.404339762256
2009-12-23,8174.450814680094
2009-12-24,8213.059589534965
2009-12-28,8230.565854120428
2009-12-29,8218.867865153185
2009-12-30,8214.758431220609
2009-12-31,8214.758431220609
2010-01-04,8214.758431220609
2010-01-05,8232.366481936773
2010-01-06,8238.157868785505
2010-01-07,8272.862832257797
2010-01-08,8300.348675909634
2010-01-11,8311.92947653992
2010-01-12,8234.04729828875
2010-01-13,8229.930274639606
2010-01-14,8248.043671566364
2010-01-15,8154.9418900650835
2010-01-19,8150.864419120051
2010-01-20,8063.48094970063
2010-01-21,8059.44920922578
2010-01-22,8059.44920922578
2010-01-25,8059.44920922578
2010-01-26,8059.44920922578
2010-01-27,8059.44920922578
2010-01-28,8059.44920922578
2010-01-29,8059.44920922578
2010-02-01,8059.44920922578
2010-02-02,8059.44920922578
2010-02-03,8059.44920922578
2010-02-04,8059.44920922578
2010-02-05,8059.44920922578
2010-02-08,8059.44920922578
2010-02-09,8059.44920922578
2010-02-10,8059.44920922578
2010-02-11,8059.44920922578
2010-02-12,8059.44920922578
2010-02-16,8059.44920922578
2010-02-17,8059.44920922578
2010-02-18,8059.44920922578
2010-02-19,8059.44920922578
2010-02-22,8059.44920922578
2010-02-23,8059.44920922578
2010-02-24,8059.44920922578
2010-02-25,8059.44920922578
2010-02-26,8059.44920922578
2010-03-01,8059.44920922578
2010-03-02,8059.44920922578
2010-03-03,8059.44920922578
2010-03-04,8059.44920922578
2010-03-05,8059.44920922578
2010-03-08,8056.829779532107
2010-03-09,8070.216646198934
2010-03-10,8106.096557195943
2010-03-11,8139.866716063557
2010-03-12,8140.5700985551775
2010-03-15,8142.688639708126
2010-03-16,8207.296462658185
2010-03-17,8255.79905758629
2010-03-18,8251.569124780737
2010-03-19,8247.443340218348
2010-03-22,8247.443340218348
2010-03-23,8301.125658233463
2010-03-24,8260.72844187772
2010-03-25,8256.598077656781
2010-03-26,8256.598077656781
2010-03-29,8256.598077656781
2010-03-30,8258.097375655463
2010-03-31,8229.912987579106
2010-04-01,8225.798031085316
2010-04-05,8288.448453823374
2010-04-06,8307.966344644025
2010-04-07,8260.373871700938
2010-04-08,8256.243684765088
2010-04-09,8306.158915581347
2010-04-12,8319.350177316306
2010-04-13,8325.603527718129
2010-04-14,8419.559999105615
2010-04-15,8426.504821845303
2010-04-16,8291.343425820385
2010-04-19,8287.197754107476
2010-04-20,8356.735957371424
2010-04-21,8341.515685633785
2010-04-22,8337.34492779097
2010-04-23,8387.425403406247
2010-04-26,8355.693171769397
2010-04-27,8351.515325183513
2010-04-28,8351.515325183513
2010-04-29,8351.515325183513
2010-04-30,8351.515325183513
2010-05-03,8351.515325183513
2010-05-04,8351.515325183513
2010-05-05,8351.515325183513
2010-05-06,8351.515325183513
2010-05-07,8351.515325183513
2010-05-10,8351.515325183513
2010-05-11,8351.515325183513
2010-05-12,8351.515325183513
2010-05-13,8351.515325183513
2010-05-14,8351.515325183513
2010-05-17,8351.515325183513
2010-05-18,8351.515325183513
2010-05-19,8351.515325183513
2010-05-20,8351.515325183513
2010-05-21,8351.515325183513
2010-05-24,8351.515325183513
2010-05-25,8351.515325183513
2010-05-26,8351.515325183513
2010-05-27,8351.515325183513
2010-05-28,8351.515325183513
2010-06-01,8351.515325183513
2010-06-02,8351.515325183513
2010-06-03,8351.515325183513
2010-06-04,8351.515325183513
2010-06-07,8351.515325183513
2010-06-08,8351.515325183513
2010-06-09,8351.515325183513
2010-06-10,8351.515325183513
2010-06-11,8351.515325183513
2010-06-14,8351.515325183513
2010-06-15,8351.515325183513
2010-06-16,8351.515325183513
2010-06-17,8351.515325183513
2010-06-18,8351.515325183513
2010-06-21,8351.515325183513
2010-06-22,8351.515325183513
2010-06-23,8351.515325183513
2010-06-24,8351.515325183513
2010-06-25,8351.515325183513
2010-06-28,8351.515325183513
2010-06-29,8351.515325183513
2010-06-30,8351.515325183513
2010-07-01,8351.515325183513
2010-07-02,8351.515325183513
2010-07-06,8351.515325183513
2010-07-07,8351.515325183513
2010-07-08,8351.515325183513
2010-07-09,8351.515325183513
2010-07-12,8351.515325183513
2010-07-13,8351.515325183513
2010-07-14,8351.515325183513
2010-07-15,8351.515325183513
2010-07-16,8351.515325183513
2010-07-19,8351.515325183513
2010-07-20,8351.515325183513
2010-07-21,8351.515325183513
2010-07-22,8351.515325183513
2010-07-23,8351.515325183513
2010-07-26,8351.515325183513
2010-07-27,8351.515325183513
2010-07-28,8351.515325183513
2010-07-29,8351.515325183513
2010-07-30,8351.515325183513
2010-08-02,8351.515325183513
2010-08-03,8351.515325183513
2010-08-04,8351.515325183513
2010-08-05,8351.515325183513
2010-08-06,8351.515325183513
2010-08-09,8351.515325183513
2010-08-10,8351.515325183513
2010-08-11,8351.515325183513
2010-08-12,8351.515325183513
2010-08-13,8351.515325183513
2010-08-16,8351.515325183513
2010-08-17,8351.515325183513
2010-08-18,8351.515325183513
2010-08-19,8351.515325183513
2010-08-20,8351.515325183513
2010-08-23,8351.515325183513
2010-08-24,8351.515325183513
2010-08-25,8351.515325183513
2010-08-26,8351.515325183513
2010-08-27,8351.515325183513
2010-08-30,8351.515325183513
2010-08-31,8351.515325183513
2010-09-01,8351.515325183513
2010-09-02,8351.515325183513
2010-09-03,8351.515325183513
2010-09-07,8351.515325183513
2010-09-08,8351.515325183513
2010-09-09,8351.515325183513
2010-09-10,8351.515325183513
2010-09-13,8351.515325183513
2010-09-14,8351.515325183513
2010-09-15,8351.515325183513
2010-09-16,8351.515325183513
2010-09-17,8351.515325183513
2010-09-20,8351.515325183513
2010-09-21,8351.515325183513
2010-09-22,8351.515325183513
2010-09-23,8351.515325183513
2010-09-24,8351.515325183513
2010-09-27,8351.515325183513
2010-09-28,8351.515325183513
2010-09-29,8351.515325183513
2010-09-30,8351.515325183513
2010-10-01,8351.515325183513
2010-10-04,8284.437608297543
2010-10-05,8280.295389493394
2010-10-06,8275.44334980538
2010-10-07,8271.305628130478
2010-10-08,8271.305628130478
2010-10-11,8274.973863408386
2010-10-12,8300.470722491154
2010-10-13,8364.775201482873
2010-10-14,8332.07893033599
2010-10-15,8327.912890870823
2010-10-18,8364.684095094419
2010-10-19,8254.345094584352
2010-10-20,8250.21792203706
2010-10-21,8264.272406487613
2010-10-22,8279.6478625386
2010-10-25,8304.098106496473
2010-10-26,8305.498003382734
2010-10-27,8281.677610628982
2010-10-28,8277.536771823668
2010-10-29,8279.687947063578
2010-11-01,8282.48073061841
2010-11-02,8347.908159217079
2010-11-03,8381.375758369917
2010-11-04,8541.253388158264
2010-11-05,8573.329782685
2010-11-08,8557.247518234853
2010-11-09,8552.968894475736
2010-11-10,8552.968894475736
2010-11-11,8516.409313776667
2010-11-12,8512.151109119779
2010-11-15,8512.151109119779
2010-11-16,8512.151109119779
2010-11-17,8512.151109119779
2010-11-18,8632.26700947759
2010-11-19,8655.981658834666
2010-11-22,8648.78201016748
2010-11-23,8644.457619162398
2010-11-24,8644.457619162398
2010-11-26,8644.457619162398
2010-11-29,8644.457619162398
2010-11-30,8644.457619162398
2010-12-01,8644.457619162398
2010-12-02,8644.457619162398
2010-12-03,8644.457619162398
2010-12-06,8644.457619162398
2010-12-07,8644.457619162398
2010-12-08,8644.457619162398
2010-12-09,8644.457619162398
2010-12-10,8644.457619162398
2010-12-13,8644.457619162398
2010-12-14,8644.457619162398
2010-12-15,8644.457619162398
2010-12-16,8644.457619162398
2010-12-17,8649.388959040503
2010-12-20,8670.239384899596
2010-12-21,8725.037582864557
2010-12-22,8752.133788685853
2010-12-23,8739.599124407932
2010-12-27,8735.229324845728
2010-12-28,8743.367190714218
2010-12-29,8749.619387866069
2010-12-30,8735.711369021503
2010-12-31,8731.343513336993
2011-01-03,8816.781745287286
2011-01-04,8811.92310354486
2011-01-05,8807.517141993087
2011-01-06,8785.844733666749
2011-01-07,8781.451811299916
2011-01-10,8781.451811299916
2011-01-11,8781.451811299916
2011-01-12,8855.953781533779
2011-01-13,8841.47672765252
2011-01-14,8837.055989288694
2011-01-18,8847.657595809886
2011-01-19,8760.475556285082
2011-01-20,8756.095318506941
2011-01-21,8756.095318506941
2011-01-24,8801.372662785028
2011-01-25,8806.140477937484
2011-01-26,8840.162088236673
2011-01-27,8861.950915645599
2011-01-28,8705.829754291122
2011-01-31,8701.476839413977
2011-02-01,8835.322931813733
2011-02-02,8818.412931902898
2011-02-03,8814.003725436947
2011-02-04,8834.500970946845
2011-02-07,8889.563598783116
2011-02-08,8929.886559435847
2011-02-09,8909.65625794713
2011-02-10,8905.201429818157
2011-02-11,8953.76071426588
2011-02-14,8975.257879381696
2011-02-15,8946.96222000858
2011-02-16,8942.488738898575
2011-02-17,8964.701289087769
2011-02-18,8983.380154459956
2011-02-22,8801.249820994028
2011-02-23,8796.84919608353
2011-02-24,8796.84919608353
2011-02-25,8796.84919608353
2011-02-28,8846.792654060471
2011-03-01,8698.046251514219
2011-03-02,8693.697228388462
2011-03-03,8837.81941586338
2011-03-04,8771.352355173138
2011-03-07,8766.966678995552
2011-03-08,8766.966678995552
2011-03-09,8766.966678995552
2011-03-10,8766.966678995552
2011-03-11,8766.966678995552
2011-03-14,8766.966678995552
2011-03-15,8766.966678995552
2011-03-16,8766.966678995552
2011-03-17,8766.966678995552
2011-03-18,8766.966678995552
2011-03-21,8766.966678995552
2011-03-22,8766.966678995552
2011-03-23,8766.966678995552
2011-03-24,8766.966678995552
2011-03-25,8766.966678995552
2011-03-28,8766.966678995552
2011-03-29,8766.966678995552
2011-03-30,8766.966678995552
2011-03-31,8766.966678995552
2011-04-01,8766.966678995552
2011-04-04,8766.966678995552
2011-04-05,8766.966678995552
2011-04-06,8766.966678995552
2011-04-07,8766.966678995552
2011-04-08,8766.966678995552
2011-04-11,8766.966678995552
2011-04-12,8766.966678995552
2011-04-13,8766.966678995552
2011-04-14,8766.966678995552
2011-04-15,8794.509264573811
2011-04-18,8695.378894322355
2011-04-19,8691.031204875195
2011-04-20,8804.359633711414
2011-04-21,8849.224145298067
2011-04-25,8839.960207434613
2011-04-26,8835.540227330896
2011-04-27,8888.624819991759
2011-04-28,8917.40396850424
2011-04-29,8938.342641279225
2011-05-02,8924.57472933388
2011-05-03,8920.112441969215
2011-05-04,8920.112441969215
2011-05-05,8920.112441969215
2011-05-06,8920.112441969215
2011-05-09,8950.147727012374
2011-05-10,9026.222442256647
2011-05-11,8930.72281864334
2011-05-12,8926.25745723402
2011-05-13,8852.803882498347
2011-05-16,8848.377480557097
2011-05-17,8848.377480557097
2011-05-18,8848.377480557097
2011-05-19,8865.002784320934
2011-05-20,8794.29255841641
2011-05-23,8789.895412137203
2011-05-24,8789.895412137203
2011-05-25,8789.895412137203
2011-05-26,8825.909234368368
2011-05-27,8859.685955822497
2011-05-31,8951.453686110748
2011-06-01,8748.099117046357
2011-06-02,8743.725067487834
2011-06-03,8743.725067487834
2011-06-06,8743.725067487834
2011-06-07,8743.725067487834
2011-06-08,8743.725067487834
2011-06-09,8743.725067487834
2011-06-10,8616.872453724138
2011-06-13,8612.564017497276
2011-06-14,8612.564017497276
2011-06-15,8612.564017497276
2011-06-16,8612.564017497276
2011-06-17,8612.564017497276
2011-06-20,8612.564017497276
2011-06-21,8612.564017497276
2011-06-22,8612.564017497276
2011-06-23,8612.564017497276
2011-06-24,8612.564017497276
2011-06-27,8612.564017497276
2011-06-28,8612.564017497276
2011-06-29,8612.564017497276
2011-06-30,8612.564017497276
2011-07-01,8612.564017497276
2011-07-05,8612.564017497276
2011-07-06,8612.564017497276
2011-07-07,8612.564017497276
2011-07-08,8612.564017497276
2011-07-11,8612.564017497276
2011-07-12,8612.564017497276
2011-07-13,8612.564017497276
2011-07-14,8612.564017497276
2011-07-15,8612.564017497276
2011-07-18,8612.564017497276
2011-07-19,8612.564017497276
2011-07-20,8612.564017497276
2011-07-21,8612.564017497276
2011-07-22,8612.564017497276
2011-07-25,8612.564017497276
2011-07-26,8612.564017497276
2011-07-27,8612.564017497276
2011-07-28,8612.564017497276
2011-07-29,8612.564017497276
2011-08-01,8612.564017497276
2011-08-02,8612.564017497276
2011-08-03,8612.564017497276
2011-08-04,8612.564017497276
2011-08-05,8612.564017497276
2011-08-08,8612.564017497276
2011-08-09,8612.564017497276
2011-08-10,8612.564017497276
2011-08-11,8612.564017497276
2011-08-12,8612.564017497276
2011-08-15,8612.564017497276
2011-08-16,8612.564017497276
2011-08-17,8612.564017497276
2011-08-18,8612.564017497276
2011-08-19,8612.564017497276
2011-08-22,8612.564017497276
2011-08-23,8612.564017497276
2011-08-24,8612.564017497276
2011-08-25,8612.564017497276
2011-08-26,8612.564017497276
2011-08-29,8612.564017497276
2011-08-30,8612.564017497276
2011-08-31,8612.564017497276
2011-09-01,8612.564017497276
2011-09-02,8612.564017497276
2011-09-06,8612.564017497276
2011-09-07,8612.564017497276
2011-09-08,8612.564017497276
2011-09-09,8612.564017497276
2011-09-12,8612.564017497276
2011-09-13,8612.564017497276
2011-09-14,8612.564017497276
2011-09-15,8612.564017497276
2011-09-16,8612.564017497276
2011-09-19,8612.564017497276
2011-09-20,8612.564017497276
2011-09-21,8612.564017497276
2011-09-22,8612.564017497276
2011-09-23,8612.564017497276
2011-09-26,8612.564017497276
2011-09-27,8612.564017497276
2011-09-28,8612.564017497276
2011-09-29,8612.564017497276
2011-09-30,8612.564017497276
2011-10-03,8612.564017497276
2011-10-04,8612.564017497276
2011-10-05,8612.564017497276
2011-10-06,8612.564017497276
2011-10-07,8612.564017497276
2011-10-10,8612.564017497276
2011-10-11,8612.564017497276
2011-10-12,8612.564017497276
2011-10-13,8612.564017497276
2011-10-14,8612.564017497276
2011-10-17,8612.564017497276
2011-10-18,8612.564017497276
2011-10-19,8612.564017497276
2011-10-20,8612.564017497276
2011-10-21,8612.564017497276
2011-10-24,8612.564017497276
2011-10-25,8612.564017497276
2011-10-26,8612.564017497276
2011-10-27,8612.564017497276
2011-10-28,8612.564017497276
2011-10-31,8612.564017497276
2011-11-01,8612.564017497276
2011-11-02,8612.564017497276
2011-11-03,8612.564017497276
2011-11-04,8612.564017497276
2011-11-07,8612.564017497276
2011-11-08,8612.564017497276
2011-11-09,8612.564017497276
2011-11-10,8612.564017497276
2011-11-11,8612.564017497276
2011-11-14,8612.564017497276
2011-11-15,8612.564017497276
2011-11-16,8612.564017497276
2011-11-17,8612.564017497276
2011-11-18,8612.564017497276
2011-11-21,8612.564017497276
2011-11-22,8612.564017497276
2011-11-23,8612.564017497276
2011-11-25,8612.564017497276
2011-11-28,8612.564017497276
2011-11-29,8612.564017497276
2011-11-30,8612.564017497276
2011-12-01,8612.564017497276
2011-12-02,8612.564017497276
2011-12-05,8612.564017497276
2011-12-06,8612.564017497276
2011-12-07,8612.564017497276
2011-12-08,8612.564017497276
2011-12-09,8612.564017497276
2011-12-12,8612.564017497276
2011-12-13,8612.564017497276
2011-12-14,8612.564017497276
2011-12-15,8612.564017497276
2011-12-16,8612.564017497276
2011-12-19,8612.564017497276
2011-12-20,8612.564017497276
2011-12-21,8612.564017497276
2011-12-22,8612.564017497276
2011-12-23,8612.564017497276
2011-12-27,8612.564017497276
2011-12-28,8612.564017497276
2011-12-29,8612.564017497276
2011-12-30,8612.564017497276
2012-01-03,8612.564017497276
2012-01-04,8612.564017497276
2012-01-05,8612.564017497276
2012-01-06,8612.564017497276
2012-01-09,8612.564017497276
2012-01-10,8612.564017497276
2012-01-11,8612.564017497276
2012-01-12,8612.564017497276
2012-01-13,8612.564017497276
2012-01-17,8612.564017497276
2012-01-18,8612.564017497276
2012-01-19,8612.564017497276
2012-01-20,8612.564017497276
2012-01-23,8586.036674502628
2012-01-24,8581.743656165378
2012-01-25,8581.743656165378
2012-01-26,8533.318885519182
2012-01-27,8529.052226076423
2012-01-30,8529.052226076423
2012-01-31,8529.052226076423
2012-02-01,8529.052226076423
2012-02-02,8538.299725528015
2012-02-03,8657.164861146308
2012-02-06,8651.367875721995
2012-02-07,8647.042191784134
2012-02-08,8668.344995391251
2012-02-09,8679.239192036168
2012-02-10,8614.880133263978
2012-02-13,8610.572693197346
2012-02-14,8595.445817239937
2012-02-15,8591.148094331318
2012-02-16,8591.148094331318
2012-02-17,8609.5539978237
2012-02-21,8613.340357776842
2012-02-22,8585.52500390929
2012-02-23,8581.232241407335
2012-02-24,8595.762418611568
2012-02-27,8610.189477543214
2012-02-28,8635.260815149892
2012-02-29,8601.301360525313
2012-03-01,8597.00070984505
2012-03-02,8566.44598626703
2012-03-05,8562.162763273896
2012-03-06,8562.162763273896
2012-03-07,8562.162763273896
2012-03-08,8642.647955954695
2012-03-09,8676.012349920376
2012-03-12,8676.638837693328
2012-03-13,8831.65413536343
2012-03-14,8822.187792378138
2012-03-15,8817.776698481948
2012-03-16,8825.568180798853
2012-03-19,8860.099376730064
2012-03-20,8834.2706671611
2012-03-21,8829.853531827519
2012-03-22,8829.853531827519
2012-03-23,8829.853531827519
2012-03-26,8948.506858227114
2012-03-27,8920.660888477367
2012-03-28,8916.200558033128
2012-03-29,8916.200558033128
2012-03-30,8916.200558033128
2012-04-02,8976.728807287762
2012-04-03,8939.940505447017
2012-04-04,8935.470535194294
2012-04-05,8935.470535194294
2012-04-09,8935.470535194294
2012-04-10,8935.470535194294
2012-04-11,8935.470535194294
2012-04-12,9046.996580534917
2012-04-13,8938.797604327892
2012-04-16,8934.32820552573
2012-04-17,8934.32820552573
2012-04-18,8934.32820552573
2012-04-19,8934.32820552573
2012-04-20,8934.32820552573
2012-04-23,8934.32820552573
2012-04-24,8934.32820552573
2012-04-25,8934.32820552573
2012-04-26,8934.32820552573
2012-04-27,8934.32820552573
2012-04-30,8934.32820552573
2012-05-01,8934.32820552573
2012-05-02,8934.32820552573
2012-05-03,8934.32820552573
2012-05-04,8934.32820552573
2012-05-07,8934.32820552573
2012-05-08,8934.32820552573
2012-05-09,8934.32820552573
2012-05-10,8934.32820552573
2012-05-11,8902.887773795866
2012-05-14,8898.43632990897
2012-05-15,8898.43632990897
2012-05-16,8898.43632990897
2012-05-17,8898.43632990897
2012-05-18,8898.43632990897
2012-05-21,8898.43632990897
2012-05-22,8909.481379259163
2012-05-23,8914.197181660062
2012-05-24,8931.704557485673
2012-05-25,8902.676849357096
2012-05-29,8898.225510932418
2012-05-30,8763.716439179445
2012-05-31,8759.334580959856
2012-06-01,8759.334580959856
2012-06-04,8759.334580959856
2012-06-05,8759.334580959856
2012-06-06,8759.334580959856
2012-06-07,8759.334580959856
2012-06-08,8759.334580959856
2012-06-11,8759.334580959856
2012-06-12,8759.334580959856
2012-06-13,8759.334580959856
2012-06-14,8759.334580959856
2012-06-15,8759.334580959856
2012-06-18,8759.334580959856
2012-06-19,8759.334580959856
2012-06-20,8759.334580959856
2012-06-21,8759.334580959856
2012-06-22,8759.334580959856
2012-06-25,8759.334580959856
2012-06-26,8759.334580959856
2012-06-27,8759.334580959856
2012-06-28,8759.334580959856
2012-06-29,8759.334580959856
2012-07-02,8759.334580959856
2012-07-03,8759.334580959856
2012-07-05,8759.334580959856
2012-07-06,8759.334580959856
2012-07-09,8759.334580959856
2012-07-10,8759.334580959856
2012-07-11,8759.334580959856
2012-07-12,8759.334580959856
2012-07-13,8759.334580959856
2012-07-16,8759.334580959856
2012-07-17,8759.334580959856
2012-07-18,8759.334580959856
2012-07-19,8759.334580959856
2012-07-20,8759.334580959856
2012-07-23,8759.334580959856
2012-07-24,8759.334580959856
2012-07-25,8759.334580959856
2012-07-26,8759.334580959856
2012-07-27,8759.334580959856
2012-07-30,8759.334580959856
2012-07-31,8759.334580959856
2012-08-01,8759.334580959856
2012-08-02,8759.334580959856
2012-08-03,8759.334580959856
2012-08-06,8759.334580959856
2012-08-07,8759.334580959856
2012-08-08,8759.334580959856
2012-08-09,8759.334580959856
2012-08-10,8759.334580959856
2012-08-13,8750.599811626726
2012-08-14,8746.224511720913
2012-08-15,8751.785579378928
2012-08-16,8816.124451011956
2012-08-17,8827.912165824155
2012-08-20,8828.535076451399
2012-08-21,8801.792368241298
2012-08-22,8797.391472057177
2012-08-23,8720.741307202863
2012-08-24,8716.380936549262
2012-08-27,8713.872908422964
2012-08-28,8705.246263857964
2012-08-29,8700.893640726035
2012-08-30,8633.602275667286
2012-08-31,8629.285474529453
2012-09-04,8617.015872061076
2012-09-05,8612.707364125046
2012-09-06,8612.707364125046
2012-09-07,8641.88463049426
2012-09-10,8592.645431894374
2012-09-11,8588.349109178427
2012-09-12,8612.650780388643
2012-09-13,8742.889408773464
2012-09-14,8781.570248327063
2012-09-17,8751.697207386027
2012-09-18,8747.321358782334
2012-09-19,8747.321358782334
2012-09-20,8743.545330186069
2012-09-21,8739.88742670641
2012-09-24,8735.517482993057
2012-09-25,8735.517482993057
2012-09-26,8735.517482993057
2012-09-27,8735.517482993057
2012-09-28,8690.590574510052
2012-10-01,8686.245279222798
2012-10-02,8690.925420542442
2012-10-03,8726.334605943071
2012-10-04,8788.66728243174
2012-10-05,8789.265726416977
2012-10-08,8759.143209046231
2012-10-09,8754.763637441709
2012-10-10,8754.763637441709
2012-10-11,8754.763637441709
2012-10-12,8721.637748501531
2012-10-15,8717.27692962728
2012-10-16,8800.804891864538
2012-10-17,8840.629569804458
2012-10-18,8817.620187509596
2012-10-19,8813.21137741584
2012-10-22,8813.21137741584
2012-10-23,8685.65172829204
2012-10-24,8681.308902427894
2012-10-25,8681.308902427894
2012-10-26,8672.057493226781
2012-10-31,8667.721464480168
2012-11-01,8667.721464480168
2012-11-02,8585.96935815314
2012-11-05,8581.676373474063
2012-11-06,8644.273159848535
2012-11-07,8639.951023268612
2012-11-08,8639.951023268612
2012-11-09,8639.951023268612
2012-11-12,8639.951023268612
2012-11-13,8639.951023268612
2012-11-14,8639.951023268612
2012-11-15,8639.951023268612
2012-11-16,8639.951023268612
2012-11-19,8639.951023268612
2012-11-20,8639.951023268612
2012-11-21,8639.951023268612
2012-11-23,8639.951023268612
2012-11-26,8639.951023268612
2012-11-27,8639.951023268612
2012-11-28,8639.951023268612
2012-11-29,8639.951023268612
2012-11-30,8639.951023268612
2012-12-03,8639.951023268612
2012-12-04,8639.951023268612
2012-12-05,8639.951023268612
2012-12-06,8639.951023268612
2012-12-07,8661.759115740302
2012-12-10,8665.40723560796
2012-12-11,8724.204082779788
2012-12-12,8728.459982871063
2012-12-13,8674.77417683302
2012-12-14,8670.436789744605
2012-12-17,8670.436789744605
2012-12-18,8762.060577280456
2012-12-19,8696.720583469265
2012-12-20,8692.37222317753
2012-12-21,8608.764332636469
2012-12-24,8604.459950470151
2012-12-26,8604.459950470151
2012-12-27,8604.459950470151
2012-12-28,8604.459950470151
2012-12-31,8604.459950470151
2013-01-02,8604.459950470151
2013-01-03,8604.459950470151
2013-01-04,8604.459950470151
2013-01-07,8604.459950470151
2013-01-08,8604.459950470151
2013-01-09,8604.459950470151
2013-01-10,8604.459950470151
2013-01-11,8604.459950470151
2013-01-14,8604.459950470151
2013-01-15,8604.459950470151
2013-01-16,8604.459950470151
2013-01-17,8604.459950470151
2013-01-18,8619.321779974762
2013-01-22,8665.684086164016
2013-01-23,8679.615745408613
2013-01-24,8681.944684941029
2013-01-25,8730.616541255928
2013-01-28,8720.151224747591
2013-01-29,8715.791149135217
2013-01-30,8677.234892279397
2013-01-31,8672.896274833258
2013-02-01,8672.896274833258
2013-02-04,8570.522782681886
2013-02-05,8566.237521290546
2013-02-06,8568.188328216444
2013-02-07,8556.848844328824
2013-02-08,8552.57041990666
2013-02-11,8546.602436362153
2013-02-12,8542.329135143973
2013-02-13,8545.359914372333
2013-02-14,8553.221744938764
2013-02-15,8543.108634478
2013-02-19,8538.837080160762
2013-02-20,8427.474429693522
2013-02-21,8423.260692478676
2013-02-22,8423.260692478676
2013-02-25,8257.237041445505
2013-02-26,8253.108422924783
2013-02-27,8352.306381956028
2013-02-28,8335.795378679752
2013-03-01,8331.627480990412
2013-03-04,8371.707721027937
2013-03-05,8446.37268577299
2013-03-06,8457.862021406161
2013-03-07,8473.179578974397
2013-03-08,8509.231969144377
2013-03-11,8541.467538971638
2013-03-12,8522.286889989991
2013-03-13,8518.025746544998
2013-03-14,8558.992314098035
2013-03-15,8547.687486674828
2013-03-18,8543.413642931491
2013-03-19,8543.413642931491
2013-03-20,8543.413642931491
2013-03-21,8465.846247431025
2013-03-22,8461.61332430731
2013-03-25,8421.963516309299
2013-03-26,8417.752534551144
2013-03-27,8413.543658283868
2013-03-28,8409.336886454726
2013-04-01,8371.78333644954
2013-04-02,8367.597444781315
2013-04-03,8278.141360064308
2013-04-04,8274.002289384276
2013-04-05,8232.617067603742
2013-04-08,8228.50075906994
2013-04-09,8252.77919555742
2013-04-10,8353.253122361315
2013-04-11,8380.580954612482
2013-04-12,8360.02694196831
2013-04-15,8355.846928497327
2013-04-16,8355.846928497327
2013-04-17,8355.846928497327
2013-04-18,8355.846928497327
2013-04-19,8355.846928497327
2013-04-22,8355.846928497327
2013-04-23,8355.846928497327
2013-04-24,8355.846928497327
2013-04-25,8355.846928497327
2013-04-26,8355.846928497327
2013-04-29,8355.846928497327
2013-04-30,8355.846928497327
2013-05-01,8355.846928497327
2013-05-02,8355.846928497327
2013-05-03,8355.846928497327
2013-05-06,8355.846928497327
2013-05-07,8355.846928497327
2013-05-08,8355.846928497327
2013-05-09,8355.846928497327
2013-05-10,8355.846928497327
2013-05-13,8355.846928497327
2013-05-14,8437.570797920462
2013-05-15,8482.89951126425
2013-05-16,8442.976624805766
2013-05-17,8438.755136493364
2013-05-20,8434.025545232185
2013-05-21,8429.80853245957
2013-05-22,8362.830688828644
2013-05-23,8358.64927348423
2013-05-24,8358.64927348423
2013-05-28,8358.64927348423
2013-05-29,8300.00608046443
2013-05-30,8295.8560774242
2013-05-31,8171.782097513562
2013-06-03,8167.696206464806
2013-06-04,8124.257725066292
2013-06-05,8120.195596203759
2013-06-06,8120.195596203759
2013-06-07,8218.775626314418
2013-06-10,8218.775626314418
2013-06-11,8214.666238501262
2013-06-12,8214.666238501262
2013-06-13,8214.666238501262
2013-06-14,8158.865731230042
2013-06-17,8154.786298364427
2013-06-18,8214.924399390728
2013-06-19,8210.816937191034
2013-06-20,8210.816937191034
2013-06-21,8210.816937191034
2013-06-24,8210.816937191034
2013-06-25,8210.816937191034
2013-06-26,8210.816937191034
2013-06-27,8210.816937191034
2013-06-28,8210.816937191034
2013-07-01,8210.816937191034
2013-07-02,8210.816937191034
2013-07-03,8210.816937191034
2013-07-05,8210.816937191034
2013-07-08,8210.816937191034
2013-07-09,8210.816937191034
2013-07-10,8210.816937191034
2013-07-11,8210.816937191034
2013-07-12,8210.816937191034
2013-07-15,8210.816937191034
2013-07-16,8210.816937191034
2013-07-17,8210.816937191034
2013-07-18,8210.816937191034
2013-07-19,8221.288353325188
2013-07-22,8237.305200097084
2013-07-23,8219.795012723236
2013-07-24,8215.685115216875
2013-07-25,8215.685115216875
2013-07-26,8220.323050472673
2013-07-29,8195.011920251309
2013-07-30,8190.914414291184
2013-07-31,8190.914414291184
2013-08-01,8280.950126098229
2013-08-02,8295.008328134445
2013-08-05,8282.867000411617
2013-08-06,8278.725566911413
2013-08-07,8278.725566911413
2013-08-08,8278.725566911413
2013-08-09,8250.659895427536
2013-08-12,8246.534565479822
2013-08-13,8246.534565479822
2013-08-14,8200.005380316245
2013-08-15,8195.905377626086
2013-08-16,8195.905377626086
2013-08-19,8195.905377626086
2013-08-20,8195.905377626086
2013-08-21,8141.161631440338
2013-08-22,8137.091050624618
2013-08-23,8160.41904668788
2013-08-26,8129.9961675207705
2013-08-27,8125.931169437011
2013-08-28,8125.931169437011
2013-08-29,8134.749471283295
2013-08-30,8108.940380902679
2013-09-03,8104.885910712228
2013-09-04,8167.608028427454
2013-09-05,8177.951802102787
2013-09-06,8181.892900655383
2013-09-09,8259.871004869867
2013-09-10,8320.743736106328
2013-09-11,8346.816678077243
2013-09-12,8324.614283174065
2013-09-13,8320.451976032478
2013-09-16,8364.306905997884
2013-09-17,8401.549786381802
2013-09-18,8498.23131041776
2013-09-19,8483.981320449628
2013-09-20,8479.739329789403
2013-09-23,8479.739329789403
2013-09-24,8479.739329789403
2013-09-25,8479.739329789403
2013-09-26,8479.739329789403
2013-09-27,8436.432964777588
2013-09-30,8432.2147482952
2013-10-01,8432.2147482952
2013-10-02,8420.029147364603
2013-10-03,8415.81913279092
2013-10-04,8415.81913279092
2013-10-07,8338.539557016358
2013-10-08,8334.37028723785
2013-10-09,8334.37028723785
2013-10-10,8507.967346357453
2013-10-11,8562.603525282948
2013-10-14,8596.737406207501
2013-10-15,8534.147573111182
2013-10-16,8529.880499324627
2013-10-17,8582.43115903246
2013-10-18,8640.209402070552
2013-10-21,8640.704404641969
2013-10-22,8690.59771259959
2013-10-23,8648.88541684693
2013-10-24,8644.560974138507
2013-10-25,8679.63247122968
2013-10-28,8693.433803711861
2013-10-29,8739.682590411878
2013-10-30,8696.160184702496
2013-10-31,8691.812104610144
2013-11-01,8691.812104610144
2013-11-04,8718.000392398792
2013-11-05,8690.345158211909
2013-11-06,8685.999985632803
2013-11-07,8571.137849963021
2013-11-08,8566.85228103804
2013-11-11,8564.018903592623
2013-11-12,8546.609677367393
2013-11-13,8542.336372528709
2013-11-14,8580.581052578204
2013-11-15,8617.832574819833
2013-11-18,8587.623444803512
2013-11-19,8583.32963308111
2013-11-20,8583.32963308111
2013-11-21,8583.32963308111
2013-11-22,8621.863496987069
2013-11-25,8613.27906479077
2013-11-26,8608.972425258375
2013-11-27,8625.605055760945
2013-11-29,8619.893352311365
2013-12-02,8615.583405635209
2013-12-03,8615.583405635209
2013-12-04,8615.583405635209
2013-12-05,8615.583405635209
2013-12-06,8615.583405635209
2013-12-09,8633.14873499081
2013-12-10,8602.155370735767
2013-12-11,8597.854293050399
2013-12-12,8597.854293050399
2013-12-13,8597.854293050399
2013-12-16,8597.854293050399
2013-12-17,8566.162897106244
2013-12-18,8561.87981565769
2013-12-19,8547.696730346393
2013-12-20,8543.422881981222
2013-12-23,8584.671990968545
2013-12-24,8603.467202168786
2013-12-26,8647.092632678598
2013-12-27,8646.625262962498
2013-12-30,8642.301950331017
2013-12-31,8642.301950331017
2014-01-02,8554.757364760462
2014-01-03,8550.479986078082
2014-01-06,8550.479986078082
2014-01-07,8550.479986078082
2014-01-08,8548.07083987014
2014-01-09,8553.657276988211
2014-01-10,8576.915706405598
2014-01-13,8462.033209540125
2014-01-14,8457.802192935354
2014-01-15,8499.041335295444
2014-01-16,8487.990333843405
2014-01-17,8483.746338676483
2014-01-21,8483.746338676483
2014-01-22,8485.029863154374
2014-01-23,8415.224556447793
2014-01-24,8411.016944169569
2014-01-27,8411.016944169569
2014-01-28,8411.016944169569
2014-01-29,8325.633245985104
2014-01-30,8321.47042936211
2014-01-31,8268.414811123304
2014-02-03,8264.280603717743
2014-02-04,8264.280603717743
2014-02-05,8264.280603717743
2014-02-06,8264.280603717743
2014-02-07,8264.280603717743
2014-02-10,8264.280603717743
2014-02-11,8264.280603717743
2014-02-12,8264.280603717743
2014-02-13,8264.280603717743
2014-02-14,8264.280603717743
2014-02-18,8264.280603717743
2014-02-19,8264.280603717743
2014-02-20,8264.280603717743
2014-02-21,8264.280603717743
2014-02-24,8264.280603717743
2014-02-25,8257.016417131143
2014-02-26,8252.887908922577
2014-02-27,8291.954494832087
2014-02-28,8312.902005663522
2014-03-03,8254.23974512595
2014-03-04,8250.112625253387
2014-03-05,8253.460997766237
2014-03-06,8272.34254782718
2014-03-07,8275.855395045766
2014-03-10,8271.460389617805
2014-03-11,8267.324659422997
2014-03-12,8267.324659422997
2014-03-13,8169.965803181537
2014-03-14,8165.880820279946
2014-03-17,8165.880820279946
2014-03-18,8219.874736272017
2014-03-19,8175.958093796645
2014-03-20,8171.870114749747
2014-03-21,8136.024110118491
2014-03-24,8131.956098063432
2014-03-25,8131.956098063432
2014-03-26,8069.191873453433
2014-03-27,8065.157277516707
2014-03-28,8065.157277516707
2014-03-31,8126.946358839781
2014-04-01,8180.659059115666
2014-04-02,8207.988008010047
2014-04-03,8197.11522075795
2014-04-04,8193.016663147571
2014-04-07,8193.016663147571
2014-04-08,8193.016663147571
2014-04-09,8276.53124943757
2014-04-10,8100.822948436889
2014-04-11,8096.772536962671
2014-04-14,8096.772536962671
2014-04-15,8148.297852128722
2014-04-16,8144.223703202659
2014-04-17,8151.524340239538
2014-04-21,8179.899382970235
2014-04-22,8216.989054686317
2014-04-23,8197.723809155801
2014-04-24,8193.624947251225
2014-04-25,8122.075144952682
2014-04-28,8118.014107380207
2014-04-29,8151.6616787129415
2014-04-30,8175.9381876848065
2014-05-01,8176.808553099718
2014-05-02,8165.076226963818
2014-05-05,8160.993688850336
2014-05-06,8085.5713239185225
2014-05-07,8081.5285382565635
2014-05-08,8068.8806907738135
2014-05-09,8064.846250428427
2014-05-12,8138.950934066154
2014-05-13,8146.23772160846
2014-05-14,8107.548857462606
2014-05-15,8103.495083033875
2014-05-16,8103.495083033875
2014-05-19,8129.12347405361
2014-05-20,8077.707331335083
2014-05-21,8073.668477669416
2014-05-22,8089.245100773757
2014-05-23,8121.609675809947
2014-05-27,8171.374141057803
2014-05-28,8165.401997358017
2014-05-29,8161.319296359338
2014-05-30,8170.381886374811
2014-06-02,8179.702350233314
2014-06-03,8175.464198970718
2014-06-04,8171.376466871233
2014-06-05,8220.409687534104
2014-06-06,8259.632517716402
2014-06-09,8268.08199466369
2014-06-10,8268.92945350186
2014-06-11,8240.131111688142
2014-06-12,8236.011046132298
2014-06-13,8236.011046132298
2014-06-16,8238.673108458015
2014-06-17,8261.544218108944
2014-06-18,8321.960021683823
2014-06-19,8331.280327097658
2014-06-20,8348.179384156761
2014-06-23,8345.622483574693
2014-06-24,8341.449672332905
2014-06-25,8341.449672332905
2014-06-26,8331.307566415304
2014-06-27,8327.141912632096
2014-06-30,8318.725590387212
2014-07-01,8314.566227592019
2014-07-02,8318.843013052541
2014-07-03,8359.653420899824
2014-07-07,8330.501195934727
2014-07-08,8326.33594533676
2014-07-09,8326.33594533676
2014-07-10,8289.160538757962
2014-07-11,8285.015958488584
2014-07-14,8322.485454410797
2014-07-15,8306.887299656893
2014-07-16,8302.733856007066
2014-07-17,8203.67326120119
2014-07-18,8199.57142457059
2014-07-21,8180.114718128471
2014-07-22,8176.024660769408
2014-07-23,8190.0708297287765
2014-07-24,8190.4813720645525
2014-07-25,8152.048167282067
2014-07-28,8147.972143198426
2014-07-29,8108.809006007305
2014-07-30,8104.754601504302
2014-07-31,7939.045200147211
2014-08-01,7935.075677547138
2014-08-04,7935.075677547138
2014-08-05,7853.792642640111
2014-08-06,7849.865746318791
2014-08-07,7803.320810166798
2014-08-08,7799.419149761715
2014-08-11,7818.087028442952
2014-08-12,7807.187420422327
2014-08-13,7803.283826712116
2014-08-14,7836.142282792048
2014-08-15,7834.542573866701
2014-08-18,7830.625302579768
2014-08-19,7867.471022918554
2014-08-20,7888.463292948789
2014-08-21,7911.428114186317
2014-08-22,7899.124571788932
2014-08-25,7895.175009503038
2014-08-26,7896.353305160055
2014-08-27,7893.200354464308
2014-08-28,7889.253754287076
2014-08-29,7889.253754287076
2014-09-02,7881.377468630683
2014-09-03,7877.4367798963685
2014-09-04,7877.4367798963685
2014-09-05,7877.4367798963685
2014-09-08,7853.10162048375
2014-09-09,7849.175069673508
2014-09-10,7849.175069673508
2014-09-11,7854.271679709296
2014-09-12,7808.255591927428
2014-09-15,7804.351464131465
2014-09-16,7804.351464131465
2014-09-17,7810.953531369741
2014-09-18,7852.4761643240145
2014-09-19,7845.400626169521
2014-09-22,7841.477925856437
2014-09-23,7841.477925856437
2014-09-24,7841.477925856437
2014-09-25,7709.998836908224
2014-09-26,7706.14383748977
2014-09-29,7688.26096606176
2014-09-30,7684.41683557873
2014-10-01,7684.41683557873
2014-10-02,7684.41683557873
2014-10-03,7764.713212047767
2014-10-06,7755.618138837177
2014-10-07,7751.740329767759
2014-10-08,7751.740329767759
2014-10-09,7751.740329767759
2014-10-10,7751.740329767759
2014-10-13,7751.740329767759
2014-10-14,7751.740329767759
2014-10-15,7751.740329767759
2014-10-16,7751.740329767759
2014-10-17,7751.740329767759
2014-10-20,7751.740329767759
2014-10-21,7751.740329767759
2014-10-22,7751.740329767759
2014-10-23,7751.740329767759
2014-10-24,7751.740329767759
2014-10-27,7751.740329767759
2014-10-28,7751.740329767759
2014-10-29,7751.740329767759
2014-10-30,7751.740329767759
2014-10-31,7751.740329767759
2014-11-03,7751.740329767759
2014-11-04,7751.740329767759
2014-11-05,7751.740329767759
2014-11-06,7751.740329767759
2014-11-07,7751.740329767759
2014-11-10,7772.221607724789
2014-11-11,7779.838800747719
2014-11-12,7771.452460066357
2014-11-13,7767.566733836325
2014-11-14,7765.583272958457
2014-11-17,7770.523335647089
2014-11-18,7815.260553623718
2014-11-19,7802.704324320584
2014-11-20,7798.802972158424
2014-11-21,7836.519600134933
2014-11-24,7858.481704604342
2014-11-25,7852.792497312638
2014-11-26,7848.866101063983
2014-11-28,7828.289974795293
2014-12-01,7824.3758298078965
2014-12-02,7824.3758298078965
2014-12-03,7850.632801294663
2014-12-04,7841.9416954338985
2014-12-05,7838.020724586182
2014-12-08,7781.547980382338
2014-12-09,7777.657206392148
2014-12-10,7777.657206392148
2014-12-11,7777.657206392148
2014-12-12,7647.042332041284
2014-12-15,7643.218810875263
2014-12-16,7643.218810875263
2014-12-17,7643.218810875263
2014-12-18,7643.218810875263
2014-12-19,7643.218810875263
2014-12-22,7643.218810875263
2014-12-23,7643.218810875263
2014-12-24,7643.218810875263
2014-12-26,7643.218810875263
2014-12-29,7643.218810875263
2014-12-30,7643.218810875263
2014-12-31,7643.218810875263
2015-01-02,7643.218810875263
2015-01-05,7643.218810875263
2015-01-06,7643.218810875263
2015-01-07,7643.218810875263
2015-01-08,7643.218810875263
2015-01-09,7643.218810875263
2015-01-12,7643.218810875263
2015-01-13,7643.218810875263
2015-01-14,7643.218810875263
2015-01-15,7643.218810875263
2015-01-16,7643.218810875263
2015-01-20,7643.218810875263
2015-01-21,7643.218810875263
2015-01-22,7643.218810875263
2015-01-23,7643.218810875263
2015-01-26,7643.218810875263
2015-01-27,7643.218810875263
2015-01-28,7643.218810875263
2015-01-29,7643.218810875263
2015-01-30,7643.218810875263
2015-02-02,7643.218810875263
2015-02-03,7643.218810875263
2015-02-04,7643.218810875263
2015-02-05,7643.218810875263
2015-02-06,7643.218810875263
2015-02-09,7643.218810875263
2015-02-10,7643.218810875263
2015-02-11,7643.218810875263
2015-02-12,7643.218810875263
2015-02-13,7643.218810875263
2015-02-17,7643.218810875263
2015-02-18,7643.218810875263
2015-02-19,7643.218810875263
2015-02-20,7643.218810875263
2015-02-23,7638.3106260914
2015-02-24,7634.491470778355
2015-02-25,7624.1840482616435
2015-02-26,7620.371956237513
2015-02-27,7620.371956237513
2015-03-02,7620.371956237513
2015-03-03,7585.221951185332
2015-03-04,7581.429340209739
2015-03-05,7581.429340209739
2015-03-06,7470.2524973752
2015-03-09,7466.517371126512
2015-03-10,7340.669290588816
2015-03-11,7336.998955943522
2015-03-12,7336.998955943522
2015-03-13,7288.198734627999
2015-03-16,7284.554635260686
2015-03-17,7259.2268493665415
2015-03-18,7255.597235941858
2015-03-19,7218.797645292801
2015-03-20,7215.188246470155
2015-03-23,7197.507303847499
2015-03-24,7193.908550195576
2015-03-25,7193.908550195576
2015-03-26,7193.908550195576
2015-03-27,7193.908550195576
2015-03-30,7193.908550195576
2015-03-31,7193.908550195576
2015-04-01,7193.908550195576
2015-04-02,7193.908550195576
2015-04-06,7193.908550195576
2015-04-07,7193.908550195576
2015-04-08,7193.908550195576
2015-04-09,7222.06390609326
2015-04-10,7261.369746653138
2015-04-13,7228.451461209428
2015-04-14,7224.8372354788235
2015-04-15,7253.571298198228
2015-04-16,7251.50564644437
2015-04-17,7247.879893621148
2015-04-20,7247.879893621148
2015-04-21,7235.613958336743
2015-04-22,7231.996151357575
2015-04-23,7246.55448918729
2015-04-24,7263.351621518093
2015-04-27,7233.089447347367
2015-04-28,7229.472902623694
2015-04-29,7196.051588119497
2015-04-30,7192.453562325438
2015-05-01,7192.453562325438
2015-05-04,7209.306376950019
2015-05-05,7126.271668914301
2015-05-06,7122.708533079844
2015-05-07,7122.708533079844
2015-05-08,7212.312923752458
2015-05-11,7177.808880913268
2015-05-12,7174.219976472811
2015-05-13,7174.219976472811
2015-05-14,7245.05379953431
2015-05-15,7252.902020642308
2015-05-18,7275.398264303247
2015-05-19,7273.009761771757
2015-05-20,7269.373256890872
2015-05-21,7269.373256890872
2015-05-22,7248.351846910389
2015-05-26,7244.727670986935
2015-05-27,7244.727670986935
2015-05-28,7232.925591316353
2015-05-29,7229.309128520696
2015-06-01,7229.309128520696
2015-06-02,7218.514250709019
2015-06-03,7214.904993583665
2015-06-04,7150.097437871265
2015-06-05,7146.52238915233
2015-06-08,7146.52238915233
2015-06-09,7146.52238915233
2015-06-10,7146.52238915233
2015-06-11,7165.948063018462
2015-06-12,7110.883051762734
2015-06-15,7107.327610236853
2015-06-16,7107.327610236853
2015-06-17,7115.25947338181
2015-06-18,7188.8718911401875
2015-06-19,7156.88856085176
2015-06-22,7153.310116571335
2015-06-23,7154.795074573115
2015-06-24,7102.643167274339
2015-06-25,7099.091845690702
2015-06-26,7099.091845690702
2015-06-29,7099.091845690702
2015-06-30,7099.091845690702
2015-07-01,7152.21638785237
2015-07-02,7145.665344088989
2015-07-06,7142.092511416945
2015-07-07,7142.092511416945
2015-07-08,7017.681291540382
2015-07-09,7014.172450894612
2015-07-10,7098.433333951024
2015-07-13,7176.351868468604
2015-07-14,7207.414245790713
2015-07-15,7205.020663647922
2015-07-16,7201.418153316099
2015-07-17,7203.920239117613
2015-07-20,7207.648612079235
2015-07-21,7179.113231780192
2015-07-22,7175.523675164302
2015-07-23,7175.523675164302
2015-07-24,7175.523675164302
2015-07-27,7175.523675164302
2015-07-28,7175.523675164302
2015-07-29,7221.127941835594
2015-07-30,7222.8410097121705
2015-07-31,7211.869612202865
2015-08-03,7208.263677396764
2015-08-04,7208.263677396764
2015-08-05,7208.263677396764
2015-08-06,7145.397124203162
2015-08-07,7141.824425641061
2015-08-10,7141.824425641061
2015-08-11,7073.519166181975
2015-08-12,7069.982406598885
2015-08-13,7057.644617774701
2015-08-14,7054.115795465814
2015-08-17,7089.889338108702
2015-08-18,7069.322406018625
2015-08-19,7065.787744815616
2015-08-20,7065.787744815616
2015-08-21,7065.787744815616
2015-08-24,7065.787744815616
2015-08-25,7065.787744815616
2015-08-26,7065.787744815616
2015-08-27,7065.787744815616
2015-08-28,7065.787744815616
2015-08-31,7065.787744815616
2015-09-01,7065.787744815616
2015-09-02,7065.787744815616
2015-09-03,7065.787744815616
2015-09-04,7065.787744815616
2015-09-08,7065.787744815616
2015-09-09,7065.787744815616
2015-09-10,7065.787744815616
2015-09-11,7065.787744815616
2015-09-14,7065.787744815616
2015-09-15,7065.787744815616
2015-09-16,7065.787744815616
2015-09-17,7065.787744815616
2015-09-18,7065.787744815616
2015-09-21,7065.787744815616
2015-09-22,7065.787744815616
2015-09-23,7065.787744815616
2015-09-24,7065.787744815616
2015-09-25,7065.787744815616
2015-09-28,7065.787744815616
2015-09-29,7065.787744815616
2015-09-30,7065.787744815616
2015-10-01,7065.787744815616
2015-10-02,7065.787744815616
2015-10-05,7065.787744815616
2015-10-06,7065.787744815616
2015-10-07,7065.787744815616
2015-10-08,7065.787744815616
2015-10-09,7065.787744815616
2015-10-12,7065.787744815616
2015-10-13,7065.787744815616
2015-10-14,7065.787744815616
2015-10-15,7065.787744815616
2015-10-16,7065.787744815616
2015-10-19,7065.787744815616
2015-10-20,7065.787744815616
2015-10-21,7065.787744815616
2015-10-22,7065.787744815616
2015-10-23,7065.787744815616
2015-10-26,7065.787744815616
2015-10-27,7065.787744815616
2015-10-28,7065.787744815616
2015-10-29,7058.196693058148
2015-10-30,7054.66759471162
2015-11-02,7054.66759471162
2015-11-03,7071.567179316664
2015-11-04,7050.0843399415035
2015-11-05,7046.559297771533
2015-11-06,7046.559297771533
2015-11-09,7046.559297771533
2015-11-10,7046.559297771533
2015-11-11,7015.279132009559
2015-11-12,7011.771492443555
2015-11-13,7011.771492443555
2015-11-16,7011.771492443555
2015-11-17,7003.147919865169
2015-11-18,6999.646345905237
2015-11-19,6999.646345905237
2015-11-20,6999.646345905237
2015-11-23,6988.114691674039
2015-11-24,6984.620634328202
2015-11-25,6980.126968547782
2015-11-27,6976.6369050635085
2015-11-30,6944.1241394481185
2015-12-01,6940.652077378395
2015-12-02,6865.989021688824
2015-12-03,6862.5560271779805
2015-12-04,6862.5560271779805
2015-12-07,6862.5560271779805
2015-12-08,6862.5560271779805
2015-12-09,6862.5560271779805
2015-12-10,6862.5560271779805
2015-12-11,6862.5560271779805
2015-12-14,6862.5560271779805
2015-12-15,6862.5560271779805
2015-12-16,6862.5560271779805
2015-12-17,6862.5560271779805
2015-12-18,6862.5560271779805
2015-12-21,6862.5560271779805
2015-12-22,6862.5560271779805
2015-12-23,6862.5560271779805
2015-12-24,6862.5560271779805
2015-12-28,6862.5560271779805
2015-12-29,6862.5560271779805
2015-12-30,6862.5560271779805
2015-12-31,6862.5560271779805
2016-01-04,6862.5560271779805
2016-01-05,6862.5560271779805
2016-01-06,6862.5560271779805
2016-01-07,6862.5560271779805
2016-01-08,6862.5560271779805
2016-01-11,6862.5560271779805
2016-01-12,6862.5560271779805
2016-01-13,6862.5560271779805
2016-01-14,6862.5560271779805
2016-01-15,6862.5560271779805
2016-01-19,6862.5560271779805
2016-01-20,6862.5560271779805
2016-01-21,6862.5560271779805
2016-01-22,6862.5560271779805
2016-01-25,6862.5560271779805
2016-01-26,6862.5560271779805
2016-01-27,6862.5560271779805
2016-01-28,6862.5560271779805
2016-01-29,6862.5560271779805
2016-02-01,6862.5560271779805
2016-02-02,6862.5560271779805
2016-02-03,6862.5560271779805
2016-02-04,6862.5560271779805
2016-02-05,6862.5560271779805
2016-02-08,6862.5560271779805
2016-02-09,6862.5560271779805
2016-02-10,6862.5560271779805
2016-02-11,6862.5560271779805
2016-02-12,6862.5560271779805
2016-02-16,6862.5560271779805
2016-02-17,6862.5560271779805
2016-02-18,6862.5560271779805
2016-02-19,6862.5560271779805
2016-02-22,6862.5560271779805
2016-02-23,6862.5560271779805
2016-02-24,6862.5560271779805
2016-02-25,6862.5560271779805
2016-02-26,6862.5560271779805
2016-02-29,6862.5560271779805
2016-03-01,6862.5560271779805
2016-03-02,6862.5560271779805
2016-03-03,6862.5560271779805
2016-03-04,6862.5560271779805
2016-03-07,6862.5560271779805
2016-03-08,6862.5560271779805
2016-03-09,6862.5560271779805
2016-03-10,6862.5560271779805
2016-03-11,6862.5560271779805
2016-03-14,6862.5560271779805
2016-03-15,6862.5560271779805
2016-03-16,6862.5560271779805
2016-03-17,6862.5560271779805
2016-03-18,6862.5560271779805
2016-03-21,6868.859041536799
2016-03-22,6865.164897156932
2016-03-23,6861.732314708354
2016-03-24,6861.732314708354
2016-03-28,6861.732314708354
2016-03-29,6921.480542910911
2016-03-30,6951.78623400418
2016-03-31,6934.891604127971
2016-04-01,6931.424158325907
2016-04-04,6905.478395944774
2016-04-05,6902.025656746802
2016-04-06,6902.025656746802
2016-04-07,6815.486711117973
2016-04-08,6812.078967762414
2016-04-11,6792.664871513742
2016-04-12,6789.268539077985
2016-04-13,6854.111195405361
2016-04-14,6854.440148673658
2016-04-15,6846.856902132057
2016-04-18,6843.4334736809915
2016-04-19,6861.56665267571
2016-04-20,6868.099643549229
2016-04-21,6831.06423713338
2016-04-22,6827.6487050148135
2016-04-25,6827.6487050148135
2016-04-26,6827.6487050148135
2016-04-27,6838.273037791525
2016-04-28,6775.926850661004
2016-04-29,6772.538887235674
2016-05-02,6772.538887235674
2016-05-03,6709.950416418861
2016-05-04,6706.595441210652
2016-05-05,6706.595441210652
2016-05-06,6706.595441210652
2016-05-09,6708.781215486276
2016-05-10,6791.682656434417
2016-05-11,6727.84826014465
2016-05-12,6724.484336014579
2016-05-13,6662.265960317365
2016-05-16,6658.934827337207
2016-05-17,6593.163887869752
2016-05-18,6589.867305925818
2016-05-19,6563.699236755983
2016-05-20,6560.417387137606
2016-05-23,6548.191768877097
2016-05-24,6544.917672992659
2016-05-25,6585.891750189278
2016-05-26,6587.778094633862
2016-05-27,6616.0390871062955
2016-05-31,6603.439667052203
2016-06-01,6600.137947218677
2016-06-02,6616.894414640341
2016-06-03,6597.100536739145
2016-06-06,6593.801986470776
2016-06-07,6600.791117073884
2016-06-08,6622.273947253944
2016-06-09,6613.224089811412
2016-06-10,6609.917477766507
2016-06-13,6609.917477766507
2016-06-14,6609.917477766507
2016-06-15,6609.917477766507
2016-06-16,6609.917477766507
2016-06-17,6581.950671360313
2016-06-20,6578.659696024633
2016-06-21,6594.016153774139
2016-06-22,6583.252882013099
2016-06-23,6579.961255572093
2016-06-24,6579.961255572093
2016-06-27,6579.961255572093
2016-06-28,6579.961255572093
2016-06-29,6579.961255572093
2016-06-30,6579.961255572093
2016-07-01,6579.961255572093
2016-07-05,6579.961255572093
2016-07-06,6579.961255572093
2016-07-07,6579.961255572093
2016-07-08,6579.961255572093
2016-07-11,6579.961255572093
2016-07-12,6579.961255572093
2016-07-13,6579.961255572093
2016-07-14,6579.961255572093
2016-07-15,6579.961255572093
2016-07-18,6579.961255572093
2016-07-19,6579.961255572093
2016-07-20,6579.961255572093
2016-07-21,6579.961255572093
2016-07-22,6579.961255572093
2016-07-25,6579.961255572093
2016-07-26,6579.961255572093
2016-07-27,6569.685907890956
2016-07-28,6566.40106493701
2016-07-29,6573.708603285009
2016-08-01,6568.257396746343
2016-08-02,6564.97326804797
2016-08-03,6564.97326804797
2016-08-04,6568.671192770304
2016-08-05,6622.176851573951
2016-08-08,6618.23009091132
2016-08-09,6614.920975865864
2016-08-10,6595.223282294315
2016-08-11,6591.925670653169
2016-08-12,6582.898781942606
2016-08-15,6579.6073325516345
2016-08-16,6542.294211249806
2016-08-17,6539.023064144181
2016-08-18,6550.412355652719
2016-08-19,6540.828283023973
2016-08-22,6537.557868882462
2016-08-23,6537.557868882462
2016-08-24,6500.7648117674435
2016-08-25,6497.51442936156
2016-08-26,6497.51442936156
2016-08-29,6497.51442936156
2016-08-30,6483.545896678825
2016-08-31,6480.304123730486
2016-09-01,6480.304123730486
2016-09-02,6506.209492557449
2016-09-06,6525.8429091735225
2016-09-07,6525.248445750958
2016-09-08,6521.985821528083
2016-09-09,6521.985821528083
2016-09-12,6521.985821528083
2016-09-13,6424.288734473493
2016-09-14,6421.076590106256
2016-09-15,6421.076590106256
2016-09-16,6392.998345504681
2016-09-19,6389.8018463319295
2016-09-20,6386.907034117762
2016-09-21,6458.328656097065
2016-09-22,6498.899004593377
2016-09-23,6463.191395408844
2016-09-26,6459.95979971114
2016-09-27,6459.95979971114
2016-09-28,6459.95979971114
2016-09-29,6459.95979971114
2016-09-30,6459.95979971114
2016-10-03,6459.95979971114
2016-10-04,6459.95979971114
2016-10-05,6459.95979971114
2016-10-06,6459.95979971114
2016-10-07,6459.95979971114
2016-10-10,6459.95979971114
2016-10-11,6374.6237190464335
2016-10-12,6371.43640718691
2016-10-13,6347.3480008789165
2016-10-14,6344.174326878478
2016-10-17,6318.934858608137
2016-10-18,6315.775391178833
2016-10-19,6329.441020173453
2016-10-20,6317.616017188334
2016-10-21,6314.45720917974
2016-10-24,6338.097870777997
2016-10-25,6316.825729242758
2016-10-26,6313.667316378137
2016-10-27,6313.667316378137
2016-10-28,6313.667316378137
2016-10-31,6313.667316378137
2016-11-01,6264.597483044288
2016-11-02,6261.465184302767
2016-11-03,6261.465184302767
2016-11-04,6261.465184302767
2016-11-07,6261.465184302767
2016-11-08,6286.472273749198
2016-11-09,6352.772462803181
2016-11-10,6368.607019414106
2016-11-11,6353.908703301699
2016-11-14,6350.731748950048
2016-11-15,6396.9175969801845
2016-11-16,6384.891461830685
2016-11-17,6381.69901609977
2016-11-18,6364.211753746113
2016-11-21,6361.02964786924
2016-11-22,6370.26113910839
2016-11-23,6373.726487859581
2016-11-25,6397.36314187187
2016-11-28,6367.258926783167
2016-11-29,6364.075297319776
2016-11-30,6345.604785785244
2016-12-01,6342.431983392351
2016-12-02,6342.431983392351
2016-12-05,6377.256724242392
2016-12-06,6397.424319584354
2016-12-07,6480.564450147901
2016-12-08,6496.415056561355
2016-12-09,6535.5355872140035
2016-12-12,6528.031247254144
2016-12-13,6524.767231630517
2016-12-14,6467.423922836395
2016-12-15,6464.190210874977
2016-12-16,6448.302934370919
2016-12-19,6445.078782903734
2016-12-20,6466.670273825335
2016-12-21,6448.649956299675
2016-12-22,6445.4256313215255
2016-12-23,6445.4256313215255
2016-12-27,6458.1742829847035
2016-12-28,6404.578553639601
2016-12-29,6401.3762643627815
2016-12-30,6401.3762643627815
2017-01-03,6401.3762643627815
2017-01-04,6436.144735126442
2017-01-05,6431.031112253846
2017-01-06,6427.815596697719
2017-01-09,6403.348209782593
2017-01-10,6400.146535677702
2017-01-11,6400.146535677702
2017-01-12,6380.863325247043
2017-01-13,6377.672893584419
2017-01-17,6351.972330308498
2017-01-18,6348.796344143345
2017-01-19,6322.058506066259
2017-01-20,6318.897476813226
2017-01-23,6299.273593782398
2017-01-24,6296.123956985507
2017-01-25,6347.238573705999
2017-01-26,6340.599067455149
2017-01-27,6337.428767921422
2017-01-30,6337.428767921422
2017-01-31,6337.428767921422
2017-02-01,6337.428767921422
2017-02-02,6338.434655497263
2017-02-03,6381.976360615198
2017-02-06,6370.556318140709
2017-02-07,6367.371039981639
2017-02-08,6372.526878869316
2017-02-09,6410.220939147623
2017-02-10,6435.466726468557
2017-02-13,6470.398962235154
2017-02-14,6496.196900323521
2017-02-15,6530.02184887239
2017-02-16,6524.461071078087
2017-02-17,6521.198840542548
2017-02-21,6556.658577330608
2017-02-22,6550.8327830316175
2017-02-23,6547.557366640102
2017-02-24,6552.586773368056
2017-02-27,6562.8174896272985
2017-02-28,6545.081332818686
2017-03-01,6541.808792152277
2017-03-02,6497.212947705778
2017-03-03,6493.964341231926
2017-03-06,6471.35243902489
2017-03-07,6468.116762805378
2017-03-08,6468.116762805378
2017-03-09,6468.116762805378
2017-03-10,6487.507141532445
2017-03-13,6490.781323534103
2017-03-14,6465.89580400695
2017-03-15,6462.662856104947
2017-03-16,6446.708394225493
2017-03-17,6443.48504002838
2017-03-20,6443.48504002838
2017-03-21,6443.48504002838
2017-03-22,6443.48504002838
2017-03-23,6433.38189421887
2017-03-24,6430.165203271761
2017-03-27,6430.165203271761
2017-03-28,6430.165203271761
2017-03-29,6432.956706844448
2017-03-30,6453.408673133182
2017-03-31,6438.3712107467
2017-04-03,6435.152025141327
2017-04-04,6435.152025141327
2017-04-05,6412.776772469694
2017-04-06,6409.570384083459
2017-04-07,6399.8278595707625
2017-04-10,6396.6279456409775
2017-04-11,6385.815374457292
2017-04-12,6382.6224667700635
2017-04-13,6382.6224667700635
2017-04-17,6382.6224667700635
2017-04-18,6360.356988171246
2017-04-19,6357.17680967716
2017-04-20,6357.17680967716
2017-04-21,6333.705462525138
2017-04-24,6330.538609793875
2017-04-25,6364.101945879154
2017-04-26,6360.099338008123
2017-04-27,6356.919288339119
2017-04-28,6339.872583008644
2017-05-01,6336.70264671714
2017-05-02,6335.924781628329
2017-05-03,6328.2243641587565
2017-05-04,6325.060251976677
2017-05-05,6346.750128414399
2017-05-08,6345.692356144945
2017-05-09,6342.519509966873
2017-05-10,6342.519509966873
2017-05-11,6326.378021991115
2017-05-12,6323.21483298012
2017-05-15,6323.21483298012
2017-05-16,6314.262218655722
2017-05-17,6311.105087546394
2017-05-18,6311.105087546394
2017-05-19,6348.865100504101
2017-05-22,6381.019288415669
2017-05-23,6395.1220932150645
2017-05-24,6410.02530304301
2017-05-25,6440.588183636305
2017-05-26,6439.254911711067
2017-05-30,6436.035284255211
2017-05-31,6436.035284255211
2017-06-01,6436.035284255211
2017-06-02,6454.203722341078
2017-06-05,6449.444635548032
2017-06-06,6446.2199132302585
2017-06-07,6446.2199132302585
2017-06-08,6446.171518099941
2017-06-09,6436.379560615211
2017-06-12,6433.161370834903
2017-06-13,6433.161370834903
2017-06-14,6421.78435052078
2017-06-15,6418.5734583455205
2017-06-16,6418.5734583455205
2017-06-19,6468.577928380359
2017-06-20,6424.805768651183
2017-06-21,6421.5933657668575
2017-06-22,6421.5933657668575
2017-06-23,6421.5933657668575
2017-06-26,6422.606689529432
2017-06-27,6370.656854232886
2017-06-28,6367.4715258057695
2017-06-29,6308.078172990156
2017-06-30,6304.924133903662
2017-07-03,6312.452126863464
2017-07-05,6327.031148735069
2017-07-06,6268.907150217399
2017-07-07,6265.772696642291
2017-07-10,6269.364490187268
2017-07-11,6264.70697371945
2017-07-12,6261.57462023259
2017-07-13,6268.9566540531005
2017-07-14,6298.126714992212
2017-07-17,6297.3580889202885
2017-07-18,6294.209409875829
2017-07-19,6325.046186327746
2017-07-20,6327.862314655276
2017-07-21,6322.225402775104
2017-07-24,6319.064290073717
2017-07-25,6319.064290073717
2017-07-26,6316.159124002703
2017-07-27,6310.286113463325
2017-07-28,6307.130970406593
2017-07-31,6307.130970406593
2017-08-01,6307.130970406593
2017-08-02,6307.035242139597
2017-08-03,6294.790727078268
2017-08-04,6291.643331714729
2017-08-07,6300.1865665001005
2017-08-08,6284.662411814956
2017-08-09,6281.520080609049
2017-08-10,6281.520080609049
2017-08-11,6281.520080609049
2017-08-14,6340.342432169688
2017-08-15,6339.572177979564
2017-08-16,6336.402391890575
2017-08-17,6233.666741235113
2017-08-18,6230.549907864495
2017-08-21,6230.549907864495
2017-08-22,6292.249670668563
2017-08-23,6269.648574817768
2017-08-24,6266.51375053036
2017-08-25,6266.51375053036
2017-08-28,6263.637924988292
2017-08-29,6270.80410800132
2017-08-30,6300.442963969545
2017-08-31,6338.233486813621
2017-09-01,6347.18985603915
2017-09-05,6301.438667814761
2017-09-06,6298.2879484808545
2017-09-07,6294.373442356409
2017-09-08,6291.226255635232
2017-09-11,6291.226255635232
2017-09-12,6309.250950167432
2017-09-13,6312.279061990517
2017-09-14,6310.259513452384
2017-09-15,6307.104383695659
2017-09-18,6317.350904145713
2017-09-19,6323.672176746159
2017-09-20,6325.947055626546
2017-09-21,6308.975144968923
2017-09-22,6305.820657396439
2017-09-25,6289.76186073428
2017-09-26,6286.616979803914
2017-09-27,6307.908074585127
2017-09-28,6315.472041336762
2017-09-29,6337.632470884946
2017-10-02,6365.069168836218
2017-10-03,6378.676475529486
2017-10-04,6386.24035283158
2017-10-05,6423.967862672309
2017-10-06,6416.648091032856
2017-10-09,6413.439766987341
2017-10-10,6413.439766987341
2017-10-11,6420.301589521863
2017-10-12,6410.726419789619
2017-10-13,6407.521056579725
2017-10-16,6412.8577576544785
2017-10-17,6417.377798911112
2017-10-18,6423.653832480045
2017-10-19,6425.41193150372
2017-10-20,6458.484861724528
2017-10-23,6433.316333674137
2017-10-24,6430.0996755073
2017-10-25,6394.976452513858
2017-10-26,6391.778964287601
2017-10-27,6440.631734545955
2017-10-30,6416.594542111726
2017-10-31,6413.38624484067
2017-11-01,6418.6530181402
2017-11-02,6421.144622003485
2017-11-03,6442.547342613737
2017-11-06,6452.511382756708
2017-11-07,6448.023663631782
2017-11-08,6444.799651799966
2017-11-09,6418.156010278552
2017-11-10,6414.946932273413
2017-11-13,6414.946932273413
2017-11-14,6396.823389067923
2017-11-15,6393.62497737339
2017-11-16,6393.62497737339
2017-11-17,6371.609637953864
2017-11-20,6368.423833134887
2017-11-21,6406.771096633537
2017-11-22,6401.101557620766
2017-11-24,6397.901006841956
2017-11-27,6391.508041798744
2017-11-28,6388.312287777845
2017-11-29,6381.228834499696
2017-11-30,6378.038220082446
2017-12-01,6361.597166074794
2017-12-04,6358.416367491756
2017-12-05,6358.416367491756
2017-12-06,6358.416367491756
2017-12-07,6375.256207595398
2017-12-08,6409.9266597745045
2017-12-11,6429.211678476833
2017-12-12,6440.546871016569
2017-12-13,6439.823195451581
2017-12-14,6436.603283853856
2017-12-15,6436.603283853856
2017-12-18,6474.071827952188
2017-12-19,6449.160540164169
2017-12-20,6445.935959894087
2017-12-21,6445.935959894087
2017-12-22,6441.028054106155
2017-12-26,6437.807540079102
2017-12-27,6437.807540079102
2017-12-28,6447.820951139174
2017-12-29,6423.4627964367755
2018-01-02,6420.2510650385575
2018-01-03,6457.519101457177
2018-01-04,6484.680619469123
2018-01-05,6527.750188260528
2018-01-08,6539.677127206526
2018-01-09,6554.460965362324
2018-01-10,6544.428377968037
2018-01-11,6541.156163779054
2018-01-12,6580.387236569815
2018-01-16,6557.85588785049
2018-01-17,6554.576959906565
2018-01-18,6540.273606025856
2018-01-19,6537.003469222843
2018-01-22,6586.671277949008
2018-01-23,6600.640622929439
2018-01-24,6598.072395210572
2018-01-25,6594.7733590129665
2018-01-26,6667.393691852473
2018-01-29,6623.038615083398
2018-01-30,6619.727095775857
2018-01-31,6619.727095775857
2018-02-01,6608.898356388788
2018-02-02,6605.593907210594
2018-02-05,6605.593907210594
2018-02-06,6605.593907210594
2018-02-07,6605.593907210594
2018-02-08,6605.593907210594
2018-02-09,6605.593907210594
2018-02-12,6605.593907210594
2018-02-13,6605.593907210594
2018-02-14,6605.593907210594
2018-02-15,6605.593907210594
2018-02-16,6605.593907210594
2018-02-20,6605.593907210594
2018-02-21,6605.593907210594
2018-02-22,6605.593907210594
2018-02-23,6605.593907210594
2018-02-26,6605.593907210594
2018-02-27,6605.593907210594
2018-02-28,6605.593907210594
2018-03-01,6605.593907210594
2018-03-02,6605.593907210594
2018-03-05,6605.593907210594
2018-03-06,6605.593907210594
2018-03-07,6605.593907210594
2018-03-08,6605.593907210594
2018-03-09,6605.593907210594
2018-03-12,6605.593907210594
2018-03-13,6605.593907210594
2018-03-14,6605.593907210594
2018-03-15,6605.593907210594
2018-03-16,6605.593907210594
2018-03-19,6605.593907210594
2018-03-20,6605.593907210594
2018-03-21,6605.593907210594
2018-03-22,6605.593907210594
2018-03-23,6605.593907210594
2018-03-26,6605.593907210594
2018-03-27,6605.593907210594
2018-03-28,6605.593907210594
2018-03-29,6605.593907210594
2018-04-02,6605.593907210594
2018-04-03,6605.593907210594
2018-04-04,6605.593907210594
2018-04-05,6605.593907210594
2018-04-06,6605.593907210594
2018-04-09,6605.593907210594
2018-04-10,6605.593907210594
2018-04-11,6605.593907210594
2018-04-12,6605.593907210594
2018-04-13,6605.593907210594
2018-04-16,6605.593907210594
2018-04-17,6605.593907210594
2018-04-18,6605.593907210594
2018-04-19,6605.593907210594
2018-04-20,6605.593907210594
2018-04-23,6605.593907210594
2018-04-24,6605.593907210594
2018-04-25,6605.593907210594
2018-04-26,6605.593907210594
2018-04-27,6605.593907210594
2018-04-30,6605.593907210594
2018-05-01,6605.593907210594
2018-05-02,6605.593907210594
2018-05-03,6605.593907210594
2018-05-04,6605.593907210594
2018-05-07,6624.603168006496
2018-05-08,6624.603168006496
2018-05-09,6621.290866422493
2018-05-10,6679.605002705583
2018-05-11,6699.955530361971
2018-05-14,6703.1479769274065
2018-05-15,6656.822947424522
2018-05-16,6653.49453595081
2018-05-17,6644.543401670338
2018-05-18,6641.221129969504
2018-05-21,6641.221129969504
2018-05-22,6619.412673610224
2018-05-23,6616.102967273419
2018-05-24,6599.225422121766
2018-05-25,6595.925809410705
2018-05-29,6595.925809410705
2018-05-30,6595.925809410705
2018-05-31,6552.095630996059
2018-06-01,6548.8195831805615
2018-06-04,6576.588639155382
2018-06-05,6581.372571343419
2018-06-06,6636.1677544608565
2018-06-07,6635.450567472499
2018-06-08,6632.132842188763
2018-06-11,6637.630177405061
2018-06-12,6646.2038347874195
2018-06-13,6624.962924093948
2018-06-14,6621.650442631901
2018-06-15,6609.884097092708
2018-06-18,6606.579155044162
2018-06-19,6606.579155044162
2018-06-20,6606.579155044162
2018-06-21,6561.728730559404
2018-06-22,6558.447866194124
2018-06-25,6465.276587200494
2018-06-26,6462.043948906894
2018-06-27,6405.058017925845
2018-06-28,6401.855488916883
2018-06-29,6407.861488452313
2018-07-02,6421.54783189137
2018-07-03,6398.832011809056
2018-07-05,6395.632595803152
2018-07-06,6446.305484172134
2018-07-09,6504.088998171273
2018-07-10,6527.45186863242
2018-07-11,6479.5332575535995
2018-07-12,6476.293490924823
2018-07-13,6478.152111939849
2018-07-16,6472.356663570371
2018-07-17,6469.120485238586
2018-07-18,6479.4802002525175
2018-07-19,6454.995534269074
2018-07-20,6451.76803650194
2018-07-23,6451.76803650194
2018-07-24,6480.929222093109
2018-07-25,6535.928150926659
2018-07-26,6520.491708949557
2018-07-27,6517.231463095082
2018-07-30,6517.231463095082
2018-07-31,6517.231463095082
2018-08-01,6503.074344833331
2018-08-02,6499.822807660915
2018-08-03,6524.363840448004
2018-08-06,6548.245395764188
2018-08-07,6569.834187396869
2018-08-08,6567.071635273351
2018-08-09,6563.7880994557145
2018-08-10,6563.7880994557145
2018-08-13,6563.7880994557145
2018-08-14,6563.7880994557145
2018-08-15,6511.304672240061
2018-08-16,6508.049019903941
2018-08-17,6527.66290309624
2018-08-20,6541.619275999576
2018-08-21,6556.942510840549
2018-08-22,6553.047648560231
2018-08-23,6549.771124735951
2018-08-24,6549.771124735951
2018-08-27,6598.006059175077
2018-08-28,6601.191908961795
2018-08-29,6636.618059302277
2018-08-30,6609.693249352572
2018-08-31,6606.388402727896
2018-09-04,6591.696628024776
2018-09-05,6588.400779710764
2018-09-06,6588.400779710764
2018-09-07,6588.400779710764
2018-09-10,6588.400779710764
2018-09-11,6606.795237933498
2018-09-12,6608.395287116548
2018-09-13,6647.36577450029
2018-09-14,6648.510361134128
2018-09-17,6613.216803431536
2018-09-18,6609.910195029821
2018-09-19,6613.646508821515
2018-09-20,6667.023550726358
2018-09-21,6660.931273000147
2018-09-24,6657.600807363647
2018-09-25,6657.600807363647
2018-09-26,6657.600807363647
2018-09-27,6657.600807363647
2018-09-28,6654.960966910321
2018-10-01,6678.040570319224
2018-10-02,6674.1467101219405
2018-10-03,6670.8096367668795
2018-10-04,6615.128734625577
2018-10-05,6611.821170258264
2018-10-08,6611.821170258264
2018-10-09,6611.821170258264
2018-10-10,6611.821170258264
2018-10-11,6611.821170258264
2018-10-12,6611.821170258264
2018-10-15,6611.821170258264
2018-10-16,6611.821170258264
2018-10-17,6611.821170258264
2018-10-18,6611.821170258264
2018-10-19,6611.821170258264
2018-10-22,6611.821170258264
2018-10-23,6611.821170258264
2018-10-24,6611.821170258264
2018-10-25,6611.821170258264
2018-10-26,6611.821170258264
2018-10-29,6611.821170258264
2018-10-30,6611.821170258264
2018-10-31,6611.821170258264
2018-11-01,6611.821170258264
2018-11-02,6611.821170258264
2018-11-05,6611.821170258264
2018-11-06,6611.821170258264
2018-11-07,6611.821170258264
2018-11-08,6611.821170258264
2018-11-09,6611.821170258264
2018-11-12,6611.821170258264
2018-11-13,6611.821170258264
2018-11-14,6611.821170258264
2018-11-15,6611.821170258264
2018-11-16,6611.821170258264
2018-11-19,6611.821170258264
2018-11-20,6611.821170258264
2018-11-21,6611.821170258264
2018-11-23,6611.821170258264
2018-11-26,6611.821170258264
2018-11-27,6611.821170258264
2018-11-28,6611.821170258264
2018-11-29,6611.821170258264
2018-11-30,6611.821170258264
2018-12-03,6611.821170258264
2018-12-04,6611.821170258264
2018-12-06,6611.821170258264
2018-12-07,6611.821170258264
2018-12-10,6611.821170258264
2018-12-11,6611.821170258264
2018-12-12,6611.821170258264
2018-12-13,6611.821170258264
2018-12-14,6611.821170258264
2018-12-17,6611.821170258264
2018-12-18,6611.821170258264
2018-12-19,6611.821170258264
2018-12-20,6611.821170258264
2018-12-21,6611.821170258264
2018-12-24,6611.821170258264
2018-12-26,6611.821170258264
2018-12-27,6611.821170258264
2018-12-28,6611.821170258264
2018-12-31,6611.821170258264
2019-01-02,6611.821170258264
2019-01-03,6611.821170258264
2019-01-04,6611.821170258264
2019-01-07,6611.821170258264
2019-01-08,6611.821170258264
2019-01-09,6611.821170258264
2019-01-10,6611.821170258264
2019-01-11,6611.821170258264
2019-01-14,6611.821170258264
2019-01-15,6611.821170258264
2019-01-16,6611.821170258264
2019-01-17,6611.821170258264
2019-01-18,6611.821170258264
2019-01-22,6611.821170258264
2019-01-23,6611.821170258264
2019-01-24,6611.821170258264
2019-01-25,6611.821170258264
2019-01-28,6611.821170258264
2019-01-29,6611.821170258264
2019-01-30,6611.821170258264
2019-01-31,6611.821170258264
2019-02-01,6611.821170258264
2019-02-04,6611.821170258264
2019-02-05,6636.172840640628
2019-02-06,6627.420776444367
2019-02-07,6624.107066056145
2019-02-08,6624.107066056145
2019-02-11,6624.4676861830385
2019-02-12,6709.111084901944
2019-02-13,6730.860841453164
2019-02-14,6715.915045858032
2019-02-15,6712.557088335103
2019-02-19,6720.809498101171
2019-02-20,6734.338952926299
2019-02-21,6710.350314972324
2019-02-22,6706.995139814838
2019-02-25,6712.763836676792
2019-02-26,6707.961319850356
2019-02-27,6704.607339190431
2019-02-28,6704.607339190431
2019-03-01,6704.607339190431
2019-03-04,6676.822889209651
2019-03-05,6673.484477765047
2019-03-06,6673.484477765047
2019-03-07,6673.484477765047
2019-03-08,6673.484477765047
2019-03-11,6673.484477765047
2019-03-12,6695.267577306009
2019-03-13,6739.439309016001
2019-03-14,6735.1249827529355
2019-03-15,6731.75742026156
2019-03-18,6752.7537200536
2019-03-19,6754.427314237414
2019-03-20,6734.068130535427
2019-03-21,6730.70109647016
2019-03-22,6596.531212084087
2019-03-25,6593.232946478046
2019-03-26,6593.232946478046
2019-03-27,6555.3680004373655
2019-03-28,6552.0903164371475
2019-03-29,6589.9981115219925
2019-04-01,6667.691740969759
2019-04-02,6670.9582572348445
2019-04-03,6681.4473794455
2019-04-04,6699.150527491225
2019-04-05,6731.499354061461
2019-04-08,6736.628526265459
2019-04-09,6702.0166399744385
2019-04-10,6698.665631654451
2019-04-11,6693.454769689385
2019-04-12,6690.1080423045405
2019-04-15,6682.381154107515
2019-04-16,6679.039963530461
2019-04-17,6659.340029145543
2019-04-18,6656.010359130971
2019-04-22,6658.41691782809
2019-04-23,6718.020812753851
2019-04-24,6703.094148207362
2019-04-25,6699.742601133259
2019-04-26,6699.742601133259
2019-04-29,6706.889823007314
2019-04-30,6710.312348553104
2019-05-01,6659.684176173253
2019-05-02,6656.354334085167
2019-05-03,6656.354334085167
2019-05-06,6625.576342394736
2019-05-07,6622.263554223538
2019-05-08,6622.263554223538
2019-05-09,6622.263554223538
2019-05-10,6622.263554223538
2019-05-13,6450.405321832964
2019-05-14,6447.180119172048
2019-05-15,6481.612026228612
2019-05-16,6541.362002520777
2019-05-17,6538.091321519518
2019-05-20,6538.091321519518
2019-05-21,6538.091321519518
2019-05-22,6538.091321519518
2019-05-23,6538.091321519518
2019-05-24,6538.091321519518
2019-05-28,6538.091321519518
2019-05-29,6538.091321519518
2019-05-30,6538.091321519518
2019-05-31,6538.091321519518
2019-06-03,6538.091321519518
2019-06-04,6538.091321519518
2019-06-05,6538.091321519518
2019-06-06,6538.091321519518
2019-06-07,6538.091321519518
2019-06-10,6538.091321519518
2019-06-11,6538.091321519518
2019-06-12,6538.091321519518
2019-06-13,6538.091321519518
2019-06-14,6527.593923389992
2019-06-17,6524.330126428297
2019-06-18,6589.028038104165
2019-06-19,6603.883777787224
2019-06-20,6666.679697348518
2019-06-21,6656.984314553415
2019-06-24,6653.655822396138
2019-06-25,6653.655822396138
2019-06-26,6653.655822396138
2019-06-27,6653.655822396138
2019-06-28,6684.480690150305
2019-07-01,6744.893047065094
2019-07-02,6762.435546001022
2019-07-03,6816.285269255599
2019-07-05,6808.526654323034
2019-07-08,6805.122390995873
2019-07-09,6805.122390995873
2019-07-10,6834.157060891128
2019-07-11,6850.157593798052
2019-07-12,6880.759679491443
2019-07-15,6883.047080934803
2019-07-16,6860.8100511901885
2019-07-17,6857.379646164593
2019-07-18,6857.379646164593
2019-07-19,6815.753187664732
2019-07-22,6812.3453110709
2019-07-23,6857.47131916022
2019-07-24,6889.624447055632
2019-07-25,6856.631579013987
2019-07-26,6853.20326322448
2019-07-29,6837.283985417209
2019-07-30,6833.865343424501
2019-07-31,6833.865343424501
2019-08-01,6833.865343424501
2019-08-02,6833.865343424501
2019-08-05,6833.865343424501
2019-08-06,6833.865343424501
2019-08-07,6833.865343424501
2019-08-08,6833.865343424501
2019-08-09,6833.865343424501
2019-08-12,6833.865343424501
2019-08-13,6833.865343424501
2019-08-14,6833.865343424501
2019-08-15,6833.865343424501
2019-08-16,6833.865343424501
2019-08-19,6833.865343424501
2019-08-20,6833.865343424501
2019-08-21,6833.865343424501
2019-08-22,6833.865343424501
2019-08-23,6833.865343424501
2019-08-26,6833.865343424501
2019-08-27,6833.865343424501
2019-08-28,6833.865343424501
2019-08-29,6833.865343424501
2019-08-30,6833.865343424501
2019-09-03,6833.865343424501
2019-09-04,6833.865343424501
2019-09-05,6833.865343424501
2019-09-06,6833.865343424501
2019-09-09,6833.865343424501
2019-09-10,6833.865343424501
2019-09-11,6833.865343424501
2019-09-12,6833.865343424501
2019-09-13,6833.865343424501
2019-09-16,6833.865343424501
2019-09-17,6833.865343424501
2019-09-18,6833.865343424501
2019-09-19,6829.993419385015
2019-09-20,6826.578422675323
2019-09-23,6826.578422675323
2019-09-24,6826.578422675323
2019-09-25,6826.578422675323
2019-09-26,6808.928946927978
2019-09-27,6805.524482454514
2019-09-30,6805.524482454514
2019-10-01,6720.6863814117705
2019-10-02,6717.326038221065
2019-10-03,6717.326038221065
2019-10-04,6804.258827752477
2019-10-07,6774.8372171450565
2019-10-08,6771.449798536484
2019-10-09,6771.449798536484
2019-10-10,6813.708091962809
2019-10-11,6883.981647889578
2019-10-14,6876.310460436302
2019-10-15,6872.872305206084
2019-10-16,6872.872305206084
2019-10-17,6872.872305206084
2019-10-18,6872.872305206084
2019-10-21,6872.872305206084
2019-10-22,6872.872305206084
2019-10-23,6872.872305206084
2019-10-24,6880.654819101675
2019-10-25,6877.214491692124
2019-10-28,6912.428962058317
2019-10-29,6910.378396981785
2019-10-30,6906.923207783295
2019-10-31,6885.050903087877
2019-11-01,6881.608377636333
2019-11-04,6905.760443086483
2019-11-05,6898.116887552986
2019-11-06,6894.667829109209
2019-11-07,6915.423210667061
2019-11-08,6932.456078755705
2019-11-11,6919.2068061171785
2019-11-12,6915.74720271412
2019-11-13,6914.529403969232
2019-11-14,6924.587817662312
2019-11-15,6974.51505972394
2019-11-18,6979.658230038213
2019-11-19,6977.646341068378
2019-11-20,6974.157517897845
2019-11-21,6974.157517897845
2019-11-22,6974.157517897845
2019-11-25,7024.514042678338
2019-11-26,7040.4093087356405
2019-11-27,7071.723210769843
2019-11-29,7045.449130799121
2019-12-02,7041.9264062337215
2019-12-03,7041.9264062337215
2019-12-04,7041.9264062337215
2019-12-05,7051.054952852508
2019-12-06,7115.1671228094
2019-12-09,7092.762276430579
2019-12-10,7089.215895292364
2019-12-11,7089.215895292364
2019-12-12,7146.513679786099
2019-12-13,7150.7917341638695
2019-12-16,7199.750747012344
2019-12-17,7201.326620133832
2019-12-18,7201.77776408191
2019-12-19,7231.239699358872
2019-12-20,7262.873021442328
2019-12-23,7273.959837666586
2019-12-24,7274.186160803794
2019-12-26,7312.804126022557
2019-12-27,7310.994818186248
2019-12-30,7307.339320777156
2019-12-31,7307.339320777156
2020-01-02,7371.7058895987575
2020-01-03,7315.6742647609635
2020-01-06,7312.016427628583
2020-01-07,7287.77078314929
2020-01-08,7284.126897757716
2020-01-09,7329.707810461531
2020-01-10,7308.585583004732
2020-01-13,7304.931290213231
2020-01-14,7290.1353304514905
2020-01-15,7286.490262786265
2020-01-16,7343.209358029408
2020-01-17,7366.029406701252
2020-01-21,7351.592745262285
2020-01-22,7347.916948889654
2020-01-23,7352.665822322976
2020-01-24,7286.985457884982
2020-01-27,7283.34196515604
2020-01-28,7283.34196515604
2020-01-29,7273.682277385351
2020-01-30,7270.045436246659
2020-01-31,7133.190943178097
2020-02-03,7129.624347706508
2020-02-04,7233.905983242534
2020-02-05,7316.964590175456
2020-02-06,7341.541723747526
2020-02-07,7302.308933979053
2020-02-10,7298.657779512064
2020-02-11,7307.645811209463
2020-02-12,7354.574886321638
2020-02-13,7346.7245401211
2020-02-14,7343.05117785104
2020-02-18,7320.431379354544
2020-02-19,7316.771163664867
2020-02-20,7282.990997106273
2020-02-21,7279.34950160772
2020-02-24,7279.34950160772
2020-02-25,7279.34950160772
2020-02-26,7279.34950160772
2020-02-27,7279.34950160772
2020-02-28,7279.34950160772
2020-03-02,7279.34950160772
2020-03-03,7279.34950160772
2020-03-04,7279.34950160772
2020-03-05,7279.34950160772
2020-03-06,7279.34950160772
2020-03-09,7279.34950160772
2020-03-10,7279.34950160772
2020-03-11,7279.34950160772
2020-03-12,7279.34950160772
2020-03-13,7279.34950160772
2020-03-16,7279.34950160772
2020-03-17,7279.34950160772
2020-03-18,7279.34950160772
2020-03-19,7279.34950160772
2020-03-20,7279.34950160772
2020-03-23,7279.34950160772
2020-03-24,7279.34950160772
2020-03-25,7279.34950160772
2020-03-26,7279.34950160772
2020-03-27,7279.34950160772
2020-03-30,7279.34950160772
2020-03-31,7279.34950160772
2020-04-01,7279.34950160772
2020-04-02,7279.34950160772
2020-04-03,7279.34950160772
2020-04-06,7279.34950160772
2020-04-07,7279.34950160772
2020-04-08,7279.34950160772
2020-04-09,7279.34950160772
2020-04-13,7279.34950160772
2020-04-14,7279.34950160772
2020-04-15,7279.34950160772
2020-04-16,7279.34950160772
2020-04-17,7279.34950160772
2020-04-20,7279.34950160772
2020-04-21,7279.34950160772
2020-04-22,7279.34950160772
2020-04-23,7279.34950160772
2020-04-24,7279.34950160772
2020-04-27,7279.34950160772
2020-04-28,7279.34950160772
2020-04-29,7279.34950160772
2020-04-30,7279.34950160772
2020-05-01,7279.34950160772
2020-05-04,7279.34950160772
2020-05-05,7279.34950160772
2020-05-06,7279.34950160772
2020-05-07,7279.34950160772
2020-05-08,7279.34950160772
2020-05-11,7279.34950160772
2020-05-12,7279.34950160772
2020-05-13,7279.34950160772
2020-05-14,7279.34950160772
2020-05-15,7279.34950160772
2020-05-18,7279.34950160772
2020-05-19,7279.34950160772
2020-05-20,7279.34950160772
2020-05-21,7279.34950160772
2020-05-22,7279.34950160772
2020-05-26,7279.34950160772
2020-05-27,7279.34950160772
2020-05-28,7279.34950160772
2020-05-29,7279.34950160772
2020-06-01,7279.34950160772
2020-06-02,7279.34950160772
2020-06-03,7279.34950160772
2020-06-04,7279.34950160772
2020-06-05,7279.34950160772
2020-06-08,7279.34950160772
2020-06-09,7279.34950160772
2020-06-10,7279.34950160772
2020-06-11,7279.34950160772
2020-06-12,7279.34950160772
2020-06-15,7279.34950160772
2020-06-16,7279.34950160772
2020-06-17,7279.34950160772
2020-06-18,7279.34950160772
2020-06-19,7279.34950160772
2020-06-22,7279.34950160772
2020-06-23,7279.34950160772
2020-06-24,7279.34950160772
2020-06-25,7279.34950160772
2020-06-26,7279.34950160772
2020-06-29,7279.34950160772
2020-06-30,7279.34950160772
2020-07-01,7279.34950160772
2020-07-02,7279.34950160772
2020-07-06,7279.34950160772
2020-07-07,7279.34950160772
2020-07-08,7279.34950160772
2020-07-09,7279.34950160772
2020-07-10,7279.34950160772
2020-07-13,7279.34950160772
2020-07-14,7279.34950160772
2020-07-15,7279.34950160772
2020-07-16,7279.34950160772
2020-07-17,7279.34950160772
2020-07-20,7279.34950160772
2020-07-21,7279.34950160772
2020-07-22,7279.34950160772
2020-07-23,7279.34950160772
2020-07-24,7279.34950160772
2020-07-27,7279.34950160772
2020-07-28,7279.34950160772
2020-07-29,7279.34950160772
2020-07-30,7249.69186052017
2020-07-31,7246.06701458991
2020-08-03,7292.646365362781
2020-08-04,7320.759070613514
2020-08-05,7366.087355033479
2020-08-06,7415.162452585033
2020-08-07,7420.483278098812
2020-08-10,7442.630438529128
2020-08-11,7380.939059568031
2020-08-12,7377.248590038247
2020-08-13,7360.211241740752
2020-08-14,7356.531136119882
2020-08-17,7376.183470383642
2020-08-18,7392.10322533759
2020-08-19,7361.259221183626
2020-08-20,7357.578591573035
2020-08-21,7379.954416199838
2020-08-24,7454.360752467613
2020-08-25,7480.401530599986
2020-08-26,7555.023026481763
2020-08-27,7571.523339448993
2020-08-28,7620.27443990017
2020-08-31,7592.619128698717
2020-09-01,7588.822819134368
2020-09-02,7694.008674714081
2020-09-03,7690.161670376725
2020-09-04,7690.161670376725
2020-09-08,7690.161670376725
2020-09-09,7690.161670376725
2020-09-10,7690.161670376725
2020-09-11,7690.161670376725
2020-09-14,7690.161670376725
2020-09-15,7690.161670376725
2020-09-16,7690.161670376725
2020-09-17,7690.161670376725
2020-09-18,7690.161670376725
2020-09-21,7690.161670376725
2020-09-22,7690.161670376725
2020-09-23,7690.161670376725
2020-09-24,7690.161670376725
2020-09-25,7690.161670376725
2020-09-28,7690.161670376725
2020-09-29,7690.161670376725
2020-09-30,7690.161670376725
2020-10-01,7690.161670376725
2020-10-02,7690.161670376725
2020-10-05,7690.161670376725
2020-10-06,7690.161670376725
2020-10-07,7690.161670376725
2020-10-08,7690.161670376725
2020-10-09,7690.161670376725
2020-10-12,7690.161670376725
2020-10-13,7690.161670376725
2020-10-14,7690.161670376725
2020-10-15,7690.161670376725
2020-10-16,7690.161670376725
2020-10-19,7690.161670376725
2020-10-20,7690.161670376725
2020-10-21,7690.161670376725
2020-10-22,7690.161670376725
2020-10-23,7690.161670376725
2020-10-26,7690.161670376725
2020-10-27,7690.161670376725
2020-10-28,7690.161670376725
2020-10-29,7690.161670376725
2020-10-30,7690.161670376725
2020-11-02,7690.161670376725
2020-11-03,7690.161670376725
2020-11-04,7690.161670376725
2020-11-05,7690.161670376725
2020-11-06,7690.161670376725
2020-11-09,7690.161670376725
2020-11-10,7690.161670376725
2020-11-11,7690.161670376725
2020-11-12,7690.161670376725
2020-11-13,7690.161670376725
2020-11-16,7690.161670376725
2020-11-17,7690.161670376725
2020-11-18,7690.161670376725
2020-11-19,7690.161670376725
2020-11-20,7690.161670376725
2020-11-23,7690.161670376725
2020-11-24,7690.161670376725
2020-11-25,7690.161670376725
2020-11-27,7690.161670376725
2020-11-30,7690.161670376725
2020-12-01,7690.161670376725
2020-12-02,7690.161670376725
2020-12-03,7690.161670376725
2020-12-04,7690.161670376725
2020-12-07,7670.499771377968
2020-12-08,7666.664521492279
2020-12-09,7593.758727254092
2020-12-10,7589.961847890466
2020-12-11,7589.961847890466
2020-12-14,7589.961847890466
2020-12-15,7589.961847890466
2020-12-16,7598.068488758646
2020-12-17,7640.438033942887
2020-12-18,7609.869116707285
2020-12-21,7606.064182148932
2020-12-22,7606.064182148932
2020-12-23,7606.064182148932
2020-12-24,7631.796968499568
2020-12-28,7697.077414919788
2020-12-29,7682.3799565079025
2020-12-30,7678.538766529649
2020-12-31,7713.612738845757
2021-01-04,7607.880157817534
2021-01-05,7604.076217738626
2021-01-06,7645.599630434933
2021-01-07,7758.35755890501
2021-01-08,7802.4365124931355
2021-01-11,7749.664960539541
2021-01-12,7745.790128059272
2021-01-13,7762.747306653518
2021-01-14,7735.514593251168
2021-01-15,7731.646835954542
2021-01-19,7731.646835954542
2021-01-20,7834.0418681096
2021-01-21,7841.180073764461
2021-01-22,7813.377212158992
2021-01-25,7809.470523552913
2021-01-26,7793.365766341972
2021-01-27,7789.469083458801
2021-01-28,7789.469083458801
2021-01-29,7789.469083458801
2021-02-01,7789.469083458801
2021-02-02,7789.469083458801
2021-02-03,7789.469083458801
2021-02-04,7789.469083458801
2021-02-05,7789.469083458801
2021-02-08,7789.469083458801
2021-02-09,7789.469083458801
2021-02-10,7789.469083458801
2021-02-11,7789.469083458801
2021-02-12,7789.469083458801
2021-02-16,7789.469083458801
2021-02-17,7789.469083458801
2021-02-18,7789.469083458801
2021-02-19,7789.469083458801
2021-02-22,7789.469083458801
2021-02-23,7789.469083458801
2021-02-24,7789.469083458801
2021-02-25,7789.469083458801
2021-02-26,7789.469083458801
2021-03-01,7789.469083458801
2021-03-02,7789.469083458801
2021-03-03,7789.469083458801
2021-03-04,7789.469083458801
2021-03-05,7789.469083458801
2021-03-08,7789.469083458801
2021-03-09,7789.469083458801
2021-03-10,7789.469083458801
2021-03-11,7789.469083458801
2021-03-12,7789.469083458801
2021-03-15,7789.469083458801
2021-03-16,7789.469083458801
2021-03-17,7789.469083458801
2021-03-18,7789.469083458801
2021-03-19,7789.469083458801
2021-03-22,7789.469083458801
2021-03-23,7789.469083458801
2021-03-24,7789.469083458801
2021-03-25,7789.469083458801
2021-03-26,7789.469083458801
2021-03-29,7789.469083458801
2021-03-30,7789.469083458801
2021-03-31,7789.469083458801
2021-04-01,7789.469083458801
2021-04-05,7896.582476290709
2021-04-06,7891.917280916328
2021-04-07,7887.971322275871
2021-04-08,7921.381661962257
2021-04-09,7978.764384427871
2021-04-12,7981.673067004934
2021-04-13,8005.291033899429
2021-04-14,7977.906083611995
2021-04-15,7973.917130570189
2021-04-16,7996.537158462906
2021-04-19,7957.152677307235
2021-04-20,7953.174100968581
2021-04-21,7953.174100968581
2021-04-22,7876.225731459606
2021-04-23,7872.287618593877
2021-04-26,7884.769558903795
2021-04-27,7883.071408190359
2021-04-28,7879.1298724862645
2021-04-29,7879.1298724862645
2021-04-30,7823.249179452014
2021-05-03,7819.337554862288
2021-05-04,7767.038569866276
2021-05-05,7763.155050581343
2021-05-06,7821.020867683434
2021-05-07,7877.736882143227
2021-05-10,7799.339164327444
2021-05-11,7795.439494745281
2021-05-12,7795.439494745281
2021-05-13,7795.439494745281
2021-05-14,7795.439494745281
2021-05-17,7795.439494745281
2021-05-18,7795.439494745281
2021-05-19,7795.439494745281
2021-05-20,7795.439494745281
2021-05-21,7795.439494745281
2021-05-24,7795.439494745281
2021-05-25,7795.439494745281
2021-05-26,7795.439494745281
2021-05-27,7795.439494745281
2021-05-28,7795.439494745281
2021-06-01,7795.439494745281
2021-06-02,7795.439494745281
2021-06-03,7795.439494745281
2021-06-04,7795.439494745281
2021-06-07,7795.439494745281
2021-06-08,7795.439494745281
2021-06-09,7779.90533410629
2021-06-10,7776.015381439237
2021-06-11,7784.967953001604
2021-06-14,7802.3790173553525
2021-06-15,7788.055349977736
2021-06-16,7784.161322302748
2021-06-17,7784.161322302748
2021-06-18,7784.161322302748
2021-06-21,7784.161322302748
2021-06-22,7821.773235079955
2021-06-23,7812.340484298711
2021-06-24,7808.4343140565625
2021-06-25,7832.215928664516
2021-06-28,7847.990396277331
2021-06-29,7852.211074617149
2021-06-30,7858.8171770925255
2021-07-01,7902.208991803647
2021-07-02,7962.379859670858
2021-07-06,7947.863529462377
2021-07-07,7943.889597697646
2021-07-08,7874.924260071225
2021-07-09,7870.98679794119
2021-07-12,7895.193424976439
2021-07-13,7868.2332870457
2021-07-14,7864.299170402178
2021-07-15,7833.461162462305
2021-07-16,7829.544431881074
2021-07-19,7829.544431881074
2021-07-20,7829.544431881074
2021-07-21,7888.764808779741
2021-07-22,7905.266655966326
2021-07-23,7986.181412384169
2021-07-26,8005.763039822989
2021-07-27,7969.191985632935
2021-07-28,7965.207389640119
2021-07-29,7965.207389640119
2021-07-30,7922.449342278041
2021-08-02,7918.488117606902
2021-08-03,7918.488117606902
2021-08-04,7875.480255020333
2021-08-05,7871.542514892823
2021-08-06,7880.602318617543
2021-08-09,7874.189205960116
2021-08-10,7870.2521113571365
2021-08-11,7885.8517245033
2021-08-12,7909.4501117487125
2021-08-13,7923.830122928744
2021-08-16,7942.465318459224
2021-08-17,7890.2299739238415
2021-08-18,7886.28485893688
2021-08-19,7886.28485893688
2021-08-20,7944.846883752324
2021-08-23,8014.426757607747
2021-08-24,8027.1393536313535
2021-08-25,8043.96495275694
2021-08-26,7996.339346945861
2021-08-27,7992.341177272388
2021-08-30,8023.413676300553
2021-08-31,8011.51803158264
2021-09-01,8007.512272566849
2021-09-02,8028.106583995985
2021-09-03,8026.1576020194625
2021-09-07,8022.144523218453
2021-09-08,8022.144523218453
2021-09-09,8022.144523218453
2021-09-10,8022.144523218453
2021-09-13,8022.144523218453
2021-09-14,7974.7265470382235
2021-09-15,7970.739183764705
2021-09-16,7954.109127060219
2021-09-17,7950.13207249669
2021-09-20,7950.13207249669
2021-09-21,7950.13207249669
2021-09-22,7950.13207249669
2021-09-23,8042.16882109101
2021-09-24,8055.405804959242
2021-09-27,8032.327254610016
2021-09-28,8028.311090982712
2021-09-29,8028.311090982712
2021-09-30,7925.567872779806
2021-10-01,7921.6050888434165
2021-10-04,7921.6050888434165
2021-10-05,7921.6050888434165
2021-10-06,7921.6050888434165
2021-10-07,7921.6050888434165
2021-10-08,7921.6050888434165
2021-10-11,7921.6050888434165
2021-10-12,7921.6050888434165
2021-10-13,7921.6050888434165
2021-10-14,7921.6050888434165
2021-10-15,7921.6050888434165
2021-10-18,7921.6050888434165
2021-10-19,7921.6050888434165
2021-10-20,7921.6050888434165
2021-10-21,7921.6050888434165
2021-10-22,7921.6050888434165
2021-10-25,7921.6050888434165
2021-10-26,7921.6050888434165
2021-10-27,7882.470151741905
2021-10-28,7878.528916666035
2021-10-29,7890.558985391379
2021-11-01,7904.120562075499
2021-11-02,7936.01278985058
2021-11-03,7984.316152830059
2021-11-04,8021.854417268804
2021-11-05,8049.639913495155
2021-11-08,8056.509534126488
2021-11-09,8029.83484591676
2021-11-10,8025.819928493802
2021-11-11,8025.819928493802
2021-11-12,8082.149641803417
2021-11-15,8084.916287694644
2021-11-16,8116.852552144821
2021-11-17,8097.109919033087
2021-11-18,8093.061364073571
2021-11-19,8074.530515699407
2021-11-22,8070.493250441558
2021-11-23,8070.493250441558
2021-11-24,8087.975625784626
2021-11-26,7905.54687103091
2021-11-29,7901.5940975953945
2021-11-30,7742.380652529817
2021-12-01,7738.509462203552
2021-12-02,7738.509462203552
2021-12-03,7738.509462203552
2021-12-06,7738.509462203552
2021-12-07,7738.509462203552
2021-12-08,7738.509462203552
2021-12-09,7738.509462203552
2021-12-10,7738.509462203552
2021-12-13,7738.509462203552
2021-12-14,7738.509462203552
2021-12-15,7738.509462203552
2021-12-16,7738.509462203552
2021-12-17,7738.509462203552
2021-12-20,7738.509462203552
2021-12-21,7738.509462203552
2021-12-22,7738.509462203552
2021-12-23,7738.509462203552
2021-12-27,7738.509462203552
2021-12-28,7738.509462203552
2021-12-29,7738.509462203552
2021-12-30,7738.509462203552
2021-12-31,7738.509462203552
2022-01-03,7738.509462203552
2022-01-04,7738.509462203552
2022-01-05,7738.509462203552
2022-01-06,7738.509462203552
2022-01-07,7738.509462203552
2022-01-10,7738.509462203552
2022-01-11,7738.509462203552
2022-01-12,7738.509462203552
2022-01-13,7738.509462203552
2022-01-14,7738.509462203552
2022-01-18,7738.509462203552
2022-01-19,7738.509462203552
2022-01-20,7738.509462203552
2022-01-21,7738.509462203552
2022-01-24,7738.509462203552
2022-01-25,7738.509462203552
2022-01-26,7738.509462203552
2022-01-27,7738.509462203552
2022-01-28,7738.509462203552
2022-01-31,7738.509462203552
2022-02-01,7738.509462203552
2022-02-02,7738.509462203552
2022-02-03,7738.509462203552
2022-02-04,7738.509462203552
2022-02-07,7738.509462203552
2022-02-08,7738.509462203552
2022-02-09,7738.509462203552
2022-02-10,7738.509462203552
2022-02-11,7738.509462203552
2022-02-14,7738.509462203552
2022-02-15,7738.509462203552
2022-02-16,7738.509462203552
2022-02-17,7738.509462203552
2022-02-18,7738.509462203552
2022-02-22,7738.509462203552
2022-02-23,7738.509462203552
2022-02-24,7738.509462203552
2022-02-25,7738.509462203552
2022-02-28,7738.509462203552
2022-03-01,7738.509462203552
2022-03-02,7738.509462203552
2022-03-03,7738.509462203552
2022-03-04,7738.509462203552
2022-03-07,7738.509462203552
2022-03-08,7738.509462203552
2022-03-09,7738.509462203552
2022-03-10,7738.509462203552
2022-03-11,7738.509462203552
2022-03-14,7738.509462203552
2022-03-15,7738.509462203552
2022-03-16,7738.509462203552
2022-03-17,7738.509462203552
2022-03-18,7738.509462203552
2022-03-21,7738.509462203552
2022-03-22,7738.509462203552
2022-03-23,7738.509462203552
2022-03-24,7738.509462203552
2022-03-25,7738.509462203552
2022-03-28,7738.509462203552
2022-03-29,7738.509462203552
2022-03-30,7738.509462203552
2022-03-31,7738.509462203552
2022-04-01,7738.509462203552
2022-04-04,7738.509462203552
2022-04-05,7738.509462203552
2022-04-06,7738.509462203552
2022-04-07,7738.509462203552
2022-04-08,7738.509462203552
2022-04-11,7738.509462203552
2022-04-12,7738.509462203552
2022-04-13,7738.509462203552
2022-04-14,7738.509462203552
2022-04-18,7738.509462203552
2022-04-19,7738.509462203552
2022-04-20,7738.509462203552
2022-04-21,7738.509462203552
2022-04-22,7738.509462203552
2022-04-25,7738.509462203552
2022-04-26,7738.509462203552
2022-04-27,7738.509462203552
2022-04-28,7738.509462203552
2022-04-29,7738.509462203552
2022-05-02,7738.509462203552
2022-05-03,7738.509462203552
2022-05-04,7738.509462203552
2022-05-05,7738.509462203552
2022-05-06,7738.509462203552
2022-05-09,7738.509462203552
2022-05-10,7738.509462203552
2022-05-11,7738.509462203552
2022-05-12,7738.509462203552
2022-05-13,7738.509462203552
2022-05-16,7738.509462203552
2022-05-17,7738.509462203552
2022-05-18,7738.509462203552
2022-05-19,7738.509462203552
2022-05-20,7738.509462203552
2022-05-23,7738.509462203552
2022-05-24,7738.509462203552
2022-05-25,7738.509462203552
2022-05-26,7738.509462203552
2022-05-27,7738.509462203552
2022-05-31,7738.509462203552
2022-06-01,7738.509462203552
2022-06-02,7738.509462203552
2022-06-03,7738.509462203552
2022-06-06,7738.509462203552
2022-06-07,7738.509462203552
2022-06-08,7738.509462203552
2022-06-09,7738.509462203552
2022-06-10,7738.509462203552
2022-06-13,7738.509462203552
2022-06-14,7738.509462203552
2022-06-15,7738.509462203552
2022-06-16,7738.509462203552
2022-06-17,7738.509462203552
2022-06-21,7738.509462203552
2022-06-22,7738.509462203552
2022-06-23,7738.509462203552
2022-06-24,7738.509462203552
2022-06-27,7738.509462203552
2022-06-28,7738.509462203552
2022-06-29,7738.509462203552
2022-06-30,7738.509462203552
2022-07-01,7738.509462203552
2022-07-05,7738.509462203552
2022-07-06,7738.509462203552
2022-07-07,7738.509462203552
2022-07-08,7738.509462203552
2022-07-11,7738.509462203552
2022-07-12,7738.509462203552
2022-07-13,7738.509462203552
2022-07-14,7738.509462203552
2022-07-15,7738.509462203552
2022-07-18,7738.509462203552
2022-07-19,7738.509462203552
2022-07-20,7738.509462203552
2022-07-21,7738.509462203552
2022-07-22,7738.509462203552
2022-07-25,7738.509462203552
2022-07-26,7738.509462203552
2022-07-27,7738.509462203552
2022-07-28,7738.509462203552
2022-07-29,7738.509462203552
2022-08-01,7738.509462203552
2022-08-02,7738.509462203552
2022-08-03,7738.509462203552
2022-08-04,7738.509462203552
2022-08-05,7738.509462203552
2022-08-08,7738.509462203552
2022-08-09,7738.509462203552
2022-08-10,7738.509462203552
2022-08-11,7738.509462203552
2022-08-12,7738.509462203552
2022-08-15,7738.509462203552
2022-08-16,7738.509462203552
2022-08-17,7738.509462203552
2022-08-18,7738.509462203552
2022-08-19,7738.509462203552
2022-08-22,7738.509462203552
2022-08-23,7738.509462203552
2022-08-24,7738.509462203552
2022-08-25,7738.509462203552
2022-08-26,7738.509462203552
2022-08-29,7738.509462203552
2022-08-30,7738.509462203552
2022-08-31,7738.509462203552
2022-09-01,7738.509462203552
2022-09-02,7738.509462203552
2022-09-06,7738.509462203552
2022-09-07,7738.509462203552
2022-09-08,7738.509462203552
2022-09-09,7738.509462203552
2022-09-12,7738.509462203552
2022-09-13,7738.509462203552
2022-09-14,7738.509462203552
2022-09-15,7738.509462203552
2022-09-16,7738.509462203552
2022-09-19,7738.509462203552
2022-09-20,7738.509462203552
2022-09-21,7738.509462203552
2022-09-22,7738.509462203552
2022-09-23,7738.509462203552
2022-09-26,7738.509462203552
2022-09-27,7738.509462203552
2022-09-28,7738.509462203552
2022-09-29,7738.509462203552
2022-09-30,7738.509462203552
2022-10-03,7738.509462203552
2022-10-04,7738.509462203552
2022-10-05,7738.509462203552
2022-10-06,7738.509462203552
2022-10-07,7738.509462203552
2022-10-10,7738.509462203552
2022-10-11,7738.509462203552
2022-10-12,7738.509462203552
2022-10-13,7738.509462203552
2022-10-14,7738.509462203552
2022-10-17,7738.509462203552
2022-10-18,7738.509462203552
2022-10-19,7738.509462203552
2022-10-20,7738.509462203552
2022-10-21,7738.509462203552
2022-10-24,7738.509462203552
2022-10-25,7738.509462203552
2022-10-26,7738.509462203552
2022-10-27,7738.509462203552
2022-10-28,7738.509462203552
2022-10-31,7738.509462203552
2022-11-01,7738.509462203552
2022-11-02,7738.509462203552
2022-11-03,7738.509462203552
2022-11-04,7738.509462203552
2022-11-07,7738.509462203552
2022-11-08,7738.509462203552
2022-11-09,7738.509462203552
2022-11-10,7738.509462203552
2022-11-11,7738.509462203552
2022-11-14,7738.509462203552
2022-11-15,7738.509462203552
2022-11-16,7738.509462203552
2022-11-17,7738.509462203552
2022-11-18,7738.509462203552
2022-11-21,7738.509462203552
2022-11-22,7738.509462203552
2022-11-23,7738.509462203552
2022-11-25,7738.509462203552
2022-11-28,7738.509462203552
2022-11-29,7738.509462203552
2022-11-30,7738.509462203552
2022-12-01,7738.509462203552
2022-12-02,7738.509462203552
2022-12-05,7738.509462203552
2022-12-06,7738.509462203552
2022-12-07,7738.509462203552
2022-12-08,7738.509462203552
2022-12-09,7738.509462203552
2022-12-12,7738.509462203552
2022-12-13,7738.509462203552
2022-12-14,7738.509462203552
2022-12-15,7738.509462203552
2022-12-16,7738.509462203552
2022-12-19,7738.509462203552
2022-12-20,7738.509462203552
2022-12-21,7738.509462203552
2022-12-22,7738.509462203552
2022-12-23,7738.509462203552
2022-12-27,7738.509462203552
2022-12-28,7738.509462203552
2022-12-29,7738.509462203552
2022-12-30,7738.509462203552
2023-01-03,7738.509462203552
2023-01-04,7738.509462203552
2023-01-05,7738.509462203552
2023-01-06,7738.509462203552
2023-01-09,7738.509462203552
2023-01-10,7738.509462203552
2023-01-11,7738.509462203552
2023-01-12,7738.509462203552
2023-01-13,7738.509462203552
2023-01-17,7738.509462203552
2023-01-18,7738.509462203552
2023-01-19,7738.509462203552
2023-01-20,7738.509462203552
2023-01-23,7738.509462203552
2023-01-24,7738.509462203552
2023-01-25,7738.509462203552
2023-01-26,7738.509462203552
2023-01-27,7738.509462203552
2023-01-30,7738.509462203552
2023-01-31,7738.509462203552
2023-02-01,7738.509462203552
2023-02-02,7738.509462203552
2023-02-03,7738.509462203552
2023-02-06,7738.509462203552
2023-02-07,7738.509462203552
2023-02-08,7738.509462203552
2023-02-09,7738.509462203552
2023-02-10,7738.509462203552
2023-02-13,7738.509462203552
2023-02-14,7738.509462203552
2023-02-15,7738.509462203552
2023-02-16,7738.509462203552
2023-02-17,7738.509462203552
2023-02-21,7738.509462203552
2023-02-22,7738.509462203552
2023-02-23,7738.509462203552
2023-02-24,7738.509462203552
2023-02-27,7738.509462203552
2023-02-28,7738.509462203552
2023-03-01,7738.509462203552
2023-03-02,7738.509462203552
2023-03-03,7738.509462203552
2023-03-06,7738.509462203552
2023-03-07,7738.509462203552
2023-03-08,7738.509462203552
2023-03-09,7738.509462203552
2023-03-10,7738.509462203552
2023-03-13,7738.509462203552
2023-03-14,7738.509462203552
2023-03-15,7738.509462203552
2023-03-16,7738.509462203552
2023-03-17,7738.509462203552
2023-03-20,7738.509462203552
2023-03-21,7738.509462203552
2023-03-22,7738.509462203552
2023-03-23,7738.509462203552
2023-03-24,7738.509462203552
2023-03-27,7738.509462203552
2023-03-28,7738.509462203552
2023-03-29,7738.509462203552
2023-03-30,7738.509462203552
2023-03-31,7738.509462203552
2023-04-03,7738.509462203552
2023-04-04,7738.509462203552
2023-04-05,7738.509462203552
2023-04-06,7738.509462203552
2023-04-10,7738.509462203552
2023-04-11,7738.509462203552
2023-04-12,7738.509462203552
2023-04-13,7738.509462203552
2023-04-14,7738.509462203552
2023-04-17,7738.509462203552
2023-04-18,7739.685355253631
2023-04-19,7738.377776642746
2023-04-20,7734.508587754424
2023-04-21,7734.508587754424
2023-04-24,7738.705440966361
2023-04-25,7614.876959277182
2023-04-26,7611.069520797544
2023-04-27,7611.069520797544
2023-04-28,7671.949356897826
2023-05-01,7664.198539013927
2023-05-02,7660.366439744421
2023-05-03,7660.366439744421
2023-05-04,7660.366439744421
2023-05-05,7660.366439744421
2023-05-08,7660.366439744421
2023-05-09,7660.366439744421
2023-05-10,7660.366439744421
2023-05-11,7660.366439744421
2023-05-12,7660.366439744421
2023-05-15,7660.366439744421
2023-05-16,7605.172441236918
2023-05-17,7601.3698550163
2023-05-18,7601.3698550163
2023-05-19,7601.3698550163
2023-05-22,7601.3698550163
2023-05-23,7601.3698550163
2023-05-24,7601.3698550163
2023-05-25,7601.3698550163
2023-05-26,7695.379215985776
2023-05-30,7698.311256879755
2023-05-31,7655.504539722819
2023-06-01,7651.676787452958
2023-06-02,7757.710182961586
2023-06-05,7742.830330777551
2023-06-06,7738.958915612163
2023-06-07,7708.284248902161
2023-06-08,7704.4301067777105
2023-06-09,7714.387211075177
2023-06-12,7784.056041555182
2023-06-13,7835.207435979033
2023-06-14,7844.532253720693
2023-06-15,7941.189058078619
2023-06-16,7914.093094310916
2023-06-20,7910.136047763761
2023-06-21,7910.136047763761
2023-06-22,7910.136047763761
2023-06-23,7846.153802566766
2023-06-26,7842.230725665483
2023-06-27,7842.230725665483
2023-06-28,7842.263797310489
2023-06-29,7873.113369898376
2023-06-30,7965.477012528488
2023-07-03,7974.635916868619
2023-07-05,7962.76894444562
2023-07-06,7958.787559973398
2023-07-07,7958.787559973398
2023-07-10,7958.787559973398
2023-07-11,8005.334849322539
2023-07-12,8069.487165583724
2023-07-13,8133.280268784717
2023-07-14,8128.2132871097065
2023-07-17,8124.149180466152
2023-07-18,8180.230386594369
2023-07-19,8198.40117726031
2023-07-20,8143.827615926737
2023-07-21,8139.755702118774
2023-07-24,8139.755702118774
2023-07-25,8157.878568074471
2023-07-26,8159.132816339657
2023-07-27,8104.857178283925
2023-07-28,8100.804749694784
2023-07-31,8112.165567812087
2023-08-01,8088.917918239921
2023-08-02,8084.873459280801
2023-08-03,8084.873459280801
2023-08-04,8084.873459280801
2023-08-07,8084.873459280801
2023-08-08,8045.595805395113
2023-08-09,8041.573007492416
2023-08-10,8041.573007492416
2023-08-11,8032.8613424908435
2023-08-14,8028.844911819599
2023-08-15,7930.75382309417
2023-08-16,7926.788446182623
2023-08-17,7926.788446182623
2023-08-18,7926.788446182623
2023-08-21,7974.232784150644
2023-08-22,7952.603790789636
2023-08-23,7948.627488894242
2023-08-24,7833.721436001897
2023-08-25,7829.804575283896
2023-08-28,7875.384797940055
2023-08-29,7988.405100050864
2023-08-30,8021.240809077345
2023-08-31,8009.495147659367
2023-09-01,8005.490400085538
2023-09-05,7966.814195010488
2023-09-06,7962.830787912983
2023-09-07,7962.830787912983
2023-09-08,7962.830787912983
2023-09-11,8011.0464566045575
2023-09-12,7966.979418389132
2023-09-13,7962.995928679938
2023-09-14,8027.380902253842
2023-09-15,7930.0777622669
2023-09-18,7926.112723385767
2023-09-19,7905.695463550697
2023-09-20,7901.742615818922
2023-09-21,7901.742615818922
2023-09-22,7901.742615818922
2023-09-25,7901.742615818922
2023-09-26,7780.843878234137
2023-09-27,7776.95345629502
2023-09-28,7818.020718989531
2023-09-29,7799.023742089261
2023-10-02,7795.124230218216
2023-10-03,7795.124230218216
2023-10-04,7795.124230218216
2023-10-05,7788.2878623068955
2023-10-06,7784.3937183757425
2023-10-09,7830.18171391035
2023-10-10,7870.829415465961
2023-10-11,7903.0049614836325
2023-10-12,7854.677253030398
2023-10-13,7850.749914403883
2023-10-16,7850.749914403883
2023-10-17,7846.463789437914
2023-10-18,7842.540557543195
2023-10-19,7842.540557543195
2023-10-20,7842.540557543195
2023-10-23,7842.540557543195
2023-10-24,7842.540557543195
2023-10-25,7725.245979335456
2023-10-26,7721.383356345788
2023-10-27,7721.383356345788
2023-10-30,7721.383356345788
2023-10-31,7721.383356345788
2023-11-01,7721.383356345788
2023-11-02,7721.383356345788
2023-11-03,7721.383356345788
2023-11-06,7721.383356345788
2023-11-07,7721.383356345788
2023-11-08,7721.383356345788
2023-11-09,7721.383356345788
2023-11-10,7721.383356345788
2023-11-13,7721.383356345788
2023-11-14,7721.383356345788
2023-11-15,7721.383356345788
2023-11-16,7721.383356345788
2023-11-17,7721.383356345788
2023-11-20,7721.383356345788
2023-11-21,7721.383356345788
2023-11-22,7721.383356345788
2023-11-24,7722.27267379257
2023-11-27,7708.353209365529
2023-11-28,7704.4990327608475
2023-11-29,7695.225275426215
2023-11-30,7691.377662788503
2023-12-01,7732.899763283085
2023-12-04,7692.20046124466
2023-12-05,7688.354361014038
2023-12-06,7688.354361014038
2023-12-07,7688.354361014038
2023-12-08,7717.492389290242
2023-12-11,7747.45221560884
2023-12-12,7782.756541151386
2023-12-13,7889.348086966059
2023-12-14,7914.6271726214945
2023-12-15,7901.58528766832
2023-12-18,7897.634495024487
2023-12-19,7941.564644981568
2023-12-20,7830.745645777468
2023-12-21,7826.830272954579
2023-12-22,7838.63070536829
2023-12-26,7871.659366264922
2023-12-27,7885.879455005007
2023-12-28,7888.857779246221
2023-12-29,7865.985837260347
2024-01-02,7862.052844341717
2024-01-03,7862.052844341717
2024-01-04,7862.052844341717
2024-01-05,7862.052844341717
2024-01-08,7969.566041301996
2024-01-09,7957.467448943685
2024-01-10,7953.488715219213
2024-01-11,7946.005968424091
2024-01-12,7942.03296543988
2024-01-16,7908.850233178835
2024-01-17,7904.895808062246
2024-01-18,7904.895808062246
2024-01-19,7998.877610511083
2024-01-22,8015.7720592378055
2024-01-23,8039.116600010113
2024-01-24,8047.898759566113
2024-01-25,8091.552072548813
2024-01-26,8081.2672758962435
2024-01-29,8077.226642258296
2024-01-30,8066.938525287916
2024-01-31,8062.905056025272
2024-02-01,8062.905056025272
2024-02-02,8143.310943963517
2024-02-05,8113.6051089273815
2024-02-06,8109.548306372918
2024-02-07,8172.849790629078
2024-02-08,8176.458338374842
2024-02-09,8223.577855689751
2024-02-12,8219.967778963794
2024-02-13,8215.857795074313
2024-02-14,8215.857795074313
2024-02-15,8268.242123747577
2024-02-16,8226.963535399445
2024-02-20,8222.850053631746
2024-02-21,8222.850053631746
2024-02-22,8222.850053631746
2024-02-23,8222.850053631746
2024-02-26,8222.850053631746
2024-02-27,8222.850053631746
2024-02-28,8207.864070147221
2024-02-29,8203.760138112148
2024-03-01,8276.319053724303
2024-03-04,8267.437736762593
2024-03-05,8263.304017894212
2024-03-06,8263.304017894212
2024-03-07,8340.792992130713
2024-03-08,8290.57962064237
2024-03-11,8286.434330832048
2024-03-12,8286.434330832048
2024-03-13,8269.292931764254
2024-03-14,8265.158285298372
2024-03-15,8265.158285298372
2024-03-18,8265.158285298372
2024-03-19,8306.828080027222
2024-03-20,8383.308654015535
2024-03-21,8410.966217734252
2024-03-22,8395.00531222079
2024-03-25,8390.80780956468
2024-03-26,8390.80780956468
2024-03-27,8390.80780956468
2024-03-28,8385.007995030433
2024-04-01,8380.81549103292
2024-04-02,8380.81549103292
2024-04-03,8380.81549103292
2024-04-04,8273.698619133838
2024-04-05,8269.561769824271
2024-04-08,8270.051647136886
2024-04-09,8279.612541832794
2024-04-10,8196.288862643862
2024-04-11,8192.19071821254
2024-04-12,8074.228477797266
2024-04-15,8070.191363558368
2024-04-16,8070.191363558368
2024-04-17,8070.191363558368
2024-04-18,8070.191363558368
2024-04-19,8070.191363558368
2024-04-22,8070.191363558368
2024-04-23,8161.357758012924
2024-04-24,8157.483253886879
2024-04-25,8153.4045122599355
2024-04-26,8153.4045122599355
2024-04-29,8178.151579348258
2024-04-30,8047.562491798725
2024-05-01,8043.538710552826
2024-05-02,8043.538710552826
2024-05-03,8043.538710552826
2024-05-06,8043.538710552826
2024-05-07,8043.538710552826
2024-05-08,8043.538710552826
2024-05-09,8043.538710552826
2024-05-10,8049.872607165089
2024-05-13,8050.953456344563
2024-05-14,8087.809108571215
2024-05-15,8187.345015140984
2024-05-16,8170.483059487409
2024-05-17,8166.397817957666
2024-05-20,8171.717699131498
2024-05-21,8191.735158159432
2024-05-22,8168.115060058435
2024-05-23,8164.031002528406
2024-05-24,8164.031002528406
2024-05-28,8165.652679860705
2024-05-29,8108.269890662506
2024-05-30,8104.215755717176
2024-05-31,8104.215755717176
2024-06-03,8106.768961559552
2024-06-04,8115.827342320451
2024-06-05,8211.716643581962
2024-06-06,8211.561012307253
2024-06-07,8207.4552318011
2024-06-10,8207.4552318011
2024-06-11,8223.093589465376
2024-06-12,8290.355974298258
2024-06-13,8307.0308818108
2024-06-14,8312.083585133225
2024-06-17,8377.978068323098
2024-06-18,8399.235528312996
2024-06-20,8376.387408526829
2024-06-21,8372.199214822565
2024-06-24,8372.199214822565
2024-06-25,8372.199214822565
2024-06-26,8378.45624982166
2024-06-27,8391.654134355063
2024-06-28,8358.56736974067
2024-07-01,8354.3880860558
2024-07-02,8406.244163341844
2024-07-03,8443.675763713045
2024-07-05,8492.224659875887
2024-07-08,8502.019974261368
2024-07-09,8510.283677996571
2024-07-10,8594.080178615392
2024-07-11,8519.655626370088
2024-07-12,8515.395798556903
2024-07-15,8534.524592672557
2024-07-16,8584.984373606225
2024-07-17,8463.761553622831
2024-07-18,8459.52967284602
2024-07-19,8459.52967284602
2024-07-22,8459.52967284602
2024-07-23,8442.019108080613
2024-07-24,8437.798098526573
2024-07-25,8437.798098526573
2024-07-26,8437.798098526573
2024-07-29,8437.798098526573
2024-07-30,8437.798098526573
2024-07-31,8437.798098526573
2024-08-01,8437.798098526573
2024-08-02,8437.798098526573
2024-08-05,8437.798098526573
2024-08-06,8437.798098526573
2024-08-07,8437.798098526573
2024-08-08,8437.798098526573
2024-08-09,8437.798098526573
2024-08-12,8437.798098526573
2024-08-13,8437.798098526573
2024-08-14,8437.798098526573
2024-08-15,8437.798098526573
2024-08-16,8437.798098526573
2024-08-19,8437.798098526573
2024-08-20,8437.798098526573
2024-08-21,8437.798098526573
2024-08-22,8437.798098526573
2024-08-23,8437.798098526573
2024-08-26,8437.798098526573
2024-08-27,8437.798098526573
2024-08-28,8437.798098526573
2024-08-29,8437.798098526573
2024-08-30,8437.798098526573
2024-09-03,8437.798098526573
2024-09-04,8437.798098526573
2024-09-05,8437.798098526573
2024-09-06,8437.798098526573
2024-09-09,8437.798098526573
2024-09-10,8437.798098526573
2024-09-11,8437.798098526573
2024-09-12,8437.798098526573
2024-09-13,8437.798098526573
2024-09-16,8437.798098526573
2024-09-17,8437.798098526573
2024-09-18,8408.517388130882
2024-09-19,8404.313129436818
2024-09-20,8404.313129436818
2024-09-23,8404.313129436818
2024-09-24,8404.313129436818
2024-09-25,8404.313129436818
2024-09-26,8404.313129436818
2024-09-27,8404.313129436818
2024-09-30,8404.313129436818
2024-10-01,8404.313129436818
2024-10-02,8404.313129436818
2024-10-03,8384.73262677176
2024-10-04,8380.540260458374
2024-10-07,8300.242187684658
2024-10-08,8296.092066590816
2024-10-09,8349.209519790738
2024-10-10,8334.584705515235
2024-10-11,8330.417413162479
2024-10-14,8394.10553721964
2024-10-15,8328.63006616957
2024-10-16,8324.465751136486
2024-10-17,8321.01707823787
2024-10-18,8352.962926003967
2024-10-21,8339.234358670985
2024-10-22,8335.06474149165
2024-10-23,8335.06474149165
2024-10-24,8335.06474149165
2024-10-25,8328.017394581946
2024-10-28,8323.853385884655
2024-10-29,8333.151700285252
2024-10-30,8307.90404459177
2024-10-31,8303.750092569475
2024-11-01,8303.750092569475
2024-11-04,8281.69407566624
2024-11-05,8277.553228628409
2024-11-06,8277.553228628409
2024-11-07,8277.553228628409
2024-11-08,8277.553228628409
2024-11-11,8277.553228628409
2024-11-12,8247.661901048785
2024-11-13,8243.53807009826
2024-11-14,8186.237282178216
2024-11-15,8182.1441635371275
2024-11-18,8182.1441635371275
2024-11-19,8182.1441635371275
2024-11-20,8182.1441635371275
2024-11-21,8182.1441635371275
2024-11-22,8182.1441635371275
2024-11-25,8182.1441635371275
2024-11-26,8182.1441635371275
2024-11-27,8182.1441635371275
2024-11-29,8182.1441635371275
2024-12-02,8192.705343665386
2024-12-03,8196.504383798083
2024-12-04,8247.242646347939
2024-12-05,8233.660342280606
2024-12-06,8229.543512109465
2024-12-09,8182.939213914449
2024-12-10,8178.847744307493
2024-12-11,8178.847744307493
2024-12-12,8132.506979365331
2024-12-13,8128.440725875649
2024-12-16,8128.440725875649
2024-12-17,8090.816991966263
2024-12-18,8086.77158347028
2024-12-19,8086.77158347028
2024-12-20,8086.77158347028
2024-12-23,8131.010381947891
2024-12-24,8126.944876756917
2024-12-26,8126.944876756917
2024-12-27,8126.944876756917
2024-12-30,8126.944876756917
2024-12-31,8126.944876756917
