Date,Equity
2004-09-03,10000.0
2004-09-06,10000.0
2004-09-07,10000.0
2004-09-08,10000.0
2004-09-09,10000.0
2004-09-10,9995.0
2004-09-13,9982.768157701934
2004-09-14,9982.768157701934
2004-09-15,9982.768157701934
2004-09-16,9982.768157701934
2004-09-17,9982.768157701934
2004-09-20,9982.768157701934
2004-09-21,9977.776773623083
2004-09-22,9922.479393070787
2004-09-23,9917.518153374253
2004-09-24,9920.68330380852
2004-09-27,9946.535518884233
2004-09-28,9957.069243054832
2004-09-29,9969.959493623075
2004-09-30,10047.999489888414
2004-10-01,10032.643641200784
2004-10-04,9931.148750281716
2004-10-05,9952.16383034272
2004-10-06,9923.767963552142
2004-10-07,9938.403925366247
2004-10-08,10027.666332171146
2004-10-11,10006.65809853671
2004-10-12,9955.608135254752
2004-10-13,9978.203962789321
2004-10-14,10010.417187970159
2004-10-15,10082.856668046621
2004-10-18,10091.038610949458
2004-10-19,10115.138894343221
2004-10-20,10163.500739831828
2004-10-21,10196.666809300697
2004-10-22,10253.832790529772
2004-10-25,10350.322775630488
2004-10-26,10313.129595342532
2004-10-27,10265.320633076744
2004-10-29,10334.551608665954
2004-11-01,10297.338548319063
2004-11-02,10276.359662524572
2004-11-03,10360.755101215333
2004-11-04,10399.49515211105
2004-11-05,10475.140348037497
2004-11-08,10427.436025499053
2004-11-09,10420.170540333698
2004-11-10,10409.556718675722
2004-11-11,10429.024815743436
2004-11-12,10477.338088958286
2004-11-15,10453.041668449168
2004-11-16,10470.776370295744
2004-11-17,10532.029487302236
2004-11-18,10459.911051335963
2004-11-19,10532.354277990458
2004-11-22,10533.177544433402
2004-11-23,10579.15385497693
2004-11-24,10644.336366760095
2004-11-25,10708.77620652495
2004-11-26,10738.632854105907
2004-11-29,10714.389234830209
2004-11-30,10740.999772308809
2004-12-01,10779.634621278266
2004-12-02,10710.799835078296
2004-12-03,10875.111112842726
2004-12-06,10818.438925918765
2004-12-07,10846.590622339383
2004-12-08,10777.03341919889
2004-12-09,10743.861898077035
2004-12-10,10672.48837891373
2004-12-13,10756.174345567864
2004-12-14,10747.295153754842
2004-12-15,10823.660758197448
2004-12-16,10699.462925807542
2004-12-17,10749.343259307256
2004-12-20,10813.070475998542
2004-12-21,10794.405493713113
2004-12-22,10812.170564633374
2004-12-23,10909.468649114906
2004-12-24,10930.4219481163
2004-12-27,10999.596420474914
2004-12-28,10975.346503026525
2004-12-29,10985.794786363964
2004-12-30,11002.848805432364
2004-12-31,10951.836028378106
2005-01-03,10874.855299578745
2005-01-04,10721.979046430308
2005-01-05,10720.413227181474
2005-01-06,10641.830082454138
2005-01-07,10542.824673320803
2005-01-10,10582.281286032307
2005-01-11,10587.970512999631
2005-01-12,10699.523513817807
2005-01-13,10663.275821126561
2005-01-14,10572.377924583143
2005-01-17,10533.672675666934
2005-01-18,10506.898566798436
2005-01-19,10494.869641208528
2005-01-20,10462.440435426366
2005-01-21,10491.504854394658
2005-01-24,10523.739867684208
2005-01-25,10468.720938759177
2005-01-26,10554.758203444253
2005-01-27,10524.84587167009
2005-01-28,10528.003924215502
2005-01-31,10533.635427584804
2005-02-01,10523.192590268169
2005-02-02,10517.567701839704
2005-02-03,10469.022577313848
2005-02-04,10376.541901959987
2005-02-07,10300.503600186432
2005-02-08,10305.23849004396
2005-02-09,10339.906765794498
2005-02-10,10390.640420339385
2005-02-11,10375.26601475124
2005-02-14,10468.526363233284
2005-02-15,10503.895307800329
2005-02-16,10508.819329189977
2005-02-17,10550.644226101402
2005-02-18,10545.817065624507
2005-02-21,10541.82040723797
2005-02-22,10699.581234192283
2005-02-23,10652.719207655406
2005-02-24,10636.556956243114
2005-02-25,10687.298881066876
2005-02-28,10663.82412776387
2005-03-01,10627.381455565765
2005-03-02,10598.305797335644
2005-03-03,10574.108134866445
2005-03-04,10687.242083255625
2005-03-07,10667.016718788615
2005-03-08,10771.471044764694
2005-03-09,10791.624721133954
2005-03-10,10840.674910618049
2005-03-11,10868.826268300689
2005-03-14,10781.464123798289
2005-03-15,10737.030995381376
2005-03-16,10818.080203289233
2005-03-17,10792.286855714498
2005-03-18,10746.181143167736
2005-03-21,10615.556699815872
2005-03-22,10547.595868615372
2005-03-23,10479.54019822326
2005-03-24,10430.22964001149
2005-03-25,10449.670926032595
2005-03-28,10400.371296637186
2005-03-29,10434.896035629235
2005-03-30,10416.415737563653
2005-03-31,10458.20442843047
2005-04-01,10411.387543548777
2005-04-04,10363.650231591862
2005-04-05,10370.044681434658
2005-04-06,10377.380713236307
2005-04-07,10363.636570087434
2005-04-08,10431.912322846154
2005-04-11,10460.963210811422
2005-04-12,10415.740929396216
2005-04-13,10413.320805428031
2005-04-14,10318.423551450096
2005-04-15,10378.802580269834
2005-04-18,10497.424777289707
2005-04-19,10535.346972494766
2005-04-20,10552.980245418563
2005-04-21,10520.712934927138
2005-04-22,10532.79874951943
2005-04-25,10477.773596434587
2005-04-26,10470.559780079639
2005-04-27,10418.887131569078
2005-04-28,10405.971560727636
2005-04-29,10382.497525374616
2005-05-02,10358.327880777395
2005-05-03,10391.24786662337
2005-05-04,10441.989301489284
2005-05-05,10446.858671635899
2005-05-06,10324.806477336775
2005-05-09,10319.644074098107
2005-05-10,10345.27944482178
2005-05-11,10281.347237436981
2005-05-12,10281.347237436981
2005-05-13,10281.347237436981
2005-05-16,10281.347237436981
2005-05-17,10281.347237436981
2005-05-18,10281.347237436981
2005-05-19,10281.347237436981
2005-05-20,10281.347237436981
2005-05-23,10281.347237436981
2005-05-24,10281.347237436981
2005-05-25,10281.347237436981
2005-05-26,10281.347237436981
2005-05-27,10281.347237436981
2005-05-30,10281.347237436981
2005-05-31,10281.347237436981
2005-06-01,10281.347237436981
2005-06-02,10281.347237436981
2005-06-03,10281.347237436981
2005-06-06,10281.347237436981
2005-06-07,10281.347237436981
2005-06-08,10281.347237436981
2005-06-09,10281.347237436981
2005-06-10,10281.347237436981
2005-06-13,10281.347237436981
2005-06-14,10281.347237436981
2005-06-15,10281.347237436981
2005-06-16,10281.347237436981
2005-06-17,10281.347237436981
2005-06-20,10281.347237436981
2005-06-21,10281.347237436981
2005-06-22,10281.347237436981
2005-06-23,10281.347237436981
2005-06-24,10281.347237436981
2005-06-27,10281.347237436981
2005-06-28,10281.347237436981
2005-06-29,10281.347237436981
2005-06-30,10281.347237436981
2005-07-01,10281.347237436981
2005-07-04,10281.347237436981
2005-07-05,10281.347237436981
2005-07-06,10281.347237436981
2005-07-07,10281.347237436981
2005-07-08,10281.347237436981
2005-07-11,10281.347237436981
2005-07-12,10281.347237436981
2005-07-13,10281.347237436981
2005-07-14,10281.347237436981
2005-07-15,10281.347237436981
2005-07-18,10281.347237436981
2005-07-19,10281.347237436981
2005-07-20,10281.347237436981
2005-07-21,10281.347237436981
2005-07-22,10281.347237436981
2005-07-25,10281.347237436981
2005-07-26,10281.347237436981
2005-07-27,10281.347237436981
2005-07-28,10281.347237436981
2005-07-29,10281.347237436981
2005-08-01,10281.347237436981
2005-08-02,10281.347237436981
2005-08-03,10281.347237436981
2005-08-04,10281.347237436981
2005-08-05,10281.347237436981
2005-08-08,10281.347237436981
2005-08-09,10281.347237436981
2005-08-10,10281.347237436981
2005-08-11,10281.347237436981
2005-08-12,10281.347237436981
2005-08-15,10281.347237436981
2005-08-16,10281.347237436981
2005-08-17,10281.347237436981
2005-08-18,10281.347237436981
2005-08-19,10281.347237436981
2005-08-22,10281.347237436981
2005-08-23,10281.347237436981
2005-08-24,10281.347237436981
2005-08-25,10281.347237436981
2005-08-26,10281.347237436981
2005-08-29,10281.347237436981
2005-08-30,10281.347237436981
2005-08-31,10281.347237436981
2005-09-01,10281.347237436981
2005-09-02,10281.347237436981
2005-09-05,10281.347237436981
2005-09-06,10281.347237436981
2005-09-07,10281.347237436981
2005-09-08,10281.347237436981
2005-09-09,10281.347237436981
2005-09-12,10281.347237436981
2005-09-13,10281.347237436981
2005-09-14,10281.347237436981
2005-09-15,10281.347237436981
2005-09-16,10281.347237436981
2005-09-19,10281.347237436981
2005-09-20,10281.347237436981
2005-09-22,10281.347237436981
2005-09-23,10281.347237436981
2005-09-26,10281.347237436981
2005-09-27,10281.347237436981
2005-09-28,10281.347237436981
2005-09-29,10281.347237436981
2005-09-30,10281.347237436981
2005-10-03,10281.347237436981
2005-10-04,10281.347237436981
2005-10-05,10281.347237436981
2005-10-06,10281.347237436981
2005-10-07,10281.347237436981
2005-10-10,10281.347237436981
2005-10-11,10281.347237436981
2005-10-12,10281.347237436981
2005-10-13,10281.347237436981
2005-10-14,10281.347237436981
2005-10-17,10281.347237436981
2005-10-18,10281.347237436981
2005-10-19,10281.347237436981
2005-10-20,10281.347237436981
2005-10-21,10281.347237436981
2005-10-24,10281.347237436981
2005-10-25,10281.347237436981
2005-10-26,10281.347237436981
2005-10-27,10281.347237436981
2005-10-28,10281.347237436981
2005-10-31,10281.347237436981
2005-11-01,10281.347237436981
2005-11-02,10281.347237436981
2005-11-03,10281.347237436981
2005-11-04,10281.347237436981
2005-11-07,10281.347237436981
2005-11-08,10281.347237436981
2005-11-09,10281.347237436981
2005-11-10,10281.347237436981
2005-11-11,10281.347237436981
2005-11-14,10281.347237436981
2005-11-15,10281.347237436981
2005-11-16,10281.347237436981
2005-11-17,10281.347237436981
2005-11-18,10281.347237436981
2005-11-21,10281.347237436981
2005-11-22,10281.347237436981
2005-11-23,10281.347237436981
2005-11-24,10281.347237436981
2005-11-25,10281.347237436981
2005-11-28,10281.347237436981
2005-11-29,10281.347237436981
2005-11-30,10281.347237436981
2005-12-01,10281.347237436981
2005-12-02,10281.347237436981
2005-12-05,10281.347237436981
2005-12-06,10281.347237436981
2005-12-07,10281.347237436981
2005-12-08,10281.347237436981
2005-12-09,10281.347237436981
2005-12-12,10281.347237436981
2005-12-13,10281.347237436981
2005-12-14,10281.347237436981
2005-12-15,10281.347237436981
2005-12-16,10281.347237436981
2005-12-19,10281.347237436981
2005-12-20,10281.347237436981
2005-12-21,10281.347237436981
2005-12-22,10281.347237436981
2005-12-23,10281.347237436981
2005-12-26,10281.347237436981
2005-12-27,10281.347237436981
2005-12-28,10281.347237436981
2005-12-29,10281.347237436981
2005-12-30,10281.347237436981
2006-01-02,10281.347237436981
2006-01-03,10281.347237436981
2006-01-04,10281.347237436981
2006-01-05,10281.347237436981
2006-01-06,10281.347237436981
2006-01-09,10281.347237436981
2006-01-10,10281.347237436981
2006-01-11,10281.347237436981
2006-01-12,10281.347237436981
2006-01-13,10281.347237436981
2006-01-16,10281.347237436981
2006-01-17,10281.347237436981
2006-01-18,10281.347237436981
2006-01-19,10281.347237436981
2006-01-20,10281.347237436981
2006-01-23,10276.206563818263
2006-01-24,10243.511139211669
2006-01-25,10226.815975235486
2006-01-26,10201.67666525538
2006-01-27,10095.024321398592
2006-01-30,10095.024321398592
2006-01-31,10095.024321398592
2006-02-01,10095.024321398592
2006-02-02,10095.024321398592
2006-02-03,10095.024321398592
2006-02-06,10095.024321398592
2006-02-07,10095.024321398592
2006-02-08,10095.024321398592
2006-02-09,10095.024321398592
2006-02-10,10095.024321398592
2006-02-13,10095.024321398592
2006-02-14,10095.024321398592
2006-02-15,10095.024321398592
2006-02-16,10095.024321398592
2006-02-17,10095.024321398592
2006-02-20,10095.024321398592
2006-02-21,10095.024321398592
2006-02-22,10095.024321398592
2006-02-23,10095.024321398592
2006-02-24,10095.024321398592
2006-02-27,10095.024321398592
2006-02-28,10095.024321398592
2006-03-01,10095.024321398592
2006-03-02,10095.024321398592
2006-03-03,10095.024321398592
2006-03-06,10095.024321398592
2006-03-07,10095.024321398592
2006-03-08,10095.024321398592
2006-03-09,10095.024321398592
2006-03-10,10095.024321398592
2006-03-13,10095.024321398592
2006-03-14,10095.024321398592
2006-03-15,10089.976809237893
2006-03-16,10176.456840108993
2006-03-17,10190.715508605947
2006-03-20,10166.391937506829
2006-03-21,10120.373315998997
2006-03-22,10096.139754171174
2006-03-23,10001.248460119788
2006-03-24,10001.248460119788
2006-03-27,10001.248460119788
2006-03-28,10001.248460119788
2006-03-29,10001.248460119788
2006-03-30,9996.24783588973
2006-03-31,9952.675654677309
2006-04-03,9972.349357044299
2006-04-04,10071.255176299332
2006-04-05,10094.247653325645
2006-04-06,10033.280721281853
2006-04-07,9934.991357637935
2006-04-10,9948.940102087596
2006-04-11,9978.506221685637
2006-04-12,9950.544273725303
2006-04-13,9952.232261051779
2006-04-14,9948.856406789128
2006-04-17,10064.848564423908
2006-04-18,10157.279417220085
2006-04-19,10166.328022914984
2006-04-20,10109.481255275788
2006-04-21,10135.647307253277
2006-04-24,10175.000809706706
2006-04-25,10207.827588344524
2006-04-26,10224.207742874592
2006-04-27,10292.146208790138
2006-04-28,10377.23758109312
2006-05-01,10331.183265203777
2006-05-02,10361.50990772723
2006-05-03,10366.478046786622
2006-05-04,10430.27175496075
2006-05-05,10452.417911941438
2006-05-08,10431.81684855645
2006-05-09,10484.292146449212
2006-05-10,10490.451850807525
2006-05-11,10553.89530350817
2006-05-12,10617.702675230139
2006-05-15,10502.18921352181
2006-05-16,10551.332062978634
2006-05-17,10462.223515730333
2006-05-18,10551.386039852136
2006-05-19,10482.18828105562
2006-05-22,10552.549132966442
2006-05-23,10494.927805101266
2006-05-24,10487.551556524646
2006-05-25,10517.065290511455
2006-05-26,10458.623774823818
2006-05-29,10468.487335539441
2006-05-30,10561.673023870791
2006-05-31,10521.393975663337
2006-06-01,10517.215280467342
2006-06-02,10604.751518917952
2006-06-05,10590.788212734371
2006-06-06,10525.67776523659
2006-06-07,10509.226412457896
2006-06-08,10382.849951560302
2006-06-09,10376.285879740068
2006-06-12,10331.131539029915
2006-06-13,10298.156772742263
2006-06-14,10349.838096134185
2006-06-15,10375.185396221957
2006-06-16,10379.251231338856
2006-06-19,10325.841763266317
2006-06-20,10333.24818370587
2006-06-21,10392.083885348653
2006-06-22,10329.512718657677
2006-06-23,10279.325683716048
2006-06-26,10332.632448122618
2006-06-27,10316.12596075827
2006-06-28,10297.212335861432
2006-06-29,10393.649540562652
2006-06-30,10490.847645618107
2006-07-03,10505.609164501853
2006-07-04,10496.602657535
2006-07-05,10450.520857688445
2006-07-06,10484.911073688956
2006-07-07,10524.234222221661
2006-07-10,10459.248084228278
2006-07-11,10477.660016757898
2006-07-12,10432.009399078112
2006-07-13,10419.683562658223
2006-07-14,10376.116700398383
2006-07-17,10272.207174239713
2006-07-18,10259.099393198729
2006-07-19,10338.413652845278
2006-07-20,10366.194229738667
2006-07-21,10425.951593042355
2006-07-24,10358.477263769182
2006-07-25,10325.576647548272
2006-07-26,10430.840906331241
2006-07-27,10416.925978676147
2006-07-28,10461.989168974469
2006-07-31,10480.816104407266
2006-08-01,10518.504437288917
2006-08-02,10495.470827892474
2006-08-03,10501.244801485293
2006-08-04,10566.63570693728
2006-08-07,10517.350891767432
2006-08-08,10474.564259660425
2006-08-09,10562.794413698306
2006-08-10,10495.285369139738
2006-08-11,10439.44558314458
2006-08-14,10437.718338742188
2006-08-15,10493.376766588473
2006-08-16,10536.01025996389
2006-08-17,10526.948575019787
2006-08-18,10523.70714508169
2006-08-21,10560.49101326199
2006-08-22,10510.309974775528
2006-08-23,10484.891109310216
2006-08-24,10469.2237047111
2006-08-25,10465.216357163874
2006-08-28,10494.226508310081
2006-08-29,10524.20696531212
2006-08-30,10533.932799348535
2006-08-31,10507.72320035924
2006-09-01,10529.820479457587
2006-09-04,10547.000192997848
2006-09-05,10519.9143403956
2006-09-06,10515.867938617863
2006-09-07,10444.261540590767
2006-09-08,10395.705172310203
2006-09-11,10426.051359875992
2006-09-12,10413.734599453343
2006-09-13,10415.320590510853
2006-09-14,10436.63402568191
2006-09-15,10377.4470465673
2006-09-18,10423.234724824864
2006-09-19,10398.62948236227
2006-09-20,10407.596356606547
2006-09-21,10483.671586519373
2006-09-22,10499.225922145915
2006-09-25,10454.033853385192
2006-09-26,10406.311733633533
2006-09-27,10421.901784008003
2006-09-28,10419.915690624563
2006-09-29,10385.819948197348
2006-10-02,10451.120358726095
2006-10-03,10445.395893361432
2006-10-04,10427.320822486534
2006-10-05,10413.01405763176
2006-10-06,10337.669009809078
2006-10-09,10335.194044838729
2006-10-10,10278.437900179115
2006-10-11,10271.870354556588
2006-10-12,10301.37294388799
2006-10-13,10256.18720373996
2006-10-16,10285.728319015076
2006-10-17,10288.953281779743
2006-10-18,10284.04889296585
2006-10-19,10355.998601886195
2006-10-20,10346.979424070141
2006-10-23,10293.466437685556
2006-10-24,10300.05775678871
2006-10-25,10346.732531736958
2006-10-26,10410.499249955714
2006-10-27,10450.618687954384
2006-10-30,10429.996598946835
2006-10-31,10470.133336496325
2006-11-01,10459.846566895618
2006-11-02,10480.812279873317
2006-11-03,10420.708868897658
2006-11-06,10435.948433502834
2006-11-07,10479.732516907623
2006-11-08,10464.075312650013
2006-11-09,10523.392797444143
2006-11-10,10540.962893050555
2006-11-13,10517.954845743463
2006-11-14,10508.11187864103
2006-11-15,10517.135948022269
2006-11-16,10491.674412393168
2006-11-17,10537.547429977047
2006-11-20,10511.311117408768
2006-11-21,10534.240265482737
2006-11-22,10610.159132734478
2006-11-23,10620.873382989983
2006-11-24,10729.411829893694
2006-11-27,10768.65442392697
2006-11-28,10826.652065440254
2006-11-29,10780.71852833287
2006-11-30,10864.817372256077
2006-12-01,10938.346067675238
2006-12-04,10934.260735025768
2006-12-05,10920.271008565931
2006-12-06,10893.686552196097
2006-12-07,10893.252578007223
2006-12-08,10981.458653528813
2006-12-11,10863.542700498068
2006-12-12,10891.360425136654
2006-12-13,10836.372387240766
2006-12-14,10785.78597692721
2006-12-15,10738.493267959688
2006-12-18,10744.261552723643
2006-12-19,10826.813615001622
2006-12-20,10810.38341136494
2006-12-21,10807.816860066394
2006-12-22,10769.271120080737
2006-12-25,10768.422843020262
2006-12-26,10747.084218226788
2006-12-27,10759.489923591473
2006-12-28,10778.28822975832
2006-12-29,10819.179194832717
2007-01-01,10836.327678209116
2007-01-02,10882.982522026714
2007-01-03,10796.636923420168
2007-01-04,10732.410227199452
2007-01-05,10643.548932652038
2007-01-08,10688.561144825768
2007-01-09,10653.217733799123
2007-01-10,10606.383104747496
2007-01-11,10569.527933372816
2007-01-12,10596.549441593403
2007-01-15,10602.98952624546
2007-01-16,10589.967496620931
2007-01-17,10606.261816120552
2007-01-18,10623.431213847856
2007-01-19,10630.042168852666
2007-01-22,10614.475348136602
2007-01-23,10674.162330772848
2007-01-24,10624.78866148138
2007-01-25,10605.936913890519
2007-01-26,10596.883416532324
2007-01-29,10624.731420423708
2007-01-30,10627.21092856618
2007-01-31,10673.887335900221
2007-02-01,10670.55211543576
2007-02-02,10625.359455330843
2007-02-05,10599.082468522301
2007-02-06,10641.658590919413
2007-02-07,10673.624175457957
2007-02-08,10687.532959387712
2007-02-09,10660.391715775831
2007-02-12,10624.262519940105
2007-02-13,10680.740473812295
2007-02-14,10768.794024815614
2007-02-15,10764.83262880779
2007-02-16,10767.236702227665
2007-02-19,10778.701290286486
2007-02-20,10775.440624803361
2007-02-21,10768.07658748495
2007-02-22,10756.62228390349
2007-02-23,10792.542321993413
2007-02-26,10813.027530752865
2007-02-27,10844.174318227495
2007-02-28,10841.59189236498
2007-03-01,10793.2230651112
2007-03-02,10789.10050396763
2007-03-05,10724.94890868109
2007-03-06,10766.716555674015
2007-03-07,10799.867423324993
2007-03-08,10769.878165212625
2007-03-09,10748.526900035487
2007-03-12,10807.333608562802
2007-03-13,10809.04501148603
2007-03-14,10845.890607132009
2007-03-15,10885.150429049721
2007-03-16,10913.815734880995
2007-03-19,10909.601594562073
2007-03-20,10912.070892972353
2007-03-21,10979.993229127851
2007-03-22,10926.571253421063
2007-03-23,10896.163302937653
2007-03-26,10924.743752445524
2007-03-27,10951.867526081385
2007-03-28,10910.81379882208
2007-03-29,10927.09732815462
2007-03-30,10946.786377437293
2007-04-02,10955.856483848442
2007-04-03,10918.859786577299
2007-04-04,10958.943762253928
2007-04-05,11006.386039547475
2007-04-06,10981.726009895247
2007-04-09,10943.232646924433
2007-04-10,11006.109615402655
2007-04-11,11012.617044264387
2007-04-12,11054.435149507071
2007-04-13,11078.920468857908
2007-04-16,11085.513752697254
2007-04-17,11120.663214237095
2007-04-18,11154.978186436096
2007-04-19,11163.485576591818
2007-04-20,11134.472882334521
2007-04-23,11130.388254578353
2007-04-24,11172.9554930267
2007-04-25,11175.393228993391
2007-04-26,11134.315244138445
2007-04-27,11188.310120305792
2007-04-30,11185.866036119296
2007-05-01,11143.949682456696
2007-05-02,11133.345071018228
2007-05-03,11107.05249008011
2007-05-04,11134.037162655359
2007-05-07,11143.119023930201
2007-05-08,11094.578277977067
2007-05-09,11083.166240222077
2007-05-10,11047.093892450484
2007-05-11,11078.1186850289
2007-05-14,11096.106854165826
2007-05-15,11139.471046902341
2007-05-16,11080.259462217346
2007-05-17,11058.104536967423
2007-05-18,11071.24588753225
2007-05-21,11032.714982563606
2007-05-22,11021.280900610453
2007-05-23,11026.174942632682
2007-05-24,11003.19802410929
2007-05-25,11019.61352223777
2007-05-28,11021.24347796256
2007-05-29,11016.204619049133
2007-05-30,11004.803815898018
2007-05-31,11024.481895991434
2007-06-01,11012.916868999659
2007-06-04,11053.850337937283
2007-06-05,11076.84161507141
2007-06-06,11054.550219441644
2007-06-07,11001.27978518204
2007-06-08,10945.433870829887
2007-06-11,10942.070779727936
2007-06-12,10901.082622524182
2007-06-13,10904.419270016357
2007-06-14,10909.209583581334
2007-06-15,10960.755449646265
2007-06-18,10991.005581841884
2007-06-19,10997.642634999242
2007-06-20,10974.636789512604
2007-06-21,10973.01939273701
2007-06-22,11035.808732026744
2007-06-25,11033.430452419172
2007-06-26,11017.838749534956
2007-06-27,11022.730429326024
2007-06-28,11016.20676527344
2007-06-29,11088.883344951319
2007-07-02,11169.630011298552
2007-07-03,11150.760754082727
2007-07-04,11153.34148072351
2007-07-05,11140.13850724282
2007-07-06,11165.466806853698
2007-07-09,11160.59765277573
2007-07-10,11271.536930334807
2007-07-11,11266.574240827487
2007-07-12,11294.347771598494
2007-07-13,11291.855476099629
2007-07-16,11285.319843311212
2007-07-17,11296.053273697757
2007-07-18,11309.925649046032
2007-07-19,11302.587833419015
2007-07-20,11331.94609229327
2007-07-23,11308.14254732877
2007-07-24,11324.545442947376
2007-07-25,11243.26936297363
2007-07-26,11262.885996886811
2007-07-27,11169.11962870511
2007-07-30,11231.12614299005
2007-07-31,11198.372490646098
2007-08-01,11202.506819909831
2007-08-02,11227.048322623543
2007-08-03,11292.333044092238
2007-08-06,11300.432225201872
2007-08-07,11254.531794673907
2007-08-08,11305.215719800295
2007-08-09,11199.134700618339
2007-08-10,11211.392632101326
2007-08-13,11148.949827165823
2007-08-14,11084.784817306458
2007-08-15,10996.914402232322
2007-08-16,10994.404136001973
2007-08-17,11050.785120120465
2007-08-20,11035.137400582495
2007-08-21,11018.793581225818
2007-08-22,11096.307979376343
2007-08-23,11102.02231701656
2007-08-24,11191.786642870866
2007-08-27,11167.950902529763
2007-08-28,11136.01207592608
2007-08-29,11197.361227795056
2007-08-30,11171.056626619513
2007-08-31,11171.056626619513
2007-09-03,11148.069534021653
2007-09-04,11153.078110196586
2007-09-05,11180.760103882692
2007-09-06,11215.161891003627
2007-09-07,11279.706064746333
2007-09-11,11332.814941079418
2007-09-12,11388.317515252336
2007-09-13,11354.630537050687
2007-09-14,11363.766261839135
2007-09-17,11353.048307859595
2007-09-18,11446.778609453017
2007-09-19,11437.819524135215
2007-09-20,11527.484608672166
2007-09-21,11538.201588488428
2007-09-24,11523.41465251302
2007-09-25,11587.164623323539
2007-09-26,11571.597088018181
2007-09-27,11587.143708098516
2007-09-28,11679.174781346264
2007-10-01,11655.541290509036
2007-10-02,11586.552635465967
2007-10-03,11543.835055255002
2007-10-04,11572.51762148459
2007-10-05,11570.881767431783
2007-10-08,11501.9131540848
2007-10-09,11549.195773443282
2007-10-10,11577.088928111805
2007-10-11,11626.801315956995
2007-10-12,11617.062235322872
2007-10-15,11628.442948475828
2007-10-16,11606.33057506038
2007-10-17,11639.12158070906
2007-10-18,11702.67136212557
2007-10-19,11704.343968058516
2007-10-22,11608.187015071575
2007-10-23,11671.898236397012
2007-10-24,11676.059586036547
2007-10-25,11727.466405693602
2007-10-26,11782.196575857186
2007-10-29,11802.56352055969
2007-10-30,11820.61464227454
2007-10-31,11846.759920833247
2007-11-01,11809.956342564015
2007-11-02,11859.642046400306
2007-11-05,11851.569160426596
2007-11-06,11921.784650879075
2007-11-07,11970.674122068061
2007-11-08,12017.33011844331
2007-11-09,12012.39253127158
2007-11-12,11888.052958851593
2007-11-13,11967.222401794876
2007-11-14,11991.042493302542
2007-11-15,11967.174989225745
2007-11-16,11977.85340401081
2007-11-19,12006.45860111895
2007-11-20,12139.994601910572
2007-11-21,12160.360975638441
2007-11-22,12158.734445673499
2007-11-23,12113.661483040372
2007-11-27,12143.819330046656
2007-11-28,12146.342093289504
2007-11-29,12079.826982923572
2007-11-30,12027.344077716994
2007-12-03,12006.1524295003
2007-12-04,12084.433301841102
2007-12-05,11946.928241854637
2007-12-06,11996.03915656971
2007-12-07,11993.577642171167
2007-12-10,12036.720802157688
2007-12-11,12000.656351300575
2007-12-12,12042.43818236641
2007-12-13,11971.760101066946
2007-12-14,11812.910685781546
2007-12-17,11793.143083156974
2007-12-19,11769.370871306875
2007-12-20,11727.63050621365
2007-12-21,11772.596953023487
2007-12-24,11779.883810151474
2007-12-25,11779.035187736175
2007-12-26,11854.0541792194
2007-12-27,11956.683145092842
2007-12-28,12041.553488612273
2007-12-31,11945.52564350637
2008-01-01,11961.059571567403
2008-01-02,12040.012645709654
2008-01-03,12062.890958361431
2008-01-04,12071.076442626858
2008-01-07,12012.088449018529
2008-01-08,12711.425739175267
2008-01-09,12711.425739175267
2008-01-10,12711.425739175267
2008-01-11,12711.425739175267
2008-01-14,12711.425739175267
2008-01-15,12711.425739175267
2008-01-16,12711.425739175267
2008-01-17,12711.425739175267
2008-01-18,12711.425739175267
2008-01-21,12711.425739175267
2008-01-22,12711.425739175267
2008-01-23,12711.425739175267
2008-01-24,12711.425739175267
2008-01-25,12711.425739175267
2008-01-28,12711.425739175267
2008-01-29,12711.425739175267
2008-01-30,12711.425739175267
2008-01-31,12711.425739175267
2008-02-01,12711.425739175267
2008-02-04,12711.425739175267
2008-02-05,12711.425739175267
2008-02-06,12711.425739175267
2008-02-07,12711.425739175267
2008-02-08,12711.425739175267
2008-02-11,12711.425739175267
2008-02-12,12711.425739175267
2008-02-13,12711.425739175267
2008-02-14,12711.425739175267
2008-02-15,12711.425739175267
2008-02-18,12711.425739175267
2008-02-19,12711.425739175267
2008-02-20,12711.425739175267
2008-02-21,12711.425739175267
2008-02-22,12711.425739175267
2008-02-25,12711.425739175267
2008-02-26,12711.425739175267
2008-02-27,12711.425739175267
2008-02-28,12711.425739175267
2008-02-29,12711.425739175267
2008-03-03,12711.425739175267
2008-03-04,12711.425739175267
2008-03-05,12711.425739175267
2008-03-06,12711.425739175267
2008-03-07,12711.425739175267
2008-03-10,12711.425739175267
2008-03-11,12705.07002630568
2008-03-12,12868.089514856363
2008-03-13,12935.856637463545
2008-03-14,12932.422016619497
2008-03-17,13039.712164717033
2008-03-18,12964.973937013612
2008-03-19,12949.149567411603
2008-03-20,12785.145533795232
2008-03-21,12994.547586410506
2008-03-24,12769.200288522261
2008-03-25,12769.200288522261
2008-03-26,12769.200288522261
2008-03-27,12769.200288522261
2008-03-28,12769.200288522261
2008-03-31,12769.200288522261
2008-04-02,12769.200288522261
2008-04-03,12769.200288522261
2008-04-04,12769.200288522261
2008-04-07,12769.200288522261
2008-04-08,12769.200288522261
2008-04-09,12769.200288522261
2008-04-10,12769.200288522261
2008-04-11,12769.200288522261
2008-04-14,12769.200288522261
2008-04-15,12769.200288522261
2008-04-16,12769.200288522261
2008-04-17,12769.200288522261
2008-04-18,12769.200288522261
2008-04-21,12769.200288522261
2008-04-22,12769.200288522261
2008-04-23,12769.200288522261
2008-04-24,12769.200288522261
2008-04-25,12769.200288522261
2008-04-28,12769.200288522261
2008-04-29,12769.200288522261
2008-04-30,12769.200288522261
2008-05-02,12769.200288522261
2008-05-05,12769.200288522261
2008-05-06,12769.200288522261
2008-05-07,12769.200288522261
2008-05-08,12769.200288522261
2008-05-09,12769.200288522261
2008-05-12,12769.200288522261
2008-05-13,12762.815688378001
2008-05-14,12756.299439922539
2008-05-15,12741.311124252357
2008-05-16,12860.378700761708
2008-05-19,12804.14174309108
2008-05-20,12907.748660827248
2008-05-21,13017.731111784971
2008-05-22,12971.366052581221
2008-05-23,13015.109367006991
2008-05-26,13010.384669773277
2008-05-27,12937.299367297432
2008-05-28,12908.507036280447
2008-05-29,12794.222688733185
2008-05-30,12813.099092310602
2008-06-02,12817.281405505657
2008-06-03,12738.022857335987
2008-06-04,12723.46770980604
2008-06-05,12851.74225804518
2008-06-06,13012.418255149252
2008-06-09,12895.251575144584
2008-06-10,12746.432892927449
2008-06-11,12823.538311187378
2008-06-12,12743.387110260952
2008-06-13,12667.366267609254
2008-06-16,12753.514626007904
2008-06-17,12793.045826416239
2008-06-18,12806.355885832996
2008-06-19,12783.09638318157
2008-06-20,12880.017267938147
2008-06-23,12793.153520408614
2008-06-24,12831.9362571417
2008-06-25,12917.331477390571
2008-06-26,12982.283661193058
2008-06-27,12982.283661193058
2008-06-30,12979.830321409783
2008-07-02,13084.92370881706
2008-07-03,12930.873247577982
2008-07-04,12930.873247577982
2008-07-07,12930.873247577982
2008-07-08,12930.873247577982
2008-07-09,12930.873247577982
2008-07-10,12930.873247577982
2008-07-11,12930.873247577982
2008-07-14,12930.873247577982
2008-07-15,12930.873247577982
2008-07-16,12930.873247577982
2008-07-17,12930.873247577982
2008-07-18,12930.873247577982
2008-07-21,12930.873247577982
2008-07-22,12930.873247577982
2008-07-23,12930.873247577982
2008-07-24,12930.873247577982
2008-07-25,12930.873247577982
2008-07-28,12930.873247577982
2008-07-29,12930.873247577982
2008-07-30,12930.873247577982
2008-07-31,12930.873247577982
2008-08-08,12930.873247577982
2008-08-26,12930.873247577982
2008-08-27,12930.873247577982
2008-08-28,12930.873247577982
2008-08-29,12930.873247577982
2008-09-01,12930.873247577982
2008-09-02,12930.873247577982
2008-09-03,12930.873247577982
2008-09-04,12930.873247577982
2008-09-05,12930.873247577982
2008-09-08,12930.873247577982
2008-09-09,12930.873247577982
2008-09-10,12930.873247577982
2008-09-11,12930.873247577982
2008-09-12,12930.873247577982
2008-09-15,12930.873247577982
2008-09-16,12930.873247577982
2008-09-17,12930.873247577982
2008-09-18,12930.873247577982
2008-09-19,12930.873247577982
2008-09-22,12930.873247577982
2008-09-23,12930.873247577982
2008-09-24,12930.873247577982
2008-09-25,12930.873247577982
2008-09-26,12930.873247577982
2008-09-29,12930.873247577982
2008-09-30,12930.873247577982
2008-10-01,12930.873247577982
2008-10-02,12930.873247577982
2008-10-03,12930.873247577982
2008-10-06,12930.873247577982
2008-10-07,12930.873247577982
2008-10-08,12930.873247577982
2008-10-09,12930.873247577982
2008-10-10,12930.873247577982
2008-10-13,12930.873247577982
2008-10-14,12930.873247577982
2008-10-15,12930.873247577982
2008-10-16,12930.873247577982
2008-10-17,12930.873247577982
2008-10-20,12930.873247577982
2008-10-21,12930.873247577982
2008-10-22,12930.873247577982
2008-10-23,12930.873247577982
2008-10-24,12930.873247577982
2008-10-27,12930.873247577982
2008-10-28,12930.873247577982
2008-10-29,12930.873247577982
2008-10-30,12930.873247577982
2008-10-31,12930.873247577982
2008-11-03,12930.873247577982
2008-11-04,12930.873247577982
2008-11-05,12930.873247577982
2008-11-06,12930.873247577982
2008-11-07,12930.873247577982
2008-11-10,12930.873247577982
2008-11-11,12930.873247577982
2008-11-12,12930.873247577982
2008-11-13,12930.873247577982
2008-11-14,12930.873247577982
2008-11-17,12930.873247577982
2008-11-18,12930.873247577982
2008-11-19,12930.873247577982
2008-11-20,12930.873247577982
2008-11-21,12930.873247577982
2008-11-24,12930.873247577982
2008-11-25,12930.873247577982
2008-11-26,12930.873247577982
2008-11-27,12930.873247577982
2008-11-28,12930.873247577982
2008-12-01,12930.873247577982
2008-12-02,12930.873247577982
2008-12-03,12930.873247577982
2008-12-04,12930.873247577982
2008-12-05,12930.873247577982
2008-12-08,12930.873247577982
2008-12-09,12930.873247577982
2008-12-10,12930.873247577982
2008-12-11,12930.873247577982
2008-12-12,12930.873247577982
2008-12-15,12930.873247577982
2008-12-16,12930.873247577982
2008-12-17,12930.873247577982
2008-12-18,12930.873247577982
2008-12-19,12930.873247577982
2008-12-22,12930.873247577982
2008-12-23,12930.873247577982
2008-12-24,12930.873247577982
2008-12-25,12930.873247577982
2008-12-26,12930.873247577982
2008-12-29,12930.873247577982
2008-12-30,12930.873247577982
2008-12-31,12930.873247577982
2009-01-01,12930.873247577982
2009-01-02,12930.873247577982
2009-01-05,12930.873247577982
2009-01-06,12930.873247577982
2009-01-07,12930.873247577982
2009-01-08,12930.873247577982
2009-01-09,12930.873247577982
2009-01-12,12930.873247577982
2009-01-13,12930.873247577982
2009-01-14,12930.873247577982
2009-01-15,12930.873247577982
2009-01-16,12930.873247577982
2009-01-19,12930.873247577982
2009-01-20,12930.873247577982
2009-01-21,12930.873247577982
2009-01-22,12930.873247577982
2009-01-23,12930.873247577982
2009-01-26,12930.873247577982
2009-01-27,12930.873247577982
2009-01-28,12930.873247577982
2009-01-29,12930.873247577982
2009-01-30,12930.873247577982
2009-02-02,12930.873247577982
2009-02-03,12930.873247577982
2009-02-04,12930.873247577982
2009-02-05,12930.873247577982
2009-02-06,12930.873247577982
2009-02-09,12930.873247577982
2009-02-10,12930.873247577982
2009-02-11,12930.873247577982
2009-02-12,12930.873247577982
2009-02-13,12930.873247577982
2009-02-16,12930.873247577982
2009-02-17,12930.873247577982
2009-02-18,12930.873247577982
2009-02-19,12930.873247577982
2009-02-20,12930.873247577982
2009-02-23,12930.873247577982
2009-02-24,12930.873247577982
2009-02-25,12930.873247577982
2009-02-26,12930.873247577982
2009-02-27,12930.873247577982
2009-03-02,12930.873247577982
2009-03-03,12930.873247577982
2009-03-04,12930.873247577982
2009-03-05,12930.873247577982
2009-03-06,12930.873247577982
2009-03-09,12930.873247577982
2009-03-10,12930.873247577982
2009-03-11,12930.873247577982
2009-03-12,12930.873247577982
2009-03-13,12930.873247577982
2009-03-16,12930.873247577982
2009-03-17,12930.873247577982
2009-03-18,12930.873247577982
2009-03-19,12930.873247577982
2009-03-20,12930.873247577982
2009-03-23,12930.873247577982
2009-03-24,12930.873247577982
2009-03-25,12930.873247577982
2009-03-26,12930.873247577982
2009-03-27,12930.873247577982
2009-03-30,12930.873247577982
2009-03-31,12930.873247577982
2009-04-01,12930.873247577982
2009-04-02,12930.873247577982
2009-04-03,12930.873247577982
2009-04-06,12930.873247577982
2009-04-07,12930.873247577982
2009-04-08,12930.873247577982
2009-04-09,12930.873247577982
2009-04-10,12930.873247577982
2009-04-13,12930.873247577982
2009-04-14,12930.873247577982
2009-04-15,12930.873247577982
2009-04-16,12930.873247577982
2009-04-17,12930.873247577982
2009-04-20,12930.873247577982
2009-04-21,12930.873247577982
2009-04-22,12930.873247577982
2009-04-23,12930.873247577982
2009-04-24,12930.873247577982
2009-04-27,12930.873247577982
2009-04-28,12930.873247577982
2009-04-29,12930.873247577982
2009-04-30,12930.873247577982
2009-05-01,12930.873247577982
2009-05-04,12930.873247577982
2009-05-05,12930.873247577982
2009-05-06,12930.873247577982
2009-05-07,12930.873247577982
2009-05-08,12930.873247577982
2009-05-11,12930.873247577982
2009-05-12,12930.873247577982
2009-05-13,12930.873247577982
2009-05-14,12930.873247577982
2009-05-15,12930.873247577982
2009-05-18,12930.873247577982
2009-05-19,12930.873247577982
2009-05-20,12930.873247577982
2009-05-21,12930.873247577982
2009-05-22,12930.873247577982
2009-05-25,12930.873247577982
2009-05-26,12930.873247577982
2009-05-27,12930.873247577982
2009-05-28,12930.873247577982
2009-05-29,12930.873247577982
2009-06-01,12930.873247577982
2009-06-02,12930.873247577982
2009-06-03,12930.873247577982
2009-06-04,12930.873247577982
2009-06-05,12930.873247577982
2009-06-08,12930.873247577982
2009-06-09,12930.873247577982
2009-06-10,12930.873247577982
2009-06-11,12930.873247577982
2009-06-12,12930.873247577982
2009-06-15,12930.873247577982
2009-06-16,12930.873247577982
2009-06-17,12930.873247577982
2009-06-18,12930.873247577982
2009-06-19,12930.873247577982
2009-06-22,12930.873247577982
2009-06-23,12930.873247577982
2009-06-24,12930.873247577982
2009-06-25,12930.873247577982
2009-06-26,12930.873247577982
2009-06-29,12930.873247577982
2009-06-30,12930.873247577982
2009-07-01,12930.873247577982
2009-07-02,12930.873247577982
2009-07-03,12930.873247577982
2009-07-06,12930.873247577982
2009-07-07,12930.873247577982
2009-07-08,12930.873247577982
2009-07-09,12930.873247577982
2009-07-10,12930.873247577982
2009-07-13,12930.873247577982
2009-07-14,12924.407810954193
2009-07-15,13044.50520426319
2009-07-16,13080.609424381872
2009-07-17,13047.172680970334
2009-07-20,13145.631249734763
2009-07-21,13133.306544183566
2009-07-22,13140.207386320411
2009-07-23,13100.693741393805
2009-07-24,13145.674244372336
2009-07-27,13178.03351915251
2009-07-28,13084.30580331589
2009-07-29,12962.162846794456
2009-07-30,13026.994698108681
2009-07-31,13187.984381887882
2009-08-03,13327.69883146883
2009-08-04,13334.807483742847
2009-08-05,13327.50201374391
2009-08-06,13291.634277477375
2009-08-07,13122.308851908592
2009-08-10,13066.747096040819
2009-08-11,13084.30054898255
2009-08-12,13146.09951729583
2009-08-13,13200.411778766058
2009-08-14,13136.494590033752
2009-08-17,13042.767841205658
2009-08-18,13097.34126424026
2009-08-19,13179.226446144696
2009-08-20,13184.86415313901
2009-08-21,13241.012310451142
2009-08-24,13215.248658816148
2009-08-25,13206.940977553242
2009-08-26,13162.681949604568
2009-08-27,13288.45653555253
2009-08-28,13276.428921191173
2009-08-31,13260.423887097495
2009-09-01,13139.0700720703
2009-09-02,13196.334496524634
2009-09-03,13179.956176532563
2009-09-04,13214.762473314591
2009-09-07,13249.754530321177
2009-09-08,13407.928776722216
2009-09-09,13448.438681650467
2009-09-10,13479.190978407081
2009-09-11,13478.011797264573
2009-09-14,13536.304264550487
2009-09-15,13561.89888225016
2009-09-16,13599.755142828693
2009-09-17,13619.176778731846
2009-09-18,13603.534113612177
2009-09-21,13573.938241354046
2009-09-22,13691.647854871093
2009-09-23,13611.977410691778
2009-09-24,13542.398327504925
2009-09-25,13573.783565446998
2009-09-28,13515.10790102543
2009-09-29,13487.47091738803
2009-09-30,13545.851969548678
2009-10-01,13416.640736035733
2009-10-02,13484.978580006502
2009-10-05,13549.469186489452
2009-10-06,13606.396900341475
2009-10-07,13596.98663179887
2009-10-08,13661.348892430762
2009-10-09,13617.600368375952
2009-10-12,13671.880614256519
2009-10-13,13720.913233366206
2009-10-14,13800.177166851758
2009-10-15,13822.243687363936
2009-10-16,13777.868732371831
2009-10-19,13830.346175262408
2009-10-20,13802.227191404414
2009-10-21,13868.967056119687
2009-10-22,13901.26540122907
2009-10-23,13871.813417708901
2009-10-26,13734.036658450941
2009-10-27,13692.664030514172
2009-10-28,13600.861833958825
2009-10-29,13713.224361326782
2009-10-30,13613.868113405611
2009-11-02,13651.829388719154
2009-11-03,13611.952782501838
2009-11-04,13738.86735486967
2009-11-05,13747.246010145984
2009-11-06,13720.27501259816
2009-11-09,13866.514577634154
2009-11-10,13849.669113830223
2009-11-11,13844.272199888353
2009-11-12,13726.32667276452
2009-11-13,13774.333322423798
2009-11-16,13843.302437626042
2009-11-17,13744.300411663422
2009-11-18,13815.231187353675
2009-11-19,13780.361355133002
2009-11-20,13731.935288954623
2009-11-23,13822.244421183987
2009-11-24,13826.588301941008
2009-11-25,13974.719618625737
2009-11-26,13830.85933129881
2009-11-27,13847.43619557979
2009-11-30,13891.722276799579
2009-12-01,13938.809280079846
2009-12-02,13920.10141997518
2009-12-03,13916.115794017856
2009-12-04,13722.28484130921
2009-12-07,13707.61444749893
2009-12-08,13573.797034713914
2009-12-09,13611.5545651006
2009-12-10,13603.733139378115
2009-12-11,13501.326108579138
2009-12-14,13536.307512385607
2009-12-15,13429.790108682533
2009-12-16,13414.95592103229
2009-12-17,13248.60138125162
2009-12-18,13250.501272712469
2009-12-21,13192.828000854843
2009-12-22,13162.89368309
2009-12-23,13238.159790269001
2009-12-24,13283.214565952248
2009-12-25,13296.21403179061
2009-12-28,13274.02453434604
2009-12-29,13244.480668584387
2009-12-30,13243.530657247666
2009-12-31,13229.673335918269
2010-01-01,13287.60935532053
2010-01-04,13319.004827651272
2010-01-05,13265.322284250604
2010-01-06,13300.433002923763
2010-01-07,13220.78301758701
2010-01-08,13306.431892499955
2010-01-11,13398.603898860627
2010-01-12,13366.561992602605
2010-01-13,13410.169285898131
2010-01-14,13387.984357469762
2010-01-15,13287.033542273522
2010-01-18,13301.573931644472
2010-01-19,13178.347366817059
2010-01-20,13178.347366817059
2010-01-21,13178.347366817059
2010-01-22,13178.347366817059
2010-01-25,13178.347366817059
2010-01-26,13178.347366817059
2010-01-27,13178.347366817059
2010-01-28,13178.347366817059
2010-01-29,13178.347366817059
2010-02-01,13178.347366817059
2010-02-02,13178.347366817059
2010-02-03,13178.347366817059
2010-02-04,13178.347366817059
2010-02-05,13178.347366817059
2010-02-08,13178.347366817059
2010-02-09,13178.347366817059
2010-02-10,13178.347366817059
2010-02-11,13178.347366817059
2010-02-12,13178.347366817059
2010-02-15,13178.347366817059
2010-02-16,13178.347366817059
2010-02-17,13178.347366817059
2010-02-18,13178.347366817059
2010-02-19,13178.347366817059
2010-02-22,13178.347366817059
2010-02-23,13178.347366817059
2010-02-24,13178.347366817059
2010-02-25,13178.347366817059
2010-02-26,13178.347366817059
2010-03-01,13178.347366817059
2010-03-02,13178.347366817059
2010-03-03,13178.347366817059
2010-03-04,13178.347366817059
2010-03-05,13178.347366817059
2010-03-08,13178.347366817059
2010-03-09,13178.347366817059
2010-03-10,13178.347366817059
2010-03-11,13178.347366817059
2010-03-12,13178.347366817059
2010-03-15,13178.347366817059
2010-03-16,13178.347366817059
2010-03-17,13178.347366817059
2010-03-18,13178.347366817059
2010-03-19,13178.347366817059
2010-03-22,13178.347366817059
2010-03-23,13178.347366817059
2010-03-24,13178.347366817059
2010-03-25,13178.347366817059
2010-03-26,13178.347366817059
2010-03-29,13178.347366817059
2010-03-30,13178.347366817059
2010-03-31,13178.347366817059
2010-04-01,13178.347366817059
2010-04-02,13178.347366817059
2010-04-05,13178.347366817059
2010-04-06,13178.347366817059
2010-04-07,13178.347366817059
2010-04-08,13178.347366817059
2010-04-09,13178.347366817059
2010-04-12,13178.347366817059
2010-04-13,13178.347366817059
2010-04-14,13178.347366817059
2010-04-15,13178.347366817059
2010-04-16,13178.347366817059
2010-04-19,13178.347366817059
2010-04-20,13178.347366817059
2010-04-21,13178.347366817059
2010-04-22,13178.347366817059
2010-04-23,13178.347366817059
2010-04-26,13178.347366817059
2010-04-27,13178.347366817059
2010-04-28,13178.347366817059
2010-04-29,13178.347366817059
2010-04-30,13178.347366817059
2010-05-03,13178.347366817059
2010-05-04,13178.347366817059
2010-05-05,13178.347366817059
2010-05-06,13178.347366817059
2010-05-07,13178.347366817059
2010-05-10,13178.347366817059
2010-05-11,13178.347366817059
2010-05-12,13178.347366817059
2010-05-13,13178.347366817059
2010-05-14,13178.347366817059
2010-05-17,13178.347366817059
2010-05-18,13178.347366817059
2010-05-19,13178.347366817059
2010-05-20,13178.347366817059
2010-05-21,13178.347366817059
2010-05-24,13178.347366817059
2010-05-25,13178.347366817059
2010-05-26,13178.347366817059
2010-05-27,13178.347366817059
2010-05-28,13178.347366817059
2010-05-31,13178.347366817059
2010-06-01,13178.347366817059
2010-06-02,13178.347366817059
2010-06-03,13178.347366817059
2010-06-04,13178.347366817059
2010-06-07,13178.347366817059
2010-06-08,13178.347366817059
2010-06-09,13178.347366817059
2010-06-10,13178.347366817059
2010-06-11,13178.347366817059
2010-06-14,13178.347366817059
2010-06-15,13178.347366817059
2010-06-16,13178.347366817059
2010-06-17,13178.347366817059
2010-06-18,13178.347366817059
2010-06-21,13178.347366817059
2010-06-22,13178.347366817059
2010-06-23,13178.347366817059
2010-06-24,13178.347366817059
2010-06-25,13178.347366817059
2010-06-28,13178.347366817059
2010-06-29,13178.347366817059
2010-06-30,13178.347366817059
2010-07-01,13178.347366817059
2010-07-02,13178.347366817059
2010-07-05,13178.347366817059
2010-07-06,13178.347366817059
2010-07-07,13178.347366817059
2010-07-08,13178.347366817059
2010-07-09,13178.347366817059
2010-07-12,13178.347366817059
2010-07-13,13178.347366817059
2010-07-14,13178.347366817059
2010-07-15,13178.347366817059
2010-07-16,13178.347366817059
2010-07-19,13178.347366817059
2010-07-20,13178.347366817059
2010-07-21,13178.347366817059
2010-07-22,13178.347366817059
2010-07-23,13178.347366817059
2010-07-26,13178.347366817059
2010-07-27,13178.347366817059
2010-07-28,13178.347366817059
2010-07-29,13178.347366817059
2010-07-30,13178.347366817059
2010-08-02,13178.347366817059
2010-08-03,13178.347366817059
2010-08-04,13178.347366817059
2010-08-05,13178.347366817059
2010-08-06,13178.347366817059
2010-08-09,13178.347366817059
2010-08-10,13178.347366817059
2010-08-11,13178.347366817059
2010-08-12,13178.347366817059
2010-08-13,13178.347366817059
2010-08-16,13178.347366817059
2010-08-17,13178.347366817059
2010-08-18,13178.347366817059
2010-08-19,13178.347366817059
2010-08-20,13178.347366817059
2010-08-23,13178.347366817059
2010-08-24,13178.347366817059
2010-08-25,13178.347366817059
2010-08-26,13178.347366817059
2010-08-27,13178.347366817059
2010-08-30,13178.347366817059
2010-08-31,13178.347366817059
2010-09-01,13178.347366817059
2010-09-02,13178.347366817059
2010-09-03,13178.347366817059
2010-09-06,13178.347366817059
2010-09-07,13178.347366817059
2010-09-08,13178.347366817059
2010-09-09,13178.347366817059
2010-09-10,13178.347366817059
2010-09-13,13178.347366817059
2010-09-14,13178.347366817059
2010-09-15,13178.347366817059
2010-09-16,13178.347366817059
2010-09-17,13178.347366817059
2010-09-20,13178.347366817059
2010-09-21,13178.347366817059
2010-09-22,13171.758193133652
2010-09-23,13304.258555794184
2010-09-24,13232.654583107524
2010-09-27,13384.013979557512
2010-09-28,13384.013979557512
2010-09-29,13384.013979557512
2010-09-30,13384.013979557512
2010-10-01,13384.013979557512
2010-10-04,13384.013979557512
2010-10-05,13384.013979557512
2010-10-06,13384.013979557512
2010-10-07,13384.013979557512
2010-10-08,13384.013979557512
2010-10-11,13384.013979557512
2010-10-12,13384.013979557512
2010-10-13,13384.013979557512
2010-10-14,13384.013979557512
2010-10-15,13384.013979557512
2010-10-18,13384.013979557512
2010-10-19,13384.013979557512
2010-10-20,13384.013979557512
2010-10-21,13384.013979557512
2010-10-22,13384.013979557512
2010-10-25,13384.013979557512
2010-10-26,13384.013979557512
2010-10-27,13384.013979557512
2010-10-28,13384.013979557512
2010-10-29,13384.013979557512
2010-11-01,13384.013979557512
2010-11-02,13384.013979557512
2010-11-03,13384.013979557512
2010-11-04,13384.013979557512
2010-11-05,13384.013979557512
2010-11-08,13384.013979557512
2010-11-09,13384.013979557512
2010-11-10,13384.013979557512
2010-11-11,13384.013979557512
2010-11-12,13384.013979557512
2010-11-15,13384.013979557512
2010-11-16,13384.013979557512
2010-11-17,13384.013979557512
2010-11-18,13384.013979557512
2010-11-19,13384.013979557512
2010-11-22,13384.013979557512
2010-11-23,13384.013979557512
2010-11-24,13384.013979557512
2010-11-25,13384.013979557512
2010-11-26,13384.013979557512
2010-11-29,13384.013979557512
2010-11-30,13384.013979557512
2010-12-01,13384.013979557512
2010-12-02,13384.013979557512
2010-12-03,13384.013979557512
2010-12-06,13384.013979557512
2010-12-07,13384.013979557512
2010-12-08,13384.013979557512
2010-12-09,13384.013979557512
2010-12-10,13384.013979557512
2010-12-13,13384.013979557512
2010-12-14,13384.013979557512
2010-12-15,13384.013979557512
2010-12-16,13384.013979557512
2010-12-17,13384.013979557512
2010-12-20,13384.013979557512
2010-12-21,13384.013979557512
2010-12-22,13384.013979557512
2010-12-23,13384.013979557512
2010-12-24,13384.013979557512
2010-12-27,13384.013979557512
2010-12-28,13384.013979557512
2010-12-29,13384.013979557512
2010-12-30,13384.013979557512
2010-12-31,13384.013979557512
2011-01-03,13384.013979557512
2011-01-04,13384.013979557512
2011-01-05,13384.013979557512
2011-01-06,13384.013979557512
2011-01-07,13384.013979557512
2011-01-10,13384.013979557512
2011-01-11,13384.013979557512
2011-01-12,13384.013979557512
2011-01-13,13384.013979557512
2011-01-14,13384.013979557512
2011-01-17,13384.013979557512
2011-01-18,13384.013979557512
2011-01-19,13384.013979557512
2011-01-20,13384.013979557512
2011-01-21,13384.013979557512
2011-01-24,13384.013979557512
2011-01-25,13384.013979557512
2011-01-26,13384.013979557512
2011-01-27,13384.013979557512
2011-01-28,13384.013979557512
2011-01-31,13384.013979557512
2011-02-01,13384.013979557512
2011-02-02,13384.013979557512
2011-02-03,13384.013979557512
2011-02-04,13384.013979557512
2011-02-07,13384.013979557512
2011-02-08,13384.013979557512
2011-02-09,13384.013979557512
2011-02-10,13384.013979557512
2011-02-11,13384.013979557512
2011-02-14,13384.013979557512
2011-02-15,13384.013979557512
2011-02-16,13377.321972567734
2011-02-17,13453.19712466064
2011-02-18,13503.331795441783
2011-02-21,13589.71821991632
2011-02-22,13558.817186505612
2011-02-23,13550.286466258509
2011-02-24,13639.514556870703
2011-02-25,13694.82090589619
2011-02-28,13609.72935719308
2011-03-01,13695.797126688276
2011-03-02,13646.47983058791
2011-03-03,13740.01653435143
2011-03-04,13831.199592607132
2011-03-07,13862.704977591255
2011-03-08,13836.159587586179
2011-03-09,13770.624917996947
2011-03-10,13774.836328505062
2011-03-11,13674.473693867205
2011-03-14,13805.8891849835
2011-03-15,13862.756886652673
2011-03-16,13856.940053603059
2011-03-17,13756.140440394
2011-03-18,13902.072843402988
2011-03-21,14037.73255117142
2011-03-22,14083.760187039823
2011-03-23,14035.186961934225
2011-03-24,13973.48013964191
2011-03-25,14038.678623854144
2011-03-28,13893.399941767844
2011-03-29,13946.504899838648
2011-03-30,13977.565779392122
2011-03-31,13987.627370671797
2011-04-01,14024.614481363373
2011-04-04,14088.500226412385
2011-04-05,14085.294011120845
2011-04-06,14084.293844748505
2011-04-07,14198.909748388322
2011-04-08,14165.97461681947
2011-04-11,14323.662521230182
2011-04-12,14299.65340795449
2011-04-13,14337.692547088933
2011-04-14,14303.69261049027
2011-04-15,14293.779828130559
2011-04-18,14274.813989016337
2011-04-19,14086.3690520714
2011-04-20,14198.82097268288
2011-04-21,14372.104034854197
2011-04-22,14412.629141016314
2011-04-25,14414.725438970529
2011-04-26,14436.355996214881
2011-04-27,14543.882672750855
2011-04-28,14634.740494736052
2011-04-29,14698.038047920001
2011-05-02,14648.377699345001
2011-05-03,14677.8793774372
2011-05-04,14687.237803016606
2011-05-05,14683.752977123333
2011-05-06,14391.10825269219
2011-05-09,14391.10825269219
2011-05-10,14391.10825269219
2011-05-11,14391.10825269219
2011-05-12,14391.10825269219
2011-05-13,14391.10825269219
2011-05-16,14391.10825269219
2011-05-17,14391.10825269219
2011-05-18,14391.10825269219
2011-05-19,14391.10825269219
2011-05-20,14391.10825269219
2011-05-23,14391.10825269219
2011-05-24,14391.10825269219
2011-05-25,14391.10825269219
2011-05-26,14391.10825269219
2011-05-27,14391.10825269219
2011-05-30,14391.10825269219
2011-05-31,14391.10825269219
2011-06-01,14391.10825269219
2011-06-02,14391.10825269219
2011-06-03,14391.10825269219
2011-06-06,14391.10825269219
2011-06-07,14391.10825269219
2011-06-08,14391.10825269219
2011-06-09,14391.10825269219
2011-06-10,14391.10825269219
2011-06-13,14391.10825269219
2011-06-14,14391.10825269219
2011-06-15,14391.10825269219
2011-06-16,14391.10825269219
2011-06-17,14391.10825269219
2011-06-20,14391.10825269219
2011-06-21,14391.10825269219
2011-06-22,14391.10825269219
2011-06-23,14391.10825269219
2011-06-24,14391.10825269219
2011-06-27,14391.10825269219
2011-06-28,14391.10825269219
2011-06-29,14391.10825269219
2011-06-30,14391.10825269219
2011-07-01,14391.10825269219
2011-07-04,14391.10825269219
2011-07-05,14391.10825269219
2011-07-06,14391.10825269219
2011-07-07,14391.10825269219
2011-07-08,14391.10825269219
2011-07-11,14391.10825269219
2011-07-12,14391.10825269219
2011-07-13,14391.10825269219
2011-07-14,14391.10825269219
2011-07-15,14391.10825269219
2011-07-18,14391.10825269219
2011-07-19,14391.10825269219
2011-07-20,14391.10825269219
2011-07-21,14391.10825269219
2011-07-22,14391.10825269219
2011-07-25,14391.10825269219
2011-07-26,14391.10825269219
2011-07-27,14391.10825269219
2011-07-28,14391.10825269219
2011-07-29,14391.10825269219
2011-08-01,14391.10825269219
2011-08-02,14391.10825269219
2011-08-03,14391.10825269219
2011-08-04,14391.10825269219
2011-08-05,14391.10825269219
2011-08-08,14391.10825269219
2011-08-09,14391.10825269219
2011-08-10,14391.10825269219
2011-08-11,14391.10825269219
2011-08-12,14391.10825269219
2011-08-15,14391.10825269219
2011-08-16,14391.10825269219
2011-08-17,14391.10825269219
2011-08-18,14391.10825269219
2011-08-19,14391.10825269219
2011-08-22,14391.10825269219
2011-08-23,14391.10825269219
2011-08-24,14391.10825269219
2011-08-25,14391.10825269219
2011-08-26,14391.10825269219
2011-08-29,14391.10825269219
2011-08-30,14391.10825269219
2011-08-31,14391.10825269219
2011-09-01,14391.10825269219
2011-09-02,14391.10825269219
2011-09-05,14391.10825269219
2011-09-06,14391.10825269219
2011-09-07,14391.10825269219
2011-09-08,14391.10825269219
2011-09-09,14391.10825269219
2011-09-12,14391.10825269219
2011-09-13,14391.10825269219
2011-09-14,14391.10825269219
2011-09-15,14391.10825269219
2011-09-16,14391.10825269219
2011-09-19,14391.10825269219
2011-09-20,14391.10825269219
2011-09-21,14391.10825269219
2011-09-22,14391.10825269219
2011-09-23,14391.10825269219
2011-09-26,14391.10825269219
2011-09-27,14391.10825269219
2011-09-28,14391.10825269219
2011-09-29,14391.10825269219
2011-09-30,14391.10825269219
2011-10-03,14391.10825269219
2011-10-04,14391.10825269219
2011-10-05,14391.10825269219
2011-10-06,14391.10825269219
2011-10-07,14391.10825269219
2011-10-10,14391.10825269219
2011-10-11,14391.10825269219
2011-10-12,14391.10825269219
2011-10-13,14391.10825269219
2011-10-14,14391.10825269219
2011-10-17,14391.10825269219
2011-10-18,14391.10825269219
2011-10-19,14391.10825269219
2011-10-20,14391.10825269219
2011-10-21,14391.10825269219
2011-10-24,14391.10825269219
2011-10-25,14391.10825269219
2011-10-26,14391.10825269219
2011-10-27,14391.10825269219
2011-10-28,14391.10825269219
2011-10-31,14391.10825269219
2011-11-01,14391.10825269219
2011-11-02,14391.10825269219
2011-11-03,14391.10825269219
2011-11-04,14391.10825269219
2011-11-07,14391.10825269219
2011-11-08,14391.10825269219
2011-11-09,14391.10825269219
2011-11-10,14391.10825269219
2011-11-11,14391.10825269219
2011-11-14,14391.10825269219
2011-11-15,14391.10825269219
2011-11-16,14391.10825269219
2011-11-17,14391.10825269219
2011-11-18,14391.10825269219
2011-11-21,14391.10825269219
2011-11-22,14391.10825269219
2011-11-23,14391.10825269219
2011-11-24,14391.10825269219
2011-11-25,14391.10825269219
2011-11-28,14391.10825269219
2011-11-29,14391.10825269219
2011-11-30,14391.10825269219
2011-12-01,14391.10825269219
2011-12-02,14391.10825269219
2011-12-05,14391.10825269219
2011-12-06,14391.10825269219
2011-12-07,14391.10825269219
2011-12-08,14391.10825269219
2011-12-09,14391.10825269219
2011-12-12,14391.10825269219
2011-12-13,14391.10825269219
2011-12-14,14391.10825269219
2011-12-15,14391.10825269219
2011-12-16,14391.10825269219
2011-12-19,14391.10825269219
2011-12-20,14391.10825269219
2011-12-21,14391.10825269219
2011-12-22,14391.10825269219
2011-12-23,14391.10825269219
2011-12-26,14391.10825269219
2011-12-27,14391.10825269219
2011-12-28,14391.10825269219
2011-12-29,14391.10825269219
2011-12-30,14391.10825269219
2012-01-02,14391.10825269219
2012-01-03,14391.10825269219
2012-01-04,14391.10825269219
2012-01-05,14391.10825269219
2012-01-06,14391.10825269219
2012-01-09,14391.10825269219
2012-01-10,14391.10825269219
2012-01-11,14391.10825269219
2012-01-12,14391.10825269219
2012-01-13,14391.10825269219
2012-01-16,14391.10825269219
2012-01-17,14391.10825269219
2012-01-18,14391.10825269219
2012-01-19,14391.10825269219
2012-01-20,14391.10825269219
2012-01-23,14391.10825269219
2012-01-24,14391.10825269219
2012-01-25,14391.10825269219
2012-01-26,14391.10825269219
2012-01-27,14391.10825269219
2012-01-30,14391.10825269219
2012-01-31,14391.10825269219
2012-02-01,14391.10825269219
2012-02-02,14391.10825269219
2012-02-03,14391.10825269219
2012-02-06,14391.10825269219
2012-02-07,14391.10825269219
2012-02-08,14391.10825269219
2012-02-09,14391.10825269219
2012-02-10,14391.10825269219
2012-02-13,14391.10825269219
2012-02-14,14391.10825269219
2012-02-15,14391.10825269219
2012-02-16,14391.10825269219
2012-02-17,14391.10825269219
2012-02-20,14391.10825269219
2012-02-21,14391.10825269219
2012-02-22,14391.10825269219
2012-02-23,14391.10825269219
2012-02-24,14391.10825269219
2012-02-27,14391.10825269219
2012-02-28,14391.10825269219
2012-02-29,14391.10825269219
2012-03-01,14391.10825269219
2012-03-02,14391.10825269219
2012-03-05,14391.10825269219
2012-03-06,14391.10825269219
2012-03-07,14391.10825269219
2012-03-08,14391.10825269219
2012-03-09,14391.10825269219
2012-03-12,14391.10825269219
2012-03-13,14391.10825269219
2012-03-14,14391.10825269219
2012-03-15,14391.10825269219
2012-03-16,14391.10825269219
2012-03-19,14391.10825269219
2012-03-20,14391.10825269219
2012-03-21,14391.10825269219
2012-03-22,14391.10825269219
2012-03-23,14391.10825269219
2012-03-26,14391.10825269219
2012-03-27,14391.10825269219
2012-03-28,14391.10825269219
2012-03-29,14391.10825269219
2012-03-30,14391.10825269219
2012-04-02,14391.10825269219
2012-04-03,14391.10825269219
2012-04-04,14391.10825269219
2012-04-05,14391.10825269219
2012-04-06,14391.10825269219
2012-04-09,14391.10825269219
2012-04-10,14391.10825269219
2012-04-11,14391.10825269219
2012-04-12,14391.10825269219
2012-04-13,14391.10825269219
2012-04-16,14391.10825269219
2012-04-17,14391.10825269219
2012-04-18,14391.10825269219
2012-04-19,14391.10825269219
2012-04-20,14391.10825269219
2012-04-23,14391.10825269219
2012-04-24,14391.10825269219
2012-04-25,14391.10825269219
2012-04-26,14391.10825269219
2012-04-27,14391.10825269219
2012-04-30,14391.10825269219
2012-05-01,14391.10825269219
2012-05-02,14391.10825269219
2012-05-03,14391.10825269219
2012-05-04,14391.10825269219
2012-05-07,14391.10825269219
2012-05-08,14391.10825269219
2012-05-09,14391.10825269219
2012-05-10,14391.10825269219
2012-05-11,14391.10825269219
2012-05-14,14391.10825269219
2012-05-15,14391.10825269219
2012-05-16,14391.10825269219
2012-05-17,14391.10825269219
2012-05-18,14391.10825269219
2012-05-21,14391.10825269219
2012-05-22,14391.10825269219
2012-05-23,14391.10825269219
2012-05-24,14391.10825269219
2012-05-25,14391.10825269219
2012-05-28,14391.10825269219
2012-05-29,14391.10825269219
2012-05-30,14391.10825269219
2012-05-31,14391.10825269219
2012-06-01,14391.10825269219
2012-06-04,14391.10825269219
2012-06-05,14391.10825269219
2012-06-06,14391.10825269219
2012-06-07,14391.10825269219
2012-06-08,14391.10825269219
2012-06-11,14391.10825269219
2012-06-12,14391.10825269219
2012-06-13,14391.10825269219
2012-06-14,14391.10825269219
2012-06-15,14391.10825269219
2012-06-18,14391.10825269219
2012-06-19,14391.10825269219
2012-06-20,14391.10825269219
2012-06-21,14391.10825269219
2012-06-22,14391.10825269219
2012-06-25,14391.10825269219
2012-06-26,14391.10825269219
2012-06-27,14391.10825269219
2012-06-28,14391.10825269219
2012-06-29,14391.10825269219
2012-07-02,14391.10825269219
2012-07-03,14391.10825269219
2012-07-04,14391.10825269219
2012-07-05,14391.10825269219
2012-07-06,14391.10825269219
2012-07-09,14391.10825269219
2012-07-10,14391.10825269219
2012-07-11,14391.10825269219
2012-07-12,14391.10825269219
2012-07-13,14391.10825269219
2012-07-16,14391.10825269219
2012-07-17,14391.10825269219
2012-07-18,14391.10825269219
2012-07-19,14391.10825269219
2012-07-20,14391.10825269219
2012-07-23,14391.10825269219
2012-07-24,14391.10825269219
2012-07-25,14391.10825269219
2012-07-26,14391.10825269219
2012-07-27,14391.10825269219
2012-07-30,14391.10825269219
2012-07-31,14391.10825269219
2012-08-01,14391.10825269219
2012-08-02,14391.10825269219
2012-08-03,14391.10825269219
2012-08-06,14391.10825269219
2012-08-07,14391.10825269219
2012-08-08,14391.10825269219
2012-08-09,14391.10825269219
2012-08-10,14391.10825269219
2012-08-13,14391.10825269219
2012-08-14,14391.10825269219
2012-08-15,14391.10825269219
2012-08-16,14391.10825269219
2012-08-17,14391.10825269219
2012-08-20,14391.10825269219
2012-08-21,14391.10825269219
2012-08-22,14391.10825269219
2012-08-23,14391.10825269219
2012-08-24,14391.10825269219
2012-08-27,14391.10825269219
2012-08-28,14391.10825269219
2012-08-29,14391.10825269219
2012-08-30,14391.10825269219
2012-08-31,14391.10825269219
2012-09-03,14391.10825269219
2012-09-04,14391.10825269219
2012-09-05,14391.10825269219
2012-09-06,14391.10825269219
2012-09-07,14391.10825269219
2012-09-10,14391.10825269219
2012-09-11,14391.10825269219
2012-09-12,14383.912698565844
2012-09-13,14441.334184655676
2012-09-14,14542.309735361825
2012-09-17,14679.001251857342
2012-09-18,14671.87808039035
2012-09-19,14600.306597864004
2012-09-20,14613.645377370787
2012-09-21,14518.54172448692
2012-09-24,14512.892222642113
2012-09-25,14482.810072385555
2012-09-26,14436.21401796349
2012-09-27,14415.557515581959
2012-09-28,14450.883784584412
2012-10-01,14326.569893999405
2012-10-02,14319.406609052407
2012-10-03,14350.814965466832
2012-10-04,14358.231366074357
2012-10-05,14462.520029796102
2012-10-08,14460.637895053802
2012-10-09,14417.411566632944
2012-10-10,14285.184672543965
2012-10-11,14285.184672543965
2012-10-12,14368.083400145679
2012-10-15,14379.236667225989
2012-10-16,14407.180954865675
2012-10-17,14561.209831960608
2012-10-18,14570.75730634513
2012-10-19,14518.102180352047
2012-10-22,14466.207261419688
2012-10-23,14519.051427643462
2012-10-24,14411.285781232817
2012-10-25,14401.940500241708
2012-10-26,14372.096501708584
2012-10-29,14356.299389063084
2012-10-30,14338.683359940924
2012-10-31,14398.963735741248
2012-11-01,14401.762793554335
2012-11-02,14383.10351960356
2012-11-05,14241.519513336103
2012-11-06,14241.519513336103
2012-11-07,14241.519513336103
2012-11-08,14241.519513336103
2012-11-09,14241.519513336103
2012-11-12,14241.519513336103
2012-11-13,14241.519513336103
2012-11-14,14241.519513336103
2012-11-15,14241.519513336103
2012-11-16,14241.519513336103
2012-11-19,14241.519513336103
2012-11-20,14241.519513336103
2012-11-21,14234.398753579435
2012-11-22,14290.507765062941
2012-11-23,14301.725770431414
2012-11-26,14402.248848442228
2012-11-27,14425.610322230537
2012-11-28,14371.382839960424
2012-11-29,14388.126026795315
2012-11-30,14410.508968025091
2012-12-03,14436.331541621865
2012-12-05,14549.727046268352
2012-12-06,14517.362124467034
2012-12-07,14398.314071929053
2012-12-10,14334.433250672633
2012-12-11,14370.18372018174
2012-12-12,14453.158586257005
2012-12-13,14512.526527369386
2012-12-14,14525.808016013074
2012-12-17,14622.256204607334
2012-12-18,14621.101665195723
2012-12-19,14694.427765289909
2012-12-20,14676.941301215953
2012-12-21,14701.787884614205
2012-12-24,14639.836095569171
2012-12-25,14638.098996881536
2012-12-26,14638.098996881536
2012-12-27,14688.349772679645
2012-12-28,14715.572165710983
2012-12-31,14690.439934852418
2013-01-01,14661.126975655017
2013-01-02,14657.256661410755
2013-01-03,14639.8567151356
2013-01-04,14472.914823969084
2013-01-07,14511.445111454772
2013-01-08,14575.300642105847
2013-01-09,14527.743378088435
2013-01-10,14497.177736489406
2013-01-11,14737.625265146968
2013-01-14,14835.95514674784
2013-01-15,14853.609275972278
2013-01-16,14776.313392165008
2013-01-17,14756.662501434068
2013-01-18,14847.157550970227
2013-01-21,14788.702065669257
2013-01-22,14779.250328010505
2013-01-23,14782.004347620248
2013-01-24,14775.904240198528
2013-01-25,14843.310091942985
2013-01-28,14950.26009930351
2013-01-29,14928.332377404582
2013-01-30,14978.599655817297
2013-01-31,15063.513730337112
2013-02-01,15110.800656497353
2013-02-04,15152.610112408833
2013-02-05,14999.721946334763
2013-02-06,15076.935156578167
2013-02-07,15012.979342990388
2013-02-08,14862.877086238814
2013-02-11,14839.413999464465
2013-02-12,14878.54467497667
2013-02-13,14932.287591925608
2013-02-14,14923.854679962464
2013-02-15,14821.87489297553
2013-02-18,14811.981731352258
2013-02-19,14815.540805899005
2013-02-20,14869.425390905488
2013-02-21,14732.616799972104
2013-02-22,14644.881315858524
2013-02-25,14646.621149934188
2013-02-26,14500.65444372557
2013-02-27,14501.601738190144
2013-02-28,14595.697569842265
2013-03-01,14494.318015371826
2013-03-04,14446.504664215203
2013-03-05,14467.770993498189
2013-03-06,14481.5449249459
2013-03-07,14403.712430692334
2013-03-08,14550.268866845949
2013-03-11,14412.800758939975
2013-03-12,14462.304545344825
2013-03-13,14458.536558554515
2013-03-14,14379.62885376607
2013-03-15,14439.382742418775
2013-03-18,14306.033931137237
2013-03-19,14363.881866523827
2013-03-20,14266.430970980808
2013-03-21,14259.297755495318
2013-03-22,14218.756500077401
2013-03-25,14349.45156106337
2013-03-26,14158.624523491806
2013-03-27,14158.624523491806
2013-03-28,14158.624523491806
2013-03-29,14158.624523491806
2013-04-01,14158.624523491806
2013-04-02,14158.624523491806
2013-04-03,14158.624523491806
2013-04-04,14158.624523491806
2013-04-05,14151.54521123006
2013-04-08,14221.239795963838
2013-04-09,14261.947093094552
2013-04-10,14317.616281304854
2013-04-11,14290.299087162883
2013-04-12,14355.184366272508
2013-04-15,14338.250550474146
2013-04-16,14289.313793889807
2013-04-17,14424.44620135899
2013-04-18,14266.208245190224
2013-04-19,14286.119703635997
2013-04-22,14288.916701337215
2013-04-23,14295.447828948974
2013-04-24,14221.696463535174
2013-04-25,14246.851916592928
2013-04-26,14235.727804924076
2013-04-29,14274.296574538315
2013-04-30,14332.500534145767
2013-05-01,14411.550782855564
2013-05-02,14426.74055145216
2013-05-03,14297.997224710663
2013-05-06,14361.652336453417
2013-05-07,14303.343503637021
2013-05-08,14310.824534591171
2013-05-09,14402.818388132364
2013-05-10,14263.222460977917
2013-05-13,14180.254730309764
2013-05-14,14180.254730309764
2013-05-15,14180.254730309764
2013-05-16,14180.254730309764
2013-05-17,14180.254730309764
2013-05-20,14180.254730309764
2013-05-21,14180.254730309764
2013-05-22,14180.254730309764
2013-05-23,14180.254730309764
2013-05-24,14180.254730309764
2013-05-27,14180.254730309764
2013-05-28,14180.254730309764
2013-05-29,14180.254730309764
2013-05-30,14180.254730309764
2013-05-31,14173.16460294461
2013-06-03,14114.407926392061
2013-06-04,14107.350722428866
2013-06-05,14107.905158785243
2013-06-06,14129.31552467053
2013-06-07,14292.685557284089
2013-06-10,14269.418720288082
2013-06-11,14269.418720288082
2013-06-12,14269.418720288082
2013-06-13,14393.556198374701
2013-06-14,14424.116701969104
2013-06-17,14403.306396675793
2013-06-18,14418.888956923352
2013-06-19,14447.820475436432
2013-06-20,14341.616874320207
2013-06-21,14280.746428958148
2013-06-24,14139.497459220936
2013-06-25,14168.620974117988
2013-06-26,14111.797662240788
2013-06-27,14032.938679508117
2013-06-28,14032.938679508117
2013-07-01,14032.938679508117
2013-07-02,14032.938679508117
2013-07-03,14032.938679508117
2013-07-04,14032.938679508117
2013-07-05,14032.938679508117
2013-07-08,14032.938679508117
2013-07-09,14032.938679508117
2013-07-10,14032.938679508117
2013-07-11,14032.938679508117
2013-07-12,14032.938679508117
2013-07-15,14032.938679508117
2013-07-16,14032.938679508117
2013-07-17,14032.938679508117
2013-07-18,14032.938679508117
2013-07-19,14032.938679508117
2013-07-22,14032.938679508117
2013-07-23,14032.938679508117
2013-07-24,14032.938679508117
2013-07-25,14032.938679508117
2013-07-26,14032.938679508117
2013-07-29,14032.938679508117
2013-07-30,14032.938679508117
2013-07-31,14032.938679508117
2013-08-01,14032.938679508117
2013-08-02,14032.938679508117
2013-08-05,14032.938679508117
2013-08-06,14032.938679508117
2013-08-07,14032.938679508117
2013-08-08,14032.938679508117
2013-08-09,14025.922210168364
2013-08-12,13983.198434956019
2013-08-13,13934.414156783358
2013-08-14,13905.733349567518
2013-08-15,13904.257471941615
2013-08-16,13998.078970565708
2013-08-19,13971.931885561346
2013-08-20,13976.961820824212
2013-08-21,14068.018185637584
2013-08-22,13985.939185103221
2013-08-23,13998.633747076417
2013-08-26,14031.576550394473
2013-08-27,14023.877296280863
2013-08-28,14037.393258250393
2013-08-29,13977.36486752548
2013-08-30,13873.561027067552
2013-09-02,13844.21073850001
2013-09-03,13825.024080271993
2013-09-04,13808.258321688132
2013-09-05,13836.117438835186
2013-09-06,13742.7141560588
2013-09-09,13735.842798980771
2013-09-10,13822.980059814616
2013-09-11,13831.59557666651
2013-09-12,13882.886412191983
2013-09-13,13865.519954914122
2013-09-16,13928.356607002728
2013-09-17,13906.045423982438
2013-09-18,13926.835458558182
2013-09-19,14097.915905757414
2013-09-20,14109.549663912181
2013-09-23,14109.932432360985
2013-09-24,14072.741991939794
2013-09-25,14044.464258313163
2013-09-26,14091.466418977458
2013-09-27,14059.313174684374
2013-09-30,14068.98717525359
2013-10-01,14099.969696025839
2013-10-02,14098.061943822486
2013-10-03,14168.397418240194
2013-10-04,14202.908380172372
2013-10-07,14146.32482622159
2013-10-09,14175.533420157224
2013-10-10,14094.230656598918
2013-10-11,14100.901129208673
2013-10-14,14132.217138172464
2013-10-15,14134.133245314368
2013-10-16,14095.666734179473
2013-10-17,14096.428483336455
2013-10-18,14246.285530668552
2013-10-21,14261.870660230466
2013-10-22,14255.627609791696
2013-10-23,14362.082093101564
2013-10-24,14364.655258582743
2013-10-25,14388.627099074936
2013-10-28,14390.018726352833
2013-10-29,14373.341037911063
2013-10-30,14325.062715286851
2013-10-31,14305.192567104086
2013-11-01,14154.037712025354
2013-11-04,14064.369675462167
2013-11-05,14088.301841016031
2013-11-06,14042.483076674438
2013-11-07,14089.290904910524
2013-11-08,13975.286987139954
2013-11-11,13911.343678583633
2013-11-12,13975.18116379084
2013-11-13,14007.075618055216
2013-11-14,14058.753255765852
2013-11-15,14016.335127416527
2013-11-18,14052.764049736394
2013-11-19,14074.003813667274
2013-11-20,14139.536630654296
2013-11-21,13999.61384371829
2013-11-22,14039.16371216081
2013-11-25,14122.821100544292
2013-11-26,14097.006677714238
2013-11-27,14138.831485981957
2013-11-28,14144.970674708793
2013-11-29,14176.494049456878
2013-12-02,14156.836522262585
2013-12-03,14111.90473618561
2013-12-04,14162.445972945849
2013-12-05,14158.020395686068
2013-12-06,14244.846345774038
2013-12-09,14282.868487563448
2013-12-10,14317.954093339626
2013-12-11,14343.158820024355
2013-12-12,14365.682344362172
2013-12-13,14328.891866749322
2013-12-16,14316.878401929467
2013-12-17,14341.487741887904
2013-12-18,14350.175585071134
2013-12-19,14259.949359486325
2013-12-20,14229.53816620891
2013-12-23,14253.070402925334
2013-12-24,14275.508805030266
2013-12-25,14256.74584315214
2013-12-26,14242.708576495603
2013-12-27,14271.549955285995
2013-12-30,14327.759157079321
2013-12-31,14389.95191910713
2014-01-01,14321.94899244515
2014-01-02,14344.606252534597
2014-01-03,14239.930689408184
2014-01-06,14166.169086646918
2014-01-07,14203.584624784857
2014-01-08,14187.32891849642
2014-01-09,14141.0406876717
2014-01-10,14177.553915823126
2014-01-13,14244.84821282375
2014-01-14,14242.90053810117
2014-01-15,14241.342916506963
2014-01-16,14169.113441749598
2014-01-17,14188.58887769422
2014-01-20,14094.033683868598
2014-01-21,14116.357264998358
2014-01-22,14126.880602239276
2014-01-23,14109.269137147627
2014-01-24,14261.415136299292
2014-01-27,14260.243943417214
2014-01-28,14246.39212568444
2014-01-29,14225.951371719626
2014-01-30,14229.64316011936
2014-01-31,14125.268021049584
2014-02-03,14051.534342104218
2014-02-04,14089.871073361059
2014-02-05,14080.34513330103
2014-02-06,14100.342543809475
2014-02-07,14159.630337711951
2014-02-10,14187.950063136466
2014-02-11,14215.802532056612
2014-02-12,14208.432662706331
2014-02-13,14157.363863839582
2014-02-14,14249.437760548755
2014-02-17,14271.480505042518
2014-02-18,14276.173831053507
2014-02-19,14335.971432653485
2014-02-20,14303.061632030789
2014-02-21,14293.441816369805
2014-02-24,14310.907138280643
2014-02-25,14308.941218966875
2014-02-26,14319.36241303029
2014-02-27,14252.397991587168
2014-02-28,14278.942712109292
2014-03-03,14351.152641347226
2014-03-04,14309.49517813031
2014-03-05,14313.820858681487
2014-03-06,14306.544708289299
2014-03-07,14440.190097462048
2014-03-10,14456.415201980255
2014-03-11,14456.61511709602
2014-03-12,14434.961983814188
2014-03-13,14483.25216577496
2014-03-14,14442.429379646095
2014-03-17,14491.976447790576
2014-03-18,14506.096351585213
2014-03-19,14510.542184438735
2014-03-20,14393.7688630279
2014-03-21,14355.034247796135
2014-03-24,14369.086584587114
2014-03-25,14414.157276341995
2014-03-26,14393.425534953378
2014-03-27,14354.890505193069
2014-03-28,14312.418320082124
2014-03-31,14323.632083414843
2014-04-01,14347.486328275992
2014-04-02,14368.05534015455
2014-04-03,14340.334058106122
2014-04-04,14294.009927963778
2014-04-07,14273.427661714992
2014-04-08,14313.975948963987
2014-04-09,14366.199733613152
2014-04-10,14430.34793642889
2014-04-11,14462.973648269593
2014-04-14,14421.058933586384
2014-04-15,14390.741081501985
2014-04-16,14385.37271626288
2014-04-17,14401.077615928967
2014-04-18,14385.55568251693
2014-04-21,14388.733780389979
2014-04-22,14367.678541007235
2014-04-23,14383.344947452551
2014-04-24,14392.882081940093
2014-04-25,14406.215431611106
2014-04-28,14415.18552780361
2014-04-29,14427.959433668835
2014-04-30,14387.044869065981
2014-05-01,14444.794801407757
2014-05-02,14446.597438420578
2014-05-05,14448.40131684144
2014-05-06,14451.809005376763
2014-05-07,14508.671076511597
2014-05-08,14488.87839526469
2014-05-09,14418.500450673248
2014-05-12,14331.134992787023
2014-05-13,14326.995185100204
2014-05-14,14277.806457013712
2014-05-15,14288.772203052002
2014-05-16,14285.04843871042
2014-05-19,14271.33935156154
2014-05-20,14282.295162612532
2014-05-21,14272.113668957227
2014-05-22,14248.857471219102
2014-05-23,14220.42350948198
2014-05-26,14186.542448470867
2014-05-27,14179.449177246634
2014-05-28,14157.46213545848
2014-05-29,14157.46213545848
2014-05-30,14157.46213545848
2014-06-02,14157.46213545848
2014-06-03,14157.46213545848
2014-06-04,14157.46213545848
2014-06-05,14157.46213545848
2014-06-06,14150.383404390752
2014-06-09,14123.603312386826
2014-06-10,14123.603312386826
2014-06-11,14123.603312386826
2014-06-12,14123.603312386826
2014-06-13,14123.603312386826
2014-06-16,14123.603312386826
2014-06-17,14123.603312386826
2014-06-18,14123.603312386826
2014-06-19,14123.603312386826
2014-06-20,14123.603312386826
2014-06-23,14123.603312386826
2014-06-24,14123.603312386826
2014-06-25,14123.603312386826
2014-06-26,14123.603312386826
2014-06-27,14123.603312386826
2014-06-30,14123.603312386826
2014-07-01,14116.541510730633
2014-07-02,14103.403212036981
2014-07-03,14067.632049545628
2014-07-04,14067.632049545628
2014-07-07,14067.632049545628
2014-07-08,14067.632049545628
2014-07-09,14067.632049545628
2014-07-10,14067.632049545628
2014-07-11,14067.632049545628
2014-07-14,14067.632049545628
2014-07-15,14067.632049545628
2014-07-16,14067.632049545628
2014-07-17,14067.632049545628
2014-07-18,14067.632049545628
2014-07-21,14067.632049545628
2014-07-22,14067.632049545628
2014-07-23,14067.632049545628
2014-07-24,14067.632049545628
2014-07-25,14067.632049545628
2014-07-28,14067.632049545628
2014-07-29,14067.632049545628
2014-07-30,14067.632049545628
2014-07-31,14067.632049545628
2014-08-01,14067.632049545628
2014-08-04,14067.632049545628
2014-08-05,14067.632049545628
2014-08-06,14067.632049545628
2014-08-07,14067.632049545628
2014-08-08,14067.632049545628
2014-08-11,14067.632049545628
2014-08-12,14067.632049545628
2014-08-13,14067.632049545628
2014-08-14,14067.632049545628
2014-08-15,14067.632049545628
2014-08-18,14067.632049545628
2014-08-19,14067.632049545628
2014-08-20,14067.632049545628
2014-08-21,14067.632049545628
2014-08-22,14067.632049545628
2014-08-25,14067.632049545628
2014-08-26,14067.632049545628
2014-08-27,14067.632049545628
2014-08-28,14067.632049545628
2014-08-29,14067.632049545628
2014-09-01,14067.632049545628
2014-09-02,14067.632049545628
2014-09-03,14067.632049545628
2014-09-04,14067.632049545628
2014-09-05,14067.632049545628
2014-09-08,14067.632049545628
2014-09-09,14067.632049545628
2014-09-10,14067.632049545628
2014-09-11,14067.632049545628
2014-09-12,14067.632049545628
2014-09-15,14067.632049545628
2014-09-16,14067.632049545628
2014-09-17,14067.632049545628
2014-09-18,14067.632049545628
2014-09-19,14067.632049545628
2014-09-22,14067.632049545628
2014-09-23,14067.632049545628
2014-09-24,14067.632049545628
2014-09-25,14067.632049545628
2014-09-26,14067.632049545628
2014-09-29,14067.632049545628
2014-09-30,14067.632049545628
2014-10-01,14067.632049545628
2014-10-02,14067.632049545628
2014-10-03,14067.632049545628
2014-10-06,14067.632049545628
2014-10-07,14067.632049545628
2014-10-08,14067.632049545628
2014-10-09,14067.632049545628
2014-10-10,14067.632049545628
2014-10-13,14067.632049545628
2014-10-14,14067.632049545628
2014-10-15,14067.632049545628
2014-10-16,14067.632049545628
2014-10-17,14067.632049545628
2014-10-20,14067.632049545628
2014-10-21,14067.632049545628
2014-10-22,14067.632049545628
2014-10-23,14067.632049545628
2014-10-24,14067.632049545628
2014-10-27,14067.632049545628
2014-10-28,14067.632049545628
2014-10-29,14067.632049545628
2014-10-30,14067.632049545628
2014-10-31,14067.632049545628
2014-11-03,14067.632049545628
2014-11-04,14067.632049545628
2014-11-05,14067.632049545628
2014-11-06,14067.632049545628
2014-11-07,14067.632049545628
2014-11-10,14067.632049545628
2014-11-11,14067.632049545628
2014-11-12,14067.632049545628
2014-11-13,14067.632049545628
2014-11-14,14067.632049545628
2014-11-17,14067.632049545628
2014-11-18,14067.632049545628
2014-11-19,14067.632049545628
2014-11-20,14067.632049545628
2014-11-21,14067.632049545628
2014-11-24,14067.632049545628
2014-11-25,14067.632049545628
2014-11-26,14067.632049545628
2014-11-27,14067.632049545628
2014-11-28,14067.632049545628
2014-12-01,14067.632049545628
2014-12-02,14067.632049545628
2014-12-03,14067.632049545628
2014-12-04,14067.632049545628
2014-12-05,14067.632049545628
2014-12-08,14067.632049545628
2014-12-09,14067.632049545628
2014-12-10,14067.632049545628
2014-12-11,14067.632049545628
2014-12-12,14067.632049545628
2014-12-15,14067.632049545628
2014-12-16,14067.632049545628
2014-12-17,14067.632049545628
2014-12-18,14067.632049545628
2014-12-19,14067.632049545628
2014-12-22,14067.632049545628
2014-12-23,14067.632049545628
2014-12-24,14067.632049545628
2014-12-25,14067.632049545628
2014-12-26,14067.632049545628
2014-12-29,14067.632049545628
2014-12-30,14067.632049545628
2014-12-31,14067.632049545628
2015-01-01,14067.632049545628
2015-01-02,14067.632049545628
2015-01-05,14067.632049545628
2015-01-06,14067.632049545628
2015-01-07,14067.632049545628
2015-01-08,14067.632049545628
2015-01-09,14067.632049545628
2015-01-12,14067.632049545628
2015-01-13,14067.632049545628
2015-01-14,14067.632049545628
2015-01-15,14067.632049545628
2015-01-16,14067.632049545628
2015-01-19,14067.632049545628
2015-01-20,14067.632049545628
2015-01-21,14067.632049545628
2015-01-22,14067.632049545628
2015-01-23,14067.632049545628
2015-01-26,14067.632049545628
2015-01-27,14067.632049545628
2015-01-28,14067.632049545628
2015-01-29,14067.632049545628
2015-01-30,14067.632049545628
2015-02-02,14067.632049545628
2015-02-03,14067.632049545628
2015-02-04,14067.632049545628
2015-02-05,14067.632049545628
2015-02-06,14067.632049545628
2015-02-09,14067.632049545628
2015-02-10,14067.632049545628
2015-02-11,14067.632049545628
2015-02-12,14067.632049545628
2015-02-13,14067.632049545628
2015-02-16,14067.632049545628
2015-02-17,14067.632049545628
2015-02-18,14067.632049545628
2015-02-19,14067.632049545628
2015-02-20,14067.632049545628
2015-02-23,14067.632049545628
2015-02-24,14067.632049545628
2015-02-25,14067.632049545628
2015-02-26,14067.632049545628
2015-02-27,14067.632049545628
2015-03-02,14067.632049545628
2015-03-03,14067.632049545628
2015-03-04,14067.632049545628
2015-03-05,14067.632049545628
2015-03-06,14067.632049545628
2015-03-09,14067.632049545628
2015-03-10,14067.632049545628
2015-03-11,14067.632049545628
2015-03-12,14067.632049545628
2015-03-13,14067.632049545628
2015-03-16,14067.632049545628
2015-03-17,14067.632049545628
2015-03-18,14067.632049545628
2015-03-19,14067.632049545628
2015-03-20,14067.632049545628
2015-03-23,14067.632049545628
2015-03-24,14067.632049545628
2015-03-25,14067.632049545628
2015-03-26,14067.632049545628
2015-03-27,14067.632049545628
2015-03-30,14067.632049545628
2015-03-31,14067.632049545628
2015-04-01,14067.632049545628
2015-04-02,14067.632049545628
2015-04-03,14067.632049545628
2015-04-06,14067.632049545628
2015-04-07,14067.632049545628
2015-04-08,14067.632049545628
2015-04-09,14067.632049545628
2015-04-10,14067.632049545628
2015-04-13,14067.632049545628
2015-04-14,14067.632049545628
2015-04-15,14067.632049545628
2015-04-16,14067.632049545628
2015-04-17,14067.632049545628
2015-04-20,14067.632049545628
2015-04-21,14067.632049545628
2015-04-22,14067.632049545628
2015-04-23,14067.632049545628
2015-04-24,14067.632049545628
2015-04-27,14067.632049545628
2015-04-28,14067.632049545628
2015-04-29,14067.632049545628
2015-04-30,14067.632049545628
2015-05-01,14067.632049545628
2015-05-04,14067.632049545628
2015-05-05,14067.632049545628
2015-05-06,14067.632049545628
2015-05-07,14067.632049545628
2015-05-08,14067.632049545628
2015-05-11,14067.632049545628
2015-05-12,14067.632049545628
2015-05-13,14067.632049545628
2015-05-14,14067.632049545628
2015-05-15,14067.632049545628
2015-05-18,14067.632049545628
2015-05-19,14067.632049545628
2015-05-20,14067.632049545628
2015-05-21,14067.632049545628
2015-05-22,14067.632049545628
2015-05-25,14067.632049545628
2015-05-26,14067.632049545628
2015-05-27,14067.632049545628
2015-05-28,14067.632049545628
2015-05-29,14067.632049545628
2015-06-01,14067.632049545628
2015-06-02,14067.632049545628
2015-06-03,14067.632049545628
2015-06-04,14067.632049545628
2015-06-05,14067.632049545628
2015-06-08,14067.632049545628
2015-06-09,14067.632049545628
2015-06-10,14067.632049545628
2015-06-11,14067.632049545628
2015-06-12,14067.632049545628
2015-06-15,14067.632049545628
2015-06-16,14067.632049545628
2015-06-17,14067.632049545628
2015-06-18,14067.632049545628
2015-06-19,14067.632049545628
2015-06-22,14067.632049545628
2015-06-23,14067.632049545628
2015-06-24,14067.632049545628
2015-06-25,14067.632049545628
2015-06-26,14067.632049545628
2015-06-29,14067.632049545628
2015-06-30,14067.632049545628
2015-07-01,14067.632049545628
2015-07-02,14067.632049545628
2015-07-03,14067.632049545628
2015-07-06,14067.632049545628
2015-07-07,14067.632049545628
2015-07-08,14067.632049545628
2015-07-09,14067.632049545628
2015-07-10,14067.632049545628
2015-07-13,14067.632049545628
2015-07-14,14067.632049545628
2015-07-15,14067.632049545628
2015-07-16,14067.632049545628
2015-07-17,14067.632049545628
2015-07-20,14067.632049545628
2015-07-21,14067.632049545628
2015-07-22,14067.632049545628
2015-07-23,14067.632049545628
2015-07-24,14067.632049545628
2015-07-27,14067.632049545628
2015-07-28,14067.632049545628
2015-07-29,14067.632049545628
2015-07-30,14067.632049545628
2015-07-31,14067.632049545628
2015-08-03,14067.632049545628
2015-08-04,14067.632049545628
2015-08-05,14067.632049545628
2015-08-06,14067.632049545628
2015-08-07,14067.632049545628
2015-08-10,14067.632049545628
2015-08-11,14067.632049545628
2015-08-12,14067.632049545628
2015-08-13,14067.632049545628
2015-08-14,14067.632049545628
2015-08-17,14067.632049545628
2015-08-18,14067.632049545628
2015-08-19,14067.632049545628
2015-08-20,14067.632049545628
2015-08-21,14067.632049545628
2015-08-24,14060.598233520856
2015-08-25,14313.03983567792
2015-08-26,14273.305064048518
2015-08-27,14003.166048048919
2015-08-28,14003.166048048919
2015-08-31,14003.166048048919
2015-09-01,14003.166048048919
2015-09-02,14003.166048048919
2015-09-03,14003.166048048919
2015-09-04,14003.166048048919
2015-09-07,14003.166048048919
2015-09-08,14003.166048048919
2015-09-09,14003.166048048919
2015-09-10,14003.166048048919
2015-09-11,14003.166048048919
2015-09-14,14003.166048048919
2015-09-15,14003.166048048919
2015-09-16,14003.166048048919
2015-09-17,14003.166048048919
2015-09-18,14003.166048048919
2015-09-21,14003.166048048919
2015-09-22,14003.166048048919
2015-09-23,14003.166048048919
2015-09-24,14003.166048048919
2015-09-25,14003.166048048919
2015-09-28,13996.164465024895
2015-09-29,14032.742916319974
2015-09-30,14063.825069698289
2015-10-01,13951.600105221243
2015-10-02,13944.624305168634
2015-10-05,13986.362643542996
2015-10-06,13946.691801861301
2015-10-07,14037.074238351432
2015-10-08,14002.161939657042
2015-10-09,14060.515233150243
2015-10-12,14163.571953100874
2015-10-13,14145.546067671814
2015-10-14,14182.217821524608
2015-10-15,14294.556281178124
2015-10-16,14160.187267775722
2015-10-19,14151.336150164201
2015-10-20,14111.360450716105
2015-10-21,14142.40896244596
2015-10-22,14135.024300282843
2015-10-23,13791.29742618858
2015-10-26,13791.29742618858
2015-10-27,13791.29742618858
2015-10-28,13791.29742618858
2015-10-29,13791.29742618858
2015-10-30,13791.29742618858
2015-11-02,13791.29742618858
2015-11-03,13791.29742618858
2015-11-04,13791.29742618858
2015-11-05,13791.29742618858
2015-11-06,13791.29742618858
2015-11-09,13791.29742618858
2015-11-10,13791.29742618858
2015-11-11,13791.29742618858
2015-11-12,13791.29742618858
2015-11-13,13791.29742618858
2015-11-16,13791.29742618858
2015-11-17,13791.29742618858
2015-11-18,13791.29742618858
2015-11-19,13791.29742618858
2015-11-20,13791.29742618858
2015-11-23,13791.29742618858
2015-11-24,13791.29742618858
2015-11-25,13791.29742618858
2015-11-26,13791.29742618858
2015-11-27,13791.29742618858
2015-11-30,13791.29742618858
2015-12-01,13791.29742618858
2015-12-02,13791.29742618858
2015-12-03,13791.29742618858
2015-12-04,13791.29742618858
2015-12-07,13791.29742618858
2015-12-08,13791.29742618858
2015-12-09,13791.29742618858
2015-12-10,13791.29742618858
2015-12-11,13791.29742618858
2015-12-14,13791.29742618858
2015-12-15,13791.29742618858
2015-12-16,13791.29742618858
2015-12-17,13791.29742618858
2015-12-18,13791.29742618858
2015-12-21,13791.29742618858
2015-12-22,13791.29742618858
2015-12-23,13791.29742618858
2015-12-24,13791.29742618858
2015-12-25,13791.29742618858
2015-12-28,13791.29742618858
2015-12-29,13791.29742618858
2015-12-30,13791.29742618858
2015-12-31,13791.29742618858
2016-01-01,13791.29742618858
2016-01-04,13791.29742618858
2016-01-05,13791.29742618858
2016-01-06,13791.29742618858
2016-01-07,13791.29742618858
2016-01-08,13791.29742618858
2016-01-11,13791.29742618858
2016-01-12,13791.29742618858
2016-01-13,13791.29742618858
2016-01-14,13791.29742618858
2016-01-15,13791.29742618858
2016-01-18,13791.29742618858
2016-01-19,13791.29742618858
2016-01-20,13791.29742618858
2016-01-21,13791.29742618858
2016-01-22,13791.29742618858
2016-01-25,13791.29742618858
2016-01-26,13791.29742618858
2016-01-27,13791.29742618858
2016-01-28,13791.29742618858
2016-01-29,13791.29742618858
2016-02-01,13791.29742618858
2016-02-02,13791.29742618858
2016-02-03,13791.29742618858
2016-02-04,13784.401777475487
2016-02-05,13919.137211986867
2016-02-08,13850.711501362413
2016-02-09,13906.240590312895
2016-02-10,14030.18901296867
2016-02-11,14018.947896779646
2016-02-12,14064.8856177739
2016-02-15,13950.103477787718
2016-02-16,13885.419442214466
2016-02-17,13851.792068044126
2016-02-18,13821.86914360039
2016-02-19,13806.964716048684
2016-02-22,13823.082686465337
2016-02-23,13696.444621490442
2016-02-24,13696.444621490442
2016-02-25,13696.444621490442
2016-02-26,13696.444621490442
2016-02-29,13696.444621490442
2016-03-01,13696.444621490442
2016-03-02,13696.444621490442
2016-03-03,13696.444621490442
2016-03-04,13696.444621490442
2016-03-07,13696.444621490442
2016-03-08,13696.444621490442
2016-03-09,13696.444621490442
2016-03-10,13696.444621490442
2016-03-11,13689.596399179698
2016-03-14,13676.747725350018
2016-03-15,13595.729673769478
2016-03-16,13604.335761024435
2016-03-17,13738.290948604192
2016-03-18,13859.041199917496
2016-03-21,13811.281094580427
2016-03-22,13758.418203426443
2016-03-23,13742.505389512518
2016-03-24,13691.087166837302
2016-03-25,13675.023904677473
2016-03-28,13665.253531493085
2016-03-29,13717.508706295393
2016-03-30,13826.433880026652
2016-03-31,13878.522428889346
2016-04-01,13933.532096605224
2016-04-04,13946.222143655383
2016-04-05,13944.952211681493
2016-04-06,13936.378655943603
2016-04-07,13964.483114610588
2016-04-08,13926.471030943487
2016-04-11,13961.997998165407
2016-04-12,13974.101691953023
2016-04-13,13939.855225924273
2016-04-14,13809.534120540471
2016-04-15,13798.479497476676
2016-04-18,13835.074201756664
2016-04-19,13846.178283229961
2016-04-20,13908.010493233029
2016-04-21,13841.026675908683
2016-04-22,13825.075310370892
2016-04-25,13753.915328729316
2016-04-26,13796.626448747202
2016-04-27,13833.36800365575
2016-04-28,13869.991654274942
2016-04-29,13902.87094717598
2016-05-02,14033.416659471914
2016-05-03,14109.066150179184
2016-05-04,14083.397154750714
2016-05-05,14069.957186432446
2016-05-06,13962.990933062736
2016-05-09,13940.871822970646
2016-05-10,13940.871822970646
2016-05-11,13924.21090146059
2016-05-12,13988.503347106313
2016-05-13,13927.096515537629
2016-05-16,13853.455566880322
2016-05-17,13852.358144756427
2016-05-18,13852.358144756427
2016-05-19,13737.931652101874
2016-05-20,13717.132100738949
2016-05-23,13736.361460877079
2016-05-24,13729.425463549573
2016-05-25,13633.517741031701
2016-05-26,13659.20447325272
2016-05-27,13699.655963851676
2016-05-30,13598.83285749697
2016-05-31,13645.749347408157
2016-06-01,13630.544001958393
2016-06-02,13695.360452461055
2016-06-03,13649.924157481664
2016-06-06,13891.342622210332
2016-06-07,13907.277608269811
2016-06-08,13899.69373234972
2016-06-09,13959.815327579203
2016-06-10,13846.735420779838
2016-06-13,13754.60271377511
2016-06-14,13816.894628624425
2016-06-15,13721.126226028591
2016-06-16,13781.725278477566
2016-06-17,13768.692721348605
2016-06-20,13886.94245036119
2016-06-21,13854.985656739933
2016-06-22,13766.163499907936
2016-06-23,13860.809119501973
2016-06-24,13855.628660656685
2016-06-27,13491.682763215993
2016-06-28,13491.682763215993
2016-06-29,13491.682763215993
2016-06-30,13491.682763215993
2016-07-01,13491.682763215993
2016-07-04,13491.682763215993
2016-07-05,13491.682763215993
2016-07-06,13491.682763215993
2016-07-07,13491.682763215993
2016-07-08,13491.682763215993
2016-07-11,13491.682763215993
2016-07-12,13491.682763215993
2016-07-13,13491.682763215993
2016-07-14,13491.682763215993
2016-07-15,13491.682763215993
2016-07-18,13491.682763215993
2016-07-19,13491.682763215993
2016-07-20,13491.682763215993
2016-07-21,13491.682763215993
2016-07-22,13491.682763215993
2016-07-25,13491.682763215993
2016-07-26,13491.682763215993
2016-07-27,13491.682763215993
2016-07-28,13491.682763215993
2016-07-29,13484.936921834385
2016-08-01,13586.361704119983
2016-08-02,13586.361704119983
2016-08-03,13648.256750590412
2016-08-04,13565.822035552643
2016-08-05,13545.41422238192
2016-08-08,13490.324530260674
2016-08-09,13483.14573347991
2016-08-10,13522.20740336558
2016-08-11,13607.854840203181
2016-08-12,13550.131817591537
2016-08-15,13583.98317168525
2016-08-16,13604.780761679966
2016-08-17,13716.15790124354
2016-08-18,13744.025946072696
2016-08-19,13805.346977525483
2016-08-22,13742.815770648167
2016-08-23,13768.46033013265
2016-08-24,13746.034741194937
2016-08-25,13700.905423573073
2016-08-26,13733.351809333017
2016-08-29,13622.162162107956
2016-08-30,13614.079082501254
2016-08-31,13565.859147401927
2016-09-01,13574.940109671972
2016-09-02,13623.510876028793
2016-09-05,13576.288324643581
2016-09-06,13565.683656886866
2016-09-07,13687.268651501076
2016-09-08,13671.875281441233
2016-09-09,13708.808962648713
2016-09-12,13671.928155620713
2016-09-13,13674.849336344862
2016-09-14,13644.593300994822
2016-09-15,13679.384903847096
2016-09-16,13677.69280782265
2016-09-19,13570.900459066852
2016-09-20,13597.88086157819
2016-09-21,13565.385015419728
2016-09-22,13612.978516348681
2016-09-23,13633.564653876594
2016-09-26,13668.915700260268
2016-09-27,13681.825844924475
2016-09-28,13644.935375042982
2016-09-29,13651.52018772575
2016-09-30,13644.932197324884
2016-10-03,13663.314756709808
2016-10-04,13633.721521421967
2016-10-05,13634.179646172002
2016-10-06,13631.123154236586
2016-10-07,13546.611458305928
2016-10-10,13539.838152576776
2016-10-11,13465.017304726405
2016-10-12,13465.017304726405
2016-10-13,13465.017304726405
2016-10-14,13465.017304726405
2016-10-17,13465.017304726405
2016-10-18,13465.017304726405
2016-10-19,13465.017304726405
2016-10-20,13465.017304726405
2016-10-21,13465.017304726405
2016-10-24,13465.017304726405
2016-10-25,13465.017304726405
2016-10-26,13465.017304726405
2016-10-27,13465.017304726405
2016-10-28,13465.017304726405
2016-10-31,13465.017304726405
2016-11-01,13465.017304726405
2016-11-02,13465.017304726405
2016-11-03,13465.017304726405
2016-11-04,13465.017304726405
2016-11-07,13465.017304726405
2016-11-08,13465.017304726405
2016-11-09,13465.017304726405
2016-11-10,13465.017304726405
2016-11-11,13465.017304726405
2016-11-14,13465.017304726405
2016-11-15,13465.017304726405
2016-11-16,13465.017304726405
2016-11-17,13465.017304726405
2016-11-18,13465.017304726405
2016-11-21,13465.017304726405
2016-11-22,13465.017304726405
2016-11-23,13465.017304726405
2016-11-24,13465.017304726405
2016-11-25,13465.017304726405
2016-11-28,13465.017304726405
2016-11-29,13465.017304726405
2016-11-30,13465.017304726405
2016-12-01,13465.017304726405
2016-12-02,13465.017304726405
2016-12-05,13465.017304726405
2016-12-06,13465.017304726405
2016-12-07,13465.017304726405
2016-12-08,13465.017304726405
2016-12-09,13465.017304726405
2016-12-12,13465.017304726405
2016-12-13,13465.017304726405
2016-12-14,13465.017304726405
2016-12-15,13465.017304726405
2016-12-16,13465.017304726405
2016-12-19,13465.017304726405
2016-12-20,13465.017304726405
2016-12-21,13465.017304726405
2016-12-22,13465.017304726405
2016-12-23,13465.017304726405
2016-12-26,13465.017304726405
2016-12-27,13465.017304726405
2016-12-28,13465.017304726405
2016-12-29,13465.017304726405
2016-12-30,13465.017304726405
2017-01-02,13465.017304726405
2017-01-03,13465.017304726405
2017-01-04,13465.017304726405
2017-01-05,13465.017304726405
2017-01-06,13465.017304726405
2017-01-09,13465.017304726405
2017-01-10,13465.017304726405
2017-01-11,13465.017304726405
2017-01-12,13465.017304726405
2017-01-13,13465.017304726405
2017-01-16,13465.017304726405
2017-01-17,13465.017304726405
2017-01-18,13465.017304726405
2017-01-19,13465.017304726405
2017-01-20,13465.017304726405
2017-01-23,13465.017304726405
2017-01-24,13465.017304726405
2017-01-25,13465.017304726405
2017-01-26,13465.017304726405
2017-01-27,13465.017304726405
2017-01-30,13465.017304726405
2017-01-31,13465.017304726405
2017-02-01,13465.017304726405
2017-02-02,13465.017304726405
2017-02-03,13465.017304726405
2017-02-06,13465.017304726405
2017-02-07,13465.017304726405
2017-02-08,13465.017304726405
2017-02-09,13465.017304726405
2017-02-10,13465.017304726405
2017-02-13,13465.017304726405
2017-02-14,13465.017304726405
2017-02-15,13465.017304726405
2017-02-16,13465.017304726405
2017-02-17,13465.017304726405
2017-02-20,13465.017304726405
2017-02-21,13465.017304726405
2017-02-22,13465.017304726405
2017-02-23,13465.017304726405
2017-02-24,13465.017304726405
2017-02-27,13465.017304726405
2017-02-28,13465.017304726405
2017-03-01,13465.017304726405
2017-03-02,13465.017304726405
2017-03-03,13465.017304726405
2017-03-06,13465.017304726405
2017-03-07,13465.017304726405
2017-03-08,13465.017304726405
2017-03-09,13465.017304726405
2017-03-10,13465.017304726405
2017-03-13,13465.017304726405
2017-03-14,13465.017304726405
2017-03-15,13465.017304726405
2017-03-16,13465.017304726405
2017-03-17,13465.017304726405
2017-03-20,13465.017304726405
2017-03-21,13465.017304726405
2017-03-22,13465.017304726405
2017-03-23,13465.017304726405
2017-03-24,13465.017304726405
2017-03-27,13465.017304726405
2017-03-28,13465.017304726405
2017-03-29,13465.017304726405
2017-03-30,13465.017304726405
2017-03-31,13465.017304726405
2017-04-03,13465.017304726405
2017-04-04,13465.017304726405
2017-04-05,13465.017304726405
2017-04-06,13465.017304726405
2017-04-07,13465.017304726405
2017-04-10,13465.017304726405
2017-04-11,13465.017304726405
2017-04-12,13465.017304726405
2017-04-13,13465.017304726405
2017-04-14,13465.017304726405
2017-04-17,13465.017304726405
2017-04-18,13465.017304726405
2017-04-19,13465.017304726405
2017-04-20,13465.017304726405
2017-04-21,13465.017304726405
2017-04-24,13458.284796074042
2017-04-25,13447.019748285036
2017-04-26,13525.265772615607
2017-04-27,13501.341909164143
2017-04-28,13445.92952243811
2017-05-01,13499.354115086277
2017-05-02,13501.121479372638
2017-05-03,13534.152685351355
2017-05-04,13476.258580846075
2017-05-05,13590.319987456902
2017-05-08,13570.037347513122
2017-05-09,13523.691827622786
2017-05-10,13472.948975284791
2017-05-11,13453.015171141422
2017-05-12,13445.850846815196
2017-05-15,13522.767654528696
2017-05-16,13590.021640426547
2017-05-17,13728.172489915969
2017-05-18,13805.147824426065
2017-05-19,13752.114182570118
2017-05-22,13864.600878265697
2017-05-23,13906.610445128537
2017-05-24,13832.72355550797
2017-05-25,13896.426582485332
2017-05-26,13871.477809620725
2017-05-29,13828.467488484079
2017-05-30,13770.173261637003
2017-05-31,13822.837564600593
2017-06-01,13911.451931987767
2017-06-02,13877.082812397992
2017-06-05,13957.31504418764
2017-06-06,13927.588665439978
2017-06-07,13945.630065154457
2017-06-08,13925.52415809937
2017-06-09,13838.183181030225
2017-06-12,13859.405369489203
2017-06-13,13852.265053136023
2017-06-14,13867.938707202402
2017-06-15,13876.490436987995
2017-06-16,13790.99960154237
2017-06-19,13866.686479833708
2017-06-20,13787.647656430463
2017-06-21,13778.277915063712
2017-06-22,13815.616809831281
2017-06-23,13793.880184146214
2017-06-26,13854.608713744212
2017-06-27,13835.69336641415
2017-06-28,14026.863911855535
2017-06-29,14080.566664821527
2017-06-30,14153.359727672618
2017-07-03,14130.382678319713
2017-07-04,14066.28614992306
2017-07-05,14052.376689287536
2017-07-06,14035.944406014829
2017-07-07,14131.989287215563
2017-07-10,14106.018906259165
2017-07-12,14192.506451715453
2017-07-13,14124.276473878945
2017-07-14,14105.739886262745
2017-07-17,14193.845497930131
2017-07-18,14192.541986411106
2017-07-19,14285.507363430195
2017-07-20,14259.132933187855
2017-07-21,14382.626618111535
2017-07-24,14448.003262399312
2017-07-25,14394.935561317896
2017-07-26,14401.973998517213
2017-07-27,14504.80806367966
2017-07-28,14456.067108784253
2017-07-31,14528.399428094704
2017-08-01,14623.087639516467
2017-08-02,14607.18917592308
2017-08-03,14656.442901292661
2017-08-04,14698.187907202255
2017-08-07,14565.8503945003
2017-08-08,14593.66865175468
2017-08-09,14536.26090156123
2017-08-10,14544.807238271043
2017-08-11,14555.58844113636
2017-08-14,14623.763280741492
2017-08-15,14562.156090909577
2017-08-16,14519.348377607525
2017-08-17,14560.150216319389
2017-08-18,14487.301446049541
2017-08-21,14537.626342593134
2017-08-22,14606.323068320153
2017-08-23,14544.687530185565
2017-08-24,14611.732323761025
2017-08-25,14593.96034132226
2017-08-28,14777.861370998988
2017-08-29,14792.705553637346
2017-08-30,14800.848421633462
2017-08-31,14705.306622783302
2017-09-01,14726.308388324092
2017-09-04,14692.147348919263
2017-09-05,14705.246172200357
2017-09-06,14743.072906025582
2017-09-07,14747.64429460869
2017-09-08,14872.360268704386
2017-09-11,14858.233918682537
2017-09-12,14786.091656980332
2017-09-13,14804.84774445761
2017-09-14,14700.618200306648
2017-09-15,14738.949163637826
2017-09-18,14758.115330867358
2017-09-19,14785.446766120489
2017-09-20,14826.526406652321
2017-09-21,14676.859682575736
2017-09-22,14767.396426584883
2017-09-25,14744.65900948813
2017-09-26,14655.94022346794
2017-09-27,14569.663094441783
2017-09-28,14524.570780290407
2017-09-29,14564.217727323587
2017-10-02,14595.825104023417
2017-10-03,14504.598936878283
2017-10-04,14521.629572142532
2017-10-05,14533.57549388536
2017-10-06,14477.976747477316
2017-10-09,14515.160464090248
2017-10-10,14514.137765959085
2017-10-11,14604.398958387723
2017-10-12,14666.823368654323
2017-10-13,14625.116139365995
2017-10-16,14603.155870359555
2017-10-17,14579.021667679119
2017-10-18,14551.021396505195
2017-10-19,14579.826751292489
2017-10-20,14644.977039483496
2017-10-23,14527.805023303166
2017-10-24,14534.637311810859
2017-10-25,14534.466389768406
2017-10-26,14610.54926187997
2017-10-27,14381.955268057347
2017-10-30,14341.509166235444
2017-10-31,14400.880319372263
2017-11-01,14399.704628701718
2017-11-02,14371.210580942652
2017-11-03,14412.045055846926
2017-11-06,14354.00989269973
2017-11-07,14351.176619427499
2017-11-08,14336.851289558335
2017-11-09,14331.69558380382
2017-11-10,14393.323002189281
2017-11-13,14410.936127096425
2017-11-14,14415.642232887327
2017-11-15,14572.882428294472
2017-11-17,14553.819668277098
2017-11-20,14497.36526478496
2017-11-21,14508.934798780538
2017-11-22,14503.996126571756
2017-11-23,14599.471002722921
2017-11-24,14647.848815180003
2017-11-27,14737.195281983564
2017-11-28,14710.503335917996
2017-11-29,14640.095120872009
2017-11-30,14644.953786424752
2017-12-01,14701.995478768247
2017-12-04,14654.492561622206
2017-12-05,14664.228767384764
2017-12-06,14621.13197082095
2017-12-07,14585.707921694784
2017-12-08,14545.98938819246
2017-12-11,14543.250864001946
2017-12-12,14552.667509978175
2017-12-13,14509.369790716744
2017-12-14,14624.145175014532
2017-12-15,14548.700614742993
2017-12-18,14509.864270570504
2017-12-19,14560.047484934394
2017-12-20,14630.393440169155
2017-12-21,14675.853711639737
2017-12-22,14650.076525525721
2017-12-25,14648.513732152333
2017-12-26,14668.848717220837
2017-12-27,14650.746365810404
2017-12-28,14703.65462658812
2017-12-29,14754.136805616672
2018-01-01,14832.04306437342
2018-01-02,14840.235594052572
2018-01-03,14904.188992574154
2018-01-04,14838.528083297539
2018-01-05,14910.52308383557
2018-01-08,14871.704648371317
2018-01-09,14788.693219772884
2018-01-10,14737.797320986938
2018-01-11,14770.886527377754
2018-01-12,14876.696940786762
2018-01-15,15061.102189770261
2018-01-16,15154.861012616288
2018-01-17,15158.393271910923
2018-01-18,15050.150078202689
2018-01-19,15115.018981812915
2018-01-22,15138.341709572916
2018-01-23,15139.269360340706
2018-01-24,15205.842050072137
2018-01-25,15305.377061218209
2018-01-26,15306.895093271516
2018-01-29,15350.965664525425
2018-01-30,15292.886856553952
2018-01-31,15327.955580890035
2018-02-01,15339.183244032525
2018-02-02,15451.603361497095
2018-02-05,15373.51342097414
2018-02-06,15275.470635183787
2018-02-07,15292.106510643032
2018-02-08,15151.69802069174
2018-02-09,15142.59212510836
2018-02-12,15132.754044411868
2018-02-13,15195.55649365568
2018-02-14,15257.1918001073
2018-02-15,15396.740567227025
2018-02-16,15441.531874846918
2018-02-19,15327.843641296755
2018-02-20,15311.491048969523
2018-02-21,15233.098679912768
2018-02-22,15166.910679447008
2018-02-23,15222.149957539355
2018-02-26,15173.254813411124
2018-02-27,15208.34450267188
2018-02-28,15102.70117887054
2018-03-01,15054.384416632533
2018-03-02,15152.342492738257
2018-03-05,15207.290625748461
2018-03-06,15233.34653297928
2018-03-07,15331.95048693562
2018-03-08,15329.475882983304
2018-03-09,15195.514356477577
2018-03-12,15198.131217244429
2018-03-13,15236.15353384128
2018-03-14,15301.156069534192
2018-03-15,15280.500082050108
2018-03-16,15198.273379750122
2018-03-19,15163.143041781712
2018-03-20,15232.199347175087
2018-03-21,15126.954289601917
2018-03-22,15244.728339413352
2018-03-23,15216.70626074982
2018-03-26,15252.945515577703
2018-03-27,15379.726194641033
2018-03-28,15318.34752590549
2018-03-29,15197.372669614668
2018-03-30,15188.208747193014
2018-04-02,15202.228780511534
2018-04-03,15175.669887138765
2018-04-04,15158.143964616373
2018-04-05,15168.383316003335
2018-04-06,15124.836023883448
2018-04-09,15149.316426801264
2018-04-10,15212.095212422159
2018-04-11,15262.226593175601
2018-04-12,15272.796660223694
2018-04-13,15220.92464163464
2018-04-16,15224.491455786203
2018-04-17,15289.215786686977
2018-04-18,15274.452756812236
2018-04-19,15281.825247156377
2018-04-20,15240.26331585436
2018-04-23,15150.966824694424
2018-04-24,15071.216637594325
2018-04-25,15111.19895298682
2018-04-26,15024.87395874974
2018-04-27,14948.080194111451
2018-04-30,14964.378650393506
2018-05-01,14912.947721548733
2018-05-02,14794.382795793881
2018-05-03,14794.382795793881
2018-05-04,14794.382795793881
2018-05-07,14794.382795793881
2018-05-08,14794.382795793881
2018-05-09,14794.382795793881
2018-05-10,14794.382795793881
2018-05-11,14794.382795793881
2018-05-14,14794.382795793881
2018-05-15,14794.382795793881
2018-05-16,14794.382795793881
2018-05-17,14794.382795793881
2018-05-18,14794.382795793881
2018-05-21,14794.382795793881
2018-05-22,14794.382795793881
2018-05-23,14794.382795793881
2018-05-24,14794.382795793881
2018-05-25,14794.382795793881
2018-05-28,14794.382795793881
2018-05-29,14794.382795793881
2018-05-30,14794.382795793881
2018-05-31,14794.382795793881
2018-06-01,14794.382795793881
2018-06-04,14794.382795793881
2018-06-05,14794.382795793881
2018-06-06,14794.382795793881
2018-06-07,14794.382795793881
2018-06-08,14794.382795793881
2018-06-11,14794.382795793881
2018-06-12,14794.382795793881
2018-06-13,14794.382795793881
2018-06-14,14794.382795793881
2018-06-15,14794.382795793881
2018-06-18,14794.382795793881
2018-06-19,14794.382795793881
2018-06-20,14794.382795793881
2018-06-21,14794.382795793881
2018-06-22,14794.382795793881
2018-06-25,14794.382795793881
2018-06-26,14794.382795793881
2018-06-27,14794.382795793881
2018-06-28,14794.382795793881
2018-06-29,14794.382795793881
2018-07-02,14794.382795793881
2018-07-03,14794.382795793881
2018-07-04,14794.382795793881
2018-07-05,14794.382795793881
2018-07-06,14794.382795793881
2018-07-09,14794.382795793881
2018-07-10,14794.382795793881
2018-07-11,14794.382795793881
2018-07-12,14794.382795793881
2018-07-13,14794.382795793881
2018-07-16,14794.382795793881
2018-07-17,14794.382795793881
2018-07-18,14794.382795793881
2018-07-19,14794.382795793881
2018-07-20,14794.382795793881
2018-07-23,14794.382795793881
2018-07-24,14794.382795793881
2018-07-25,14794.382795793881
2018-07-26,14794.382795793881
2018-07-27,14794.382795793881
2018-07-30,14794.382795793881
2018-07-31,14794.382795793881
2018-08-01,14794.382795793881
2018-08-02,14794.382795793881
2018-08-03,14794.382795793881
2018-08-06,14794.382795793881
2018-08-07,14794.382795793881
2018-08-08,14794.382795793881
2018-08-09,14794.382795793881
2018-08-10,14794.382795793881
2018-08-13,14794.382795793881
2018-08-14,14794.382795793881
2018-08-15,14794.382795793881
2018-08-16,14794.382795793881
2018-08-17,14794.382795793881
2018-08-20,14794.382795793881
2018-08-21,14794.382795793881
2018-08-22,14794.382795793881
2018-08-23,14794.382795793881
2018-08-24,14794.382795793881
2018-08-27,14794.382795793881
2018-08-28,14794.382795793881
2018-08-29,14794.382795793881
2018-08-30,14794.382795793881
2018-08-31,14794.382795793881
2018-09-03,14794.382795793881
2018-09-04,14794.382795793881
2018-09-05,14794.382795793881
2018-09-06,14794.382795793881
2018-09-07,14794.382795793881
2018-09-10,14794.382795793881
2018-09-11,14794.382795793881
2018-09-12,14794.382795793881
2018-09-13,14794.382795793881
2018-09-14,14794.382795793881
2018-09-17,14794.382795793881
2018-09-18,14794.382795793881
2018-09-19,14794.382795793881
2018-09-20,14794.382795793881
2018-09-21,14794.382795793881
2018-09-24,14794.382795793881
2018-09-25,14794.382795793881
2018-09-26,14794.382795793881
2018-09-27,14794.382795793881
2018-09-28,14794.382795793881
2018-10-01,14794.382795793881
2018-10-02,14794.382795793881
2018-10-03,14794.382795793881
2018-10-04,14794.382795793881
2018-10-05,14794.382795793881
2018-10-08,14794.382795793881
2018-10-09,14794.382795793881
2018-10-10,14794.382795793881
2018-10-11,14794.382795793881
2018-10-12,14794.382795793881
2018-10-15,14794.382795793881
2018-10-16,14794.382795793881
2018-10-17,14794.382795793881
2018-10-18,14794.382795793881
2018-10-19,14794.382795793881
2018-10-22,14794.382795793881
2018-10-23,14794.382795793881
2018-10-24,14794.382795793881
2018-10-25,14794.382795793881
2018-10-26,14794.382795793881
2018-10-29,14794.382795793881
2018-10-30,14794.382795793881
2018-10-31,14794.382795793881
2018-11-01,14794.382795793881
2018-11-02,14794.382795793881
2018-11-05,14794.382795793881
2018-11-06,14794.382795793881
2018-11-07,14794.382795793881
2018-11-08,14794.382795793881
2018-11-09,14794.382795793881
2018-11-12,14794.382795793881
2018-11-13,14794.382795793881
2018-11-14,14794.382795793881
2018-11-15,14794.382795793881
2018-11-16,14794.382795793881
2018-11-19,14794.382795793881
2018-11-20,14794.382795793881
2018-11-21,14794.382795793881
2018-11-22,14794.382795793881
2018-11-23,14794.382795793881
2018-11-26,14794.382795793881
2018-11-27,14794.382795793881
2018-11-28,14794.382795793881
2018-11-29,14794.382795793881
2018-11-30,14794.382795793881
2018-12-03,14794.382795793881
2018-12-04,14794.382795793881
2018-12-05,14794.382795793881
2018-12-06,14794.382795793881
2018-12-07,14794.382795793881
2018-12-10,14794.382795793881
2018-12-11,14794.382795793881
2018-12-12,14794.382795793881
2018-12-13,14794.382795793881
2018-12-14,14794.382795793881
2018-12-17,14794.382795793881
2018-12-18,14794.382795793881
2018-12-19,14794.382795793881
2018-12-20,14794.382795793881
2018-12-21,14794.382795793881
2018-12-24,14794.382795793881
2018-12-25,14794.382795793881
2018-12-26,14794.382795793881
2018-12-27,14794.382795793881
2018-12-28,14794.382795793881
2018-12-31,14794.382795793881
2019-01-01,14794.382795793881
2019-01-02,14794.382795793881
2019-01-03,14794.382795793881
2019-01-04,14794.382795793881
2019-01-07,14794.382795793881
2019-01-08,14794.382795793881
2019-01-09,14794.382795793881
2019-01-10,14794.382795793881
2019-01-11,14794.382795793881
2019-01-14,14794.382795793881
2019-01-15,14794.382795793881
2019-01-16,14794.382795793881
2019-01-17,14794.382795793881
2019-01-18,14794.382795793881
2019-01-21,14794.382795793881
2019-01-22,14794.382795793881
2019-01-23,14794.382795793881
2019-01-24,14794.382795793881
2019-01-25,14794.382795793881
2019-01-28,14794.382795793881
2019-01-29,14794.382795793881
2019-01-30,14794.382795793881
2019-01-31,14794.382795793881
2019-02-01,14794.382795793881
2019-02-04,14794.382795793881
2019-02-05,14794.382795793881
2019-02-06,14794.382795793881
2019-02-07,14794.382795793881
2019-02-08,14794.382795793881
2019-02-11,14794.382795793881
2019-02-12,14794.382795793881
2019-02-13,14794.382795793881
2019-02-14,14794.382795793881
2019-02-15,14794.382795793881
2019-02-18,14794.382795793881
2019-02-19,14794.382795793881
2019-02-20,14794.382795793881
2019-02-21,14794.382795793881
2019-02-22,14794.382795793881
2019-02-25,14794.382795793881
2019-02-26,14794.382795793881
2019-02-27,14794.382795793881
2019-02-28,14794.382795793881
2019-03-01,14794.382795793881
2019-03-04,14794.382795793881
2019-03-05,14794.382795793881
2019-03-06,14794.382795793881
2019-03-07,14794.382795793881
2019-03-08,14794.382795793881
2019-03-11,14794.382795793881
2019-03-12,14794.382795793881
2019-03-13,14794.382795793881
2019-03-14,14794.382795793881
2019-03-15,14794.382795793881
2019-03-18,14794.382795793881
2019-03-19,14794.382795793881
2019-03-20,14794.382795793881
2019-03-21,14794.382795793881
2019-03-22,14794.382795793881
2019-03-25,14794.382795793881
2019-03-26,14794.382795793881
2019-03-27,14794.382795793881
2019-03-28,14794.382795793881
2019-03-29,14794.382795793881
2019-04-01,14794.382795793881
2019-04-02,14794.382795793881
2019-04-03,14794.382795793881
2019-04-04,14794.382795793881
2019-04-05,14794.382795793881
2019-04-08,14794.382795793881
2019-04-09,14794.382795793881
2019-04-10,14794.382795793881
2019-04-11,14794.382795793881
2019-04-12,14794.382795793881
2019-04-15,14794.382795793881
2019-04-16,14794.382795793881
2019-04-17,14794.382795793881
2019-04-18,14794.382795793881
2019-04-19,14794.382795793881
2019-04-22,14794.382795793881
2019-04-23,14794.382795793881
2019-04-24,14794.382795793881
2019-04-25,14794.382795793881
2019-04-26,14794.382795793881
2019-04-29,14794.382795793881
2019-04-30,14794.382795793881
2019-05-01,14794.382795793881
2019-05-02,14794.382795793881
2019-05-03,14794.382795793881
2019-05-06,14794.382795793881
2019-05-07,14794.382795793881
2019-05-08,14794.382795793881
2019-05-09,14794.382795793881
2019-05-10,14794.382795793881
2019-05-13,14794.382795793881
2019-05-14,14794.382795793881
2019-05-15,14794.382795793881
2019-05-16,14794.382795793881
2019-05-17,14794.382795793881
2019-05-20,14794.382795793881
2019-05-21,14794.382795793881
2019-05-23,14794.382795793881
2019-05-24,14794.382795793881
2019-05-27,14794.382795793881
2019-05-28,14794.382795793881
2019-05-29,14794.382795793881
2019-05-30,14794.382795793881
2019-05-31,14794.382795793881
2019-06-03,14794.382795793881
2019-06-04,14794.382795793881
2019-06-05,14794.382795793881
2019-06-06,14794.382795793881
2019-06-07,14794.382795793881
2019-06-10,14794.382795793881
2019-06-11,14794.382795793881
2019-06-12,14794.382795793881
2019-06-13,14794.382795793881
2019-06-14,14794.382795793881
2019-06-17,14794.382795793881
2019-06-18,14794.382795793881
2019-06-19,14794.382795793881
2019-06-20,14794.382795793881
2019-06-21,14794.382795793881
2019-06-24,14786.985604395984
2019-06-25,14807.199337524806
2019-06-26,14767.752380977061
2019-06-27,14773.966095222802
2019-06-28,14771.613985452981
2019-07-01,14761.202401909539
2019-07-02,14652.84000179276
2019-07-03,14652.84000179276
2019-07-04,14652.84000179276
2019-07-05,14652.84000179276
2019-07-08,14652.84000179276
2019-07-09,14652.84000179276
2019-07-10,14652.84000179276
2019-07-11,14652.84000179276
2019-07-12,14652.84000179276
2019-07-15,14652.84000179276
2019-07-16,14652.84000179276
2019-07-17,14652.84000179276
2019-07-18,14652.84000179276
2019-07-19,14652.84000179276
2019-07-22,14652.84000179276
2019-07-23,14652.84000179276
2019-07-24,14652.84000179276
2019-07-25,14652.84000179276
2019-07-26,14652.84000179276
2019-07-29,14652.84000179276
2019-07-30,14652.84000179276
2019-07-31,14652.84000179276
2019-08-01,14652.84000179276
2019-08-02,14652.84000179276
2019-08-05,14652.84000179276
2019-08-06,14652.84000179276
2019-08-07,14652.84000179276
2019-08-08,14652.84000179276
2019-08-09,14652.84000179276
2019-08-12,14652.84000179276
2019-08-13,14652.84000179276
2019-08-14,14652.84000179276
2019-08-15,14652.84000179276
2019-08-16,14652.84000179276
2019-08-19,14652.84000179276
2019-08-20,14652.84000179276
2019-08-21,14652.84000179276
2019-08-22,14652.84000179276
2019-08-23,14652.84000179276
2019-08-26,14652.84000179276
2019-08-27,14652.84000179276
2019-08-28,14652.84000179276
2019-08-29,14652.84000179276
2019-08-30,14652.84000179276
2019-09-02,14652.84000179276
2019-09-03,14652.84000179276
2019-09-04,14652.84000179276
2019-09-05,14652.84000179276
2019-09-06,14652.84000179276
2019-09-09,14652.84000179276
2019-09-10,14652.84000179276
2019-09-11,14652.84000179276
2019-09-12,14652.84000179276
2019-09-13,14652.84000179276
2019-09-16,14652.84000179276
2019-09-17,14652.84000179276
2019-09-18,14652.84000179276
2019-09-19,14652.84000179276
2019-09-20,14652.84000179276
2019-09-23,14652.84000179276
2019-09-24,14652.84000179276
2019-09-25,14652.84000179276
2019-09-26,14652.84000179276
2019-09-27,14652.84000179276
2019-09-30,14652.84000179276
2019-10-01,14652.84000179276
2019-10-02,14652.84000179276
2019-10-03,14652.84000179276
2019-10-04,14652.84000179276
2019-10-07,14652.84000179276
2019-10-08,14652.84000179276
2019-10-09,14652.84000179276
2019-10-10,14652.84000179276
2019-10-11,14652.84000179276
2019-10-14,14652.84000179276
2019-10-15,14652.84000179276
2019-10-16,14652.84000179276
2019-10-17,14652.84000179276
2019-10-18,14652.84000179276
2019-10-21,14652.84000179276
2019-10-22,14652.84000179276
2019-10-23,14652.84000179276
2019-10-24,14652.84000179276
2019-10-25,14652.84000179276
2019-10-28,14652.84000179276
2019-10-29,14652.84000179276
2019-10-30,14652.84000179276
2019-10-31,14652.84000179276
2019-11-01,14652.84000179276
2019-11-04,14652.84000179276
2019-11-05,14652.84000179276
2019-11-06,14652.84000179276
2019-11-07,14652.84000179276
2019-11-08,14652.84000179276
2019-11-11,14652.84000179276
2019-11-12,14652.84000179276
2019-11-13,14652.84000179276
2019-11-14,14652.84000179276
2019-11-15,14652.84000179276
2019-11-18,14652.84000179276
2019-11-19,14652.84000179276
2019-11-20,14652.84000179276
2019-11-21,14652.84000179276
2019-11-22,14652.84000179276
2019-11-25,14652.84000179276
2019-11-26,14652.84000179276
2019-11-27,14652.84000179276
2019-11-28,14652.84000179276
2019-11-29,14652.84000179276
2019-12-02,14652.84000179276
2019-12-03,14652.84000179276
2019-12-04,14652.84000179276
2019-12-05,14652.84000179276
2019-12-06,14652.84000179276
2019-12-09,14652.84000179276
2019-12-10,14652.84000179276
2019-12-11,14652.84000179276
2019-12-12,14652.84000179276
2019-12-13,14645.513581791864
2019-12-16,14557.321649156975
2019-12-17,14557.321649156975
2019-12-18,14557.321649156975
2019-12-19,14557.321649156975
2019-12-20,14557.321649156975
2019-12-23,14557.321649156975
2019-12-24,14557.321649156975
2019-12-25,14557.321649156975
2019-12-26,14557.321649156975
2019-12-27,14557.321649156975
2019-12-30,14550.042988332398
2019-12-31,14576.033454704571
2020-01-01,14600.122428328588
2020-01-02,14600.122428328588
2020-01-03,14535.718221484563
2020-01-06,14523.381807279982
2020-01-07,14570.192676814519
2020-01-08,14513.80108081106
2020-01-09,14452.410217741623
2020-01-10,14452.410217741623
2020-01-13,14452.410217741623
2020-01-14,14452.410217741623
2020-01-15,14452.410217741623
2020-01-16,14445.184012632753
2020-01-17,14419.267318149417
2020-01-20,14419.267318149417
2020-01-21,14419.267318149417
2020-01-22,14419.267318149417
2020-01-23,14419.267318149417
2020-01-24,14419.267318149417
2020-01-27,14419.267318149417
2020-01-28,14419.267318149417
2020-01-29,14419.267318149417
2020-01-30,14419.267318149417
2020-01-31,14419.267318149417
2020-02-03,14419.267318149417
2020-02-04,14419.267318149417
2020-02-05,14419.267318149417
2020-02-06,14419.267318149417
2020-02-07,14419.267318149417
2020-02-10,14419.267318149417
2020-02-11,14419.267318149417
2020-02-12,14419.267318149417
2020-02-13,14419.267318149417
2020-02-14,14419.267318149417
2020-02-17,14419.267318149417
2020-02-18,14419.267318149417
2020-02-19,14419.267318149417
2020-02-20,14419.267318149417
2020-02-21,14419.267318149417
2020-02-24,14419.267318149417
2020-02-25,14419.267318149417
2020-02-26,14419.267318149417
2020-02-27,14419.267318149417
2020-02-28,14419.267318149417
2020-03-02,14419.267318149417
2020-03-03,14412.057684490344
2020-03-04,14459.354154966093
2020-03-05,14405.458881864428
2020-03-06,14514.666487689441
2020-03-09,14722.88530937884
2020-03-10,14738.316441233736
2020-03-11,14632.612210461693
2020-03-12,14561.334953313672
2020-03-13,14461.972760617275
2020-03-16,14423.687133588162
2020-03-17,14433.82722780433
2020-03-18,14234.382100365918
2020-03-19,14234.382100365918
2020-03-20,14234.382100365918
2020-03-23,14234.382100365918
2020-03-24,14234.382100365918
2020-03-25,14234.382100365918
2020-03-26,14234.382100365918
2020-03-27,14234.382100365918
2020-03-30,14234.382100365918
2020-03-31,14234.382100365918
2020-04-01,14234.382100365918
2020-04-02,14234.382100365918
2020-04-03,14234.382100365918
2020-04-06,14234.382100365918
2020-04-07,14234.382100365918
2020-04-08,14234.382100365918
2020-04-09,14234.382100365918
2020-04-10,14234.382100365918
2020-04-13,14234.382100365918
2020-04-14,14234.382100365918
2020-04-15,14234.382100365918
2020-04-16,14234.382100365918
2020-04-17,14234.382100365918
2020-04-20,14234.382100365918
2020-04-21,14234.382100365918
2020-04-22,14234.382100365918
2020-04-23,14234.382100365918
2020-04-24,14234.382100365918
2020-04-27,14234.382100365918
2020-04-28,14234.382100365918
2020-04-29,14234.382100365918
2020-04-30,14234.382100365918
2020-05-01,14234.382100365918
2020-05-04,14234.382100365918
2020-05-05,14234.382100365918
2020-05-06,14234.382100365918
2020-05-07,14234.382100365918
2020-05-08,14234.382100365918
2020-05-11,14234.382100365918
2020-05-12,14234.382100365918
2020-05-13,14234.382100365918
2020-05-14,14234.382100365918
2020-05-15,14234.382100365918
2020-05-18,14234.382100365918
2020-05-19,14234.382100365918
2020-05-20,14234.382100365918
2020-05-21,14234.382100365918
2020-05-22,14234.382100365918
2020-05-25,14234.382100365918
2020-05-26,14234.382100365918
2020-05-27,14234.382100365918
2020-05-28,14227.264909315736
2020-05-29,14307.428715759068
2020-06-01,14358.24353035837
2020-06-02,14367.82491947601
2020-06-03,14449.582703610578
2020-06-04,14509.529435397168
2020-06-05,14640.541611607094
2020-06-08,14616.824201247324
2020-06-09,14598.801247112528
2020-06-10,14633.171194182743
2020-06-11,14676.017428065816
2020-06-12,14575.779496062483
2020-06-15,14529.127405417095
2020-06-16,14639.405624552612
2020-06-17,14546.090890307429
2020-06-18,14516.623651893404
2020-06-19,14475.374359585432
2020-06-22,14432.125974857272
2020-06-23,14563.386986563313
2020-06-24,14605.501316367872
2020-06-25,14525.91682090841
2020-06-26,14488.701410784679
2020-06-29,14493.5810658595
2020-06-30,14521.103215413212
2020-07-01,14506.574595678705
2020-07-02,14526.473732504139
2020-07-03,14508.996067227255
2020-07-06,14521.066751967819
2020-07-07,14605.585707453083
2020-07-08,14556.924166641902
2020-07-09,14639.222955362202
2020-07-10,14572.973418943457
2020-07-13,14601.460437482283
2020-07-14,14647.160619206401
2020-07-15,14731.104729846707
2020-07-16,14739.47901664177
2020-07-17,14707.069435466488
2020-07-20,14772.557659355614
2020-07-21,14792.856449127472
2020-07-22,14889.792677049534
2020-07-23,14934.511292656
2020-07-24,14969.798544744192
2020-07-27,15042.536878347875
2020-07-28,15192.448489651822
2020-07-29,15127.145422541367
2020-07-30,15209.624870746276
2020-07-31,15324.575116262786
2020-08-03,15208.033597916574
2020-08-04,15183.505484756122
2020-08-05,15250.631646039741
2020-08-06,15324.509019896594
2020-08-07,15329.239671082067
2020-08-10,15207.745365383977
2020-08-11,15149.619521717788
2020-08-12,15148.01929247206
2020-08-13,15221.747798250153
2020-08-14,15251.091037849172
2020-08-17,15297.47783596545
2020-08-18,15328.332005312954
2020-08-19,15420.176603983879
2020-08-20,15284.89635580703
2020-08-21,15323.776622193662
2020-08-24,15225.837144151703
2020-08-25,15221.345758305566
2020-08-26,15273.498852021694
2020-08-27,15283.444683724394
2020-08-28,15253.608373105371
2020-08-31,15380.338147567143
2020-09-01,15407.124169879125
2020-09-02,15386.719458612539
2020-09-03,15288.516736685693
2020-09-04,15278.738962890375
2020-09-07,15271.865628823729
2020-09-08,15255.427259310964
2020-09-09,15188.845703062649
2020-09-10,15235.399515726145
2020-09-11,15258.621244578768
2020-09-14,15282.274578028646
2020-09-15,15317.426236132893
2020-09-16,15284.370671086792
2020-09-17,15231.419611879279
2020-09-18,15289.058264744868
2020-09-21,15285.616720945363
2020-09-22,15185.237420103484
2020-09-23,15108.093547303873
2020-09-24,15043.665730643983
2020-09-25,15062.6200804071
2020-09-28,15013.643532867018
2020-09-29,15069.648382827145
2020-09-30,15151.000865976173
2020-10-01,15130.378286766016
2020-10-02,15154.703492235561
2020-10-05,15123.054763601871
2020-10-06,15215.6854550421
2020-10-07,15144.79509807682
2020-10-08,15183.241009092952
2020-10-09,15182.633437992985
2020-10-12,15246.798927269112
2020-10-13,15245.89756804354
2020-10-14,15150.181066403611
2020-10-15,15152.494161785184
2020-10-16,15104.877377064267
2020-10-19,15115.669249291941
2020-10-20,15184.35704035835
2020-10-21,15262.831619789265
2020-10-22,15293.919009980582
2020-10-23,15243.60265973845
2020-10-26,15286.706302372473
2020-10-27,15236.257681311403
2020-10-28,15203.544502413872
2020-10-29,15157.749148881137
2020-10-30,15067.19713881315
2020-11-02,15019.936599174049
2020-11-03,15020.811675032563
2020-11-04,15174.089396204698
2020-11-05,15135.941942703721
2020-11-06,15245.017302521206
2020-11-09,15342.069879459987
2020-11-10,15257.095590531771
2020-11-11,15246.091848308966
2020-11-12,15196.351122755419
2020-11-13,15226.114833218453
2020-11-16,15280.018216226834
2020-11-17,15298.309727141848
2020-11-18,15303.753975658625
2020-11-19,15283.069399763719
2020-11-20,15307.35133840169
2020-11-23,15307.35133840169
2020-11-24,15276.685403738898
2020-11-25,15351.042261691058
2020-11-26,15376.163710110837
2020-11-27,15370.996049361363
2020-11-30,15442.374755181632
2020-12-01,15399.360253466064
2020-12-02,15574.07677271092
2020-12-03,15625.874285114642
2020-12-04,15665.868484119814
2020-12-07,15634.50540438985
2020-12-08,15623.895451102728
2020-12-09,15621.058325060938
2020-12-10,15579.492538512986
2020-12-11,15663.799321634871
2020-12-14,15649.747316963714
2020-12-15,15669.716824636507
2020-12-16,15676.686609033839
2020-12-17,15734.985673464264
2020-12-18,15816.20168690915
2020-12-21,15755.998764961985
2020-12-22,15782.775077361035
2020-12-23,15717.82422568241
2020-12-24,15723.954622661104
2020-12-25,15715.329898408465
2020-12-28,15741.587077766266
2020-12-29,15765.236168231182
2020-12-30,15803.24513541542
2020-12-31,15863.67780525504
2021-01-01,15708.6338665128
2021-01-04,15799.202863145123
2021-01-05,15800.365088315128
2021-01-06,15863.015482308381
2021-01-07,15915.58965663076
2021-01-08,15825.494246585218
2021-01-11,15715.184282183025
2021-01-12,15682.260636104475
2021-01-13,15744.286455415777
2021-01-14,15684.331765561421
2021-01-15,15669.84080098615
2021-01-18,15562.249969970455
2021-01-19,15574.085330037735
2021-01-20,15653.285367951234
2021-01-21,15623.291526361216
2021-01-22,15688.48571139819
2021-01-25,15692.551101538587
2021-01-26,15662.597692590585
2021-01-27,15684.185162207363
2021-01-28,15609.318615150287
2021-01-29,15628.603003577282
2021-02-01,15633.52890709445
2021-02-02,15562.234868331434
2021-02-03,15523.9676752748
2021-02-04,15528.266530084282
2021-02-05,15430.401082562948
2021-02-08,15535.828740751795
2021-02-09,15542.045060016379
2021-02-10,15627.423422820844
2021-02-11,15628.995771631617
2021-02-12,15642.262783197257
2021-02-15,15630.1213311185
2021-02-16,15643.142609180999
2021-02-17,15591.852546358365
2021-02-18,15534.397371414816
2021-02-19,15590.888890736429
2021-02-22,15635.255519730985
2021-02-23,15687.311262022708
2021-02-24,15668.40824147475
2021-02-25,15693.179389466637
2021-02-26,15679.052365742888
2021-03-01,15587.421210361077
2021-03-02,15537.7493076436
2021-03-03,15582.00232558897
2021-03-04,15537.060660653427
2021-03-05,15429.774184203772
2021-03-08,15375.39519145089
2021-03-09,15279.79490665714
2021-03-10,15339.235682014843
2021-03-11,15375.48804526152
2021-03-12,15452.69613422868
2021-03-15,15406.091093551104
2021-03-16,15374.825760375554
2021-03-17,15343.688245521349
2021-03-18,15447.94846411232
2021-03-19,15364.504727142397
2021-03-22,15319.157686534789
2021-03-23,15383.369868805174
2021-03-24,15255.54458207141
2021-03-25,15255.54458207141
2021-03-26,15255.54458207141
2021-03-29,15255.54458207141
2021-03-30,15255.54458207141
2021-03-31,15255.54458207141
2021-04-01,15255.54458207141
2021-04-02,15255.54458207141
2021-04-05,15255.54458207141
2021-04-06,15255.54458207141
2021-04-07,15255.54458207141
2021-04-08,15255.54458207141
2021-04-09,15247.916809780376
2021-04-12,15228.488347785542
2021-04-13,15246.621386703993
2021-04-14,15297.023099117105
2021-04-15,15337.856768127329
2021-04-16,15319.483966813114
2021-04-19,15316.550254084805
2021-04-20,15413.286868193672
2021-04-21,15396.773031864868
2021-04-22,15403.628243151708
2021-04-23,15374.173333399216
2021-04-26,15469.970597554524
2021-04-27,15459.499883976016
2021-04-28,15470.542752501851
2021-04-29,15528.804670176985
2021-04-30,15517.500612820906
2021-05-03,15389.875762758
2021-05-04,15432.69435932715
2021-05-05,15373.430630941788
2021-05-06,15364.381408133435
2021-05-07,15441.694716893579
2021-05-10,15572.323982081249
2021-05-11,15533.70772152937
2021-05-12,15538.272041790067
2021-05-13,15453.605476973717
2021-05-14,15452.05579638503
2021-05-17,15545.273369881159
2021-05-18,15553.58638473701
2021-05-19,15639.229536975628
2021-05-20,15573.660342400852
2021-05-21,15640.725397894812
2021-05-24,15586.70545594191
2021-05-25,15626.825231506067
2021-05-26,15670.846389247774
2021-05-27,15598.39854126178
2021-05-28,15599.158014952458
2021-05-31,15595.164832157436
2021-06-01,15649.821007686363
2021-06-02,15630.497053701292
2021-06-03,15620.377962122331
2021-06-04,15521.744174236712
2021-06-07,15566.97048196301
2021-06-08,15599.205338418522
2021-06-09,15572.59827487053
2021-06-10,15584.300017806383
2021-06-11,15572.21098524485
2021-06-14,15492.236203847038
2021-06-15,15507.626585411104
2021-06-16,15513.832132374107
2021-06-17,15336.925008974742
2021-06-18,15336.925008974742
2021-06-21,15336.925008974742
2021-06-22,15336.925008974742
2021-06-23,15336.925008974742
2021-06-24,15336.925008974742
2021-06-25,15336.925008974742
2021-06-28,15336.925008974742
2021-06-29,15336.925008974742
2021-06-30,15336.925008974742
2021-07-01,15336.925008974742
2021-07-02,15336.925008974742
2021-07-05,15336.925008974742
2021-07-06,15336.925008974742
2021-07-07,15336.925008974742
2021-07-08,15336.925008974742
2021-07-09,15336.925008974742
2021-07-12,15336.925008974742
2021-07-13,15336.925008974742
2021-07-14,15336.925008974742
2021-07-15,15336.925008974742
2021-07-16,15336.925008974742
2021-07-19,15336.925008974742
2021-07-20,15336.925008974742
2021-07-21,15336.925008974742
2021-07-22,15336.925008974742
2021-07-23,15336.925008974742
2021-07-26,15336.925008974742
2021-07-27,15336.925008974742
2021-07-28,15336.925008974742
2021-07-29,15336.925008974742
2021-07-30,15336.925008974742
2021-08-02,15336.925008974742
2021-08-03,15336.925008974742
2021-08-04,15336.925008974742
2021-08-05,15336.925008974742
2021-08-06,15336.925008974742
2021-08-09,15336.925008974742
2021-08-10,15336.925008974742
2021-08-11,15336.925008974742
2021-08-12,15336.925008974742
2021-08-13,15336.925008974742
2021-08-16,15336.925008974742
2021-08-17,15336.925008974742
2021-08-18,15336.925008974742
2021-08-19,15336.925008974742
2021-08-20,15336.925008974742
2021-08-23,15336.925008974742
2021-08-24,15336.925008974742
2021-08-25,15336.925008974742
2021-08-26,15336.925008974742
2021-08-27,15336.925008974742
2021-08-30,15336.925008974742
2021-08-31,15336.925008974742
2021-09-01,15336.925008974742
2021-09-02,15336.925008974742
2021-09-03,15336.925008974742
2021-09-06,15336.925008974742
2021-09-07,15336.925008974742
2021-09-08,15336.925008974742
2021-09-09,15336.925008974742
2021-09-10,15336.925008974742
2021-09-13,15336.925008974742
2021-09-14,15336.925008974742
2021-09-15,15336.925008974742
2021-09-16,15336.925008974742
2021-09-17,15336.925008974742
2021-09-20,15336.925008974742
2021-09-21,15336.925008974742
2021-09-22,15336.925008974742
2021-09-23,15336.925008974742
2021-09-24,15336.925008974742
2021-09-27,15336.925008974742
2021-09-28,15336.925008974742
2021-09-29,15336.925008974742
2021-09-30,15336.925008974742
2021-10-01,15336.925008974742
2021-10-04,15336.925008974742
2021-10-05,15336.925008974742
2021-10-06,15336.925008974742
2021-10-07,15336.925008974742
2021-10-08,15336.925008974742
2021-10-11,15336.925008974742
2021-10-12,15336.925008974742
2021-10-13,15336.925008974742
2021-10-14,15336.925008974742
2021-10-15,15336.925008974742
2021-10-18,15336.925008974742
2021-10-19,15336.925008974742
2021-10-20,15336.925008974742
2021-10-21,15336.925008974742
2021-10-22,15336.925008974742
2021-10-25,15336.925008974742
2021-10-26,15336.925008974742
2021-10-27,15336.925008974742
2021-10-28,15336.925008974742
2021-10-29,15336.925008974742
2021-11-01,15336.925008974742
2021-11-02,15336.925008974742
2021-11-03,15336.925008974742
2021-11-04,15336.925008974742
2021-11-05,15336.925008974742
2021-11-08,15336.925008974742
2021-11-09,15336.925008974742
2021-11-10,15336.925008974742
2021-11-11,15336.925008974742
2021-11-12,15336.925008974742
2021-11-15,15336.925008974742
2021-11-16,15336.925008974742
2021-11-17,15336.925008974742
2021-11-18,15336.925008974742
2021-11-19,15336.925008974742
2021-11-22,15336.925008974742
2021-11-23,15336.925008974742
2021-11-24,15336.925008974742
2021-11-25,15336.925008974742
2021-11-26,15336.925008974742
2021-11-29,15336.925008974742
2021-11-30,15336.925008974742
2021-12-01,15336.925008974742
2021-12-02,15336.925008974742
2021-12-03,15336.925008974742
2021-12-06,15336.925008974742
2021-12-07,15336.925008974742
2021-12-08,15336.925008974742
2021-12-09,15336.925008974742
2021-12-10,15336.925008974742
2021-12-13,15336.925008974742
2021-12-14,15336.925008974742
2021-12-15,15336.925008974742
2021-12-16,15336.925008974742
2021-12-17,15336.925008974742
2021-12-20,15336.925008974742
2021-12-21,15336.925008974742
2021-12-22,15336.925008974742
2021-12-23,15336.925008974742
2021-12-24,15336.925008974742
2021-12-27,15336.925008974742
2021-12-28,15336.925008974742
2021-12-29,15336.925008974742
2021-12-30,15336.925008974742
2021-12-31,15336.925008974742
2022-01-03,15336.925008974742
2022-01-04,15336.925008974742
2022-01-05,15336.925008974742
2022-01-06,15336.925008974742
2022-01-07,15336.925008974742
2022-01-10,15336.925008974742
2022-01-11,15336.925008974742
2022-01-12,15336.925008974742
2022-01-13,15336.925008974742
2022-01-14,15336.925008974742
2022-01-17,15336.925008974742
2022-01-18,15336.925008974742
2022-01-19,15336.925008974742
2022-01-20,15336.925008974742
2022-01-21,15336.925008974742
2022-01-24,15336.925008974742
2022-01-25,15336.925008974742
2022-01-26,15336.925008974742
2022-01-27,15336.925008974742
2022-01-28,15336.925008974742
2022-01-31,15336.925008974742
2022-02-01,15336.925008974742
2022-02-02,15336.925008974742
2022-02-03,15336.925008974742
2022-02-04,15336.925008974742
2022-02-07,15336.925008974742
2022-02-08,15336.925008974742
2022-02-09,15336.925008974742
2022-02-10,15336.925008974742
2022-02-11,15336.925008974742
2022-02-14,15336.925008974742
2022-02-15,15336.925008974742
2022-02-16,15336.925008974742
2022-02-17,15336.925008974742
2022-02-18,15336.925008974742
2022-02-21,15336.925008974742
2022-02-22,15336.925008974742
2022-02-23,15336.925008974742
2022-02-24,15336.925008974742
2022-02-25,15336.925008974742
2022-02-28,15336.925008974742
2022-03-01,15336.925008974742
2022-03-02,15336.925008974742
2022-03-03,15336.925008974742
2022-03-04,15336.925008974742
2022-03-07,15336.925008974742
2022-03-08,15336.925008974742
2022-03-09,15336.925008974742
2022-03-10,15336.925008974742
2022-03-11,15336.925008974742
2022-03-14,15336.925008974742
2022-03-15,15336.925008974742
2022-03-16,15336.925008974742
2022-03-17,15336.925008974742
2022-03-18,15336.925008974742
2022-03-21,15336.925008974742
2022-03-22,15336.925008974742
2022-03-23,15336.925008974742
2022-03-24,15336.925008974742
2022-03-25,15336.925008974742
2022-03-28,15336.925008974742
2022-03-29,15336.925008974742
2022-03-30,15336.925008974742
2022-03-31,15336.925008974742
2022-04-01,15336.925008974742
2022-04-04,15336.925008974742
2022-04-05,15336.925008974742
2022-04-06,15336.925008974742
2022-04-07,15336.925008974742
2022-04-08,15336.925008974742
2022-04-11,15336.925008974742
2022-04-12,15336.925008974742
2022-04-13,15336.925008974742
2022-04-14,15336.925008974742
2022-04-15,15336.925008974742
2022-04-18,15336.925008974742
2022-04-19,15336.925008974742
2022-04-20,15336.925008974742
2022-04-21,15336.925008974742
2022-04-22,15336.925008974742
2022-04-25,15336.925008974742
2022-04-26,15336.925008974742
2022-04-27,15336.925008974742
2022-04-28,15336.925008974742
2022-04-29,15336.925008974742
2022-05-02,15336.925008974742
2022-05-03,15336.925008974742
2022-05-04,15336.925008974742
2022-05-05,15336.925008974742
2022-05-06,15336.925008974742
2022-05-09,15336.925008974742
2022-05-10,15336.925008974742
2022-05-11,15336.925008974742
2022-05-12,15336.925008974742
2022-05-13,15336.925008974742
2022-05-16,15336.925008974742
2022-05-17,15336.925008974742
2022-05-18,15336.925008974742
2022-05-19,15336.925008974742
2022-05-20,15336.925008974742
2022-05-23,15336.925008974742
2022-05-24,15336.925008974742
2022-05-25,15336.925008974742
2022-05-26,15336.925008974742
2022-05-27,15336.925008974742
2022-05-30,15336.925008974742
2022-05-31,15336.925008974742
2022-06-01,15336.925008974742
2022-06-02,15336.925008974742
2022-06-03,15336.925008974742
2022-06-06,15336.925008974742
2022-06-07,15336.925008974742
2022-06-08,15336.925008974742
2022-06-09,15336.925008974742
2022-06-10,15336.925008974742
2022-06-13,15336.925008974742
2022-06-14,15336.925008974742
2022-06-15,15336.925008974742
2022-06-16,15336.925008974742
2022-06-17,15336.925008974742
2022-06-20,15336.925008974742
2022-06-21,15336.925008974742
2022-06-22,15336.925008974742
2022-06-23,15336.925008974742
2022-06-24,15336.925008974742
2022-06-27,15336.925008974742
2022-06-28,15336.925008974742
2022-06-29,15336.925008974742
2022-06-30,15336.925008974742
2022-07-01,15336.925008974742
2022-07-04,15336.925008974742
2022-07-05,15336.925008974742
2022-07-06,15336.925008974742
2022-07-07,15336.925008974742
2022-07-08,15336.925008974742
2022-07-11,15336.925008974742
2022-07-12,15336.925008974742
2022-07-13,15336.925008974742
2022-07-14,15336.925008974742
2022-07-15,15336.925008974742
2022-07-18,15336.925008974742
2022-07-19,15336.925008974742
2022-07-20,15336.925008974742
2022-07-21,15336.925008974742
2022-07-22,15336.925008974742
2022-07-25,15336.925008974742
2022-07-26,15336.925008974742
2022-07-27,15336.925008974742
2022-07-28,15336.925008974742
2022-07-29,15336.925008974742
2022-08-01,15336.925008974742
2022-08-02,15336.925008974742
2022-08-03,15336.925008974742
2022-08-04,15336.925008974742
2022-08-05,15336.925008974742
2022-08-08,15336.925008974742
2022-08-09,15336.925008974742
2022-08-10,15336.925008974742
2022-08-11,15336.925008974742
2022-08-12,15336.925008974742
2022-08-15,15336.925008974742
2022-08-16,15336.925008974742
2022-08-17,15336.925008974742
2022-08-18,15336.925008974742
2022-08-19,15336.925008974742
2022-08-22,15336.925008974742
2022-08-23,15336.925008974742
2022-08-24,15336.925008974742
2022-08-25,15336.925008974742
2022-08-26,15336.925008974742
2022-08-29,15336.925008974742
2022-08-30,15336.925008974742
2022-08-31,15336.925008974742
2022-09-01,15336.925008974742
2022-09-02,15336.925008974742
2022-09-05,15336.925008974742
2022-09-06,15336.925008974742
2022-09-07,15336.925008974742
2022-09-08,15336.925008974742
2022-09-09,15336.925008974742
2022-09-12,15336.925008974742
2022-09-13,15336.925008974742
2022-09-14,15336.925008974742
2022-09-15,15336.925008974742
2022-09-16,15336.925008974742
2022-09-19,15336.925008974742
2022-09-20,15336.925008974742
2022-09-21,15336.925008974742
2022-09-22,15336.925008974742
2022-09-23,15336.925008974742
2022-09-26,15336.925008974742
2022-09-27,15336.925008974742
2022-09-28,15336.925008974742
2022-09-29,15336.925008974742
2022-09-30,15336.925008974742
2022-10-03,15336.925008974742
2022-10-04,15336.925008974742
2022-10-05,15336.925008974742
2022-10-06,15336.925008974742
2022-10-07,15336.925008974742
2022-10-10,15336.925008974742
2022-10-11,15336.925008974742
2022-10-12,15336.925008974742
2022-10-13,15336.925008974742
2022-10-14,15336.925008974742
2022-10-17,15336.925008974742
2022-10-18,15336.925008974742
2022-10-19,15336.925008974742
2022-10-20,15336.925008974742
2022-10-21,15336.925008974742
2022-10-24,15336.925008974742
2022-10-25,15336.925008974742
2022-10-26,15336.925008974742
2022-10-27,15336.925008974742
2022-10-28,15336.925008974742
2022-10-31,15336.925008974742
2022-11-01,15336.925008974742
2022-11-02,15336.925008974742
2022-11-03,15336.925008974742
2022-11-04,15336.925008974742
2022-11-07,15336.925008974742
2022-11-08,15336.925008974742
2022-11-09,15336.925008974742
2022-11-10,15336.925008974742
2022-11-11,15336.925008974742
2022-11-14,15336.925008974742
2022-11-15,15336.925008974742
2022-11-16,15336.925008974742
2022-11-17,15336.925008974742
2022-11-18,15336.925008974742
2022-11-21,15336.925008974742
2022-11-22,15336.925008974742
2022-11-23,15336.925008974742
2022-11-24,15336.925008974742
2022-11-25,15336.925008974742
2022-11-28,15336.925008974742
2022-11-29,15336.925008974742
2022-11-30,15336.925008974742
2022-12-01,15336.925008974742
2022-12-02,15336.925008974742
2022-12-05,15336.925008974742
2022-12-06,15336.925008974742
2022-12-07,15336.925008974742
2022-12-08,15329.256546470255
2022-12-09,15396.767922937319
2022-12-12,15342.07530236521
2022-12-13,15370.512853535702
2022-12-14,15493.826726204969
2022-12-15,15566.111866047924
2022-12-16,15513.849069078324
2022-12-19,15432.679937196872
2022-12-20,15475.702387523734
2022-12-21,15493.782983794721
2022-12-22,15469.104175925026
2022-12-23,15459.260333446638
2022-12-26,15552.97688812435
2022-12-27,15512.71107654987
2022-12-28,15508.25597006969
2022-12-29,15496.711425102496
2022-12-30,15542.571593024559
2023-01-02,15613.818220417428
2023-01-03,15567.066610121325
2023-01-04,15375.107364820846
2023-01-05,15461.617340467783
2023-01-06,15338.460704270452
2023-01-09,15532.714143576828
2023-01-10,15644.343877438892
2023-01-11,15652.740970788347
2023-01-12,15692.125216702414
2023-01-13,15828.886115511188
2023-01-16,15776.884739577674
2023-01-17,15784.913308613612
2023-01-18,15731.154730736533
2023-01-19,15737.778291185057
2023-01-20,15790.204019337667
2023-01-23,15835.60442388133
2023-01-24,15849.029207335594
2023-01-25,15869.207236896134
2023-01-26,15918.527850174834
2023-01-27,15878.241327329868
2023-01-30,15844.718694150584
2023-01-31,15814.43070984984
2023-02-01,15829.367248868642
2023-02-02,16049.228078648575
2023-02-03,15891.462614773396
2023-02-06,15724.07426887496
2023-02-07,15636.25824714122
2023-02-08,15634.74867804652
2023-02-09,15614.462415435826
2023-02-10,15652.994674861808
2023-02-13,15558.611601479752
2023-02-14,15635.219432967468
2023-02-15,15642.940185258594
2023-02-16,15578.75195175218
2023-02-17,15540.820640406897
2023-02-20,15568.027294646172
2023-02-21,15565.367770080851
2023-02-22,15520.701891801678
2023-02-23,15453.230864410283
2023-02-24,15441.926173085178
2023-02-27,15378.7216337112
2023-02-28,15460.747811526424
2023-03-01,15411.281626604487
2023-03-02,15544.218297009473
2023-03-03,15443.052864075082
2023-03-06,15481.568572223701
2023-03-07,15571.819482984378
2023-03-08,15370.078881846004
2023-03-09,15368.29527744922
2023-03-10,15419.450529138448
2023-03-13,15562.92420234637
2023-03-14,15623.063641852463
2023-03-15,15626.918229879253
2023-03-16,15415.286487857371
2023-03-17,15460.054090137754
2023-03-20,15554.037597289793
2023-03-21,15612.614608290625
2023-03-22,15692.6471548094
2023-03-23,15832.075994478277
2023-03-24,15780.529111861124
2023-03-27,15697.480201191825
2023-03-28,15739.495004430883
2023-03-29,15786.682811131966
2023-03-30,15792.673178579604
2023-03-31,15881.286215910934
2023-04-03,15733.04566857224
2023-04-04,15890.887303222458
2023-04-05,15960.401425736205
2023-04-06,15877.525523560142
2023-04-07,15901.953885073523
2023-04-10,15892.40686408072
2023-04-11,15827.843308432903
2023-04-12,15897.84539038596
2023-04-13,16017.359654230097
2023-04-14,16096.841198182929
2023-04-17,15997.49920472963
2023-04-18,15908.113280510692
2023-04-19,15980.754059301482
2023-04-20,15946.938835646279
2023-04-21,15974.208412080998
2023-04-24,16005.256745943589
2023-04-25,16102.845819680157
2023-04-26,15984.319893077853
2023-04-27,16084.30528590694
2023-04-28,16062.110373364689
2023-05-01,16031.306441574228
2023-05-02,15970.522603334788
2023-05-03,16031.075975329657
2023-05-04,16115.318922062836
2023-05-05,16048.21046857008
2023-05-08,16042.020266228614
2023-05-09,16009.175898206622
2023-05-10,15963.294989898146
2023-05-11,15991.50050617517
2023-05-12,15886.454171289115
2023-05-15,15799.669447599397
2023-05-16,15830.219108600504
2023-05-17,15818.519386378393
2023-05-18,15778.693839442943
2023-05-19,15686.783228078144
2023-05-22,15755.562344477752
2023-05-23,15738.51990635487
2023-05-24,15678.232130641236
2023-05-25,15660.175165545417
2023-05-26,15612.23744537729
2023-05-29,15610.2277173189
2023-05-30,15587.812763009211
2023-05-31,15624.74520685316
2023-06-01,15569.500175336054
2023-06-02,15664.706847735564
2023-06-05,15573.945661812637
2023-06-06,15593.117881239023
2023-06-07,15573.088055930937
2023-06-08,15586.754666665369
2023-06-09,15695.951662102241
2023-06-12,15649.64689527392
2023-06-13,15667.154672172643
2023-06-14,15705.479810533172
2023-06-15,15783.451000692725
2023-06-16,15932.53104654262
2023-06-19,15926.951505228197
2023-06-20,15901.00524202983
2023-06-21,15895.274693448526
2023-06-22,16000.117358314972
2023-06-23,15950.944702137742
2023-06-26,15874.73695026581
2023-06-27,15880.279625805022
2023-06-28,15948.169288311663
2023-06-29,15887.820083340284
2023-06-30,15818.08222141908
2023-07-03,15875.43272387786
2023-07-04,15883.57319370633
2023-07-05,15842.545478878463
2023-07-06,15801.211602669538
2023-07-07,15850.695204617308
2023-07-10,15965.3858782296
2023-07-11,16018.014594996423
2023-07-12,16029.828839533842
2023-07-13,16218.613672061743
2023-07-14,16333.067965809701
2023-07-17,16339.303400177496
2023-07-18,16353.617944039743
2023-07-19,16340.943757277102
2023-07-20,16306.48199552908
2023-07-21,16207.023329451331
2023-07-24,16189.88343895077
2023-07-25,16099.179091517088
2023-07-26,16080.667457695494
2023-07-27,16121.233407853646
2023-07-28,15975.621782242564
2023-07-31,16041.705616930296
2023-08-01,16002.845867760736
2023-08-02,16017.812293294379
2023-08-03,15924.808915460273
2023-08-04,15935.618813717485
2023-08-07,16009.78790517756
2023-08-08,16010.49213418623
2023-08-09,15945.969020863713
2023-08-10,15973.2531306311
2023-08-11,15979.040361225101
2023-08-14,15924.735763610952
2023-08-15,15874.445971603061
2023-08-16,15866.135269109433
2023-08-17,15823.459871590161
2023-08-18,15823.116426893257
2023-08-21,15824.493599939355
2023-08-22,15857.571570454802
2023-08-23,15782.226281480684
2023-08-24,15809.983775148748
2023-08-25,15704.802885537574
2023-08-28,15704.802885537574
2023-08-29,15696.950484094807
2023-08-30,15760.121710751635
2023-08-31,15851.69086210114
2023-09-01,15722.931680277665
2023-09-04,15615.814026049675
2023-09-05,15615.814026049675
2023-09-06,15615.814026049675
2023-09-07,15615.814026049675
2023-09-08,15615.814026049675
2023-09-11,15615.814026049675
2023-09-12,15615.814026049675
2023-09-13,15615.814026049675
2023-09-14,15615.814026049675
2023-09-15,15615.814026049675
2023-09-18,15615.814026049675
2023-09-19,15615.814026049675
2023-09-20,15615.814026049675
2023-09-21,15615.814026049675
2023-09-22,15615.814026049675
2023-09-25,15615.814026049675
2023-09-26,15615.814026049675
2023-09-27,15615.814026049675
2023-09-28,15615.814026049675
2023-09-29,15615.814026049675
2023-10-02,15615.814026049675
2023-10-03,15615.814026049675
2023-10-04,15615.814026049675
2023-10-05,15615.814026049675
2023-10-06,15615.814026049675
2023-10-09,15615.814026049675
2023-10-10,15615.814026049675
2023-10-11,15615.814026049675
2023-10-12,15615.814026049675
2023-10-13,15615.814026049675
2023-10-16,15615.814026049675
2023-10-17,15615.814026049675
2023-10-18,15615.814026049675
2023-10-19,15615.814026049675
2023-10-20,15615.814026049675
2023-10-23,15615.814026049675
2023-10-24,15615.814026049675
2023-10-25,15615.814026049675
2023-10-26,15615.814026049675
2023-10-27,15615.814026049675
2023-10-30,15615.814026049675
2023-10-31,15615.814026049675
2023-11-01,15615.814026049675
2023-11-02,15615.814026049675
2023-11-03,15615.814026049675
2023-11-06,15615.814026049675
2023-11-07,15615.814026049675
2023-11-08,15615.814026049675
2023-11-09,15615.814026049675
2023-11-10,15615.814026049675
2023-11-13,15615.814026049675
2023-11-14,15615.814026049675
2023-11-15,15608.00611903665
2023-11-16,15573.916705626674
2023-11-17,15572.733071556646
2023-11-20,15648.978262521328
2023-11-21,15704.720684586116
2023-11-22,15664.890722301881
2023-11-23,15625.60259781713
2023-11-24,15647.741028297289
2023-11-27,15696.624927062296
2023-11-28,15722.405882273652
2023-11-29,15790.437539786264
2023-11-30,15744.102089883076
2023-12-01,15626.540454179563
2023-12-04,15620.92465148328
2023-12-05,15548.467470171341
2023-12-06,15477.293658448329
2023-12-07,15477.293658448329
2023-12-08,15477.293658448329
2023-12-11,15477.293658448329
2023-12-12,15477.293658448329
2023-12-13,15477.293658448329
2023-12-14,15469.555011619106
2023-12-15,15621.527298818017
2023-12-18,15481.163513579986
2023-12-19,15521.696836269139
2023-12-20,15602.785970740346
2023-12-21,15552.494953730897
2023-12-22,15638.189115509133
2023-12-25,15667.131217166363
2023-12-26,15658.149874847959
2023-12-27,15690.450936616757
2023-12-28,15783.42619206499
2023-12-29,15725.847132746445
2024-01-01,15708.276594368248
2024-01-02,15683.981414404794
2024-01-03,15545.569793647197
2024-01-04,15525.68181941027
2024-01-05,15553.531281612364
2024-01-08,15546.211214095028
2024-01-09,15559.654826505333
2024-01-10,15532.244076486668
2024-01-11,15592.813262010672
2024-01-12,15602.056174016716
2024-01-15,15550.910497463965
2024-01-16,15550.910497463965
2024-01-17,15455.544298038474
2024-01-18,15465.46567723475
2024-01-19,15456.04124657011
2024-01-22,15474.717262291424
2024-01-23,15457.534523259235
2024-01-24,15425.780638972465
2024-01-25,15459.651095336561
2024-01-26,15410.271591233704
2024-01-29,15397.552606381543
2024-01-30,15397.552606381543
2024-01-31,15397.552606381543
2024-02-01,15397.552606381543
2024-02-02,15389.853830078353
2024-02-05,15247.688406901707
2024-02-06,15247.688406901707
2024-02-07,15247.688406901707
2024-02-08,15247.688406901707
2024-02-09,15247.688406901707
2024-02-12,15247.688406901707
2024-02-13,15247.688406901707
2024-02-14,15247.688406901707
2024-02-15,15247.688406901707
2024-02-16,15247.688406901707
2024-02-19,15247.688406901707
2024-02-20,15247.688406901707
2024-02-21,15247.688406901707
2024-02-22,15247.688406901707
2024-02-23,15247.688406901707
2024-02-26,15247.688406901707
2024-02-27,15240.064562698257
2024-02-28,15231.468022822695
2024-02-29,15223.045706086516
2024-03-01,15167.823463457018
2024-03-04,15160.23955172529
2024-03-05,15177.674069676268
2024-03-06,15178.8274386553
2024-03-07,15239.588191702836
2024-03-08,15310.180417856558
2024-03-11,15300.124945041465
2024-03-12,15283.89219249585
2024-03-13,15278.881123435309
2024-03-14,15317.331269559469
2024-03-15,15216.476989128834
2024-03-18,15215.3169165506
2024-03-19,15203.235159175732
2024-03-20,15188.362528265849
2024-03-21,15291.340086114324
2024-03-22,15186.335298481257
2024-03-25,15101.90148025831
2024-03-26,15101.90148025831
2024-03-27,15101.90148025831
2024-03-28,15101.90148025831
2024-03-29,15101.90148025831
2024-04-01,15101.90148025831
2024-04-02,15101.90148025831
2024-04-03,15101.90148025831
2024-04-04,15094.350529518182
2024-04-05,15092.550760904402
2024-04-08,15075.847342386376
2024-04-09,15068.309418715184
2024-04-10,15062.253165756993
2024-04-11,14890.743550137346
2024-04-12,14890.743550137346
2024-04-15,14890.743550137346
2024-04-16,14890.743550137346
2024-04-17,14890.743550137346
2024-04-18,14890.743550137346
2024-04-19,14890.743550137346
2024-04-22,14890.743550137346
2024-04-23,14890.743550137346
2024-04-24,14890.743550137346
2024-04-25,14890.743550137346
2024-04-26,14890.743550137346
2024-04-29,14890.743550137346
2024-04-30,14890.743550137346
2024-05-01,14890.743550137346
2024-05-02,14890.743550137346
2024-05-03,14890.743550137346
2024-05-06,14890.743550137346
2024-05-07,14890.743550137346
2024-05-08,14890.743550137346
2024-05-09,14890.743550137346
2024-05-10,14890.743550137346
2024-05-13,14890.743550137346
2024-05-14,14883.298178362278
2024-05-15,14912.241747238812
2024-05-16,15015.649471492696
2024-05-17,14985.26702747025
2024-05-20,14995.855548249763
2024-05-21,14975.646949270727
2024-05-22,14967.842089578813
2024-05-23,14926.46630774806
2024-05-24,14909.188908784081
2024-05-27,14957.305368751513
2024-05-28,14976.95137893408
2024-05-29,14963.129529394011
2024-05-30,14893.955001515056
2024-05-31,14940.199384208814
2024-06-03,14964.501357560199
2024-06-04,15039.233940693599
2024-06-05,15004.006628763007
2024-06-06,14993.888087892665
2024-06-07,15021.304030397625
2024-06-10,14853.622069404695
2024-06-11,14853.622069404695
2024-06-12,14853.622069404695
2024-06-13,14846.195258369993
2024-06-14,14736.38381630579
2024-06-17,14736.38381630579
2024-06-18,14736.38381630579
2024-06-19,14736.38381630579
2024-06-20,14736.38381630579
2024-06-21,14736.38381630579
2024-06-24,14736.38381630579
2024-06-25,14736.38381630579
2024-06-26,14736.38381630579
2024-06-27,14736.38381630579
2024-06-28,14736.38381630579
2024-07-01,14736.38381630579
2024-07-02,14736.38381630579
2024-07-03,14736.38381630579
2024-07-04,14736.38381630579
2024-07-05,14729.015624397638
2024-07-08,14749.890840364713
2024-07-09,14756.598735583031
2024-07-10,14734.558625343387
2024-07-11,14759.757051453846
2024-07-12,14813.420680342097
2024-07-15,14830.826197877797
2024-07-16,14852.637072098725
2024-07-17,14853.931459964078
2024-07-18,14905.195142204775
2024-07-19,14852.455571222603
2024-07-22,14849.216710784549
2024-07-23,14836.435836950497
2024-07-24,14783.053987336687
2024-07-25,14767.823315548714
2024-07-26,14783.839759878694
2024-07-29,14787.209410389833
2024-07-30,14733.024241409932
2024-07-31,14733.024241409932
2024-08-01,14733.024241409932
2024-08-02,14733.024241409932
2024-08-05,14725.657729289227
2024-08-06,14779.740930209407
2024-08-07,14746.276969837047
2024-08-08,14748.854164831338
2024-08-09,14732.102686417467
2024-08-12,14729.528260730374
2024-08-13,14759.781034184001
2024-08-14,14841.52307925515
2024-08-15,14863.409782815332
2024-08-16,14808.672716024472
2024-08-19,14879.036600255065
2024-08-20,14961.77921857895
2024-08-21,15017.617414202745
2024-08-22,15054.594723875987
2024-08-23,15002.957872346122
2024-08-26,15098.162792914693
2024-08-27,15066.775963181655
2024-08-28,15084.61908614218
2024-08-29,15012.958811500193
2024-08-30,14952.785188138108
2024-09-02,14904.649538192865
2024-09-03,14935.135188774175
2024-09-04,14910.031460785389
2024-09-05,14952.594352676928
2024-09-06,14993.907594324915
2024-09-09,14961.622210273148
2024-09-10,14894.423857597854
2024-09-11,14872.082241770286
2024-09-12,14858.484544674653
2024-09-13,14948.576730131423
2024-09-16,14962.825525257513
2024-09-17,15018.17694244581
2024-09-18,15009.487945970408
2024-09-19,14998.30717590155
2024-09-20,15061.788236446677
2024-09-23,15060.27447441397
2024-09-24,14993.859040817615
2024-09-25,15100.702007786338
2024-09-26,15019.296921974736
2024-09-27,15081.448171297256
2024-09-30,15071.507586563419
2024-10-01,15026.626434957516
2024-10-02,14928.21421432131
2024-10-03,14907.418468293708
2024-10-04,14889.969383386668
2024-10-07,14807.383074850726
2024-10-08,14809.007499820831
2024-10-09,14809.007499820831
2024-10-10,14765.187006930182
2024-10-11,14752.42670257676
2024-10-14,14740.979947916741
2024-10-15,14719.092389227175
2024-10-16,14685.250964112933
2024-10-17,14648.688152625264
2024-10-18,14648.688152625264
2024-10-21,14648.688152625264
2024-10-22,14648.688152625264
2024-10-23,14648.688152625264
2024-10-24,14648.688152625264
2024-10-25,14648.688152625264
2024-10-28,14648.688152625264
2024-10-29,14648.688152625264
2024-10-30,14648.688152625264
2024-10-31,14648.688152625264
2024-11-01,14641.363808548951
2024-11-04,14625.753658786734
2024-11-05,14625.117130346955
2024-11-06,14706.130515955409
2024-11-07,14425.396029579806
2024-11-08,14425.396029579806
2024-11-11,14425.396029579806
2024-11-12,14425.396029579806
2024-11-13,14425.396029579806
2024-11-14,14425.396029579806
2024-11-15,14425.396029579806
2024-11-18,14425.396029579806
2024-11-19,14425.396029579806
2024-11-20,14425.396029579806
2024-11-21,14425.396029579806
2024-11-22,14425.396029579806
2024-11-25,14425.396029579806
2024-11-26,14425.396029579806
2024-11-27,14425.396029579806
2024-11-28,14425.396029579806
2024-11-29,14425.396029579806
2024-12-02,14425.396029579806
2024-12-03,14425.396029579806
2024-12-04,14425.396029579806
2024-12-05,14425.396029579806
2024-12-06,14425.396029579806
2024-12-09,14425.396029579806
2024-12-10,14425.396029579806
2024-12-11,14425.396029579806
2024-12-12,14425.396029579806
2024-12-13,14425.396029579806
2024-12-16,14425.396029579806
2024-12-17,14425.396029579806
2024-12-18,14425.396029579806
2024-12-19,14425.396029579806
2024-12-20,14425.396029579806
2024-12-23,14425.396029579806
2024-12-24,14425.396029579806
2024-12-25,14425.396029579806
2024-12-26,14425.396029579806
2024-12-27,14425.396029579806
2024-12-30,14425.396029579806
2024-12-31,14425.396029579806
