Date,Equity
2004-09-03,10000.0
2004-09-06,10000.0
2004-09-07,10000.0
2004-09-08,10000.0
2004-09-09,10000.0
2004-09-10,10000.0
2004-09-13,10000.0
2004-09-14,10000.0
2004-09-15,10000.0
2004-09-16,10000.0
2004-09-17,10000.0
2004-09-20,10000.0
2004-09-21,10000.0
2004-09-22,10000.0
2004-09-23,10000.0
2004-09-24,10000.0
2004-09-27,10000.0
2004-09-28,10000.0
2004-09-29,10000.0
2004-09-30,9995.0
2004-10-01,9974.727647748334
2004-10-04,9974.727647748334
2004-10-05,9974.727647748334
2004-10-06,9974.727647748334
2004-10-07,9974.727647748334
2004-10-08,9969.74028392446
2004-10-11,9943.868536794243
2004-10-12,9943.868536794243
2004-10-13,9943.868536794243
2004-10-14,9943.868536794243
2004-10-15,9938.896602525847
2004-10-18,9941.992277750216
2004-10-19,9941.992277750216
2004-10-20,9941.992277750216
2004-10-21,9941.992277750216
2004-10-22,9941.992277750216
2004-10-25,9937.021281611342
2004-10-26,9896.344761465516
2004-10-27,9896.344761465516
2004-10-29,9896.344761465516
2004-11-01,9896.344761465516
2004-11-02,9896.344761465516
2004-11-03,9896.344761465516
2004-11-04,9896.344761465516
2004-11-05,9896.344761465516
2004-11-08,9896.344761465516
2004-11-09,9896.344761465516
2004-11-10,9896.344761465516
2004-11-11,9896.344761465516
2004-11-12,9896.344761465516
2004-11-15,9896.344761465516
2004-11-16,9896.344761465516
2004-11-17,9896.344761465516
2004-11-18,9896.344761465516
2004-11-19,9896.344761465516
2004-11-22,9896.344761465516
2004-11-23,9896.344761465516
2004-11-24,9896.344761465516
2004-11-25,9896.344761465516
2004-11-26,9896.344761465516
2004-11-29,9896.344761465516
2004-11-30,9896.344761465516
2004-12-01,9896.344761465516
2004-12-02,9896.344761465516
2004-12-03,9891.396589084783
2004-12-06,9834.905019615311
2004-12-07,9834.905019615311
2004-12-08,9834.905019615311
2004-12-09,9834.905019615311
2004-12-10,9834.905019615311
2004-12-13,9834.905019615311
2004-12-14,9834.905019615311
2004-12-15,9834.905019615311
2004-12-16,9834.905019615311
2004-12-17,9834.905019615311
2004-12-20,9834.905019615311
2004-12-21,9834.905019615311
2004-12-22,9834.905019615311
2004-12-23,9829.987567105503
2004-12-24,9843.952564208605
2004-12-27,9843.952564208605
2004-12-28,9843.952564208605
2004-12-29,9843.952564208605
2004-12-30,9843.952564208605
2004-12-31,9843.952564208605
2005-01-03,9843.952564208605
2005-01-04,9843.952564208605
2005-01-05,9843.952564208605
2005-01-06,9843.952564208605
2005-01-07,9843.952564208605
2005-01-10,9843.952564208605
2005-01-11,9843.952564208605
2005-01-12,9839.030587926502
2005-01-13,9800.778545565296
2005-01-14,9800.778545565296
2005-01-17,9800.778545565296
2005-01-18,9800.778545565296
2005-01-19,9800.778545565296
2005-01-20,9800.778545565296
2005-01-21,9800.778545565296
2005-01-24,9800.778545565296
2005-01-25,9800.778545565296
2005-01-26,9800.778545565296
2005-01-27,9800.778545565296
2005-01-28,9800.778545565296
2005-01-31,9800.778545565296
2005-02-01,9800.778545565296
2005-02-02,9800.778545565296
2005-02-03,9800.778545565296
2005-02-04,9800.778545565296
2005-02-07,9800.778545565296
2005-02-08,9800.778545565296
2005-02-09,9800.778545565296
2005-02-10,9800.778545565296
2005-02-11,9800.778545565296
2005-02-14,9795.878156292514
2005-02-15,9824.076553744815
2005-02-16,9824.076553744815
2005-02-17,9824.076553744815
2005-02-18,9824.076553744815
2005-02-21,9824.076553744815
2005-02-22,9819.164515467943
2005-02-23,9771.248955871268
2005-02-24,9771.248955871268
2005-02-25,9771.248955871268
2005-02-28,9771.248955871268
2005-03-01,9771.248955871268
2005-03-02,9771.248955871268
2005-03-03,9771.248955871268
2005-03-04,9766.363331393333
2005-03-07,9742.997527517351
2005-03-08,9738.126028753593
2005-03-09,9751.47722921214
2005-03-10,9751.47722921214
2005-03-11,9751.47722921214
2005-03-14,9751.47722921214
2005-03-15,9751.47722921214
2005-03-16,9746.601490597533
2005-03-17,9718.489549058744
2005-03-18,9718.489549058744
2005-03-21,9718.489549058744
2005-03-22,9718.489549058744
2005-03-23,9718.489549058744
2005-03-24,9718.489549058744
2005-03-25,9718.489549058744
2005-03-28,9718.489549058744
2005-03-29,9718.489549058744
2005-03-30,9718.489549058744
2005-03-31,9718.489549058744
2005-04-01,9718.489549058744
2005-04-04,9718.489549058744
2005-04-05,9718.489549058744
2005-04-06,9718.489549058744
2005-04-07,9718.489549058744
2005-04-08,9718.489549058744
2005-04-11,9718.489549058744
2005-04-12,9718.489549058744
2005-04-13,9718.489549058744
2005-04-14,9718.489549058744
2005-04-15,9718.489549058744
2005-04-18,9713.630304284216
2005-04-19,9743.864208271665
2005-04-20,9743.864208271665
2005-04-21,9743.864208271665
2005-04-22,9743.864208271665
2005-04-25,9743.864208271665
2005-04-26,9743.864208271665
2005-04-27,9743.864208271665
2005-04-28,9743.864208271665
2005-04-29,9743.864208271665
2005-05-02,9743.864208271665
2005-05-03,9743.864208271665
2005-05-04,9743.864208271665
2005-05-05,9743.864208271665
2005-05-06,9743.864208271665
2005-05-09,9743.864208271665
2005-05-10,9743.864208271665
2005-05-11,9743.864208271665
2005-05-12,9743.864208271665
2005-05-13,9743.864208271665
2005-05-16,9743.864208271665
2005-05-17,9743.864208271665
2005-05-18,9743.864208271665
2005-05-19,9743.864208271665
2005-05-20,9743.864208271665
2005-05-23,9743.864208271665
2005-05-24,9743.864208271665
2005-05-25,9743.864208271665
2005-05-26,9743.864208271665
2005-05-27,9743.864208271665
2005-05-30,9743.864208271665
2005-05-31,9743.864208271665
2005-06-01,9743.864208271665
2005-06-02,9743.864208271665
2005-06-03,9743.864208271665
2005-06-06,9743.864208271665
2005-06-07,9743.864208271665
2005-06-08,9743.864208271665
2005-06-09,9743.864208271665
2005-06-10,9743.864208271665
2005-06-13,9743.864208271665
2005-06-14,9743.864208271665
2005-06-15,9743.864208271665
2005-06-16,9743.864208271665
2005-06-17,9743.864208271665
2005-06-20,9743.864208271665
2005-06-21,9743.864208271665
2005-06-22,9743.864208271665
2005-06-23,9743.864208271665
2005-06-24,9743.864208271665
2005-06-27,9743.864208271665
2005-06-28,9743.864208271665
2005-06-29,9743.864208271665
2005-06-30,9743.864208271665
2005-07-01,9743.864208271665
2005-07-04,9743.864208271665
2005-07-05,9743.864208271665
2005-07-06,9743.864208271665
2005-07-07,9743.864208271665
2005-07-08,9743.864208271665
2005-07-11,9743.864208271665
2005-07-12,9743.864208271665
2005-07-13,9743.864208271665
2005-07-14,9743.864208271665
2005-07-15,9743.864208271665
2005-07-18,9743.864208271665
2005-07-19,9743.864208271665
2005-07-20,9743.864208271665
2005-07-21,9743.864208271665
2005-07-22,9743.864208271665
2005-07-25,9743.864208271665
2005-07-26,9743.864208271665
2005-07-27,9743.864208271665
2005-07-28,9743.864208271665
2005-07-29,9743.864208271665
2005-08-01,9743.864208271665
2005-08-02,9743.864208271665
2005-08-03,9743.864208271665
2005-08-04,9743.864208271665
2005-08-05,9743.864208271665
2005-08-08,9743.864208271665
2005-08-09,9743.864208271665
2005-08-10,9743.864208271665
2005-08-11,9743.864208271665
2005-08-12,9743.864208271665
2005-08-15,9743.864208271665
2005-08-16,9743.864208271665
2005-08-17,9743.864208271665
2005-08-18,9743.864208271665
2005-08-19,9743.864208271665
2005-08-22,9743.864208271665
2005-08-23,9743.864208271665
2005-08-24,9743.864208271665
2005-08-25,9743.864208271665
2005-08-26,9743.864208271665
2005-08-29,9743.864208271665
2005-08-30,9743.864208271665
2005-08-31,9743.864208271665
2005-09-01,9738.99227616753
2005-09-02,9767.631171752593
2005-09-05,9767.631171752593
2005-09-06,9767.631171752593
2005-09-07,9767.631171752593
2005-09-08,9767.631171752593
2005-09-09,9767.631171752593
2005-09-12,9767.631171752593
2005-09-13,9767.631171752593
2005-09-14,9767.631171752593
2005-09-15,9767.631171752593
2005-09-16,9767.631171752593
2005-09-19,9767.631171752593
2005-09-20,9767.631171752593
2005-09-22,9767.631171752593
2005-09-23,9767.631171752593
2005-09-26,9767.631171752593
2005-09-27,9767.631171752593
2005-09-28,9767.631171752593
2005-09-29,9767.631171752593
2005-09-30,9767.631171752593
2005-10-03,9767.631171752593
2005-10-04,9767.631171752593
2005-10-05,9767.631171752593
2005-10-06,9767.631171752593
2005-10-07,9767.631171752593
2005-10-10,9767.631171752593
2005-10-11,9767.631171752593
2005-10-12,9767.631171752593
2005-10-13,9767.631171752593
2005-10-14,9767.631171752593
2005-10-17,9767.631171752593
2005-10-18,9767.631171752593
2005-10-19,9767.631171752593
2005-10-20,9767.631171752593
2005-10-21,9767.631171752593
2005-10-24,9767.631171752593
2005-10-25,9767.631171752593
2005-10-26,9767.631171752593
2005-10-27,9767.631171752593
2005-10-28,9767.631171752593
2005-10-31,9767.631171752593
2005-11-01,9767.631171752593
2005-11-02,9767.631171752593
2005-11-03,9767.631171752593
2005-11-04,9767.631171752593
2005-11-07,9767.631171752593
2005-11-08,9767.631171752593
2005-11-09,9767.631171752593
2005-11-10,9767.631171752593
2005-11-11,9767.631171752593
2005-11-14,9767.631171752593
2005-11-15,9767.631171752593
2005-11-16,9767.631171752593
2005-11-17,9767.631171752593
2005-11-18,9767.631171752593
2005-11-21,9767.631171752593
2005-11-22,9767.631171752593
2005-11-23,9767.631171752593
2005-11-24,9767.631171752593
2005-11-25,9767.631171752593
2005-11-28,9767.631171752593
2005-11-29,9767.631171752593
2005-11-30,9767.631171752593
2005-12-01,9767.631171752593
2005-12-02,9767.631171752593
2005-12-05,9767.631171752593
2005-12-06,9767.631171752593
2005-12-07,9767.631171752593
2005-12-08,9767.631171752593
2005-12-09,9767.631171752593
2005-12-12,9767.631171752593
2005-12-13,9767.631171752593
2005-12-14,9767.631171752593
2005-12-15,9767.631171752593
2005-12-16,9767.631171752593
2005-12-19,9767.631171752593
2005-12-20,9767.631171752593
2005-12-21,9767.631171752593
2005-12-22,9767.631171752593
2005-12-23,9767.631171752593
2005-12-26,9767.631171752593
2005-12-27,9767.631171752593
2005-12-28,9767.631171752593
2005-12-29,9767.631171752593
2005-12-30,9767.631171752593
2006-01-02,9767.631171752593
2006-01-03,9767.631171752593
2006-01-04,9767.631171752593
2006-01-05,9767.631171752593
2006-01-06,9767.631171752593
2006-01-09,9767.631171752593
2006-01-10,9767.631171752593
2006-01-11,9767.631171752593
2006-01-12,9767.631171752593
2006-01-13,9767.631171752593
2006-01-16,9767.631171752593
2006-01-17,9767.631171752593
2006-01-18,9767.631171752593
2006-01-19,9767.631171752593
2006-01-20,9767.631171752593
2006-01-23,9762.747356166718
2006-01-24,9726.804211965196
2006-01-25,9726.804211965196
2006-01-26,9726.804211965196
2006-01-27,9726.804211965196
2006-01-30,9726.804211965196
2006-01-31,9726.804211965196
2006-02-01,9726.804211965196
2006-02-02,9726.804211965196
2006-02-03,9726.804211965196
2006-02-06,9726.804211965196
2006-02-07,9726.804211965196
2006-02-08,9726.804211965196
2006-02-09,9726.804211965196
2006-02-10,9726.804211965196
2006-02-13,9726.804211965196
2006-02-14,9726.804211965196
2006-02-15,9726.804211965196
2006-02-16,9726.804211965196
2006-02-17,9726.804211965196
2006-02-20,9726.804211965196
2006-02-21,9726.804211965196
2006-02-22,9726.804211965196
2006-02-23,9726.804211965196
2006-02-24,9726.804211965196
2006-02-27,9726.804211965196
2006-02-28,9726.804211965196
2006-03-01,9726.804211965196
2006-03-02,9726.804211965196
2006-03-03,9726.804211965196
2006-03-06,9726.804211965196
2006-03-07,9726.804211965196
2006-03-08,9726.804211965196
2006-03-09,9726.804211965196
2006-03-10,9726.804211965196
2006-03-13,9726.804211965196
2006-03-14,9726.804211965196
2006-03-15,9726.804211965196
2006-03-16,9721.940809859214
2006-03-17,9730.701666120756
2006-03-20,9730.701666120756
2006-03-21,9730.701666120756
2006-03-22,9730.701666120756
2006-03-23,9730.701666120756
2006-03-24,9730.701666120756
2006-03-27,9730.701666120756
2006-03-28,9730.701666120756
2006-03-29,9730.701666120756
2006-03-30,9725.836315287697
2006-03-31,9678.579900157063
2006-04-03,9678.579900157063
2006-04-04,9673.740610206985
2006-04-05,9690.988699010268
2006-04-06,9690.988699010268
2006-04-07,9690.988699010268
2006-04-10,9690.988699010268
2006-04-11,9690.988699010268
2006-04-12,9690.988699010268
2006-04-13,9690.988699010268
2006-04-14,9690.988699010268
2006-04-17,9686.143204660762
2006-04-18,9775.096204895388
2006-04-19,9778.916794824258
2006-04-20,9778.916794824258
2006-04-21,9778.916794824258
2006-04-24,9778.916794824258
2006-04-25,9778.916794824258
2006-04-26,9778.916794824258
2006-04-27,9778.916794824258
2006-04-28,9774.027336426845
2006-05-01,9725.763061811747
2006-05-02,9725.763061811747
2006-05-03,9725.763061811747
2006-05-04,9725.763061811747
2006-05-05,9725.763061811747
2006-05-08,9725.763061811747
2006-05-09,9725.763061811747
2006-05-10,9725.763061811747
2006-05-11,9725.763061811747
2006-05-12,9725.763061811747
2006-05-15,9725.763061811747
2006-05-16,9725.763061811747
2006-05-17,9725.763061811747
2006-05-18,9725.763061811747
2006-05-19,9725.763061811747
2006-05-22,9725.763061811747
2006-05-23,9725.763061811747
2006-05-24,9725.763061811747
2006-05-25,9725.763061811747
2006-05-26,9725.763061811747
2006-05-29,9725.763061811747
2006-05-30,9725.763061811747
2006-05-31,9725.763061811747
2006-06-01,9725.763061811747
2006-06-02,9725.763061811747
2006-06-05,9725.763061811747
2006-06-06,9725.763061811747
2006-06-07,9725.763061811747
2006-06-08,9725.763061811747
2006-06-09,9725.763061811747
2006-06-12,9725.763061811747
2006-06-13,9725.763061811747
2006-06-14,9725.763061811747
2006-06-15,9725.763061811747
2006-06-16,9725.763061811747
2006-06-19,9725.763061811747
2006-06-20,9725.763061811747
2006-06-21,9725.763061811747
2006-06-22,9725.763061811747
2006-06-23,9725.763061811747
2006-06-26,9725.763061811747
2006-06-27,9725.763061811747
2006-06-28,9725.763061811747
2006-06-29,9720.900180280842
2006-06-30,9811.806947270541
2006-07-03,9820.707094406773
2006-07-04,9820.707094406773
2006-07-05,9820.707094406773
2006-07-06,9820.707094406773
2006-07-07,9820.707094406773
2006-07-10,9820.707094406773
2006-07-11,9820.707094406773
2006-07-12,9820.707094406773
2006-07-13,9820.707094406773
2006-07-14,9820.707094406773
2006-07-17,9820.707094406773
2006-07-18,9820.707094406773
2006-07-19,9815.79674085957
2006-07-20,9837.26508407571
2006-07-21,9837.26508407571
2006-07-24,9837.26508407571
2006-07-25,9837.26508407571
2006-07-26,9832.346451533673
2006-07-27,9814.313752921169
2006-07-28,9814.313752921169
2006-07-31,9814.313752921169
2006-08-01,9814.313752921169
2006-08-02,9814.313752921169
2006-08-03,9814.313752921169
2006-08-04,9814.313752921169
2006-08-07,9814.313752921169
2006-08-08,9814.313752921169
2006-08-09,9809.40659604471
2006-08-10,9741.807908460985
2006-08-11,9741.807908460985
2006-08-14,9741.807908460985
2006-08-15,9741.807908460985
2006-08-16,9741.807908460985
2006-08-17,9741.807908460985
2006-08-18,9741.807908460985
2006-08-21,9741.807908460985
2006-08-22,9741.807908460985
2006-08-23,9741.807908460985
2006-08-24,9741.807908460985
2006-08-25,9741.807908460985
2006-08-28,9741.807908460985
2006-08-29,9741.807908460985
2006-08-30,9741.807908460985
2006-08-31,9741.807908460985
2006-09-01,9741.807908460985
2006-09-04,9741.807908460985
2006-09-05,9741.807908460985
2006-09-06,9741.807908460985
2006-09-07,9741.807908460985
2006-09-08,9741.807908460985
2006-09-11,9741.807908460985
2006-09-12,9741.807908460985
2006-09-13,9741.807908460985
2006-09-14,9741.807908460985
2006-09-15,9741.807908460985
2006-09-18,9741.807908460985
2006-09-19,9741.807908460985
2006-09-20,9741.807908460985
2006-09-21,9736.937004506755
2006-09-22,9746.514962038807
2006-09-25,9746.514962038807
2006-09-26,9746.514962038807
2006-09-27,9746.514962038807
2006-09-28,9746.514962038807
2006-09-29,9746.514962038807
2006-10-02,9741.64170455779
2006-10-03,9731.435026054027
2006-10-04,9731.435026054027
2006-10-05,9731.435026054027
2006-10-06,9731.435026054027
2006-10-09,9731.435026054027
2006-10-10,9731.435026054027
2006-10-11,9731.435026054027
2006-10-12,9731.435026054027
2006-10-13,9731.435026054027
2006-10-16,9731.435026054027
2006-10-17,9731.435026054027
2006-10-18,9731.435026054027
2006-10-19,9726.569308541
2006-10-20,9713.235024468293
2006-10-23,9713.235024468293
2006-10-24,9713.235024468293
2006-10-25,9713.235024468293
2006-10-26,9708.378406956059
2006-10-27,9740.93785913651
2006-10-30,9740.93785913651
2006-10-31,9740.93785913651
2006-11-01,9740.93785913651
2006-11-02,9740.93785913651
2006-11-03,9740.93785913651
2006-11-06,9740.93785913651
2006-11-07,9740.93785913651
2006-11-08,9740.93785913651
2006-11-09,9736.067390206941
2006-11-10,9747.454915737751
2006-11-13,9747.454915737751
2006-11-14,9747.454915737751
2006-11-15,9747.454915737751
2006-11-16,9747.454915737751
2006-11-17,9747.454915737751
2006-11-20,9747.454915737751
2006-11-21,9747.454915737751
2006-11-22,9742.581188279883
2006-11-23,9747.548058610564
2006-11-24,9742.674284581259
2006-11-27,9773.436570027958
2006-11-28,9773.436570027958
2006-11-29,9773.436570027958
2006-11-30,9768.549851742944
2006-12-01,9834.65945139161
2006-12-04,9826.069001881202
2006-12-05,9826.069001881202
2006-12-06,9826.069001881202
2006-12-07,9826.069001881202
2006-12-08,9821.155967380262
2006-12-11,9710.788454913183
2006-12-12,9710.788454913183
2006-12-13,9710.788454913183
2006-12-14,9710.788454913183
2006-12-15,9710.788454913183
2006-12-18,9710.788454913183
2006-12-19,9710.788454913183
2006-12-20,9710.788454913183
2006-12-21,9710.788454913183
2006-12-22,9710.788454913183
2006-12-25,9710.788454913183
2006-12-26,9710.788454913183
2006-12-27,9710.788454913183
2006-12-28,9710.788454913183
2006-12-29,9710.788454913183
2007-01-01,9710.788454913183
2007-01-02,9710.788454913183
2007-01-03,9710.788454913183
2007-01-04,9710.788454913183
2007-01-05,9710.788454913183
2007-01-08,9710.788454913183
2007-01-09,9710.788454913183
2007-01-10,9710.788454913183
2007-01-11,9710.788454913183
2007-01-12,9710.788454913183
2007-01-15,9710.788454913183
2007-01-16,9710.788454913183
2007-01-17,9710.788454913183
2007-01-18,9710.788454913183
2007-01-19,9710.788454913183
2007-01-22,9710.788454913183
2007-01-23,9710.788454913183
2007-01-24,9710.788454913183
2007-01-25,9710.788454913183
2007-01-26,9710.788454913183
2007-01-29,9710.788454913183
2007-01-30,9710.788454913183
2007-01-31,9710.788454913183
2007-02-01,9710.788454913183
2007-02-02,9710.788454913183
2007-02-05,9710.788454913183
2007-02-06,9710.788454913183
2007-02-07,9710.788454913183
2007-02-08,9710.788454913183
2007-02-09,9710.788454913183
2007-02-12,9710.788454913183
2007-02-13,9705.933060685727
2007-02-14,9785.950160051576
2007-02-15,9777.4573367613
2007-02-16,9777.4573367613
2007-02-19,9777.4573367613
2007-02-20,9777.4573367613
2007-02-21,9777.4573367613
2007-02-22,9777.4573367613
2007-02-23,9777.4573367613
2007-02-26,9777.4573367613
2007-02-27,9777.4573367613
2007-02-28,9777.4573367613
2007-03-01,9777.4573367613
2007-03-02,9777.4573367613
2007-03-05,9777.4573367613
2007-03-06,9777.4573367613
2007-03-07,9777.4573367613
2007-03-08,9777.4573367613
2007-03-09,9777.4573367613
2007-03-12,9772.568608092919
2007-03-13,9769.229865771857
2007-03-14,9769.229865771857
2007-03-15,9769.229865771857
2007-03-16,9769.229865771857
2007-03-19,9769.229865771857
2007-03-20,9769.229865771857
2007-03-21,9764.345250838971
2007-03-22,9711.955706952225
2007-03-23,9711.955706952225
2007-03-26,9711.955706952225
2007-03-27,9711.955706952225
2007-03-28,9711.955706952225
2007-03-29,9711.955706952225
2007-03-30,9711.955706952225
2007-04-02,9711.955706952225
2007-04-03,9711.955706952225
2007-04-04,9711.955706952225
2007-04-05,9711.955706952225
2007-04-06,9711.955706952225
2007-04-09,9711.955706952225
2007-04-10,9707.099729098749
2007-04-11,9707.985560645817
2007-04-12,9707.985560645817
2007-04-13,9707.985560645817
2007-04-16,9707.985560645817
2007-04-17,9707.985560645817
2007-04-18,9707.985560645817
2007-04-19,9707.985560645817
2007-04-20,9707.985560645817
2007-04-23,9707.985560645817
2007-04-24,9707.985560645817
2007-04-25,9707.985560645817
2007-04-26,9707.985560645817
2007-04-27,9703.131567865494
2007-04-30,9696.160354863212
2007-05-01,9696.160354863212
2007-05-02,9696.160354863212
2007-05-03,9696.160354863212
2007-05-04,9696.160354863212
2007-05-07,9696.160354863212
2007-05-08,9696.160354863212
2007-05-09,9696.160354863212
2007-05-10,9696.160354863212
2007-05-11,9696.160354863212
2007-05-14,9696.160354863212
2007-05-15,9696.160354863212
2007-05-16,9696.160354863212
2007-05-17,9696.160354863212
2007-05-18,9696.160354863212
2007-05-21,9696.160354863212
2007-05-22,9696.160354863212
2007-05-23,9696.160354863212
2007-05-24,9696.160354863212
2007-05-25,9696.160354863212
2007-05-28,9696.160354863212
2007-05-29,9696.160354863212
2007-05-30,9696.160354863212
2007-05-31,9696.160354863212
2007-06-01,9696.160354863212
2007-06-04,9696.160354863212
2007-06-05,9696.160354863212
2007-06-06,9696.160354863212
2007-06-07,9696.160354863212
2007-06-08,9696.160354863212
2007-06-11,9696.160354863212
2007-06-12,9696.160354863212
2007-06-13,9696.160354863212
2007-06-14,9696.160354863212
2007-06-15,9691.31227468578
2007-06-18,9713.213267427253
2007-06-19,9713.213267427253
2007-06-20,9713.213267427253
2007-06-21,9713.213267427253
2007-06-22,9708.356660793539
2007-06-25,9701.410276333982
2007-06-26,9701.410276333982
2007-06-27,9701.410276333982
2007-06-28,9701.410276333982
2007-06-29,9696.559571195816
2007-07-02,9767.167660040748
2007-07-03,9745.784049024423
2007-07-04,9745.784049024423
2007-07-05,9745.784049024423
2007-07-06,9745.784049024423
2007-07-09,9745.784049024423
2007-07-10,9740.911156999911
2007-07-11,9731.75192360084
2007-07-12,9731.75192360084
2007-07-13,9731.75192360084
2007-07-16,9731.75192360084
2007-07-17,9731.75192360084
2007-07-18,9731.75192360084
2007-07-19,9731.75192360084
2007-07-20,9731.75192360084
2007-07-23,9731.75192360084
2007-07-24,9731.75192360084
2007-07-25,9731.75192360084
2007-07-26,9731.75192360084
2007-07-27,9731.75192360084
2007-07-30,9726.88604763904
2007-07-31,9693.655810409773
2007-08-01,9693.655810409773
2007-08-02,9693.655810409773
2007-08-03,9688.808982504568
2007-08-06,9690.913666246859
2007-08-07,9690.913666246859
2007-08-08,9690.913666246859
2007-08-09,9690.913666246859
2007-08-10,9690.913666246859
2007-08-13,9690.913666246859
2007-08-14,9690.913666246859
2007-08-15,9690.913666246859
2007-08-16,9690.913666246859
2007-08-17,9690.913666246859
2007-08-20,9690.913666246859
2007-08-21,9690.913666246859
2007-08-22,9686.068209413736
2007-08-23,9686.21327263452
2007-08-24,9681.370165998203
2007-08-27,9655.910554484022
2007-08-28,9655.910554484022
2007-08-29,9655.910554484022
2007-08-30,9655.910554484022
2007-08-31,9655.910554484022
2007-09-03,9655.910554484022
2007-09-04,9655.910554484022
2007-09-05,9655.910554484022
2007-09-06,9655.910554484022
2007-09-07,9655.910554484022
2007-09-11,9655.910554484022
2007-09-12,9655.910554484022
2007-09-13,9655.910554484022
2007-09-14,9655.910554484022
2007-09-17,9655.910554484022
2007-09-18,9651.08259920678
2007-09-19,9638.70341549253
2007-09-20,9633.884063784784
2007-09-21,9638.02364128588
2007-09-24,9638.02364128588
2007-09-25,9638.02364128588
2007-09-26,9638.02364128588
2007-09-27,9638.02364128588
2007-09-28,9633.204629465237
2007-10-01,9608.8946761556
2007-10-02,9608.8946761556
2007-10-03,9608.8946761556
2007-10-04,9608.8946761556
2007-10-05,9608.8946761556
2007-10-08,9608.8946761556
2007-10-09,9608.8946761556
2007-10-10,9608.8946761556
2007-10-11,9608.8946761556
2007-10-12,9608.8946761556
2007-10-15,9608.8946761556
2007-10-16,9608.8946761556
2007-10-17,9608.8946761556
2007-10-18,9608.8946761556
2007-10-19,9608.8946761556
2007-10-22,9608.8946761556
2007-10-23,9608.8946761556
2007-10-24,9608.8946761556
2007-10-25,9608.8946761556
2007-10-26,9608.8946761556
2007-10-29,9608.8946761556
2007-10-30,9608.8946761556
2007-10-31,9608.8946761556
2007-11-01,9608.8946761556
2007-11-02,9608.8946761556
2007-11-05,9608.8946761556
2007-11-06,9608.8946761556
2007-11-07,9608.8946761556
2007-11-08,9608.8946761556
2007-11-09,9608.8946761556
2007-11-12,9608.8946761556
2007-11-13,9604.090228817522
2007-11-14,9618.404591873485
2007-11-15,9618.404591873485
2007-11-16,9618.404591873485
2007-11-19,9618.404591873485
2007-11-20,9613.59538957755
2007-11-21,9624.91661195139
2007-11-22,9624.91661195139
2007-11-23,9624.91661195139
2007-11-27,9624.91661195139
2007-11-28,9624.91661195139
2007-11-29,9624.91661195139
2007-11-30,9624.91661195139
2007-12-03,9624.91661195139
2007-12-04,9624.91661195139
2007-12-05,9624.91661195139
2007-12-06,9624.91661195139
2007-12-07,9624.91661195139
2007-12-10,9624.91661195139
2007-12-11,9624.91661195139
2007-12-12,9624.91661195139
2007-12-13,9624.91661195139
2007-12-14,9624.91661195139
2007-12-17,9624.91661195139
2007-12-19,9624.91661195139
2007-12-20,9624.91661195139
2007-12-21,9624.91661195139
2007-12-24,9624.91661195139
2007-12-25,9624.91661195139
2007-12-26,9624.91661195139
2007-12-27,9620.104153645416
2007-12-28,9683.579054369044
2007-12-31,9683.579054369044
2008-01-01,9683.579054369044
2008-01-02,9683.579054369044
2008-01-03,9683.579054369044
2008-01-04,9683.579054369044
2008-01-07,9683.579054369044
2008-01-08,9678.73726484186
2008-01-09,9093.07004831358
2008-01-10,9093.07004831358
2008-01-11,9093.07004831358
2008-01-14,9093.07004831358
2008-01-15,9093.07004831358
2008-01-16,9093.07004831358
2008-01-17,9093.07004831358
2008-01-18,9093.07004831358
2008-01-21,9093.07004831358
2008-01-22,9093.07004831358
2008-01-23,9093.07004831358
2008-01-24,9093.07004831358
2008-01-25,9093.07004831358
2008-01-28,9093.07004831358
2008-01-29,9093.07004831358
2008-01-30,9093.07004831358
2008-01-31,9093.07004831358
2008-02-01,9093.07004831358
2008-02-04,9093.07004831358
2008-02-05,9093.07004831358
2008-02-06,9093.07004831358
2008-02-07,9093.07004831358
2008-02-08,9088.523513289425
2008-02-11,8437.578211413065
2008-02-12,8437.578211413065
2008-02-13,8437.578211413065
2008-02-14,8437.578211413065
2008-02-15,8437.578211413065
2008-02-18,8437.578211413065
2008-02-19,8437.578211413065
2008-02-20,8437.578211413065
2008-02-21,8437.578211413065
2008-02-22,8437.578211413065
2008-02-25,8437.578211413065
2008-02-26,8437.578211413065
2008-02-27,8437.578211413065
2008-02-28,8437.578211413065
2008-02-29,8437.578211413065
2008-03-03,8437.578211413065
2008-03-04,8437.578211413065
2008-03-05,8437.578211413065
2008-03-06,8437.578211413065
2008-03-07,8437.578211413065
2008-03-10,8437.578211413065
2008-03-11,8437.578211413065
2008-03-12,8433.35942230736
2008-03-13,8473.555279616727
2008-03-14,8473.555279616727
2008-03-17,8473.555279616727
2008-03-18,8473.555279616727
2008-03-19,8473.555279616727
2008-03-20,8473.555279616727
2008-03-21,8473.555279616727
2008-03-24,8473.555279616727
2008-03-25,8473.555279616727
2008-03-26,8473.555279616727
2008-03-27,8473.555279616727
2008-03-28,8473.555279616727
2008-03-31,8473.555279616727
2008-04-02,8473.555279616727
2008-04-03,8473.555279616727
2008-04-04,8473.555279616727
2008-04-07,8473.555279616727
2008-04-08,8473.555279616727
2008-04-09,8469.318501976919
2008-04-10,8421.105916491659
2008-04-11,8421.105916491659
2008-04-14,8421.105916491659
2008-04-15,8421.105916491659
2008-04-16,8416.895363533413
2008-04-17,8383.055127194477
2008-04-18,8383.055127194477
2008-04-21,8378.86359963088
2008-04-22,8414.633552881183
2008-04-23,8414.633552881183
2008-04-24,8414.633552881183
2008-04-25,8414.633552881183
2008-04-28,8414.633552881183
2008-04-29,8414.633552881183
2008-04-30,8414.633552881183
2008-05-02,8414.633552881183
2008-05-05,8414.633552881183
2008-05-06,8414.633552881183
2008-05-07,8414.633552881183
2008-05-08,8414.633552881183
2008-05-09,8414.633552881183
2008-05-12,8414.633552881183
2008-05-13,8414.633552881183
2008-05-14,8414.633552881183
2008-05-15,8414.633552881183
2008-05-16,8410.426236104744
2008-05-19,8369.443195891776
2008-05-20,8369.443195891776
2008-05-21,8369.443195891776
2008-05-22,8369.443195891776
2008-05-23,8369.443195891776
2008-05-26,8369.443195891776
2008-05-27,8369.443195891776
2008-05-28,8369.443195891776
2008-05-29,8369.443195891776
2008-05-30,8369.443195891776
2008-06-02,8369.443195891776
2008-06-03,8369.443195891776
2008-06-04,8369.443195891776
2008-06-05,8365.25847429383
2008-06-06,8469.843223925658
2008-06-09,8389.343968409834
2008-06-10,8389.343968409834
2008-06-11,8389.343968409834
2008-06-12,8389.343968409834
2008-06-13,8389.343968409834
2008-06-16,8389.343968409834
2008-06-17,8389.343968409834
2008-06-18,8389.343968409834
2008-06-19,8389.343968409834
2008-06-20,8389.343968409834
2008-06-23,8389.343968409834
2008-06-24,8389.343968409834
2008-06-25,8389.343968409834
2008-06-26,8389.343968409834
2008-06-27,8389.343968409834
2008-06-30,8389.343968409834
2008-07-02,8385.149296425629
2008-07-03,8286.429873567819
2008-07-04,8286.429873567819
2008-07-07,8286.429873567819
2008-07-08,8286.429873567819
2008-07-09,8282.286658631036
2008-07-10,8303.991252658996
2008-07-11,8303.991252658996
2008-07-14,8303.991252658996
2008-07-15,8303.991252658996
2008-07-16,8303.991252658996
2008-07-17,8303.991252658996
2008-07-18,8303.991252658996
2008-07-21,8303.991252658996
2008-07-22,8303.991252658996
2008-07-23,8303.991252658996
2008-07-24,8303.991252658996
2008-07-25,8303.991252658996
2008-07-28,8303.991252658996
2008-07-29,8303.991252658996
2008-07-30,8303.991252658996
2008-07-31,8303.991252658996
2008-08-08,8303.991252658996
2008-08-26,8303.991252658996
2008-08-27,8303.991252658996
2008-08-28,8303.991252658996
2008-08-29,8303.991252658996
2008-09-01,8303.991252658996
2008-09-02,8303.991252658996
2008-09-03,8303.991252658996
2008-09-04,8303.991252658996
2008-09-05,8303.991252658996
2008-09-08,8299.839257032667
2008-09-09,7782.975725082593
2008-09-10,7782.975725082593
2008-09-11,7782.975725082593
2008-09-12,7782.975725082593
2008-09-15,7782.975725082593
2008-09-16,7782.975725082593
2008-09-17,7782.975725082593
2008-09-18,7782.975725082593
2008-09-19,7782.975725082593
2008-09-22,7779.084237220052
2008-09-23,7720.828140041351
2008-09-24,7720.828140041351
2008-09-25,7720.828140041351
2008-09-26,7720.828140041351
2008-09-29,7720.828140041351
2008-09-30,7720.828140041351
2008-10-01,7720.828140041351
2008-10-02,7720.828140041351
2008-10-03,7720.828140041351
2008-10-06,7720.828140041351
2008-10-07,7720.828140041351
2008-10-08,7716.967725971331
2008-10-09,6978.00244849288
2008-10-10,6978.00244849288
2008-10-13,6978.00244849288
2008-10-14,6978.00244849288
2008-10-15,6978.00244849288
2008-10-16,6978.00244849288
2008-10-17,6978.00244849288
2008-10-20,6978.00244849288
2008-10-21,6978.00244849288
2008-10-22,6978.00244849288
2008-10-23,6978.00244849288
2008-10-24,6978.00244849288
2008-10-27,6978.00244849288
2008-10-28,6978.00244849288
2008-10-29,6978.00244849288
2008-10-30,6978.00244849288
2008-10-31,6978.00244849288
2008-11-03,6978.00244849288
2008-11-04,6978.00244849288
2008-11-05,6978.00244849288
2008-11-06,6978.00244849288
2008-11-07,6978.00244849288
2008-11-10,6978.00244849288
2008-11-11,6978.00244849288
2008-11-12,6978.00244849288
2008-11-13,6978.00244849288
2008-11-14,6978.00244849288
2008-11-17,6978.00244849288
2008-11-18,6978.00244849288
2008-11-19,6978.00244849288
2008-11-20,6978.00244849288
2008-11-21,6978.00244849288
2008-11-24,6978.00244849288
2008-11-25,6978.00244849288
2008-11-26,6978.00244849288
2008-11-27,6978.00244849288
2008-11-28,6978.00244849288
2008-12-01,6978.00244849288
2008-12-02,6978.00244849288
2008-12-03,6978.00244849288
2008-12-04,6978.00244849288
2008-12-05,6978.00244849288
2008-12-08,6974.513447268634
2008-12-09,5971.413550878455
2008-12-10,5971.413550878455
2008-12-11,5971.413550878455
2008-12-12,5971.413550878455
2008-12-15,5971.413550878455
2008-12-16,5971.413550878455
2008-12-17,5971.413550878455
2008-12-18,5971.413550878455
2008-12-19,5971.413550878455
2008-12-22,5971.413550878455
2008-12-23,5971.413550878455
2008-12-24,5971.413550878455
2008-12-25,5971.413550878455
2008-12-26,5971.413550878455
2008-12-29,5971.413550878455
2008-12-30,5971.413550878455
2008-12-31,5971.413550878455
2009-01-01,5971.413550878455
2009-01-02,5971.413550878455
2009-01-05,5971.413550878455
2009-01-06,5971.413550878455
2009-01-07,5971.413550878455
2009-01-08,5971.413550878455
2009-01-09,5971.413550878455
2009-01-12,5971.413550878455
2009-01-13,5971.413550878455
2009-01-14,5971.413550878455
2009-01-15,5971.413550878455
2009-01-16,5971.413550878455
2009-01-19,5971.413550878455
2009-01-20,5971.413550878455
2009-01-21,5971.413550878455
2009-01-22,5971.413550878455
2009-01-23,5971.413550878455
2009-01-26,5971.413550878455
2009-01-27,5971.413550878455
2009-01-28,5971.413550878455
2009-01-29,5971.413550878455
2009-01-30,5971.413550878455
2009-02-02,5971.413550878455
2009-02-03,5971.413550878455
2009-02-04,5971.413550878455
2009-02-05,5971.413550878455
2009-02-06,5971.413550878455
2009-02-09,5971.413550878455
2009-02-10,5971.413550878455
2009-02-11,5971.413550878455
2009-02-12,5971.413550878455
2009-02-13,5971.413550878455
2009-02-16,5971.413550878455
2009-02-17,5971.413550878455
2009-02-18,5971.413550878455
2009-02-19,5971.413550878455
2009-02-20,5971.413550878455
2009-02-23,5971.413550878455
2009-02-24,5971.413550878455
2009-02-25,5971.413550878455
2009-02-26,5971.413550878455
2009-02-27,5971.413550878455
2009-03-02,5971.413550878455
2009-03-03,5971.413550878455
2009-03-04,5971.413550878455
2009-03-05,5971.413550878455
2009-03-06,5971.413550878455
2009-03-09,5971.413550878455
2009-03-10,5971.413550878455
2009-03-11,5971.413550878455
2009-03-12,5971.413550878455
2009-03-13,5971.413550878455
2009-03-16,5971.413550878455
2009-03-17,5971.413550878455
2009-03-18,5971.413550878455
2009-03-19,5971.413550878455
2009-03-20,5971.413550878455
2009-03-23,5971.413550878455
2009-03-24,5971.413550878455
2009-03-25,5971.413550878455
2009-03-26,5971.413550878455
2009-03-27,5971.413550878455
2009-03-30,5971.413550878455
2009-03-31,5971.413550878455
2009-04-01,5971.413550878455
2009-04-02,5971.413550878455
2009-04-03,5971.413550878455
2009-04-06,5971.413550878455
2009-04-07,5971.413550878455
2009-04-08,5971.413550878455
2009-04-09,5971.413550878455
2009-04-10,5971.413550878455
2009-04-13,5971.413550878455
2009-04-14,5971.413550878455
2009-04-15,5971.413550878455
2009-04-16,5971.413550878455
2009-04-17,5971.413550878455
2009-04-20,5971.413550878455
2009-04-21,5971.413550878455
2009-04-22,5971.413550878455
2009-04-23,5971.413550878455
2009-04-24,5971.413550878455
2009-04-27,5971.413550878455
2009-04-28,5971.413550878455
2009-04-29,5971.413550878455
2009-04-30,5971.413550878455
2009-05-01,5971.413550878455
2009-05-04,5971.413550878455
2009-05-05,5971.413550878455
2009-05-06,5971.413550878455
2009-05-07,5971.413550878455
2009-05-08,5971.413550878455
2009-05-11,5971.413550878455
2009-05-12,5971.413550878455
2009-05-13,5971.413550878455
2009-05-14,5971.413550878455
2009-05-15,5971.413550878455
2009-05-18,5971.413550878455
2009-05-19,5971.413550878455
2009-05-20,5971.413550878455
2009-05-21,5971.413550878455
2009-05-22,5971.413550878455
2009-05-25,5971.413550878455
2009-05-26,5971.413550878455
2009-05-27,5971.413550878455
2009-05-28,5971.413550878455
2009-05-29,5971.413550878455
2009-06-01,5971.413550878455
2009-06-02,5971.413550878455
2009-06-03,5971.413550878455
2009-06-04,5971.413550878455
2009-06-05,5971.413550878455
2009-06-08,5971.413550878455
2009-06-09,5971.413550878455
2009-06-10,5971.413550878455
2009-06-11,5971.413550878455
2009-06-12,5971.413550878455
2009-06-15,5971.413550878455
2009-06-16,5971.413550878455
2009-06-17,5971.413550878455
2009-06-18,5971.413550878455
2009-06-19,5971.413550878455
2009-06-22,5971.413550878455
2009-06-23,5971.413550878455
2009-06-24,5971.413550878455
2009-06-25,5971.413550878455
2009-06-26,5971.413550878455
2009-06-29,5971.413550878455
2009-06-30,5971.413550878455
2009-07-01,5971.413550878455
2009-07-02,5971.413550878455
2009-07-03,5971.413550878455
2009-07-06,5971.413550878455
2009-07-07,5971.413550878455
2009-07-08,5971.413550878455
2009-07-09,5971.413550878455
2009-07-10,5971.413550878455
2009-07-13,5971.413550878455
2009-07-14,5971.413550878455
2009-07-15,5971.413550878455
2009-07-16,5971.413550878455
2009-07-17,5971.413550878455
2009-07-20,5971.413550878455
2009-07-21,5971.413550878455
2009-07-22,5971.413550878455
2009-07-23,5971.413550878455
2009-07-24,5971.413550878455
2009-07-27,5971.413550878455
2009-07-28,5971.413550878455
2009-07-29,5971.413550878455
2009-07-30,5971.413550878455
2009-07-31,5971.413550878455
2009-08-03,5968.427844103016
2009-08-04,5968.627036311519
2009-08-05,5968.627036311519
2009-08-06,5968.627036311519
2009-08-07,5968.627036311519
2009-08-10,5968.627036311519
2009-08-11,5968.627036311519
2009-08-12,5968.627036311519
2009-08-13,5968.627036311519
2009-08-14,5968.627036311519
2009-08-17,5968.627036311519
2009-08-18,5968.627036311519
2009-08-19,5965.642722793364
2009-08-20,5965.211837681131
2009-08-21,5965.211837681131
2009-08-24,5965.211837681131
2009-08-25,5965.211837681131
2009-08-26,5965.211837681131
2009-08-27,5962.229231762291
2009-08-28,5953.851599218102
2009-08-31,5953.851599218102
2009-09-01,5953.851599218102
2009-09-02,5953.851599218102
2009-09-03,5953.851599218102
2009-09-04,5953.851599218102
2009-09-07,5953.851599218102
2009-09-08,5950.874673418493
2009-09-09,5965.878848837384
2009-09-10,5965.878848837384
2009-09-11,5965.878848837384
2009-09-14,5965.878848837384
2009-09-15,5965.878848837384
2009-09-16,5965.878848837384
2009-09-17,5965.878848837384
2009-09-18,5965.878848837384
2009-09-21,5965.878848837384
2009-09-22,5962.895909412966
2009-09-23,5925.216916594883
2009-09-24,5925.216916594883
2009-09-25,5925.216916594883
2009-09-28,5925.216916594883
2009-09-29,5925.216916594883
2009-09-30,5922.254308136586
2009-10-01,5862.80195502996
2009-10-02,5859.870554052445
2009-10-05,5887.89481851088
2009-10-06,5909.688695647049
2009-10-07,5909.688695647049
2009-10-08,5909.688695647049
2009-10-09,5909.688695647049
2009-10-12,5909.688695647049
2009-10-13,5909.688695647049
2009-10-14,5906.7338512992255
2009-10-15,5913.225367733679
2009-10-16,5913.225367733679
2009-10-19,5913.225367733679
2009-10-20,5913.225367733679
2009-10-21,5910.268755049813
2009-10-22,5921.077580105415
2009-10-23,5921.077580105415
2009-10-26,5921.077580105415
2009-10-27,5921.077580105415
2009-10-28,5921.077580105415
2009-10-29,5918.117041315363
2009-10-30,5872.279525585059
2009-11-02,5872.279525585059
2009-11-03,5872.279525585059
2009-11-04,5869.343385822267
2009-11-05,5869.988136192172
2009-11-06,5869.988136192172
2009-11-09,5867.053142124076
2009-11-10,5856.992140888197
2009-11-11,5856.992140888197
2009-11-12,5856.992140888197
2009-11-13,5856.992140888197
2009-11-16,5856.992140888197
2009-11-17,5856.992140888197
2009-11-18,5856.992140888197
2009-11-19,5856.992140888197
2009-11-20,5856.992140888197
2009-11-23,5856.992140888197
2009-11-24,5856.992140888197
2009-11-25,5854.063644817754
2009-11-26,5790.872986893599
2009-11-27,5790.872986893599
2009-11-30,5790.872986893599
2009-12-01,5790.872986893599
2009-12-02,5790.872986893599
2009-12-03,5790.872986893599
2009-12-04,5790.872986893599
2009-12-07,5790.872986893599
2009-12-08,5790.872986893599
2009-12-09,5790.872986893599
2009-12-10,5790.872986893599
2009-12-11,5790.872986893599
2009-12-14,5790.872986893599
2009-12-15,5790.872986893599
2009-12-16,5790.872986893599
2009-12-17,5790.872986893599
2009-12-18,5790.872986893599
2009-12-21,5790.872986893599
2009-12-22,5790.872986893599
2009-12-23,5790.872986893599
2009-12-24,5790.872986893599
2009-12-25,5790.872986893599
2009-12-28,5790.872986893599
2009-12-29,5790.872986893599
2009-12-30,5790.872986893599
2009-12-31,5790.872986893599
2010-01-01,5790.872986893599
2010-01-04,5790.872986893599
2010-01-05,5790.872986893599
2010-01-06,5790.872986893599
2010-01-07,5790.872986893599
2010-01-08,5790.872986893599
2010-01-11,5790.872986893599
2010-01-12,5790.872986893599
2010-01-13,5790.872986893599
2010-01-14,5790.872986893599
2010-01-15,5790.872986893599
2010-01-18,5790.872986893599
2010-01-19,5790.872986893599
2010-01-20,5790.872986893599
2010-01-21,5790.872986893599
2010-01-22,5790.872986893599
2010-01-25,5790.872986893599
2010-01-26,5790.872986893599
2010-01-27,5790.872986893599
2010-01-28,5790.872986893599
2010-01-29,5790.872986893599
2010-02-01,5790.872986893599
2010-02-02,5790.872986893599
2010-02-03,5790.872986893599
2010-02-04,5790.872986893599
2010-02-05,5790.872986893599
2010-02-08,5790.872986893599
2010-02-09,5787.977550400153
2010-02-10,5772.9710205905985
2010-02-11,5772.9710205905985
2010-02-12,5772.9710205905985
2010-02-15,5772.9710205905985
2010-02-16,5770.084535080304
2010-02-17,5699.6769041911575
2010-02-18,5699.6769041911575
2010-02-19,5699.6769041911575
2010-02-22,5699.6769041911575
2010-02-23,5699.6769041911575
2010-02-24,5699.6769041911575
2010-02-25,5699.6769041911575
2010-02-26,5699.6769041911575
2010-03-01,5699.6769041911575
2010-03-02,5699.6769041911575
2010-03-03,5699.6769041911575
2010-03-04,5699.6769041911575
2010-03-05,5699.6769041911575
2010-03-08,5699.6769041911575
2010-03-09,5699.6769041911575
2010-03-10,5699.6769041911575
2010-03-11,5699.6769041911575
2010-03-12,5699.6769041911575
2010-03-15,5699.6769041911575
2010-03-16,5699.6769041911575
2010-03-17,5699.6769041911575
2010-03-18,5699.6769041911575
2010-03-19,5699.6769041911575
2010-03-22,5699.6769041911575
2010-03-23,5699.6769041911575
2010-03-24,5699.6769041911575
2010-03-25,5699.6769041911575
2010-03-26,5699.6769041911575
2010-03-29,5699.6769041911575
2010-03-30,5699.6769041911575
2010-03-31,5699.6769041911575
2010-04-01,5699.6769041911575
2010-04-02,5699.6769041911575
2010-04-05,5699.6769041911575
2010-04-06,5699.6769041911575
2010-04-07,5699.6769041911575
2010-04-08,5699.6769041911575
2010-04-09,5699.6769041911575
2010-04-12,5699.6769041911575
2010-04-13,5699.6769041911575
2010-04-14,5699.6769041911575
2010-04-15,5699.6769041911575
2010-04-16,5699.6769041911575
2010-04-19,5699.6769041911575
2010-04-20,5699.6769041911575
2010-04-21,5699.6769041911575
2010-04-22,5699.6769041911575
2010-04-23,5699.6769041911575
2010-04-26,5699.6769041911575
2010-04-27,5699.6769041911575
2010-04-28,5699.6769041911575
2010-04-29,5699.6769041911575
2010-04-30,5699.6769041911575
2010-05-03,5699.6769041911575
2010-05-04,5699.6769041911575
2010-05-05,5699.6769041911575
2010-05-06,5699.6769041911575
2010-05-07,5699.6769041911575
2010-05-10,5699.6769041911575
2010-05-11,5699.6769041911575
2010-05-12,5699.6769041911575
2010-05-13,5699.6769041911575
2010-05-14,5699.6769041911575
2010-05-17,5699.6769041911575
2010-05-18,5699.6769041911575
2010-05-19,5699.6769041911575
2010-05-20,5699.6769041911575
2010-05-21,5699.6769041911575
2010-05-24,5699.6769041911575
2010-05-25,5699.6769041911575
2010-05-26,5699.6769041911575
2010-05-27,5699.6769041911575
2010-05-28,5699.6769041911575
2010-05-31,5699.6769041911575
2010-06-01,5699.6769041911575
2010-06-02,5699.6769041911575
2010-06-03,5699.6769041911575
2010-06-04,5699.6769041911575
2010-06-07,5699.6769041911575
2010-06-08,5699.6769041911575
2010-06-09,5699.6769041911575
2010-06-10,5699.6769041911575
2010-06-11,5699.6769041911575
2010-06-14,5699.6769041911575
2010-06-15,5699.6769041911575
2010-06-16,5699.6769041911575
2010-06-17,5699.6769041911575
2010-06-18,5699.6769041911575
2010-06-21,5699.6769041911575
2010-06-22,5699.6769041911575
2010-06-23,5699.6769041911575
2010-06-24,5699.6769041911575
2010-06-25,5699.6769041911575
2010-06-28,5699.6769041911575
2010-06-29,5699.6769041911575
2010-06-30,5699.6769041911575
2010-07-01,5699.6769041911575
2010-07-02,5699.6769041911575
2010-07-05,5699.6769041911575
2010-07-06,5699.6769041911575
2010-07-07,5699.6769041911575
2010-07-08,5699.6769041911575
2010-07-09,5699.6769041911575
2010-07-12,5699.6769041911575
2010-07-13,5699.6769041911575
2010-07-14,5699.6769041911575
2010-07-15,5699.6769041911575
2010-07-16,5699.6769041911575
2010-07-19,5699.6769041911575
2010-07-20,5699.6769041911575
2010-07-21,5699.6769041911575
2010-07-22,5699.6769041911575
2010-07-23,5699.6769041911575
2010-07-26,5699.6769041911575
2010-07-27,5699.6769041911575
2010-07-28,5699.6769041911575
2010-07-29,5699.6769041911575
2010-07-30,5699.6769041911575
2010-08-02,5699.6769041911575
2010-08-03,5699.6769041911575
2010-08-04,5699.6769041911575
2010-08-05,5699.6769041911575
2010-08-06,5699.6769041911575
2010-08-09,5699.6769041911575
2010-08-10,5699.6769041911575
2010-08-11,5699.6769041911575
2010-08-12,5699.6769041911575
2010-08-13,5699.6769041911575
2010-08-16,5699.6769041911575
2010-08-17,5699.6769041911575
2010-08-18,5699.6769041911575
2010-08-19,5699.6769041911575
2010-08-20,5699.6769041911575
2010-08-23,5699.6769041911575
2010-08-24,5699.6769041911575
2010-08-25,5699.6769041911575
2010-08-26,5699.6769041911575
2010-08-27,5699.6769041911575
2010-08-30,5699.6769041911575
2010-08-31,5699.6769041911575
2010-09-01,5699.6769041911575
2010-09-02,5699.6769041911575
2010-09-03,5699.6769041911575
2010-09-06,5699.6769041911575
2010-09-07,5699.6769041911575
2010-09-08,5699.6769041911575
2010-09-09,5699.6769041911575
2010-09-10,5699.6769041911575
2010-09-13,5699.6769041911575
2010-09-14,5699.6769041911575
2010-09-15,5699.6769041911575
2010-09-16,5699.6769041911575
2010-09-17,5699.6769041911575
2010-09-20,5699.6769041911575
2010-09-21,5699.6769041911575
2010-09-22,5699.6769041911575
2010-09-23,5699.6769041911575
2010-09-24,5699.6769041911575
2010-09-27,5699.6769041911575
2010-09-28,5699.6769041911575
2010-09-29,5699.6769041911575
2010-09-30,5699.6769041911575
2010-10-01,5699.6769041911575
2010-10-04,5699.6769041911575
2010-10-05,5699.6769041911575
2010-10-06,5699.6769041911575
2010-10-07,5699.6769041911575
2010-10-08,5699.6769041911575
2010-10-11,5699.6769041911575
2010-10-12,5699.6769041911575
2010-10-13,5699.6769041911575
2010-10-14,5699.6769041911575
2010-10-15,5699.6769041911575
2010-10-18,5699.6769041911575
2010-10-19,5699.6769041911575
2010-10-20,5699.6769041911575
2010-10-21,5696.827065739062
2010-10-22,5675.077962841628
2010-10-25,5675.077962841628
2010-10-26,5675.077962841628
2010-10-27,5675.077962841628
2010-10-28,5675.077962841628
2010-10-29,5675.077962841628
2010-11-01,5672.240423860207
2010-11-02,5643.305479045098
2010-11-03,5643.305479045098
2010-11-04,5643.305479045098
2010-11-05,5643.305479045098
2010-11-08,5643.305479045098
2010-11-09,5643.305479045098
2010-11-10,5643.305479045098
2010-11-11,5643.305479045098
2010-11-12,5643.305479045098
2010-11-15,5643.305479045098
2010-11-16,5643.305479045098
2010-11-17,5643.305479045098
2010-11-18,5643.305479045098
2010-11-19,5643.305479045098
2010-11-22,5643.305479045098
2010-11-23,5643.305479045098
2010-11-24,5643.305479045098
2010-11-25,5643.305479045098
2010-11-26,5643.305479045098
2010-11-29,5643.305479045098
2010-11-30,5643.305479045098
2010-12-01,5643.305479045098
2010-12-02,5643.305479045098
2010-12-03,5643.305479045098
2010-12-06,5643.305479045098
2010-12-07,5643.305479045098
2010-12-08,5643.305479045098
2010-12-09,5643.305479045098
2010-12-10,5643.305479045098
2010-12-13,5643.305479045098
2010-12-14,5640.483826305575
2010-12-15,5623.100046538726
2010-12-16,5623.100046538726
2010-12-17,5623.100046538726
2010-12-20,5623.100046538726
2010-12-21,5623.100046538726
2010-12-22,5623.100046538726
2010-12-23,5623.100046538726
2010-12-24,5623.100046538726
2010-12-27,5623.100046538726
2010-12-28,5623.100046538726
2010-12-29,5623.100046538726
2010-12-30,5623.100046538726
2010-12-31,5623.100046538726
2011-01-03,5623.100046538726
2011-01-04,5623.100046538726
2011-01-05,5623.100046538726
2011-01-06,5623.100046538726
2011-01-07,5623.100046538726
2011-01-10,5623.100046538726
2011-01-11,5623.100046538726
2011-01-12,5623.100046538726
2011-01-13,5623.100046538726
2011-01-14,5620.288496515457
2011-01-17,5628.822334132678
2011-01-18,5628.822334132678
2011-01-19,5628.822334132678
2011-01-20,5628.822334132678
2011-01-21,5628.822334132678
2011-01-24,5628.822334132678
2011-01-25,5628.822334132678
2011-01-26,5628.822334132678
2011-01-27,5628.822334132678
2011-01-28,5628.822334132678
2011-01-31,5628.822334132678
2011-02-01,5628.822334132678
2011-02-02,5628.822334132678
2011-02-03,5628.822334132678
2011-02-04,5628.822334132678
2011-02-07,5628.822334132678
2011-02-08,5628.822334132678
2011-02-09,5628.822334132678
2011-02-10,5628.822334132678
2011-02-11,5628.822334132678
2011-02-14,5628.822334132678
2011-02-15,5628.822334132678
2011-02-16,5628.822334132678
2011-02-17,5628.822334132678
2011-02-18,5628.822334132678
2011-02-21,5628.822334132678
2011-02-22,5628.822334132678
2011-02-23,5628.822334132678
2011-02-24,5628.822334132678
2011-02-25,5628.822334132678
2011-02-28,5628.822334132678
2011-03-01,5628.822334132678
2011-03-02,5628.822334132678
2011-03-03,5628.822334132678
2011-03-04,5628.822334132678
2011-03-07,5628.822334132678
2011-03-08,5628.822334132678
2011-03-09,5628.822334132678
2011-03-10,5628.822334132678
2011-03-11,5628.822334132678
2011-03-14,5628.822334132678
2011-03-15,5628.822334132678
2011-03-16,5628.822334132678
2011-03-17,5628.822334132678
2011-03-18,5626.007922965612
2011-03-21,5678.094832083968
2011-03-22,5678.094832083968
2011-03-23,5678.094832083968
2011-03-24,5678.094832083968
2011-03-25,5678.094832083968
2011-03-28,5678.094832083968
2011-03-29,5678.094832083968
2011-03-30,5678.094832083968
2011-03-31,5678.094832083968
2011-04-01,5678.094832083968
2011-04-04,5678.094832083968
2011-04-05,5678.094832083968
2011-04-06,5678.094832083968
2011-04-07,5678.094832083968
2011-04-08,5678.094832083968
2011-04-11,5675.2557846679265
2011-04-12,5662.9053761721225
2011-04-13,5662.9053761721225
2011-04-14,5662.9053761721225
2011-04-15,5662.9053761721225
2011-04-18,5662.9053761721225
2011-04-19,5662.9053761721225
2011-04-20,5662.9053761721225
2011-04-21,5660.073923484037
2011-04-22,5673.203630208978
2011-04-25,5673.203630208978
2011-04-26,5673.203630208978
2011-04-27,5673.203630208978
2011-04-28,5673.203630208978
2011-04-29,5673.203630208978
2011-05-02,5673.203630208978
2011-05-03,5673.203630208978
2011-05-04,5673.203630208978
2011-05-05,5673.203630208978
2011-05-06,5673.203630208978
2011-05-09,5673.203630208978
2011-05-10,5673.203630208978
2011-05-11,5673.203630208978
2011-05-12,5673.203630208978
2011-05-13,5673.203630208978
2011-05-16,5673.203630208978
2011-05-17,5673.203630208978
2011-05-18,5673.203630208978
2011-05-19,5673.203630208978
2011-05-20,5673.203630208978
2011-05-23,5673.203630208978
2011-05-24,5673.203630208978
2011-05-25,5673.203630208978
2011-05-26,5673.203630208978
2011-05-27,5673.203630208978
2011-05-30,5673.203630208978
2011-05-31,5673.203630208978
2011-06-01,5673.203630208978
2011-06-02,5673.203630208978
2011-06-03,5673.203630208978
2011-06-06,5670.367028393874
2011-06-07,5639.596365175439
2011-06-08,5639.596365175439
2011-06-09,5639.596365175439
2011-06-10,5639.596365175439
2011-06-13,5639.596365175439
2011-06-14,5639.596365175439
2011-06-15,5639.596365175439
2011-06-16,5639.596365175439
2011-06-17,5639.596365175439
2011-06-20,5639.596365175439
2011-06-21,5639.596365175439
2011-06-22,5639.596365175439
2011-06-23,5639.596365175439
2011-06-24,5639.596365175439
2011-06-27,5639.596365175439
2011-06-28,5639.596365175439
2011-06-29,5639.596365175439
2011-06-30,5639.596365175439
2011-07-01,5639.596365175439
2011-07-04,5639.596365175439
2011-07-05,5639.596365175439
2011-07-06,5639.596365175439
2011-07-07,5639.596365175439
2011-07-08,5639.596365175439
2011-07-11,5639.596365175439
2011-07-12,5639.596365175439
2011-07-13,5639.596365175439
2011-07-14,5636.776566992852
2011-07-15,5603.3910989105125
2011-07-18,5603.3910989105125
2011-07-19,5603.3910989105125
2011-07-20,5603.3910989105125
2011-07-21,5603.3910989105125
2011-07-22,5603.3910989105125
2011-07-25,5603.3910989105125
2011-07-26,5603.3910989105125
2011-07-27,5603.3910989105125
2011-07-28,5603.3910989105125
2011-07-29,5603.3910989105125
2011-08-01,5603.3910989105125
2011-08-02,5603.3910989105125
2011-08-03,5603.3910989105125
2011-08-04,5603.3910989105125
2011-08-05,5603.3910989105125
2011-08-08,5600.5894033610575
2011-08-09,5549.2468014019505
2011-08-10,5546.47217800125
2011-08-11,5443.141480309674
2011-08-12,5443.141480309674
2011-08-15,5443.141480309674
2011-08-16,5443.141480309674
2011-08-17,5443.141480309674
2011-08-18,5443.141480309674
2011-08-19,5443.141480309674
2011-08-22,5443.141480309674
2011-08-23,5443.141480309674
2011-08-24,5443.141480309674
2011-08-25,5443.141480309674
2011-08-26,5443.141480309674
2011-08-29,5443.141480309674
2011-08-30,5443.141480309674
2011-08-31,5443.141480309674
2011-09-01,5443.141480309674
2011-09-02,5443.141480309674
2011-09-05,5443.141480309674
2011-09-06,5443.141480309674
2011-09-07,5443.141480309674
2011-09-08,5443.141480309674
2011-09-09,5443.141480309674
2011-09-12,5443.141480309674
2011-09-13,5443.141480309674
2011-09-14,5443.141480309674
2011-09-15,5443.141480309674
2011-09-16,5443.141480309674
2011-09-19,5443.141480309674
2011-09-20,5443.141480309674
2011-09-21,5443.141480309674
2011-09-22,5443.141480309674
2011-09-23,5443.141480309674
2011-09-26,5443.141480309674
2011-09-27,5443.141480309674
2011-09-28,5443.141480309674
2011-09-29,5443.141480309674
2011-09-30,5443.141480309674
2011-10-03,5443.141480309674
2011-10-04,5443.141480309674
2011-10-05,5443.141480309674
2011-10-06,5443.141480309674
2011-10-07,5443.141480309674
2011-10-10,5443.141480309674
2011-10-11,5440.419909569519
2011-10-12,5441.781473609984
2011-10-13,5441.781473609984
2011-10-14,5441.781473609984
2011-10-17,5441.781473609984
2011-10-18,5441.781473609984
2011-10-19,5441.781473609984
2011-10-20,5441.781473609984
2011-10-21,5441.781473609984
2011-10-24,5441.781473609984
2011-10-25,5441.781473609984
2011-10-26,5441.781473609984
2011-10-27,5441.781473609984
2011-10-28,5439.060582873179
2011-10-31,5423.327980443331
2011-11-01,5423.327980443331
2011-11-02,5423.327980443331
2011-11-03,5423.327980443331
2011-11-04,5423.327980443331
2011-11-07,5423.327980443331
2011-11-08,5423.327980443331
2011-11-09,5423.327980443331
2011-11-10,5423.327980443331
2011-11-11,5423.327980443331
2011-11-14,5423.327980443331
2011-11-15,5423.327980443331
2011-11-16,5423.327980443331
2011-11-17,5423.327980443331
2011-11-18,5423.327980443331
2011-11-21,5423.327980443331
2011-11-22,5423.327980443331
2011-11-23,5423.327980443331
2011-11-24,5423.327980443331
2011-11-25,5423.327980443331
2011-11-28,5423.327980443331
2011-11-29,5423.327980443331
2011-11-30,5423.327980443331
2011-12-01,5423.327980443331
2011-12-02,5423.327980443331
2011-12-05,5423.327980443331
2011-12-06,5423.327980443331
2011-12-07,5423.327980443331
2011-12-08,5423.327980443331
2011-12-09,5423.327980443331
2011-12-12,5423.327980443331
2011-12-13,5423.327980443331
2011-12-14,5423.327980443331
2011-12-15,5423.327980443331
2011-12-16,5423.327980443331
2011-12-19,5423.327980443331
2011-12-20,5423.327980443331
2011-12-21,5423.327980443331
2011-12-22,5423.327980443331
2011-12-23,5423.327980443331
2011-12-26,5423.327980443331
2011-12-27,5423.327980443331
2011-12-28,5423.327980443331
2011-12-29,5423.327980443331
2011-12-30,5423.327980443331
2012-01-02,5423.327980443331
2012-01-03,5423.327980443331
2012-01-04,5423.327980443331
2012-01-05,5423.327980443331
2012-01-06,5423.327980443331
2012-01-09,5423.327980443331
2012-01-10,5423.327980443331
2012-01-11,5423.327980443331
2012-01-12,5423.327980443331
2012-01-13,5423.327980443331
2012-01-16,5423.327980443331
2012-01-17,5423.327980443331
2012-01-18,5423.327980443331
2012-01-19,5423.327980443331
2012-01-20,5423.327980443331
2012-01-23,5423.327980443331
2012-01-24,5423.327980443331
2012-01-25,5423.327980443331
2012-01-26,5423.327980443331
2012-01-27,5423.327980443331
2012-01-30,5423.327980443331
2012-01-31,5423.327980443331
2012-02-01,5423.327980443331
2012-02-02,5423.327980443331
2012-02-03,5423.327980443331
2012-02-06,5423.327980443331
2012-02-07,5423.327980443331
2012-02-08,5423.327980443331
2012-02-09,5423.327980443331
2012-02-10,5423.327980443331
2012-02-13,5423.327980443331
2012-02-14,5423.327980443331
2012-02-15,5423.327980443331
2012-02-16,5423.327980443331
2012-02-17,5423.327980443331
2012-02-20,5423.327980443331
2012-02-21,5423.327980443331
2012-02-22,5423.327980443331
2012-02-23,5423.327980443331
2012-02-24,5423.327980443331
2012-02-27,5423.327980443331
2012-02-28,5423.327980443331
2012-02-29,5423.327980443331
2012-03-01,5423.327980443331
2012-03-02,5423.327980443331
2012-03-05,5423.327980443331
2012-03-06,5423.327980443331
2012-03-07,5423.327980443331
2012-03-08,5423.327980443331
2012-03-09,5423.327980443331
2012-03-12,5423.327980443331
2012-03-13,5423.327980443331
2012-03-14,5423.327980443331
2012-03-15,5423.327980443331
2012-03-16,5423.327980443331
2012-03-19,5423.327980443331
2012-03-20,5423.327980443331
2012-03-21,5423.327980443331
2012-03-22,5423.327980443331
2012-03-23,5423.327980443331
2012-03-26,5423.327980443331
2012-03-27,5423.327980443331
2012-03-28,5423.327980443331
2012-03-29,5423.327980443331
2012-03-30,5423.327980443331
2012-04-02,5423.327980443331
2012-04-03,5423.327980443331
2012-04-04,5423.327980443331
2012-04-05,5423.327980443331
2012-04-06,5423.327980443331
2012-04-09,5423.327980443331
2012-04-10,5423.327980443331
2012-04-11,5423.327980443331
2012-04-12,5423.327980443331
2012-04-13,5423.327980443331
2012-04-16,5423.327980443331
2012-04-17,5423.327980443331
2012-04-18,5423.327980443331
2012-04-19,5423.327980443331
2012-04-20,5423.327980443331
2012-04-23,5423.327980443331
2012-04-24,5423.327980443331
2012-04-25,5423.327980443331
2012-04-26,5423.327980443331
2012-04-27,5423.327980443331
2012-04-30,5423.327980443331
2012-05-01,5423.327980443331
2012-05-02,5423.327980443331
2012-05-03,5423.327980443331
2012-05-04,5423.327980443331
2012-05-07,5423.327980443331
2012-05-08,5423.327980443331
2012-05-09,5423.327980443331
2012-05-10,5423.327980443331
2012-05-11,5423.327980443331
2012-05-14,5423.327980443331
2012-05-15,5423.327980443331
2012-05-16,5423.327980443331
2012-05-17,5423.327980443331
2012-05-18,5423.327980443331
2012-05-21,5423.327980443331
2012-05-22,5423.327980443331
2012-05-23,5423.327980443331
2012-05-24,5423.327980443331
2012-05-25,5423.327980443331
2012-05-28,5423.327980443331
2012-05-29,5423.327980443331
2012-05-30,5423.327980443331
2012-05-31,5423.327980443331
2012-06-01,5423.327980443331
2012-06-04,5423.327980443331
2012-06-05,5423.327980443331
2012-06-06,5423.327980443331
2012-06-07,5423.327980443331
2012-06-08,5423.327980443331
2012-06-11,5423.327980443331
2012-06-12,5423.327980443331
2012-06-13,5423.327980443331
2012-06-14,5423.327980443331
2012-06-15,5423.327980443331
2012-06-18,5423.327980443331
2012-06-19,5423.327980443331
2012-06-20,5423.327980443331
2012-06-21,5423.327980443331
2012-06-22,5423.327980443331
2012-06-25,5423.327980443331
2012-06-26,5423.327980443331
2012-06-27,5423.327980443331
2012-06-28,5423.327980443331
2012-06-29,5423.327980443331
2012-07-02,5423.327980443331
2012-07-03,5423.327980443331
2012-07-04,5423.327980443331
2012-07-05,5423.327980443331
2012-07-06,5423.327980443331
2012-07-09,5423.327980443331
2012-07-10,5423.327980443331
2012-07-11,5423.327980443331
2012-07-12,5423.327980443331
2012-07-13,5423.327980443331
2012-07-16,5423.327980443331
2012-07-17,5423.327980443331
2012-07-18,5423.327980443331
2012-07-19,5423.327980443331
2012-07-20,5423.327980443331
2012-07-23,5423.327980443331
2012-07-24,5423.327980443331
2012-07-25,5423.327980443331
2012-07-26,5423.327980443331
2012-07-27,5423.327980443331
2012-07-30,5423.327980443331
2012-07-31,5423.327980443331
2012-08-01,5423.327980443331
2012-08-02,5423.327980443331
2012-08-03,5423.327980443331
2012-08-06,5423.327980443331
2012-08-07,5423.327980443331
2012-08-08,5423.327980443331
2012-08-09,5423.327980443331
2012-08-10,5423.327980443331
2012-08-13,5423.327980443331
2012-08-14,5423.327980443331
2012-08-15,5423.327980443331
2012-08-16,5423.327980443331
2012-08-17,5423.327980443331
2012-08-20,5423.327980443331
2012-08-21,5423.327980443331
2012-08-22,5423.327980443331
2012-08-23,5423.327980443331
2012-08-24,5423.327980443331
2012-08-27,5423.327980443331
2012-08-28,5423.327980443331
2012-08-29,5423.327980443331
2012-08-30,5423.327980443331
2012-08-31,5423.327980443331
2012-09-03,5423.327980443331
2012-09-04,5423.327980443331
2012-09-05,5423.327980443331
2012-09-06,5423.327980443331
2012-09-07,5423.327980443331
2012-09-10,5423.327980443331
2012-09-11,5423.327980443331
2012-09-12,5423.327980443331
2012-09-13,5423.327980443331
2012-09-14,5423.327980443331
2012-09-17,5423.327980443331
2012-09-18,5423.327980443331
2012-09-19,5423.327980443331
2012-09-20,5423.327980443331
2012-09-21,5423.327980443331
2012-09-24,5423.327980443331
2012-09-25,5423.327980443331
2012-09-26,5423.327980443331
2012-09-27,5423.327980443331
2012-09-28,5423.327980443331
2012-10-01,5423.327980443331
2012-10-02,5423.327980443331
2012-10-03,5423.327980443331
2012-10-04,5423.327980443331
2012-10-05,5423.327980443331
2012-10-08,5423.327980443331
2012-10-09,5423.327980443331
2012-10-10,5423.327980443331
2012-10-11,5423.327980443331
2012-10-12,5423.327980443331
2012-10-15,5423.327980443331
2012-10-16,5423.327980443331
2012-10-17,5420.61631645311
2012-10-18,5421.4601906758035
2012-10-19,5421.4601906758035
2012-10-22,5421.4601906758035
2012-10-23,5421.4601906758035
2012-10-24,5421.4601906758035
2012-10-25,5421.4601906758035
2012-10-26,5421.4601906758035
2012-10-29,5421.4601906758035
2012-10-30,5421.4601906758035
2012-10-31,5421.4601906758035
2012-11-01,5421.4601906758035
2012-11-02,5421.4601906758035
2012-11-05,5421.4601906758035
2012-11-06,5421.4601906758035
2012-11-07,5421.4601906758035
2012-11-08,5421.4601906758035
2012-11-09,5421.4601906758035
2012-11-12,5421.4601906758035
2012-11-13,5421.4601906758035
2012-11-14,5421.4601906758035
2012-11-15,5421.4601906758035
2012-11-16,5421.4601906758035
2012-11-19,5421.4601906758035
2012-11-20,5421.4601906758035
2012-11-21,5421.4601906758035
2012-11-22,5421.4601906758035
2012-11-23,5421.4601906758035
2012-11-26,5418.749460580466
2012-11-27,5424.829683559596
2012-11-28,5424.829683559596
2012-11-29,5424.829683559596
2012-11-30,5424.829683559596
2012-12-03,5424.829683559596
2012-12-05,5422.117268717816
2012-12-06,5407.3450627614775
2012-12-07,5407.3450627614775
2012-12-10,5407.3450627614775
2012-12-11,5407.3450627614775
2012-12-12,5407.3450627614775
2012-12-13,5407.3450627614775
2012-12-14,5407.3450627614775
2012-12-17,5407.3450627614775
2012-12-18,5407.3450627614775
2012-12-19,5407.3450627614775
2012-12-20,5407.3450627614775
2012-12-21,5407.3450627614775
2012-12-24,5407.3450627614775
2012-12-25,5407.3450627614775
2012-12-26,5407.3450627614775
2012-12-27,5407.3450627614775
2012-12-28,5407.3450627614775
2012-12-31,5407.3450627614775
2013-01-01,5407.3450627614775
2013-01-02,5407.3450627614775
2013-01-03,5407.3450627614775
2013-01-04,5407.3450627614775
2013-01-07,5407.3450627614775
2013-01-08,5407.3450627614775
2013-01-09,5407.3450627614775
2013-01-10,5407.3450627614775
2013-01-11,5404.641390230097
2013-01-14,5437.999000387838
2013-01-15,5437.999000387838
2013-01-16,5437.999000387838
2013-01-17,5437.999000387838
2013-01-18,5437.999000387838
2013-01-21,5437.999000387838
2013-01-22,5437.999000387838
2013-01-23,5437.999000387838
2013-01-24,5437.999000387838
2013-01-25,5437.999000387838
2013-01-28,5437.999000387838
2013-01-29,5437.999000387838
2013-01-30,5437.999000387838
2013-01-31,5437.999000387838
2013-02-01,5437.999000387838
2013-02-04,5437.999000387838
2013-02-05,5437.999000387838
2013-02-06,5437.999000387838
2013-02-07,5437.999000387838
2013-02-08,5437.999000387838
2013-02-11,5437.999000387838
2013-02-12,5437.999000387838
2013-02-13,5437.999000387838
2013-02-14,5437.999000387838
2013-02-15,5437.999000387838
2013-02-18,5437.999000387838
2013-02-19,5437.999000387838
2013-02-20,5437.999000387838
2013-02-21,5437.999000387838
2013-02-22,5437.999000387838
2013-02-25,5437.999000387838
2013-02-26,5437.999000387838
2013-02-27,5437.999000387838
2013-02-28,5437.999000387838
2013-03-01,5437.999000387838
2013-03-04,5437.999000387838
2013-03-05,5437.999000387838
2013-03-06,5437.999000387838
2013-03-07,5437.999000387838
2013-03-08,5435.280000887645
2013-03-11,5381.2108934676735
2013-03-12,5381.2108934676735
2013-03-13,5381.2108934676735
2013-03-14,5381.2108934676735
2013-03-15,5381.2108934676735
2013-03-18,5381.2108934676735
2013-03-19,5381.2108934676735
2013-03-20,5381.2108934676735
2013-03-21,5381.2108934676735
2013-03-22,5381.2108934676735
2013-03-25,5381.2108934676735
2013-03-26,5381.2108934676735
2013-03-27,5381.2108934676735
2013-03-28,5381.2108934676735
2013-03-29,5381.2108934676735
2013-04-01,5381.2108934676735
2013-04-02,5381.2108934676735
2013-04-03,5381.2108934676735
2013-04-04,5381.2108934676735
2013-04-05,5381.2108934676735
2013-04-08,5381.2108934676735
2013-04-09,5381.2108934676735
2013-04-10,5381.2108934676735
2013-04-11,5381.2108934676735
2013-04-12,5381.2108934676735
2013-04-15,5381.2108934676735
2013-04-16,5381.2108934676735
2013-04-17,5378.52028802094
2013-04-18,5316.827996099634
2013-04-19,5316.827996099634
2013-04-22,5316.827996099634
2013-04-23,5316.827996099634
2013-04-24,5316.827996099634
2013-04-25,5316.827996099634
2013-04-26,5316.827996099634
2013-04-29,5316.827996099634
2013-04-30,5316.827996099634
2013-05-01,5316.827996099634
2013-05-02,5316.827996099634
2013-05-03,5316.827996099634
2013-05-06,5316.827996099634
2013-05-07,5316.827996099634
2013-05-08,5316.827996099634
2013-05-09,5316.827996099634
2013-05-10,5316.827996099634
2013-05-13,5316.827996099634
2013-05-14,5316.827996099634
2013-05-15,5316.827996099634
2013-05-16,5316.827996099634
2013-05-17,5316.827996099634
2013-05-20,5316.827996099634
2013-05-21,5316.827996099634
2013-05-22,5316.827996099634
2013-05-23,5316.827996099634
2013-05-24,5316.827996099634
2013-05-27,5316.827996099634
2013-05-28,5316.827996099634
2013-05-29,5316.827996099634
2013-05-30,5316.827996099634
2013-05-31,5316.827996099634
2013-06-03,5316.827996099634
2013-06-04,5316.827996099634
2013-06-05,5316.827996099634
2013-06-06,5316.827996099634
2013-06-07,5314.169582101585
2013-06-10,5302.861644611065
2013-06-11,5302.861644611065
2013-06-12,5302.861644611065
2013-06-13,5302.861644611065
2013-06-14,5302.861644611065
2013-06-17,5302.861644611065
2013-06-18,5302.861644611065
2013-06-19,5302.861644611065
2013-06-20,5302.861644611065
2013-06-21,5302.861644611065
2013-06-24,5302.861644611065
2013-06-25,5302.861644611065
2013-06-26,5302.861644611065
2013-06-27,5302.861644611065
2013-06-28,5302.861644611065
2013-07-01,5302.861644611065
2013-07-02,5302.861644611065
2013-07-03,5302.861644611065
2013-07-04,5302.861644611065
2013-07-05,5302.861644611065
2013-07-08,5302.861644611065
2013-07-09,5302.861644611065
2013-07-10,5302.861644611065
2013-07-11,5300.21021378876
2013-07-12,5261.2673681415135
2013-07-15,5261.2673681415135
2013-07-16,5261.2673681415135
2013-07-17,5261.2673681415135
2013-07-18,5261.2673681415135
2013-07-19,5261.2673681415135
2013-07-22,5261.2673681415135
2013-07-23,5261.2673681415135
2013-07-24,5261.2673681415135
2013-07-25,5261.2673681415135
2013-07-26,5261.2673681415135
2013-07-29,5261.2673681415135
2013-07-30,5261.2673681415135
2013-07-31,5261.2673681415135
2013-08-01,5261.2673681415135
2013-08-02,5261.2673681415135
2013-08-05,5261.2673681415135
2013-08-06,5261.2673681415135
2013-08-07,5261.2673681415135
2013-08-08,5261.2673681415135
2013-08-09,5261.2673681415135
2013-08-12,5261.2673681415135
2013-08-13,5261.2673681415135
2013-08-14,5261.2673681415135
2013-08-15,5261.2673681415135
2013-08-16,5258.636734457443
2013-08-19,5246.1847809992105
2013-08-20,5246.1847809992105
2013-08-21,5246.1847809992105
2013-08-22,5246.1847809992105
2013-08-23,5246.1847809992105
2013-08-26,5246.1847809992105
2013-08-27,5246.1847809992105
2013-08-28,5246.1847809992105
2013-08-29,5246.1847809992105
2013-08-30,5246.1847809992105
2013-09-02,5246.1847809992105
2013-09-03,5246.1847809992105
2013-09-04,5246.1847809992105
2013-09-05,5246.1847809992105
2013-09-06,5246.1847809992105
2013-09-09,5246.1847809992105
2013-09-10,5246.1847809992105
2013-09-11,5246.1847809992105
2013-09-12,5246.1847809992105
2013-09-13,5246.1847809992105
2013-09-16,5246.1847809992105
2013-09-17,5246.1847809992105
2013-09-18,5246.1847809992105
2013-09-19,5243.561688608711
2013-09-20,5245.26695361733
2013-09-23,5245.26695361733
2013-09-24,5245.26695361733
2013-09-25,5245.26695361733
2013-09-26,5245.26695361733
2013-09-27,5245.26695361733
2013-09-30,5245.26695361733
2013-10-01,5245.26695361733
2013-10-02,5245.26695361733
2013-10-03,5245.26695361733
2013-10-04,5245.26695361733
2013-10-07,5245.26695361733
2013-10-09,5245.26695361733
2013-10-10,5245.26695361733
2013-10-11,5245.26695361733
2013-10-14,5245.26695361733
2013-10-15,5245.26695361733
2013-10-16,5245.26695361733
2013-10-17,5245.26695361733
2013-10-18,5242.644320140522
2013-10-21,5245.758337960865
2013-10-22,5245.758337960865
2013-10-23,5243.135458791885
2013-10-24,5241.453271236494
2013-10-25,5241.453271236494
2013-10-28,5241.453271236494
2013-10-29,5241.453271236494
2013-10-30,5241.453271236494
2013-10-31,5241.453271236494
2013-11-01,5241.453271236494
2013-11-04,5241.453271236494
2013-11-05,5241.453271236494
2013-11-06,5241.453271236494
2013-11-07,5241.453271236494
2013-11-08,5241.453271236494
2013-11-11,5241.453271236494
2013-11-12,5241.453271236494
2013-11-13,5241.453271236494
2013-11-14,5241.453271236494
2013-11-15,5241.453271236494
2013-11-18,5241.453271236494
2013-11-19,5241.453271236494
2013-11-20,5241.453271236494
2013-11-21,5241.453271236494
2013-11-22,5241.453271236494
2013-11-25,5241.453271236494
2013-11-26,5241.453271236494
2013-11-27,5241.453271236494
2013-11-28,5241.453271236494
2013-11-29,5241.453271236494
2013-12-02,5241.453271236494
2013-12-03,5241.453271236494
2013-12-04,5241.453271236494
2013-12-05,5241.453271236494
2013-12-06,5241.453271236494
2013-12-09,5241.453271236494
2013-12-10,5241.453271236494
2013-12-11,5241.453271236494
2013-12-12,5241.453271236494
2013-12-13,5241.453271236494
2013-12-16,5241.453271236494
2013-12-17,5241.453271236494
2013-12-18,5241.453271236494
2013-12-19,5241.453271236494
2013-12-20,5241.453271236494
2013-12-23,5241.453271236494
2013-12-24,5241.453271236494
2013-12-25,5241.453271236494
2013-12-26,5241.453271236494
2013-12-27,5241.453271236494
2013-12-30,5241.453271236494
2013-12-31,5241.453271236494
2014-01-01,5241.453271236494
2014-01-02,5241.453271236494
2014-01-03,5241.453271236494
2014-01-06,5241.453271236494
2014-01-07,5241.453271236494
2014-01-08,5241.453271236494
2014-01-09,5241.453271236494
2014-01-10,5241.453271236494
2014-01-13,5241.453271236494
2014-01-14,5241.453271236494
2014-01-15,5241.453271236494
2014-01-16,5241.453271236494
2014-01-17,5241.453271236494
2014-01-20,5241.453271236494
2014-01-21,5241.453271236494
2014-01-22,5241.453271236494
2014-01-23,5241.453271236494
2014-01-24,5238.832544600877
2014-01-27,5235.782898696524
2014-01-28,5235.782898696524
2014-01-29,5235.782898696524
2014-01-30,5235.782898696524
2014-01-31,5235.782898696524
2014-02-03,5235.782898696524
2014-02-04,5235.782898696524
2014-02-05,5235.782898696524
2014-02-06,5235.782898696524
2014-02-07,5235.782898696524
2014-02-10,5235.782898696524
2014-02-11,5235.782898696524
2014-02-12,5235.782898696524
2014-02-13,5235.782898696524
2014-02-14,5235.782898696524
2014-02-17,5235.782898696524
2014-02-18,5235.782898696524
2014-02-19,5235.782898696524
2014-02-20,5235.782898696524
2014-02-21,5235.782898696524
2014-02-24,5235.782898696524
2014-02-25,5235.782898696524
2014-02-26,5235.782898696524
2014-02-27,5235.782898696524
2014-02-28,5235.782898696524
2014-03-03,5235.782898696524
2014-03-04,5235.782898696524
2014-03-05,5235.782898696524
2014-03-06,5235.782898696524
2014-03-07,5233.165007247177
2014-03-10,5236.4284476955045
2014-03-11,5236.4284476955045
2014-03-12,5236.4284476955045
2014-03-13,5236.4284476955045
2014-03-14,5236.4284476955045
2014-03-17,5236.4284476955045
2014-03-18,5236.4284476955045
2014-03-19,5236.4284476955045
2014-03-20,5236.4284476955045
2014-03-21,5236.4284476955045
2014-03-24,5236.4284476955045
2014-03-25,5236.4284476955045
2014-03-26,5236.4284476955045
2014-03-27,5236.4284476955045
2014-03-28,5236.4284476955045
2014-03-31,5236.4284476955045
2014-04-01,5236.4284476955045
2014-04-02,5236.4284476955045
2014-04-03,5236.4284476955045
2014-04-04,5236.4284476955045
2014-04-07,5236.4284476955045
2014-04-08,5236.4284476955045
2014-04-09,5236.4284476955045
2014-04-10,5236.4284476955045
2014-04-11,5236.4284476955045
2014-04-14,5236.4284476955045
2014-04-15,5236.4284476955045
2014-04-16,5236.4284476955045
2014-04-17,5236.4284476955045
2014-04-18,5236.4284476955045
2014-04-21,5236.4284476955045
2014-04-22,5236.4284476955045
2014-04-23,5236.4284476955045
2014-04-24,5236.4284476955045
2014-04-25,5236.4284476955045
2014-04-28,5236.4284476955045
2014-04-29,5236.4284476955045
2014-04-30,5236.4284476955045
2014-05-01,5233.810233471657
2014-05-02,5231.846481284723
2014-05-05,5231.846481284723
2014-05-06,5231.846481284723
2014-05-07,5229.230558044082
2014-05-08,5219.482243678759
2014-05-09,5219.482243678759
2014-05-12,5219.482243678759
2014-05-13,5219.482243678759
2014-05-14,5219.482243678759
2014-05-15,5219.482243678759
2014-05-16,5219.482243678759
2014-05-19,5219.482243678759
2014-05-20,5219.482243678759
2014-05-21,5219.482243678759
2014-05-22,5219.482243678759
2014-05-23,5219.482243678759
2014-05-26,5219.482243678759
2014-05-27,5219.482243678759
2014-05-28,5219.482243678759
2014-05-29,5219.482243678759
2014-05-30,5219.482243678759
2014-06-02,5219.482243678759
2014-06-03,5219.482243678759
2014-06-04,5219.482243678759
2014-06-05,5219.482243678759
2014-06-06,5219.482243678759
2014-06-09,5219.482243678759
2014-06-10,5219.482243678759
2014-06-11,5219.482243678759
2014-06-12,5219.482243678759
2014-06-13,5219.482243678759
2014-06-16,5219.482243678759
2014-06-17,5219.482243678759
2014-06-18,5219.482243678759
2014-06-19,5219.482243678759
2014-06-20,5219.482243678759
2014-06-23,5219.482243678759
2014-06-24,5219.482243678759
2014-06-25,5219.482243678759
2014-06-26,5219.482243678759
2014-06-27,5219.482243678759
2014-06-30,5219.482243678759
2014-07-01,5219.482243678759
2014-07-02,5219.482243678759
2014-07-03,5219.482243678759
2014-07-04,5219.482243678759
2014-07-07,5219.482243678759
2014-07-08,5219.482243678759
2014-07-09,5219.482243678759
2014-07-10,5219.482243678759
2014-07-11,5219.482243678759
2014-07-14,5219.482243678759
2014-07-15,5219.482243678759
2014-07-16,5219.482243678759
2014-07-17,5219.482243678759
2014-07-18,5219.482243678759
2014-07-21,5219.482243678759
2014-07-22,5219.482243678759
2014-07-23,5219.482243678759
2014-07-24,5219.482243678759
2014-07-25,5219.482243678759
2014-07-28,5219.482243678759
2014-07-29,5219.482243678759
2014-07-30,5219.482243678759
2014-07-31,5219.482243678759
2014-08-01,5219.482243678759
2014-08-04,5219.482243678759
2014-08-05,5219.482243678759
2014-08-06,5219.482243678759
2014-08-07,5219.482243678759
2014-08-08,5219.482243678759
2014-08-11,5219.482243678759
2014-08-12,5219.482243678759
2014-08-13,5219.482243678759
2014-08-14,5219.482243678759
2014-08-15,5219.482243678759
2014-08-18,5219.482243678759
2014-08-19,5219.482243678759
2014-08-20,5219.482243678759
2014-08-21,5219.482243678759
2014-08-22,5219.482243678759
2014-08-25,5219.482243678759
2014-08-26,5219.482243678759
2014-08-27,5219.482243678759
2014-08-28,5219.482243678759
2014-08-29,5219.482243678759
2014-09-01,5219.482243678759
2014-09-02,5219.482243678759
2014-09-03,5219.482243678759
2014-09-04,5219.482243678759
2014-09-05,5219.482243678759
2014-09-08,5219.482243678759
2014-09-09,5219.482243678759
2014-09-10,5219.482243678759
2014-09-11,5219.482243678759
2014-09-12,5219.482243678759
2014-09-15,5219.482243678759
2014-09-16,5219.482243678759
2014-09-17,5219.482243678759
2014-09-18,5219.482243678759
2014-09-19,5219.482243678759
2014-09-22,5219.482243678759
2014-09-23,5219.482243678759
2014-09-24,5219.482243678759
2014-09-25,5219.482243678759
2014-09-26,5219.482243678759
2014-09-29,5219.482243678759
2014-09-30,5219.482243678759
2014-10-01,5219.482243678759
2014-10-02,5219.482243678759
2014-10-03,5219.482243678759
2014-10-06,5219.482243678759
2014-10-07,5216.87250255692
2014-10-08,5223.30976710585
2014-10-09,5223.30976710585
2014-10-10,5223.30976710585
2014-10-13,5223.30976710585
2014-10-14,5223.30976710585
2014-10-15,5223.30976710585
2014-10-16,5220.698112222298
2014-10-17,5211.063759199338
2014-10-20,5211.063759199338
2014-10-21,5211.063759199338
2014-10-22,5211.063759199338
2014-10-23,5211.063759199338
2014-10-24,5211.063759199338
2014-10-27,5211.063759199338
2014-10-28,5211.063759199338
2014-10-29,5211.063759199338
2014-10-30,5211.063759199338
2014-10-31,5211.063759199338
2014-11-03,5211.063759199338
2014-11-04,5211.063759199338
2014-11-05,5211.063759199338
2014-11-06,5211.063759199338
2014-11-07,5211.063759199338
2014-11-10,5211.063759199338
2014-11-11,5211.063759199338
2014-11-12,5211.063759199338
2014-11-13,5211.063759199338
2014-11-14,5211.063759199338
2014-11-17,5211.063759199338
2014-11-18,5211.063759199338
2014-11-19,5211.063759199338
2014-11-20,5211.063759199338
2014-11-21,5211.063759199338
2014-11-24,5211.063759199338
2014-11-25,5211.063759199338
2014-11-26,5211.063759199338
2014-11-27,5211.063759199338
2014-11-28,5211.063759199338
2014-12-01,5211.063759199338
2014-12-02,5211.063759199338
2014-12-03,5211.063759199338
2014-12-04,5211.063759199338
2014-12-05,5211.063759199338
2014-12-08,5211.063759199338
2014-12-09,5211.063759199338
2014-12-10,5211.063759199338
2014-12-11,5211.063759199338
2014-12-12,5211.063759199338
2014-12-15,5211.063759199338
2014-12-16,5211.063759199338
2014-12-17,5211.063759199338
2014-12-18,5211.063759199338
2014-12-19,5211.063759199338
2014-12-22,5211.063759199338
2014-12-23,5211.063759199338
2014-12-24,5211.063759199338
2014-12-25,5211.063759199338
2014-12-26,5211.063759199338
2014-12-29,5211.063759199338
2014-12-30,5211.063759199338
2014-12-31,5211.063759199338
2015-01-01,5211.063759199338
2015-01-02,5211.063759199338
2015-01-05,5211.063759199338
2015-01-06,5211.063759199338
2015-01-07,5211.063759199338
2015-01-08,5211.063759199338
2015-01-09,5211.063759199338
2015-01-12,5211.063759199338
2015-01-13,5211.063759199338
2015-01-14,5211.063759199338
2015-01-15,5211.063759199338
2015-01-16,5211.063759199338
2015-01-19,5211.063759199338
2015-01-20,5211.063759199338
2015-01-21,5211.063759199338
2015-01-22,5211.063759199338
2015-01-23,5211.063759199338
2015-01-26,5211.063759199338
2015-01-27,5211.063759199338
2015-01-28,5211.063759199338
2015-01-29,5211.063759199338
2015-01-30,5211.063759199338
2015-02-02,5211.063759199338
2015-02-03,5211.063759199338
2015-02-04,5211.063759199338
2015-02-05,5211.063759199338
2015-02-06,5211.063759199338
2015-02-09,5211.063759199338
2015-02-10,5211.063759199338
2015-02-11,5211.063759199338
2015-02-12,5211.063759199338
2015-02-13,5211.063759199338
2015-02-16,5211.063759199338
2015-02-17,5211.063759199338
2015-02-18,5211.063759199338
2015-02-19,5211.063759199338
2015-02-20,5211.063759199338
2015-02-23,5211.063759199338
2015-02-24,5211.063759199338
2015-02-25,5211.063759199338
2015-02-26,5211.063759199338
2015-02-27,5211.063759199338
2015-03-02,5211.063759199338
2015-03-03,5211.063759199338
2015-03-04,5211.063759199338
2015-03-05,5211.063759199338
2015-03-06,5211.063759199338
2015-03-09,5211.063759199338
2015-03-10,5211.063759199338
2015-03-11,5211.063759199338
2015-03-12,5211.063759199338
2015-03-13,5211.063759199338
2015-03-16,5211.063759199338
2015-03-17,5211.063759199338
2015-03-18,5211.063759199338
2015-03-19,5211.063759199338
2015-03-20,5211.063759199338
2015-03-23,5211.063759199338
2015-03-24,5211.063759199338
2015-03-25,5211.063759199338
2015-03-26,5211.063759199338
2015-03-27,5211.063759199338
2015-03-30,5211.063759199338
2015-03-31,5211.063759199338
2015-04-01,5211.063759199338
2015-04-02,5211.063759199338
2015-04-03,5211.063759199338
2015-04-06,5211.063759199338
2015-04-07,5211.063759199338
2015-04-08,5211.063759199338
2015-04-09,5211.063759199338
2015-04-10,5211.063759199338
2015-04-13,5211.063759199338
2015-04-14,5211.063759199338
2015-04-15,5211.063759199338
2015-04-16,5211.063759199338
2015-04-17,5211.063759199338
2015-04-20,5211.063759199338
2015-04-21,5211.063759199338
2015-04-22,5211.063759199338
2015-04-23,5211.063759199338
2015-04-24,5211.063759199338
2015-04-27,5211.063759199338
2015-04-28,5211.063759199338
2015-04-29,5211.063759199338
2015-04-30,5211.063759199338
2015-05-01,5211.063759199338
2015-05-04,5211.063759199338
2015-05-05,5211.063759199338
2015-05-06,5211.063759199338
2015-05-07,5211.063759199338
2015-05-08,5211.063759199338
2015-05-11,5211.063759199338
2015-05-12,5211.063759199338
2015-05-13,5211.063759199338
2015-05-14,5211.063759199338
2015-05-15,5211.063759199338
2015-05-18,5211.063759199338
2015-05-19,5211.063759199338
2015-05-20,5211.063759199338
2015-05-21,5211.063759199338
2015-05-22,5211.063759199338
2015-05-25,5211.063759199338
2015-05-26,5211.063759199338
2015-05-27,5211.063759199338
2015-05-28,5211.063759199338
2015-05-29,5211.063759199338
2015-06-01,5211.063759199338
2015-06-02,5211.063759199338
2015-06-03,5211.063759199338
2015-06-04,5211.063759199338
2015-06-05,5211.063759199338
2015-06-08,5211.063759199338
2015-06-09,5211.063759199338
2015-06-10,5211.063759199338
2015-06-11,5211.063759199338
2015-06-12,5211.063759199338
2015-06-15,5211.063759199338
2015-06-16,5211.063759199338
2015-06-17,5211.063759199338
2015-06-18,5211.063759199338
2015-06-19,5211.063759199338
2015-06-22,5211.063759199338
2015-06-23,5211.063759199338
2015-06-24,5211.063759199338
2015-06-25,5211.063759199338
2015-06-26,5211.063759199338
2015-06-29,5211.063759199338
2015-06-30,5211.063759199338
2015-07-01,5211.063759199338
2015-07-02,5211.063759199338
2015-07-03,5211.063759199338
2015-07-06,5211.063759199338
2015-07-07,5211.063759199338
2015-07-08,5211.063759199338
2015-07-09,5211.063759199338
2015-07-10,5211.063759199338
2015-07-13,5211.063759199338
2015-07-14,5211.063759199338
2015-07-15,5211.063759199338
2015-07-16,5211.063759199338
2015-07-17,5211.063759199338
2015-07-20,5211.063759199338
2015-07-21,5211.063759199338
2015-07-22,5211.063759199338
2015-07-23,5211.063759199338
2015-07-24,5211.063759199338
2015-07-27,5211.063759199338
2015-07-28,5211.063759199338
2015-07-29,5211.063759199338
2015-07-30,5211.063759199338
2015-07-31,5211.063759199338
2015-08-03,5211.063759199338
2015-08-04,5211.063759199338
2015-08-05,5211.063759199338
2015-08-06,5211.063759199338
2015-08-07,5211.063759199338
2015-08-10,5211.063759199338
2015-08-11,5211.063759199338
2015-08-12,5211.063759199338
2015-08-13,5211.063759199338
2015-08-14,5211.063759199338
2015-08-17,5211.063759199338
2015-08-18,5211.063759199338
2015-08-19,5211.063759199338
2015-08-20,5211.063759199338
2015-08-21,5211.063759199338
2015-08-24,5211.063759199338
2015-08-25,5211.063759199338
2015-08-26,5211.063759199338
2015-08-27,5211.063759199338
2015-08-28,5211.063759199338
2015-08-31,5211.063759199338
2015-09-01,5211.063759199338
2015-09-02,5211.063759199338
2015-09-03,5211.063759199338
2015-09-04,5211.063759199338
2015-09-07,5211.063759199338
2015-09-08,5211.063759199338
2015-09-09,5211.063759199338
2015-09-10,5211.063759199338
2015-09-11,5211.063759199338
2015-09-14,5211.063759199338
2015-09-15,5211.063759199338
2015-09-16,5211.063759199338
2015-09-17,5211.063759199338
2015-09-18,5211.063759199338
2015-09-21,5211.063759199338
2015-09-22,5211.063759199338
2015-09-23,5211.063759199338
2015-09-24,5211.063759199338
2015-09-25,5211.063759199338
2015-09-28,5211.063759199338
2015-09-29,5211.063759199338
2015-09-30,5211.063759199338
2015-10-01,5211.063759199338
2015-10-02,5211.063759199338
2015-10-05,5211.063759199338
2015-10-06,5211.063759199338
2015-10-07,5211.063759199338
2015-10-08,5211.063759199338
2015-10-09,5211.063759199338
2015-10-12,5211.063759199338
2015-10-13,5211.063759199338
2015-10-14,5211.063759199338
2015-10-15,5211.063759199338
2015-10-16,5211.063759199338
2015-10-19,5211.063759199338
2015-10-20,5211.063759199338
2015-10-21,5211.063759199338
2015-10-22,5211.063759199338
2015-10-23,5211.063759199338
2015-10-26,5211.063759199338
2015-10-27,5211.063759199338
2015-10-28,5211.063759199338
2015-10-29,5211.063759199338
2015-10-30,5211.063759199338
2015-11-02,5211.063759199338
2015-11-03,5211.063759199338
2015-11-04,5211.063759199338
2015-11-05,5211.063759199338
2015-11-06,5211.063759199338
2015-11-09,5211.063759199338
2015-11-10,5211.063759199338
2015-11-11,5211.063759199338
2015-11-12,5211.063759199338
2015-11-13,5211.063759199338
2015-11-16,5211.063759199338
2015-11-17,5211.063759199338
2015-11-18,5211.063759199338
2015-11-19,5211.063759199338
2015-11-20,5211.063759199338
2015-11-23,5211.063759199338
2015-11-24,5211.063759199338
2015-11-25,5211.063759199338
2015-11-26,5211.063759199338
2015-11-27,5211.063759199338
2015-11-30,5211.063759199338
2015-12-01,5211.063759199338
2015-12-02,5211.063759199338
2015-12-03,5211.063759199338
2015-12-04,5211.063759199338
2015-12-07,5211.063759199338
2015-12-08,5211.063759199338
2015-12-09,5211.063759199338
2015-12-10,5211.063759199338
2015-12-11,5211.063759199338
2015-12-14,5211.063759199338
2015-12-15,5211.063759199338
2015-12-16,5211.063759199338
2015-12-17,5211.063759199338
2015-12-18,5211.063759199338
2015-12-21,5211.063759199338
2015-12-22,5211.063759199338
2015-12-23,5211.063759199338
2015-12-24,5211.063759199338
2015-12-25,5211.063759199338
2015-12-28,5211.063759199338
2015-12-29,5211.063759199338
2015-12-30,5211.063759199338
2015-12-31,5211.063759199338
2016-01-01,5211.063759199338
2016-01-04,5211.063759199338
2016-01-05,5211.063759199338
2016-01-06,5211.063759199338
2016-01-07,5211.063759199338
2016-01-08,5208.458227319738
2016-01-11,5213.029216352601
2016-01-12,5213.029216352601
2016-01-13,5213.029216352601
2016-01-14,5213.029216352601
2016-01-15,5213.029216352601
2016-01-18,5213.029216352601
2016-01-19,5213.029216352601
2016-01-20,5213.029216352601
2016-01-21,5213.029216352601
2016-01-22,5213.029216352601
2016-01-25,5213.029216352601
2016-01-26,5213.029216352601
2016-01-27,5213.029216352601
2016-01-28,5213.029216352601
2016-01-29,5213.029216352601
2016-02-01,5213.029216352601
2016-02-02,5213.029216352601
2016-02-03,5213.029216352601
2016-02-04,5210.422701744425
2016-02-05,5258.74669124249
2016-02-08,5258.74669124249
2016-02-09,5258.74669124249
2016-02-10,5258.74669124249
2016-02-11,5258.74669124249
2016-02-12,5258.74669124249
2016-02-15,5258.74669124249
2016-02-16,5258.74669124249
2016-02-17,5258.74669124249
2016-02-18,5258.74669124249
2016-02-19,5258.74669124249
2016-02-22,5258.74669124249
2016-02-23,5258.74669124249
2016-02-24,5258.74669124249
2016-02-25,5258.74669124249
2016-02-26,5258.74669124249
2016-02-29,5258.74669124249
2016-03-01,5258.74669124249
2016-03-02,5258.74669124249
2016-03-03,5258.74669124249
2016-03-04,5258.74669124249
2016-03-07,5258.74669124249
2016-03-08,5258.74669124249
2016-03-09,5258.74669124249
2016-03-10,5258.74669124249
2016-03-11,5256.117317896868
2016-03-14,5248.556013942811
2016-03-15,5248.556013942811
2016-03-16,5248.556013942811
2016-03-17,5248.556013942811
2016-03-18,5248.556013942811
2016-03-21,5248.556013942811
2016-03-22,5248.556013942811
2016-03-23,5248.556013942811
2016-03-24,5248.556013942811
2016-03-25,5248.556013942811
2016-03-28,5248.556013942811
2016-03-29,5248.556013942811
2016-03-30,5248.556013942811
2016-03-31,5248.556013942811
2016-04-01,5248.556013942811
2016-04-04,5248.556013942811
2016-04-05,5248.556013942811
2016-04-06,5248.556013942811
2016-04-07,5248.556013942811
2016-04-08,5248.556013942811
2016-04-11,5248.556013942811
2016-04-12,5248.556013942811
2016-04-13,5248.556013942811
2016-04-14,5248.556013942811
2016-04-15,5248.556013942811
2016-04-18,5248.556013942811
2016-04-19,5248.556013942811
2016-04-20,5248.556013942811
2016-04-21,5248.556013942811
2016-04-22,5248.556013942811
2016-04-25,5248.556013942811
2016-04-26,5248.556013942811
2016-04-27,5248.556013942811
2016-04-28,5248.556013942811
2016-04-29,5248.556013942811
2016-05-02,5245.931735935839
2016-05-03,5271.587846627663
2016-05-04,5271.587846627663
2016-05-05,5271.587846627663
2016-05-06,5271.587846627663
2016-05-09,5271.587846627663
2016-05-10,5271.587846627663
2016-05-11,5271.587846627663
2016-05-12,5271.587846627663
2016-05-13,5271.587846627663
2016-05-16,5271.587846627663
2016-05-17,5271.587846627663
2016-05-18,5271.587846627663
2016-05-19,5271.587846627663
2016-05-20,5271.587846627663
2016-05-23,5271.587846627663
2016-05-24,5271.587846627663
2016-05-25,5271.587846627663
2016-05-26,5271.587846627663
2016-05-27,5271.587846627663
2016-05-30,5271.587846627663
2016-05-31,5271.587846627663
2016-06-01,5271.587846627663
2016-06-02,5271.587846627663
2016-06-03,5271.587846627663
2016-06-06,5268.952052704349
2016-06-07,5272.361677654505
2016-06-08,5272.361677654505
2016-06-09,5272.361677654505
2016-06-10,5272.361677654505
2016-06-13,5272.361677654505
2016-06-14,5272.361677654505
2016-06-15,5272.361677654505
2016-06-16,5272.361677654505
2016-06-17,5272.361677654505
2016-06-20,5272.361677654505
2016-06-21,5272.361677654505
2016-06-22,5272.361677654505
2016-06-23,5272.361677654505
2016-06-24,5272.361677654505
2016-06-27,5272.361677654505
2016-06-28,5272.361677654505
2016-06-29,5272.361677654505
2016-06-30,5272.361677654505
2016-07-01,5272.361677654505
2016-07-04,5272.361677654505
2016-07-05,5272.361677654505
2016-07-06,5272.361677654505
2016-07-07,5272.361677654505
2016-07-08,5272.361677654505
2016-07-11,5272.361677654505
2016-07-12,5272.361677654505
2016-07-13,5272.361677654505
2016-07-14,5272.361677654505
2016-07-15,5272.361677654505
2016-07-18,5272.361677654505
2016-07-19,5272.361677654505
2016-07-20,5272.361677654505
2016-07-21,5272.361677654505
2016-07-22,5272.361677654505
2016-07-25,5272.361677654505
2016-07-26,5272.361677654505
2016-07-27,5272.361677654505
2016-07-28,5269.725496815678
2016-07-29,5272.286831864353
2016-08-01,5272.286831864353
2016-08-02,5272.286831864353
2016-08-03,5272.286831864353
2016-08-04,5272.286831864353
2016-08-05,5272.286831864353
2016-08-08,5272.286831864353
2016-08-09,5272.286831864353
2016-08-10,5272.286831864353
2016-08-11,5272.286831864353
2016-08-12,5272.286831864353
2016-08-15,5272.286831864353
2016-08-16,5272.286831864353
2016-08-17,5269.6506884484215
2016-08-18,5277.722568486057
2016-08-19,5277.722568486057
2016-08-22,5277.722568486057
2016-08-23,5277.722568486057
2016-08-24,5277.722568486057
2016-08-25,5277.722568486057
2016-08-26,5277.722568486057
2016-08-29,5277.722568486057
2016-08-30,5277.722568486057
2016-08-31,5277.722568486057
2016-09-01,5277.722568486057
2016-09-02,5277.722568486057
2016-09-05,5277.722568486057
2016-09-06,5277.722568486057
2016-09-07,5275.083707201814
2016-09-08,5266.513548865763
2016-09-09,5266.513548865763
2016-09-12,5266.513548865763
2016-09-13,5266.513548865763
2016-09-14,5266.513548865763
2016-09-15,5266.513548865763
2016-09-16,5266.513548865763
2016-09-19,5266.513548865763
2016-09-20,5266.513548865763
2016-09-21,5266.513548865763
2016-09-22,5266.513548865763
2016-09-23,5266.513548865763
2016-09-26,5266.513548865763
2016-09-27,5266.513548865763
2016-09-28,5266.513548865763
2016-09-29,5266.513548865763
2016-09-30,5266.513548865763
2016-10-03,5266.513548865763
2016-10-04,5266.513548865763
2016-10-05,5266.513548865763
2016-10-06,5266.513548865763
2016-10-07,5266.513548865763
2016-10-10,5266.513548865763
2016-10-11,5266.513548865763
2016-10-12,5266.513548865763
2016-10-13,5266.513548865763
2016-10-14,5266.513548865763
2016-10-17,5266.513548865763
2016-10-18,5266.513548865763
2016-10-19,5266.513548865763
2016-10-20,5266.513548865763
2016-10-21,5266.513548865763
2016-10-24,5266.513548865763
2016-10-25,5266.513548865763
2016-10-26,5266.513548865763
2016-10-27,5266.513548865763
2016-10-28,5266.513548865763
2016-10-31,5263.88029209133
2016-11-01,5255.8157799668215
2016-11-02,5253.187872076838
2016-11-03,5269.764297360969
2016-11-04,5269.764297360969
2016-11-07,5269.764297360969
2016-11-08,5269.764297360969
2016-11-09,5269.764297360969
2016-11-10,5269.764297360969
2016-11-11,5269.764297360969
2016-11-14,5269.764297360969
2016-11-15,5269.764297360969
2016-11-16,5269.764297360969
2016-11-17,5269.764297360969
2016-11-18,5269.764297360969
2016-11-21,5269.764297360969
2016-11-22,5269.764297360969
2016-11-23,5269.764297360969
2016-11-24,5269.764297360969
2016-11-25,5269.764297360969
2016-11-28,5269.764297360969
2016-11-29,5269.764297360969
2016-11-30,5269.764297360969
2016-12-01,5269.764297360969
2016-12-02,5269.764297360969
2016-12-05,5269.764297360969
2016-12-06,5267.129415212289
2016-12-07,5246.395579910997
2016-12-08,5246.395579910997
2016-12-09,5246.395579910997
2016-12-12,5246.395579910997
2016-12-13,5246.395579910997
2016-12-14,5246.395579910997
2016-12-15,5246.395579910997
2016-12-16,5246.395579910997
2016-12-19,5246.395579910997
2016-12-20,5246.395579910997
2016-12-21,5246.395579910997
2016-12-22,5246.395579910997
2016-12-23,5246.395579910997
2016-12-26,5246.395579910997
2016-12-27,5246.395579910997
2016-12-28,5246.395579910997
2016-12-29,5246.395579910997
2016-12-30,5243.772382121042
2017-01-02,5217.137702501343
2017-01-03,5217.137702501343
2017-01-04,5217.137702501343
2017-01-05,5217.137702501343
2017-01-06,5214.529133650092
2017-01-09,5175.382829186759
2017-01-10,5175.382829186759
2017-01-11,5175.382829186759
2017-01-12,5175.382829186759
2017-01-13,5175.382829186759
2017-01-16,5175.382829186759
2017-01-17,5175.382829186759
2017-01-18,5175.382829186759
2017-01-19,5175.382829186759
2017-01-20,5175.382829186759
2017-01-23,5175.382829186759
2017-01-24,5175.382829186759
2017-01-25,5175.382829186759
2017-01-26,5175.382829186759
2017-01-27,5175.382829186759
2017-01-30,5175.382829186759
2017-01-31,5175.382829186759
2017-02-01,5172.7951377721665
2017-02-02,5152.745795024422
2017-02-03,5152.745795024422
2017-02-06,5152.745795024422
2017-02-07,5152.745795024422
2017-02-08,5152.745795024422
2017-02-09,5152.745795024422
2017-02-10,5152.745795024422
2017-02-13,5152.745795024422
2017-02-14,5152.745795024422
2017-02-15,5152.745795024422
2017-02-16,5152.745795024422
2017-02-17,5152.745795024422
2017-02-20,5152.745795024422
2017-02-21,5152.745795024422
2017-02-22,5152.745795024422
2017-02-23,5152.745795024422
2017-02-24,5152.745795024422
2017-02-27,5152.745795024422
2017-02-28,5152.745795024422
2017-03-01,5152.745795024422
2017-03-02,5152.745795024422
2017-03-03,5152.745795024422
2017-03-06,5150.16942212691
2017-03-07,5127.559590162622
2017-03-08,5127.559590162622
2017-03-09,5127.559590162622
2017-03-10,5127.559590162622
2017-03-13,5124.995810367541
2017-03-14,5103.894885330804
2017-03-15,5103.894885330804
2017-03-16,5101.342937888138
2017-03-17,5116.241247801415
2017-03-20,5116.241247801415
2017-03-21,5116.241247801415
2017-03-22,5116.241247801415
2017-03-23,5116.241247801415
2017-03-24,5116.241247801415
2017-03-27,5116.241247801415
2017-03-28,5116.241247801415
2017-03-29,5116.241247801415
2017-03-30,5116.241247801415
2017-03-31,5116.241247801415
2017-04-03,5116.241247801415
2017-04-04,5116.241247801415
2017-04-05,5116.241247801415
2017-04-06,5116.241247801415
2017-04-07,5116.241247801415
2017-04-10,5116.241247801415
2017-04-11,5116.241247801415
2017-04-12,5116.241247801415
2017-04-13,5116.241247801415
2017-04-14,5116.241247801415
2017-04-17,5116.241247801415
2017-04-18,5116.241247801415
2017-04-19,5113.6831271775145
2017-04-20,5104.601523660071
2017-04-21,5104.601523660071
2017-04-24,5102.049222898241
2017-04-25,5095.227607406253
2017-04-26,5095.227607406253
2017-04-27,5095.227607406253
2017-04-28,5095.227607406253
2017-05-01,5095.227607406253
2017-05-02,5095.227607406253
2017-05-03,5095.227607406253
2017-05-04,5095.227607406253
2017-05-05,5092.67999360255
2017-05-08,5082.5331707065625
2017-05-09,5082.5331707065625
2017-05-10,5082.5331707065625
2017-05-11,5082.5331707065625
2017-05-12,5082.5331707065625
2017-05-15,5082.5331707065625
2017-05-16,5082.5331707065625
2017-05-17,5079.99190412121
2017-05-18,5105.935967239323
2017-05-19,5105.935967239323
2017-05-22,5105.935967239323
2017-05-23,5105.935967239323
2017-05-24,5105.935967239323
2017-05-25,5105.935967239323
2017-05-26,5105.935967239323
2017-05-29,5105.935967239323
2017-05-30,5105.935967239323
2017-05-31,5105.935967239323
2017-06-01,5105.935967239323
2017-06-02,5105.935967239323
2017-06-05,5105.935967239323
2017-06-06,5105.935967239323
2017-06-07,5105.935967239323
2017-06-08,5105.935967239323
2017-06-09,5105.935967239323
2017-06-12,5105.935967239323
2017-06-13,5105.935967239323
2017-06-14,5105.935967239323
2017-06-15,5105.935967239323
2017-06-16,5105.935967239323
2017-06-19,5105.935967239323
2017-06-20,5105.935967239323
2017-06-21,5105.935967239323
2017-06-22,5105.935967239323
2017-06-23,5105.935967239323
2017-06-26,5105.935967239323
2017-06-27,5105.935967239323
2017-06-28,5103.382999255704
2017-06-29,5120.369938644783
2017-06-30,5120.369938644783
2017-07-03,5120.369938644783
2017-07-04,5120.369938644783
2017-07-05,5120.369938644783
2017-07-06,5120.369938644783
2017-07-07,5120.369938644783
2017-07-10,5120.369938644783
2017-07-12,5120.369938644783
2017-07-13,5120.369938644783
2017-07-14,5120.369938644783
2017-07-17,5120.369938644783
2017-07-18,5120.369938644783
2017-07-19,5120.369938644783
2017-07-20,5120.369938644783
2017-07-21,5117.809753675461
2017-07-24,5138.514000702827
2017-07-25,5138.514000702827
2017-07-26,5138.514000702827
2017-07-27,5138.514000702827
2017-07-28,5138.514000702827
2017-07-31,5138.514000702827
2017-08-01,5138.514000702827
2017-08-02,5138.514000702827
2017-08-03,5138.514000702827
2017-08-04,5138.514000702827
2017-08-07,5138.514000702827
2017-08-08,5138.514000702827
2017-08-09,5138.514000702827
2017-08-10,5138.514000702827
2017-08-11,5138.514000702827
2017-08-14,5138.514000702827
2017-08-15,5138.514000702827
2017-08-16,5138.514000702827
2017-08-17,5138.514000702827
2017-08-18,5138.514000702827
2017-08-21,5138.514000702827
2017-08-22,5138.514000702827
2017-08-23,5138.514000702827
2017-08-24,5138.514000702827
2017-08-25,5138.514000702827
2017-08-28,5135.9447437024755
2017-08-29,5138.53576557763
2017-08-30,5138.53576557763
2017-08-31,5138.53576557763
2017-09-01,5138.53576557763
2017-09-04,5138.53576557763
2017-09-05,5138.53576557763
2017-09-06,5138.53576557763
2017-09-07,5138.53576557763
2017-09-08,5138.53576557763
2017-09-11,5138.53576557763
2017-09-12,5138.53576557763
2017-09-13,5138.53576557763
2017-09-14,5138.53576557763
2017-09-15,5138.53576557763
2017-09-18,5138.53576557763
2017-09-19,5138.53576557763
2017-09-20,5138.53576557763
2017-09-21,5138.53576557763
2017-09-22,5138.53576557763
2017-09-25,5138.53576557763
2017-09-26,5138.53576557763
2017-09-27,5138.53576557763
2017-09-28,5138.53576557763
2017-09-29,5138.53576557763
2017-10-02,5138.53576557763
2017-10-03,5138.53576557763
2017-10-04,5138.53576557763
2017-10-05,5138.53576557763
2017-10-06,5138.53576557763
2017-10-09,5138.53576557763
2017-10-10,5138.53576557763
2017-10-11,5138.53576557763
2017-10-12,5138.53576557763
2017-10-13,5138.53576557763
2017-10-16,5138.53576557763
2017-10-17,5138.53576557763
2017-10-18,5138.53576557763
2017-10-19,5138.53576557763
2017-10-20,5138.53576557763
2017-10-23,5138.53576557763
2017-10-24,5138.53576557763
2017-10-25,5138.53576557763
2017-10-26,5138.53576557763
2017-10-27,5138.53576557763
2017-10-30,5138.53576557763
2017-10-31,5138.53576557763
2017-11-01,5138.53576557763
2017-11-02,5138.53576557763
2017-11-03,5138.53576557763
2017-11-06,5138.53576557763
2017-11-07,5138.53576557763
2017-11-08,5138.53576557763
2017-11-09,5138.53576557763
2017-11-10,5138.53576557763
2017-11-13,5138.53576557763
2017-11-14,5138.53576557763
2017-11-15,5135.966497694842
2017-11-17,5126.680166357717
2017-11-20,5126.680166357717
2017-11-21,5126.680166357717
2017-11-22,5126.680166357717
2017-11-23,5126.680166357717
2017-11-24,5126.680166357717
2017-11-27,5126.680166357717
2017-11-28,5126.680166357717
2017-11-29,5126.680166357717
2017-11-30,5126.680166357717
2017-12-01,5126.680166357717
2017-12-04,5126.680166357717
2017-12-05,5126.680166357717
2017-12-06,5126.680166357717
2017-12-07,5126.680166357717
2017-12-08,5126.680166357717
2017-12-11,5126.680166357717
2017-12-12,5126.680166357717
2017-12-13,5126.680166357717
2017-12-14,5124.116826274539
2017-12-15,5095.119941339113
2017-12-18,5095.119941339113
2017-12-19,5095.119941339113
2017-12-20,5095.119941339113
2017-12-21,5095.119941339113
2017-12-22,5095.119941339113
2017-12-25,5095.119941339113
2017-12-26,5095.119941339113
2017-12-27,5095.119941339113
2017-12-28,5095.119941339113
2017-12-29,5095.119941339113
2018-01-01,5095.119941339113
2018-01-02,5095.119941339113
2018-01-03,5095.119941339113
2018-01-04,5095.119941339113
2018-01-05,5095.119941339113
2018-01-08,5095.119941339113
2018-01-09,5095.119941339113
2018-01-10,5095.119941339113
2018-01-11,5095.119941339113
2018-01-12,5095.119941339113
2018-01-15,5092.5723813684435
2018-01-16,5121.728528752615
2018-01-17,5121.728528752615
2018-01-18,5121.728528752615
2018-01-19,5121.728528752615
2018-01-22,5121.728528752615
2018-01-23,5121.728528752615
2018-01-24,5121.728528752615
2018-01-25,5121.728528752615
2018-01-26,5121.728528752615
2018-01-29,5121.728528752615
2018-01-30,5121.728528752615
2018-01-31,5121.728528752615
2018-02-01,5121.728528752615
2018-02-02,5121.728528752615
2018-02-05,5121.728528752615
2018-02-06,5121.728528752615
2018-02-07,5121.728528752615
2018-02-08,5121.728528752615
2018-02-09,5121.728528752615
2018-02-12,5121.728528752615
2018-02-13,5121.728528752615
2018-02-14,5121.728528752615
2018-02-15,5119.167664488239
2018-02-16,5131.500467302163
2018-02-19,5131.500467302163
2018-02-20,5131.500467302163
2018-02-21,5131.500467302163
2018-02-22,5131.500467302163
2018-02-23,5131.500467302163
2018-02-26,5131.500467302163
2018-02-27,5131.500467302163
2018-02-28,5131.500467302163
2018-03-01,5131.500467302163
2018-03-02,5131.500467302163
2018-03-05,5131.500467302163
2018-03-06,5131.500467302163
2018-03-07,5131.500467302163
2018-03-08,5131.500467302163
2018-03-09,5131.500467302163
2018-03-12,5131.500467302163
2018-03-13,5131.500467302163
2018-03-14,5131.500467302163
2018-03-15,5131.500467302163
2018-03-16,5131.500467302163
2018-03-19,5131.500467302163
2018-03-20,5131.500467302163
2018-03-21,5131.500467302163
2018-03-22,5131.500467302163
2018-03-23,5131.500467302163
2018-03-26,5131.500467302163
2018-03-27,5128.934717068512
2018-03-28,5105.901277702215
2018-03-29,5105.901277702215
2018-03-30,5105.901277702215
2018-04-02,5105.901277702215
2018-04-03,5105.901277702215
2018-04-04,5105.901277702215
2018-04-05,5105.901277702215
2018-04-06,5105.901277702215
2018-04-09,5105.901277702215
2018-04-10,5105.901277702215
2018-04-11,5105.901277702215
2018-04-12,5105.901277702215
2018-04-13,5105.901277702215
2018-04-16,5105.901277702215
2018-04-17,5105.901277702215
2018-04-18,5105.901277702215
2018-04-19,5105.901277702215
2018-04-20,5105.901277702215
2018-04-23,5105.901277702215
2018-04-24,5105.901277702215
2018-04-25,5105.901277702215
2018-04-26,5105.901277702215
2018-04-27,5105.901277702215
2018-04-30,5105.901277702215
2018-05-01,5105.901277702215
2018-05-02,5105.901277702215
2018-05-03,5105.901277702215
2018-05-04,5105.901277702215
2018-05-07,5105.901277702215
2018-05-08,5105.901277702215
2018-05-09,5105.901277702215
2018-05-10,5105.901277702215
2018-05-11,5105.901277702215
2018-05-14,5105.901277702215
2018-05-15,5105.901277702215
2018-05-16,5105.901277702215
2018-05-17,5105.901277702215
2018-05-18,5105.901277702215
2018-05-21,5105.901277702215
2018-05-22,5105.901277702215
2018-05-23,5105.901277702215
2018-05-24,5105.901277702215
2018-05-25,5105.901277702215
2018-05-28,5105.901277702215
2018-05-29,5105.901277702215
2018-05-30,5105.901277702215
2018-05-31,5103.348327063364
2018-06-01,5112.122071093434
2018-06-04,5112.122071093434
2018-06-05,5112.122071093434
2018-06-06,5112.122071093434
2018-06-07,5112.122071093434
2018-06-08,5112.122071093434
2018-06-11,5112.122071093434
2018-06-12,5112.122071093434
2018-06-13,5112.122071093434
2018-06-14,5112.122071093434
2018-06-15,5112.122071093434
2018-06-18,5112.122071093434
2018-06-19,5112.122071093434
2018-06-20,5112.122071093434
2018-06-21,5112.122071093434
2018-06-22,5112.122071093434
2018-06-25,5112.122071093434
2018-06-26,5112.122071093434
2018-06-27,5112.122071093434
2018-06-28,5112.122071093434
2018-06-29,5112.122071093434
2018-07-02,5112.122071093434
2018-07-03,5112.122071093434
2018-07-04,5112.122071093434
2018-07-05,5112.122071093434
2018-07-06,5112.122071093434
2018-07-09,5112.122071093434
2018-07-10,5112.122071093434
2018-07-11,5112.122071093434
2018-07-12,5112.122071093434
2018-07-13,5112.122071093434
2018-07-16,5112.122071093434
2018-07-17,5112.122071093434
2018-07-18,5112.122071093434
2018-07-19,5112.122071093434
2018-07-20,5112.122071093434
2018-07-23,5109.566010057888
2018-07-24,5086.175362865572
2018-07-25,5086.175362865572
2018-07-26,5086.175362865572
2018-07-27,5086.175362865572
2018-07-30,5086.175362865572
2018-07-31,5086.175362865572
2018-08-01,5086.175362865572
2018-08-02,5086.175362865572
2018-08-03,5086.175362865572
2018-08-06,5086.175362865572
2018-08-07,5086.175362865572
2018-08-08,5086.175362865572
2018-08-09,5086.175362865572
2018-08-10,5086.175362865572
2018-08-13,5086.175362865572
2018-08-14,5086.175362865572
2018-08-15,5086.175362865572
2018-08-16,5086.175362865572
2018-08-17,5086.175362865572
2018-08-20,5086.175362865572
2018-08-21,5086.175362865572
2018-08-22,5086.175362865572
2018-08-23,5086.175362865572
2018-08-24,5086.175362865572
2018-08-27,5083.63227518414
2018-08-28,5096.214051344761
2018-08-29,5096.214051344761
2018-08-30,5096.214051344761
2018-08-31,5096.214051344761
2018-09-03,5096.214051344761
2018-09-04,5096.214051344761
2018-09-05,5096.214051344761
2018-09-06,5096.214051344761
2018-09-07,5096.214051344761
2018-09-10,5096.214051344761
2018-09-11,5096.214051344761
2018-09-12,5096.214051344761
2018-09-13,5096.214051344761
2018-09-14,5096.214051344761
2018-09-17,5096.214051344761
2018-09-18,5096.214051344761
2018-09-19,5096.214051344761
2018-09-20,5096.214051344761
2018-09-21,5093.665944319089
2018-09-24,5080.333948074666
2018-09-25,5080.333948074666
2018-09-26,5080.333948074666
2018-09-27,5080.333948074666
2018-09-28,5080.333948074666
2018-10-01,5080.333948074666
2018-10-02,5080.333948074666
2018-10-03,5080.333948074666
2018-10-04,5080.333948074666
2018-10-05,5080.333948074666
2018-10-08,5080.333948074666
2018-10-09,5080.333948074666
2018-10-10,5080.333948074666
2018-10-11,5080.333948074666
2018-10-12,5080.333948074666
2018-10-15,5080.333948074666
2018-10-16,5080.333948074666
2018-10-17,5080.333948074666
2018-10-18,5080.333948074666
2018-10-19,5080.333948074666
2018-10-22,5080.333948074666
2018-10-23,5080.333948074666
2018-10-24,5080.333948074666
2018-10-25,5080.333948074666
2018-10-26,5080.333948074666
2018-10-29,5080.333948074666
2018-10-30,5080.333948074666
2018-10-31,5080.333948074666
2018-11-01,5080.333948074666
2018-11-02,5077.7937811006295
2018-11-05,5072.707856502895
2018-11-06,5072.707856502895
2018-11-07,5072.707856502895
2018-11-08,5072.707856502895
2018-11-09,5072.707856502895
2018-11-12,5072.707856502895
2018-11-13,5072.707856502895
2018-11-14,5072.707856502895
2018-11-15,5072.707856502895
2018-11-16,5072.707856502895
2018-11-19,5072.707856502895
2018-11-20,5072.707856502895
2018-11-21,5072.707856502895
2018-11-22,5072.707856502895
2018-11-23,5072.707856502895
2018-11-26,5072.707856502895
2018-11-27,5072.707856502895
2018-11-28,5072.707856502895
2018-11-29,5072.707856502895
2018-11-30,5072.707856502895
2018-12-03,5072.707856502895
2018-12-04,5072.707856502895
2018-12-05,5072.707856502895
2018-12-06,5072.707856502895
2018-12-07,5072.707856502895
2018-12-10,5072.707856502895
2018-12-11,5072.707856502895
2018-12-12,5072.707856502895
2018-12-13,5072.707856502895
2018-12-14,5072.707856502895
2018-12-17,5072.707856502895
2018-12-18,5072.707856502895
2018-12-19,5072.707856502895
2018-12-20,5072.707856502895
2018-12-21,5072.707856502895
2018-12-24,5072.707856502895
2018-12-25,5072.707856502895
2018-12-26,5072.707856502895
2018-12-27,5072.707856502895
2018-12-28,5072.707856502895
2018-12-31,5072.707856502895
2019-01-01,5072.707856502895
2019-01-02,5072.707856502895
2019-01-03,5072.707856502895
2019-01-04,5072.707856502895
2019-01-07,5072.707856502895
2019-01-08,5072.707856502895
2019-01-09,5072.707856502895
2019-01-10,5070.171502574644
2019-01-11,5047.9315681929365
2019-01-14,5047.9315681929365
2019-01-15,5047.9315681929365
2019-01-16,5047.9315681929365
2019-01-17,5047.9315681929365
2019-01-18,5047.9315681929365
2019-01-21,5047.9315681929365
2019-01-22,5047.9315681929365
2019-01-23,5047.9315681929365
2019-01-24,5047.9315681929365
2019-01-25,5047.9315681929365
2019-01-28,5045.40760240884
2019-01-29,5050.376333203587
2019-01-30,5050.376333203587
2019-01-31,5050.376333203587
2019-02-01,5050.376333203587
2019-02-04,5050.376333203587
2019-02-05,5050.376333203587
2019-02-06,5050.376333203587
2019-02-07,5050.376333203587
2019-02-08,5050.376333203587
2019-02-11,5050.376333203587
2019-02-12,5050.376333203587
2019-02-13,5050.376333203587
2019-02-14,5050.376333203587
2019-02-15,5050.376333203587
2019-02-18,5050.376333203587
2019-02-19,5050.376333203587
2019-02-20,5050.376333203587
2019-02-21,5050.376333203587
2019-02-22,5050.376333203587
2019-02-25,5050.376333203587
2019-02-26,5050.376333203587
2019-02-27,5050.376333203587
2019-02-28,5050.376333203587
2019-03-01,5050.376333203587
2019-03-04,5050.376333203587
2019-03-05,5050.376333203587
2019-03-06,5050.376333203587
2019-03-07,5050.376333203587
2019-03-08,5050.376333203587
2019-03-11,5050.376333203587
2019-03-12,5050.376333203587
2019-03-13,5050.376333203587
2019-03-14,5050.376333203587
2019-03-15,5050.376333203587
2019-03-18,5050.376333203587
2019-03-19,5050.376333203587
2019-03-20,5050.376333203587
2019-03-21,5047.851145036985
2019-03-22,5021.903080725854
2019-03-25,5021.903080725854
2019-03-26,5021.903080725854
2019-03-27,5021.903080725854
2019-03-28,5021.903080725854
2019-03-29,5021.903080725854
2019-04-01,5021.903080725854
2019-04-02,5021.903080725854
2019-04-03,5021.903080725854
2019-04-04,5021.903080725854
2019-04-05,5021.903080725854
2019-04-08,5021.903080725854
2019-04-09,5021.903080725854
2019-04-10,5021.903080725854
2019-04-11,5021.903080725854
2019-04-12,5021.903080725854
2019-04-15,5021.903080725854
2019-04-16,5021.903080725854
2019-04-17,5021.903080725854
2019-04-18,5021.903080725854
2019-04-19,5021.903080725854
2019-04-22,5021.903080725854
2019-04-23,5021.903080725854
2019-04-24,5021.903080725854
2019-04-25,5021.903080725854
2019-04-26,5021.903080725854
2019-04-29,5021.903080725854
2019-04-30,5021.903080725854
2019-05-01,5021.903080725854
2019-05-02,5021.903080725854
2019-05-03,5021.903080725854
2019-05-06,5021.903080725854
2019-05-07,5021.903080725854
2019-05-08,5021.903080725854
2019-05-09,5021.903080725854
2019-05-10,5021.903080725854
2019-05-13,5021.903080725854
2019-05-14,5021.903080725854
2019-05-15,5021.903080725854
2019-05-16,5021.903080725854
2019-05-17,5021.903080725854
2019-05-20,5021.903080725854
2019-05-21,5021.903080725854
2019-05-23,5021.903080725854
2019-05-24,5021.903080725854
2019-05-27,5021.903080725854
2019-05-28,5021.903080725854
2019-05-29,5021.903080725854
2019-05-30,5021.903080725854
2019-05-31,5021.903080725854
2019-06-03,5021.903080725854
2019-06-04,5019.392129185491
2019-06-05,5020.327326484236
2019-06-06,5020.327326484236
2019-06-07,5020.327326484236
2019-06-10,5020.327326484236
2019-06-11,5020.327326484236
2019-06-12,5020.327326484236
2019-06-13,5020.327326484236
2019-06-14,5020.327326484236
2019-06-17,5020.327326484236
2019-06-18,5020.327326484236
2019-06-19,5020.327326484236
2019-06-20,5020.327326484236
2019-06-21,5020.327326484236
2019-06-24,5017.817162820995
2019-06-25,5022.167584446029
2019-06-26,5022.167584446029
2019-06-27,5022.167584446029
2019-06-28,5022.167584446029
2019-07-01,5022.167584446029
2019-07-02,5022.167584446029
2019-07-03,5022.167584446029
2019-07-04,5022.167584446029
2019-07-05,5022.167584446029
2019-07-08,5022.167584446029
2019-07-09,5022.167584446029
2019-07-10,5022.167584446029
2019-07-11,5022.167584446029
2019-07-12,5022.167584446029
2019-07-15,5022.167584446029
2019-07-16,5022.167584446029
2019-07-17,5022.167584446029
2019-07-18,5022.167584446029
2019-07-19,5022.167584446029
2019-07-22,5022.167584446029
2019-07-23,5022.167584446029
2019-07-24,5022.167584446029
2019-07-25,5022.167584446029
2019-07-26,5022.167584446029
2019-07-29,5022.167584446029
2019-07-30,5022.167584446029
2019-07-31,5022.167584446029
2019-08-01,5022.167584446029
2019-08-02,5022.167584446029
2019-08-05,5022.167584446029
2019-08-06,5019.656500653806
2019-08-07,5000.692979616825
2019-08-08,5000.692979616825
2019-08-09,5000.692979616825
2019-08-12,5000.692979616825
2019-08-13,5000.692979616825
2019-08-14,5000.692979616825
2019-08-15,5000.692979616825
2019-08-16,5000.692979616825
2019-08-19,5000.692979616825
2019-08-20,5000.692979616825
2019-08-21,5000.692979616825
2019-08-22,5000.692979616825
2019-08-23,5000.692979616825
2019-08-26,4998.192633127017
2019-08-27,4978.013645465772
2019-08-28,4978.013645465772
2019-08-29,4978.013645465772
2019-08-30,4978.013645465772
2019-09-02,4978.013645465772
2019-09-03,4978.013645465772
2019-09-04,4978.013645465772
2019-09-05,4978.013645465772
2019-09-06,4978.013645465772
2019-09-09,4978.013645465772
2019-09-10,4978.013645465772
2019-09-11,4978.013645465772
2019-09-12,4978.013645465772
2019-09-13,4978.013645465772
2019-09-16,4978.013645465772
2019-09-17,4978.013645465772
2019-09-18,4978.013645465772
2019-09-19,4978.013645465772
2019-09-20,4978.013645465772
2019-09-23,4978.013645465772
2019-09-24,4978.013645465772
2019-09-25,4978.013645465772
2019-09-26,4978.013645465772
2019-09-27,4978.013645465772
2019-09-30,4978.013645465772
2019-10-01,4978.013645465772
2019-10-02,4978.013645465772
2019-10-03,4978.013645465772
2019-10-04,4978.013645465772
2019-10-07,4978.013645465772
2019-10-08,4978.013645465772
2019-10-09,4978.013645465772
2019-10-10,4978.013645465772
2019-10-11,4978.013645465772
2019-10-14,4978.013645465772
2019-10-15,4978.013645465772
2019-10-16,4978.013645465772
2019-10-17,4978.013645465772
2019-10-18,4978.013645465772
2019-10-21,4978.013645465772
2019-10-22,4978.013645465772
2019-10-23,4978.013645465772
2019-10-24,4978.013645465772
2019-10-25,4978.013645465772
2019-10-28,4978.013645465772
2019-10-29,4978.013645465772
2019-10-30,4978.013645465772
2019-10-31,4978.013645465772
2019-11-01,4978.013645465772
2019-11-04,4978.013645465772
2019-11-05,4978.013645465772
2019-11-06,4978.013645465772
2019-11-07,4978.013645465772
2019-11-08,4978.013645465772
2019-11-11,4978.013645465772
2019-11-12,4978.013645465772
2019-11-13,4978.013645465772
2019-11-14,4978.013645465772
2019-11-15,4978.013645465772
2019-11-18,4978.013645465772
2019-11-19,4978.013645465772
2019-11-20,4978.013645465772
2019-11-21,4978.013645465772
2019-11-22,4978.013645465772
2019-11-25,4978.013645465772
2019-11-26,4978.013645465772
2019-11-27,4978.013645465772
2019-11-28,4978.013645465772
2019-11-29,4978.013645465772
2019-12-02,4978.013645465772
2019-12-03,4975.52463864304
2019-12-04,4975.793741473366
2019-12-05,4975.793741473366
2019-12-06,4975.793741473366
2019-12-09,4975.793741473366
2019-12-10,4975.793741473366
2019-12-11,4975.793741473366
2019-12-12,4975.793741473366
2019-12-13,4973.30584460263
2019-12-16,4943.357734447914
2019-12-17,4943.357734447914
2019-12-18,4943.357734447914
2019-12-19,4943.357734447914
2019-12-20,4943.357734447914
2019-12-23,4943.357734447914
2019-12-24,4943.357734447914
2019-12-25,4943.357734447914
2019-12-26,4943.357734447914
2019-12-27,4943.357734447914
2019-12-30,4940.88605558069
2019-12-31,4947.241423787908
2020-01-01,4947.241423787908
2020-01-02,4947.241423787908
2020-01-03,4947.241423787908
2020-01-06,4947.241423787908
2020-01-07,4947.241423787908
2020-01-08,4947.241423787908
2020-01-09,4947.241423787908
2020-01-10,4947.241423787908
2020-01-13,4947.241423787908
2020-01-14,4947.241423787908
2020-01-15,4947.241423787908
2020-01-16,4947.241423787908
2020-01-17,4947.241423787908
2020-01-20,4947.241423787908
2020-01-21,4947.241423787908
2020-01-22,4947.241423787908
2020-01-23,4947.241423787908
2020-01-24,4947.241423787908
2020-01-27,4947.241423787908
2020-01-28,4947.241423787908
2020-01-29,4947.241423787908
2020-01-30,4947.241423787908
2020-01-31,4947.241423787908
2020-02-03,4944.767803076014
2020-02-04,4930.300597854882
2020-02-05,4930.300597854882
2020-02-06,4930.300597854882
2020-02-07,4930.300597854882
2020-02-10,4930.300597854882
2020-02-11,4930.300597854882
2020-02-12,4930.300597854882
2020-02-13,4930.300597854882
2020-02-14,4930.300597854882
2020-02-17,4930.300597854882
2020-02-18,4930.300597854882
2020-02-19,4930.300597854882
2020-02-20,4930.300597854882
2020-02-21,4930.300597854882
2020-02-24,4930.300597854882
2020-02-25,4930.300597854882
2020-02-26,4930.300597854882
2020-02-27,4930.300597854882
2020-02-28,4927.8354475559545
2020-03-02,4949.5465563318485
2020-03-03,4947.071783053683
2020-03-04,4960.833197066667
2020-03-05,4960.833197066667
2020-03-06,4960.833197066667
2020-03-09,4958.3527804681335
2020-03-10,4961.070479142174
2020-03-11,4961.070479142174
2020-03-12,4961.070479142174
2020-03-13,4961.070479142174
2020-03-16,4961.070479142174
2020-03-17,4961.070479142174
2020-03-18,4961.070479142174
2020-03-19,4961.070479142174
2020-03-20,4961.070479142174
2020-03-23,4961.070479142174
2020-03-24,4961.070479142174
2020-03-25,4961.070479142174
2020-03-26,4961.070479142174
2020-03-27,4961.070479142174
2020-03-30,4961.070479142174
2020-03-31,4961.070479142174
2020-04-01,4961.070479142174
2020-04-02,4961.070479142174
2020-04-03,4961.070479142174
2020-04-06,4961.070479142174
2020-04-07,4961.070479142174
2020-04-08,4961.070479142174
2020-04-09,4961.070479142174
2020-04-10,4961.070479142174
2020-04-13,4961.070479142174
2020-04-14,4961.070479142174
2020-04-15,4961.070479142174
2020-04-16,4961.070479142174
2020-04-17,4961.070479142174
2020-04-20,4961.070479142174
2020-04-21,4961.070479142174
2020-04-22,4961.070479142174
2020-04-23,4961.070479142174
2020-04-24,4961.070479142174
2020-04-27,4961.070479142174
2020-04-28,4961.070479142174
2020-04-29,4961.070479142174
2020-04-30,4961.070479142174
2020-05-01,4961.070479142174
2020-05-04,4961.070479142174
2020-05-05,4961.070479142174
2020-05-06,4961.070479142174
2020-05-07,4961.070479142174
2020-05-08,4961.070479142174
2020-05-11,4961.070479142174
2020-05-12,4961.070479142174
2020-05-13,4961.070479142174
2020-05-14,4961.070479142174
2020-05-15,4961.070479142174
2020-05-18,4961.070479142174
2020-05-19,4961.070479142174
2020-05-20,4961.070479142174
2020-05-21,4961.070479142174
2020-05-22,4961.070479142174
2020-05-25,4961.070479142174
2020-05-26,4961.070479142174
2020-05-27,4961.070479142174
2020-05-28,4961.070479142174
2020-05-29,4961.070479142174
2020-06-01,4961.070479142174
2020-06-02,4961.070479142174
2020-06-03,4961.070479142174
2020-06-04,4961.070479142174
2020-06-05,4961.070479142174
2020-06-08,4961.070479142174
2020-06-09,4961.070479142174
2020-06-10,4961.070479142174
2020-06-11,4961.070479142174
2020-06-12,4961.070479142174
2020-06-15,4961.070479142174
2020-06-16,4961.070479142174
2020-06-17,4961.070479142174
2020-06-18,4961.070479142174
2020-06-19,4961.070479142174
2020-06-22,4961.070479142174
2020-06-23,4961.070479142174
2020-06-24,4961.070479142174
2020-06-25,4961.070479142174
2020-06-26,4961.070479142174
2020-06-29,4961.070479142174
2020-06-30,4961.070479142174
2020-07-01,4961.070479142174
2020-07-02,4961.070479142174
2020-07-03,4961.070479142174
2020-07-06,4961.070479142174
2020-07-07,4961.070479142174
2020-07-08,4961.070479142174
2020-07-09,4961.070479142174
2020-07-10,4961.070479142174
2020-07-13,4961.070479142174
2020-07-14,4961.070479142174
2020-07-15,4961.070479142174
2020-07-16,4961.070479142174
2020-07-17,4961.070479142174
2020-07-20,4961.070479142174
2020-07-21,4961.070479142174
2020-07-22,4961.070479142174
2020-07-23,4961.070479142174
2020-07-24,4961.070479142174
2020-07-27,4961.070479142174
2020-07-28,4958.589943902603
2020-07-29,4934.7966960085505
2020-07-30,4934.7966960085505
2020-07-31,4934.7966960085505
2020-08-03,4934.7966960085505
2020-08-04,4934.7966960085505
2020-08-05,4934.7966960085505
2020-08-06,4934.7966960085505
2020-08-07,4934.7966960085505
2020-08-10,4934.7966960085505
2020-08-11,4934.7966960085505
2020-08-12,4934.7966960085505
2020-08-13,4934.7966960085505
2020-08-14,4934.7966960085505
2020-08-17,4934.7966960085505
2020-08-18,4934.7966960085505
2020-08-19,4934.7966960085505
2020-08-20,4934.7966960085505
2020-08-21,4934.7966960085505
2020-08-24,4934.7966960085505
2020-08-25,4934.7966960085505
2020-08-26,4934.7966960085505
2020-08-27,4934.7966960085505
2020-08-28,4934.7966960085505
2020-08-31,4934.7966960085505
2020-09-01,4934.7966960085505
2020-09-02,4934.7966960085505
2020-09-03,4934.7966960085505
2020-09-04,4934.7966960085505
2020-09-07,4934.7966960085505
2020-09-08,4934.7966960085505
2020-09-09,4934.7966960085505
2020-09-10,4934.7966960085505
2020-09-11,4934.7966960085505
2020-09-14,4934.7966960085505
2020-09-15,4934.7966960085505
2020-09-16,4934.7966960085505
2020-09-17,4934.7966960085505
2020-09-18,4934.7966960085505
2020-09-21,4934.7966960085505
2020-09-22,4934.7966960085505
2020-09-23,4934.7966960085505
2020-09-24,4934.7966960085505
2020-09-25,4934.7966960085505
2020-09-28,4934.7966960085505
2020-09-29,4934.7966960085505
2020-09-30,4934.7966960085505
2020-10-01,4934.7966960085505
2020-10-02,4934.7966960085505
2020-10-05,4934.7966960085505
2020-10-06,4934.7966960085505
2020-10-07,4934.7966960085505
2020-10-08,4934.7966960085505
2020-10-09,4934.7966960085505
2020-10-12,4934.7966960085505
2020-10-13,4934.7966960085505
2020-10-14,4934.7966960085505
2020-10-15,4934.7966960085505
2020-10-16,4934.7966960085505
2020-10-19,4934.7966960085505
2020-10-20,4934.7966960085505
2020-10-21,4934.7966960085505
2020-10-22,4934.7966960085505
2020-10-23,4934.7966960085505
2020-10-26,4934.7966960085505
2020-10-27,4934.7966960085505
2020-10-28,4934.7966960085505
2020-10-29,4934.7966960085505
2020-10-30,4934.7966960085505
2020-11-02,4934.7966960085505
2020-11-03,4934.7966960085505
2020-11-04,4932.329297660546
2020-11-05,4917.463324520995
2020-11-06,4917.463324520995
2020-11-09,4917.463324520995
2020-11-10,4917.463324520995
2020-11-11,4917.463324520995
2020-11-12,4917.463324520995
2020-11-13,4917.463324520995
2020-11-16,4917.463324520995
2020-11-17,4917.463324520995
2020-11-18,4917.463324520995
2020-11-19,4917.463324520995
2020-11-20,4917.463324520995
2020-11-23,4917.463324520995
2020-11-24,4917.463324520995
2020-11-25,4917.463324520995
2020-11-26,4917.463324520995
2020-11-27,4917.463324520995
2020-11-30,4917.463324520995
2020-12-01,4917.463324520995
2020-12-02,4915.004592858735
2020-12-03,4928.893806652022
2020-12-04,4928.893806652022
2020-12-07,4928.893806652022
2020-12-08,4928.893806652022
2020-12-09,4928.893806652022
2020-12-10,4928.893806652022
2020-12-11,4928.893806652022
2020-12-14,4928.893806652022
2020-12-15,4928.893806652022
2020-12-16,4928.893806652022
2020-12-17,4928.893806652022
2020-12-18,4928.893806652022
2020-12-21,4928.893806652022
2020-12-22,4928.893806652022
2020-12-23,4928.893806652022
2020-12-24,4928.893806652022
2020-12-25,4928.893806652022
2020-12-28,4928.893806652022
2020-12-29,4928.893806652022
2020-12-30,4928.893806652022
2020-12-31,4928.893806652022
2021-01-01,4928.893806652022
2021-01-04,4928.893806652022
2021-01-05,4928.893806652022
2021-01-06,4928.893806652022
2021-01-07,4928.893806652022
2021-01-08,4928.893806652022
2021-01-11,4928.893806652022
2021-01-12,4928.893806652022
2021-01-13,4928.893806652022
2021-01-14,4928.893806652022
2021-01-15,4928.893806652022
2021-01-18,4928.893806652022
2021-01-19,4928.893806652022
2021-01-20,4928.893806652022
2021-01-21,4928.893806652022
2021-01-22,4928.893806652022
2021-01-25,4928.893806652022
2021-01-26,4928.893806652022
2021-01-27,4928.893806652022
2021-01-28,4928.893806652022
2021-01-29,4928.893806652022
2021-02-01,4928.893806652022
2021-02-02,4928.893806652022
2021-02-03,4928.893806652022
2021-02-04,4928.893806652022
2021-02-05,4928.893806652022
2021-02-08,4926.429359748697
2021-02-09,4925.937347136356
2021-02-10,4925.937347136356
2021-02-11,4925.937347136356
2021-02-12,4925.937347136356
2021-02-15,4925.937347136356
2021-02-16,4925.937347136356
2021-02-17,4925.937347136356
2021-02-18,4925.937347136356
2021-02-19,4925.937347136356
2021-02-22,4925.937347136356
2021-02-23,4925.937347136356
2021-02-24,4925.937347136356
2021-02-25,4925.937347136356
2021-02-26,4925.937347136356
2021-03-01,4925.937347136356
2021-03-02,4925.937347136356
2021-03-03,4925.937347136356
2021-03-04,4925.937347136356
2021-03-05,4925.937347136356
2021-03-08,4925.937347136356
2021-03-09,4925.937347136356
2021-03-10,4925.937347136356
2021-03-11,4925.937347136356
2021-03-12,4925.937347136356
2021-03-15,4925.937347136356
2021-03-16,4925.937347136356
2021-03-17,4925.937347136356
2021-03-18,4925.937347136356
2021-03-19,4925.937347136356
2021-03-22,4925.937347136356
2021-03-23,4925.937347136356
2021-03-24,4925.937347136356
2021-03-25,4925.937347136356
2021-03-26,4925.937347136356
2021-03-29,4925.937347136356
2021-03-30,4925.937347136356
2021-03-31,4925.937347136356
2021-04-01,4925.937347136356
2021-04-02,4925.937347136356
2021-04-05,4925.937347136356
2021-04-06,4925.937347136356
2021-04-07,4925.937347136356
2021-04-08,4925.937347136356
2021-04-09,4925.937347136356
2021-04-12,4925.937347136356
2021-04-13,4925.937347136356
2021-04-14,4925.937347136356
2021-04-15,4925.937347136356
2021-04-16,4925.937347136356
2021-04-19,4925.937347136356
2021-04-20,4923.474378462788
2021-04-21,4915.7376177986625
2021-04-22,4915.7376177986625
2021-04-23,4915.7376177986625
2021-04-26,4913.279748989764
2021-04-27,4907.49759891741
2021-04-28,4907.49759891741
2021-04-29,4907.49759891741
2021-04-30,4907.49759891741
2021-05-03,4907.49759891741
2021-05-04,4907.49759891741
2021-05-05,4907.49759891741
2021-05-06,4907.49759891741
2021-05-07,4907.49759891741
2021-05-10,4905.0438501179515
2021-05-11,4890.427796818095
2021-05-12,4890.427796818095
2021-05-13,4890.427796818095
2021-05-14,4890.427796818095
2021-05-17,4890.427796818095
2021-05-18,4890.427796818095
2021-05-19,4890.427796818095
2021-05-20,4890.427796818095
2021-05-21,4890.427796818095
2021-05-24,4890.427796818095
2021-05-25,4890.427796818095
2021-05-26,4890.427796818095
2021-05-27,4890.427796818095
2021-05-28,4890.427796818095
2021-05-31,4890.427796818095
2021-06-01,4890.427796818095
2021-06-02,4890.427796818095
2021-06-03,4890.427796818095
2021-06-04,4890.427796818095
2021-06-07,4890.427796818095
2021-06-08,4890.427796818095
2021-06-09,4890.427796818095
2021-06-10,4890.427796818095
2021-06-11,4890.427796818095
2021-06-14,4890.427796818095
2021-06-15,4890.427796818095
2021-06-16,4890.427796818095
2021-06-17,4890.427796818095
2021-06-18,4890.427796818095
2021-06-21,4890.427796818095
2021-06-22,4890.427796818095
2021-06-23,4890.427796818095
2021-06-24,4890.427796818095
2021-06-25,4890.427796818095
2021-06-28,4890.427796818095
2021-06-29,4890.427796818095
2021-06-30,4890.427796818095
2021-07-01,4890.427796818095
2021-07-02,4890.427796818095
2021-07-05,4890.427796818095
2021-07-06,4890.427796818095
2021-07-07,4890.427796818095
2021-07-08,4890.427796818095
2021-07-09,4890.427796818095
2021-07-12,4890.427796818095
2021-07-13,4890.427796818095
2021-07-14,4890.427796818095
2021-07-15,4890.427796818095
2021-07-16,4890.427796818095
2021-07-19,4890.427796818095
2021-07-20,4890.427796818095
2021-07-21,4890.427796818095
2021-07-22,4890.427796818095
2021-07-23,4890.427796818095
2021-07-26,4890.427796818095
2021-07-27,4890.427796818095
2021-07-28,4890.427796818095
2021-07-29,4890.427796818095
2021-07-30,4890.427796818095
2021-08-02,4890.427796818095
2021-08-03,4890.427796818095
2021-08-04,4890.427796818095
2021-08-05,4890.427796818095
2021-08-06,4890.427796818095
2021-08-09,4890.427796818095
2021-08-10,4890.427796818095
2021-08-11,4890.427796818095
2021-08-12,4890.427796818095
2021-08-13,4890.427796818095
2021-08-16,4887.982582919686
2021-08-17,4879.431032085554
2021-08-18,4879.431032085554
2021-08-19,4879.431032085554
2021-08-20,4879.431032085554
2021-08-23,4879.431032085554
2021-08-24,4879.431032085554
2021-08-25,4879.431032085554
2021-08-26,4879.431032085554
2021-08-27,4879.431032085554
2021-08-30,4879.431032085554
2021-08-31,4879.431032085554
2021-09-01,4879.431032085554
2021-09-02,4879.431032085554
2021-09-03,4879.431032085554
2021-09-06,4879.431032085554
2021-09-07,4879.431032085554
2021-09-08,4879.431032085554
2021-09-09,4879.431032085554
2021-09-10,4879.431032085554
2021-09-13,4879.431032085554
2021-09-14,4879.431032085554
2021-09-15,4879.431032085554
2021-09-16,4879.431032085554
2021-09-17,4879.431032085554
2021-09-20,4879.431032085554
2021-09-21,4879.431032085554
2021-09-22,4879.431032085554
2021-09-23,4879.431032085554
2021-09-24,4879.431032085554
2021-09-27,4879.431032085554
2021-09-28,4879.431032085554
2021-09-29,4879.431032085554
2021-09-30,4879.431032085554
2021-10-01,4879.431032085554
2021-10-04,4879.431032085554
2021-10-05,4879.431032085554
2021-10-06,4879.431032085554
2021-10-07,4879.431032085554
2021-10-08,4879.431032085554
2021-10-11,4879.431032085554
2021-10-12,4879.431032085554
2021-10-13,4879.431032085554
2021-10-14,4876.991316569512
2021-10-15,4871.159952931625
2021-10-18,4871.159952931625
2021-10-19,4871.159952931625
2021-10-20,4871.159952931625
2021-10-21,4871.159952931625
2021-10-22,4871.159952931625
2021-10-25,4871.159952931625
2021-10-26,4871.159952931625
2021-10-27,4871.159952931625
2021-10-28,4871.159952931625
2021-10-29,4868.72437295516
2021-11-01,4813.109888515676
2021-11-02,4813.109888515676
2021-11-03,4813.109888515676
2021-11-04,4813.109888515676
2021-11-05,4813.109888515676
2021-11-08,4813.109888515676
2021-11-09,4813.109888515676
2021-11-10,4813.109888515676
2021-11-11,4813.109888515676
2021-11-12,4813.109888515676
2021-11-15,4813.109888515676
2021-11-16,4813.109888515676
2021-11-17,4813.109888515676
2021-11-18,4813.109888515676
2021-11-19,4813.109888515676
2021-11-22,4813.109888515676
2021-11-23,4813.109888515676
2021-11-24,4813.109888515676
2021-11-25,4813.109888515676
2021-11-26,4813.109888515676
2021-11-29,4813.109888515676
2021-11-30,4813.109888515676
2021-12-01,4813.109888515676
2021-12-02,4813.109888515676
2021-12-03,4813.109888515676
2021-12-06,4813.109888515676
2021-12-07,4813.109888515676
2021-12-08,4813.109888515676
2021-12-09,4813.109888515676
2021-12-10,4813.109888515676
2021-12-13,4813.109888515676
2021-12-14,4813.109888515676
2021-12-15,4813.109888515676
2021-12-16,4813.109888515676
2021-12-17,4813.109888515676
2021-12-20,4813.109888515676
2021-12-21,4813.109888515676
2021-12-22,4813.109888515676
2021-12-23,4813.109888515676
2021-12-24,4813.109888515676
2021-12-27,4813.109888515676
2021-12-28,4813.109888515676
2021-12-29,4813.109888515676
2021-12-30,4813.109888515676
2021-12-31,4813.109888515676
2022-01-03,4813.109888515676
2022-01-04,4813.109888515676
2022-01-05,4813.109888515676
2022-01-06,4813.109888515676
2022-01-07,4813.109888515676
2022-01-10,4813.109888515676
2022-01-11,4813.109888515676
2022-01-12,4813.109888515676
2022-01-13,4810.703333571419
2022-01-14,4814.79694503976
2022-01-17,4814.79694503976
2022-01-18,4814.79694503976
2022-01-19,4814.79694503976
2022-01-20,4814.79694503976
2022-01-21,4814.79694503976
2022-01-24,4814.79694503976
2022-01-25,4814.79694503976
2022-01-26,4814.79694503976
2022-01-27,4814.79694503976
2022-01-28,4814.79694503976
2022-01-31,4814.79694503976
2022-02-01,4814.79694503976
2022-02-02,4814.79694503976
2022-02-03,4814.79694503976
2022-02-04,4812.389546567241
2022-02-07,4818.135373949394
2022-02-08,4818.135373949394
2022-02-09,4818.135373949394
2022-02-10,4818.135373949394
2022-02-11,4818.135373949394
2022-02-14,4818.135373949394
2022-02-15,4818.135373949394
2022-02-16,4818.135373949394
2022-02-17,4818.135373949394
2022-02-18,4818.135373949394
2022-02-21,4818.135373949394
2022-02-22,4818.135373949394
2022-02-23,4818.135373949394
2022-02-24,4818.135373949394
2022-02-25,4818.135373949394
2022-02-28,4818.135373949394
2022-03-01,4818.135373949394
2022-03-02,4818.135373949394
2022-03-03,4818.135373949394
2022-03-04,4818.135373949394
2022-03-07,4818.135373949394
2022-03-08,4818.135373949394
2022-03-09,4818.135373949394
2022-03-10,4818.135373949394
2022-03-11,4818.135373949394
2022-03-14,4818.135373949394
2022-03-15,4818.135373949394
2022-03-16,4818.135373949394
2022-03-17,4818.135373949394
2022-03-18,4818.135373949394
2022-03-21,4818.135373949394
2022-03-22,4818.135373949394
2022-03-23,4818.135373949394
2022-03-24,4818.135373949394
2022-03-25,4818.135373949394
2022-03-28,4818.135373949394
2022-03-29,4818.135373949394
2022-03-30,4818.135373949394
2022-03-31,4818.135373949394
2022-04-01,4818.135373949394
2022-04-04,4818.135373949394
2022-04-05,4818.135373949394
2022-04-06,4818.135373949394
2022-04-07,4818.135373949394
2022-04-08,4818.135373949394
2022-04-11,4818.135373949394
2022-04-12,4818.135373949394
2022-04-13,4818.135373949394
2022-04-14,4818.135373949394
2022-04-15,4818.135373949394
2022-04-18,4818.135373949394
2022-04-19,4818.135373949394
2022-04-20,4818.135373949394
2022-04-21,4818.135373949394
2022-04-22,4818.135373949394
2022-04-25,4818.135373949394
2022-04-26,4818.135373949394
2022-04-27,4818.135373949394
2022-04-28,4818.135373949394
2022-04-29,4818.135373949394
2022-05-02,4818.135373949394
2022-05-03,4818.135373949394
2022-05-04,4818.135373949394
2022-05-05,4818.135373949394
2022-05-06,4818.135373949394
2022-05-09,4818.135373949394
2022-05-10,4818.135373949394
2022-05-11,4818.135373949394
2022-05-12,4818.135373949394
2022-05-13,4818.135373949394
2022-05-16,4818.135373949394
2022-05-17,4818.135373949394
2022-05-18,4818.135373949394
2022-05-19,4818.135373949394
2022-05-20,4818.135373949394
2022-05-23,4818.135373949394
2022-05-24,4818.135373949394
2022-05-25,4818.135373949394
2022-05-26,4818.135373949394
2022-05-27,4818.135373949394
2022-05-30,4818.135373949394
2022-05-31,4818.135373949394
2022-06-01,4818.135373949394
2022-06-02,4818.135373949394
2022-06-03,4818.135373949394
2022-06-06,4818.135373949394
2022-06-07,4818.135373949394
2022-06-08,4818.135373949394
2022-06-09,4818.135373949394
2022-06-10,4818.135373949394
2022-06-13,4818.135373949394
2022-06-14,4818.135373949394
2022-06-15,4818.135373949394
2022-06-16,4818.135373949394
2022-06-17,4818.135373949394
2022-06-20,4818.135373949394
2022-06-21,4818.135373949394
2022-06-22,4818.135373949394
2022-06-23,4818.135373949394
2022-06-24,4818.135373949394
2022-06-27,4818.135373949394
2022-06-28,4818.135373949394
2022-06-29,4818.135373949394
2022-06-30,4818.135373949394
2022-07-01,4818.135373949394
2022-07-04,4818.135373949394
2022-07-05,4818.135373949394
2022-07-06,4818.135373949394
2022-07-07,4818.135373949394
2022-07-08,4818.135373949394
2022-07-11,4818.135373949394
2022-07-12,4818.135373949394
2022-07-13,4818.135373949394
2022-07-14,4818.135373949394
2022-07-15,4818.135373949394
2022-07-18,4818.135373949394
2022-07-19,4818.135373949394
2022-07-20,4818.135373949394
2022-07-21,4818.135373949394
2022-07-22,4818.135373949394
2022-07-25,4818.135373949394
2022-07-26,4818.135373949394
2022-07-27,4818.135373949394
2022-07-28,4818.135373949394
2022-07-29,4818.135373949394
2022-08-01,4818.135373949394
2022-08-02,4818.135373949394
2022-08-03,4818.135373949394
2022-08-04,4818.135373949394
2022-08-05,4818.135373949394
2022-08-08,4818.135373949394
2022-08-09,4818.135373949394
2022-08-10,4818.135373949394
2022-08-11,4818.135373949394
2022-08-12,4818.135373949394
2022-08-15,4818.135373949394
2022-08-16,4818.135373949394
2022-08-17,4818.135373949394
2022-08-18,4818.135373949394
2022-08-19,4818.135373949394
2022-08-22,4818.135373949394
2022-08-23,4818.135373949394
2022-08-24,4818.135373949394
2022-08-25,4818.135373949394
2022-08-26,4818.135373949394
2022-08-29,4818.135373949394
2022-08-30,4818.135373949394
2022-08-31,4818.135373949394
2022-09-01,4818.135373949394
2022-09-02,4818.135373949394
2022-09-05,4818.135373949394
2022-09-06,4818.135373949394
2022-09-07,4818.135373949394
2022-09-08,4818.135373949394
2022-09-09,4818.135373949394
2022-09-12,4818.135373949394
2022-09-13,4818.135373949394
2022-09-14,4818.135373949394
2022-09-15,4818.135373949394
2022-09-16,4818.135373949394
2022-09-19,4818.135373949394
2022-09-20,4818.135373949394
2022-09-21,4818.135373949394
2022-09-22,4818.135373949394
2022-09-23,4818.135373949394
2022-09-26,4818.135373949394
2022-09-27,4818.135373949394
2022-09-28,4818.135373949394
2022-09-29,4818.135373949394
2022-09-30,4818.135373949394
2022-10-03,4818.135373949394
2022-10-04,4818.135373949394
2022-10-05,4818.135373949394
2022-10-06,4818.135373949394
2022-10-07,4818.135373949394
2022-10-10,4818.135373949394
2022-10-11,4818.135373949394
2022-10-12,4818.135373949394
2022-10-13,4818.135373949394
2022-10-14,4818.135373949394
2022-10-17,4818.135373949394
2022-10-18,4818.135373949394
2022-10-19,4818.135373949394
2022-10-20,4818.135373949394
2022-10-21,4818.135373949394
2022-10-24,4818.135373949394
2022-10-25,4818.135373949394
2022-10-26,4818.135373949394
2022-10-27,4818.135373949394
2022-10-28,4818.135373949394
2022-10-31,4818.135373949394
2022-11-01,4818.135373949394
2022-11-02,4818.135373949394
2022-11-03,4818.135373949394
2022-11-04,4818.135373949394
2022-11-07,4818.135373949394
2022-11-08,4818.135373949394
2022-11-09,4818.135373949394
2022-11-10,4818.135373949394
2022-11-11,4818.135373949394
2022-11-14,4818.135373949394
2022-11-15,4818.135373949394
2022-11-16,4818.135373949394
2022-11-17,4818.135373949394
2022-11-18,4818.135373949394
2022-11-21,4818.135373949394
2022-11-22,4818.135373949394
2022-11-23,4818.135373949394
2022-11-24,4818.135373949394
2022-11-25,4818.135373949394
2022-11-28,4818.135373949394
2022-11-29,4818.135373949394
2022-11-30,4818.135373949394
2022-12-01,4818.135373949394
2022-12-02,4818.135373949394
2022-12-05,4818.135373949394
2022-12-06,4818.135373949394
2022-12-07,4818.135373949394
2022-12-08,4818.135373949394
2022-12-09,4818.135373949394
2022-12-12,4818.135373949394
2022-12-13,4818.135373949394
2022-12-14,4818.135373949394
2022-12-15,4818.135373949394
2022-12-16,4818.135373949394
2022-12-19,4818.135373949394
2022-12-20,4818.135373949394
2022-12-21,4818.135373949394
2022-12-22,4818.135373949394
2022-12-23,4818.135373949394
2022-12-26,4818.135373949394
2022-12-27,4818.135373949394
2022-12-28,4818.135373949394
2022-12-29,4818.135373949394
2022-12-30,4818.135373949394
2023-01-02,4818.135373949394
2023-01-03,4818.135373949394
2023-01-04,4818.135373949394
2023-01-05,4818.135373949394
2023-01-06,4818.135373949394
2023-01-09,4815.72630626242
2023-01-10,4847.92786429296
2023-01-11,4847.92786429296
2023-01-12,4847.92786429296
2023-01-13,4847.92786429296
2023-01-16,4847.92786429296
2023-01-17,4847.92786429296
2023-01-18,4847.92786429296
2023-01-19,4847.92786429296
2023-01-20,4847.92786429296
2023-01-23,4847.92786429296
2023-01-24,4847.92786429296
2023-01-25,4847.92786429296
2023-01-26,4847.92786429296
2023-01-27,4847.92786429296
2023-01-30,4847.92786429296
2023-01-31,4847.92786429296
2023-02-01,4847.92786429296
2023-02-02,4845.503900360814
2023-02-03,4795.4493765395355
2023-02-06,4795.4493765395355
2023-02-07,4795.4493765395355
2023-02-08,4795.4493765395355
2023-02-09,4795.4493765395355
2023-02-10,4795.4493765395355
2023-02-13,4795.4493765395355
2023-02-14,4795.4493765395355
2023-02-15,4795.4493765395355
2023-02-16,4795.4493765395355
2023-02-17,4795.4493765395355
2023-02-20,4795.4493765395355
2023-02-21,4795.4493765395355
2023-02-22,4795.4493765395355
2023-02-23,4795.4493765395355
2023-02-24,4795.4493765395355
2023-02-27,4795.4493765395355
2023-02-28,4795.4493765395355
2023-03-01,4795.4493765395355
2023-03-02,4793.051651851266
2023-03-03,4759.460817236604
2023-03-06,4759.460817236604
2023-03-07,4759.460817236604
2023-03-08,4759.460817236604
2023-03-09,4759.460817236604
2023-03-10,4759.460817236604
2023-03-13,4759.460817236604
2023-03-14,4759.460817236604
2023-03-15,4759.460817236604
2023-03-16,4759.460817236604
2023-03-17,4759.460817236604
2023-03-20,4759.460817236604
2023-03-21,4759.460817236604
2023-03-22,4759.460817236604
2023-03-23,4759.460817236604
2023-03-24,4759.460817236604
2023-03-27,4759.460817236604
2023-03-28,4759.460817236604
2023-03-29,4759.460817236604
2023-03-30,4759.460817236604
2023-03-31,4759.460817236604
2023-04-03,4759.460817236604
2023-04-04,4759.460817236604
2023-04-05,4759.460817236604
2023-04-06,4759.460817236604
2023-04-07,4759.460817236604
2023-04-10,4759.460817236604
2023-04-11,4759.460817236604
2023-04-12,4759.460817236604
2023-04-13,4759.460817236604
2023-04-14,4759.460817236604
2023-04-17,4759.460817236604
2023-04-18,4759.460817236604
2023-04-19,4759.460817236604
2023-04-20,4759.460817236604
2023-04-21,4759.460817236604
2023-04-24,4759.460817236604
2023-04-25,4759.460817236604
2023-04-26,4759.460817236604
2023-04-27,4759.460817236604
2023-04-28,4759.460817236604
2023-05-01,4759.460817236604
2023-05-02,4759.460817236604
2023-05-03,4759.460817236604
2023-05-04,4759.460817236604
2023-05-05,4759.460817236604
2023-05-08,4759.460817236604
2023-05-09,4759.460817236604
2023-05-10,4759.460817236604
2023-05-11,4759.460817236604
2023-05-12,4759.460817236604
2023-05-15,4759.460817236604
2023-05-16,4759.460817236604
2023-05-17,4759.460817236604
2023-05-18,4759.460817236604
2023-05-19,4759.460817236604
2023-05-22,4759.460817236604
2023-05-23,4759.460817236604
2023-05-24,4759.460817236604
2023-05-25,4759.460817236604
2023-05-26,4759.460817236604
2023-05-29,4759.460817236604
2023-05-30,4759.460817236604
2023-05-31,4759.460817236604
2023-06-01,4759.460817236604
2023-06-02,4759.460817236604
2023-06-05,4759.460817236604
2023-06-06,4759.460817236604
2023-06-07,4759.460817236604
2023-06-08,4759.460817236604
2023-06-09,4757.081086827986
2023-06-12,4740.668638991086
2023-06-13,4740.668638991086
2023-06-14,4740.668638991086
2023-06-15,4740.668638991086
2023-06-16,4738.29830467159
2023-06-19,4734.269812689558
2023-06-20,4734.269812689558
2023-06-21,4734.269812689558
2023-06-22,4734.269812689558
2023-06-23,4734.269812689558
2023-06-26,4734.269812689558
2023-06-27,4734.269812689558
2023-06-28,4734.269812689558
2023-06-29,4734.269812689558
2023-06-30,4734.269812689558
2023-07-03,4734.269812689558
2023-07-04,4734.269812689558
2023-07-05,4734.269812689558
2023-07-06,4734.269812689558
2023-07-07,4734.269812689558
2023-07-10,4734.269812689558
2023-07-11,4734.269812689558
2023-07-12,4734.269812689558
2023-07-13,4731.902677783214
2023-07-14,4762.9296285764385
2023-07-17,4762.9296285764385
2023-07-18,4762.9296285764385
2023-07-19,4762.9296285764385
2023-07-20,4762.9296285764385
2023-07-21,4762.9296285764385
2023-07-24,4762.9296285764385
2023-07-25,4762.9296285764385
2023-07-26,4762.9296285764385
2023-07-27,4762.9296285764385
2023-07-28,4762.9296285764385
2023-07-31,4762.9296285764385
2023-08-01,4762.9296285764385
2023-08-02,4762.9296285764385
2023-08-03,4762.9296285764385
2023-08-04,4762.9296285764385
2023-08-07,4762.9296285764385
2023-08-08,4762.9296285764385
2023-08-09,4762.9296285764385
2023-08-10,4762.9296285764385
2023-08-11,4762.9296285764385
2023-08-14,4762.9296285764385
2023-08-15,4762.9296285764385
2023-08-16,4762.9296285764385
2023-08-17,4762.9296285764385
2023-08-18,4762.9296285764385
2023-08-21,4762.9296285764385
2023-08-22,4762.9296285764385
2023-08-23,4762.9296285764385
2023-08-24,4762.9296285764385
2023-08-25,4762.9296285764385
2023-08-28,4762.9296285764385
2023-08-29,4762.9296285764385
2023-08-30,4762.9296285764385
2023-08-31,4762.9296285764385
2023-09-01,4762.9296285764385
2023-09-04,4762.9296285764385
2023-09-05,4762.9296285764385
2023-09-06,4762.9296285764385
2023-09-07,4762.9296285764385
2023-09-08,4762.9296285764385
2023-09-11,4762.9296285764385
2023-09-12,4762.9296285764385
2023-09-13,4762.9296285764385
2023-09-14,4762.9296285764385
2023-09-15,4762.9296285764385
2023-09-18,4762.9296285764385
2023-09-19,4762.9296285764385
2023-09-20,4762.9296285764385
2023-09-21,4762.9296285764385
2023-09-22,4762.9296285764385
2023-09-25,4762.9296285764385
2023-09-26,4762.9296285764385
2023-09-27,4762.9296285764385
2023-09-28,4762.9296285764385
2023-09-29,4762.9296285764385
2023-10-02,4762.9296285764385
2023-10-03,4762.9296285764385
2023-10-04,4762.9296285764385
2023-10-05,4762.9296285764385
2023-10-06,4762.9296285764385
2023-10-09,4762.9296285764385
2023-10-10,4762.9296285764385
2023-10-11,4762.9296285764385
2023-10-12,4762.9296285764385
2023-10-13,4762.9296285764385
2023-10-16,4762.9296285764385
2023-10-17,4762.9296285764385
2023-10-18,4762.9296285764385
2023-10-19,4762.9296285764385
2023-10-20,4762.9296285764385
2023-10-23,4762.9296285764385
2023-10-24,4760.548163762151
2023-10-25,4724.811314326326
2023-10-26,4724.811314326326
2023-10-27,4724.811314326326
2023-10-30,4724.811314326326
2023-10-31,4724.811314326326
2023-11-01,4724.811314326326
2023-11-02,4724.811314326326
2023-11-03,4724.811314326326
2023-11-06,4722.448908669164
2023-11-07,4715.426815230715
2023-11-08,4715.426815230715
2023-11-09,4715.426815230715
2023-11-10,4715.426815230715
2023-11-13,4715.426815230715
2023-11-14,4715.426815230715
2023-11-15,4713.0691018231
2023-11-16,4700.418762937637
2023-11-17,4700.418762937637
2023-11-20,4700.418762937637
2023-11-21,4700.418762937637
2023-11-22,4700.418762937637
2023-11-23,4700.418762937637
2023-11-24,4700.418762937637
2023-11-27,4700.418762937637
2023-11-28,4700.418762937637
2023-11-29,4700.418762937637
2023-11-30,4700.418762937637
2023-12-01,4700.418762937637
2023-12-04,4700.418762937637
2023-12-05,4700.418762937637
2023-12-06,4700.418762937637
2023-12-07,4700.418762937637
2023-12-08,4700.418762937637
2023-12-11,4700.418762937637
2023-12-12,4700.418762937637
2023-12-13,4700.418762937637
2023-12-14,4698.068553556169
2023-12-15,4744.222190358581
2023-12-18,4699.221918014446
2023-12-19,4699.221918014446
2023-12-20,4699.221918014446
2023-12-21,4699.221918014446
2023-12-22,4699.221918014446
2023-12-25,4699.221918014446
2023-12-26,4699.221918014446
2023-12-27,4699.221918014446
2023-12-28,4699.221918014446
2023-12-29,4699.221918014446
2024-01-01,4699.221918014446
2024-01-02,4699.221918014446
2024-01-03,4699.221918014446
2024-01-04,4699.221918014446
2024-01-05,4699.221918014446
2024-01-08,4699.221918014446
2024-01-09,4699.221918014446
2024-01-10,4699.221918014446
2024-01-11,4699.221918014446
2024-01-12,4699.221918014446
2024-01-15,4699.221918014446
2024-01-16,4699.221918014446
2024-01-17,4699.221918014446
2024-01-18,4699.221918014446
2024-01-19,4699.221918014446
2024-01-22,4699.221918014446
2024-01-23,4699.221918014446
2024-01-24,4699.221918014446
2024-01-25,4699.221918014446
2024-01-26,4699.221918014446
2024-01-29,4699.221918014446
2024-01-30,4699.221918014446
2024-01-31,4699.221918014446
2024-02-01,4699.221918014446
2024-02-02,4696.872307055439
2024-02-05,4653.484446032732
2024-02-06,4653.484446032732
2024-02-07,4653.484446032732
2024-02-08,4653.484446032732
2024-02-09,4653.484446032732
2024-02-12,4653.484446032732
2024-02-13,4653.484446032732
2024-02-14,4653.484446032732
2024-02-15,4653.484446032732
2024-02-16,4653.484446032732
2024-02-19,4653.484446032732
2024-02-20,4653.484446032732
2024-02-21,4653.484446032732
2024-02-22,4653.484446032732
2024-02-23,4653.484446032732
2024-02-26,4653.484446032732
2024-02-27,4653.484446032732
2024-02-28,4653.484446032732
2024-02-29,4653.484446032732
2024-03-01,4653.484446032732
2024-03-04,4653.484446032732
2024-03-05,4653.484446032732
2024-03-06,4653.484446032732
2024-03-07,4653.484446032732
2024-03-08,4653.484446032732
2024-03-11,4653.484446032732
2024-03-12,4653.484446032732
2024-03-13,4653.484446032732
2024-03-14,4653.484446032732
2024-03-15,4653.484446032732
2024-03-18,4653.484446032732
2024-03-19,4653.484446032732
2024-03-20,4653.484446032732
2024-03-21,4651.157703809716
2024-03-22,4616.892881949284
2024-03-25,4616.892881949284
2024-03-26,4616.892881949284
2024-03-27,4616.892881949284
2024-03-28,4616.892881949284
2024-03-29,4616.892881949284
2024-04-01,4616.892881949284
2024-04-02,4616.892881949284
2024-04-03,4616.892881949284
2024-04-04,4614.58443550831
2024-04-05,4611.726925232718
2024-04-08,4611.726925232718
2024-04-09,4611.726925232718
2024-04-10,4611.726925232718
2024-04-11,4611.726925232718
2024-04-12,4611.726925232718
2024-04-15,4611.726925232718
2024-04-16,4611.726925232718
2024-04-17,4611.726925232718
2024-04-18,4611.726925232718
2024-04-19,4611.726925232718
2024-04-22,4611.726925232718
2024-04-23,4611.726925232718
2024-04-24,4611.726925232718
2024-04-25,4611.726925232718
2024-04-26,4611.726925232718
2024-04-29,4611.726925232718
2024-04-30,4611.726925232718
2024-05-01,4611.726925232718
2024-05-02,4611.726925232718
2024-05-03,4611.726925232718
2024-05-06,4611.726925232718
2024-05-07,4611.726925232718
2024-05-08,4611.726925232718
2024-05-09,4611.726925232718
2024-05-10,4611.726925232718
2024-05-13,4611.726925232718
2024-05-14,4611.726925232718
2024-05-15,4611.726925232718
2024-05-16,4609.421061770102
2024-05-17,4597.789716540466
2024-05-20,4597.789716540466
2024-05-21,4597.789716540466
2024-05-22,4597.789716540466
2024-05-23,4597.789716540466
2024-05-24,4597.789716540466
2024-05-27,4597.789716540466
2024-05-28,4597.789716540466
2024-05-29,4597.789716540466
2024-05-30,4597.789716540466
2024-05-31,4597.789716540466
2024-06-03,4597.789716540466
2024-06-04,4595.490821682196
2024-06-05,4582.428778748757
2024-06-06,4582.428778748757
2024-06-07,4582.428778748757
2024-06-10,4582.428778748757
2024-06-11,4582.428778748757
2024-06-12,4582.428778748757
2024-06-13,4580.137564359383
2024-06-14,4546.26009595473
2024-06-17,4546.26009595473
2024-06-18,4546.26009595473
2024-06-19,4546.26009595473
2024-06-20,4546.26009595473
2024-06-21,4546.26009595473
2024-06-24,4546.26009595473
2024-06-25,4546.26009595473
2024-06-26,4546.26009595473
2024-06-27,4546.26009595473
2024-06-28,4546.26009595473
2024-07-01,4546.26009595473
2024-07-02,4546.26009595473
2024-07-03,4546.26009595473
2024-07-04,4546.26009595473
2024-07-05,4546.26009595473
2024-07-08,4546.26009595473
2024-07-09,4546.26009595473
2024-07-10,4546.26009595473
2024-07-11,4546.26009595473
2024-07-12,4546.26009595473
2024-07-15,4546.26009595473
2024-07-16,4546.26009595473
2024-07-17,4546.26009595473
2024-07-18,4546.26009595473
2024-07-19,4546.26009595473
2024-07-22,4546.26009595473
2024-07-23,4546.26009595473
2024-07-24,4546.26009595473
2024-07-25,4546.26009595473
2024-07-26,4546.26009595473
2024-07-29,4546.26009595473
2024-07-30,4546.26009595473
2024-07-31,4546.26009595473
2024-08-01,4546.26009595473
2024-08-02,4546.26009595473
2024-08-05,4543.986965906753
2024-08-06,4558.403759069098
2024-08-07,4558.403759069098
2024-08-08,4558.403759069098
2024-08-09,4558.403759069098
2024-08-12,4558.403759069098
2024-08-13,4558.403759069098
2024-08-14,4558.403759069098
2024-08-15,4558.403759069098
2024-08-16,4558.403759069098
2024-08-19,4558.403759069098
2024-08-20,4558.403759069098
2024-08-21,4558.403759069098
2024-08-22,4558.403759069098
2024-08-23,4558.403759069098
2024-08-26,4556.124557189563
2024-08-27,4544.374991147204
2024-08-28,4544.374991147204
2024-08-29,4544.374991147204
2024-08-30,4544.374991147204
2024-09-02,4544.374991147204
2024-09-03,4544.374991147204
2024-09-04,4544.374991147204
2024-09-05,4544.374991147204
2024-09-06,4544.374991147204
2024-09-09,4544.374991147204
2024-09-10,4544.374991147204
2024-09-11,4544.374991147204
2024-09-12,4544.374991147204
2024-09-13,4542.102803651631
2024-09-16,4544.161227453985
2024-09-17,4544.161227453985
2024-09-18,4544.161227453985
2024-09-19,4544.161227453985
2024-09-20,4544.161227453985
2024-09-23,4544.161227453985
2024-09-24,4544.161227453985
2024-09-25,4541.889146840258
2024-09-26,4515.1337196543955
2024-09-27,4515.1337196543955
2024-09-30,4515.1337196543955
2024-10-01,4515.1337196543955
2024-10-02,4515.1337196543955
2024-10-03,4515.1337196543955
2024-10-04,4515.1337196543955
2024-10-07,4515.1337196543955
2024-10-08,4515.1337196543955
2024-10-09,4515.1337196543955
2024-10-10,4515.1337196543955
2024-10-11,4515.1337196543955
2024-10-14,4515.1337196543955
2024-10-15,4515.1337196543955
2024-10-16,4515.1337196543955
2024-10-17,4515.1337196543955
2024-10-18,4515.1337196543955
2024-10-21,4515.1337196543955
2024-10-22,4515.1337196543955
2024-10-23,4515.1337196543955
2024-10-24,4515.1337196543955
2024-10-25,4515.1337196543955
2024-10-28,4515.1337196543955
2024-10-29,4515.1337196543955
2024-10-30,4515.1337196543955
2024-10-31,4515.1337196543955
2024-11-01,4515.1337196543955
2024-11-04,4515.1337196543955
2024-11-05,4515.1337196543955
2024-11-06,4515.1337196543955
2024-11-07,4515.1337196543955
2024-11-08,4515.1337196543955
2024-11-11,4515.1337196543955
2024-11-12,4515.1337196543955
2024-11-13,4515.1337196543955
2024-11-14,4515.1337196543955
2024-11-15,4515.1337196543955
2024-11-18,4515.1337196543955
2024-11-19,4515.1337196543955
2024-11-20,4515.1337196543955
2024-11-21,4515.1337196543955
2024-11-22,4515.1337196543955
2024-11-25,4515.1337196543955
2024-11-26,4515.1337196543955
2024-11-27,4515.1337196543955
2024-11-28,4515.1337196543955
2024-11-29,4515.1337196543955
2024-12-02,4515.1337196543955
2024-12-03,4515.1337196543955
2024-12-04,4515.1337196543955
2024-12-05,4515.1337196543955
2024-12-06,4515.1337196543955
2024-12-09,4515.1337196543955
2024-12-10,4515.1337196543955
2024-12-11,4515.1337196543955
2024-12-12,4515.1337196543955
2024-12-13,4515.1337196543955
2024-12-16,4515.1337196543955
2024-12-17,4515.1337196543955
2024-12-18,4515.1337196543955
2024-12-19,4515.1337196543955
2024-12-20,4515.1337196543955
2024-12-23,4515.1337196543955
2024-12-24,4515.1337196543955
2024-12-25,4515.1337196543955
2024-12-26,4515.1337196543955
2024-12-27,4515.1337196543955
2024-12-30,4515.1337196543955
2024-12-31,4515.1337196543955
