Date,Equity
2015-04-04,10000.0
2015-04-05,10000.0
2015-04-06,10000.0
2015-04-07,10000.0
2015-04-08,10000.0
2015-04-09,10000.0
2015-04-10,10000.0
2015-04-11,10000.0
2015-04-12,10000.0
2015-04-13,10000.0
2015-04-14,10000.0
2015-04-15,10000.0
2015-04-16,10000.0
2015-04-17,10000.0
2015-04-18,10000.0
2015-04-19,10000.0
2015-04-20,10000.0
2015-04-21,10000.0
2015-04-22,10000.0
2015-04-23,10000.0
2015-04-24,10000.0
2015-04-25,10000.0
2015-04-26,10000.0
2015-04-27,10000.0
2015-04-28,10000.0
2015-04-29,10000.0
2015-04-30,10000.0
2015-05-01,10000.0
2015-05-02,10000.0
2015-05-03,9995.0
2015-05-04,9934.124449855444
2015-05-05,9934.124449855444
2015-05-06,9934.124449855444
2015-05-07,9934.124449855444
2015-05-08,9929.157387630517
2015-05-09,9841.151830243365
2015-05-10,9841.151830243365
2015-05-11,9841.151830243365
2015-05-12,9841.151830243365
2015-05-13,9841.151830243365
2015-05-14,9841.151830243365
2015-05-15,9841.151830243365
2015-05-16,9841.151830243365
2015-05-17,9841.151830243365
2015-05-18,9841.151830243365
2015-05-19,9841.151830243365
2015-05-20,9841.151830243365
2015-05-21,9841.151830243365
2015-05-22,9841.151830243365
2015-05-23,9841.151830243365
2015-05-24,9841.151830243365
2015-05-25,9841.151830243365
2015-05-26,9841.151830243365
2015-05-27,9841.151830243365
2015-05-28,9841.151830243365
2015-05-29,9841.151830243365
2015-05-30,9841.151830243365
2015-05-31,9841.151830243365
2015-06-01,9841.151830243365
2015-06-02,9841.151830243365
2015-06-03,9841.151830243365
2015-06-04,9841.151830243365
2015-06-05,9841.151830243365
2015-06-06,9841.151830243365
2015-06-07,9841.151830243365
2015-06-08,9841.151830243365
2015-06-09,9841.151830243365
2015-06-10,9841.151830243365
2015-06-11,9841.151830243365
2015-06-12,9841.151830243365
2015-06-13,9841.151830243365
2015-06-14,9841.151830243365
2015-06-15,9841.151830243365
2015-06-16,9836.231254328244
2015-06-17,9767.950626620777
2015-06-18,9767.950626620777
2015-06-19,9767.950626620777
2015-06-20,9767.950626620777
2015-06-21,9767.950626620777
2015-06-22,9767.950626620777
2015-06-23,9767.950626620777
2015-06-24,9767.950626620777
2015-06-25,9767.950626620777
2015-06-26,9767.950626620777
2015-06-27,9763.066651307467
2015-06-28,9680.900281908383
2015-06-29,9676.05983176743
2015-06-30,9899.602567166545
2015-07-01,9725.725486364743
2015-07-02,9725.725486364743
2015-07-03,9725.725486364743
2015-07-04,9725.725486364743
2015-07-05,9720.86262362156
2015-07-06,9612.385101673892
2015-07-07,9612.385101673892
2015-07-08,9612.385101673892
2015-07-09,9612.385101673892
2015-07-10,9607.578909123054
2015-07-11,9880.893058048168
2015-07-12,10461.891466495488
2015-07-13,9803.56109875095
2015-07-14,9803.56109875095
2015-07-15,9803.56109875095
2015-07-16,9803.56109875095
2015-07-17,9803.56109875095
2015-07-18,9803.56109875095
2015-07-19,9803.56109875095
2015-07-20,9803.56109875095
2015-07-21,9803.56109875095
2015-07-22,9803.56109875095
2015-07-23,9803.56109875095
2015-07-24,9803.56109875095
2015-07-25,9803.56109875095
2015-07-26,9803.56109875095
2015-07-27,9803.56109875095
2015-07-28,9803.56109875095
2015-07-29,9803.56109875095
2015-07-30,9803.56109875095
2015-07-31,9803.56109875095
2015-08-01,9803.56109875095
2015-08-02,9803.56109875095
2015-08-03,9803.56109875095
2015-08-04,9803.56109875095
2015-08-05,9803.56109875095
2015-08-06,9803.56109875095
2015-08-07,9803.56109875095
2015-08-08,9803.56109875095
2015-08-09,9803.56109875095
2015-08-10,9803.56109875095
2015-08-11,9803.56109875095
2015-08-12,9803.56109875095
2015-08-13,9803.56109875095
2015-08-14,9803.56109875095
2015-08-15,9803.56109875095
2015-08-16,9803.56109875095
2015-08-17,9803.56109875095
2015-08-18,9803.56109875095
2015-08-19,9803.56109875095
2015-08-20,9803.56109875095
2015-08-21,9803.56109875095
2015-08-22,9803.56109875095
2015-08-23,9803.56109875095
2015-08-24,9803.56109875095
2015-08-25,9803.56109875095
2015-08-26,9803.56109875095
2015-08-27,9803.56109875095
2015-08-28,9803.56109875095
2015-08-29,9803.56109875095
2015-08-30,9803.56109875095
2015-08-31,9803.56109875095
2015-09-01,9803.56109875095
2015-09-02,9803.56109875095
2015-09-03,9803.56109875095
2015-09-04,9803.56109875095
2015-09-05,9803.56109875095
2015-09-06,9803.56109875095
2015-09-07,9798.659318201575
2015-09-08,9951.077742623567
2015-09-09,9721.40741488218
2015-09-10,9721.40741488218
2015-09-11,9721.40741488218
2015-09-12,9721.40741488218
2015-09-13,9721.40741488218
2015-09-14,9721.40741488218
2015-09-15,9721.40741488218
2015-09-16,9721.40741488218
2015-09-17,9721.40741488218
2015-09-18,9721.40741488218
2015-09-19,9721.40741488218
2015-09-20,9721.40741488218
2015-09-21,9721.40741488218
2015-09-22,9721.40741488218
2015-09-23,9721.40741488218
2015-09-24,9721.40741488218
2015-09-25,9721.40741488218
2015-09-26,9721.40741488218
2015-09-27,9721.40741488218
2015-09-28,9721.40741488218
2015-09-29,9721.40741488218
2015-09-30,9721.40741488218
2015-10-01,9721.40741488218
2015-10-02,9721.40741488218
2015-10-03,9721.40741488218
2015-10-04,9721.40741488218
2015-10-05,9716.54671117474
2015-10-06,9943.46838779812
2015-10-07,9812.674231740011
2015-10-08,9812.674231740011
2015-10-09,9812.674231740011
2015-10-10,9812.674231740011
2015-10-11,9807.767894624141
2015-10-12,9733.462290768946
2015-10-13,9728.595559623562
2015-10-14,9824.854839743663
2015-10-15,9915.32127717448
2015-10-16,10243.145776970889
2015-10-17,10541.567689831838
2015-10-18,10179.901482959209
2015-10-19,10179.901482959209
2015-10-20,10179.901482959209
2015-10-21,10179.901482959209
2015-10-22,10174.81153221773
2015-10-23,10266.224891710439
2015-10-24,10455.975275206834
2015-10-25,10530.918255438482
2015-10-26,10590.885505036778
2015-10-27,10901.380446737101
2015-10-28,11296.01227864951
2015-10-29,11633.453089313762
2015-10-30,12146.817049167117
2015-10-31,11616.755188502873
2015-11-01,11616.755188502873
2015-11-02,11610.946810908623
2015-11-03,12894.762150400264
2015-11-04,13152.5456123812
2015-11-05,12314.62296553533
2015-11-06,12314.62296553533
2015-11-07,12314.62296553533
2015-11-08,12314.62296553533
2015-11-09,12314.62296553533
2015-11-10,12314.62296553533
2015-11-11,12314.62296553533
2015-11-12,12314.62296553533
2015-11-13,12314.62296553533
2015-11-14,12314.62296553533
2015-11-15,12314.62296553533
2015-11-16,12314.62296553533
2015-11-17,12314.62296553533
2015-11-18,12314.62296553533
2015-11-19,12314.62296553533
2015-11-20,12314.62296553533
2015-11-21,12314.62296553533
2015-11-22,12314.62296553533
2015-11-23,12314.62296553533
2015-11-24,12314.62296553533
2015-11-25,12314.62296553533
2015-11-26,12314.62296553533
2015-11-27,12314.62296553533
2015-11-28,12314.62296553533
2015-11-29,12314.62296553533
2015-11-30,12308.465654052565
2015-12-01,11808.681221725552
2015-12-02,11808.681221725552
2015-12-03,11808.681221725552
2015-12-04,11808.681221725552
2015-12-05,11802.77688111469
2015-12-06,11791.836622153318
2015-12-07,11785.940703842241
2015-12-08,12368.076187854487
2015-12-09,12427.457843423532
2015-12-10,12359.065539503858
2015-12-11,12352.886006734107
2015-12-12,11874.757418156205
2015-12-13,11874.757418156205
2015-12-14,11874.757418156205
2015-12-15,11868.820039447128
2015-12-16,11594.94478088535
2015-12-17,11594.94478088535
2015-12-18,11594.94478088535
2015-12-19,11594.94478088535
2015-12-20,11594.94478088535
2015-12-21,11594.94478088535
2015-12-22,11594.94478088535
2015-12-23,11594.94478088535
2015-12-24,11594.94478088535
2015-12-25,11594.94478088535
2015-12-26,11594.94478088535
2015-12-27,11594.94478088535
2015-12-28,11594.94478088535
2015-12-29,11594.94478088535
2015-12-30,11594.94478088535
2015-12-31,11594.94478088535
2016-01-01,11594.94478088535
2016-01-02,11594.94478088535
2016-01-03,11594.94478088535
2016-01-04,11594.94478088535
2016-01-05,11594.94478088535
2016-01-06,11594.94478088535
2016-01-07,11594.94478088535
2016-01-08,11594.94478088535
2016-01-09,11594.94478088535
2016-01-10,11594.94478088535
2016-01-11,11594.94478088535
2016-01-12,11594.94478088535
2016-01-13,11594.94478088535
2016-01-14,11594.94478088535
2016-01-15,11594.94478088535
2016-01-16,11594.94478088535
2016-01-17,11594.94478088535
2016-01-18,11594.94478088535
2016-01-19,11594.94478088535
2016-01-20,11594.94478088535
2016-01-21,11594.94478088535
2016-01-22,11594.94478088535
2016-01-23,11594.94478088535
2016-01-24,11594.94478088535
2016-01-25,11594.94478088535
2016-01-26,11594.94478088535
2016-01-27,11594.94478088535
2016-01-28,11594.94478088535
2016-01-29,11594.94478088535
2016-01-30,11594.94478088535
2016-01-31,11594.94478088535
2016-02-01,11594.94478088535
2016-02-02,11594.94478088535
2016-02-03,11594.94478088535
2016-02-04,11594.94478088535
2016-02-05,11594.94478088535
2016-02-06,11594.94478088535
2016-02-07,11594.94478088535
2016-02-08,11594.94478088535
2016-02-09,11594.94478088535
2016-02-10,11594.94478088535
2016-02-11,11594.94478088535
2016-02-12,11594.94478088535
2016-02-13,11594.94478088535
2016-02-14,11589.147308494907
2016-02-15,11381.107867954977
2016-02-16,11375.417314021
2016-02-17,11619.391315691457
2016-02-18,11787.05679406008
2016-02-19,11736.764330988619
2016-02-20,11730.895948823125
2016-02-21,11774.661175155772
2016-02-22,11740.563993882857
2016-02-23,11740.563993882857
2016-02-24,11740.563993882857
2016-02-25,11740.563993882857
2016-02-26,11740.563993882857
2016-02-27,11740.563993882857
2016-02-28,11740.563993882857
2016-02-29,11740.563993882857
2016-03-01,11740.563993882857
2016-03-02,11740.563993882857
2016-03-03,11740.563993882857
2016-03-04,11740.563993882857
2016-03-05,11740.563993882857
2016-03-06,11740.563993882857
2016-03-07,11740.563993882857
2016-03-08,11740.563993882857
2016-03-09,11740.563993882857
2016-03-10,11740.563993882857
2016-03-11,11740.563993882857
2016-03-12,11740.563993882857
2016-03-13,11740.563993882857
2016-03-14,11740.563993882857
2016-03-15,11740.563993882857
2016-03-16,11740.563993882857
2016-03-17,11740.563993882857
2016-03-18,11740.563993882857
2016-03-19,11740.563993882857
2016-03-20,11740.563993882857
2016-03-21,11740.563993882857
2016-03-22,11740.563993882857
2016-03-23,11740.563993882857
2016-03-24,11740.563993882857
2016-03-25,11740.563993882857
2016-03-26,11740.563993882857
2016-03-27,11734.693711885917
2016-03-28,11658.940913904113
2016-03-29,11658.940913904113
2016-03-30,11658.940913904113
2016-03-31,11658.940913904113
2016-04-01,11658.940913904113
2016-04-02,11658.940913904113
2016-04-03,11658.940913904113
2016-04-04,11658.940913904113
2016-04-05,11658.940913904113
2016-04-06,11658.940913904113
2016-04-07,11658.940913904113
2016-04-08,11658.940913904113
2016-04-09,11658.940913904113
2016-04-10,11658.940913904113
2016-04-11,11658.940913904113
2016-04-12,11658.940913904113
2016-04-13,11658.940913904113
2016-04-14,11658.940913904113
2016-04-15,11653.111443447162
2016-04-16,11676.382273018666
2016-04-17,11584.178973308597
2016-04-18,11584.178973308597
2016-04-19,11578.386883821944
2016-04-20,11733.666040628803
2016-04-21,11945.369194401086
2016-04-22,11840.968221993735
2016-04-23,11835.047737882738
2016-04-24,12050.5183095955
2016-04-25,12125.73111796055
2016-04-26,12247.654091612652
2016-04-27,11665.818387061137
2016-04-28,11665.818387061137
2016-04-29,11665.818387061137
2016-04-30,11665.818387061137
2016-05-01,11665.818387061137
2016-05-02,11665.818387061137
2016-05-03,11665.818387061137
2016-05-04,11665.818387061137
2016-05-05,11665.818387061137
2016-05-06,11665.818387061137
2016-05-07,11665.818387061137
2016-05-08,11665.818387061137
2016-05-09,11665.818387061137
2016-05-10,11665.818387061137
2016-05-11,11665.818387061137
2016-05-12,11665.818387061137
2016-05-13,11665.818387061137
2016-05-14,11665.818387061137
2016-05-15,11665.818387061137
2016-05-16,11665.818387061137
2016-05-17,11665.818387061137
2016-05-18,11665.818387061137
2016-05-19,11665.818387061137
2016-05-20,11665.818387061137
2016-05-21,11665.818387061137
2016-05-22,11665.818387061137
2016-05-23,11665.818387061137
2016-05-24,11665.818387061137
2016-05-25,11665.818387061137
2016-05-26,11665.818387061137
2016-05-27,11659.985477867607
2016-05-28,12976.124720200522
2016-05-29,12876.099453356084
2016-05-30,12869.661403629407
2016-05-31,12803.350618196268
2016-06-01,12796.94894288717
2016-06-02,12821.997822186604
2016-06-03,13545.348082881339
2016-06-04,13629.164985007277
2016-06-05,13682.603260120237
2016-06-06,13931.617486440196
2016-06-07,13710.302636581448
2016-06-08,13710.302636581448
2016-06-09,13710.302636581448
2016-06-10,13710.302636581448
2016-06-11,13703.447485263157
2016-06-12,15119.635774082517
2016-06-13,15813.444851414746
2016-06-14,15377.346781327387
2016-06-15,15377.346781327387
2016-06-16,15369.658107936724
2016-06-17,15008.983262666257
2016-06-18,15008.983262666257
2016-06-19,15008.983262666257
2016-06-20,15008.983262666257
2016-06-21,15008.983262666257
2016-06-22,15008.983262666257
2016-06-23,15008.983262666257
2016-06-24,15008.983262666257
2016-06-25,15008.983262666257
2016-06-26,15008.983262666257
2016-06-27,15008.983262666257
2016-06-28,15008.983262666257
2016-06-29,15008.983262666257
2016-06-30,15008.983262666257
2016-07-01,15008.983262666257
2016-07-02,15008.983262666257
2016-07-03,15008.983262666257
2016-07-04,15008.983262666257
2016-07-05,15008.983262666257
2016-07-06,15008.983262666257
2016-07-07,15008.983262666257
2016-07-08,15008.983262666257
2016-07-09,15008.983262666257
2016-07-10,15008.983262666257
2016-07-11,15008.983262666257
2016-07-12,15008.983262666257
2016-07-13,15008.983262666257
2016-07-14,15008.983262666257
2016-07-15,15008.983262666257
2016-07-16,15008.983262666257
2016-07-17,15008.983262666257
2016-07-18,15008.983262666257
2016-07-19,15008.983262666257
2016-07-20,15008.983262666257
2016-07-21,15008.983262666257
2016-07-22,15008.983262666257
2016-07-23,15008.983262666257
2016-07-24,15008.983262666257
2016-07-25,15008.983262666257
2016-07-26,15008.983262666257
2016-07-27,15008.983262666257
2016-07-28,15008.983262666257
2016-07-29,15008.983262666257
2016-07-30,15008.983262666257
2016-07-31,15008.983262666257
2016-08-01,15008.983262666257
2016-08-02,15008.983262666257
2016-08-03,15008.983262666257
2016-08-04,15008.983262666257
2016-08-05,15008.983262666257
2016-08-06,15008.983262666257
2016-08-07,15008.983262666257
2016-08-08,15008.983262666257
2016-08-09,15008.983262666257
2016-08-10,15008.983262666257
2016-08-11,15008.983262666257
2016-08-12,15008.983262666257
2016-08-13,15008.983262666257
2016-08-14,15008.983262666257
2016-08-15,15008.983262666257
2016-08-16,15008.983262666257
2016-08-17,15008.983262666257
2016-08-18,15008.983262666257
2016-08-19,15008.983262666257
2016-08-20,15008.983262666257
2016-08-21,15008.983262666257
2016-08-22,15008.983262666257
2016-08-23,15008.983262666257
2016-08-24,15008.983262666257
2016-08-25,15008.983262666257
2016-08-26,15008.983262666257
2016-08-27,15008.983262666257
2016-08-28,15008.983262666257
2016-08-29,15008.983262666257
2016-08-30,15008.983262666257
2016-08-31,15008.983262666257
2016-09-01,15008.983262666257
2016-09-02,15008.983262666257
2016-09-03,15001.478771034925
2016-09-04,15260.58268543242
2016-09-05,15201.617288982485
2016-09-06,15194.016480337994
2016-09-07,15295.924665512648
2016-09-08,15586.156619734316
2016-09-09,15492.147379251135
2016-09-10,15492.147379251135
2016-09-11,15492.147379251135
2016-09-12,15492.147379251135
2016-09-13,15492.147379251135
2016-09-14,15492.147379251135
2016-09-15,15492.147379251135
2016-09-16,15492.147379251135
2016-09-17,15492.147379251135
2016-09-18,15492.147379251135
2016-09-19,15492.147379251135
2016-09-20,15492.147379251135
2016-09-21,15492.147379251135
2016-09-22,15492.147379251135
2016-09-23,15492.147379251135
2016-09-24,15492.147379251135
2016-09-25,15492.147379251135
2016-09-26,15492.147379251135
2016-09-27,15492.147379251135
2016-09-28,15492.147379251135
2016-09-29,15492.147379251135
2016-09-30,15492.147379251135
2016-10-01,15484.40130556151
2016-10-02,15398.509916034942
2016-10-03,15398.509916034942
2016-10-04,15398.509916034942
2016-10-05,15398.509916034942
2016-10-06,15398.509916034942
2016-10-07,15390.810661076925
2016-10-08,15440.286221053178
2016-10-09,15373.697443334107
2016-10-10,15373.697443334107
2016-10-11,15366.01059461244
2016-10-12,15240.910094781173
2016-10-13,15240.910094781173
2016-10-14,15240.910094781173
2016-10-15,15240.910094781173
2016-10-16,15233.289639733783
2016-10-17,15167.681222093359
2016-10-18,15167.681222093359
2016-10-19,15167.681222093359
2016-10-20,15167.681222093359
2016-10-21,15167.681222093359
2016-10-22,15160.097381482314
2016-10-23,15147.372578809782
2016-10-24,15147.372578809782
2016-10-25,15139.798892520377
2016-10-26,15609.3896423372
2016-10-27,15838.037082720915
2016-10-28,15868.794782502453
2016-10-29,16430.041321003675
2016-10-30,16129.14255174644
2016-10-31,16129.14255174644
2016-11-01,16121.077980470567
2016-11-02,16363.036477552083
2016-11-03,15160.942014346798
2016-11-04,15160.942014346798
2016-11-05,15160.942014346798
2016-11-06,15160.942014346798
2016-11-07,15160.942014346798
2016-11-08,15160.942014346798
2016-11-09,15160.942014346798
2016-11-10,15160.942014346798
2016-11-11,15160.942014346798
2016-11-12,15160.942014346798
2016-11-13,15160.942014346798
2016-11-14,15160.942014346798
2016-11-15,15160.942014346798
2016-11-16,15153.361543339624
2016-11-17,15080.056338665989
2016-11-18,15072.516310496656
2016-11-19,15073.138098674994
2016-11-20,14646.921543147888
2016-11-21,14646.921543147888
2016-11-22,14646.921543147888
2016-11-23,14646.921543147888
2016-11-24,14646.921543147888
2016-11-25,14646.921543147888
2016-11-26,14646.921543147888
2016-11-27,14646.921543147888
2016-11-28,14646.921543147888
2016-11-29,14646.921543147888
2016-11-30,14646.921543147888
2016-12-01,14639.598082376315
2016-12-02,15043.502524770809
2016-12-03,14904.123356503742
2016-12-04,14904.123356503742
2016-12-05,14904.123356503742
2016-12-06,14904.123356503742
2016-12-07,14904.123356503742
2016-12-08,14904.123356503742
2016-12-09,14904.123356503742
2016-12-10,14904.123356503742
2016-12-11,14904.123356503742
2016-12-12,14896.671294825492
2016-12-13,14905.625759054781
2016-12-14,14923.27901958395
2016-12-15,14850.882972223859
2016-12-16,14843.457530737747
2016-12-17,14955.028667015169
2016-12-18,14941.896764564455
2016-12-19,14934.425816182174
2016-12-20,15087.408280190895
2016-12-21,15703.942904636546
2016-12-22,16263.431441114984
2016-12-23,17309.663372205327
2016-12-24,16860.601573193988
2016-12-25,16860.601573193988
2016-12-26,16860.601573193988
2016-12-27,16852.17127240739
2016-12-28,17606.546360694607
2016-12-29,17553.957211471065
2016-12-30,17553.957211471065
2016-12-31,17553.957211471065
2017-01-01,17545.18023286533
2017-01-02,17952.10973192578
2017-01-03,18336.093596941624
2017-01-04,20187.31193669519
2017-01-05,17541.25497052318
2017-01-06,17541.25497052318
2017-01-07,17541.25497052318
2017-01-08,17541.25497052318
2017-01-09,17541.25497052318
2017-01-10,17541.25497052318
2017-01-11,17541.25497052318
2017-01-12,17541.25497052318
2017-01-13,17541.25497052318
2017-01-14,17541.25497052318
2017-01-15,17541.25497052318
2017-01-16,17541.25497052318
2017-01-17,17541.25497052318
2017-01-18,17541.25497052318
2017-01-19,17541.25497052318
2017-01-20,17541.25497052318
2017-01-21,17541.25497052318
2017-01-22,17541.25497052318
2017-01-23,17541.25497052318
2017-01-24,17541.25497052318
2017-01-25,17541.25497052318
2017-01-26,17541.25497052318
2017-01-27,17541.25497052318
2017-01-28,17541.25497052318
2017-01-29,17541.25497052318
2017-01-30,17541.25497052318
2017-01-31,17532.48434303792
2017-02-01,17865.7090688083
2017-02-02,18272.486114017513
2017-02-03,18596.649924274137
2017-02-04,18829.73781615441
2017-02-05,18537.266545621318
2017-02-06,18537.266545621318
2017-02-07,18527.99791234851
2017-02-08,18557.999156670834
2017-02-09,17309.16203997373
2017-02-10,17309.16203997373
2017-02-11,17309.16203997373
2017-02-12,17309.16203997373
2017-02-13,17309.16203997373
2017-02-14,17309.16203997373
2017-02-15,17309.16203997373
2017-02-16,17309.16203997373
2017-02-17,17309.16203997373
2017-02-18,17309.16203997373
2017-02-19,17309.16203997373
2017-02-20,17300.507458953743
2017-02-21,17857.25450883859
2017-02-22,17891.48385776098
2017-02-23,18663.609908885835
2017-02-24,18774.617134816595
2017-02-25,18281.724023554892
2017-02-26,18281.724023554892
2017-02-27,18272.583161543116
2017-02-28,18263.446869962347
2017-03-01,18254.315146527366
2017-03-02,18675.1371764285
2017-03-03,19029.723778620253
2017-03-04,18721.761553561137
2017-03-05,18721.761553561137
2017-03-06,18721.761553561137
2017-03-07,18721.761553561137
2017-03-08,18721.761553561137
2017-03-09,18721.761553561137
2017-03-10,18721.761553561137
2017-03-11,18721.761553561137
2017-03-12,18721.761553561137
2017-03-13,18721.761553561137
2017-03-14,18721.761553561137
2017-03-15,18721.761553561137
2017-03-16,18721.761553561137
2017-03-17,18721.761553561137
2017-03-18,18721.761553561137
2017-03-19,18721.761553561137
2017-03-20,18721.761553561137
2017-03-21,18721.761553561137
2017-03-22,18721.761553561137
2017-03-23,18721.761553561137
2017-03-24,18721.761553561137
2017-03-25,18721.761553561137
2017-03-26,18721.761553561137
2017-03-27,18721.761553561137
2017-03-28,18721.761553561137
2017-03-29,18721.761553561137
2017-03-30,18721.761553561137
2017-03-31,18721.761553561137
2017-04-01,18721.761553561137
2017-04-02,18721.761553561137
2017-04-03,18721.761553561137
2017-04-04,18721.761553561137
2017-04-05,18721.761553561137
2017-04-06,18712.40067278436
2017-04-07,18611.368464972646
2017-04-08,18611.368464972646
2017-04-09,18602.06278074016
2017-04-10,18581.169879671965
2017-04-11,18571.87929473213
2017-04-12,18490.942390423075
2017-04-13,18490.942390423075
2017-04-14,18490.942390423075
2017-04-15,18490.942390423075
2017-04-16,18490.942390423075
2017-04-17,18490.942390423075
2017-04-18,18481.696919227863
2017-04-19,18451.394753589444
2017-04-20,18442.16905621265
2017-04-21,18327.16240116122
2017-04-22,18317.998819960638
2017-04-23,17940.80308108241
2017-04-24,17931.83267954187
2017-04-25,18150.52621938622
2017-04-26,18372.76210879951
2017-04-27,18891.00456738841
2017-04-28,18863.630534097843
2017-04-29,18854.198718830794
2017-04-30,19222.864472914745
2017-05-01,20246.33904623874
2017-05-02,20686.159939703954
2017-05-03,21210.141189319664
2017-05-04,21876.814410395837
2017-05-05,22128.322282971363
2017-05-06,22458.0394694716
2017-05-07,22711.369345141127
2017-05-08,24444.810500148775
2017-05-09,24894.690321793994
2017-05-10,25341.227082711386
2017-05-11,26197.794877198314
2017-05-12,24360.64909594476
2017-05-13,24360.64909594476
2017-05-14,24360.64909594476
2017-05-15,24360.64909594476
2017-05-16,24360.64909594476
2017-05-17,24360.64909594476
2017-05-18,24348.468771396787
2017-05-19,25593.18444829131
2017-05-20,26812.85678855185
2017-05-21,26233.659001862667
2017-05-22,26220.542172361736
2017-05-23,27936.819648479788
2017-05-24,29382.285137164607
2017-05-25,27651.17798056453
2017-05-26,27651.17798056453
2017-05-27,27651.17798056453
2017-05-28,27651.17798056453
2017-05-29,27651.17798056453
2017-05-30,27651.17798056453
2017-05-31,27651.17798056453
2017-06-01,27651.17798056453
2017-06-02,27637.35239157425
2017-06-03,27933.397258240573
2017-06-04,27880.090124569047
2017-06-05,27866.150079506766
2017-06-06,29638.025510688483
2017-06-07,28234.74234503734
2017-06-08,28234.74234503734
2017-06-09,28234.74234503734
2017-06-10,28220.624973864822
2017-06-11,28320.018092383023
2017-06-12,25293.638557029582
2017-06-13,25293.638557029582
2017-06-14,25293.638557029582
2017-06-15,25293.638557029582
2017-06-16,25293.638557029582
2017-06-17,25293.638557029582
2017-06-18,25293.638557029582
2017-06-19,25293.638557029582
2017-06-20,25293.638557029582
2017-06-21,25293.638557029582
2017-06-22,25293.638557029582
2017-06-23,25293.638557029582
2017-06-24,25293.638557029582
2017-06-25,25293.638557029582
2017-06-26,25293.638557029582
2017-06-27,25293.638557029582
2017-06-28,25293.638557029582
2017-06-29,25293.638557029582
2017-06-30,25293.638557029582
2017-07-01,25293.638557029582
2017-07-02,25293.638557029582
2017-07-03,25293.638557029582
2017-07-04,25293.638557029582
2017-07-05,25293.638557029582
2017-07-06,25293.638557029582
2017-07-07,25293.638557029582
2017-07-08,25293.638557029582
2017-07-09,25293.638557029582
2017-07-10,25293.638557029582
2017-07-11,25293.638557029582
2017-07-12,25293.638557029582
2017-07-13,25293.638557029582
2017-07-14,25293.638557029582
2017-07-15,25293.638557029582
2017-07-16,25293.638557029582
2017-07-17,25293.638557029582
2017-07-18,25293.638557029582
2017-07-19,25293.638557029582
2017-07-20,25280.99173775107
2017-07-21,23886.838057899342
2017-07-22,23886.838057899342
2017-07-23,23886.838057899342
2017-07-24,23886.838057899342
2017-07-25,23886.838057899342
2017-07-26,23886.838057899342
2017-07-27,23886.838057899342
2017-07-28,23886.838057899342
2017-07-29,23886.838057899342
2017-07-30,23886.838057899342
2017-07-31,23874.894638870395
2017-08-01,22521.689834813587
2017-08-02,22521.689834813587
2017-08-03,22521.689834813587
2017-08-04,22510.428989896183
2017-08-05,25127.43518904895
2017-08-06,24812.026256646157
2017-08-07,24799.620243517835
2017-08-08,25098.72738268407
2017-08-09,24511.092282565776
2017-08-10,24511.092282565776
2017-08-11,24498.836736424495
2017-08-12,26021.470715289357
2017-08-13,27254.767144608362
2017-08-14,28890.01247111291
2017-08-15,27902.86194608902
2017-08-16,27888.910515115975
2017-08-17,27587.117851269282
2017-08-18,27587.117851269282
2017-08-19,27587.117851269282
2017-08-20,27587.117851269282
2017-08-21,27587.117851269282
2017-08-22,27587.117851269282
2017-08-23,27587.117851269282
2017-08-24,27587.117851269282
2017-08-25,27587.117851269282
2017-08-26,27587.117851269282
2017-08-27,27573.32429234365
2017-08-28,27558.15526431067
2017-08-29,27544.376186678517
2017-08-30,27447.948306336046
2017-08-31,27434.22433218288
2017-09-01,28512.9286965603
2017-09-02,26611.891713252673
2017-09-03,26611.891713252673
2017-09-04,26611.891713252673
2017-09-05,26611.891713252673
2017-09-06,26611.891713252673
2017-09-07,26611.891713252673
2017-09-08,26611.891713252673
2017-09-09,26611.891713252673
2017-09-10,26611.891713252673
2017-09-11,26611.891713252673
2017-09-12,26611.891713252673
2017-09-13,26611.891713252673
2017-09-14,26611.891713252673
2017-09-15,26611.891713252673
2017-09-16,26611.891713252673
2017-09-17,26611.891713252673
2017-09-18,26611.891713252673
2017-09-19,26611.891713252673
2017-09-20,26611.891713252673
2017-09-21,26611.891713252673
2017-09-22,26611.891713252673
2017-09-23,26611.891713252673
2017-09-24,26611.891713252673
2017-09-25,26611.891713252673
2017-09-26,26611.891713252673
2017-09-27,26611.891713252673
2017-09-28,26611.891713252673
2017-09-29,26611.891713252673
2017-09-30,26598.58576739605
2017-10-01,26994.297534670517
2017-10-02,27028.477973130204
2017-10-03,26446.053504686628
2017-10-04,26446.053504686628
2017-10-05,26446.053504686628
2017-10-06,26446.053504686628
2017-10-07,26432.830477934287
2017-10-08,27506.91881787992
2017-10-09,28454.19467797292
2017-10-10,28513.582208358446
2017-10-11,28777.63487650114
2017-10-12,32257.745475278458
2017-10-13,33422.67288517647
2017-10-14,34497.625643141066
2017-10-15,33559.5840465076
2017-10-16,33559.5840465076
2017-10-17,33559.5840465076
2017-10-18,33559.5840465076
2017-10-19,33559.5840465076
2017-10-20,33542.80425448435
2017-10-21,33655.04905033323
2017-10-22,33508.63188799453
2017-10-23,33508.63188799453
2017-10-24,33508.63188799453
2017-10-25,33508.63188799453
2017-10-26,33508.63188799453
2017-10-27,33508.63188799453
2017-10-28,33508.63188799453
2017-10-29,33491.87757205054
2017-10-30,33347.97145149111
2017-10-31,33331.29746576537
2017-11-01,34837.03575517428
2017-11-02,36403.251242832164
2017-11-03,37062.010667507704
2017-11-04,37936.996525016366
2017-11-05,38077.89383398239
2017-11-06,36028.3663591495
2017-11-07,36028.3663591495
2017-11-08,36010.35217596993
2017-11-09,34433.106372293645
2017-11-10,34433.106372293645
2017-11-11,34433.106372293645
2017-11-12,34433.106372293645
2017-11-13,34433.106372293645
2017-11-14,34433.106372293645
2017-11-15,34433.106372293645
2017-11-16,34415.8898191075
2017-11-17,33679.88671642155
2017-11-18,33679.88671642155
2017-11-19,33663.04677306334
2017-11-20,34343.70372454882
2017-11-21,33780.37829944076
2017-11-22,33763.488110291044
2017-11-23,32856.354403024096
2017-11-24,32839.926225822586
2017-11-25,34910.77705122553
2017-11-26,36990.571934653315
2017-11-27,38875.57827065894
2017-11-28,39816.16549362903
2017-11-29,39116.825263231294
2017-11-30,39097.26685059968
2017-12-01,41834.00537141975
2017-12-02,42209.65679474274
2017-12-03,43146.693150498926
2017-12-04,44400.98029309617
2017-12-05,45378.54612841992
2017-12-06,53624.92434564347
2017-12-07,65696.91124096754
2017-12-08,60590.535711856835
2017-12-09,60590.535711856835
2017-12-10,60590.535711856835
2017-12-11,60590.535711856835
2017-12-12,60590.535711856835
2017-12-13,60590.535711856835
2017-12-14,60590.535711856835
2017-12-15,60590.535711856835
2017-12-16,60560.24044400091
2017-12-17,59412.08368231162
2017-12-18,59412.08368231162
2017-12-19,59412.08368231162
2017-12-20,59412.08368231162
2017-12-21,59412.08368231162
2017-12-22,59412.08368231162
2017-12-23,59412.08368231162
2017-12-24,59412.08368231162
2017-12-25,59412.08368231162
2017-12-26,59412.08368231162
2017-12-27,59412.08368231162
2017-12-28,59412.08368231162
2017-12-29,59412.08368231162
2017-12-30,59412.08368231162
2017-12-31,59412.08368231162
2018-01-01,59412.08368231162
2018-01-02,59412.08368231162
2018-01-03,59412.08368231162
2018-01-04,59412.08368231162
2018-01-05,59412.08368231162
2018-01-06,59412.08368231162
2018-01-07,59412.08368231162
2018-01-08,59412.08368231162
2018-01-09,59412.08368231162
2018-01-10,59412.08368231162
2018-01-11,59412.08368231162
2018-01-12,59412.08368231162
2018-01-13,59412.08368231162
2018-01-14,59412.08368231162
2018-01-15,59412.08368231162
2018-01-16,59412.08368231162
2018-01-17,59412.08368231162
2018-01-18,59412.08368231162
2018-01-19,59412.08368231162
2018-01-20,59412.08368231162
2018-01-21,59412.08368231162
2018-01-22,59412.08368231162
2018-01-23,59412.08368231162
2018-01-24,59412.08368231162
2018-01-25,59412.08368231162
2018-01-26,59412.08368231162
2018-01-27,59412.08368231162
2018-01-28,59412.08368231162
2018-01-29,59412.08368231162
2018-01-30,59412.08368231162
2018-01-31,59412.08368231162
2018-02-01,59412.08368231162
2018-02-02,59412.08368231162
2018-02-03,59412.08368231162
2018-02-04,59412.08368231162
2018-02-05,59412.08368231162
2018-02-06,59412.08368231162
2018-02-07,59412.08368231162
2018-02-08,59412.08368231162
2018-02-09,59412.08368231162
2018-02-10,59412.08368231162
2018-02-11,59412.08368231162
2018-02-12,59412.08368231162
2018-02-13,59412.08368231162
2018-02-14,59412.08368231162
2018-02-15,59412.08368231162
2018-02-16,59412.08368231162
2018-02-17,59412.08368231162
2018-02-18,59412.08368231162
2018-02-19,59382.37764047047
2018-02-20,60318.70349265156
2018-02-21,56392.45640492791
2018-02-22,56392.45640492791
2018-02-23,56392.45640492791
2018-02-24,56392.45640492791
2018-02-25,56392.45640492791
2018-02-26,56392.45640492791
2018-02-27,56392.45640492791
2018-02-28,56392.45640492791
2018-03-01,56392.45640492791
2018-03-02,56392.45640492791
2018-03-03,56364.260176725445
2018-03-04,56476.48451685395
2018-03-05,56773.4745954478
2018-03-06,52713.18450570528
2018-03-07,52713.18450570528
2018-03-08,52713.18450570528
2018-03-09,52713.18450570528
2018-03-10,52713.18450570528
2018-03-11,52713.18450570528
2018-03-12,52713.18450570528
2018-03-13,52713.18450570528
2018-03-14,52713.18450570528
2018-03-15,52713.18450570528
2018-03-16,52713.18450570528
2018-03-17,52713.18450570528
2018-03-18,52713.18450570528
2018-03-19,52713.18450570528
2018-03-20,52713.18450570528
2018-03-21,52713.18450570528
2018-03-22,52713.18450570528
2018-03-23,52713.18450570528
2018-03-24,52713.18450570528
2018-03-25,52713.18450570528
2018-03-26,52713.18450570528
2018-03-27,52713.18450570528
2018-03-28,52713.18450570528
2018-03-29,52713.18450570528
2018-03-30,52713.18450570528
2018-03-31,52713.18450570528
2018-04-01,52713.18450570528
2018-04-02,52713.18450570528
2018-04-03,52713.18450570528
2018-04-04,52713.18450570528
2018-04-05,52713.18450570528
2018-04-06,52713.18450570528
2018-04-07,52713.18450570528
2018-04-08,52713.18450570528
2018-04-09,52713.18450570528
2018-04-10,52713.18450570528
2018-04-11,52713.18450570528
2018-04-12,52713.18450570528
2018-04-13,52713.18450570528
2018-04-14,52713.18450570528
2018-04-15,52686.82791345243
2018-04-16,50921.39087967569
2018-04-17,50921.39087967569
2018-04-18,50921.39087967569
2018-04-19,50921.39087967569
2018-04-20,50895.930184235855
2018-04-21,51181.37301446066
2018-04-22,50617.184898552274
2018-04-23,50591.876306103004
2018-04-24,54758.27917280512
2018-04-25,49696.85607301822
2018-04-26,49696.85607301822
2018-04-27,49696.85607301822
2018-04-28,49696.85607301822
2018-04-29,49696.85607301822
2018-04-30,49696.85607301822
2018-05-01,49696.85607301822
2018-05-02,49696.85607301822
2018-05-03,49672.00764498171
2018-05-04,49426.96717045898
2018-05-05,49402.25368687375
2018-05-06,48347.842461447515
2018-05-07,48347.842461447515
2018-05-08,48347.842461447515
2018-05-09,48347.842461447515
2018-05-10,48347.842461447515
2018-05-11,48347.842461447515
2018-05-12,48347.842461447515
2018-05-13,48347.842461447515
2018-05-14,48347.842461447515
2018-05-15,48347.842461447515
2018-05-16,48347.842461447515
2018-05-17,48347.842461447515
2018-05-18,48347.842461447515
2018-05-19,48347.842461447515
2018-05-20,48347.842461447515
2018-05-21,48347.842461447515
2018-05-22,48347.842461447515
2018-05-23,48347.842461447515
2018-05-24,48347.842461447515
2018-05-25,48347.842461447515
2018-05-26,48347.842461447515
2018-05-27,48347.842461447515
2018-05-28,48347.842461447515
2018-05-29,48347.842461447515
2018-05-30,48347.842461447515
2018-05-31,48347.842461447515
2018-06-01,48347.842461447515
2018-06-02,48347.842461447515
2018-06-03,48347.842461447515
2018-06-04,48347.842461447515
2018-06-05,48347.842461447515
2018-06-06,48347.842461447515
2018-06-07,48347.842461447515
2018-06-08,48347.842461447515
2018-06-09,48347.842461447515
2018-06-10,48347.842461447515
2018-06-11,48347.842461447515
2018-06-12,48347.842461447515
2018-06-13,48347.842461447515
2018-06-14,48347.842461447515
2018-06-15,48347.842461447515
2018-06-16,48347.842461447515
2018-06-17,48347.842461447515
2018-06-18,48347.842461447515
2018-06-19,48347.842461447515
2018-06-20,48347.842461447515
2018-06-21,48347.842461447515
2018-06-22,48347.842461447515
2018-06-23,48347.842461447515
2018-06-24,48347.842461447515
2018-06-25,48347.842461447515
2018-06-26,48347.842461447515
2018-06-27,48347.842461447515
2018-06-28,48347.842461447515
2018-06-29,48347.842461447515
2018-06-30,48347.842461447515
2018-07-01,48347.842461447515
2018-07-02,48347.842461447515
2018-07-03,48347.842461447515
2018-07-04,48347.842461447515
2018-07-05,48347.842461447515
2018-07-06,48347.842461447515
2018-07-07,48323.66854021679
2018-07-08,47710.64302509019
2018-07-09,47710.64302509019
2018-07-10,47710.64302509019
2018-07-11,47710.64302509019
2018-07-12,47710.64302509019
2018-07-13,47710.64302509019
2018-07-14,47710.64302509019
2018-07-15,47710.64302509019
2018-07-16,47710.64302509019
2018-07-17,47686.78770357765
2018-07-18,48009.68000733577
2018-07-19,48631.455220886135
2018-07-20,47867.333472831124
2018-07-21,47867.333472831124
2018-07-22,47867.333472831124
2018-07-23,47843.39980609471
2018-07-24,52075.370589015656
2018-07-25,50525.88405877745
2018-07-26,50525.88405877745
2018-07-27,50525.88405877745
2018-07-28,50525.88405877745
2018-07-29,50525.88405877745
2018-07-30,50525.88405877745
2018-07-31,50525.88405877745
2018-08-01,50525.88405877745
2018-08-02,50525.88405877745
2018-08-03,50525.88405877745
2018-08-04,50525.88405877745
2018-08-05,50525.88405877745
2018-08-06,50525.88405877745
2018-08-07,50525.88405877745
2018-08-08,50525.88405877745
2018-08-09,50525.88405877745
2018-08-10,50525.88405877745
2018-08-11,50525.88405877745
2018-08-12,50525.88405877745
2018-08-13,50525.88405877745
2018-08-14,50525.88405877745
2018-08-15,50525.88405877745
2018-08-16,50525.88405877745
2018-08-17,50525.88405877745
2018-08-18,50525.88405877745
2018-08-19,50525.88405877745
2018-08-20,50525.88405877745
2018-08-21,50525.88405877745
2018-08-22,50525.88405877745
2018-08-23,50525.88405877745
2018-08-24,50525.88405877745
2018-08-25,50525.88405877745
2018-08-26,50525.88405877745
2018-08-27,50500.62111674806
2018-08-28,52029.66931330496
2018-08-29,51642.25890097836
2018-08-30,51642.25890097836
2018-08-31,51642.25890097836
2018-09-01,51616.437771527875
2018-09-02,52183.563322635535
2018-09-03,52066.55263625846
2018-09-04,52040.51935994033
2018-09-05,47829.514170184375
2018-09-06,47829.514170184375
2018-09-07,47829.514170184375
2018-09-08,47829.514170184375
2018-09-09,47829.514170184375
2018-09-10,47829.514170184375
2018-09-11,47829.514170184375
2018-09-12,47829.514170184375
2018-09-13,47829.514170184375
2018-09-14,47829.514170184375
2018-09-15,47829.514170184375
2018-09-16,47829.514170184375
2018-09-17,47829.514170184375
2018-09-18,47829.514170184375
2018-09-19,47829.514170184375
2018-09-20,47829.514170184375
2018-09-21,47829.514170184375
2018-09-22,47829.514170184375
2018-09-23,47829.514170184375
2018-09-24,47829.514170184375
2018-09-25,47829.514170184375
2018-09-26,47829.514170184375
2018-09-27,47829.514170184375
2018-09-28,47829.514170184375
2018-09-29,47829.514170184375
2018-09-30,47829.514170184375
2018-10-01,47829.514170184375
2018-10-02,47829.514170184375
2018-10-03,47829.514170184375
2018-10-04,47829.514170184375
2018-10-05,47829.514170184375
2018-10-06,47829.514170184375
2018-10-07,47829.514170184375
2018-10-08,47829.514170184375
2018-10-09,47829.514170184375
2018-10-10,47829.514170184375
2018-10-11,47829.514170184375
2018-10-12,47829.514170184375
2018-10-13,47829.514170184375
2018-10-14,47829.514170184375
2018-10-15,47829.514170184375
2018-10-16,47829.514170184375
2018-10-17,47829.514170184375
2018-10-18,47829.514170184375
2018-10-19,47829.514170184375
2018-10-20,47829.514170184375
2018-10-21,47829.514170184375
2018-10-22,47829.514170184375
2018-10-23,47829.514170184375
2018-10-24,47829.514170184375
2018-10-25,47829.514170184375
2018-10-26,47829.514170184375
2018-10-27,47829.514170184375
2018-10-28,47829.514170184375
2018-10-29,47829.514170184375
2018-10-30,47829.514170184375
2018-10-31,47829.514170184375
2018-11-01,47829.514170184375
2018-11-02,47829.514170184375
2018-11-03,47829.514170184375
2018-11-04,47829.514170184375
2018-11-05,47829.514170184375
2018-11-06,47829.514170184375
2018-11-07,47805.599413099284
2018-11-08,47218.94528052025
2018-11-09,47218.94528052025
2018-11-10,47218.94528052025
2018-11-11,47218.94528052025
2018-11-12,47218.94528052025
2018-11-13,47218.94528052025
2018-11-14,47218.94528052025
2018-11-15,47218.94528052025
2018-11-16,47218.94528052025
2018-11-17,47218.94528052025
2018-11-18,47218.94528052025
2018-11-19,47218.94528052025
2018-11-20,47218.94528052025
2018-11-21,47218.94528052025
2018-11-22,47218.94528052025
2018-11-23,47218.94528052025
2018-11-24,47218.94528052025
2018-11-25,47218.94528052025
2018-11-26,47218.94528052025
2018-11-27,47218.94528052025
2018-11-28,47218.94528052025
2018-11-29,47218.94528052025
2018-11-30,47218.94528052025
2018-12-01,47218.94528052025
2018-12-02,47218.94528052025
2018-12-03,47218.94528052025
2018-12-04,47218.94528052025
2018-12-05,47218.94528052025
2018-12-06,47218.94528052025
2018-12-07,47218.94528052025
2018-12-08,47218.94528052025
2018-12-09,47218.94528052025
2018-12-10,47218.94528052025
2018-12-11,47218.94528052025
2018-12-12,47218.94528052025
2018-12-13,47218.94528052025
2018-12-14,47218.94528052025
2018-12-15,47218.94528052025
2018-12-16,47218.94528052025
2018-12-17,47218.94528052025
2018-12-18,47218.94528052025
2018-12-19,47218.94528052025
2018-12-20,47218.94528052025
2018-12-21,47218.94528052025
2018-12-22,47218.94528052025
2018-12-23,47218.94528052025
2018-12-24,47218.94528052025
2018-12-25,47218.94528052025
2018-12-26,47218.94528052025
2018-12-27,47218.94528052025
2018-12-28,47218.94528052025
2018-12-29,47218.94528052025
2018-12-30,47218.94528052025
2018-12-31,47218.94528052025
2019-01-01,47218.94528052025
2019-01-02,47218.94528052025
2019-01-03,47218.94528052025
2019-01-04,47218.94528052025
2019-01-05,47218.94528052025
2019-01-06,47218.94528052025
2019-01-07,47218.94528052025
2019-01-08,47218.94528052025
2019-01-09,47218.94528052025
2019-01-10,47218.94528052025
2019-01-11,47218.94528052025
2019-01-12,47218.94528052025
2019-01-13,47218.94528052025
2019-01-14,47218.94528052025
2019-01-15,47218.94528052025
2019-01-16,47218.94528052025
2019-01-17,47218.94528052025
2019-01-18,47218.94528052025
2019-01-19,47218.94528052025
2019-01-20,47218.94528052025
2019-01-21,47218.94528052025
2019-01-22,47218.94528052025
2019-01-23,47218.94528052025
2019-01-24,47218.94528052025
2019-01-25,47218.94528052025
2019-01-26,47218.94528052025
2019-01-27,47218.94528052025
2019-01-28,47218.94528052025
2019-01-29,47218.94528052025
2019-01-30,47218.94528052025
2019-01-31,47218.94528052025
2019-02-01,47218.94528052025
2019-02-02,47218.94528052025
2019-02-03,47218.94528052025
2019-02-04,47218.94528052025
2019-02-05,47218.94528052025
2019-02-06,47218.94528052025
2019-02-07,47218.94528052025
2019-02-08,47218.94528052025
2019-02-09,47195.335807879994
2019-02-10,47438.76462696759
2019-02-11,46875.175586824895
2019-02-12,46875.175586824895
2019-02-13,46875.175586824895
2019-02-14,46875.175586824895
2019-02-15,46875.175586824895
2019-02-16,46875.175586824895
2019-02-17,46875.175586824895
2019-02-18,46851.73799903149
2019-02-19,47225.70646818624
2019-02-20,47852.38049962956
2019-02-21,47278.5400029298
2019-02-22,47254.90073292834
2019-02-23,48844.12523673158
2019-02-24,44738.06493934047
2019-02-25,44738.06493934047
2019-02-26,44738.06493934047
2019-02-27,44738.06493934047
2019-02-28,44738.06493934047
2019-03-01,44738.06493934047
2019-03-02,44738.06493934047
2019-03-03,44738.06493934047
2019-03-04,44738.06493934047
2019-03-05,44738.06493934047
2019-03-06,44738.06493934047
2019-03-07,44738.06493934047
2019-03-08,44738.06493934047
2019-03-09,44738.06493934047
2019-03-10,44738.06493934047
2019-03-11,44738.06493934047
2019-03-12,44738.06493934047
2019-03-13,44738.06493934047
2019-03-14,44738.06493934047
2019-03-15,44738.06493934047
2019-03-16,44715.6959068708
2019-03-17,44433.074056541496
2019-03-18,44433.074056541496
2019-03-19,44410.85751951323
2019-03-20,44588.161515019405
2019-03-21,43926.99034098219
2019-03-22,43926.99034098219
2019-03-23,43926.99034098219
2019-03-24,43926.99034098219
2019-03-25,43926.99034098219
2019-03-26,43926.99034098219
2019-03-27,43926.99034098219
2019-03-28,43926.99034098219
2019-03-29,43905.026845811706
2019-03-30,43993.69961416805
2019-03-31,43958.24697602724
2019-04-01,43936.26785253923
2019-04-02,50967.9151432941
2019-04-03,51931.59064053643
2019-04-04,51378.49521571952
2019-04-05,51352.805968111665
2019-04-06,51588.1573485059
2019-04-07,52987.026473775695
2019-04-08,53905.21070627203
2019-04-09,53006.97595522273
2019-04-10,52980.47246724513
2019-04-11,50300.95724225062
2019-04-12,50300.95724225062
2019-04-13,50300.95724225062
2019-04-14,50300.95724225062
2019-04-15,50300.95724225062
2019-04-16,50300.95724225062
2019-04-17,50300.95724225062
2019-04-18,50300.95724225062
2019-04-19,50300.95724225062
2019-04-20,50275.806763629495
2019-04-21,50030.2132935055
2019-04-22,50005.198186858746
2019-04-23,51582.24606111789
2019-04-24,50551.666489897165
2019-04-25,50551.666489897165
2019-04-26,50551.666489897165
2019-04-27,50551.666489897165
2019-04-28,50551.666489897165
2019-04-29,50551.666489897165
2019-04-30,50551.666489897165
2019-05-01,50551.666489897165
2019-05-02,50551.666489897165
2019-05-03,50526.39065665222
2019-05-04,51074.17939355604
2019-05-05,50737.11508923229
2019-05-06,50737.11508923229
2019-05-07,50737.11508923229
2019-05-08,50711.74653168768
2019-05-09,52314.29519449931
2019-05-10,54017.39331248503
2019-05-11,60594.3253376665
2019-05-12,58577.25597493146
2019-05-13,58547.967346943995
2019-05-14,59877.54529348718
2019-05-15,61435.61266780627
2019-05-16,58958.928489277896
2019-05-17,58958.928489277896
2019-05-18,58958.928489277896
2019-05-19,58958.928489277896
2019-05-20,58958.928489277896
2019-05-21,58958.928489277896
2019-05-22,58958.928489277896
2019-05-23,58958.928489277896
2019-05-24,58958.928489277896
2019-05-25,58958.928489277896
2019-05-26,58929.44902503326
2019-05-27,59823.32024028036
2019-05-28,59207.54306857988
2019-05-29,59207.54306857988
2019-05-30,59207.54306857988
2019-05-31,59207.54306857988
2019-06-01,59207.54306857988
2019-06-02,59207.54306857988
2019-06-03,59207.54306857988
2019-06-04,59207.54306857988
2019-06-05,59207.54306857988
2019-06-06,59207.54306857988
2019-06-07,59207.54306857988
2019-06-08,59207.54306857988
2019-06-09,59207.54306857988
2019-06-10,59207.54306857988
2019-06-11,59207.54306857988
2019-06-12,59207.54306857988
2019-06-13,59207.54306857988
2019-06-14,59207.54306857988
2019-06-15,59177.93929704559
2019-06-16,60214.082304321615
2019-06-17,62357.00981889042
2019-06-18,60708.77992883028
2019-06-19,60708.77992883028
2019-06-20,60678.425538865864
2019-06-21,64488.45947909139
2019-06-22,67936.3049301398
2019-06-23,68904.9533241993
2019-06-24,69886.44211681814
2019-06-25,74668.4500920743
2019-06-26,82050.74523154585
2019-06-27,69552.80247158997
2019-06-28,69552.80247158997
2019-06-29,69552.80247158997
2019-06-30,69552.80247158997
2019-07-01,69552.80247158997
2019-07-02,69552.80247158997
2019-07-03,69552.80247158997
2019-07-04,69552.80247158997
2019-07-05,69552.80247158997
2019-07-06,69552.80247158997
2019-07-07,69552.80247158997
2019-07-08,69552.80247158997
2019-07-09,69552.80247158997
2019-07-10,69552.80247158997
2019-07-11,69552.80247158997
2019-07-12,69552.80247158997
2019-07-13,69552.80247158997
2019-07-14,69552.80247158997
2019-07-15,69552.80247158997
2019-07-16,69552.80247158997
2019-07-17,69552.80247158997
2019-07-18,69552.80247158997
2019-07-19,69552.80247158997
2019-07-20,69552.80247158997
2019-07-21,69552.80247158997
2019-07-22,69552.80247158997
2019-07-23,69552.80247158997
2019-07-24,69552.80247158997
2019-07-25,69552.80247158997
2019-07-26,69552.80247158997
2019-07-27,69552.80247158997
2019-07-28,69552.80247158997
2019-07-29,69552.80247158997
2019-07-30,69552.80247158997
2019-07-31,69552.80247158997
2019-08-01,69552.80247158997
2019-08-02,69552.80247158997
2019-08-03,69552.80247158997
2019-08-04,69518.02607035417
2019-08-05,74620.46930830035
2019-08-06,72483.9634129538
2019-08-07,72447.72143124732
2019-08-08,72595.82957214084
2019-08-09,71929.08301240488
2019-08-10,71929.08301240488
2019-08-11,71929.08301240488
2019-08-12,71929.08301240488
2019-08-13,71929.08301240488
2019-08-14,71929.08301240488
2019-08-15,71929.08301240488
2019-08-16,71929.08301240488
2019-08-17,71929.08301240488
2019-08-18,71929.08301240488
2019-08-19,71929.08301240488
2019-08-20,71929.08301240488
2019-08-21,71929.08301240488
2019-08-22,71929.08301240488
2019-08-23,71929.08301240488
2019-08-24,71929.08301240488
2019-08-25,71929.08301240488
2019-08-26,71929.08301240488
2019-08-27,71929.08301240488
2019-08-28,71929.08301240488
2019-08-29,71929.08301240488
2019-08-30,71929.08301240488
2019-08-31,71929.08301240488
2019-09-01,71929.08301240488
2019-09-02,71929.08301240488
2019-09-03,71929.08301240488
2019-09-04,71929.08301240488
2019-09-05,71929.08301240488
2019-09-06,71929.08301240488
2019-09-07,71929.08301240488
2019-09-08,71929.08301240488
2019-09-09,71929.08301240488
2019-09-10,71929.08301240488
2019-09-11,71929.08301240488
2019-09-12,71929.08301240488
2019-09-13,71929.08301240488
2019-09-14,71929.08301240488
2019-09-15,71929.08301240488
2019-09-16,71929.08301240488
2019-09-17,71929.08301240488
2019-09-18,71929.08301240488
2019-09-19,71929.08301240488
2019-09-20,71929.08301240488
2019-09-21,71929.08301240488
2019-09-22,71929.08301240488
2019-09-23,71929.08301240488
2019-09-24,71929.08301240488
2019-09-25,71929.08301240488
2019-09-26,71929.08301240488
2019-09-27,71929.08301240488
2019-09-28,71929.08301240488
2019-09-29,71929.08301240488
2019-09-30,71929.08301240488
2019-10-01,71929.08301240488
2019-10-02,71929.08301240488
2019-10-03,71929.08301240488
2019-10-04,71929.08301240488
2019-10-05,71929.08301240488
2019-10-06,71929.08301240488
2019-10-07,71929.08301240488
2019-10-08,71929.08301240488
2019-10-09,71929.08301240488
2019-10-10,71929.08301240488
2019-10-11,71929.08301240488
2019-10-12,71929.08301240488
2019-10-13,71929.08301240488
2019-10-14,71929.08301240488
2019-10-15,71929.08301240488
2019-10-16,71929.08301240488
2019-10-17,71929.08301240488
2019-10-18,71929.08301240488
2019-10-19,71929.08301240488
2019-10-20,71929.08301240488
2019-10-21,71929.08301240488
2019-10-22,71929.08301240488
2019-10-23,71929.08301240488
2019-10-24,71929.08301240488
2019-10-25,71893.11847089868
2019-10-26,76586.61282132089
2019-10-27,79086.4608274036
2019-10-28,76561.01845782816
2019-10-29,76561.01845782816
2019-10-30,76561.01845782816
2019-10-31,76561.01845782816
2019-11-01,76561.01845782816
2019-11-02,76561.01845782816
2019-11-03,76561.01845782816
2019-11-04,76561.01845782816
2019-11-05,76561.01845782816
2019-11-06,76561.01845782816
2019-11-07,76561.01845782816
2019-11-08,76561.01845782816
2019-11-09,76561.01845782816
2019-11-10,76561.01845782816
2019-11-11,76561.01845782816
2019-11-12,76561.01845782816
2019-11-13,76561.01845782816
2019-11-14,76561.01845782816
2019-11-15,76561.01845782816
2019-11-16,76561.01845782816
2019-11-17,76561.01845782816
2019-11-18,76561.01845782816
2019-11-19,76561.01845782816
2019-11-20,76561.01845782816
2019-11-21,76561.01845782816
2019-11-22,76561.01845782816
2019-11-23,76561.01845782816
2019-11-24,76561.01845782816
2019-11-25,76561.01845782816
2019-11-26,76561.01845782816
2019-11-27,76561.01845782816
2019-11-28,76561.01845782816
2019-11-29,76561.01845782816
2019-11-30,76561.01845782816
2019-12-01,76561.01845782816
2019-12-02,76561.01845782816
2019-12-03,76561.01845782816
2019-12-04,76561.01845782816
2019-12-05,76561.01845782816
2019-12-06,76561.01845782816
2019-12-07,76561.01845782816
2019-12-08,76561.01845782816
2019-12-09,76561.01845782816
2019-12-10,76561.01845782816
2019-12-11,76561.01845782816
2019-12-12,76561.01845782816
2019-12-13,76561.01845782816
2019-12-14,76561.01845782816
2019-12-15,76561.01845782816
2019-12-16,76561.01845782816
2019-12-17,76561.01845782816
2019-12-18,76561.01845782816
2019-12-19,76561.01845782816
2019-12-20,76561.01845782816
2019-12-21,76561.01845782816
2019-12-22,76561.01845782816
2019-12-23,76561.01845782816
2019-12-24,76561.01845782816
2019-12-25,76561.01845782816
2019-12-26,76561.01845782816
2019-12-27,76561.01845782816
2019-12-28,76561.01845782816
2019-12-29,76561.01845782816
2019-12-30,76561.01845782816
2019-12-31,76561.01845782816
2020-01-01,76561.01845782816
2020-01-02,76561.01845782816
2020-01-03,76561.01845782816
2020-01-04,76561.01845782816
2020-01-05,76561.01845782816
2020-01-06,76522.73794859926
2020-01-07,80312.67112193308
2020-01-08,79443.55364100712
2020-01-09,79443.55364100712
2020-01-10,79403.83186418662
2020-01-11,78099.6803080348
2020-01-12,78060.6304678808
2020-01-13,77560.02261858
2020-01-14,77521.24260727072
2020-01-15,77300.01645310989
2020-01-16,77300.01645310989
2020-01-17,77261.36644488333
2020-01-18,77380.42839520672
2020-01-19,75267.2383434147
2020-01-20,75267.2383434147
2020-01-21,75267.2383434147
2020-01-22,75267.2383434147
2020-01-23,75267.2383434147
2020-01-24,75267.2383434147
2020-01-25,75267.2383434147
2020-01-26,75267.2383434147
2020-01-27,75267.2383434147
2020-01-28,75229.604724243
2020-01-29,74853.9337561594
2020-01-30,74816.50678928132
2020-01-31,73521.80349752893
2020-02-01,73521.80349752893
2020-02-02,73521.80349752893
2020-02-03,73521.80349752893
2020-02-04,73521.80349752893
2020-02-05,73485.04259578018
2020-02-06,74369.2943223762
2020-02-07,74873.13404968691
2020-02-08,75400.00577038538
2020-02-09,77298.55682021353
2020-02-10,75246.85942207386
2020-02-11,75209.23599236282
2020-02-12,76072.29243060712
2020-02-13,75207.06423285464
2020-02-14,75207.06423285464
2020-02-15,75207.06423285464
2020-02-16,75207.06423285464
2020-02-17,75207.06423285464
2020-02-18,75207.06423285464
2020-02-19,75207.06423285464
2020-02-20,75207.06423285464
2020-02-21,75207.06423285464
2020-02-22,75207.06423285464
2020-02-23,75207.06423285464
2020-02-24,75207.06423285464
2020-02-25,75207.06423285464
2020-02-26,75207.06423285464
2020-02-27,75207.06423285464
2020-02-28,75207.06423285464
2020-02-29,75207.06423285464
2020-03-01,75207.06423285464
2020-03-02,75207.06423285464
2020-03-03,75207.06423285464
2020-03-04,75207.06423285464
2020-03-05,75207.06423285464
2020-03-06,75207.06423285464
2020-03-07,75207.06423285464
2020-03-08,75207.06423285464
2020-03-09,75207.06423285464
2020-03-10,75207.06423285464
2020-03-11,75207.06423285464
2020-03-12,75207.06423285464
2020-03-13,75207.06423285464
2020-03-14,75207.06423285464
2020-03-15,75207.06423285464
2020-03-16,75207.06423285464
2020-03-17,75207.06423285464
2020-03-18,75207.06423285464
2020-03-19,75207.06423285464
2020-03-20,75207.06423285464
2020-03-21,75207.06423285464
2020-03-22,75207.06423285464
2020-03-23,75207.06423285464
2020-03-24,75207.06423285464
2020-03-25,75207.06423285464
2020-03-26,75207.06423285464
2020-03-27,75207.06423285464
2020-03-28,75207.06423285464
2020-03-29,75207.06423285464
2020-03-30,75207.06423285464
2020-03-31,75207.06423285464
2020-04-01,75207.06423285464
2020-04-02,75169.46070073821
2020-04-03,74462.39541808804
2020-04-04,74425.164220379
2020-04-05,73555.36768465169
2020-04-06,73518.59000080937
2020-04-07,72511.28363123994
2020-04-08,72475.02798942433
2020-04-09,72121.7848491163
2020-04-10,72121.7848491163
2020-04-11,72121.7848491163
2020-04-12,72121.7848491163
2020-04-13,72121.7848491163
2020-04-14,72121.7848491163
2020-04-15,72121.7848491163
2020-04-16,72121.7848491163
2020-04-17,72121.7848491163
2020-04-18,72121.7848491163
2020-04-19,72121.7848491163
2020-04-20,72121.7848491163
2020-04-21,72121.7848491163
2020-04-22,72121.7848491163
2020-04-23,72085.72395669174
2020-04-24,73251.93288984912
2020-04-25,73436.36219527324
2020-04-26,74495.1409406883
2020-04-27,75609.39128758623
2020-04-28,75720.43597503992
2020-04-29,84794.87951886344
2020-04-30,83368.46190531911
2020-05-01,83326.77767436646
2020-05-02,84482.69734001704
2020-05-03,83579.58472268075
2020-05-04,83579.58472268075
2020-05-05,83537.79493031942
2020-05-06,85967.41870386942
2020-05-07,92077.58452579533
2020-05-08,91018.82607661485
2020-05-09,91018.82607661485
2020-05-10,91018.82607661485
2020-05-11,91018.82607661485
2020-05-12,91018.82607661485
2020-05-13,91018.82607661485
2020-05-14,91018.82607661485
2020-05-15,91018.82607661485
2020-05-16,91018.82607661485
2020-05-17,91018.82607661485
2020-05-18,91018.82607661485
2020-05-19,91018.82607661485
2020-05-20,91018.82607661485
2020-05-21,91018.82607661485
2020-05-22,91018.82607661485
2020-05-23,91018.82607661485
2020-05-24,91018.82607661485
2020-05-25,91018.82607661485
2020-05-26,91018.82607661485
2020-05-27,91018.82607661485
2020-05-28,91018.82607661485
2020-05-29,91018.82607661485
2020-05-30,91018.82607661485
2020-05-31,91018.82607661485
2020-06-01,90973.31666357654
2020-06-02,85037.35553020603
2020-06-03,85037.35553020603
2020-06-04,85037.35553020603
2020-06-05,85037.35553020603
2020-06-06,85037.35553020603
2020-06-07,85037.35553020603
2020-06-08,85037.35553020603
2020-06-09,85037.35553020603
2020-06-10,85037.35553020603
2020-06-11,85037.35553020603
2020-06-12,85037.35553020603
2020-06-13,85037.35553020603
2020-06-14,85037.35553020603
2020-06-15,85037.35553020603
2020-06-16,85037.35553020603
2020-06-17,85037.35553020603
2020-06-18,85037.35553020603
2020-06-19,85037.35553020603
2020-06-20,85037.35553020603
2020-06-21,85037.35553020603
2020-06-22,85037.35553020603
2020-06-23,85037.35553020603
2020-06-24,85037.35553020603
2020-06-25,85037.35553020603
2020-06-26,85037.35553020603
2020-06-27,85037.35553020603
2020-06-28,85037.35553020603
2020-06-29,85037.35553020603
2020-06-30,85037.35553020603
2020-07-01,85037.35553020603
2020-07-02,85037.35553020603
2020-07-03,85037.35553020603
2020-07-04,85037.35553020603
2020-07-05,85037.35553020603
2020-07-06,85037.35553020603
2020-07-07,85037.35553020603
2020-07-08,85037.35553020603
2020-07-09,85037.35553020603
2020-07-10,85037.35553020603
2020-07-11,85037.35553020603
2020-07-12,85037.35553020603
2020-07-13,85037.35553020603
2020-07-14,85037.35553020603
2020-07-15,85037.35553020603
2020-07-16,85037.35553020603
2020-07-17,85037.35553020603
2020-07-18,85037.35553020603
2020-07-19,85037.35553020603
2020-07-20,85037.35553020603
2020-07-21,85037.35553020603
2020-07-22,84994.83685244093
2020-07-23,85490.4802647997
2020-07-24,85052.61457576045
2020-07-25,85010.08826847258
2020-07-26,86990.21952606179
2020-07-27,96037.95621271513
2020-07-28,95305.50704973422
2020-07-29,95257.85429620936
2020-07-30,95350.026508032
2020-07-31,97154.28007831305
2020-08-01,100825.9379082551
2020-08-02,94533.2038772502
2020-08-03,94533.2038772502
2020-08-04,94533.2038772502
2020-08-05,94533.2038772502
2020-08-06,94485.93727531157
2020-08-07,92997.60404632518
2020-08-08,92997.60404632518
2020-08-09,92997.60404632518
2020-08-10,92951.10524430203
2020-08-11,89171.60986324261
2020-08-12,89171.60986324261
2020-08-13,89171.60986324261
2020-08-14,89171.60986324261
2020-08-15,89171.60986324261
2020-08-16,89127.024058311
2020-08-17,91796.53532895152
2020-08-18,89757.78800275891
2020-08-19,89757.78800275891
2020-08-20,89757.78800275891
2020-08-21,89757.78800275891
2020-08-22,89757.78800275891
2020-08-23,89757.78800275891
2020-08-24,89757.78800275891
2020-08-25,89757.78800275891
2020-08-26,89757.78800275891
2020-08-27,89757.78800275891
2020-08-28,89757.78800275891
2020-08-29,89757.78800275891
2020-08-30,89757.78800275891
2020-08-31,89757.78800275891
2020-09-01,89757.78800275891
2020-09-02,89757.78800275891
2020-09-03,89757.78800275891
2020-09-04,89757.78800275891
2020-09-05,89757.78800275891
2020-09-06,89757.78800275891
2020-09-07,89757.78800275891
2020-09-08,89757.78800275891
2020-09-09,89757.78800275891
2020-09-10,89757.78800275891
2020-09-11,89757.78800275891
2020-09-12,89757.78800275891
2020-09-13,89757.78800275891
2020-09-14,89757.78800275891
2020-09-15,89757.78800275891
2020-09-16,89757.78800275891
2020-09-17,89757.78800275891
2020-09-18,89757.78800275891
2020-09-19,89757.78800275891
2020-09-20,89757.78800275891
2020-09-21,89757.78800275891
2020-09-22,89757.78800275891
2020-09-23,89757.78800275891
2020-09-24,89757.78800275891
2020-09-25,89757.78800275891
2020-09-26,89757.78800275891
2020-09-27,89757.78800275891
2020-09-28,89757.78800275891
2020-09-29,89757.78800275891
2020-09-30,89757.78800275891
2020-10-01,89757.78800275891
2020-10-02,89757.78800275891
2020-10-03,89757.78800275891
2020-10-04,89757.78800275891
2020-10-05,89757.78800275891
2020-10-06,89757.78800275891
2020-10-07,89757.78800275891
2020-10-08,89757.78800275891
2020-10-09,89757.78800275891
2020-10-10,89712.90910875754
2020-10-11,90407.65923873663
2020-10-12,91756.98144743637
2020-10-13,90677.2747041092
2020-10-14,90677.2747041092
2020-10-15,90677.2747041092
2020-10-16,90677.2747041092
2020-10-17,90677.2747041092
2020-10-18,90677.2747041092
2020-10-19,90631.93606675715
2020-10-20,91967.38192959887
2020-10-21,98716.32127948917
2020-10-22,99804.96364319928
2020-10-23,99490.28154153217
2020-10-24,99440.53640076141
2020-10-25,98805.80494628916
2020-10-26,98805.80494628916
2020-10-27,98756.40204381602
2020-10-28,95897.81410114729
2020-10-29,95897.81410114729
2020-10-30,95897.81410114729
2020-10-31,95849.86519409672
2020-11-01,95496.21818387644
2020-11-02,95496.21818387644
2020-11-03,95448.4700747845
2020-11-04,96695.16498795727
2020-11-05,106114.80288610928
2020-11-06,105966.56790182512
2020-11-07,105966.56790182512
2020-11-08,105966.56790182512
2020-11-09,105966.56790182512
2020-11-10,105966.56790182512
2020-11-11,105913.58461787422
2020-11-12,109722.9468361468
2020-11-13,110002.11637875202
2020-11-14,108251.02388438329
2020-11-15,108251.02388438329
2020-11-16,108196.89837244111
2020-11-17,114050.61845304677
2020-11-18,115071.14337286359
2020-11-19,115155.67693815092
2020-11-20,120239.65759264311
2020-11-21,120374.65116545894
2020-11-22,118543.68511163606
2020-11-23,118543.68511163606
2020-11-24,118484.41326908025
2020-11-25,116074.51940638646
2020-11-26,116074.51940638646
2020-11-27,116074.51940638646
2020-11-28,116074.51940638646
2020-11-29,116074.51940638646
2020-11-30,116016.48214668328
2020-12-01,110989.42641664026
2020-12-02,110989.42641664026
2020-12-03,110989.42641664026
2020-12-04,110989.42641664026
2020-12-05,110989.42641664026
2020-12-06,110989.42641664026
2020-12-07,110989.42641664026
2020-12-08,110989.42641664026
2020-12-09,110989.42641664026
2020-12-10,110989.42641664026
2020-12-11,110989.42641664026
2020-12-12,110989.42641664026
2020-12-13,110989.42641664026
2020-12-14,110989.42641664026
2020-12-15,110989.42641664026
2020-12-16,110933.93170343194
2020-12-17,118453.3028432286
2020-12-18,120169.41647568141
2020-12-19,123911.58873859068
2020-12-20,121794.97770116576
2020-12-21,121794.97770116576
2020-12-22,121794.97770116576
2020-12-23,121794.97770116576
2020-12-24,121794.97770116576
2020-12-25,121734.08021231518
2020-12-26,130181.1089528152
2020-12-27,129302.25773517437
2020-12-28,129237.60660630678
2020-12-29,130555.5945271418
2020-12-30,137426.10643580504
2020-12-31,138190.03098259043
2021-01-01,139953.32926202324
2021-01-02,152491.74959092046
2021-01-03,155568.29692901234
2021-01-04,151597.81014904164
2021-01-05,151522.01124396714
2021-01-06,163647.07960092943
2021-01-07,174590.3110660524
2021-01-08,180804.4847818451
2021-01-09,178291.2079512448
2021-01-10,178291.2079512448
2021-01-11,178291.2079512448
2021-01-12,178291.2079512448
2021-01-13,178291.2079512448
2021-01-14,178291.2079512448
2021-01-15,178291.2079512448
2021-01-16,178291.2079512448
2021-01-17,178291.2079512448
2021-01-18,178291.2079512448
2021-01-19,178291.2079512448
2021-01-20,178291.2079512448
2021-01-21,178291.2079512448
2021-01-22,178291.2079512448
2021-01-23,178291.2079512448
2021-01-24,178291.2079512448
2021-01-25,178291.2079512448
2021-01-26,178291.2079512448
2021-01-27,178291.2079512448
2021-01-28,178291.2079512448
2021-01-29,178291.2079512448
2021-01-30,178291.2079512448
2021-01-31,178291.2079512448
2021-02-01,178291.2079512448
2021-02-02,178291.2079512448
2021-02-03,178291.2079512448
2021-02-04,178291.2079512448
2021-02-05,178202.0623472692
2021-02-06,183366.84661604412
2021-02-07,181574.14447018952
2021-02-08,181483.35739795445
2021-02-09,182598.14058724395
2021-02-10,176261.400168573
2021-02-11,176173.26946848872
2021-02-12,174591.50399489488
2021-02-13,174591.50399489488
2021-02-14,174504.20824289744
2021-02-15,171628.68672890036
2021-02-16,171542.8723855359
2021-02-17,181529.0952621843
2021-02-18,179797.6296190222
2021-02-19,179707.73080421268
2021-02-20,180386.16046802964
2021-02-21,184959.33921778479
2021-02-22,173831.54776838893
2021-02-23,173831.54776838893
2021-02-24,173831.54776838893
2021-02-25,173831.54776838893
2021-02-26,173831.54776838893
2021-02-27,173831.54776838893
2021-02-28,173831.54776838893
2021-03-01,173831.54776838893
2021-03-02,173831.54776838893
2021-03-03,173831.54776838893
2021-03-04,173831.54776838893
2021-03-05,173831.54776838893
2021-03-06,173831.54776838893
2021-03-07,173831.54776838893
2021-03-08,173831.54776838893
2021-03-09,173831.54776838893
2021-03-10,173831.54776838893
2021-03-11,173744.63199450474
2021-03-12,172230.1221284973
2021-03-13,172144.00706743306
2021-03-14,166514.4517255691
2021-03-15,166514.4517255691
2021-03-16,166514.4517255691
2021-03-17,166514.4517255691
2021-03-18,166514.4517255691
2021-03-19,166514.4517255691
2021-03-20,166514.4517255691
2021-03-21,166514.4517255691
2021-03-22,166514.4517255691
2021-03-23,166514.4517255691
2021-03-24,166514.4517255691
2021-03-25,166514.4517255691
2021-03-26,166514.4517255691
2021-03-27,166514.4517255691
2021-03-28,166514.4517255691
2021-03-29,166514.4517255691
2021-03-30,166514.4517255691
2021-03-31,166514.4517255691
2021-04-01,166514.4517255691
2021-04-02,166514.4517255691
2021-04-03,166514.4517255691
2021-04-04,166514.4517255691
2021-04-05,166514.4517255691
2021-04-06,166514.4517255691
2021-04-07,166514.4517255691
2021-04-08,166514.4517255691
2021-04-09,166514.4517255691
2021-04-10,166431.19449970633
2021-04-11,167573.2960159223
2021-04-12,166620.20295392064
2021-04-13,166536.89285244368
2021-04-14,165417.77523292016
2021-04-15,165417.77523292016
2021-04-16,165417.77523292016
2021-04-17,165417.77523292016
2021-04-18,165417.77523292016
2021-04-19,165417.77523292016
2021-04-20,165417.77523292016
2021-04-21,165417.77523292016
2021-04-22,165417.77523292016
2021-04-23,165417.77523292016
2021-04-24,165417.77523292016
2021-04-25,165417.77523292016
2021-04-26,165417.77523292016
2021-04-27,165417.77523292016
2021-04-28,165417.77523292016
2021-04-29,165417.77523292016
2021-04-30,165417.77523292016
2021-05-01,165417.77523292016
2021-05-02,165417.77523292016
2021-05-03,165417.77523292016
2021-05-04,165417.77523292016
2021-05-05,165417.77523292016
2021-05-06,165417.77523292016
2021-05-07,165417.77523292016
2021-05-08,165335.0663453037
2021-05-09,163637.79805322137
2021-05-10,163637.79805322137
2021-05-11,163637.79805322137
2021-05-12,163637.79805322137
2021-05-13,163637.79805322137
2021-05-14,163637.79805322137
2021-05-15,163637.79805322137
2021-05-16,163637.79805322137
2021-05-17,163637.79805322137
2021-05-18,163637.79805322137
2021-05-19,163637.79805322137
2021-05-20,163637.79805322137
2021-05-21,163637.79805322137
2021-05-22,163637.79805322137
2021-05-23,163637.79805322137
2021-05-24,163637.79805322137
2021-05-25,163637.79805322137
2021-05-26,163637.79805322137
2021-05-27,163637.79805322137
2021-05-28,163637.79805322137
2021-05-29,163637.79805322137
2021-05-30,163637.79805322137
2021-05-31,163637.79805322137
2021-06-01,163637.79805322137
2021-06-02,163637.79805322137
2021-06-03,163637.79805322137
2021-06-04,163637.79805322137
2021-06-05,163637.79805322137
2021-06-06,163637.79805322137
2021-06-07,163637.79805322137
2021-06-08,163637.79805322137
2021-06-09,163637.79805322137
2021-06-10,163637.79805322137
2021-06-11,163637.79805322137
2021-06-12,163637.79805322137
2021-06-13,163637.79805322137
2021-06-14,163555.97915419476
2021-06-15,164317.89704952264
2021-06-16,155640.75666821658
2021-06-17,155640.75666821658
2021-06-18,155640.75666821658
2021-06-19,155640.75666821658
2021-06-20,155640.75666821658
2021-06-21,155640.75666821658
2021-06-22,155640.75666821658
2021-06-23,155640.75666821658
2021-06-24,155640.75666821658
2021-06-25,155640.75666821658
2021-06-26,155640.75666821658
2021-06-27,155640.75666821658
2021-06-28,155640.75666821658
2021-06-29,155640.75666821658
2021-06-30,155640.75666821658
2021-07-01,155640.75666821658
2021-07-02,155640.75666821658
2021-07-03,155640.75666821658
2021-07-04,155640.75666821658
2021-07-05,155640.75666821658
2021-07-06,155640.75666821658
2021-07-07,155640.75666821658
2021-07-08,155640.75666821658
2021-07-09,155640.75666821658
2021-07-10,155640.75666821658
2021-07-11,155640.75666821658
2021-07-12,155640.75666821658
2021-07-13,155640.75666821658
2021-07-14,155640.75666821658
2021-07-15,155640.75666821658
2021-07-16,155640.75666821658
2021-07-17,155640.75666821658
2021-07-18,155640.75666821658
2021-07-19,155640.75666821658
2021-07-20,155640.75666821658
2021-07-21,155640.75666821658
2021-07-22,155640.75666821658
2021-07-23,155640.75666821658
2021-07-24,155640.75666821658
2021-07-25,155562.9362898825
2021-07-26,164071.51777878354
2021-07-27,172922.00362388417
2021-07-28,175487.32342512347
2021-07-29,175542.22879341125
2021-07-30,185051.74290088264
2021-07-31,182269.94417897443
2021-08-01,182269.94417897443
2021-08-02,182269.94417897443
2021-08-03,182269.94417897443
2021-08-04,182269.94417897443
2021-08-05,182269.94417897443
2021-08-06,182178.80920688497
2021-08-07,189432.9528624782
2021-08-08,186089.17256718274
2021-08-09,185996.12798089915
2021-08-10,182746.00534208328
2021-08-11,182746.00534208328
2021-08-12,182746.00534208328
2021-08-13,182654.63233941226
2021-08-14,179882.34713355787
2021-08-15,179882.34713355787
2021-08-16,179882.34713355787
2021-08-17,179882.34713355787
2021-08-18,179882.34713355787
2021-08-19,179882.34713355787
2021-08-20,179792.4059599911
2021-08-21,178115.17632038455
2021-08-22,178115.17632038455
2021-08-23,178026.11873222436
2021-08-24,171199.72602128814
2021-08-25,171199.72602128814
2021-08-26,171199.72602128814
2021-08-27,171199.72602128814
2021-08-28,171199.72602128814
2021-08-29,171199.72602128814
2021-08-30,171199.72602128814
2021-08-31,171199.72602128814
2021-09-01,171199.72602128814
2021-09-02,171199.72602128814
2021-09-03,171114.1261582775
2021-09-04,170752.1367916605
2021-09-05,170666.76072326468
2021-09-06,173544.7382675786
2021-09-07,153112.88318562
2021-09-08,153112.88318562
2021-09-09,153112.88318562
2021-09-10,153112.88318562
2021-09-11,153112.88318562
2021-09-12,153112.88318562
2021-09-13,153112.88318562
2021-09-14,153112.88318562
2021-09-15,153112.88318562
2021-09-16,153112.88318562
2021-09-17,153112.88318562
2021-09-18,153112.88318562
2021-09-19,153112.88318562
2021-09-20,153112.88318562
2021-09-21,153112.88318562
2021-09-22,153112.88318562
2021-09-23,153112.88318562
2021-09-24,153112.88318562
2021-09-25,153112.88318562
2021-09-26,153112.88318562
2021-09-27,153112.88318562
2021-09-28,153112.88318562
2021-09-29,153112.88318562
2021-09-30,153112.88318562
2021-10-01,153112.88318562
2021-10-02,153112.88318562
2021-10-03,153112.88318562
2021-10-04,153036.3267440272
2021-10-05,160343.44567105974
2021-10-06,171890.43482280275
2021-10-07,166905.8194555069
2021-10-08,166905.8194555069
2021-10-09,166905.8194555069
2021-10-10,166905.8194555069
2021-10-11,166822.36654577914
2021-10-12,162495.70109952232
2021-10-13,162495.70109952232
2021-10-14,162495.70109952232
2021-10-15,162414.45324897257
2021-10-16,160472.1575399032
2021-10-17,160472.1575399032
2021-10-18,160391.92146113326
2021-10-19,166071.95173539637
2021-10-20,170485.78459069267
2021-10-21,160337.16334024465
2021-10-22,160337.16334024465
2021-10-23,160337.16334024465
2021-10-24,160337.16334024465
2021-10-25,160337.16334024465
2021-10-26,160337.16334024465
2021-10-27,160337.16334024465
2021-10-28,160337.16334024465
2021-10-29,160337.16334024465
2021-10-30,160337.16334024465
2021-10-31,160337.16334024465
2021-11-01,160337.16334024465
2021-11-02,160337.16334024465
2021-11-03,160337.16334024465
2021-11-04,160337.16334024465
2021-11-05,160337.16334024465
2021-11-06,160337.16334024465
2021-11-07,160337.16334024465
2021-11-08,160256.99475857452
2021-11-09,158759.37724791412
2021-11-10,158759.37724791412
2021-11-11,158759.37724791412
2021-11-12,158759.37724791412
2021-11-13,158759.37724791412
2021-11-14,158759.37724791412
2021-11-15,158759.37724791412
2021-11-16,158759.37724791412
2021-11-17,158759.37724791412
2021-11-18,158759.37724791412
2021-11-19,158759.37724791412
2021-11-20,158759.37724791412
2021-11-21,158759.37724791412
2021-11-22,158759.37724791412
2021-11-23,158759.37724791412
2021-11-24,158759.37724791412
2021-11-25,158759.37724791412
2021-11-26,158759.37724791412
2021-11-27,158759.37724791412
2021-11-28,158759.37724791412
2021-11-29,158759.37724791412
2021-11-30,158759.37724791412
2021-12-01,158759.37724791412
2021-12-02,158759.37724791412
2021-12-03,158759.37724791412
2021-12-04,158759.37724791412
2021-12-05,158759.37724791412
2021-12-06,158759.37724791412
2021-12-07,158759.37724791412
2021-12-08,158759.37724791412
2021-12-09,158759.37724791412
2021-12-10,158759.37724791412
2021-12-11,158759.37724791412
2021-12-12,158759.37724791412
2021-12-13,158759.37724791412
2021-12-14,158759.37724791412
2021-12-15,158759.37724791412
2021-12-16,158759.37724791412
2021-12-17,158759.37724791412
2021-12-18,158759.37724791412
2021-12-19,158759.37724791412
2021-12-20,158759.37724791412
2021-12-21,158759.37724791412
2021-12-22,158759.37724791412
2021-12-23,158759.37724791412
2021-12-24,158679.99755929018
2021-12-25,157370.93086748893
2021-12-26,157370.93086748893
2021-12-27,157370.93086748893
2021-12-28,157370.93086748893
2021-12-29,157370.93086748893
2021-12-30,157370.93086748893
2021-12-31,157370.93086748893
2022-01-01,157370.93086748893
2022-01-02,157370.93086748893
2022-01-03,157370.93086748893
2022-01-04,157370.93086748893
2022-01-05,157370.93086748893
2022-01-06,157370.93086748893
2022-01-07,157370.93086748893
2022-01-08,157370.93086748893
2022-01-09,157370.93086748893
2022-01-10,157370.93086748893
2022-01-11,157370.93086748893
2022-01-12,157370.93086748893
2022-01-13,157370.93086748893
2022-01-14,157370.93086748893
2022-01-15,157370.93086748893
2022-01-16,157370.93086748893
2022-01-17,157370.93086748893
2022-01-18,157370.93086748893
2022-01-19,157370.93086748893
2022-01-20,157370.93086748893
2022-01-21,157370.93086748893
2022-01-22,157370.93086748893
2022-01-23,157370.93086748893
2022-01-24,157370.93086748893
2022-01-25,157370.93086748893
2022-01-26,157370.93086748893
2022-01-27,157370.93086748893
2022-01-28,157370.93086748893
2022-01-29,157370.93086748893
2022-01-30,157370.93086748893
2022-01-31,157370.93086748893
2022-02-01,157370.93086748893
2022-02-02,157370.93086748893
2022-02-03,157370.93086748893
2022-02-04,157370.93086748893
2022-02-05,157370.93086748893
2022-02-06,157292.2454020552
2022-02-07,162500.44059525421
2022-02-08,163528.22483880253
2022-02-09,164342.94104516465
2022-02-10,161367.77606823246
2022-02-11,161367.77606823246
2022-02-12,161367.77606823246
2022-02-13,161367.77606823246
2022-02-14,161367.77606823246
2022-02-15,161287.09218019835
2022-02-16,158971.76838421143
2022-02-17,158971.76838421143
2022-02-18,158971.76838421143
2022-02-19,158971.76838421143
2022-02-20,158971.76838421143
2022-02-21,158971.76838421143
2022-02-22,158971.76838421143
2022-02-23,158971.76838421143
2022-02-24,158971.76838421143
2022-02-25,158971.76838421143
2022-02-26,158971.76838421143
2022-02-27,158971.76838421143
2022-02-28,158971.76838421143
2022-03-01,158971.76838421143
2022-03-02,158971.76838421143
2022-03-03,158971.76838421143
2022-03-04,158971.76838421143
2022-03-05,158971.76838421143
2022-03-06,158971.76838421143
2022-03-07,158971.76838421143
2022-03-08,158971.76838421143
2022-03-09,158971.76838421143
2022-03-10,158971.76838421143
2022-03-11,158971.76838421143
2022-03-12,158971.76838421143
2022-03-13,158971.76838421143
2022-03-14,158971.76838421143
2022-03-15,158971.76838421143
2022-03-16,158971.76838421143
2022-03-17,158971.76838421143
2022-03-18,158971.76838421143
2022-03-19,158971.76838421143
2022-03-20,158971.76838421143
2022-03-21,158971.76838421143
2022-03-22,158971.76838421143
2022-03-23,158892.28250001933
2022-03-24,162800.0357539029
2022-03-25,164229.86229908725
2022-03-26,164792.13862183408
2022-03-27,173165.75053082794
2022-03-28,174299.36501028147
2022-03-29,175543.9670106149
2022-03-30,173959.15691295743
2022-03-31,173959.15691295743
2022-04-01,173959.15691295743
2022-04-02,173959.15691295743
2022-04-03,173959.15691295743
2022-04-04,173959.15691295743
2022-04-05,173959.15691295743
2022-04-06,173959.15691295743
2022-04-07,173959.15691295743
2022-04-08,173959.15691295743
2022-04-09,173959.15691295743
2022-04-10,173959.15691295743
2022-04-11,173959.15691295743
2022-04-12,173959.15691295743
2022-04-13,173959.15691295743
2022-04-14,173959.15691295743
2022-04-15,173959.15691295743
2022-04-16,173959.15691295743
2022-04-17,173959.15691295743
2022-04-18,173959.15691295743
2022-04-19,173959.15691295743
2022-04-20,173959.15691295743
2022-04-21,173959.15691295743
2022-04-22,173959.15691295743
2022-04-23,173959.15691295743
2022-04-24,173959.15691295743
2022-04-25,173959.15691295743
2022-04-26,173959.15691295743
2022-04-27,173959.15691295743
2022-04-28,173959.15691295743
2022-04-29,173959.15691295743
2022-04-30,173959.15691295743
2022-05-01,173959.15691295743
2022-05-02,173959.15691295743
2022-05-03,173959.15691295743
2022-05-04,173959.15691295743
2022-05-05,173959.15691295743
2022-05-06,173959.15691295743
2022-05-07,173959.15691295743
2022-05-08,173959.15691295743
2022-05-09,173959.15691295743
2022-05-10,173959.15691295743
2022-05-11,173959.15691295743
2022-05-12,173959.15691295743
2022-05-13,173959.15691295743
2022-05-14,173959.15691295743
2022-05-15,173959.15691295743
2022-05-16,173959.15691295743
2022-05-17,173959.15691295743
2022-05-18,173959.15691295743
2022-05-19,173959.15691295743
2022-05-20,173959.15691295743
2022-05-21,173959.15691295743
2022-05-22,173959.15691295743
2022-05-23,173959.15691295743
2022-05-24,173959.15691295743
2022-05-25,173959.15691295743
2022-05-26,173959.15691295743
2022-05-27,173959.15691295743
2022-05-28,173959.15691295743
2022-05-29,173959.15691295743
2022-05-30,173872.17733450097
2022-05-31,174233.06772581994
2022-06-01,162864.89483534644
2022-06-02,162864.89483534644
2022-06-03,162864.89483534644
2022-06-04,162864.89483534644
2022-06-05,162864.89483534644
2022-06-06,162864.89483534644
2022-06-07,162864.89483534644
2022-06-08,162864.89483534644
2022-06-09,162864.89483534644
2022-06-10,162864.89483534644
2022-06-11,162864.89483534644
2022-06-12,162864.89483534644
2022-06-13,162864.89483534644
2022-06-14,162864.89483534644
2022-06-15,162864.89483534644
2022-06-16,162864.89483534644
2022-06-17,162864.89483534644
2022-06-18,162864.89483534644
2022-06-19,162864.89483534644
2022-06-20,162864.89483534644
2022-06-21,162864.89483534644
2022-06-22,162864.89483534644
2022-06-23,162864.89483534644
2022-06-24,162864.89483534644
2022-06-25,162864.89483534644
2022-06-26,162864.89483534644
2022-06-27,162864.89483534644
2022-06-28,162864.89483534644
2022-06-29,162864.89483534644
2022-06-30,162864.89483534644
2022-07-01,162864.89483534644
2022-07-02,162864.89483534644
2022-07-03,162864.89483534644
2022-07-04,162864.89483534644
2022-07-05,162864.89483534644
2022-07-06,162864.89483534644
2022-07-07,162783.46238792877
2022-07-08,163485.5837151073
2022-07-09,162355.45019086465
2022-07-10,162355.45019086465
2022-07-11,162355.45019086465
2022-07-12,162355.45019086465
2022-07-13,162355.45019086465
2022-07-14,162355.45019086465
2022-07-15,162355.45019086465
2022-07-16,162355.45019086465
2022-07-17,162355.45019086465
2022-07-18,162274.27246576923
2022-07-19,168668.73593418233
2022-07-20,167443.31647378206
2022-07-21,167443.31647378206
2022-07-22,167443.31647378206
2022-07-23,167443.31647378206
2022-07-24,167443.31647378206
2022-07-25,167443.31647378206
2022-07-26,167443.31647378206
2022-07-27,167443.31647378206
2022-07-28,167359.5948155452
2022-07-29,167000.16587017803
2022-07-30,167000.16587017803
2022-07-31,167000.16587017803
2022-08-01,167000.16587017803
2022-08-02,167000.16587017803
2022-08-03,167000.16587017803
2022-08-04,167000.16587017803
2022-08-05,167000.16587017803
2022-08-06,167000.16587017803
2022-08-07,167000.16587017803
2022-08-08,167000.16587017803
2022-08-09,167000.16587017803
2022-08-10,166916.66578724294
2022-08-11,166985.5626552914
2022-08-12,170060.76578091236
2022-08-13,170208.79043469875
2022-08-14,169392.23366385422
2022-08-15,169392.23366385422
2022-08-16,169392.23366385422
2022-08-17,169392.23366385422
2022-08-18,169392.23366385422
2022-08-19,169392.23366385422
2022-08-20,169392.23366385422
2022-08-21,169392.23366385422
2022-08-22,169392.23366385422
2022-08-23,169392.23366385422
2022-08-24,169392.23366385422
2022-08-25,169392.23366385422
2022-08-26,169392.23366385422
2022-08-27,169392.23366385422
2022-08-28,169392.23366385422
2022-08-29,169392.23366385422
2022-08-30,169392.23366385422
2022-08-31,169392.23366385422
2022-09-01,169392.23366385422
2022-09-02,169392.23366385422
2022-09-03,169392.23366385422
2022-09-04,169392.23366385422
2022-09-05,169392.23366385422
2022-09-06,169392.23366385422
2022-09-07,169392.23366385422
2022-09-08,169392.23366385422
2022-09-09,169392.23366385422
2022-09-10,169307.5375470223
2022-09-11,169998.93060508458
2022-09-12,174630.06933063598
2022-09-13,157554.3571533364
2022-09-14,157554.3571533364
2022-09-15,157554.3571533364
2022-09-16,157554.3571533364
2022-09-17,157554.3571533364
2022-09-18,157554.3571533364
2022-09-19,157554.3571533364
2022-09-20,157554.3571533364
2022-09-21,157554.3571533364
2022-09-22,157554.3571533364
2022-09-23,157554.3571533364
2022-09-24,157554.3571533364
2022-09-25,157554.3571533364
2022-09-26,157554.3571533364
2022-09-27,157554.3571533364
2022-09-28,157554.3571533364
2022-09-29,157554.3571533364
2022-09-30,157554.3571533364
2022-10-01,157554.3571533364
2022-10-02,157554.3571533364
2022-10-03,157554.3571533364
2022-10-04,157475.57997475975
2022-10-05,156027.08713836782
2022-10-06,156027.08713836782
2022-10-07,156027.08713836782
2022-10-08,156027.08713836782
2022-10-09,156027.08713836782
2022-10-10,156027.08713836782
2022-10-11,156027.08713836782
2022-10-12,156027.08713836782
2022-10-13,156027.08713836782
2022-10-14,156027.08713836782
2022-10-15,156027.08713836782
2022-10-16,156027.08713836782
2022-10-17,156027.08713836782
2022-10-18,156027.08713836782
2022-10-19,156027.08713836782
2022-10-20,156027.08713836782
2022-10-21,156027.08713836782
2022-10-22,156027.08713836782
2022-10-23,156027.08713836782
2022-10-24,156027.08713836782
2022-10-25,156027.08713836782
2022-10-26,155949.07359479865
2022-10-27,152189.45577360387
2022-10-28,152189.45577360387
2022-10-29,152113.3610457171
2022-10-30,150695.21141771736
2022-10-31,150695.21141771736
2022-11-01,150695.21141771736
2022-11-02,150695.21141771736
2022-11-03,150695.21141771736
2022-11-04,150619.86381200852
2022-11-05,151581.59913354233
2022-11-06,148947.3402429289
2022-11-07,148947.3402429289
2022-11-08,148947.3402429289
2022-11-09,148947.3402429289
2022-11-10,148947.3402429289
2022-11-11,148947.3402429289
2022-11-12,148947.3402429289
2022-11-13,148947.3402429289
2022-11-14,148947.3402429289
2022-11-15,148947.3402429289
2022-11-16,148947.3402429289
2022-11-17,148947.3402429289
2022-11-18,148947.3402429289
2022-11-19,148947.3402429289
2022-11-20,148947.3402429289
2022-11-21,148947.3402429289
2022-11-22,148947.3402429289
2022-11-23,148947.3402429289
2022-11-24,148947.3402429289
2022-11-25,148947.3402429289
2022-11-26,148947.3402429289
2022-11-27,148947.3402429289
2022-11-28,148947.3402429289
2022-11-29,148947.3402429289
2022-11-30,148947.3402429289
2022-12-01,148947.3402429289
2022-12-02,148947.3402429289
2022-12-03,148947.3402429289
2022-12-04,148947.3402429289
2022-12-05,148947.3402429289
2022-12-06,148947.3402429289
2022-12-07,148947.3402429289
2022-12-08,148872.86657280746
2022-12-09,147929.2551861953
2022-12-10,147929.2551861953
2022-12-11,147929.2551861953
2022-12-12,147929.2551861953
2022-12-13,147855.29055860222
2022-12-14,148140.49315916785
2022-12-15,144269.82190926265
2022-12-16,144269.82190926265
2022-12-17,144269.82190926265
2022-12-18,144269.82190926265
2022-12-19,144269.82190926265
2022-12-20,144269.82190926265
2022-12-21,144269.82190926265
2022-12-22,144269.82190926265
2022-12-23,144269.82190926265
2022-12-24,144269.82190926265
2022-12-25,144269.82190926265
2022-12-26,144269.82190926265
2022-12-27,144269.82190926265
2022-12-28,144269.82190926265
2022-12-29,144269.82190926265
2022-12-30,144269.82190926265
2022-12-31,144269.82190926265
2023-01-01,144269.82190926265
2023-01-02,144269.82190926265
2023-01-03,144269.82190926265
2023-01-04,144269.82190926265
2023-01-05,144269.82190926265
2023-01-06,144197.68699830803
2023-01-07,144224.1336945314
2023-01-08,145376.929071868
2023-01-09,146270.79208604313
2023-01-10,148379.74394774044
2023-01-11,152478.1631861358
2023-01-12,160224.5388312933
2023-01-13,168820.459211423
2023-01-14,177631.61099426926
2023-01-15,176732.23500971607
2023-01-16,176643.8688922112
2023-01-17,176487.83505635872
2023-01-18,176487.83505635872
2023-01-19,176487.83505635872
2023-01-20,176399.59113883055
2023-01-21,177184.07945675528
2023-01-22,176649.906625021
2023-01-23,176561.5816717085
2023-01-24,174164.39109351445
2023-01-25,174077.3088979677
2023-01-26,173348.42133879534
2023-01-27,173348.42133879534
2023-01-28,173348.42133879534
2023-01-29,173261.74712812595
2023-01-30,166227.8547650917
2023-01-31,166227.8547650917
2023-02-01,166227.8547650917
2023-02-02,166227.8547650917
2023-02-03,166227.8547650917
2023-02-04,166227.8547650917
2023-02-05,166227.8547650917
2023-02-06,166227.8547650917
2023-02-07,166227.8547650917
2023-02-08,166227.8547650917
2023-02-09,166227.8547650917
2023-02-10,166227.8547650917
2023-02-11,166227.8547650917
2023-02-12,166227.8547650917
2023-02-13,166227.8547650917
2023-02-14,166227.8547650917
2023-02-15,166144.74083770916
2023-02-16,161316.89009781857
2023-02-17,161236.23165276967
2023-02-18,161732.16586713295
2023-02-19,159579.55617090611
2023-02-20,159499.76639282066
2023-02-21,156876.57237954653
2023-02-22,156876.57237954653
2023-02-23,156876.57237954653
2023-02-24,156876.57237954653
2023-02-25,156876.57237954653
2023-02-26,156876.57237954653
2023-02-27,156876.57237954653
2023-02-28,156876.57237954653
2023-03-01,156876.57237954653
2023-03-02,156876.57237954653
2023-03-03,156876.57237954653
2023-03-04,156876.57237954653
2023-03-05,156876.57237954653
2023-03-06,156876.57237954653
2023-03-07,156876.57237954653
2023-03-08,156876.57237954653
2023-03-09,156876.57237954653
2023-03-10,156876.57237954653
2023-03-11,156876.57237954653
2023-03-12,156876.57237954653
2023-03-13,156876.57237954653
2023-03-14,156798.13409335676
2023-03-15,154356.87811578377
2023-03-16,154279.69967672587
2023-03-17,168231.3390197433
2023-03-18,165313.59256167413
2023-03-19,165230.9357653933
2023-03-20,163540.94405911682
2023-03-21,163459.17358708728
2023-03-22,158260.36523097238
2023-03-23,158181.2350483569
2023-03-24,153337.76783621457
2023-03-25,153337.76783621457
2023-03-26,153337.76783621457
2023-03-27,153337.76783621457
2023-03-28,153337.76783621457
2023-03-29,153261.09895229648
2023-03-30,151472.60342486744
2023-03-31,151396.867123155
2023-04-01,150962.17092418508
2023-04-02,150962.17092418508
2023-04-03,150962.17092418508
2023-04-04,150962.17092418508
2023-04-05,150962.17092418508
2023-04-06,150962.17092418508
2023-04-07,150962.17092418508
2023-04-08,150962.17092418508
2023-04-09,150962.17092418508
2023-04-10,150886.689838723
2023-04-11,153819.85007123946
2023-04-12,153253.73644555465
2023-04-13,153177.10957733187
2023-04-14,153613.02068359483
2023-04-15,152691.38293398413
2023-04-16,152691.38293398413
2023-04-17,152691.38293398413
2023-04-18,152691.38293398413
2023-04-19,152691.38293398413
2023-04-20,152691.38293398413
2023-04-21,152691.38293398413
2023-04-22,152691.38293398413
2023-04-23,152691.38293398413
2023-04-24,152691.38293398413
2023-04-25,152691.38293398413
2023-04-26,152691.38293398413
2023-04-27,152691.38293398413
2023-04-28,152691.38293398413
2023-04-29,152691.38293398413
2023-04-30,152691.38293398413
2023-05-01,152691.38293398413
2023-05-02,152691.38293398413
2023-05-03,152691.38293398413
2023-05-04,152691.38293398413
2023-05-05,152691.38293398413
2023-05-06,152691.38293398413
2023-05-07,152691.38293398413
2023-05-08,152691.38293398413
2023-05-09,152691.38293398413
2023-05-10,152691.38293398413
2023-05-11,152691.38293398413
2023-05-12,152691.38293398413
2023-05-13,152691.38293398413
2023-05-14,152691.38293398413
2023-05-15,152691.38293398413
2023-05-16,152691.38293398413
2023-05-17,152691.38293398413
2023-05-18,152691.38293398413
2023-05-19,152691.38293398413
2023-05-20,152691.38293398413
2023-05-21,152691.38293398413
2023-05-22,152691.38293398413
2023-05-23,152691.38293398413
2023-05-24,152691.38293398413
2023-05-25,152691.38293398413
2023-05-26,152691.38293398413
2023-05-27,152691.38293398413
2023-05-28,152615.03724251714
2023-05-29,150681.23499635214
2023-05-30,150681.23499635214
2023-05-31,150681.23499635214
2023-06-01,150681.23499635214
2023-06-02,150681.23499635214
2023-06-03,150681.23499635214
2023-06-04,150681.23499635214
2023-06-05,150681.23499635214
2023-06-06,150681.23499635214
2023-06-07,150681.23499635214
2023-06-08,150681.23499635214
2023-06-09,150681.23499635214
2023-06-10,150681.23499635214
2023-06-11,150681.23499635214
2023-06-12,150681.23499635214
2023-06-13,150681.23499635214
2023-06-14,150681.23499635214
2023-06-15,150681.23499635214
2023-06-16,150681.23499635214
2023-06-17,150681.23499635214
2023-06-18,150681.23499635214
2023-06-19,150681.23499635214
2023-06-20,150605.89437885396
2023-06-21,159382.33437809127
2023-06-22,158690.97786807257
2023-06-23,158611.63237913855
2023-06-24,157772.09023883037
2023-06-25,157772.09023883037
2023-06-26,157772.09023883037
2023-06-27,157772.09023883037
2023-06-28,157772.09023883037
2023-06-29,157772.09023883037
2023-06-30,157772.09023883037
2023-07-01,157772.09023883037
2023-07-02,157772.09023883037
2023-07-03,157693.20419371096
2023-07-04,155685.0791578292
2023-07-05,155685.0791578292
2023-07-06,155685.0791578292
2023-07-07,155685.0791578292
2023-07-08,155685.0791578292
2023-07-09,155685.0791578292
2023-07-10,155685.0791578292
2023-07-11,155685.0791578292
2023-07-12,155685.0791578292
2023-07-13,155607.2366182503
2023-07-14,149778.89711646223
2023-07-15,149778.89711646223
2023-07-16,149778.89711646223
2023-07-17,149778.89711646223
2023-07-18,149778.89711646223
2023-07-19,149778.89711646223
2023-07-20,149778.89711646223
2023-07-21,149778.89711646223
2023-07-22,149778.89711646223
2023-07-23,149778.89711646223
2023-07-24,149778.89711646223
2023-07-25,149778.89711646223
2023-07-26,149778.89711646223
2023-07-27,149778.89711646223
2023-07-28,149778.89711646223
2023-07-29,149778.89711646223
2023-07-30,149778.89711646223
2023-07-31,149778.89711646223
2023-08-01,149778.89711646223
2023-08-02,149778.89711646223
2023-08-03,149778.89711646223
2023-08-04,149778.89711646223
2023-08-05,149778.89711646223
2023-08-06,149778.89711646223
2023-08-07,149778.89711646223
2023-08-08,149778.89711646223
2023-08-09,149778.89711646223
2023-08-10,149778.89711646223
2023-08-11,149778.89711646223
2023-08-12,149778.89711646223
2023-08-13,149778.89711646223
2023-08-14,149778.89711646223
2023-08-15,149778.89711646223
2023-08-16,149778.89711646223
2023-08-17,149778.89711646223
2023-08-18,149778.89711646223
2023-08-19,149778.89711646223
2023-08-20,149778.89711646223
2023-08-21,149778.89711646223
2023-08-22,149778.89711646223
2023-08-23,149778.89711646223
2023-08-24,149778.89711646223
2023-08-25,149778.89711646223
2023-08-26,149778.89711646223
2023-08-27,149778.89711646223
2023-08-28,149778.89711646223
2023-08-29,149778.89711646223
2023-08-30,149778.89711646223
2023-08-31,149778.89711646223
2023-09-01,149778.89711646223
2023-09-02,149778.89711646223
2023-09-03,149778.89711646223
2023-09-04,149778.89711646223
2023-09-05,149778.89711646223
2023-09-06,149778.89711646223
2023-09-07,149778.89711646223
2023-09-08,149778.89711646223
2023-09-09,149778.89711646223
2023-09-10,149778.89711646223
2023-09-11,149778.89711646223
2023-09-12,149778.89711646223
2023-09-13,149778.89711646223
2023-09-14,149778.89711646223
2023-09-15,149778.89711646223
2023-09-16,149778.89711646223
2023-09-17,149778.89711646223
2023-09-18,149778.89711646223
2023-09-19,149778.89711646223
2023-09-20,149778.89711646223
2023-09-21,149778.89711646223
2023-09-22,149778.89711646223
2023-09-23,149778.89711646223
2023-09-24,149778.89711646223
2023-09-25,149778.89711646223
2023-09-26,149778.89711646223
2023-09-27,149778.89711646223
2023-09-28,149778.89711646223
2023-09-29,149778.89711646223
2023-09-30,149778.89711646223
2023-10-01,149704.00766790402
2023-10-02,147186.11413781246
2023-10-03,147186.11413781246
2023-10-04,147186.11413781246
2023-10-05,147186.11413781246
2023-10-06,147186.11413781246
2023-10-07,147186.11413781246
2023-10-08,147186.11413781246
2023-10-09,147186.11413781246
2023-10-10,147186.11413781246
2023-10-11,147186.11413781246
2023-10-12,147186.11413781246
2023-10-13,147186.11413781246
2023-10-14,147186.11413781246
2023-10-15,147186.11413781246
2023-10-16,147112.52108074355
2023-10-17,146502.9751443436
2023-10-18,146502.9751443436
2023-10-19,146429.72365677144
2023-10-20,151259.82069349257
2023-10-21,152454.969902044
2023-10-22,152839.13050202772
2023-10-23,167836.22648500252
2023-10-24,171921.82208732347
2023-10-25,174944.3798348746
2023-10-26,173092.80028266538
2023-10-27,173092.80028266538
2023-10-28,173092.80028266538
2023-10-29,173006.25388252406
2023-10-30,172738.74196308406
2023-10-31,172652.37259210253
2023-11-01,176442.5886532339
2023-11-02,173852.1215499019
2023-11-03,173852.1215499019
2023-11-04,173852.1215499019
2023-11-05,173852.1215499019
2023-11-06,173852.1215499019
2023-11-07,173765.19548912696
2023-11-08,174800.0585059881
2023-11-09,179815.46370597256
2023-11-10,182832.46978123262
2023-11-11,181877.045376666
2023-11-12,181877.045376666
2023-11-13,181877.045376666
2023-11-14,181877.045376666
2023-11-15,181786.1068539777
2023-11-16,173218.57195909947
2023-11-17,173218.57195909947
2023-11-18,173218.57195909947
2023-11-19,173218.57195909947
2023-11-20,173218.57195909947
2023-11-21,173218.57195909947
2023-11-22,173218.57195909947
2023-11-23,173218.57195909947
2023-11-24,173218.57195909947
2023-11-25,173218.57195909947
2023-11-26,173218.57195909947
2023-11-27,173218.57195909947
2023-11-28,173218.57195909947
2023-11-29,173218.57195909947
2023-11-30,173218.57195909947
2023-12-01,173131.96267311994
2023-12-02,176620.99470638507
2023-12-03,178853.09030658499
2023-12-04,187591.2382760172
2023-12-05,196750.42448619392
2023-12-06,195154.67707874835
2023-12-07,195154.67707874835
2023-12-08,195057.099740209
2023-12-09,193003.86059738326
2023-12-10,193003.86059738326
2023-12-11,193003.86059738326
2023-12-12,193003.86059738326
2023-12-13,193003.86059738326
2023-12-14,193003.86059738326
2023-12-15,193003.86059738326
2023-12-16,193003.86059738326
2023-12-17,193003.86059738326
2023-12-18,193003.86059738326
2023-12-19,193003.86059738326
2023-12-20,193003.86059738326
2023-12-21,193003.86059738326
2023-12-22,193003.86059738326
2023-12-23,193003.86059738326
2023-12-24,193003.86059738326
2023-12-25,193003.86059738326
2023-12-26,193003.86059738326
2023-12-27,193003.86059738326
2023-12-28,193003.86059738326
2023-12-29,193003.86059738326
2023-12-30,193003.86059738326
2023-12-31,193003.86059738326
2024-01-01,192907.35866708457
2024-01-02,196330.03754322513
2024-01-03,186795.2783838231
2024-01-04,186795.2783838231
2024-01-05,186795.2783838231
2024-01-06,186795.2783838231
2024-01-07,186795.2783838231
2024-01-08,186701.8807446312
2024-01-09,183276.75686781446
2024-01-10,183276.75686781446
2024-01-11,183276.75686781446
2024-01-12,183276.75686781446
2024-01-13,183276.75686781446
2024-01-14,183276.75686781446
2024-01-15,183276.75686781446
2024-01-16,183276.75686781446
2024-01-17,183276.75686781446
2024-01-18,183276.75686781446
2024-01-19,183276.75686781446
2024-01-20,183276.75686781446
2024-01-21,183276.75686781446
2024-01-22,183276.75686781446
2024-01-23,183276.75686781446
2024-01-24,183276.75686781446
2024-01-25,183276.75686781446
2024-01-26,183276.75686781446
2024-01-27,183276.75686781446
2024-01-28,183276.75686781446
2024-01-29,183276.75686781446
2024-01-30,183276.75686781446
2024-01-31,183276.75686781446
2024-02-01,183276.75686781446
2024-02-02,183276.75686781446
2024-02-03,183276.75686781446
2024-02-04,183276.75686781446
2024-02-05,183276.75686781446
2024-02-06,183276.75686781446
2024-02-07,183185.11848938058
2024-02-08,187205.2388835238
2024-02-09,194680.90482829013
2024-02-10,197240.95107486166
2024-02-11,199387.1425379314
2024-02-12,206142.6737273176
2024-02-13,205147.2955299773
2024-02-14,205044.72188221232
2024-02-15,205486.8001949703
2024-02-16,206361.8518857961
2024-02-17,204282.13105527282
2024-02-18,204282.13105527282
2024-02-19,204282.13105527282
2024-02-20,204179.9899897452
2024-02-21,202329.93463736353
2024-02-22,202329.93463736353
2024-02-23,202329.93463736353
2024-02-24,202329.93463736353
2024-02-25,202329.93463736353
2024-02-26,202228.76967004486
2024-02-27,211518.39420409861
2024-02-28,230702.11693647297
2024-02-29,225713.78019110204
2024-03-01,225713.78019110204
2024-03-02,225713.78019110204
2024-03-03,225600.9233010065
2024-03-04,243325.72928160726
2024-03-05,226516.06235054377
2024-03-06,226516.06235054377
2024-03-07,226516.06235054377
2024-03-08,226516.06235054377
2024-03-09,226402.8043193685
2024-03-10,228117.99249319473
2024-03-11,238153.427331052
2024-03-12,235902.91648818328
2024-03-13,235784.9650299392
2024-03-14,230160.91323909655
2024-03-15,230160.91323909655
2024-03-16,230160.91323909655
2024-03-17,230160.91323909655
2024-03-18,230160.91323909655
2024-03-19,230160.91323909655
2024-03-20,230160.91323909655
2024-03-21,230160.91323909655
2024-03-22,230160.91323909655
2024-03-23,230160.91323909655
2024-03-24,230160.91323909655
2024-03-25,230160.91323909655
2024-03-26,230160.91323909655
2024-03-27,230160.91323909655
2024-03-28,230160.91323909655
2024-03-29,230160.91323909655
2024-03-30,230160.91323909655
2024-03-31,230160.91323909655
2024-04-01,230160.91323909655
2024-04-02,230160.91323909655
2024-04-03,230160.91323909655
2024-04-04,230160.91323909655
2024-04-05,230160.91323909655
2024-04-06,230160.91323909655
2024-04-07,230160.91323909655
2024-04-08,230045.83278247702
2024-04-09,221784.0216780005
2024-04-10,221784.0216780005
2024-04-11,221784.0216780005
2024-04-12,221784.0216780005
2024-04-13,221784.0216780005
2024-04-14,221784.0216780005
2024-04-15,221784.0216780005
2024-04-16,221784.0216780005
2024-04-17,221784.0216780005
2024-04-18,221784.0216780005
2024-04-19,221784.0216780005
2024-04-20,221784.0216780005
2024-04-21,221784.0216780005
2024-04-22,221784.0216780005
2024-04-23,221784.0216780005
2024-04-24,221784.0216780005
2024-04-25,221784.0216780005
2024-04-26,221784.0216780005
2024-04-27,221784.0216780005
2024-04-28,221784.0216780005
2024-04-29,221784.0216780005
2024-04-30,221784.0216780005
2024-05-01,221784.0216780005
2024-05-02,221784.0216780005
2024-05-03,221784.0216780005
2024-05-04,221784.0216780005
2024-05-05,221784.0216780005
2024-05-06,221784.0216780005
2024-05-07,221784.0216780005
2024-05-08,221784.0216780005
2024-05-09,221784.0216780005
2024-05-10,221784.0216780005
2024-05-11,221784.0216780005
2024-05-12,221784.0216780005
2024-05-13,221784.0216780005
2024-05-14,221784.0216780005
2024-05-15,221673.12966716153
2024-05-16,218069.6723650382
2024-05-17,217960.63752885567
2024-05-18,217490.3096838782
2024-05-19,217490.3096838782
2024-05-20,217381.5645290363
2024-05-21,213245.04178354936
2024-05-22,213245.04178354936
2024-05-23,213245.04178354936
2024-05-24,213245.04178354936
2024-05-25,213245.04178354936
2024-05-26,213245.04178354936
2024-05-27,213245.04178354936
2024-05-28,213245.04178354936
2024-05-29,213245.04178354936
2024-05-30,213245.04178354936
2024-05-31,213245.04178354936
2024-06-01,213245.04178354936
2024-06-02,213245.04178354936
2024-06-03,213245.04178354936
2024-06-04,213245.04178354936
2024-06-05,213245.04178354936
2024-06-06,213245.04178354936
2024-06-07,213245.04178354936
2024-06-08,213245.04178354936
2024-06-09,213245.04178354936
2024-06-10,213245.04178354936
2024-06-11,213245.04178354936
2024-06-12,213245.04178354936
2024-06-13,213245.04178354936
2024-06-14,213245.04178354936
2024-06-15,213245.04178354936
2024-06-16,213245.04178354936
2024-06-17,213245.04178354936
2024-06-18,213245.04178354936
2024-06-19,213245.04178354936
2024-06-20,213245.04178354936
2024-06-21,213245.04178354936
2024-06-22,213245.04178354936
2024-06-23,213245.04178354936
2024-06-24,213245.04178354936
2024-06-25,213245.04178354936
2024-06-26,213245.04178354936
2024-06-27,213245.04178354936
2024-06-28,213245.04178354936
2024-06-29,213245.04178354936
2024-06-30,213245.04178354936
2024-07-01,213245.04178354936
2024-07-02,213245.04178354936
2024-07-03,213245.04178354936
2024-07-04,213245.04178354936
2024-07-05,213245.04178354936
2024-07-06,213245.04178354936
2024-07-07,213245.04178354936
2024-07-08,213245.04178354936
2024-07-09,213245.04178354936
2024-07-10,213245.04178354936
2024-07-11,213245.04178354936
2024-07-12,213245.04178354936
2024-07-13,213245.04178354936
2024-07-14,213245.04178354936
2024-07-15,213138.41926265758
2024-07-16,213882.93942281583
2024-07-17,210537.11674447448
2024-07-18,210537.11674447448
2024-07-19,210431.84818610226
2024-07-20,211857.5126675434
2024-07-21,214960.24546554455
2024-07-22,213049.72895619742
2024-07-23,213049.72895619742
2024-07-24,213049.72895619742
2024-07-25,213049.72895619742
2024-07-26,213049.72895619742
2024-07-27,213049.72895619742
2024-07-28,212943.20409171932
2024-07-29,208309.0817717776
2024-07-30,208309.0817717776
2024-07-31,208309.0817717776
2024-08-01,208309.0817717776
2024-08-02,208309.0817717776
2024-08-03,208309.0817717776
2024-08-04,208309.0817717776
2024-08-05,208309.0817717776
2024-08-06,208309.0817717776
2024-08-07,208309.0817717776
2024-08-08,208309.0817717776
2024-08-09,208309.0817717776
2024-08-10,208309.0817717776
2024-08-11,208309.0817717776
2024-08-12,208309.0817717776
2024-08-13,208309.0817717776
2024-08-14,208309.0817717776
2024-08-15,208309.0817717776
2024-08-16,208309.0817717776
2024-08-17,208309.0817717776
2024-08-18,208309.0817717776
2024-08-19,208309.0817717776
2024-08-20,208309.0817717776
2024-08-21,208309.0817717776
2024-08-22,208309.0817717776
2024-08-23,208204.9272308917
2024-08-24,208479.68086830172
2024-08-25,208981.12165066795
2024-08-26,204102.97729422618
2024-08-27,204102.97729422618
2024-08-28,204102.97729422618
2024-08-29,204102.97729422618
2024-08-30,204102.97729422618
2024-08-31,204102.97729422618
2024-09-01,204102.97729422618
2024-09-02,204102.97729422618
2024-09-03,204102.97729422618
2024-09-04,204102.97729422618
2024-09-05,204102.97729422618
2024-09-06,204102.97729422618
2024-09-07,204102.97729422618
2024-09-08,204102.97729422618
2024-09-09,204102.97729422618
2024-09-10,204102.97729422618
2024-09-11,204102.97729422618
2024-09-12,204102.97729422618
2024-09-13,204102.97729422618
2024-09-14,204102.97729422618
2024-09-15,204102.97729422618
2024-09-16,204102.97729422618
2024-09-17,204102.97729422618
2024-09-18,204000.92580557909
2024-09-19,208228.05327630564
2024-09-20,209061.8008269405
2024-09-21,209728.56225894825
2024-09-22,210566.76443505895
2024-09-23,209403.7899516997
2024-09-24,209299.08805672385
2024-09-25,205388.1327150882
2024-09-26,205285.43864873066
2024-09-27,207196.57005481678
2024-09-28,207501.78103604834
2024-09-29,206601.79130562246
2024-09-30,206601.79130562246
2024-10-01,206601.79130562246
2024-10-02,206601.79130562246
2024-10-03,206601.79130562246
2024-10-04,206601.79130562246
2024-10-05,206601.79130562246
2024-10-06,206601.79130562246
2024-10-07,206601.79130562246
2024-10-08,206601.79130562246
2024-10-09,206601.79130562246
2024-10-10,206601.79130562246
2024-10-11,206601.79130562246
2024-10-12,206601.79130562246
2024-10-13,206601.79130562246
2024-10-14,206498.49040996967
2024-10-15,209586.18849776094
2024-10-16,211365.59798815308
2024-10-17,210593.36769127386
2024-10-18,210488.07100742823
2024-10-19,210210.30595582817
2024-10-20,210105.20080285028
2024-10-21,204965.3420344771
2024-10-22,204965.3420344771
2024-10-23,204965.3420344771
2024-10-24,204965.3420344771
2024-10-25,204965.3420344771
2024-10-26,204965.3420344771
2024-10-27,204965.3420344771
2024-10-28,204862.85936345987
2024-10-29,212944.00070135994
2024-10-30,211719.06942160302
2024-10-31,211719.06942160302
2024-11-01,211719.06942160302
2024-11-02,211719.06942160302
2024-11-03,211719.06942160302
2024-11-04,211719.06942160302
2024-11-05,211719.06942160302
2024-11-06,211613.20988689223
2024-11-07,212355.4748964184
2024-11-08,214140.17897032195
2024-11-09,214792.1086976796
2024-11-10,224888.8510967453
2024-11-11,246779.56404971087
2024-11-12,244572.8448341171
2024-11-13,244450.55841170007
2024-11-14,235162.18953294068
2024-11-15,235044.60843817424
2024-11-16,233613.4659484019
2024-11-17,233613.4659484019
2024-11-18,233613.4659484019
2024-11-19,233496.6592154277
2024-11-20,238489.15519176007
2024-11-21,248792.99266141024
2024-11-22,250034.89813997457
2024-11-23,246808.44718183955
2024-11-24,246808.44718183955
2024-11-25,246808.44718183955
2024-11-26,246808.44718183955
2024-11-27,246808.44718183955
2024-11-28,246808.44718183955
2024-11-29,246808.44718183955
2024-11-30,246808.44718183955
2024-12-01,246808.44718183955
2024-12-02,246808.44718183955
2024-12-03,246808.44718183955
2024-12-04,246808.44718183955
2024-12-05,246808.44718183955
2024-12-06,246685.04295824864
2024-12-07,246691.52349392563
2024-12-08,249911.17543739622
2024-12-09,240216.4952979956
2024-12-10,240216.4952979956
2024-12-11,240216.4952979956
2024-12-12,240216.4952979956
2024-12-13,240096.38705034662
2024-12-14,239772.05481627057
2024-12-15,239652.16878886244
2024-12-16,243596.97947607993
2024-12-17,243851.59303956153
2024-12-18,229298.73610598533
2024-12-19,229298.73610598533
2024-12-20,229298.73610598533
2024-12-21,229298.73610598533
2024-12-22,229298.73610598533
2024-12-23,229298.73610598533
2024-12-24,229298.73610598533
2024-12-25,229298.73610598533
2024-12-26,229298.73610598533
2024-12-27,229298.73610598533
2024-12-28,229298.73610598533
2024-12-29,229298.73610598533
2024-12-30,229298.73610598533
2024-12-31,229298.73610598533
