Date,Equity
2015-04-04,10000.0
2015-04-05,10000.0
2015-04-06,10000.0
2015-04-07,10000.0
2015-04-08,10000.0
2015-04-09,10000.0
2015-04-10,10000.0
2015-04-11,10000.0
2015-04-12,10000.0
2015-04-13,10000.0
2015-04-14,10000.0
2015-04-15,10000.0
2015-04-16,10000.0
2015-04-17,9995.0
2015-04-18,10016.233610544521
2015-04-19,9982.273997042408
2015-04-20,10072.717015202812
2015-04-21,10539.010281533281
2015-04-22,10489.934527437299
2015-04-23,10591.83999014797
2015-04-24,10356.591963686893
2015-04-25,10135.809500522455
2015-04-26,9819.3094086108
2015-04-27,10245.829487117286
2015-04-28,10245.829487117286
2015-04-29,10245.829487117286
2015-04-30,10245.829487117286
2015-05-01,10245.829487117286
2015-05-02,10245.829487117286
2015-05-03,10245.829487117286
2015-05-04,10245.829487117286
2015-05-05,10245.829487117286
2015-05-06,10240.706572373727
2015-05-07,10566.74411460777
2015-05-08,10566.74411460777
2015-05-09,10566.74411460777
2015-05-10,10566.74411460777
2015-05-11,10566.74411460777
2015-05-12,10566.74411460777
2015-05-13,10566.74411460777
2015-05-14,10566.74411460777
2015-05-15,10566.74411460777
2015-05-16,10566.74411460777
2015-05-17,10561.460742550467
2015-05-18,10396.314639135155
2015-05-19,10343.514247285077
2015-05-20,10430.287377388868
2015-05-21,10425.072233700173
2015-05-22,10644.412150515906
2015-05-23,10578.84167220415
2015-05-24,10665.314047692633
2015-05-25,10659.981390668787
2015-05-26,10660.250986829316
2015-05-27,10662.426532131456
2015-05-28,10662.426532131456
2015-05-29,10657.095318865391
2015-05-30,10487.146164684722
2015-05-31,10344.38480237494
2015-06-01,10012.689924769482
2015-06-02,10141.083201619598
2015-06-03,10144.27135717757
2015-06-04,10074.41960764778
2015-06-05,10102.583347337111
2015-06-06,10132.494297019244
2015-06-07,10008.778886403225
2015-06-08,10257.49784476907
2015-06-09,10282.56249731778
2015-06-10,10271.557455260985
2015-06-11,10311.971317701977
2015-06-12,10324.398652624888
2015-06-13,10432.470102537987
2015-06-14,10478.348051901861
2015-06-15,10478.348051901861
2015-06-16,10478.348051901861
2015-06-17,10478.348051901861
2015-06-18,10478.348051901861
2015-06-19,10478.348051901861
2015-06-20,10478.348051901861
2015-06-21,10478.348051901861
2015-06-22,10478.348051901861
2015-06-23,10478.348051901861
2015-06-24,10478.348051901861
2015-06-25,10478.348051901861
2015-06-26,10478.348051901861
2015-06-27,10478.348051901861
2015-06-28,10478.348051901861
2015-06-29,10478.348051901861
2015-06-30,10478.348051901861
2015-07-01,10478.348051901861
2015-07-02,10478.348051901861
2015-07-03,10478.348051901861
2015-07-04,10478.348051901861
2015-07-05,10478.348051901861
2015-07-06,10478.348051901861
2015-07-07,10478.348051901861
2015-07-08,10478.348051901861
2015-07-09,10478.348051901861
2015-07-10,10478.348051901861
2015-07-11,10478.348051901861
2015-07-12,10478.348051901861
2015-07-13,10478.348051901861
2015-07-14,10478.348051901861
2015-07-15,10478.348051901861
2015-07-16,10478.348051901861
2015-07-17,10478.348051901861
2015-07-18,10478.348051901861
2015-07-19,10478.348051901861
2015-07-20,10478.348051901861
2015-07-21,10478.348051901861
2015-07-22,10478.348051901861
2015-07-23,10478.348051901861
2015-07-24,10478.348051901861
2015-07-25,10473.108877875911
2015-07-26,10616.828355108933
2015-07-27,10645.489919674874
2015-07-28,10645.489919674874
2015-07-29,10645.489919674874
2015-07-30,10645.489919674874
2015-07-31,10645.489919674874
2015-08-01,10645.489919674874
2015-08-02,10645.489919674874
2015-08-03,10645.489919674874
2015-08-04,10645.489919674874
2015-08-05,10645.489919674874
2015-08-06,10645.489919674874
2015-08-07,10640.167174715038
2015-08-08,9908.151531824573
2015-08-09,10062.065405876547
2015-08-10,10038.769852567204
2015-08-11,10260.854437815358
2015-08-12,10107.54038295138
2015-08-13,10020.041079671551
2015-08-14,10080.567266099444
2015-08-15,9922.672559451974
2015-08-16,9806.51234591582
2015-08-17,9786.348979214796
2015-08-18,7822.87304955552
2015-08-19,8380.8359992589
2015-08-20,8695.258074401836
2015-08-21,8591.898954312019
2015-08-22,8511.01968238258
2015-08-23,8428.574182139379
2015-08-24,7749.022634107396
2015-08-25,8147.730475740811
2015-08-26,8301.497421225822
2015-08-27,8262.366585110745
2015-08-28,8502.448781723686
2015-08-29,8442.862026184377
2015-08-30,8405.33750010824
2015-08-31,8452.785286674925
2015-09-01,8377.161961989106
2015-09-02,8377.161961989106
2015-09-03,8372.973381008112
2015-09-04,8486.998929631138
2015-09-05,8654.975390535586
2015-09-06,8654.975390535586
2015-09-07,8654.975390535586
2015-09-08,8654.975390535586
2015-09-09,8654.975390535586
2015-09-10,8654.975390535586
2015-09-11,8654.975390535586
2015-09-12,8654.975390535586
2015-09-13,8654.975390535586
2015-09-14,8654.975390535586
2015-09-15,8654.975390535586
2015-09-16,8650.64790284032
2015-09-17,8673.429820890595
2015-09-18,8673.429820890595
2015-09-19,8669.09310598015
2015-09-20,8658.564004422175
2015-09-21,8502.617755057367
2015-09-22,8633.883032791264
2015-09-23,8621.332495720191
2015-09-24,8778.846561890232
2015-09-25,8801.836633461144
2015-09-26,8771.689956726997
2015-09-27,8707.849338792965
2015-09-28,8707.849338792965
2015-09-29,8707.849338792965
2015-09-30,8707.849338792965
2015-10-01,8707.849338792965
2015-10-02,8707.849338792965
2015-10-03,8707.849338792965
2015-10-04,8707.849338792965
2015-10-05,8707.849338792965
2015-10-06,8707.849338792965
2015-10-07,8707.849338792965
2015-10-08,8707.849338792965
2015-10-09,8707.849338792965
2015-10-10,8707.849338792965
2015-10-11,8707.849338792965
2015-10-12,8707.849338792965
2015-10-13,8707.849338792965
2015-10-14,8707.849338792965
2015-10-15,8707.849338792965
2015-10-16,8707.849338792965
2015-10-17,8707.849338792965
2015-10-18,8707.849338792965
2015-10-19,8707.849338792965
2015-10-20,8707.849338792965
2015-10-21,8707.849338792965
2015-10-22,8707.849338792965
2015-10-23,8707.849338792965
2015-10-24,8707.849338792965
2015-10-25,8707.849338792965
2015-10-26,8707.849338792965
2015-10-27,8707.849338792965
2015-10-28,8707.849338792965
2015-10-29,8707.849338792965
2015-10-30,8707.849338792965
2015-10-31,8707.849338792965
2015-11-01,8707.849338792965
2015-11-02,8707.849338792965
2015-11-03,8707.849338792965
2015-11-04,8707.849338792965
2015-11-05,8707.849338792965
2015-11-06,8707.849338792965
2015-11-07,8707.849338792965
2015-11-08,8707.849338792965
2015-11-09,8707.849338792965
2015-11-10,8707.849338792965
2015-11-11,8707.849338792965
2015-11-12,8707.849338792965
2015-11-13,8707.849338792965
2015-11-14,8707.849338792965
2015-11-15,8703.495414123568
2015-11-16,8986.587769521057
2015-11-17,9103.819821462705
2015-11-18,9090.116922429717
2015-11-19,8857.849900073988
2015-11-20,8745.050357293932
2015-11-21,8877.249583599343
2015-11-22,8812.086955413473
2015-11-23,8771.53544043062
2015-11-24,8689.697078180649
2015-11-25,8904.130443220803
2015-11-26,8904.130443220803
2015-11-27,8904.130443220803
2015-11-28,8904.130443220803
2015-11-29,8904.130443220803
2015-11-30,8904.130443220803
2015-12-01,8904.130443220803
2015-12-02,8904.130443220803
2015-12-03,8904.130443220803
2015-12-04,8904.130443220803
2015-12-05,8904.130443220803
2015-12-06,8904.130443220803
2015-12-07,8904.130443220803
2015-12-08,8904.130443220803
2015-12-09,8904.130443220803
2015-12-10,8904.130443220803
2015-12-11,8904.130443220803
2015-12-12,8904.130443220803
2015-12-13,8904.130443220803
2015-12-14,8904.130443220803
2015-12-15,8904.130443220803
2015-12-16,8904.130443220803
2015-12-17,8904.130443220803
2015-12-18,8904.130443220803
2015-12-19,8904.130443220803
2015-12-20,8904.130443220803
2015-12-21,8904.130443220803
2015-12-22,8904.130443220803
2015-12-23,8904.130443220803
2015-12-24,8904.130443220803
2015-12-25,8904.130443220803
2015-12-26,8899.678377999193
2015-12-27,9017.248454712812
2015-12-28,9005.639344487456
2015-12-29,9231.070821604815
2015-12-30,9094.406716087236
2015-12-31,9178.159259314076
2016-01-01,9258.109702029278
2016-01-02,9238.990588756566
2016-01-03,9165.65167475114
2016-01-04,9231.06800785502
2016-01-05,9206.929652178667
2016-01-06,9145.87572341956
2016-01-07,9738.275324796623
2016-01-08,9733.406187134226
2016-01-09,9607.113174463713
2016-01-10,9607.113174463713
2016-01-11,9607.113174463713
2016-01-12,9607.113174463713
2016-01-13,9607.113174463713
2016-01-14,9602.309617876483
2016-01-15,8004.16068882544
2016-01-16,8498.385576705126
2016-01-17,8382.758912791727
2016-01-18,8488.848185174666
2016-01-19,8333.540811101386
2016-01-20,9168.886276204676
2016-01-21,8948.775767447272
2016-01-22,8321.572052592423
2016-01-23,8429.62655295322
2016-01-24,8759.831916924863
2016-01-25,8511.911415011542
2016-01-26,8521.184792732398
2016-01-27,8582.219735502811
2016-01-28,8257.096551652694
2016-01-29,8235.253120116087
2016-01-30,8231.13549355603
2016-01-31,8022.0351795454735
2016-02-01,8114.798289117466
2016-02-02,8145.020999472682
2016-02-03,8046.56590671904
2016-02-04,8462.895098317174
2016-02-05,8392.259642797642
2016-02-06,8388.063512976243
2016-02-07,8390.246269086409
2016-02-08,8319.259422482985
2016-02-09,8376.58058927026
2016-02-10,8500.84764392429
2016-02-11,8456.294584656234
2016-02-12,8554.107914105687
2016-02-13,8554.107914105687
2016-02-14,8554.107914105687
2016-02-15,8554.107914105687
2016-02-16,8554.107914105687
2016-02-17,8554.107914105687
2016-02-18,8554.107914105687
2016-02-19,8554.107914105687
2016-02-20,8554.107914105687
2016-02-21,8554.107914105687
2016-02-22,8554.107914105687
2016-02-23,8554.107914105687
2016-02-24,8554.107914105687
2016-02-25,8554.107914105687
2016-02-26,8554.107914105687
2016-02-27,8554.107914105687
2016-02-28,8554.107914105687
2016-02-29,8554.107914105687
2016-03-01,8554.107914105687
2016-03-02,8554.107914105687
2016-03-03,8549.830860148635
2016-03-04,8329.816470069061
2016-03-05,8116.937825658333
2016-03-06,8260.284813890652
2016-03-07,8393.21170855487
2016-03-08,8386.138175381791
2016-03-09,8404.107795067106
2016-03-10,8449.988098847376
2016-03-11,8541.840338951984
2016-03-12,8335.468121430978
2016-03-13,8384.753061503528
2016-03-14,8432.66849264531
2016-03-15,8440.602535429689
2016-03-16,8444.26689607366
2016-03-17,8517.053338465377
2016-03-18,8289.834765676655
2016-03-19,8303.806275000921
2016-03-20,8303.806275000921
2016-03-21,8299.654371863422
2016-03-22,8390.980681630508
2016-03-23,8390.980681630508
2016-03-24,8386.785191289693
2016-03-25,8402.540937537518
2016-03-26,8413.794171484593
2016-03-27,8413.794171484593
2016-03-28,8413.794171484593
2016-03-29,8409.587274398851
2016-03-30,8375.193880913283
2016-03-31,8413.728721172087
2016-04-01,8434.338771522232
2016-04-02,8434.338771522232
2016-04-03,8434.338771522232
2016-04-04,8434.338771522232
2016-04-05,8434.338771522232
2016-04-06,8434.338771522232
2016-04-07,8434.338771522232
2016-04-08,8434.338771522232
2016-04-09,8434.338771522232
2016-04-10,8430.121602136473
2016-04-11,8448.479201540948
2016-04-12,8498.214724770207
2016-04-13,8498.214724770207
2016-04-14,8498.214724770207
2016-04-15,8498.214724770207
2016-04-16,8498.214724770207
2016-04-17,8498.214724770207
2016-04-18,8498.214724770207
2016-04-19,8498.214724770207
2016-04-20,8498.214724770207
2016-04-21,8498.214724770207
2016-04-22,8498.214724770207
2016-04-23,8498.214724770207
2016-04-24,8498.214724770207
2016-04-25,8498.214724770207
2016-04-26,8498.214724770207
2016-04-27,8498.214724770207
2016-04-28,8498.214724770207
2016-04-29,8498.214724770207
2016-04-30,8498.214724770207
2016-05-01,8498.214724770207
2016-05-02,8498.214724770207
2016-05-03,8498.214724770207
2016-05-04,8498.214724770207
2016-05-05,8493.965617407823
2016-05-06,8707.362721934789
2016-05-07,8707.362721934789
2016-05-08,8703.009040573823
2016-05-09,8739.657044880838
2016-05-10,8555.761811059627
2016-05-11,8586.194866015921
2016-05-12,8586.194866015921
2016-05-13,8586.194866015921
2016-05-14,8586.194866015921
2016-05-15,8586.194866015921
2016-05-16,8586.194866015921
2016-05-17,8586.194866015921
2016-05-18,8586.194866015921
2016-05-19,8581.901768582913
2016-05-20,8659.036954941157
2016-05-21,8669.046099505693
2016-05-22,8593.112783648978
2016-05-23,8687.110237888986
2016-05-24,8722.751057332418
2016-05-25,8793.228704389781
2016-05-26,8866.945701745537
2016-05-27,9246.773761507755
2016-05-28,9246.773761507755
2016-05-29,9246.773761507755
2016-05-30,9246.773761507755
2016-05-31,9246.773761507755
2016-06-01,9246.773761507755
2016-06-02,9246.773761507755
2016-06-03,9246.773761507755
2016-06-04,9246.773761507755
2016-06-05,9246.773761507755
2016-06-06,9246.773761507755
2016-06-07,9246.773761507755
2016-06-08,9246.773761507755
2016-06-09,9246.773761507755
2016-06-10,9246.773761507755
2016-06-11,9246.773761507755
2016-06-12,9246.773761507755
2016-06-13,9246.773761507755
2016-06-14,9246.773761507755
2016-06-15,9246.773761507755
2016-06-16,9246.773761507755
2016-06-17,9246.773761507755
2016-06-18,9246.773761507755
2016-06-19,9246.773761507755
2016-06-20,9246.773761507755
2016-06-21,9246.773761507755
2016-06-22,9246.773761507755
2016-06-23,9246.773761507755
2016-06-24,9246.773761507755
2016-06-25,9246.773761507755
2016-06-26,9242.150374627001
2016-06-27,9614.98309004312
2016-06-28,9492.80330539352
2016-06-29,9387.893642858819
2016-06-30,9866.203076313035
2016-07-01,9909.466081593697
2016-07-02,10303.110982669765
2016-07-03,9621.648125277237
2016-07-04,9980.055303073752
2016-07-05,9782.944140122867
2016-07-06,9782.944140122867
2016-07-07,9782.944140122867
2016-07-08,9782.944140122867
2016-07-09,9778.052668052806
2016-07-10,9749.099949458425
2016-07-11,9744.225399483696
2016-07-12,9990.241218480713
2016-07-13,9990.241218480713
2016-07-14,9985.246097871473
2016-07-15,10063.491177289705
2016-07-16,10025.670424908181
2016-07-17,10300.329132185901
2016-07-18,10295.17896761981
2016-07-19,10286.329247299878
2016-07-20,10281.18608267623
2016-07-21,10265.646476747896
2016-07-22,10260.513653509523
2016-07-23,10332.948065260309
2016-07-24,10332.948065260309
2016-07-25,10332.948065260309
2016-07-26,10327.78159122768
2016-07-27,10368.392533698427
2016-07-28,10379.208955141308
2016-07-29,10410.172421118164
2016-07-30,10379.30767332467
2016-07-31,9886.64536080422
2016-08-01,9590.911252007587
2016-08-02,8612.349585353359
2016-08-03,8904.501788725776
2016-08-04,9090.184610027587
2016-08-05,9039.017107668791
2016-08-06,9237.012067487482
2016-08-07,9313.88386273895
2016-08-08,9288.139451576193
2016-08-09,9236.87902159511
2016-08-10,9304.235765706671
2016-08-11,9257.242279112728
2016-08-12,9232.681079483418
2016-08-13,9201.65733284973
2016-08-14,8961.028365263735
2016-08-15,8910.099227338142
2016-08-16,9064.425501061573
2016-08-17,9064.425501061573
2016-08-18,9059.893288311043
2016-08-19,9076.03678314913
2016-08-20,9071.498764757554
2016-08-21,9065.42973043209
2016-08-22,9149.948757988614
2016-08-23,9097.746460922837
2016-08-24,9047.191452129606
2016-08-25,9009.359765959425
2016-08-26,9038.783751977966
2016-08-27,8886.18388000092
2016-08-28,8943.345507175125
2016-08-29,8943.345507175125
2016-08-30,8943.345507175125
2016-08-31,8943.345507175125
2016-09-01,8938.873834421538
2016-09-02,8989.244049606856
2016-09-03,9332.10881702215
2016-09-04,9332.10881702215
2016-09-05,9332.10881702215
2016-09-06,9332.10881702215
2016-09-07,9332.10881702215
2016-09-08,9332.10881702215
2016-09-09,9332.10881702215
2016-09-10,9332.10881702215
2016-09-11,9332.10881702215
2016-09-12,9332.10881702215
2016-09-13,9332.10881702215
2016-09-14,9332.10881702215
2016-09-15,9332.10881702215
2016-09-16,9332.10881702215
2016-09-17,9332.10881702215
2016-09-18,9332.10881702215
2016-09-19,9332.10881702215
2016-09-20,9327.44276261364
2016-09-21,9154.686526715102
2016-09-22,9141.630629797104
2016-09-23,9241.407945318912
2016-09-24,9238.081100916808
2016-09-25,9210.461490009176
2016-09-26,9320.43712355391
2016-09-27,9291.62065828103
2016-09-28,9269.552256873083
2016-09-29,9284.331912614178
2016-09-30,9341.441386515207
2016-10-01,9341.441386515207
2016-10-02,9341.441386515207
2016-10-03,9341.441386515207
2016-10-04,9341.441386515207
2016-10-05,9341.441386515207
2016-10-06,9341.441386515207
2016-10-07,9341.441386515207
2016-10-08,9341.441386515207
2016-10-09,9341.441386515207
2016-10-10,9341.441386515207
2016-10-11,9341.441386515207
2016-10-12,9341.441386515207
2016-10-13,9341.441386515207
2016-10-14,9341.441386515207
2016-10-15,9341.441386515207
2016-10-16,9341.441386515207
2016-10-17,9341.441386515207
2016-10-18,9341.441386515207
2016-10-19,9341.441386515207
2016-10-20,9341.441386515207
2016-10-21,9341.441386515207
2016-10-22,9341.441386515207
2016-10-23,9341.441386515207
2016-10-24,9341.441386515207
2016-10-25,9341.441386515207
2016-10-26,9341.441386515207
2016-10-27,9341.441386515207
2016-10-28,9341.441386515207
2016-10-29,9341.441386515207
2016-10-30,9341.441386515207
2016-10-31,9341.441386515207
2016-11-01,9341.441386515207
2016-11-02,9341.441386515207
2016-11-03,9341.441386515207
2016-11-04,9341.441386515207
2016-11-05,9341.441386515207
2016-11-06,9341.441386515207
2016-11-07,9341.441386515207
2016-11-08,9341.441386515207
2016-11-09,9341.441386515207
2016-11-10,9341.441386515207
2016-11-11,9341.441386515207
2016-11-12,9336.77066582195
2016-11-13,9291.983600456359
2016-11-14,9291.983600456359
2016-11-15,9287.337608656131
2016-11-16,9698.436443514034
2016-11-17,9698.436443514034
2016-11-18,9698.436443514034
2016-11-19,9698.436443514034
2016-11-20,9698.436443514034
2016-11-21,9698.436443514034
2016-11-22,9698.436443514034
2016-11-23,9698.436443514034
2016-11-24,9698.436443514034
2016-11-25,9698.436443514034
2016-11-26,9698.436443514034
2016-11-27,9698.436443514034
2016-11-28,9698.436443514034
2016-11-29,9698.436443514034
2016-11-30,9698.436443514034
2016-12-01,9698.436443514034
2016-12-02,9698.436443514034
2016-12-03,9698.436443514034
2016-12-04,9698.436443514034
2016-12-05,9698.436443514034
2016-12-06,9698.436443514034
2016-12-07,9698.436443514034
2016-12-08,9698.436443514034
2016-12-09,9698.436443514034
2016-12-10,9698.436443514034
2016-12-11,9698.436443514034
2016-12-12,9698.436443514034
2016-12-13,9698.436443514034
2016-12-14,9698.436443514034
2016-12-15,9698.436443514034
2016-12-16,9698.436443514034
2016-12-17,9698.436443514034
2016-12-18,9698.436443514034
2016-12-19,9698.436443514034
2016-12-20,9698.436443514034
2016-12-21,9698.436443514034
2016-12-22,9698.436443514034
2016-12-23,9698.436443514034
2016-12-24,9698.436443514034
2016-12-25,9698.436443514034
2016-12-26,9698.436443514034
2016-12-27,9698.436443514034
2016-12-28,9698.436443514034
2016-12-29,9698.436443514034
2016-12-30,9698.436443514034
2016-12-31,9698.436443514034
2017-01-01,9698.436443514034
2017-01-02,9698.436443514034
2017-01-03,9698.436443514034
2017-01-04,9698.436443514034
2017-01-05,9698.436443514034
2017-01-06,9693.587225292278
2017-01-07,9757.09134530092
2017-01-08,9757.09134530092
2017-01-09,9752.21279962827
2017-01-10,9804.472443552937
2017-01-11,8289.910394506838
2017-01-12,8573.606589029801
2017-01-13,8775.21578262617
2017-01-14,8715.673652004209
2017-01-15,8751.658305738156
2017-01-16,8854.731775032333
2017-01-17,9633.097211855646
2017-01-18,9404.19672613969
2017-01-19,9535.385528448933
2017-01-20,9492.367007429602
2017-01-21,9767.299933007595
2017-01-22,9767.299933007595
2017-01-23,9767.299933007595
2017-01-24,9762.416283041091
2017-01-25,9853.895915332218
2017-01-26,9853.895915332218
2017-01-27,9853.895915332218
2017-01-28,9853.895915332218
2017-01-29,9853.895915332218
2017-01-30,9853.895915332218
2017-01-31,9853.895915332218
2017-02-01,9853.895915332218
2017-02-02,9853.895915332218
2017-02-03,9853.895915332218
2017-02-04,9853.895915332218
2017-02-05,9853.895915332218
2017-02-06,9853.895915332218
2017-02-07,9853.895915332218
2017-02-08,9853.895915332218
2017-02-09,9853.895915332218
2017-02-10,9853.895915332218
2017-02-11,9853.895915332218
2017-02-12,9853.895915332218
2017-02-13,9853.895915332218
2017-02-14,9853.895915332218
2017-02-15,9853.895915332218
2017-02-16,9853.895915332218
2017-02-17,9853.895915332218
2017-02-18,9853.895915332218
2017-02-19,9853.895915332218
2017-02-20,9853.895915332218
2017-02-21,9853.895915332218
2017-02-22,9853.895915332218
2017-02-23,9853.895915332218
2017-02-24,9853.895915332218
2017-02-25,9853.895915332218
2017-02-26,9853.895915332218
2017-02-27,9853.895915332218
2017-02-28,9853.895915332218
2017-03-01,9853.895915332218
2017-03-02,9853.895915332218
2017-03-03,9853.895915332218
2017-03-04,9853.895915332218
2017-03-05,9853.895915332218
2017-03-06,9853.895915332218
2017-03-07,9853.895915332218
2017-03-08,9853.895915332218
2017-03-09,9853.895915332218
2017-03-10,9848.968967374552
2017-03-11,10352.039064320257
2017-03-12,10352.039064320257
2017-03-13,10352.039064320257
2017-03-14,10352.039064320257
2017-03-15,10352.039064320257
2017-03-16,10346.863044788097
2017-03-17,9554.375140814032
2017-03-18,8388.262802238267
2017-03-19,8913.468908150657
2017-03-20,9062.586420389865
2017-03-21,9615.405304242879
2017-03-22,8982.327481309645
2017-03-23,8891.54485993445
2017-03-24,7981.218197874974
2017-03-25,8275.875224145491
2017-03-26,8224.210009198823
2017-03-27,8870.589399873095
2017-03-28,8882.287370366255
2017-03-29,8821.173920123536
2017-03-30,8705.57222576736
2017-03-31,9082.03050476989
2017-04-01,9150.99683408931
2017-04-02,9150.99683408931
2017-04-03,9150.99683408931
2017-04-04,9150.99683408931
2017-04-05,9150.99683408931
2017-04-06,9150.99683408931
2017-04-07,9150.99683408931
2017-04-08,9150.99683408931
2017-04-09,9150.99683408931
2017-04-10,9150.99683408931
2017-04-11,9150.99683408931
2017-04-12,9150.99683408931
2017-04-13,9150.99683408931
2017-04-14,9150.99683408931
2017-04-15,9150.99683408931
2017-04-16,9150.99683408931
2017-04-17,9150.99683408931
2017-04-18,9150.99683408931
2017-04-19,9150.99683408931
2017-04-20,9150.99683408931
2017-04-21,9150.99683408931
2017-04-22,9150.99683408931
2017-04-23,9150.99683408931
2017-04-24,9150.99683408931
2017-04-25,9150.99683408931
2017-04-26,9150.99683408931
2017-04-27,9150.99683408931
2017-04-28,9150.99683408931
2017-04-29,9150.99683408931
2017-04-30,9150.99683408931
2017-05-01,9150.99683408931
2017-05-02,9150.99683408931
2017-05-03,9150.99683408931
2017-05-04,9150.99683408931
2017-05-05,9150.99683408931
2017-05-06,9150.99683408931
2017-05-07,9150.99683408931
2017-05-08,9150.99683408931
2017-05-09,9150.99683408931
2017-05-10,9150.99683408931
2017-05-11,9150.99683408931
2017-05-12,9150.99683408931
2017-05-13,9150.99683408931
2017-05-14,9150.99683408931
2017-05-15,9150.99683408931
2017-05-16,9150.99683408931
2017-05-17,9150.99683408931
2017-05-18,9150.99683408931
2017-05-19,9150.99683408931
2017-05-20,9150.99683408931
2017-05-21,9150.99683408931
2017-05-22,9150.99683408931
2017-05-23,9150.99683408931
2017-05-24,9150.99683408931
2017-05-25,9150.99683408931
2017-05-26,9150.99683408931
2017-05-27,9150.99683408931
2017-05-28,9150.99683408931
2017-05-29,9150.99683408931
2017-05-30,9150.99683408931
2017-05-31,9150.99683408931
2017-06-01,9150.99683408931
2017-06-02,9150.99683408931
2017-06-03,9150.99683408931
2017-06-04,9150.99683408931
2017-06-05,9150.99683408931
2017-06-06,9150.99683408931
2017-06-07,9150.99683408931
2017-06-08,9150.99683408931
2017-06-09,9150.99683408931
2017-06-10,9150.99683408931
2017-06-11,9150.99683408931
2017-06-12,9150.99683408931
2017-06-13,9150.99683408931
2017-06-14,9150.99683408931
2017-06-15,9150.99683408931
2017-06-16,9150.99683408931
2017-06-17,9150.99683408931
2017-06-18,9150.99683408931
2017-06-19,9146.421335672267
2017-06-20,9601.78785894573
2017-06-21,9485.767872017406
2017-06-22,9543.126773962402
2017-06-23,9681.452640892758
2017-06-24,9188.777194274586
2017-06-25,9120.507779609503
2017-06-26,8721.059896388604
2017-06-27,8977.636251963251
2017-06-28,9051.3815139699
2017-06-29,9051.3815139699
2017-06-30,9046.855823212916
2017-07-01,8876.455639899366
2017-07-02,9134.879643212287
2017-07-03,9342.392917588473
2017-07-04,9478.324842390233
2017-07-05,9479.600236448701
2017-07-06,9503.506217198068
2017-07-07,9170.205061067909
2017-07-08,9360.03031241327
2017-07-09,9165.458129726972
2017-07-10,8618.554571371424
2017-07-11,8491.314452257904
2017-07-12,8710.214327020269
2017-07-13,8560.276934182495
2017-07-14,8095.684263763858
2017-07-15,7197.700834020053
2017-07-16,6944.699459924833
2017-07-17,7943.774902074163
2017-07-18,8259.905151352183
2017-07-19,8096.403750569308
2017-07-20,9829.80994420757
2017-07-21,9829.80994420757
2017-07-22,9829.80994420757
2017-07-23,9829.80994420757
2017-07-24,9829.80994420757
2017-07-25,9829.80994420757
2017-07-26,9829.80994420757
2017-07-27,9829.80994420757
2017-07-28,9829.80994420757
2017-07-29,9829.80994420757
2017-07-30,9829.80994420757
2017-07-31,9829.80994420757
2017-08-01,9829.80994420757
2017-08-02,9829.80994420757
2017-08-03,9824.895039235467
2017-08-04,10134.23365345919
2017-08-05,10134.23365345919
2017-08-06,10134.23365345919
2017-08-07,10134.23365345919
2017-08-08,10134.23365345919
2017-08-09,10134.23365345919
2017-08-10,10134.23365345919
2017-08-11,10134.23365345919
2017-08-12,10134.23365345919
2017-08-13,10134.23365345919
2017-08-14,10134.23365345919
2017-08-15,10134.23365345919
2017-08-16,10134.23365345919
2017-08-17,10134.23365345919
2017-08-18,10134.23365345919
2017-08-19,10134.23365345919
2017-08-20,10134.23365345919
2017-08-21,10134.23365345919
2017-08-22,10134.23365345919
2017-08-23,10134.23365345919
2017-08-24,10134.23365345919
2017-08-25,10134.23365345919
2017-08-26,10134.23365345919
2017-08-27,10134.23365345919
2017-08-28,10134.23365345919
2017-08-29,10134.23365345919
2017-08-30,10134.23365345919
2017-08-31,10134.23365345919
2017-09-01,10134.23365345919
2017-09-02,10134.23365345919
2017-09-03,10134.23365345919
2017-09-04,10134.23365345919
2017-09-05,10134.23365345919
2017-09-06,10134.23365345919
2017-09-07,10134.23365345919
2017-09-08,10129.166536632461
2017-09-09,10122.72124331228
2017-09-10,9872.653142580306
2017-09-11,9964.01303531218
2017-09-12,9890.809494073283
2017-09-13,9277.865659349609
2017-09-14,7352.431620258714
2017-09-15,8398.899563047205
2017-09-16,8370.03420294479
2017-09-17,8272.118027947477
2017-09-18,9316.853584578199
2017-09-19,8989.792614946533
2017-09-20,8946.123066782427
2017-09-21,8293.218010651983
2017-09-22,8292.441220784654
2017-09-23,8653.772609927564
2017-09-24,8400.08881686162
2017-09-25,8937.31419065251
2017-09-26,8860.222441970587
2017-09-27,9531.215100249812
2017-09-28,9531.215100249812
2017-09-29,9531.215100249812
2017-09-30,9531.215100249812
2017-10-01,9531.215100249812
2017-10-02,9531.215100249812
2017-10-03,9531.215100249812
2017-10-04,9531.215100249812
2017-10-05,9531.215100249812
2017-10-06,9531.215100249812
2017-10-07,9531.215100249812
2017-10-08,9531.215100249812
2017-10-09,9531.215100249812
2017-10-10,9531.215100249812
2017-10-11,9531.215100249812
2017-10-12,9531.215100249812
2017-10-13,9531.215100249812
2017-10-14,9531.215100249812
2017-10-15,9531.215100249812
2017-10-16,9531.215100249812
2017-10-17,9531.215100249812
2017-10-18,9531.215100249812
2017-10-19,9531.215100249812
2017-10-20,9531.215100249812
2017-10-21,9531.215100249812
2017-10-22,9531.215100249812
2017-10-23,9531.215100249812
2017-10-24,9531.215100249812
2017-10-25,9531.215100249812
2017-10-26,9531.215100249812
2017-10-27,9531.215100249812
2017-10-28,9526.449492699689
2017-10-29,10163.205412065976
2017-10-30,10163.205412065976
2017-10-31,10163.205412065976
2017-11-01,10163.205412065976
2017-11-02,10163.205412065976
2017-11-03,10163.205412065976
2017-11-04,10163.205412065976
2017-11-05,10163.205412065976
2017-11-06,10163.205412065976
2017-11-07,10163.205412065976
2017-11-08,10163.205412065976
2017-11-09,10163.205412065976
2017-11-10,10163.205412065976
2017-11-11,10163.205412065976
2017-11-12,10158.123809359944
2017-11-13,11143.562761266841
2017-11-14,11143.562761266841
2017-11-15,11143.562761266841
2017-11-16,11143.562761266841
2017-11-17,11143.562761266841
2017-11-18,11143.562761266841
2017-11-19,11143.562761266841
2017-11-20,11143.562761266841
2017-11-21,11143.562761266841
2017-11-22,11143.562761266841
2017-11-23,11143.562761266841
2017-11-24,11143.562761266841
2017-11-25,11143.562761266841
2017-11-26,11143.562761266841
2017-11-27,11143.562761266841
2017-11-28,11143.562761266841
2017-11-29,11143.562761266841
2017-11-30,11143.562761266841
2017-12-01,11143.562761266841
2017-12-02,11143.562761266841
2017-12-03,11143.562761266841
2017-12-04,11143.562761266841
2017-12-05,11143.562761266841
2017-12-06,11143.562761266841
2017-12-07,11143.562761266841
2017-12-08,11143.562761266841
2017-12-09,11143.562761266841
2017-12-10,11143.562761266841
2017-12-11,11143.562761266841
2017-12-12,11143.562761266841
2017-12-13,11143.562761266841
2017-12-14,11143.562761266841
2017-12-15,11143.562761266841
2017-12-16,11143.562761266841
2017-12-17,11143.562761266841
2017-12-18,11143.562761266841
2017-12-19,11143.562761266841
2017-12-20,11143.562761266841
2017-12-21,11137.990979886208
2017-12-22,9654.151987486082
2017-12-23,10241.344628829724
2017-12-24,9687.801354131261
2017-12-25,9757.672473449642
2017-12-26,11102.780683312085
2017-12-27,10921.104189937938
2017-12-28,10036.745391932507
2017-12-29,10070.838533207525
2017-12-30,8826.105101869269
2017-12-31,9610.756200926446
2018-01-01,9265.73027577899
2018-01-02,10123.637382705741
2018-01-03,10270.481614131191
2018-01-04,10536.06012602293
2018-01-05,11699.710329818185
2018-01-06,11699.710329818185
2018-01-07,11699.710329818185
2018-01-08,11699.710329818185
2018-01-09,11693.860474653276
2018-01-10,11992.780861331212
2018-01-11,10666.605153149456
2018-01-12,11114.423283543882
2018-01-13,11406.620119059895
2018-01-14,11400.916809000366
2018-01-15,11434.718097184586
2018-01-16,11434.718097184586
2018-01-17,11434.718097184586
2018-01-18,11434.718097184586
2018-01-19,11434.718097184586
2018-01-20,11429.000738135996
2018-01-21,10210.07924881242
2018-01-22,10210.07924881242
2018-01-23,10210.07924881242
2018-01-24,10210.07924881242
2018-01-25,10210.07924881242
2018-01-26,10210.07924881242
2018-01-27,10210.07924881242
2018-01-28,10204.974209188014
2018-01-29,9766.632829106673
2018-01-30,9766.632829106673
2018-01-31,9766.632829106673
2018-02-01,9766.632829106673
2018-02-02,9766.632829106673
2018-02-03,9766.632829106673
2018-02-04,9766.632829106673
2018-02-05,9766.632829106673
2018-02-06,9766.632829106673
2018-02-07,9766.632829106673
2018-02-08,9766.632829106673
2018-02-09,9766.632829106673
2018-02-10,9766.632829106673
2018-02-11,9766.632829106673
2018-02-12,9766.632829106673
2018-02-13,9766.632829106673
2018-02-14,9766.632829106673
2018-02-15,9766.632829106673
2018-02-16,9766.632829106673
2018-02-17,9766.632829106673
2018-02-18,9766.632829106673
2018-02-19,9766.632829106673
2018-02-20,9766.632829106673
2018-02-21,9766.632829106673
2018-02-22,9766.632829106673
2018-02-23,9766.632829106673
2018-02-24,9766.632829106673
2018-02-25,9766.632829106673
2018-02-26,9766.632829106673
2018-02-27,9766.632829106673
2018-02-28,9766.632829106673
2018-03-01,9766.632829106673
2018-03-02,9766.632829106673
2018-03-03,9766.632829106673
2018-03-04,9766.632829106673
2018-03-05,9766.632829106673
2018-03-06,9766.632829106673
2018-03-07,9766.632829106673
2018-03-08,9766.632829106673
2018-03-09,9766.632829106673
2018-03-10,9766.632829106673
2018-03-11,9766.632829106673
2018-03-12,9766.632829106673
2018-03-13,9766.632829106673
2018-03-14,9766.632829106673
2018-03-15,9766.632829106673
2018-03-16,9766.632829106673
2018-03-17,9766.632829106673
2018-03-18,9766.632829106673
2018-03-19,9766.632829106673
2018-03-20,9766.632829106673
2018-03-21,9766.632829106673
2018-03-22,9766.632829106673
2018-03-23,9766.632829106673
2018-03-24,9766.632829106673
2018-03-25,9766.632829106673
2018-03-26,9766.632829106673
2018-03-27,9766.632829106673
2018-03-28,9766.632829106673
2018-03-29,9766.632829106673
2018-03-30,9766.632829106673
2018-03-31,9766.632829106673
2018-04-01,9766.632829106673
2018-04-02,9766.632829106673
2018-04-03,9766.632829106673
2018-04-04,9766.632829106673
2018-04-05,9766.632829106673
2018-04-06,9766.632829106673
2018-04-07,9766.632829106673
2018-04-08,9766.632829106673
2018-04-09,9766.632829106673
2018-04-10,9766.632829106673
2018-04-11,9766.632829106673
2018-04-12,9766.632829106673
2018-04-13,9766.632829106673
2018-04-14,9766.632829106673
2018-04-15,9766.632829106673
2018-04-16,9766.632829106673
2018-04-17,9766.632829106673
2018-04-18,9766.632829106673
2018-04-19,9766.632829106673
2018-04-20,9766.632829106673
2018-04-21,9766.632829106673
2018-04-22,9766.632829106673
2018-04-23,9766.632829106673
2018-04-24,9766.632829106673
2018-04-25,9766.632829106673
2018-04-26,9766.632829106673
2018-04-27,9766.632829106673
2018-04-28,9766.632829106673
2018-04-29,9766.632829106673
2018-04-30,9766.632829106673
2018-05-01,9766.632829106673
2018-05-02,9766.632829106673
2018-05-03,9766.632829106673
2018-05-04,9766.632829106673
2018-05-05,9766.632829106673
2018-05-06,9766.632829106673
2018-05-07,9766.632829106673
2018-05-08,9766.632829106673
2018-05-09,9766.632829106673
2018-05-10,9766.632829106673
2018-05-11,9766.632829106673
2018-05-12,9766.632829106673
2018-05-13,9766.632829106673
2018-05-14,9766.632829106673
2018-05-15,9766.632829106673
2018-05-16,9766.632829106673
2018-05-17,9766.632829106673
2018-05-18,9766.632829106673
2018-05-19,9766.632829106673
2018-05-20,9766.632829106673
2018-05-21,9766.632829106673
2018-05-22,9766.632829106673
2018-05-23,9766.632829106673
2018-05-24,9766.632829106673
2018-05-25,9766.632829106673
2018-05-26,9766.632829106673
2018-05-27,9766.632829106673
2018-05-28,9766.632829106673
2018-05-29,9766.632829106673
2018-05-30,9766.632829106673
2018-05-31,9766.632829106673
2018-06-01,9766.632829106673
2018-06-02,9766.632829106673
2018-06-03,9766.632829106673
2018-06-04,9766.632829106673
2018-06-05,9766.632829106673
2018-06-06,9766.632829106673
2018-06-07,9766.632829106673
2018-06-08,9766.632829106673
2018-06-09,9766.632829106673
2018-06-10,9766.632829106673
2018-06-11,9766.632829106673
2018-06-12,9766.632829106673
2018-06-13,9766.632829106673
2018-06-14,9766.632829106673
2018-06-15,9766.632829106673
2018-06-16,9766.632829106673
2018-06-17,9766.632829106673
2018-06-18,9766.632829106673
2018-06-19,9766.632829106673
2018-06-20,9766.632829106673
2018-06-21,9766.632829106673
2018-06-22,9766.632829106673
2018-06-23,9766.632829106673
2018-06-24,9766.632829106673
2018-06-25,9766.632829106673
2018-06-26,9766.632829106673
2018-06-27,9766.632829106673
2018-06-28,9766.632829106673
2018-06-29,9766.632829106673
2018-06-30,9766.632829106673
2018-07-01,9766.632829106673
2018-07-02,9766.632829106673
2018-07-03,9766.632829106673
2018-07-04,9766.632829106673
2018-07-05,9766.632829106673
2018-07-06,9766.632829106673
2018-07-07,9766.632829106673
2018-07-08,9766.632829106673
2018-07-09,9766.632829106673
2018-07-10,9766.632829106673
2018-07-11,9766.632829106673
2018-07-12,9766.632829106673
2018-07-13,9766.632829106673
2018-07-14,9766.632829106673
2018-07-15,9766.632829106673
2018-07-16,9766.632829106673
2018-07-17,9766.632829106673
2018-07-18,9766.632829106673
2018-07-19,9766.632829106673
2018-07-20,9766.632829106673
2018-07-21,9766.632829106673
2018-07-22,9766.632829106673
2018-07-23,9766.632829106673
2018-07-24,9766.632829106673
2018-07-25,9766.632829106673
2018-07-26,9766.632829106673
2018-07-27,9766.632829106673
2018-07-28,9766.632829106673
2018-07-29,9766.632829106673
2018-07-30,9766.632829106673
2018-07-31,9766.632829106673
2018-08-01,9766.632829106673
2018-08-02,9766.632829106673
2018-08-03,9766.632829106673
2018-08-04,9766.632829106673
2018-08-05,9766.632829106673
2018-08-06,9766.632829106673
2018-08-07,9766.632829106673
2018-08-08,9766.632829106673
2018-08-09,9766.632829106673
2018-08-10,9766.632829106673
2018-08-11,9766.632829106673
2018-08-12,9766.632829106673
2018-08-13,9766.632829106673
2018-08-14,9766.632829106673
2018-08-15,9766.632829106673
2018-08-16,9766.632829106673
2018-08-17,9766.632829106673
2018-08-18,9766.632829106673
2018-08-19,9766.632829106673
2018-08-20,9766.632829106673
2018-08-21,9766.632829106673
2018-08-22,9766.632829106673
2018-08-23,9766.632829106673
2018-08-24,9766.632829106673
2018-08-25,9766.632829106673
2018-08-26,9766.632829106673
2018-08-27,9766.632829106673
2018-08-28,9766.632829106673
2018-08-29,9766.632829106673
2018-08-30,9766.632829106673
2018-08-31,9766.632829106673
2018-09-01,9766.632829106673
2018-09-02,9766.632829106673
2018-09-03,9766.632829106673
2018-09-04,9766.632829106673
2018-09-05,9766.632829106673
2018-09-06,9766.632829106673
2018-09-07,9766.632829106673
2018-09-08,9766.632829106673
2018-09-09,9766.632829106673
2018-09-10,9766.632829106673
2018-09-11,9766.632829106673
2018-09-12,9766.632829106673
2018-09-13,9766.632829106673
2018-09-14,9766.632829106673
2018-09-15,9766.632829106673
2018-09-16,9766.632829106673
2018-09-17,9766.632829106673
2018-09-18,9766.632829106673
2018-09-19,9766.632829106673
2018-09-20,9766.632829106673
2018-09-21,9766.632829106673
2018-09-22,9766.632829106673
2018-09-23,9766.632829106673
2018-09-24,9766.632829106673
2018-09-25,9766.632829106673
2018-09-26,9766.632829106673
2018-09-27,9766.632829106673
2018-09-28,9766.632829106673
2018-09-29,9766.632829106673
2018-09-30,9766.632829106673
2018-10-01,9766.632829106673
2018-10-02,9766.632829106673
2018-10-03,9766.632829106673
2018-10-04,9766.632829106673
2018-10-05,9766.632829106673
2018-10-06,9766.632829106673
2018-10-07,9766.632829106673
2018-10-08,9766.632829106673
2018-10-09,9766.632829106673
2018-10-10,9766.632829106673
2018-10-11,9766.632829106673
2018-10-12,9766.632829106673
2018-10-13,9766.632829106673
2018-10-14,9766.632829106673
2018-10-15,9766.632829106673
2018-10-16,9766.632829106673
2018-10-17,9766.632829106673
2018-10-18,9766.632829106673
2018-10-19,9766.632829106673
2018-10-20,9766.632829106673
2018-10-21,9766.632829106673
2018-10-22,9766.632829106673
2018-10-23,9766.632829106673
2018-10-24,9766.632829106673
2018-10-25,9766.632829106673
2018-10-26,9766.632829106673
2018-10-27,9766.632829106673
2018-10-28,9766.632829106673
2018-10-29,9766.632829106673
2018-10-30,9766.632829106673
2018-10-31,9766.632829106673
2018-11-01,9766.632829106673
2018-11-02,9766.632829106673
2018-11-03,9766.632829106673
2018-11-04,9766.632829106673
2018-11-05,9766.632829106673
2018-11-06,9766.632829106673
2018-11-07,9766.632829106673
2018-11-08,9766.632829106673
2018-11-09,9766.632829106673
2018-11-10,9766.632829106673
2018-11-11,9766.632829106673
2018-11-12,9766.632829106673
2018-11-13,9766.632829106673
2018-11-14,9766.632829106673
2018-11-15,9766.632829106673
2018-11-16,9766.632829106673
2018-11-17,9766.632829106673
2018-11-18,9766.632829106673
2018-11-19,9766.632829106673
2018-11-20,9766.632829106673
2018-11-21,9766.632829106673
2018-11-22,9766.632829106673
2018-11-23,9766.632829106673
2018-11-24,9766.632829106673
2018-11-25,9766.632829106673
2018-11-26,9766.632829106673
2018-11-27,9766.632829106673
2018-11-28,9766.632829106673
2018-11-29,9766.632829106673
2018-11-30,9766.632829106673
2018-12-01,9766.632829106673
2018-12-02,9766.632829106673
2018-12-03,9766.632829106673
2018-12-04,9766.632829106673
2018-12-05,9766.632829106673
2018-12-06,9766.632829106673
2018-12-07,9766.632829106673
2018-12-08,9766.632829106673
2018-12-09,9766.632829106673
2018-12-10,9766.632829106673
2018-12-11,9766.632829106673
2018-12-12,9766.632829106673
2018-12-13,9766.632829106673
2018-12-14,9766.632829106673
2018-12-15,9766.632829106673
2018-12-16,9766.632829106673
2018-12-17,9766.632829106673
2018-12-18,9766.632829106673
2018-12-19,9766.632829106673
2018-12-20,9766.632829106673
2018-12-21,9766.632829106673
2018-12-22,9766.632829106673
2018-12-23,9766.632829106673
2018-12-24,9766.632829106673
2018-12-25,9766.632829106673
2018-12-26,9766.632829106673
2018-12-27,9766.632829106673
2018-12-28,9766.632829106673
2018-12-29,9766.632829106673
2018-12-30,9766.632829106673
2018-12-31,9766.632829106673
2019-01-01,9766.632829106673
2019-01-02,9766.632829106673
2019-01-03,9766.632829106673
2019-01-04,9766.632829106673
2019-01-05,9766.632829106673
2019-01-06,9766.632829106673
2019-01-07,9766.632829106673
2019-01-08,9766.632829106673
2019-01-09,9766.632829106673
2019-01-10,9766.632829106673
2019-01-11,9766.632829106673
2019-01-12,9766.632829106673
2019-01-13,9766.632829106673
2019-01-14,9766.632829106673
2019-01-15,9766.632829106673
2019-01-16,9766.632829106673
2019-01-17,9766.632829106673
2019-01-18,9766.632829106673
2019-01-19,9766.632829106673
2019-01-20,9766.632829106673
2019-01-21,9766.632829106673
2019-01-22,9766.632829106673
2019-01-23,9766.632829106673
2019-01-24,9766.632829106673
2019-01-25,9766.632829106673
2019-01-26,9766.632829106673
2019-01-27,9766.632829106673
2019-01-28,9766.632829106673
2019-01-29,9766.632829106673
2019-01-30,9766.632829106673
2019-01-31,9766.632829106673
2019-02-01,9766.632829106673
2019-02-02,9766.632829106673
2019-02-03,9766.632829106673
2019-02-04,9766.632829106673
2019-02-05,9766.632829106673
2019-02-06,9766.632829106673
2019-02-07,9766.632829106673
2019-02-08,9766.632829106673
2019-02-09,9766.632829106673
2019-02-10,9766.632829106673
2019-02-11,9766.632829106673
2019-02-12,9766.632829106673
2019-02-13,9766.632829106673
2019-02-14,9766.632829106673
2019-02-15,9766.632829106673
2019-02-16,9766.632829106673
2019-02-17,9766.632829106673
2019-02-18,9766.632829106673
2019-02-19,9766.632829106673
2019-02-20,9766.632829106673
2019-02-21,9766.632829106673
2019-02-22,9766.632829106673
2019-02-23,9766.632829106673
2019-02-24,9766.632829106673
2019-02-25,9766.632829106673
2019-02-26,9766.632829106673
2019-02-27,9766.632829106673
2019-02-28,9766.632829106673
2019-03-01,9766.632829106673
2019-03-02,9766.632829106673
2019-03-03,9766.632829106673
2019-03-04,9766.632829106673
2019-03-05,9766.632829106673
2019-03-06,9766.632829106673
2019-03-07,9766.632829106673
2019-03-08,9766.632829106673
2019-03-09,9766.632829106673
2019-03-10,9766.632829106673
2019-03-11,9766.632829106673
2019-03-12,9766.632829106673
2019-03-13,9766.632829106673
2019-03-14,9766.632829106673
2019-03-15,9766.632829106673
2019-03-16,9766.632829106673
2019-03-17,9766.632829106673
2019-03-18,9766.632829106673
2019-03-19,9766.632829106673
2019-03-20,9766.632829106673
2019-03-21,9766.632829106673
2019-03-22,9766.632829106673
2019-03-23,9766.632829106673
2019-03-24,9766.632829106673
2019-03-25,9766.632829106673
2019-03-26,9766.632829106673
2019-03-27,9766.632829106673
2019-03-28,9766.632829106673
2019-03-29,9766.632829106673
2019-03-30,9766.632829106673
2019-03-31,9766.632829106673
2019-04-01,9766.632829106673
2019-04-02,9766.632829106673
2019-04-03,9766.632829106673
2019-04-04,9766.632829106673
2019-04-05,9766.632829106673
2019-04-06,9766.632829106673
2019-04-07,9766.632829106673
2019-04-08,9766.632829106673
2019-04-09,9766.632829106673
2019-04-10,9766.632829106673
2019-04-11,9766.632829106673
2019-04-12,9766.632829106673
2019-04-13,9766.632829106673
2019-04-14,9766.632829106673
2019-04-15,9766.632829106673
2019-04-16,9766.632829106673
2019-04-17,9766.632829106673
2019-04-18,9766.632829106673
2019-04-19,9766.632829106673
2019-04-20,9766.632829106673
2019-04-21,9766.632829106673
2019-04-22,9766.632829106673
2019-04-23,9766.632829106673
2019-04-24,9766.632829106673
2019-04-25,9766.632829106673
2019-04-26,9766.632829106673
2019-04-27,9766.632829106673
2019-04-28,9766.632829106673
2019-04-29,9766.632829106673
2019-04-30,9766.632829106673
2019-05-01,9766.632829106673
2019-05-02,9766.632829106673
2019-05-03,9766.632829106673
2019-05-04,9766.632829106673
2019-05-05,9766.632829106673
2019-05-06,9766.632829106673
2019-05-07,9766.632829106673
2019-05-08,9766.632829106673
2019-05-09,9766.632829106673
2019-05-10,9766.632829106673
2019-05-11,9766.632829106673
2019-05-12,9766.632829106673
2019-05-13,9766.632829106673
2019-05-14,9766.632829106673
2019-05-15,9766.632829106673
2019-05-16,9766.632829106673
2019-05-17,9766.632829106673
2019-05-18,9766.632829106673
2019-05-19,9766.632829106673
2019-05-20,9766.632829106673
2019-05-21,9766.632829106673
2019-05-22,9766.632829106673
2019-05-23,9766.632829106673
2019-05-24,9766.632829106673
2019-05-25,9766.632829106673
2019-05-26,9766.632829106673
2019-05-27,9766.632829106673
2019-05-28,9766.632829106673
2019-05-29,9766.632829106673
2019-05-30,9766.632829106673
2019-05-31,9766.632829106673
2019-06-01,9766.632829106673
2019-06-02,9766.632829106673
2019-06-03,9766.632829106673
2019-06-04,9761.74951269212
2019-06-05,9903.260456206335
2019-06-06,9898.308825978233
2019-06-07,10170.285935231743
2019-06-08,10165.200792264128
2019-06-09,9819.377369674381
2019-06-10,10210.306745826227
2019-06-11,10117.209444412443
2019-06-12,10391.838461175808
2019-06-13,10499.79670880019
2019-06-14,11069.050169216136
2019-06-15,11069.050169216136
2019-06-16,11069.050169216136
2019-06-17,11069.050169216136
2019-06-18,11069.050169216136
2019-06-19,11069.050169216136
2019-06-20,11069.050169216136
2019-06-21,11069.050169216136
2019-06-22,11069.050169216136
2019-06-23,11069.050169216136
2019-06-24,11069.050169216136
2019-06-25,11069.050169216136
2019-06-26,11069.050169216136
2019-06-27,11069.050169216136
2019-06-28,11069.050169216136
2019-06-29,11069.050169216136
2019-06-30,11069.050169216136
2019-07-01,11069.050169216136
2019-07-02,11069.050169216136
2019-07-03,11069.050169216136
2019-07-04,11069.050169216136
2019-07-05,11069.050169216136
2019-07-06,11069.050169216136
2019-07-07,11069.050169216136
2019-07-08,11069.050169216136
2019-07-09,11069.050169216136
2019-07-10,11063.515644131528
2019-07-11,10306.943585830415
2019-07-12,10301.7901140375
2019-07-13,9925.68439401379
2019-07-14,8882.73316507917
2019-07-15,9415.196181358324
2019-07-16,9410.488583267645
2019-07-17,9622.707135480967
2019-07-18,10542.826091066625
2019-07-19,10407.788708212547
2019-07-20,10638.851935092389
2019-07-21,10471.510635257588
2019-07-22,10215.488965428554
2019-07-23,9768.990714971143
2019-07-24,9680.935719226682
2019-07-25,9779.019292255996
2019-07-26,9737.951720432013
2019-07-27,9342.675575828787
2019-07-28,9416.494871158553
2019-07-29,9383.20251729722
2019-07-30,9465.127519864207
2019-07-31,9465.127519864207
2019-08-01,9460.394956104275
2019-08-02,9567.588053270083
2019-08-03,9835.013022298206
2019-08-04,9835.013022298206
2019-08-05,9835.013022298206
2019-08-06,9835.013022298206
2019-08-07,9835.013022298206
2019-08-08,9835.013022298206
2019-08-09,9835.013022298206
2019-08-10,9835.013022298206
2019-08-11,9835.013022298206
2019-08-12,9835.013022298206
2019-08-13,9835.013022298206
2019-08-14,9830.095515787058
2019-08-15,10080.97966538841
2019-08-16,10142.18242201156
2019-08-17,10001.81175434828
2019-08-18,10112.697855805698
2019-08-19,10655.273053818142
2019-08-20,10505.048592946468
2019-08-21,9876.423671238214
2019-08-22,9869.60767248811
2019-08-23,10135.7499230744
2019-08-24,9891.308414092387
2019-08-25,9870.410004415979
2019-08-26,10094.017544462498
2019-08-27,9912.012483445133
2019-08-28,9483.37412163601
2019-08-29,9242.914819851454
2019-08-30,9328.02290269067
2019-08-31,9359.54534211266
2019-09-01,9482.457492825244
2019-09-02,10038.025573329218
2019-09-03,10303.017386017917
2019-09-04,10269.65679288978
2019-09-05,10269.65679288978
2019-09-06,10264.521964493337
2019-09-07,10420.662351689629
2019-09-08,10420.662351689629
2019-09-09,10415.452020513785
2019-09-10,10192.375733758605
2019-09-11,10249.954181010573
2019-09-12,10249.954181010573
2019-09-13,10249.954181010573
2019-09-14,10249.954181010573
2019-09-15,10249.954181010573
2019-09-16,10244.829203920068
2019-09-17,10209.356864874713
2019-09-18,10166.37618480887
2019-09-19,10234.104038048188
2019-09-20,10149.246570673122
2019-09-21,9986.539693889757
2019-09-22,10036.920382700648
2019-09-23,9691.095776981161
2019-09-24,8518.534731062131
2019-09-25,8385.509161761964
2019-09-26,8013.764858162421
2019-09-27,8143.859293675829
2019-09-28,8138.004135939172
2019-09-29,7996.913372844338
2019-09-30,8181.928392923575
2019-10-01,8230.525141923365
2019-10-02,8279.47239856189
2019-10-03,8147.171508109841
2019-10-04,8093.681855788964
2019-10-05,8039.808720340627
2019-10-06,7877.066072297771
2019-10-07,8126.947127555795
2019-10-08,8110.3326814409065
2019-10-09,8460.1200092376
2019-10-10,8460.1200092376
2019-10-11,8460.1200092376
2019-10-12,8460.1200092376
2019-10-13,8460.1200092376
2019-10-14,8460.1200092376
2019-10-15,8455.889949232982
2019-10-16,8291.64365658582
2019-10-17,8349.535744599663
2019-10-18,8213.772793722128
2019-10-19,8229.573839904864
2019-10-20,8462.572856453
2019-10-21,8458.341570024773
2019-10-22,8286.786768072729
2019-10-23,7683.408398822785
2019-10-24,7683.408398822785
2019-10-25,7683.408398822785
2019-10-26,7683.408398822785
2019-10-27,7683.408398822785
2019-10-28,7683.408398822785
2019-10-29,7683.408398822785
2019-10-30,7683.408398822785
2019-10-31,7683.408398822785
2019-11-01,7683.408398822785
2019-11-02,7683.408398822785
2019-11-03,7683.408398822785
2019-11-04,7683.408398822785
2019-11-05,7683.408398822785
2019-11-06,7683.408398822785
2019-11-07,7683.408398822785
2019-11-08,7683.408398822785
2019-11-09,7679.566694623374
2019-11-10,7887.539154933669
2019-11-11,7623.844143305828
2019-11-12,7674.058998652582
2019-11-13,7667.615082891834
2019-11-14,7579.919018939005
2019-11-15,7389.4402204104
2019-11-16,7440.40246163569
2019-11-17,7464.045719018022
2019-11-18,7226.508141287371
2019-11-19,7136.246345828814
2019-11-20,6978.970101936594
2019-11-21,6632.905529735768
2019-11-22,6632.905529735768
2019-11-23,6632.905529735768
2019-11-24,6632.905529735768
2019-11-25,6632.905529735768
2019-11-26,6632.905529735768
2019-11-27,6632.905529735768
2019-11-28,6632.905529735768
2019-11-29,6632.905529735768
2019-11-30,6632.905529735768
2019-12-01,6632.905529735768
2019-12-02,6632.905529735768
2019-12-03,6632.905529735768
2019-12-04,6632.905529735768
2019-12-05,6632.905529735768
2019-12-06,6632.905529735768
2019-12-07,6632.905529735768
2019-12-08,6632.905529735768
2019-12-09,6632.905529735768
2019-12-10,6632.905529735768
2019-12-11,6632.905529735768
2019-12-12,6632.905529735768
2019-12-13,6632.905529735768
2019-12-14,6632.905529735768
2019-12-15,6632.905529735768
2019-12-16,6632.905529735768
2019-12-17,6632.905529735768
2019-12-18,6632.905529735768
2019-12-19,6632.905529735768
2019-12-20,6632.905529735768
2019-12-21,6632.905529735768
2019-12-22,6632.905529735768
2019-12-23,6632.905529735768
2019-12-24,6632.905529735768
2019-12-25,6632.905529735768
2019-12-26,6632.905529735768
2019-12-27,6632.905529735768
2019-12-28,6632.905529735768
2019-12-29,6632.905529735768
2019-12-30,6632.905529735768
2019-12-31,6632.905529735768
2020-01-01,6632.905529735768
2020-01-02,6632.905529735768
2020-01-03,6632.905529735768
2020-01-04,6632.905529735768
2020-01-05,6632.905529735768
2020-01-06,6632.905529735768
2020-01-07,6632.905529735768
2020-01-08,6632.905529735768
2020-01-09,6632.905529735768
2020-01-10,6632.905529735768
2020-01-11,6632.905529735768
2020-01-12,6632.905529735768
2020-01-13,6632.905529735768
2020-01-14,6632.905529735768
2020-01-15,6632.905529735768
2020-01-16,6632.905529735768
2020-01-17,6632.905529735768
2020-01-18,6632.905529735768
2020-01-19,6632.905529735768
2020-01-20,6632.905529735768
2020-01-21,6632.905529735768
2020-01-22,6632.905529735768
2020-01-23,6632.905529735768
2020-01-24,6632.905529735768
2020-01-25,6632.905529735768
2020-01-26,6632.905529735768
2020-01-27,6632.905529735768
2020-01-28,6632.905529735768
2020-01-29,6632.905529735768
2020-01-30,6632.905529735768
2020-01-31,6632.905529735768
2020-02-01,6632.905529735768
2020-02-02,6632.905529735768
2020-02-03,6632.905529735768
2020-02-04,6632.905529735768
2020-02-05,6632.905529735768
2020-02-06,6632.905529735768
2020-02-07,6632.905529735768
2020-02-08,6632.905529735768
2020-02-09,6632.905529735768
2020-02-10,6632.905529735768
2020-02-11,6632.905529735768
2020-02-12,6632.905529735768
2020-02-13,6632.905529735768
2020-02-14,6632.905529735768
2020-02-15,6632.905529735768
2020-02-16,6632.905529735768
2020-02-17,6632.905529735768
2020-02-18,6632.905529735768
2020-02-19,6632.905529735768
2020-02-20,6629.5890769709
2020-02-21,6683.166313307676
2020-02-22,6667.098924648159
2020-02-23,6845.010895985971
2020-02-24,6653.131603984196
2020-02-25,6436.9897371909765
2020-02-26,6067.457039178752
2020-02-27,6042.623141454033
2020-02-28,5965.058714918336
2020-02-29,5914.672842436771
2020-03-01,5889.13186023003
2020-03-02,6096.728113847064
2020-03-03,6040.182394469916
2020-03-04,6017.774866063989
2020-03-05,6236.128876339422
2020-03-06,6266.130919603368
2020-03-07,6118.376614438139
2020-03-08,5541.3921093575045
2020-03-09,5413.860886107639
2020-03-10,5404.345023601931
2020-03-11,5405.506895568954
2020-03-12,2890.7019747430577
2020-03-13,2890.7019747430577
2020-03-14,2890.7019747430577
2020-03-15,2890.7019747430577
2020-03-16,2890.7019747430577
2020-03-17,2890.7019747430577
2020-03-18,2890.7019747430577
2020-03-19,2890.7019747430577
2020-03-20,2890.7019747430577
2020-03-21,2890.7019747430577
2020-03-22,2890.7019747430577
2020-03-23,2890.7019747430577
2020-03-24,2890.7019747430577
2020-03-25,2890.7019747430577
2020-03-26,2890.7019747430577
2020-03-27,2890.7019747430577
2020-03-28,2890.7019747430577
2020-03-29,2890.7019747430577
2020-03-30,2890.7019747430577
2020-03-31,2890.7019747430577
2020-04-01,2890.7019747430577
2020-04-02,2890.7019747430577
2020-04-03,2890.7019747430577
2020-04-04,2890.7019747430577
2020-04-05,2890.7019747430577
2020-04-06,2890.7019747430577
2020-04-07,2890.7019747430577
2020-04-08,2890.7019747430577
2020-04-09,2890.7019747430577
2020-04-10,2890.7019747430577
2020-04-11,2890.7019747430577
2020-04-12,2890.7019747430577
2020-04-13,2890.7019747430577
2020-04-14,2890.7019747430577
2020-04-15,2890.7019747430577
2020-04-16,2890.7019747430577
2020-04-17,2890.7019747430577
2020-04-18,2890.7019747430577
2020-04-19,2890.7019747430577
2020-04-20,2889.256623755686
2020-04-21,2888.570012582882
2020-04-22,2986.3475657913987
2020-04-23,3113.1877427422387
2020-04-24,3113.1877427422387
2020-04-25,3113.1877427422387
2020-04-26,3113.1877427422387
2020-04-27,3113.1877427422387
2020-04-28,3113.1877427422387
2020-04-29,3113.1877427422387
2020-04-30,3113.1877427422387
2020-05-01,3113.1877427422387
2020-05-02,3113.1877427422387
2020-05-03,3113.1877427422387
2020-05-04,3113.1877427422387
2020-05-05,3113.1877427422387
2020-05-06,3113.1877427422387
2020-05-07,3113.1877427422387
2020-05-08,3113.1877427422387
2020-05-09,3113.1877427422387
2020-05-10,3113.1877427422387
2020-05-11,3113.1877427422387
2020-05-12,3113.1877427422387
2020-05-13,3113.1877427422387
2020-05-14,3113.1877427422387
2020-05-15,3113.1877427422387
2020-05-16,3113.1877427422387
2020-05-17,3113.1877427422387
2020-05-18,3113.1877427422387
2020-05-19,3113.1877427422387
2020-05-20,3113.1877427422387
2020-05-21,3111.631148870868
2020-05-22,3145.982637813247
2020-05-23,3155.120279464269
2020-05-24,3006.653419003149
2020-05-25,3006.653419003149
2020-05-26,3006.653419003149
2020-05-27,3005.1500922936475
2020-05-28,3115.922072803844
2020-05-29,3085.898359936684
2020-05-30,3085.898359936684
2020-05-31,3084.3554107567156
2020-06-01,3304.853870613565
2020-06-02,3303.2014436782583
2020-06-03,3345.25019054977
2020-06-04,3345.25019054977
2020-06-05,3345.25019054977
2020-06-06,3345.25019054977
2020-06-07,3345.25019054977
2020-06-08,3345.25019054977
2020-06-09,3345.25019054977
2020-06-10,3345.25019054977
2020-06-11,3343.5775654544955
2020-06-12,3398.477717449321
2020-06-13,3396.7784785905965
2020-06-14,3364.907036639701
2020-06-15,3387.7408325694496
2020-06-16,3417.2051642812276
2020-06-17,3415.496561699087
2020-06-18,3390.759336104823
2020-06-19,3345.8544380446283
2020-06-20,3361.782823338998
2020-06-21,3351.4243596527463
2020-06-22,3473.4845731074333
2020-06-23,3466.6164484167803
2020-06-24,3350.932256897041
2020-06-25,3333.3295366662596
2020-06-26,3296.466098697426
2020-06-27,3253.9107693254573
2020-06-28,3289.042954535388
2020-06-29,3306.0035520352
2020-06-30,3286.9341346487486
2020-07-01,3319.26699802833
2020-07-02,3281.3147483900416
2020-07-03,3268.3029831590256
2020-07-04,3284.5136148457013
2020-07-05,3263.3897090264372
2020-07-06,3370.071106666314
2020-07-07,3325.4935752586343
2020-07-08,3386.515002466441
2020-07-09,3386.515002466441
2020-07-10,3386.515002466441
2020-07-11,3386.515002466441
2020-07-12,3386.515002466441
2020-07-13,3386.515002466441
2020-07-14,3386.515002466441
2020-07-15,3384.821744965208
2020-07-16,3360.7389431558045
2020-07-17,3360.7389431558045
2020-07-18,3360.7389431558045
2020-07-19,3360.7389431558045
2020-07-20,3359.0585736842268
2020-07-21,3433.7189323319135
2020-07-22,3433.7189323319135
2020-07-23,3433.7189323319135
2020-07-24,3433.7189323319135
2020-07-25,3433.7189323319135
2020-07-26,3433.7189323319135
2020-07-27,3433.7189323319135
2020-07-28,3433.7189323319135
2020-07-29,3433.7189323319135
2020-07-30,3433.7189323319135
2020-07-31,3433.7189323319135
2020-08-01,3433.7189323319135
2020-08-02,3433.7189323319135
2020-08-03,3433.7189323319135
2020-08-04,3433.7189323319135
2020-08-05,3433.7189323319135
2020-08-06,3433.7189323319135
2020-08-07,3433.7189323319135
2020-08-08,3433.7189323319135
2020-08-09,3433.7189323319135
2020-08-10,3433.7189323319135
2020-08-11,3433.7189323319135
2020-08-12,3433.7189323319135
2020-08-13,3433.7189323319135
2020-08-14,3433.7189323319135
2020-08-15,3433.7189323319135
2020-08-16,3433.7189323319135
2020-08-17,3433.7189323319135
2020-08-18,3433.7189323319135
2020-08-19,3433.7189323319135
2020-08-20,3433.7189323319135
2020-08-21,3432.002072865748
2020-08-22,3458.348939413078
2020-08-23,3453.319163655864
2020-08-24,3485.6576281181833
2020-08-25,3362.5929845332084
2020-08-26,3398.5604047707375
2020-08-27,3349.4054022327255
2020-08-28,3413.595814229109
2020-08-29,3403.040835169376
2020-08-30,3463.029404912051
2020-08-31,3453.9439457486096
2020-09-01,3538.549296900358
2020-09-02,3370.1149577145425
2020-09-03,3006.0586000319963
2020-09-04,3083.2570674071667
2020-09-05,2981.2011131493846
2020-09-06,3013.501793814011
2020-09-07,3039.5398608112964
2020-09-08,2968.949874046434
2020-09-09,3001.251560906567
2020-09-10,3036.439119316311
2020-09-11,3047.487613725541
2020-09-12,3059.5517471277544
2020-09-13,3024.657964548818
2020-09-14,3127.5073781512165
2020-09-15,3161.323585275739
2020-09-16,3213.0034250958806
2020-09-17,3203.8010882344315
2020-09-18,3203.8010882344315
2020-09-19,3203.8010882344315
2020-09-20,3203.8010882344315
2020-09-21,3203.8010882344315
2020-09-22,3203.8010882344315
2020-09-23,3203.8010882344315
2020-09-24,3203.8010882344315
2020-09-25,3203.8010882344315
2020-09-26,3203.8010882344315
2020-09-27,3203.8010882344315
2020-09-28,3203.8010882344315
2020-09-29,3203.8010882344315
2020-09-30,3202.1991876903144
2020-10-01,3152.8159112476988
2020-10-02,3139.881340902458
2020-10-03,3131.9606238031
2020-10-04,3167.460514618421
2020-10-05,3202.4048228155166
2020-10-06,3202.4048228155166
2020-10-07,3202.4048228155166
2020-10-08,3202.4048228155166
2020-10-09,3202.4048228155166
2020-10-10,3202.4048228155166
2020-10-11,3202.4048228155166
2020-10-12,3202.4048228155166
2020-10-13,3202.4048228155166
2020-10-14,3202.4048228155166
2020-10-15,3202.4048228155166
2020-10-16,3202.4048228155166
2020-10-17,3202.4048228155166
2020-10-18,3202.4048228155166
2020-10-19,3202.4048228155166
2020-10-20,3202.4048228155166
2020-10-21,3202.4048228155166
2020-10-22,3202.4048228155166
2020-10-23,3202.4048228155166
2020-10-24,3202.4048228155166
2020-10-25,3202.4048228155166
2020-10-26,3202.4048228155166
2020-10-27,3202.4048228155166
2020-10-28,3202.4048228155166
2020-10-29,3202.4048228155166
2020-10-30,3202.4048228155166
2020-10-31,3202.4048228155166
2020-11-01,3202.4048228155166
2020-11-02,3202.4048228155166
2020-11-03,3202.4048228155166
2020-11-04,3202.4048228155166
2020-11-05,3202.4048228155166
2020-11-06,3202.4048228155166
2020-11-07,3202.4048228155166
2020-11-08,3202.4048228155166
2020-11-09,3202.4048228155166
2020-11-10,3202.4048228155166
2020-11-11,3202.4048228155166
2020-11-12,3202.4048228155166
2020-11-13,3202.4048228155166
2020-11-14,3202.4048228155166
2020-11-15,3202.4048228155166
2020-11-16,3202.4048228155166
2020-11-17,3202.4048228155166
2020-11-18,3202.4048228155166
2020-11-19,3202.4048228155166
2020-11-20,3202.4048228155166
2020-11-21,3202.4048228155166
2020-11-22,3202.4048228155166
2020-11-23,3202.4048228155166
2020-11-24,3202.4048228155166
2020-11-25,3202.4048228155166
2020-11-26,3202.4048228155166
2020-11-27,3202.4048228155166
2020-11-28,3202.4048228155166
2020-11-29,3202.4048228155166
2020-11-30,3202.4048228155166
2020-12-01,3202.4048228155166
2020-12-02,3202.4048228155166
2020-12-03,3202.4048228155166
2020-12-04,3202.4048228155166
2020-12-05,3202.4048228155166
2020-12-06,3202.4048228155166
2020-12-07,3202.4048228155166
2020-12-08,3200.803620404109
2020-12-09,3241.2138974393342
2020-12-10,3188.723604491629
2020-12-11,3188.723604491629
2020-12-12,3188.723604491629
2020-12-13,3188.723604491629
2020-12-14,3187.1292426893833
2020-12-15,3213.633914558918
2020-12-16,3213.633914558918
2020-12-17,3213.633914558918
2020-12-18,3213.633914558918
2020-12-19,3213.633914558918
2020-12-20,3213.633914558918
2020-12-21,3213.633914558918
2020-12-22,3213.633914558918
2020-12-23,3213.633914558918
2020-12-24,3213.633914558918
2020-12-25,3213.633914558918
2020-12-26,3213.633914558918
2020-12-27,3213.633914558918
2020-12-28,3213.633914558918
2020-12-29,3213.633914558918
2020-12-30,3213.633914558918
2020-12-31,3213.633914558918
2021-01-01,3213.633914558918
2021-01-02,3213.633914558918
2021-01-03,3213.633914558918
2021-01-04,3213.633914558918
2021-01-05,3213.633914558918
2021-01-06,3213.633914558918
2021-01-07,3213.633914558918
2021-01-08,3213.633914558918
2021-01-09,3213.633914558918
2021-01-10,3213.633914558918
2021-01-11,3213.633914558918
2021-01-12,3213.633914558918
2021-01-13,3213.633914558918
2021-01-14,3213.633914558918
2021-01-15,3213.633914558918
2021-01-16,3213.633914558918
2021-01-17,3213.633914558918
2021-01-18,3213.633914558918
2021-01-19,3213.633914558918
2021-01-20,3212.027097601639
2021-01-21,2754.222879242556
2021-01-22,2942.4283245445286
2021-01-23,2857.5844589779463
2021-01-24,2877.2756372794765
2021-01-25,2884.130080789568
2021-01-26,2902.203145826289
2021-01-27,2705.2180075951096
2021-01-28,2962.2685248084745
2021-01-29,3036.59205196618
2021-01-30,3032.4423748912673
2021-01-31,2928.4616743941406
2021-02-01,2965.6166550825315
2021-02-02,3135.154846760081
2021-02-03,3302.1767656583766
2021-02-04,3302.1767656583766
2021-02-05,3302.1767656583766
2021-02-06,3302.1767656583766
2021-02-07,3302.1767656583766
2021-02-08,3302.1767656583766
2021-02-09,3302.1767656583766
2021-02-10,3302.1767656583766
2021-02-11,3302.1767656583766
2021-02-12,3302.1767656583766
2021-02-13,3302.1767656583766
2021-02-14,3302.1767656583766
2021-02-15,3302.1767656583766
2021-02-16,3302.1767656583766
2021-02-17,3302.1767656583766
2021-02-18,3302.1767656583766
2021-02-19,3302.1767656583766
2021-02-20,3302.1767656583766
2021-02-21,3302.1767656583766
2021-02-22,3302.1767656583766
2021-02-23,3302.1767656583766
2021-02-24,3302.1767656583766
2021-02-25,3300.5256772755474
2021-02-26,3247.2483427455713
2021-02-27,3236.628079097548
2021-02-28,3162.1517245281525
2021-03-01,3460.6625164540733
2021-03-02,3458.9321851958466
2021-03-03,3609.965517174095
2021-03-04,3465.905792111108
2021-03-05,3491.939666807944
2021-03-06,3490.8745307889913
2021-03-07,3650.894904479756
2021-03-08,3724.289343148263
2021-03-09,3901.7772054315064
2021-03-10,3901.7772054315064
2021-03-11,3901.7772054315064
2021-03-12,3901.7772054315064
2021-03-13,3901.7772054315064
2021-03-14,3901.7772054315064
2021-03-15,3901.7772054315064
2021-03-16,3901.7772054315064
2021-03-17,3901.7772054315064
2021-03-18,3901.7772054315064
2021-03-19,3901.7772054315064
2021-03-20,3901.7772054315064
2021-03-21,3901.7772054315064
2021-03-22,3901.7772054315064
2021-03-23,3899.826316828791
2021-03-24,3757.28080992113
2021-03-25,3680.3112859445837
2021-03-26,3916.912681123126
2021-03-27,3975.8696942617216
2021-03-28,3974.252294039005
2021-03-29,4098.070241076248
2021-03-30,4098.070241076248
2021-03-31,4098.070241076248
2021-04-01,4098.070241076248
2021-04-02,4098.070241076248
2021-04-03,4096.02120595571
2021-04-04,4175.265466489989
2021-04-05,4175.265466489989
2021-04-06,4175.265466489989
2021-04-07,4175.265466489989
2021-04-08,4175.265466489989
2021-04-09,4175.265466489989
2021-04-10,4175.265466489989
2021-04-11,4175.265466489989
2021-04-12,4175.265466489989
2021-04-13,4175.265466489989
2021-04-14,4175.265466489989
2021-04-15,4175.265466489989
2021-04-16,4175.265466489989
2021-04-17,4175.265466489989
2021-04-18,4173.177833756745
2021-04-19,4136.499860921005
2021-04-20,4191.711795126811
2021-04-21,3996.714429032836
2021-04-22,3834.520228704639
2021-04-23,3784.6664705587114
2021-04-24,3706.624993354884
2021-04-25,3628.293913071415
2021-04-26,3981.978939908933
2021-04-27,4055.837956129582
2021-04-28,4040.449071169533
2021-04-29,3945.7826673249688
2021-04-30,4243.354607887399
2021-05-01,4249.072835271992
2021-05-02,4158.074489217477
2021-05-03,4158.074489217477
2021-05-04,4155.995451972869
2021-05-05,4461.033409548854
2021-05-06,4461.033409548854
2021-05-07,4461.033409548854
2021-05-08,4461.033409548854
2021-05-09,4461.033409548854
2021-05-10,4461.033409548854
2021-05-11,4461.033409548854
2021-05-12,4458.80289284408
2021-05-13,4509.824653803968
2021-05-14,4524.70791741532
2021-05-15,4232.417653612856
2021-05-16,4204.800040309788
2021-05-17,3931.9758597256377
2021-05-18,3874.8366457097554
2021-05-19,3299.0085004496773
2021-05-20,3297.3589961994526
2021-05-21,3001.7843397349857
2021-05-22,3001.7843397349857
2021-05-23,3001.7843397349857
2021-05-24,3000.2834475651184
2021-05-25,2976.644866600307
2021-05-26,3044.9932936059895
2021-05-27,2977.8293251673126
2021-05-28,2756.171289486894
2021-05-29,2756.171289486894
2021-05-30,2756.171289486894
2021-05-31,2756.171289486894
2021-06-01,2756.171289486894
2021-06-02,2756.171289486894
2021-06-03,2754.7932038421504
2021-06-04,2585.813121877627
2021-06-05,2585.813121877627
2021-06-06,2585.813121877627
2021-06-07,2585.813121877627
2021-06-08,2585.813121877627
2021-06-09,2585.813121877627
2021-06-10,2585.813121877627
2021-06-11,2585.813121877627
2021-06-12,2585.813121877627
2021-06-13,2585.813121877627
2021-06-14,2585.813121877627
2021-06-15,2585.813121877627
2021-06-16,2585.813121877627
2021-06-17,2585.813121877627
2021-06-18,2585.813121877627
2021-06-19,2585.813121877627
2021-06-20,2585.813121877627
2021-06-21,2585.813121877627
2021-06-22,2585.813121877627
2021-06-23,2585.813121877627
2021-06-24,2585.813121877627
2021-06-25,2585.813121877627
2021-06-26,2585.813121877627
2021-06-27,2585.813121877627
2021-06-28,2585.813121877627
2021-06-29,2585.813121877627
2021-06-30,2585.813121877627
2021-07-01,2585.813121877627
2021-07-02,2585.813121877627
2021-07-03,2585.813121877627
2021-07-04,2585.813121877627
2021-07-05,2585.813121877627
2021-07-06,2585.813121877627
2021-07-07,2585.813121877627
2021-07-08,2585.813121877627
2021-07-09,2585.813121877627
2021-07-10,2585.813121877627
2021-07-11,2585.813121877627
2021-07-12,2585.813121877627
2021-07-13,2585.813121877627
2021-07-14,2585.813121877627
2021-07-15,2585.813121877627
2021-07-16,2585.813121877627
2021-07-17,2585.813121877627
2021-07-18,2585.813121877627
2021-07-19,2585.813121877627
2021-07-20,2585.813121877627
2021-07-21,2585.813121877627
2021-07-22,2585.813121877627
2021-07-23,2585.813121877627
2021-07-24,2585.813121877627
2021-07-25,2585.813121877627
2021-07-26,2585.813121877627
2021-07-27,2585.813121877627
2021-07-28,2585.813121877627
2021-07-29,2585.813121877627
2021-07-30,2585.813121877627
2021-07-31,2585.813121877627
2021-08-01,2585.813121877627
2021-08-02,2585.813121877627
2021-08-03,2585.813121877627
2021-08-04,2585.813121877627
2021-08-05,2585.813121877627
2021-08-06,2585.813121877627
2021-08-07,2585.813121877627
2021-08-08,2585.813121877627
2021-08-09,2585.813121877627
2021-08-10,2585.813121877627
2021-08-11,2585.813121877627
2021-08-12,2585.813121877627
2021-08-13,2585.813121877627
2021-08-14,2585.813121877627
2021-08-15,2585.813121877627
2021-08-16,2585.813121877627
2021-08-17,2585.813121877627
2021-08-18,2585.813121877627
2021-08-19,2585.813121877627
2021-08-20,2585.813121877627
2021-08-21,2585.813121877627
2021-08-22,2585.813121877627
2021-08-23,2585.813121877627
2021-08-24,2585.813121877627
2021-08-25,2585.813121877627
2021-08-26,2585.813121877627
2021-08-27,2585.813121877627
2021-08-28,2585.813121877627
2021-08-29,2585.813121877627
2021-08-30,2585.813121877627
2021-08-31,2585.813121877627
2021-09-01,2585.813121877627
2021-09-02,2585.813121877627
2021-09-03,2585.813121877627
2021-09-04,2585.813121877627
2021-09-05,2585.813121877627
2021-09-06,2585.813121877627
2021-09-07,2584.5202153166883
2021-09-08,2544.473608095134
2021-09-09,2560.983146567792
2021-09-10,2476.380590327594
2021-09-11,2493.8389234463843
2021-09-12,2540.938948258699
2021-09-13,2479.513537873135
2021-09-14,2594.2456051035188
2021-09-15,2653.276629559566
2021-09-16,2631.5443320353784
2021-09-17,2602.981340096967
2021-09-18,2658.060753629989
2021-09-19,2601.405265971575
2021-09-20,2346.186758462356
2021-09-21,2225.385666185256
2021-09-22,2377.601160041673
2021-09-23,2448.587555009855
2021-09-24,2333.841366822625
2021-09-25,2327.1223478285974
2021-09-26,2353.7694859122284
2021-09-27,2300.170429102064
2021-09-28,2233.805146045061
2021-09-29,2262.462464314078
2021-09-30,2380.52400036573
2021-10-01,2603.5991406679677
2021-10-02,2602.2973410976338
2021-10-03,2627.5027642306104
2021-10-04,2627.5027642306104
2021-10-05,2627.5027642306104
2021-10-06,2627.5027642306104
2021-10-07,2627.5027642306104
2021-10-08,2627.5027642306104
2021-10-09,2627.5027642306104
2021-10-10,2627.5027642306104
2021-10-11,2627.5027642306104
2021-10-12,2627.5027642306104
2021-10-13,2627.5027642306104
2021-10-14,2627.5027642306104
2021-10-15,2627.5027642306104
2021-10-16,2627.5027642306104
2021-10-17,2627.5027642306104
2021-10-18,2627.5027642306104
2021-10-19,2627.5027642306104
2021-10-20,2627.5027642306104
2021-10-21,2627.5027642306104
2021-10-22,2627.5027642306104
2021-10-23,2627.5027642306104
2021-10-24,2627.5027642306104
2021-10-25,2627.5027642306104
2021-10-26,2627.5027642306104
2021-10-27,2627.5027642306104
2021-10-28,2627.5027642306104
2021-10-29,2627.5027642306104
2021-10-30,2627.5027642306104
2021-10-31,2626.189012848495
2021-11-01,2612.682653894113
2021-11-02,2706.1536680703125
2021-11-03,2695.159091746805
2021-11-04,2629.399812745654
2021-11-05,2614.0753309501533
2021-11-06,2614.0753309501533
2021-11-07,2614.0753309501533
2021-11-08,2614.0753309501533
2021-11-09,2614.0753309501533
2021-11-10,2614.0753309501533
2021-11-11,2614.0753309501533
2021-11-12,2614.0753309501533
2021-11-13,2614.0753309501533
2021-11-14,2614.0753309501533
2021-11-15,2614.0753309501533
2021-11-16,2612.7682932846783
2021-11-17,2621.732609648862
2021-11-18,2468.561158038521
2021-11-19,2519.0851327232526
2021-11-20,2586.5524285648194
2021-11-21,2544.3237123927706
2021-11-22,2436.305684509676
2021-11-23,2491.076877058406
2021-11-24,2434.682085228294
2021-11-25,2477.317843877763
2021-11-26,2311.65018331981
2021-11-27,2364.7729901005837
2021-11-28,2467.4878183851188
2021-11-29,2491.426606011405
2021-11-30,2456.656449580107
2021-12-01,2466.3081141113453
2021-12-02,2433.68551159275
2021-12-03,2306.326889760333
2021-12-04,2108.8858636888795
2021-12-05,2116.0807421508216
2021-12-06,2167.4772260763434
2021-12-07,2172.504619572621
2021-12-08,2164.120302428405
2021-12-09,2039.2039116155267
2021-12-10,2020.7780333063172
2021-12-11,2109.450259842869
2021-12-12,2140.6629680918777
2021-12-13,1992.012398219612
2021-12-14,1986.6841084366224
2021-12-15,2081.724648654881
2021-12-16,2028.6322095720725
2021-12-17,1965.3792680954095
2021-12-18,1992.6954763918857
2021-12-19,1986.6565526028887
2021-12-20,1994.012506840007
2021-12-21,2079.6130567611604
2021-12-22,2066.4785650650842
2021-12-23,2155.0931735180957
2021-12-24,2155.0931735180957
2021-12-25,2155.0931735180957
2021-12-26,2155.0931735180957
2021-12-27,2155.0931735180957
2021-12-28,2155.0931735180957
2021-12-29,2154.0156269313366
2021-12-30,2187.764180958101
2021-12-31,2145.8703067056526
2022-01-01,2145.8703067056526
2022-01-02,2145.8703067056526
2022-01-03,2144.7973715523
2022-01-04,2118.761816391806
2022-01-05,2008.4457524925074
2022-01-06,1989.545680843421
2022-01-07,1914.2453784954564
2022-01-08,1922.3369862308068
2022-01-09,1930.5029491926296
2022-01-10,1926.3372872141756
2022-01-11,1968.010532774691
2022-01-12,2023.102837099971
2022-01-13,1959.6263105537778
2022-01-14,1982.8668215260577
2022-01-15,1986.438273249742
2022-01-16,1983.5138142627434
2022-01-17,1943.39214636869
2022-01-18,1949.1370258817974
2022-01-19,1919.8806536824284
2022-01-20,1870.3155880720892
2022-01-21,1664.3850832956073
2022-01-22,1664.3850832956073
2022-01-23,1664.3850832956073
2022-01-24,1664.3850832956073
2022-01-25,1664.3850832956073
2022-01-26,1664.3850832956073
2022-01-27,1664.3850832956073
2022-01-28,1664.3850832956073
2022-01-29,1664.3850832956073
2022-01-30,1664.3850832956073
2022-01-31,1664.3850832956073
2022-02-01,1664.3850832956073
2022-02-02,1664.3850832956073
2022-02-03,1664.3850832956073
2022-02-04,1664.3850832956073
2022-02-05,1664.3850832956073
2022-02-06,1664.3850832956073
2022-02-07,1664.3850832956073
2022-02-08,1664.3850832956073
2022-02-09,1664.3850832956073
2022-02-10,1664.3850832956073
2022-02-11,1664.3850832956073
2022-02-12,1664.3850832956073
2022-02-13,1664.3850832956073
2022-02-14,1664.3850832956073
2022-02-15,1664.3850832956073
2022-02-16,1664.3850832956073
2022-02-17,1664.3850832956073
2022-02-18,1664.3850832956073
2022-02-19,1664.3850832956073
2022-02-20,1664.3850832956073
2022-02-21,1664.3850832956073
2022-02-22,1664.3850832956073
2022-02-23,1664.3850832956073
2022-02-24,1664.3850832956073
2022-02-25,1664.3850832956073
2022-02-26,1664.3850832956073
2022-02-27,1664.3850832956073
2022-02-28,1664.3850832956073
2022-03-01,1663.5528907539597
2022-03-02,1647.32706841402
2022-03-03,1590.3386473122287
2022-03-04,1590.3386473122287
2022-03-05,1590.3386473122287
2022-03-06,1590.3386473122287
2022-03-07,1590.3386473122287
2022-03-08,1590.3386473122287
2022-03-09,1590.3386473122287
2022-03-10,1590.3386473122287
2022-03-11,1590.3386473122287
2022-03-12,1590.3386473122287
2022-03-13,1590.3386473122287
2022-03-14,1590.3386473122287
2022-03-15,1590.3386473122287
2022-03-16,1589.5434779885727
2022-03-17,1582.0870616596885
2022-03-18,1613.7897416826704
2022-03-19,1613.7897416826704
2022-03-20,1613.7897416826704
2022-03-21,1613.7897416826704
2022-03-22,1613.7897416826704
2022-03-23,1613.7897416826704
2022-03-24,1613.7897416826704
2022-03-25,1613.7897416826704
2022-03-26,1613.7897416826704
2022-03-27,1613.7897416826704
2022-03-28,1613.7897416826704
2022-03-29,1613.7897416826704
2022-03-30,1613.7897416826704
2022-03-31,1613.7897416826704
2022-04-01,1613.7897416826704
2022-04-02,1613.7897416826704
2022-04-03,1613.7897416826704
2022-04-04,1613.7897416826704
2022-04-05,1613.7897416826704
2022-04-06,1613.7897416826704
2022-04-07,1612.9828468118292
2022-04-08,1567.248375919185
2022-04-09,1585.4680070470101
2022-04-10,1564.0346254000983
2022-04-11,1460.4220320876227
2022-04-12,1460.4220320876227
2022-04-13,1459.691821071579
2022-04-14,1414.639347723456
2022-04-15,1413.9320280495945
2022-04-16,1408.7208785698265
2022-04-17,1408.7208785698265
2022-04-18,1408.0165181305417
2022-04-19,1431.1576840405226
2022-04-20,1426.724146668276
2022-04-21,1396.4997950027785
2022-04-22,1396.4997950027785
2022-04-23,1396.4997950027785
2022-04-24,1396.4997950027785
2022-04-25,1396.4997950027785
2022-04-26,1396.4997950027785
2022-04-27,1396.4997950027785
2022-04-28,1396.4997950027785
2022-04-29,1396.4997950027785
2022-04-30,1396.4997950027785
2022-05-01,1396.4997950027785
2022-05-02,1396.4997950027785
2022-05-03,1396.4997950027785
2022-05-04,1396.4997950027785
2022-05-05,1396.4997950027785
2022-05-06,1396.4997950027785
2022-05-07,1396.4997950027785
2022-05-08,1396.4997950027785
2022-05-09,1396.4997950027785
2022-05-10,1396.4997950027785
2022-05-11,1396.4997950027785
2022-05-12,1396.4997950027785
2022-05-13,1396.4997950027785
2022-05-14,1396.4997950027785
2022-05-15,1396.4997950027785
2022-05-16,1396.4997950027785
2022-05-17,1396.4997950027785
2022-05-18,1396.4997950027785
2022-05-19,1396.4997950027785
2022-05-20,1396.4997950027785
2022-05-21,1396.4997950027785
2022-05-22,1396.4997950027785
2022-05-23,1396.4997950027785
2022-05-24,1396.4997950027785
2022-05-25,1396.4997950027785
2022-05-26,1396.4997950027785
2022-05-27,1396.4997950027785
2022-05-28,1396.4997950027785
2022-05-29,1396.4997950027785
2022-05-30,1396.4997950027785
2022-05-31,1396.4997950027785
2022-06-01,1396.4997950027785
2022-06-02,1396.4997950027785
2022-06-03,1396.4997950027785
2022-06-04,1396.4997950027785
2022-06-05,1396.4997950027785
2022-06-06,1396.4997950027785
2022-06-07,1396.4997950027785
2022-06-08,1396.4997950027785
2022-06-09,1396.4997950027785
2022-06-10,1396.4997950027785
2022-06-11,1396.4997950027785
2022-06-12,1396.4997950027785
2022-06-13,1396.4997950027785
2022-06-14,1396.4997950027785
2022-06-15,1396.4997950027785
2022-06-16,1396.4997950027785
2022-06-17,1396.4997950027785
2022-06-18,1396.4997950027785
2022-06-19,1396.4997950027785
2022-06-20,1396.4997950027785
2022-06-21,1396.4997950027785
2022-06-22,1396.4997950027785
2022-06-23,1396.4997950027785
2022-06-24,1396.4997950027785
2022-06-25,1396.4997950027785
2022-06-26,1396.4997950027785
2022-06-27,1396.4997950027785
2022-06-28,1396.4997950027785
2022-06-29,1396.4997950027785
2022-06-30,1396.4997950027785
2022-07-01,1396.4997950027785
2022-07-02,1396.4997950027785
2022-07-03,1396.4997950027785
2022-07-04,1396.4997950027785
2022-07-05,1396.4997950027785
2022-07-06,1396.4997950027785
2022-07-07,1396.4997950027785
2022-07-08,1396.4997950027785
2022-07-09,1396.4997950027785
2022-07-10,1396.4997950027785
2022-07-11,1396.4997950027785
2022-07-12,1396.4997950027785
2022-07-13,1396.4997950027785
2022-07-14,1396.4997950027785
2022-07-15,1396.4997950027785
2022-07-16,1396.4997950027785
2022-07-17,1396.4997950027785
2022-07-18,1396.4997950027785
2022-07-19,1396.4997950027785
2022-07-20,1396.4997950027785
2022-07-21,1396.4997950027785
2022-07-22,1396.4997950027785
2022-07-23,1396.4997950027785
2022-07-24,1396.4997950027785
2022-07-25,1396.4997950027785
2022-07-26,1396.4997950027785
2022-07-27,1396.4997950027785
2022-07-28,1396.4997950027785
2022-07-29,1396.4997950027785
2022-07-30,1396.4997950027785
2022-07-31,1396.4997950027785
2022-08-01,1396.4997950027785
2022-08-02,1396.4997950027785
2022-08-03,1396.4997950027785
2022-08-04,1396.4997950027785
2022-08-05,1396.4997950027785
2022-08-06,1396.4997950027785
2022-08-07,1396.4997950027785
2022-08-08,1396.4997950027785
2022-08-09,1396.4997950027785
2022-08-10,1396.4997950027785
2022-08-11,1396.4997950027785
2022-08-12,1396.4997950027785
2022-08-13,1396.4997950027785
2022-08-14,1396.4997950027785
2022-08-15,1396.4997950027785
2022-08-16,1396.4997950027785
2022-08-17,1396.4997950027785
2022-08-18,1396.4997950027785
2022-08-19,1396.4997950027785
2022-08-20,1396.4997950027785
2022-08-21,1396.4997950027785
2022-08-22,1396.4997950027785
2022-08-23,1396.4997950027785
2022-08-24,1396.4997950027785
2022-08-25,1396.4997950027785
2022-08-26,1396.4997950027785
2022-08-27,1396.4997950027785
2022-08-28,1396.4997950027785
2022-08-29,1396.4997950027785
2022-08-30,1396.4997950027785
2022-08-31,1396.4997950027785
2022-09-01,1396.4997950027785
2022-09-02,1396.4997950027785
2022-09-03,1396.4997950027785
2022-09-04,1396.4997950027785
2022-09-05,1396.4997950027785
2022-09-06,1396.4997950027785
2022-09-07,1396.4997950027785
2022-09-08,1396.4997950027785
2022-09-09,1396.4997950027785
2022-09-10,1396.4997950027785
2022-09-11,1396.4997950027785
2022-09-12,1396.4997950027785
2022-09-13,1396.4997950027785
2022-09-14,1396.4997950027785
2022-09-15,1396.4997950027785
2022-09-16,1396.4997950027785
2022-09-17,1396.4997950027785
2022-09-18,1396.4997950027785
2022-09-19,1396.4997950027785
2022-09-20,1396.4997950027785
2022-09-21,1396.4997950027785
2022-09-22,1396.4997950027785
2022-09-23,1396.4997950027785
2022-09-24,1396.4997950027785
2022-09-25,1396.4997950027785
2022-09-26,1396.4997950027785
2022-09-27,1396.4997950027785
2022-09-28,1396.4997950027785
2022-09-29,1396.4997950027785
2022-09-30,1396.4997950027785
2022-10-01,1396.4997950027785
2022-10-02,1396.4997950027785
2022-10-03,1396.4997950027785
2022-10-04,1396.4997950027785
2022-10-05,1396.4997950027785
2022-10-06,1396.4997950027785
2022-10-07,1396.4997950027785
2022-10-08,1396.4997950027785
2022-10-09,1396.4997950027785
2022-10-10,1396.4997950027785
2022-10-11,1396.4997950027785
2022-10-12,1396.4997950027785
2022-10-13,1396.4997950027785
2022-10-14,1396.4997950027785
2022-10-15,1396.4997950027785
2022-10-16,1396.4997950027785
2022-10-17,1396.4997950027785
2022-10-18,1396.4997950027785
2022-10-19,1396.4997950027785
2022-10-20,1396.4997950027785
2022-10-21,1396.4997950027785
2022-10-22,1396.4997950027785
2022-10-23,1396.4997950027785
2022-10-24,1396.4997950027785
2022-10-25,1396.4997950027785
2022-10-26,1396.4997950027785
2022-10-27,1396.4997950027785
2022-10-28,1396.4997950027785
2022-10-29,1396.4997950027785
2022-10-30,1396.4997950027785
2022-10-31,1396.4997950027785
2022-11-01,1396.4997950027785
2022-11-02,1396.4997950027785
2022-11-03,1396.4997950027785
2022-11-04,1396.4997950027785
2022-11-05,1396.4997950027785
2022-11-06,1396.4997950027785
2022-11-07,1396.4997950027785
2022-11-08,1396.4997950027785
2022-11-09,1396.4997950027785
2022-11-10,1396.4997950027785
2022-11-11,1396.4997950027785
2022-11-12,1396.4997950027785
2022-11-13,1396.4997950027785
2022-11-14,1396.4997950027785
2022-11-15,1396.4997950027785
2022-11-16,1396.4997950027785
2022-11-17,1396.4997950027785
2022-11-18,1396.4997950027785
2022-11-19,1396.4997950027785
2022-11-20,1396.4997950027785
2022-11-21,1396.4997950027785
2022-11-22,1396.4997950027785
2022-11-23,1396.4997950027785
2022-11-24,1396.4997950027785
2022-11-25,1396.4997950027785
2022-11-26,1396.4997950027785
2022-11-27,1396.4997950027785
2022-11-28,1396.4997950027785
2022-11-29,1396.4997950027785
2022-11-30,1396.4997950027785
2022-12-01,1396.4997950027785
2022-12-02,1396.4997950027785
2022-12-03,1396.4997950027785
2022-12-04,1396.4997950027785
2022-12-05,1396.4997950027785
2022-12-06,1396.4997950027785
2022-12-07,1396.4997950027785
2022-12-08,1396.4997950027785
2022-12-09,1396.4997950027785
2022-12-10,1396.4997950027785
2022-12-11,1396.4997950027785
2022-12-12,1396.4997950027785
2022-12-13,1396.4997950027785
2022-12-14,1396.4997950027785
2022-12-15,1396.4997950027785
2022-12-16,1396.4997950027785
2022-12-17,1396.4997950027785
2022-12-18,1396.4997950027785
2022-12-19,1396.4997950027785
2022-12-20,1396.4997950027785
2022-12-21,1396.4997950027785
2022-12-22,1396.4997950027785
2022-12-23,1396.4997950027785
2022-12-24,1396.4997950027785
2022-12-25,1396.4997950027785
2022-12-26,1396.4997950027785
2022-12-27,1396.4997950027785
2022-12-28,1396.4997950027785
2022-12-29,1396.4997950027785
2022-12-30,1396.4997950027785
2022-12-31,1396.4997950027785
2023-01-01,1396.4997950027785
2023-01-02,1396.4997950027785
2023-01-03,1396.4997950027785
2023-01-04,1396.4997950027785
2023-01-05,1396.4997950027785
2023-01-06,1396.4997950027785
2023-01-07,1396.4997950027785
2023-01-08,1396.4997950027785
2023-01-09,1396.4997950027785
2023-01-10,1396.4997950027785
2023-01-11,1396.4997950027785
2023-01-12,1396.4997950027785
2023-01-13,1396.4997950027785
2023-01-14,1396.4997950027785
2023-01-15,1396.4997950027785
2023-01-16,1396.4997950027785
2023-01-17,1396.4997950027785
2023-01-18,1396.4997950027785
2023-01-19,1396.4997950027785
2023-01-20,1396.4997950027785
2023-01-21,1396.4997950027785
2023-01-22,1396.4997950027785
2023-01-23,1396.4997950027785
2023-01-24,1396.4997950027785
2023-01-25,1396.4997950027785
2023-01-26,1396.4997950027785
2023-01-27,1396.4997950027785
2023-01-28,1396.4997950027785
2023-01-29,1396.4997950027785
2023-01-30,1396.4997950027785
2023-01-31,1396.4997950027785
2023-02-01,1396.4997950027785
2023-02-02,1396.4997950027785
2023-02-03,1396.4997950027785
2023-02-04,1396.4997950027785
2023-02-05,1396.4997950027785
2023-02-06,1395.8015451052772
2023-02-07,1425.685929365187
2023-02-08,1424.9730864005044
2023-02-09,1353.6204832561784
2023-02-10,1343.1667189952936
2023-02-11,1356.7269549388047
2023-02-12,1351.58881184903
2023-02-13,1352.8226094178215
2023-02-14,1378.1846053597387
2023-02-15,1501.2151559171386
2023-02-16,1501.2151559171386
2023-02-17,1501.2151559171386
2023-02-18,1501.2151559171386
2023-02-19,1501.2151559171386
2023-02-20,1501.2151559171386
2023-02-21,1501.2151559171386
2023-02-22,1501.2151559171386
2023-02-23,1501.2151559171386
2023-02-24,1501.2151559171386
2023-02-25,1501.2151559171386
2023-02-26,1501.2151559171386
2023-02-27,1501.2151559171386
2023-02-28,1501.2151559171386
2023-03-01,1500.46454833918
2023-03-02,1489.5691497767775
2023-03-03,1417.2320585713842
2023-03-04,1416.6406426416816
2023-03-05,1421.8382329507547
2023-03-06,1421.4734117562318
2023-03-07,1408.1028353087195
2023-03-08,1375.945547220301
2023-03-09,1287.3009249740708
2023-03-10,1276.1404676492307
2023-03-11,1303.9759258681586
2023-03-12,1397.3457031124547
2023-03-13,1519.3111145492962
2023-03-14,1519.3111145492962
2023-03-15,1519.3111145492962
2023-03-16,1519.3111145492962
2023-03-17,1519.3111145492962
2023-03-18,1519.3111145492962
2023-03-19,1519.3111145492962
2023-03-20,1519.3111145492962
2023-03-21,1519.3111145492962
2023-03-22,1519.3111145492962
2023-03-23,1519.3111145492962
2023-03-24,1519.3111145492962
2023-03-25,1519.3111145492962
2023-03-26,1519.3111145492962
2023-03-27,1519.3111145492962
2023-03-28,1519.3111145492962
2023-03-29,1519.3111145492962
2023-03-30,1519.3111145492962
2023-03-31,1519.3111145492962
2023-04-01,1519.3111145492962
2023-04-02,1519.3111145492962
2023-04-03,1519.3111145492962
2023-04-04,1518.5514589920217
2023-04-05,1518.3255071978128
2023-04-06,1517.566344444214
2023-04-07,1510.3934140003762
2023-04-08,1510.3934140003762
2023-04-09,1510.3934140003762
2023-04-10,1510.3934140003762
2023-04-11,1510.3934140003762
2023-04-12,1510.3934140003762
2023-04-13,1510.3934140003762
2023-04-14,1510.3934140003762
2023-04-15,1510.3934140003762
2023-04-16,1510.3934140003762
2023-04-17,1510.3934140003762
2023-04-18,1510.3934140003762
2023-04-19,1510.3934140003762
2023-04-20,1510.3934140003762
2023-04-21,1509.638217293376
2023-04-22,1539.2644997959933
2023-04-23,1526.7014212681684
2023-04-24,1523.0426071761326
2023-04-25,1565.7231466056135
2023-04-26,1572.07673506526
2023-04-27,1629.163766415407
2023-04-28,1621.7663807097422
2023-04-29,1616.6857057573807
2023-04-30,1617.8083961527566
2023-05-01,1551.392740688525
2023-05-02,1583.5830079927534
2023-05-03,1600.6771544373332
2023-05-04,1600.6771544373332
2023-05-05,1600.6771544373332
2023-05-06,1600.6771544373332
2023-05-07,1600.6771544373332
2023-05-08,1600.6771544373332
2023-05-09,1599.8768158601147
2023-05-10,1597.734047066287
2023-05-11,1561.4053648643849
2023-05-12,1550.0414298315484
2023-05-13,1548.83168170365
2023-05-14,1557.2836738256203
2023-05-15,1572.363923330323
2023-05-16,1563.3150580940683
2023-05-17,1584.1164488382717
2023-05-18,1551.0142399511697
2023-05-19,1554.358646093548
2023-05-20,1568.1389685500224
2023-05-21,1546.2675591394857
2023-05-22,1551.889626509562
2023-05-23,1573.3816879738135
2023-05-24,1521.0346495666176
2023-05-25,1529.1790694566444
2023-05-26,1543.1547456722642
2023-05-27,1550.968247922824
2023-05-28,1550.968247922824
2023-05-29,1550.968247922824
2023-05-30,1550.968247922824
2023-05-31,1550.1927637988626
2023-06-01,1527.2614102382215
2023-06-02,1550.768423860408
2023-06-03,1549.9930396484779
2023-06-04,1551.7313320042697
2023-06-05,1550.9554663382676
2023-06-06,1636.7467518436722
2023-06-07,1636.7467518436722
2023-06-08,1636.7467518436722
2023-06-09,1635.9283784677505
2023-06-10,1596.591965817687
2023-06-11,1602.0747843274798
2023-06-12,1599.746705318619
2023-06-13,1600.7486698028908
2023-06-14,1550.9408082247282
2023-06-15,1578.577604725354
2023-06-16,1624.266018420714
2023-06-17,1635.5301421202382
2023-06-18,1624.7313851804095
2023-06-19,1655.3725960099555
2023-06-20,1655.3725960099555
2023-06-21,1655.3725960099555
2023-06-22,1655.3725960099555
2023-06-23,1655.3725960099555
2023-06-24,1655.3725960099555
2023-06-25,1655.3725960099555
2023-06-26,1655.3725960099555
2023-06-27,1655.3725960099555
2023-06-28,1655.3725960099555
2023-06-29,1655.3725960099555
2023-06-30,1655.3725960099555
2023-07-01,1655.3725960099555
2023-07-02,1655.3725960099555
2023-07-03,1655.3725960099555
2023-07-04,1655.3725960099555
2023-07-05,1655.3725960099555
2023-07-06,1654.5449097119506
2023-07-07,1678.3222256677814
2023-07-08,1675.5695514066363
2023-07-09,1668.8462535373155
2023-07-10,1681.4118961631805
2023-07-11,1680.571190215099
2023-07-12,1667.0986063464347
2023-07-13,1667.0986063464347
2023-07-14,1666.2650570432615
2023-07-15,1664.1619956914476
2023-07-16,1661.5962048244612
2023-07-17,1655.9152650673357
2023-07-18,1639.945806205837
2023-07-19,1643.0934967854405
2023-07-20,1636.383716956045
2023-07-21,1642.7827271673643
2023-07-22,1635.2437422410844
2023-07-23,1652.3314813751804
2023-07-24,1601.7147218794762
2023-07-25,1604.4832144682907
2023-07-26,1611.4717871298774
2023-07-27,1603.5316811628306
2023-07-28,1609.479892464306
2023-07-29,1611.5465624528301
2023-07-30,1607.060381375036
2023-07-31,1604.5773721263545
2023-08-01,1628.8550029586766
2023-08-02,1599.8491552495345
2023-08-03,1601.3149062951536
2023-08-04,1595.564851011445
2023-08-05,1593.8096787928955
2023-08-06,1593.794779868735
2023-08-07,1600.5927509896758
2023-08-08,1600.5927509896758
2023-08-09,1600.5927509896758
2023-08-10,1600.5927509896758
2023-08-11,1600.5927509896758
2023-08-12,1600.5927509896758
2023-08-13,1600.5927509896758
2023-08-14,1600.5927509896758
2023-08-15,1599.792454614181
2023-08-16,1573.8860797760683
2023-08-17,1458.010102021115
2023-08-18,1423.9885317607857
2023-08-19,1426.5362693162415
2023-08-20,1431.631670593287
2023-08-21,1428.049787044194
2023-08-22,1422.9852520024672
2023-08-23,1444.683579364738
2023-08-24,1429.8906468498155
2023-08-25,1423.6077181619073
2023-08-26,1421.4633919724297
2023-08-27,1425.8960337210085
2023-08-28,1426.795186399761
2023-08-29,1512.7594431009538
2023-08-30,1489.1085242183121
2023-08-31,1412.673856188487
2023-09-01,1405.5330521780381
2023-09-02,1409.2366133277933
2023-09-03,1414.7153948731723
2023-09-04,1406.128479151261
2023-09-05,1404.3605518114932
2023-09-06,1402.9028061762997
2023-09-07,1428.4806781474886
2023-09-08,1427.7664378084148
2023-09-09,1427.2164827891224
2023-09-10,1423.7151383986125
2023-09-11,1386.3257007600168
2023-09-12,1422.7931757029269
2023-09-13,1444.3824301416646
2023-09-14,1460.7051578507676
2023-09-15,1460.7051578507676
2023-09-16,1460.7051578507676
2023-09-17,1460.7051578507676
2023-09-18,1460.7051578507676
2023-09-19,1460.7051578507676
2023-09-20,1460.7051578507676
2023-09-21,1460.7051578507676
2023-09-22,1460.7051578507676
2023-09-23,1460.7051578507676
2023-09-24,1460.7051578507676
2023-09-25,1460.7051578507676
2023-09-26,1460.7051578507676
2023-09-27,1460.7051578507676
2023-09-28,1460.7051578507676
2023-09-29,1460.7051578507676
2023-09-30,1460.7051578507676
2023-10-01,1460.7051578507676
2023-10-02,1460.7051578507676
2023-10-03,1460.7051578507676
2023-10-04,1460.7051578507676
2023-10-05,1460.7051578507676
2023-10-06,1460.7051578507676
2023-10-07,1460.7051578507676
2023-10-08,1460.7051578507676
2023-10-09,1460.7051578507676
2023-10-10,1460.7051578507676
2023-10-11,1460.7051578507676
2023-10-12,1459.9748052718423
2023-10-13,1465.7241944983734
2023-10-14,1465.687746859956
2023-10-15,1481.8553970934765
2023-10-16,1553.509621712746
2023-10-17,1553.509621712746
2023-10-18,1553.509621712746
2023-10-19,1553.509621712746
2023-10-20,1553.509621712746
2023-10-21,1553.509621712746
2023-10-22,1553.509621712746
2023-10-23,1553.509621712746
2023-10-24,1553.509621712746
2023-10-25,1553.509621712746
2023-10-26,1553.509621712746
2023-10-27,1553.509621712746
2023-10-28,1553.509621712746
2023-10-29,1553.509621712746
2023-10-30,1553.509621712746
2023-10-31,1553.509621712746
2023-11-01,1553.509621712746
2023-11-02,1553.509621712746
2023-11-03,1553.509621712746
2023-11-04,1553.509621712746
2023-11-05,1553.509621712746
2023-11-06,1553.509621712746
2023-11-07,1553.509621712746
2023-11-08,1553.509621712746
2023-11-09,1553.509621712746
2023-11-10,1553.509621712746
2023-11-11,1553.509621712746
2023-11-12,1553.509621712746
2023-11-13,1553.509621712746
2023-11-14,1553.509621712746
2023-11-15,1553.509621712746
2023-11-16,1553.509621712746
2023-11-17,1553.509621712746
2023-11-18,1553.509621712746
2023-11-19,1553.509621712746
2023-11-20,1553.509621712746
2023-11-21,1553.509621712746
2023-11-22,1553.509621712746
2023-11-23,1553.509621712746
2023-11-24,1553.509621712746
2023-11-25,1553.509621712746
2023-11-26,1553.509621712746
2023-11-27,1553.509621712746
2023-11-28,1553.509621712746
2023-11-29,1552.7328669018896
2023-11-30,1545.967316336658
2023-12-01,1545.967316336658
2023-12-02,1545.967316336658
2023-12-03,1545.967316336658
2023-12-04,1545.967316336658
2023-12-05,1545.967316336658
2023-12-06,1545.967316336658
2023-12-07,1545.967316336658
2023-12-08,1545.967316336658
2023-12-09,1545.967316336658
2023-12-10,1545.967316336658
2023-12-11,1545.967316336658
2023-12-12,1545.967316336658
2023-12-13,1545.967316336658
2023-12-14,1545.967316336658
2023-12-15,1545.967316336658
2023-12-16,1545.967316336658
2023-12-17,1545.967316336658
2023-12-18,1545.967316336658
2023-12-19,1545.19433267849
2023-12-20,1594.895102381171
2023-12-21,1602.0028570939246
2023-12-22,1601.2018556653777
2023-12-23,1590.9711486995602
2023-12-24,1590.1756631252106
2023-12-25,1611.298970888147
2023-12-26,1611.298970888147
2023-12-27,1611.298970888147
2023-12-28,1610.493321402703
2023-12-29,1589.5981701069475
2023-12-30,1588.803371021894
2023-12-31,1592.0847726231884
2024-01-01,1592.0847726231884
2024-01-02,1592.0847726231884
2024-01-03,1591.288730236877
2024-01-04,1639.1982292711957
2024-01-05,1639.1982292711957
2024-01-06,1639.1982292711957
2024-01-07,1639.1982292711957
2024-01-08,1639.1982292711957
2024-01-09,1639.1982292711957
2024-01-10,1639.1982292711957
2024-01-11,1639.1982292711957
2024-01-12,1639.1982292711957
2024-01-13,1639.1982292711957
2024-01-14,1638.3786301565601
2024-01-15,1666.1959466609587
2024-01-16,1691.2078213543834
2024-01-17,1674.9727119405304
2024-01-18,1615.9233813938768
2024-01-19,1629.8189129654231
2024-01-20,1631.6654708260899
2024-01-21,1626.9671962842
2024-01-22,1545.1162495757937
2024-01-23,1558.2861781173376
2024-01-24,1567.3144296733371
2024-01-25,1561.701630178585
2024-01-26,1633.6594916801855
2024-01-27,1645.4612322153735
2024-01-28,1641.335639639655
2024-01-29,1641.335639639655
2024-01-30,1640.5149718198352
2024-01-31,1626.3219699071037
2024-02-01,1644.2357279887424
2024-02-02,1644.2357279887424
2024-02-03,1644.2357279887424
2024-02-04,1644.2357279887424
2024-02-05,1644.2357279887424
2024-02-06,1644.2357279887424
2024-02-07,1644.2357279887424
2024-02-08,1644.2357279887424
2024-02-09,1644.2357279887424
2024-02-10,1644.2357279887424
2024-02-11,1644.2357279887424
2024-02-12,1644.2357279887424
2024-02-13,1644.2357279887424
2024-02-14,1644.2357279887424
2024-02-15,1644.2357279887424
2024-02-16,1644.2357279887424
2024-02-17,1644.2357279887424
2024-02-18,1644.2357279887424
2024-02-19,1644.2357279887424
2024-02-20,1644.2357279887424
2024-02-21,1644.2357279887424
2024-02-22,1644.2357279887424
2024-02-23,1644.2357279887424
2024-02-24,1644.2357279887424
2024-02-25,1644.2357279887424
2024-02-26,1644.2357279887424
2024-02-27,1644.2357279887424
2024-02-28,1644.2357279887424
2024-02-29,1644.2357279887424
2024-03-01,1644.2357279887424
2024-03-02,1644.2357279887424
2024-03-03,1644.2357279887424
2024-03-04,1644.2357279887424
2024-03-05,1644.2357279887424
2024-03-06,1644.2357279887424
2024-03-07,1644.2357279887424
2024-03-08,1644.2357279887424
2024-03-09,1644.2357279887424
2024-03-10,1644.2357279887424
2024-03-11,1644.2357279887424
2024-03-12,1644.2357279887424
2024-03-13,1644.2357279887424
2024-03-14,1644.2357279887424
2024-03-15,1644.2357279887424
2024-03-16,1644.2357279887424
2024-03-17,1644.2357279887424
2024-03-18,1643.4136101247482
2024-03-19,1500.238213666912
2024-03-20,1638.2764113627545
2024-03-21,1637.4572731570731
2024-03-22,1594.0671989591303
2024-03-23,1601.1357530713608
2024-03-24,1678.513989756924
2024-03-25,1745.1930380565402
2024-03-26,1745.9169067930507
2024-03-27,1732.582563240817
2024-03-28,1764.4572137987268
2024-03-29,1742.1930138692405
2024-03-30,1742.1930138692405
2024-03-31,1742.1930138692405
2024-04-01,1742.1930138692405
2024-04-02,1742.1930138692405
2024-04-03,1741.321917362306
2024-04-04,1805.9229801116855
2024-04-05,1805.9229801116855
2024-04-06,1805.9229801116855
2024-04-07,1805.9229801116855
2024-04-08,1805.9229801116855
2024-04-09,1805.0200186216298
2024-04-10,1841.5523625273183
2024-04-11,1840.6315863460547
2024-04-12,1763.7871131326865
2024-04-13,1672.9131858027745
2024-04-14,1722.428909233694
2024-04-15,1660.7470084323543
2024-04-16,1670.814324232043
2024-04-17,1603.0802043309277
2024-04-18,1660.5365258946554
2024-04-19,1669.1632503990095
2024-04-20,1698.984307188299
2024-04-21,1697.2111410186112
2024-04-22,1746.4453722731685
2024-04-23,1735.1626392274165
2024-04-24,1678.58540338003
2024-04-25,1683.9254582004196
2024-04-26,1664.8483757708152
2024-04-27,1656.0464589983414
2024-04-28,1648.0389836988236
2024-04-29,1666.1131785025198
2024-04-30,1665.2801219132687
2024-05-01,1598.5191692519063
2024-05-02,1622.2002597234207
2024-05-03,1722.3828161446718
2024-05-04,1749.5987801923511
2024-05-05,1753.4190484741532
2024-05-06,1729.454430754995
2024-05-07,1706.6568835181217
2024-05-08,1674.9642886432264
2024-05-09,1725.1752100248636
2024-05-10,1662.2814382423223
2024-05-11,1662.3069656768826
2024-05-12,1680.112540919973
2024-05-13,1719.3792814890678
2024-05-14,1681.2536997730695
2024-05-15,1681.2536997730695
2024-05-16,1681.2536997730695
2024-05-17,1681.2536997730695
2024-05-18,1681.2536997730695
2024-05-19,1681.2536997730695
2024-05-20,1681.2536997730695
2024-05-21,1681.2536997730695
2024-05-22,1681.2536997730695
2024-05-23,1681.2536997730695
2024-05-24,1681.2536997730695
2024-05-25,1681.2536997730695
2024-05-26,1681.2536997730695
2024-05-27,1681.2536997730695
2024-05-28,1681.2536997730695
2024-05-29,1681.2536997730695
2024-05-30,1681.2536997730695
2024-05-31,1681.2536997730695
2024-06-01,1681.2536997730695
2024-06-02,1681.2536997730695
2024-06-03,1680.413072923183
2024-06-04,1722.0876956429167
2024-06-05,1722.0876956429167
2024-06-06,1722.0876956429167
2024-06-07,1722.0876956429167
2024-06-08,1722.0876956429167
2024-06-09,1722.0876956429167
2024-06-10,1722.0876956429167
2024-06-11,1721.2266517950954
2024-06-12,1743.451533390122
2024-06-13,1742.579807623427
2024-06-14,1723.0152813951627
2024-06-15,1727.7047897157427
2024-06-16,1739.3602198835863
2024-06-17,1735.473324131094
2024-06-18,1699.8861040371662
2024-06-19,1695.1706412070898
2024-06-20,1691.73192945483
2024-06-21,1672.509347833807
2024-06-22,1676.584888206519
2024-06-23,1648.3823138211378
2024-06-24,1570.8375734361412
2024-06-25,1610.1414667292304
2024-06-26,1584.0520253106317
2024-06-27,1604.5885436109786
2024-06-28,1570.7737462917487
2024-06-29,1585.476062996757
2024-06-30,1631.4378609965916
2024-07-01,1635.9524778543002
2024-07-02,1614.3903361764558
2024-07-03,1565.3722754744053
2024-07-04,1479.9357454195076
2024-07-05,1471.7226824029183
2024-07-06,1513.7438759640743
2024-07-07,1448.6389368337339
2024-07-08,1470.6735083329006
2024-07-09,1504.1136297860621
2024-07-10,1497.1816613552435
2024-07-11,1486.837264982787
2024-07-12,1501.1465638613952
2024-07-13,1535.3021564965243
2024-07-14,1575.1092409186358
2024-07-15,1676.7016139292723
2024-07-16,1676.7016139292723
2024-07-17,1676.7016139292723
2024-07-18,1676.7016139292723
2024-07-19,1676.7016139292723
2024-07-20,1676.7016139292723
2024-07-21,1676.7016139292723
2024-07-22,1676.7016139292723
2024-07-23,1676.7016139292723
2024-07-24,1676.7016139292723
2024-07-25,1676.7016139292723
2024-07-26,1676.7016139292723
2024-07-27,1676.7016139292723
2024-07-28,1676.7016139292723
2024-07-29,1676.7016139292723
2024-07-30,1676.7016139292723
2024-07-31,1676.7016139292723
2024-08-01,1676.7016139292723
2024-08-02,1675.8632631223077
2024-08-03,1655.686729500606
2024-08-04,1584.230795800789
2024-08-05,1467.5807363068761
2024-08-06,1522.0844322623452
2024-08-07,1494.486080105349
2024-08-08,1665.7778835982438
2024-08-09,1643.2205299184186
2024-08-10,1644.9928672074345
2024-08-11,1583.7768486128882
2024-08-12,1600.8129020934805
2024-08-13,1634.3091745386478
2024-08-14,1583.027328692812
2024-08-15,1550.9791587274285
2024-08-16,1586.5143093112513
2024-08-17,1602.1919908846012
2024-08-18,1574.3615347990478
2024-08-19,1574.3615347990478
2024-08-20,1574.3615347990478
2024-08-21,1574.3615347990478
2024-08-22,1573.5743540316485
2024-08-23,1666.6775208151287
2024-08-24,1666.6775208151287
2024-08-25,1666.6775208151287
2024-08-26,1666.6775208151287
2024-08-27,1665.8441820547212
2024-08-28,1651.6175154009595
2024-08-29,1651.6175154009595
2024-08-30,1651.6175154009595
2024-08-31,1650.7917066432592
2024-09-01,1604.104393201831
2024-09-02,1653.3451543884435
2024-09-03,1605.6338420983461
2024-09-04,1620.6746957370124
2024-09-05,1569.2365389153888
2024-09-06,1506.1864038596527
2024-09-07,1511.5076367005697
2024-09-08,1530.9772235737912
2024-09-09,1590.6019179559719
2024-09-10,1608.0571120800666
2024-09-11,1599.51171901937
2024-09-12,1621.227805983179
2024-09-13,1687.19673740597
2024-09-14,1687.19673740597
2024-09-15,1687.19673740597
2024-09-16,1686.353139037267
2024-09-17,1745.7415870480052
2024-09-18,1745.7415870480052
2024-09-19,1745.7415870480052
2024-09-20,1745.7415870480052
2024-09-21,1745.7415870480052
2024-09-22,1745.7415870480052
2024-09-23,1745.7415870480052
2024-09-24,1745.7415870480052
2024-09-25,1745.7415870480052
2024-09-26,1745.7415870480052
2024-09-27,1745.7415870480052
2024-09-28,1745.7415870480052
2024-09-29,1745.7415870480052
2024-09-30,1745.7415870480052
2024-10-01,1745.7415870480052
2024-10-02,1744.8687162544813
2024-10-03,1748.5086613626188
2024-10-04,1785.752391655687
2024-10-05,1786.3988386938893
2024-10-06,1807.250939604385
2024-10-07,1790.4207135526349
2024-10-08,1787.4064211510372
2024-10-09,1742.2544696610096
2024-10-10,1733.3857550449413
2024-10-11,1794.7103072034918
2024-10-12,1816.0786635410334
2024-10-13,1806.233530159657
2024-10-14,1894.8844639628205
2024-10-15,1894.8844639628205
2024-10-16,1894.8844639628205
2024-10-17,1894.8844639628205
2024-10-18,1894.8844639628205
2024-10-19,1894.8844639628205
2024-10-20,1894.8844639628205
2024-10-21,1894.8844639628205
2024-10-22,1894.8844639628205
2024-10-23,1894.8844639628205
2024-10-24,1894.8844639628205
2024-10-25,1894.8844639628205
2024-10-26,1894.8844639628205
2024-10-27,1894.8844639628205
2024-10-28,1894.8844639628205
2024-10-29,1894.8844639628205
2024-10-30,1894.8844639628205
2024-10-31,1894.8844639628205
2024-11-01,1894.8844639628205
2024-11-02,1894.8844639628205
2024-11-03,1893.9370217308392
2024-11-04,1867.2029427874797
2024-11-05,1867.2029427874797
2024-11-06,1867.2029427874797
2024-11-07,1867.2029427874797
2024-11-08,1867.2029427874797
2024-11-09,1867.2029427874797
2024-11-10,1867.2029427874797
2024-11-11,1867.2029427874797
2024-11-12,1867.2029427874797
2024-11-13,1867.2029427874797
2024-11-14,1867.2029427874797
2024-11-15,1867.2029427874797
2024-11-16,1867.2029427874797
2024-11-17,1867.2029427874797
2024-11-18,1867.2029427874797
2024-11-19,1867.2029427874797
2024-11-20,1867.2029427874797
2024-11-21,1867.2029427874797
2024-11-22,1867.2029427874797
2024-11-23,1867.2029427874797
2024-11-24,1867.2029427874797
2024-11-25,1867.2029427874797
2024-11-26,1867.2029427874797
2024-11-27,1867.2029427874797
2024-11-28,1867.2029427874797
2024-11-29,1867.2029427874797
2024-11-30,1867.2029427874797
2024-12-01,1867.2029427874797
2024-12-02,1867.2029427874797
2024-12-03,1867.2029427874797
2024-12-04,1867.2029427874797
2024-12-05,1866.2693413160862
2024-12-06,1928.5370479344372
2024-12-07,1928.5370479344372
2024-12-08,1928.5370479344372
2024-12-09,1928.5370479344372
2024-12-10,1928.5370479344372
2024-12-11,1928.5370479344372
2024-12-12,1928.5370479344372
2024-12-13,1928.5370479344372
2024-12-14,1928.5370479344372
2024-12-15,1928.5370479344372
2024-12-16,1928.5370479344372
2024-12-17,1928.5370479344372
2024-12-18,1928.5370479344372
2024-12-19,1928.5370479344372
2024-12-20,1927.57277941047
2024-12-21,1917.0698378664001
2024-12-22,1874.8096045555521
2024-12-23,1866.537615646556
2024-12-24,1942.6438093151492
2024-12-25,1941.6724874104916
2024-12-26,1871.9245180021387
2024-12-27,1839.785811230634
2024-12-28,1859.202746770164
2024-12-29,1827.0082019545164
2024-12-30,1809.5986605448916
2024-12-31,1824.886674908464
