Date,Equity
2000-10-16,10000.0
2000-10-17,9743.095781311486
2000-10-18,9738.22423342083
2000-10-19,9738.22423342083
2000-10-20,9774.770793590966
2000-10-23,9818.344642473794
2000-10-24,9752.622914654072
2000-10-25,9747.746603196745
2000-10-26,9747.746603196745
2000-10-27,9926.110784074453
2000-10-30,10014.799064781302
2000-10-31,10185.918472856802
2000-11-01,10151.350511580531
2000-11-02,10146.274836324741
2000-11-03,10146.755162485888
2000-11-06,10217.57449988739
2000-11-07,10215.349340035129
2000-11-08,10210.241665365113
2000-11-09,10210.241665365113
2000-11-10,10210.241665365113
2000-11-13,10210.241665365113
2000-11-14,10210.241665365113
2000-11-15,10237.19108139946
2000-11-16,10075.464263476857
2000-11-17,10070.42653134512
2000-11-20,10070.42653134512
2000-11-21,10070.42653134512
2000-11-22,9821.871811306424
2000-11-24,9816.960875400771
2000-11-27,9898.130273345216
2000-11-28,9726.10260420797
2000-11-29,9721.239552905867
2000-11-30,9721.239552905867
2000-12-01,9721.239552905867
2000-12-04,9721.239552905867
2000-12-05,10030.219638530076
2000-12-06,9868.462044089338
2000-12-07,9863.527813067294
2000-12-08,9863.527813067294
2000-12-11,10195.594563796896
2000-12-12,10151.833025250076
2000-12-13,10146.757108737453
2000-12-14,10146.757108737453
2000-12-15,10146.757108737453
2000-12-18,10146.757108737453
2000-12-19,9932.88441643287
2000-12-20,9927.917974224654
2000-12-21,9927.917974224654
2000-12-22,10216.32059203698
2000-12-26,10325.4540897983
2000-12-27,10400.75837807809
2000-12-28,10432.410506711316
2000-12-29,10233.034981082666
2001-01-02,10227.918463592126
2001-01-03,10227.918463592126
2001-01-04,10112.112940450099
2001-01-05,10107.056883979874
2001-01-08,10107.056883979874
2001-01-09,10075.282894294909
2001-01-10,10070.245252847762
2001-01-11,10074.732534809602
2001-01-12,10055.667486206446
2001-01-16,10050.639652463344
2001-01-17,10091.61724296994
2001-01-18,10191.550850890988
2001-01-19,10133.490347436706
2001-01-22,10128.423602262988
2001-01-23,10202.815243117328
2001-01-24,10233.25214960824
2001-01-25,10207.428882131248
2001-01-26,10202.325167690182
2001-01-29,10202.325167690182
2001-01-30,10286.458635094574
2001-01-31,10228.069193198173
2001-02-01,10222.955158601575
2001-02-02,9983.186859697871
2001-02-05,9978.195266268023
2001-02-06,9943.767146430273
2001-02-07,9938.795262857058
2001-02-08,9938.795262857058
2001-02-09,9938.795262857058
2001-02-12,9938.795262857058
2001-02-13,9852.247992794775
2001-02-14,9847.321868798379
2001-02-15,9847.321868798379
2001-02-16,9622.84135299394
2001-02-20,9618.029932317444
2001-02-21,9618.029932317444
2001-02-22,9618.029932317444
2001-02-23,9548.026344297907
2001-02-26,9543.25233112576
2001-02-27,9449.831729802729
2001-02-28,9445.106813937828
2001-03-01,9445.106813937828
2001-03-02,9365.035244863619
2001-03-05,9360.352727241187
2001-03-06,9455.688824872794
2001-03-07,9522.94838179645
2001-03-08,9533.43970400706
2001-03-09,9247.202073018409
2001-03-12,9242.5784719819
2001-03-13,9242.5784719819
2001-03-14,9053.62671971952
2001-03-15,9049.099906359661
2001-03-16,8861.226718879438
2001-03-19,8856.796105519998
2001-03-20,8611.376350578981
2001-03-21,8607.070662403692
2001-03-22,8607.070662403692
2001-03-23,8607.070662403692
2001-03-26,8711.841395976406
2001-03-27,8888.13184924697
2001-03-28,8639.009557257114
2001-03-29,8634.690052478485
2001-03-30,8720.37501422934
2001-04-02,8532.279080243623
2001-04-03,8528.012940703502
2001-04-04,8528.012940703502
2001-04-05,8840.896320386853
2001-04-06,8705.385881061675
2001-04-09,8701.033188121144
2001-04-10,8853.989990251936
2001-04-11,8860.059517875077
2001-04-12,9019.529606110065
2001-04-16,8924.16175889205
2001-04-17,8919.699678012605
2001-04-18,9262.88935178149
2001-04-19,9385.33365235393
2001-04-20,9299.043349824267
2001-04-23,9294.393828149356
2001-04-24,9294.393828149356
2001-04-25,9294.393828149356
2001-04-26,9331.155103575897
2001-04-27,9485.244977748669
2001-04-30,9551.37602542531
2001-05-01,9580.74679237438
2001-05-02,9563.378674906244
2001-05-03,9558.59698556879
2001-05-04,9558.59698556879
2001-05-07,9470.886881790873
2001-05-08,9466.151438349978
2001-05-09,9466.151438349978
2001-05-10,9466.151438349978
2001-05-11,9395.843100813096
2001-05-14,9391.14517926269
2001-05-15,9429.786671271178
2001-05-16,9649.51083445964
2001-05-17,9664.465021301687
2001-05-18,9708.519744958625
2001-05-21,9850.404305084216
2001-05-22,9837.675638196986
2001-05-23,9832.756800377889
2001-05-24,9832.756800377889
2001-05-25,9711.092163156858
2001-05-29,9706.23661707528
2001-05-30,9706.23661707528
2001-05-31,9706.23661707528
2001-06-01,9761.303525523981
2001-06-04,9808.174991368336
2001-06-05,9919.992799875452
2001-06-06,9837.235372812542
2001-06-07,9832.316755126136
2001-06-08,9735.699323465169
2001-06-11,9730.831473803437
2001-06-12,9730.831473803437
2001-06-13,9730.831473803437
2001-06-14,9730.831473803437
2001-06-15,9730.831473803437
2001-06-18,9678.732292940207
2001-06-19,9673.892926793738
2001-06-20,9719.754193252962
2001-06-21,9829.4862745893
2001-06-22,9752.177525513902
2001-06-25,9747.301436751146
2001-06-26,9747.301436751146
2001-06-27,9747.301436751146
2001-06-28,9747.301436751146
2001-06-29,9778.272788718265
2001-07-02,9899.547466452392
2001-07-03,9897.151216019853
2001-07-05,9892.202640411842
2001-07-06,9892.202640411842
2001-07-09,9892.202640411842
2001-07-10,9767.532879207796
2001-07-11,9762.649112768193
2001-07-12,9986.80155097625
2001-07-13,10072.953547960107
2001-07-16,9946.084269864585
2001-07-17,9941.111227729652
2001-07-18,9868.18757740943
2001-07-19,9863.253483620725
2001-07-20,9799.162652638059
2001-07-23,9794.26307131174
2001-07-24,9794.26307131174
2001-07-25,9794.26307131174
2001-07-26,9891.625661621396
2001-07-27,9929.36084643446
2001-07-30,9932.648035534696
2001-07-31,9973.654077376654
2001-08-01,10035.92372921976
2001-08-02,10076.94117171896
2001-08-03,10021.71623983855
2001-08-06,10016.705381718632
2001-08-07,10016.705381718632
2001-08-08,9824.170208950254
2001-08-09,9819.258123845779
2001-08-10,9848.1553908018
2001-08-13,9850.632366685415
2001-08-14,9846.504979146925
2001-08-15,9841.581726657352
2001-08-16,9841.581726657352
2001-08-17,9677.784741920705
2001-08-20,9672.945849549746
2001-08-21,9501.677577614471
2001-08-22,9496.926738825665
2001-08-23,9458.029823102961
2001-08-24,9453.30080819141
2001-08-27,9392.013653813006
2001-08-28,9387.317646986101
2001-08-29,9387.317646986101
2001-08-30,9387.317646986101
2001-08-31,9387.317646986101
2001-09-04,9322.398336105229
2001-09-05,9317.737136937176
2001-09-06,9069.808426392872
2001-09-07,9065.273522179676
2001-09-10,9065.273522179676
2001-09-17,8574.262220899016
2001-09-18,8569.975089788568
2001-09-19,8569.975089788568
2001-09-20,8569.975089788568
2001-09-21,8569.975089788568
2001-09-24,8569.975089788568
2001-09-25,8654.588397132662
2001-09-26,8623.91585028347
2001-09-27,8619.60389235833
2001-09-28,8796.27356823362
2001-10-01,8781.947519085505
2001-10-02,8777.556545325962
2001-10-03,8919.094608259005
2001-10-04,8926.57436867772
2001-10-05,8909.107695527133
2001-10-08,8904.65314167937
2001-10-09,8904.65314167937
2001-10-10,8904.65314167937
2001-10-11,9037.245924460725
2001-10-12,8996.075950929127
2001-10-15,8991.577912953664
2001-10-16,8991.577912953664
2001-10-17,8793.733578879219
2001-10-18,8789.33671208978
2001-10-19,8789.33671208978
2001-10-22,8789.33671208978
2001-10-23,8739.861273065882
2001-10-24,8735.49134242935
2001-10-25,8735.49134242935
2001-10-26,8711.344149809001
2001-10-29,8706.988477734098
2001-10-30,8706.988477734098
2001-10-31,8706.988477734098
2001-11-01,8706.988477734098
2001-11-02,8761.813881368427
2001-11-05,8875.755339226665
2001-11-06,9012.627342795531
2001-11-07,9000.592100990682
2001-11-08,8996.091804940186
2001-11-09,9001.174577535694
2001-11-12,8945.905716993631
2001-11-13,8941.432764135136
2001-11-14,8945.545271110635
2001-11-15,8961.914011073875
2001-11-16,8922.036971704616
2001-11-19,8917.575953218764
2001-11-20,8838.080620036519
2001-11-21,8833.6615797265
2001-11-23,8833.6615797265
2001-11-26,8848.321603175224
2001-11-27,8810.07320408191
2001-11-28,8805.66816747987
2001-11-29,8805.66816747987
2001-11-30,8738.183344876099
2001-12-03,8733.814253203662
2001-12-04,8733.814253203662
2001-12-05,8887.84100685197
2001-12-06,8883.301750436143
2001-12-07,8878.860099560925
2001-12-10,8878.860099560925
2001-12-11,8878.860099560925
2001-12-12,8878.860099560925
2001-12-13,8700.245777644257
2001-12-14,8695.895654755435
2001-12-17,8781.013372739446
2001-12-18,8833.103350939122
2001-12-19,8895.111418758246
2001-12-20,8807.102300040044
2001-12-21,8802.698748890025
2001-12-24,8781.434535161765
2001-12-26,8777.043817894184
2001-12-27,8825.756797007673
2001-12-28,8821.193077251814
2001-12-31,8816.782480713187
2002-01-02,8816.782480713187
2002-01-03,8911.783587312166
2002-01-04,8971.082605214326
2002-01-07,8907.55153272105
2002-01-08,8903.09775695469
2002-01-09,8903.09775695469
2002-01-10,8903.09775695469
2002-01-11,8810.778510652197
2002-01-14,8806.373121396871
2002-01-15,8806.373121396871
2002-01-16,8621.947203657339
2002-01-17,8617.63623005551
2002-01-18,8573.810222294169
2002-01-22,8569.523317183022
2002-01-23,8569.523317183022
2002-01-24,8591.676346358618
2002-01-25,8589.413485651696
2002-01-28,8585.11877890887
2002-01-29,8306.552370715532
2002-01-30,8302.399094530174
2002-01-31,8394.898186759177
2002-02-01,8355.495864424465
2002-02-04,8351.318116492253
2002-02-05,8351.318116492253
2002-02-06,8351.318116492253
2002-02-07,8351.318116492253
2002-02-08,8351.318116492253
2002-02-11,8448.933584742088
2002-02-12,8422.356645377124
2002-02-13,8418.145467054435
2002-02-14,8398.173883228961
2002-02-15,8393.974796287348
2002-02-19,8393.974796287348
2002-02-20,8393.974796287348
2002-02-21,8214.13324399756
2002-02-22,8210.026177375561
2002-02-25,8340.350045330702
2002-02-26,8323.126534435265
2002-02-27,8318.964971168049
2002-02-28,8277.468355466568
2002-03-01,8273.329621288834
2002-03-04,8414.121434195167
2002-03-05,8387.181823198618
2002-03-06,8382.98823228702
2002-03-07,8360.820987699355
2002-03-08,8356.640577205506
2002-03-11,8370.299799597498
2002-03-12,8365.298741727951
2002-03-13,8361.116092357088
2002-03-14,8361.116092357088
2002-03-15,8361.116092357088
2002-03-18,8358.363967354904
2002-03-19,8414.062685844296
2002-03-20,8254.231724994952
2002-03-21,8250.104609132455
2002-03-22,8228.067604155875
2002-03-25,8223.953570353797
2002-03-26,8223.953570353797
2002-03-27,8241.401056186249
2002-03-28,8237.804261277026
2002-04-01,8233.685359146388
2002-04-02,8184.16900266587
2002-04-03,8180.076918164537
2002-04-04,8180.076918164537
2002-04-05,8180.076918164537
2002-04-08,8193.385560245339
2002-04-09,8135.870406832918
2002-04-10,8131.802471629502
2002-04-11,7922.978036703051
2002-04-12,7919.0165476847
2002-04-15,7854.418080099536
2002-04-16,7850.490871059487
2002-04-17,7829.9045593600795
2002-04-18,7825.9896070804
2002-04-19,7825.9896070804
2002-04-22,7690.637861881433
2002-04-23,7686.792542950493
2002-04-24,7686.792542950493
2002-04-25,7686.792542950493
2002-04-26,7535.4903317663975
2002-04-29,7531.722586600515
2002-04-30,7531.722586600515
2002-05-01,7619.569465422266
2002-05-02,7590.204095307131
2002-05-03,7586.408993259478
2002-05-06,7586.408993259478
2002-05-07,7586.408993259478
2002-05-08,7586.408993259478
2002-05-09,7494.415628222401
2002-05-10,7490.66842040829
2002-05-13,7490.66842040829
2002-05-14,7648.35760487819
2002-05-15,7618.461670231385
2002-05-16,7614.65243939627
2002-05-17,7648.012872996362
2002-05-20,7564.80578221752
2002-05-21,7561.0233793264115
2002-05-22,7561.0233793264115
2002-05-23,7637.325236288984
2002-05-24,7538.885549774813
2002-05-28,7535.116106999926
2002-05-29,7535.116106999926
2002-05-30,7535.116106999926
2002-05-31,7535.116106999926
2002-06-03,7328.348758198151
2002-06-04,7324.684583819052
2002-06-05,7389.311194272101
2002-06-06,7237.322311266397
2002-06-07,7233.703650110764
2002-06-10,7233.703650110764
2002-06-11,7104.892542965647
2002-06-12,7101.340096694165
2002-06-13,7026.125987425553
2002-06-14,7022.612924431841
2002-06-17,7022.612924431841
2002-06-18,7076.198148809754
2002-06-19,6909.082525353468
2002-06-20,6905.627984090791
2002-06-21,6905.627984090791
2002-06-24,6905.627984090791
2002-06-25,6745.409744891495
2002-06-26,6742.03704001905
2002-06-27,6855.6207525219015
2002-06-28,6823.138359705508
2002-07-01,6819.726790525656
2002-07-02,6819.726790525656
2002-07-03,6819.726790525656
2002-07-05,7082.387103968061
2002-07-08,6993.400120727081
2002-07-09,6989.903420666718
2002-07-10,6989.903420666718
2002-07-11,6989.903420666718
2002-07-12,6909.216430322358
2002-07-15,6905.761822107197
2002-07-16,6767.893638343431
2002-07-17,6764.509691524259
2002-07-18,6538.330324942222
2002-07-19,6535.0611597797515
2002-07-22,6535.0611597797515
2002-07-23,6535.0611597797515
2002-07-24,6535.0611597797515
2002-07-25,6476.019748345125
2002-07-26,6472.781738470952
2002-07-29,6777.428827028621
2002-07-30,6865.1897669082255
2002-07-31,6881.781835422823
2002-08-01,6699.721920631683
2002-08-02,6696.372059671367
2002-08-05,6696.372059671367
2002-08-06,6696.372059671367
2002-08-07,6808.795309998018
2002-08-08,7025.5694097394835
2002-08-09,7051.783240317496
2002-08-12,6999.838327886199
2002-08-13,6996.338408722257
2002-08-14,6996.338408722257
2002-08-15,7089.282376622227
2002-08-16,7068.020178202018
2002-08-19,7064.486168112917
2002-08-20,6985.756408381935
2002-08-21,6982.2635301777445
2002-08-22,7046.263318878093
2002-08-23,6893.012208994201
2002-08-26,6889.565702889704
2002-08-27,6806.104231064921
2002-08-28,6802.701178949389
2002-08-29,6802.701178949389
2002-08-30,6772.665887893304
2002-09-03,6769.279554949358
2002-09-04,6769.279554949358
2002-09-05,6708.189373943043
2002-09-06,6704.835279256073
2002-09-09,6750.475402574873
2002-09-10,6827.471600333919
2002-09-11,6784.904525128224
2002-09-12,6781.51207286566
2002-09-13,6781.51207286566
2002-09-16,6794.74033839418
2002-09-17,6637.211812658293
2002-09-18,6633.893206751964
2002-09-19,6633.893206751964
2002-09-20,6633.893206751964
2002-09-23,6576.087426195748
2002-09-24,6572.799382482651
2002-09-25,6572.799382482651
2002-09-26,6676.1751234606445
2002-09-27,6439.981901823727
2002-09-30,6436.761910872815
2002-10-01,6436.761910872815
2002-10-02,6237.614143696858
2002-10-03,6234.49533662501
2002-10-04,6234.49533662501
2002-10-07,6234.49533662501
2002-10-08,6234.49533662501
2002-10-09,6052.750861023361
2002-10-10,6049.724485592849
2002-10-11,6305.9244031083945
2002-10-14,6341.040829091706
2002-10-15,6638.884935048951
2002-10-16,6475.986578584302
2002-10-17,6472.74858529501
2002-10-18,6496.590319680356
2002-10-21,6607.769390276969
2002-10-22,6559.963195167138
2002-10-23,6556.683213569555
2002-10-24,6418.270994417168
2002-10-25,6415.06185891996
2002-10-28,6369.754987691079
2002-10-29,6366.570110197234
2002-10-30,6366.570110197234
2002-10-31,6298.265786514076
2002-11-01,6295.116653620819
2002-11-04,6351.663236264035
2002-11-05,6401.647412582588
2002-11-06,6484.054926189049
2002-11-07,6323.175755496083
2002-11-08,6320.014167618336
2002-11-11,6320.014167618336
2002-11-12,6320.014167618336
2002-11-13,6323.245422499655
2002-11-14,6441.426315746569
2002-11-15,6488.816931754176
2002-11-18,6423.172116431352
2002-11-19,6419.960530373137
2002-11-20,6419.960530373137
2002-11-21,6535.19201978474
2002-11-22,6488.4923140254705
2002-11-25,6485.248067868458
2002-11-26,6357.324992354321
2002-11-27,6354.146329858144
2002-11-29,6330.723651790846
2002-12-02,6327.558289964951
2002-12-03,6239.1221983694395
2002-12-04,6236.002637270255
2002-12-05,6236.002637270255
2002-12-06,6236.002637270255
2002-12-09,6059.048774079736
2002-12-10,6056.019249692697
2002-12-11,6058.331224987991
2002-12-12,6057.6640217259555
2002-12-13,6054.635189715093
2002-12-16,6054.635189715093
2002-12-17,5998.527191516727
2002-12-18,5995.527927920969
2002-12-19,5995.527927920969
2002-12-20,5995.527927920969
2002-12-23,5994.527872499236
2002-12-24,5949.74310443476
2002-12-26,5946.768232882543
2002-12-27,5808.552430790765
2002-12-30,5805.64815457537
2002-12-31,5810.647958219922
2003-01-02,5994.733927714499
2003-01-03,6013.141404131719
2003-01-06,6118.195787654636
2003-01-07,6103.037325954776
2003-01-08,6099.985807291799
2003-01-09,6099.985807291799
2003-01-10,6113.346943738177
2003-01-13,6111.376530043505
2003-01-14,6108.320841778484
2003-01-15,6044.096157720404
2003-01-16,6041.074109641544
2003-01-17,6041.074109641544
2003-01-21,6041.074109641544
2003-01-22,6041.074109641544
2003-01-23,6041.074109641544
2003-01-24,5877.261640630713
2003-01-27,5874.323009810399
2003-01-28,5874.323009810399
2003-01-29,5915.709368157087
2003-01-30,5773.78284735014
2003-01-31,5770.895955926466
2003-02-03,5779.399375938021
2003-02-04,5722.147054965426
2003-02-05,5719.2859814379435
2003-02-06,5719.2859814379435
2003-02-07,5719.2859814379435
2003-02-10,5719.2859814379435
2003-02-11,5676.804501212222
2003-02-12,5673.966098961616
2003-02-13,5673.966098961616
2003-02-14,5793.812688087503
2003-02-18,5894.827956250125
2003-02-19,5863.7694669014445
2003-02-20,5860.837582167994
2003-02-21,5860.837582167994
2003-02-24,5762.1746250073165
2003-02-25,5759.2935376948135
2003-02-26,5671.934871299166
2003-02-27,5669.098903863517
2003-02-28,5703.781982095952
2003-03-03,5649.102683399803
2003-03-04,5646.278132058103
2003-03-05,5646.278132058103
2003-03-06,5595.893558288799
2003-03-07,5593.095611509655
2003-03-10,5454.403106696936
2003-03-11,5451.675905143588
2003-03-12,5451.675905143588
2003-03-13,5634.085527682183
2003-03-14,5652.19500366068
2003-03-17,5827.490241479509
2003-03-18,5861.636463827796
2003-03-19,5906.45250454074
2003-03-20,5919.199990598469
2003-03-21,6044.216829462382
2003-03-24,5839.9329877086275
2003-03-25,5837.013021214773
2003-03-26,5804.675102033241
2003-03-27,5801.772764482225
2003-03-28,5769.503297532641
2003-03-31,5766.618545883875
2003-04-01,5766.618545883875
2003-04-02,5901.484530573785
2003-04-03,5873.292393332026
2003-04-04,5870.355747135361
2003-04-07,5856.0977839508605
2003-04-08,5853.169735058886
2003-04-09,5772.744270976066
2003-04-10,5769.857898840579
2003-04-11,5743.189917997827
2003-04-14,5740.318323038829
2003-04-15,5790.763113629719
2003-04-16,5691.228046981721
2003-04-17,5688.38243295823
2003-04-21,5691.253598825368
2003-04-22,5797.541911733157
2003-04-23,5850.615494446079
2003-04-24,5798.335216589242
2003-04-25,5795.436048980948
2003-04-28,5795.436048980948
2003-04-29,5812.702305152199
2003-04-30,5800.0722607871085
2003-05-01,5797.172224656715
2003-05-02,5797.172224656715
2003-05-05,5783.067999306934
2003-05-06,5780.176465307281
2003-05-07,5745.191083391396
2003-05-08,5742.3184878497
2003-05-09,5742.3184878497
2003-05-12,5809.469185947926
2003-05-13,5799.046833465049
2003-05-14,5796.147310048316
2003-05-15,5796.147310048316
2003-05-16,5778.602985018201
2003-05-19,5775.713683525692
2003-05-20,5775.713683525692
2003-05-21,5775.713683525692
2003-05-22,5829.890900638124
2003-05-23,5841.718120149828
2003-05-27,5943.016139976042
2003-05-28,5959.812775340697
2003-05-29,5944.217344496913
2003-05-30,5941.245235824665
2003-06-02,5962.738639526646
2003-06-03,5987.189778191396
2003-06-04,6072.937897265033
2003-06-05,6102.873930014254
2003-06-06,6078.935857494318
2003-06-09,6075.896389565572
2003-06-10,6075.896389565572
2003-06-11,6136.802150594353
2003-06-12,6155.741855129948
2003-06-13,6091.156375972008
2003-06-16,6088.110797784023
2003-06-17,6085.066742385131
2003-06-18,6082.024209013939
2003-06-19,6082.024209013939
2003-06-20,6082.024209013939
2003-06-23,6082.024209013939
2003-06-24,6082.024209013939
2003-06-25,6017.556939817356
2003-06-26,6014.548161347448
2003-06-27,5941.739907002869
2003-06-30,5938.769037049367
2003-07-01,5938.769037049367
2003-07-02,6010.073257781644
2003-07-03,5947.705310170416
2003-07-07,5944.731457515331
2003-07-08,5968.264496996121
2003-07-09,5934.535532323111
2003-07-10,5931.5682645569495
2003-07-11,5931.5682645569495
2003-07-14,5957.530803807554
2003-07-15,5944.507226488738
2003-07-16,5941.534972875494
2003-07-17,5941.534972875494
2003-07-18,5941.534972875494
2003-07-21,5864.669020703161
2003-07-22,5861.736686192809
2003-07-23,5862.941300133306
2003-07-24,5818.465465348864
2003-07-25,5815.55623261619
2003-07-28,5791.140974613885
2003-07-29,5788.245404126578
2003-07-30,5788.245404126578
2003-07-31,5788.245404126578
2003-08-01,5733.872589461022
2003-08-04,5731.005653166291
2003-08-05,5731.005653166291
2003-08-06,5731.005653166291
2003-08-07,5788.101383426681
2003-08-08,5804.619570879444
2003-08-11,5826.430377733422
2003-08-12,5879.3426612472485
2003-08-13,5849.14604565241
2003-08-14,5846.221472629584
2003-08-15,5861.523691547669
2003-08-18,5911.907248042521
2003-08-19,5934.224222114889
2003-08-20,5910.048710907664
2003-08-21,5907.093686552211
2003-08-22,5845.230998453241
2003-08-25,5842.308382954015
2003-08-26,5849.899913880976
2003-08-27,5851.656953760982
2003-08-28,5887.775081355574
2003-08-29,5927.373177038445
2003-09-02,6006.315224064773
2003-09-03,6038.944153552173
2003-09-04,6041.865578681331
2003-09-05,6007.8818081013105
2003-09-08,6004.8778671972605
2003-09-09,5962.363156086984
2003-09-10,5959.381974508941
2003-09-11,5959.381974508941
2003-09-12,5967.4648658132355
2003-09-15,5946.459534273909
2003-09-16,5943.486304506773
2003-09-17,5929.03008972613
2003-09-18,5926.065574681268
2003-09-19,5892.8821803798955
2003-09-22,5889.935739289706
2003-09-23,5889.935739289706
2003-09-24,5781.339128675032
2003-09-25,5778.448459110695
2003-09-26,5778.448459110695
2003-09-29,5778.448459110695
2003-09-30,5719.178743865518
2003-10-01,5716.319154493586
2003-10-02,5734.142396443099
2003-10-03,5786.510946797664
2003-10-06,5812.758940972712
2003-10-07,5835.101866834506
2003-10-08,5820.532372757555
2003-10-09,5817.622106571177
2003-10-10,5830.87029229185
2003-10-13,5849.244619748353
2003-10-14,5869.8345650696565
2003-10-15,5854.204782314037
2003-10-16,5851.27767992288
2003-10-17,5784.16582291104
2003-10-20,5781.273739999585
2003-10-21,5768.468245317343
2003-10-22,5765.5840111946845
2003-10-23,5765.5840111946845
2003-10-24,5765.5840111946845
2003-10-27,5765.484060751371
2003-10-28,5843.400168716276
2003-10-29,5851.184218011333
2003-10-30,5863.409738190986
2003-10-31,5857.845291901413
2003-11-03,5854.916369255462
2003-11-04,5839.268845785991
2003-11-05,5836.349211363098
2003-11-06,5864.231847649031
2003-11-07,5820.530605075172
2003-11-10,5817.620339772635
2003-11-11,5817.620339772635
2003-11-12,5817.620339772635
2003-11-13,5816.3560363479
2003-11-14,5766.927046461762
2003-11-17,5764.0435829385315
2003-11-18,5764.0435829385315
2003-11-19,5764.0435829385315
2003-11-20,5709.1921735396645
2003-11-21,5706.337577452895
2003-11-24,5778.552348394224
2003-11-25,5800.404326277307
2003-11-26,5821.161901261211
2003-11-28,5825.536353924234
2003-12-01,5888.136281225505
2003-12-02,5873.343269257041
2003-12-03,5870.406597622413
2003-12-04,5870.406597622413
2003-12-05,5826.408360770443
2003-12-08,5823.495156590058
2003-12-09,5775.473558832923
2003-12-10,5772.585822053507
2003-12-11,5772.585822053507
2003-12-12,5780.919968178433
2003-12-15,5751.981067374693
2003-12-16,5749.105076841006
2003-12-17,5764.279193144909
2003-12-18,5828.730386611346
2003-12-19,5812.479466617888
2003-12-22,5809.5732268845795
2003-12-23,5810.376919382123
2003-12-24,5804.55116081086
2003-12-26,5801.648885230455
2003-12-29,5875.455171004595
2003-12-30,5876.511584848935
2003-12-31,5881.79417007839
2004-01-02,5879.152608079292
2004-01-05,5876.213031775253
2004-01-06,5879.02019333051
2004-01-07,5898.835294982367
2004-01-08,5922.2963804190695
2004-01-09,5870.35477832962
2004-01-12,5867.419600940455
2004-01-13,5830.182049222403
2004-01-14,5827.2669581977925
2004-01-15,5838.709447500122
2004-01-16,5861.75417058036
2004-01-20,5860.215685592004
2004-01-21,5857.285577749208
2004-01-22,5839.073953318571
2004-01-23,5836.154416341911
2004-01-26,5836.154416341911
2004-01-27,5772.9908926574935
2004-01-28,5770.104397211165
2004-01-29,5770.104397211165
2004-01-30,5767.21934501256
2004-02-02,5764.335735340053
2004-02-03,5751.835826996443
2004-02-04,5748.959909082945
2004-02-05,5748.959909082945
2004-02-06,5810.23366708273
2004-02-09,5811.755879335809
2004-02-10,5830.51146927073
2004-02-11,5892.1172114156025
2004-02-12,5870.759698022554
2004-02-13,5867.824318173543
2004-02-17,5867.824318173543
2004-02-18,5839.076241663701
2004-02-19,5836.156703542869
2004-02-20,5836.156703542869
2004-02-23,5836.156703542869
2004-02-24,5836.156703542869
2004-02-25,5836.156703542869
2004-02-26,5836.790509672219
2004-02-27,5840.852738295372
2004-03-01,5898.458662842876
2004-03-02,5863.828364454661
2004-03-03,5860.896450272434
2004-03-04,5873.143220763328
2004-03-05,5892.8570582714965
2004-03-08,5820.512749257504
2004-03-09,5817.602492882876
2004-03-10,5817.602492882876
2004-03-11,5817.602492882876
2004-03-12,5817.602492882876
2004-03-15,5742.937238651239
2004-03-16,5740.065770031913
2004-03-17,5801.018832086519
2004-03-18,5802.565207883648
2004-03-19,5718.791043082267
2004-03-22,5715.931647560726
2004-03-23,5715.931647560726
2004-03-24,5715.931647560726
2004-03-25,5788.229577970755
2004-03-26,5789.795409274995
2004-03-29,5870.578524160284
2004-03-30,5890.35782749599
2004-03-31,5897.132891463737
2004-04-01,5932.482057110036
2004-04-02,5977.154347886991
2004-04-05,6009.912579740406
2004-04-06,5990.589182058385
2004-04-07,5987.593887467356
2004-04-08,5987.593887467356
2004-04-12,5987.593887467356
2004-04-13,5900.049606237801
2004-04-14,5897.0995814346825
2004-04-15,5871.741875006961
2004-04-16,5868.806004069458
2004-04-19,5865.871601067423
2004-04-20,5862.93866526689
2004-04-21,5862.93866526689
2004-04-22,5941.654041673119
2004-04-23,5947.3756025560515
2004-04-26,5939.043008687484
2004-04-27,5936.073487183141
2004-04-28,5855.740009133248
2004-04-29,5852.812139128682
2004-04-30,5852.812139128682
2004-05-03,5852.812139128682
2004-05-04,5845.187957187987
2004-05-05,5842.265363209393
2004-05-06,5788.876191124516
2004-05-07,5785.981753028954
2004-05-10,5785.981753028954
2004-05-11,5785.981753028954
2004-05-12,5819.875962110767
2004-05-13,5795.587594277713
2004-05-14,5792.689800480574
2004-05-17,5740.0981048635285
2004-05-18,5737.228055811097
2004-05-19,5714.4431306483975
2004-05-20,5711.585909083074
2004-05-21,5718.619823005833
2004-05-24,5742.525247650469
2004-05-25,5824.226921582689
2004-05-26,5844.4949919219625
2004-05-27,5877.210355626465
2004-05-28,5876.687296130539
2004-06-01,5873.748952482474
2004-06-02,5873.748952482474
2004-06-03,5816.564802283722
2004-06-04,5813.656519882581
2004-06-07,5898.591134110818
2004-06-08,5906.8129400341895
2004-06-09,5851.527553111337
2004-06-10,5848.601789334782
2004-06-14,5787.595642735917
2004-06-15,5784.701844914549
2004-06-16,5780.795960112113
2004-06-17,5777.905562132057
2004-06-18,5777.905562132057
2004-06-21,5753.107914900419
2004-06-22,5750.231360942969
2004-06-23,5796.677566989587
2004-06-24,5778.462715363277
2004-06-25,5775.573484005596
2004-06-28,5775.573484005596
2004-06-29,5775.573484005596
2004-06-30,5803.529955497673
2004-07-01,5722.395981979938
2004-07-02,5719.534783988949
2004-07-06,5719.534783988949
2004-07-07,5719.534783988949
2004-07-08,5676.781544482138
2004-07-09,5673.943153709897
2004-07-12,5673.6433747170895
2004-07-13,5677.700079900607
2004-07-14,5660.417718588351
2004-07-15,5657.587509729057
2004-07-16,5657.587509729057
2004-07-19,5657.587509729057
2004-07-20,5657.587509729057
2004-07-21,5549.3863733849685
2004-07-22,5546.611680198276
2004-07-23,5497.204290739277
2004-07-26,5494.455688593907
2004-07-27,5494.455688593907
2004-07-28,5508.196990795479
2004-07-29,5531.662318111443
2004-07-30,5545.152189958266
2004-08-02,5556.648317510831
2004-08-03,5513.455775358613
2004-08-04,5510.699047470935
2004-08-05,5510.699047470935
2004-08-06,5510.699047470935
2004-08-09,5510.699047470935
2004-08-10,5578.561215945618
2004-08-11,5567.22410076549
2004-08-12,5564.440488715108
2004-08-13,5564.440488715108
2004-08-16,5618.980908696799
2004-08-17,5650.542896070139
2004-08-18,5708.35304892493
2004-08-19,5691.7283473511725
2004-08-20,5688.882483177497
2004-08-23,5671.598774712258
2004-08-24,5668.762975324902
2004-08-25,5704.324182704232
2004-08-26,5704.324182704232
2004-08-27,5701.47202061288
2004-08-30,5651.358610507593
2004-08-31,5648.53293120234
2004-09-01,5656.373390358601
2004-09-02,5720.040254430011
2004-09-03,5696.617322340399
2004-09-07,5693.76901367923
2004-09-08,5676.782477376141
2004-09-09,5673.944086137453
2004-09-10,5673.944086137453
2004-09-13,5689.646928873444
2004-09-14,5701.172416660012
2004-09-15,5657.8707343198685
2004-09-16,5655.041798952709
2004-09-17,5676.204784243137
2004-09-20,5641.989576661564
2004-09-21,5639.168581873233
2004-09-22,5565.516851247825
2004-09-23,5562.734092822201
2004-09-24,5562.734092822201
2004-09-27,5524.40253721242
2004-09-28,5521.640335943814
2004-09-29,5546.600647723168
2004-09-30,5542.629771363502
2004-10-01,5539.858456477821
2004-10-04,5546.34125741252
2004-10-05,5549.264451506551
2004-10-06,5587.136001412548
2004-10-07,5526.88703162081
2004-10-08,5524.123588105001
2004-10-11,5524.123588105001
2004-10-12,5499.805351639522
2004-10-13,5497.0554489637025
2004-10-14,5497.0554489637025
2004-10-15,5497.0554489637025
2004-10-18,5515.018553035261
2004-10-19,5468.403685286682
2004-10-20,5465.669483444039
2004-10-21,5465.669483444039
2004-10-22,5401.173127820412
2004-10-25,5398.472541256502
2004-10-26,5398.472541256502
2004-10-27,5460.241236049737
2004-10-28,5476.664062353218
2004-10-29,5475.695384979197
2004-11-01,5472.9575372867075
2004-11-02,5472.148376463274
2004-11-03,5540.633006504891
2004-11-04,5615.775846876235
2004-11-05,5650.838448004631
2004-11-08,5642.641514976863
2004-11-09,5639.820194219375
2004-11-10,5639.820194219375
2004-11-11,5679.75003096423
2004-11-12,5724.390458902647
2004-11-15,5738.4371663499705
2004-11-16,5697.209638408035
2004-11-17,5694.361033588832
2004-11-18,5699.194201381069
2004-11-19,5635.482944908079
2004-11-22,5632.665203435625
2004-11-23,5638.435870170174
2004-11-24,5651.7818917415025
2004-11-26,5647.483495137735
2004-11-29,5644.659753390167
2004-11-30,5644.659753390167
2004-12-01,5705.636273358795
2004-12-02,5710.420388456354
2004-12-03,5706.589453142128
2004-12-06,5703.736158415558
2004-12-07,5703.736158415558
2004-12-08,5703.736158415558
2004-12-09,5721.014175232209
2004-12-10,5726.773015788434
2004-12-13,5776.468036019159
2004-12-14,5796.583696884383
2004-12-15,5800.903201977548
2004-12-16,5797.542984777714
2004-12-17,5794.644213285325
2004-12-20,5794.644213285325
2004-12-21,5836.197092581824
2004-12-22,5850.239172361751
2004-12-23,5854.598962640641
2004-12-27,5842.470887267701
2004-12-28,5839.549651824068
2004-12-29,5845.297650669674
2004-12-30,5834.2116185127
2004-12-31,5831.294512703444
2005-01-03,5831.294512703444
2005-01-04,5831.294512703444
2005-01-05,5831.294512703444
2005-01-06,5831.294512703444
2005-01-07,5820.015561242755
2005-01-10,5817.105553462135
2005-01-11,5773.9730658614235
2005-01-12,5771.086079328493
2005-01-13,5721.776706301601
2005-01-14,5718.91581794845
2005-01-18,5775.243511400115
2005-01-19,5714.498380788035
2005-01-20,5711.641131597642
2005-01-21,5711.641131597642
2005-01-24,5711.641131597642
2005-01-25,5711.641131597642
2005-01-26,5725.864722418954
2005-01-27,5735.623252292453
2005-01-28,5735.623252292453
2005-01-31,5732.755440666307
2005-02-01,5766.160125225559
2005-02-02,5783.592244390965
2005-02-03,5768.5400348080675
2005-02-04,5765.655764790664
2005-02-07,5755.093998893726
2005-02-08,5752.21645189428
2005-02-09,5706.113321949518
2005-02-10,5703.260265288543
2005-02-11,5749.255875135314
2005-02-14,5744.971340924529
2005-02-15,5742.098855254067
2005-02-16,5743.018336247302
2005-02-17,5696.397264596746
2005-02-18,5693.549065964448
2005-02-22,5605.4140329936145
2005-02-23,5602.611325977118
2005-02-24,5636.74119322398
2005-02-25,5692.252866702342
2005-02-28,5654.6266668674325
2005-03-01,5651.799353533999
2005-03-02,5646.176347092204
2005-03-03,5643.353258918658
2005-03-04,5710.396584498892
2005-03-07,5713.1878208404405
2005-03-08,5691.744138648094
2005-03-09,5688.898266578771
2005-03-10,5688.898266578771
2005-03-11,5646.029932678147
2005-03-14,5643.206917711808
2005-03-15,5593.607767522642
2005-03-16,5590.810963638881
2005-03-17,5590.810963638881
2005-03-18,5571.392356916244
2005-03-21,5568.606660737786
2005-03-22,5568.606660737786
2005-03-23,5568.606660737786
2005-03-24,5572.478650780247
2005-03-28,5580.5601649918435
2005-03-29,5543.330001709552
2005-03-30,5540.558336708697
2005-03-31,5527.4621074143015
2005-04-01,5524.698376360595
2005-04-04,5524.698376360595
2005-04-05,5548.175165317979
2005-04-06,5567.389604088271
2005-04-07,5597.352193255733
2005-04-08,5538.839214431651
2005-04-11,5536.069794824436
2005-04-12,5561.8239626556115
2005-04-13,5495.83582591052
2005-04-14,5493.087907997565
2005-04-15,5493.087907997565
2005-04-18,5493.087907997565
2005-04-19,5533.824121808621
2005-04-20,5456.082392001457
2005-04-21,5453.354350805457
2005-04-22,5429.905802793425
2005-04-25,5427.190849892028
2005-04-26,5371.502049064627
2005-04-27,5368.816298040095
2005-04-28,5298.394095034696
2005-04-29,5295.744897987179
2005-05-02,5322.754883830151
2005-05-03,5331.889985269898
2005-05-04,5372.8884278990245
2005-05-05,5371.058051355826
2005-05-06,5368.372522330149
2005-05-09,5368.372522330149
2005-05-10,5309.809701686781
2005-05-11,5307.154796835938
2005-05-12,5245.78349179197
2005-05-13,5243.160600046074
2005-05-16,5243.160600046074
2005-05-17,5275.435160157381
2005-05-18,5329.448652877416
2005-05-19,5351.833246066785
2005-05-20,5344.199641004541
2005-05-23,5341.527541184039
2005-05-24,5326.35537244246
2005-05-25,5323.692194756239
2005-05-26,5323.692194756239
2005-05-27,5329.891972951503
2005-05-31,5295.654287634226
2005-06-01,5293.006460490409
2005-06-02,5301.770299325726
2005-06-03,5274.92137950584
2005-06-06,5272.283918816088
2005-06-07,5272.283918816088
2005-06-08,5259.980962701919
2005-06-09,5257.350972220569
2005-06-10,5242.488987477946
2005-06-13,5239.867742984207
2005-06-14,5249.402542319119
2005-06-15,5259.38182721969
2005-06-16,5272.830932070124
2005-06-17,5292.329346760156
2005-06-20,5294.07606688676
2005-06-21,5297.126266972104
2005-06-22,5301.486897663005
2005-06-23,5226.387284007149
2005-06-24,5223.774090365146
2005-06-27,5223.774090365146
2005-06-28,5264.822429674265
2005-06-29,5250.778803653632
2005-06-30,5248.153414251806
2005-07-01,5248.153414251806
2005-07-05,5287.513212472542
2005-07-06,5243.003875672595
2005-07-07,5240.382373734759
2005-07-08,5297.2751382195465
2005-07-11,5324.276564546831
2005-07-12,5338.231898547413
2005-07-13,5345.649984578502
2005-07-14,5366.566220080576
2005-07-15,5363.507574106186
2005-07-18,5360.8258203191335
2005-07-19,5360.8258203191335
2005-07-20,5376.415175457343
2005-07-21,5344.963860328115
2005-07-22,5342.291378397951
2005-07-25,5324.463862110842
2005-07-26,5321.801630179786
2005-07-27,5338.521055663684
2005-07-28,5372.0509812763785
2005-07-29,5336.137484770259
2005-08-01,5333.469416027874
2005-08-02,5333.469416027874
2005-08-03,5344.933404800366
2005-08-04,5301.9049973698
2005-08-05,5299.254044871115
2005-08-08,5299.254044871115
2005-08-09,5299.254044871115
2005-08-10,5294.026602803808
2005-08-11,5291.379589502406
2005-08-12,5256.15207142366
2005-08-15,5253.523995387949
2005-08-16,5182.1366010855545
2005-08-17,5179.545532785012
2005-08-18,5179.545532785012
2005-08-19,5179.545532785012
2005-08-22,5176.95576001862
2005-08-23,5174.367282138611
2005-08-24,5174.367282138611
2005-08-25,5174.367282138611
2005-08-26,5136.33936635141
2005-08-29,5133.771196668235
2005-08-30,5104.132268035922
2005-08-31,5101.580201901904
2005-09-01,5095.283253710333
2005-09-02,5092.735612083478
2005-09-06,5092.735612083478
2005-09-07,5098.826992295734
2005-09-08,5081.930911913316
2005-09-09,5079.38994645736
2005-09-12,5066.647663417849
2005-09-13,5064.11433958614
2005-09-14,5064.11433958614
2005-09-15,5064.11433958614
2005-09-16,5064.11433958614
2005-09-19,5044.743082445723
2005-09-20,5042.2207109045
2005-09-21,5042.2207109045
2005-09-22,5042.2207109045
2005-09-23,5043.857010386229
2005-09-26,5049.666165115275
2005-09-27,5048.420509185639
2005-09-28,5045.896298931047
2005-09-29,5084.264727139203
2005-09-30,5099.991558083925
2005-10-03,5081.721791596158
2005-10-04,5079.1809307003605
2005-10-05,5079.1809307003605
2005-10-06,5079.1809307003605
2005-10-07,5079.1809307003605
2005-10-10,5033.569539925062
2005-10-11,5031.0527551550995
2005-10-12,5031.0527551550995
2005-10-13,5031.0527551550995
2005-10-14,5031.0527551550995
2005-10-17,5047.158135582804
2005-10-18,4992.195976704341
2005-10-19,4989.699878715989
2005-10-20,4898.524503633633
2005-10-21,4896.075241381816
2005-10-24,4968.892611760781
2005-10-25,4958.942402794429
2005-10-26,4956.4629315930315
2005-10-27,4956.4629315930315
2005-10-28,4956.4629315930315
2005-10-31,4967.621631192997
2005-11-01,4982.485068438145
2005-11-02,5034.3172091070155
2005-11-03,5055.774372398915
2005-11-04,5049.15288806762
2005-11-07,5046.628311623586
2005-11-08,5044.104997467774
2005-11-09,5041.582944969041
2005-11-10,5078.045707039852
2005-11-11,5095.308440350641
2005-11-14,5092.426536158139
2005-11-15,5089.880322890061
2005-11-16,5089.880322890061
2005-11-17,5134.516563984656
2005-11-18,5154.660885629341
2005-11-21,5180.551357236017
2005-11-22,5202.745779436697
2005-11-23,5232.731306742648
2005-11-25,5236.848053502129
2005-11-28,5199.643620231734
2005-11-29,5197.043798421618
2005-11-30,5197.043798421618
2005-12-01,5197.043798421618
2005-12-02,5201.004507756342
2005-12-05,5189.920083870326
2005-12-06,5187.325123828392
2005-12-07,5154.374518021688
2005-12-08,5151.797330762678
2005-12-09,5151.797330762678
2005-12-12,5154.111673685699
2005-12-13,5189.048320097595
2005-12-14,5209.388842002264
2005-12-15,5194.284825188315
2005-12-16,5191.687682775721
2005-12-19,5191.687682775721
2005-12-20,5191.687682775721
2005-12-21,5197.3359502364165
2005-12-22,5224.4843366106625
2005-12-23,5227.368673609763
2005-12-27,5173.900464734331
2005-12-28,5171.313514501964
2005-12-29,5145.647248162891
2005-12-30,5143.07442453881
2006-01-03,5143.07442453881
2006-01-04,5164.801712885201
2006-01-05,5168.046490478308
2006-01-06,5210.872675101176
2006-01-09,5224.2446267992755
2006-01-10,5229.516411319026
2006-01-11,5246.124756425094
2006-01-12,5225.390762595278
2006-01-13,5222.778067213981
2006-01-17,5222.778067213981
2006-01-18,5222.778067213981
2006-01-19,5222.778067213981
2006-01-20,5124.038758021194
2006-01-23,5121.476738642184
2006-01-24,5124.180547638733
2006-01-25,5128.634731524724
2006-01-26,5156.898372808355
2006-01-27,5204.457682242337
2006-01-30,5200.406254166468
2006-01-31,5197.806051039385
2006-02-01,5197.806051039385
2006-02-02,5134.532733962338
2006-02-03,5131.965467595357
2006-02-06,5131.965467595357
2006-02-07,5083.795995876055
2006-02-08,5081.254097878117
2006-02-09,5070.278400627675
2006-02-10,5067.743261427361
2006-02-13,5055.9958940120905
2006-02-14,5053.4678960650845
2006-02-15,5068.709913356546
2006-02-16,5106.525493902832
2006-02-17,5092.666362027713
2006-02-21,5090.1200288467
2006-02-22,5090.1200288467
2006-02-23,5080.086422195465
2006-02-24,5077.546378984368
2006-02-27,5076.9688449772875
2006-02-28,5028.501451921178
2006-03-01,5025.9872011952175
2006-03-02,5023.086760190651
2006-03-03,5020.575216810556
2006-03-06,5020.575216810556
2006-03-07,5020.575216810556
2006-03-08,5020.575216810556
2006-03-09,4984.283486114476
2006-03-10,4981.791344371419
2006-03-13,4988.591195755173
2006-03-14,5040.5939541432435
2006-03-15,5063.0008256616775
2006-03-16,5073.443904356527
2006-03-17,5077.679818864701
2006-03-20,5069.511063360325
2006-03-21,5066.976307828645
2006-03-22,5066.976307828645
2006-03-23,5053.93786189958
2006-03-24,5051.41089296863
2006-03-27,5041.507525155201
2006-03-28,5038.986771392623
2006-03-29,5038.986771392623
2006-03-30,5027.545971600002
2006-03-31,5025.032198614203
2006-04-03,5018.648127750028
2006-04-04,5016.138803686154
2006-04-05,5030.888698544382
2006-04-06,5025.510276156196
2006-04-07,5022.997521018118
2006-04-10,5022.997521018118
2006-04-11,4977.715082865151
2006-04-12,4975.226225323719
2006-04-13,4966.17236577522
2006-04-17,4963.689279592332
2006-04-18,4963.689279592332
2006-04-19,4970.69138780719
2006-04-20,4977.520627642281
2006-04-21,4978.280080079609
2006-04-24,4969.161776396325
2006-04-25,4966.677195508127
2006-04-26,4966.677195508127
2006-04-27,4988.131935909596
2006-04-28,5004.856482224215
2006-05-01,4963.953767590014
2006-05-02,4961.471790706219
2006-05-03,4940.453907291516
2006-05-04,4937.98368033787
2006-05-05,4978.92946828459
2006-05-08,4972.916323277249
2006-05-09,4970.4298651156105
2006-05-10,4965.3190756874965
2006-05-11,4962.836416149653
2006-05-12,4962.836416149653
2006-05-15,4962.836416149653
2006-05-16,4953.0660915325625
2006-05-17,4950.589558486797
2006-05-18,4950.589558486797
2006-05-19,4950.589558486797
2006-05-22,4910.189776015238
2006-05-23,4907.734681127231
2006-05-24,4907.734681127231
2006-05-25,4965.5884792672805
2006-05-26,4990.793913821572
2006-05-30,4901.361506894615
2006-05-31,4898.9108261411675
2006-06-01,4943.10919548895
2006-06-02,4953.467940289689
2006-06-05,4880.746239185292
2006-06-06,4878.3058660657
2006-06-07,4878.3058660657
2006-06-08,4878.3058660657
2006-06-09,4878.3058660657
2006-06-12,4878.3058660657
2006-06-13,4878.3058660657
2006-06-14,4878.3058660657
2006-06-15,4978.275812769831
2006-06-16,4941.865870493552
2006-06-19,4939.394937558306
2006-06-20,4939.394937558306
2006-06-21,4973.412294594436
2006-06-22,4951.480473060224
2006-06-23,4949.004732823694
2006-06-26,4949.004732823694
2006-06-27,4903.582127299293
2006-06-28,4901.130336235643
2006-06-29,4996.697870972048
2006-06-30,4997.088263968225
2006-07-03,5017.464586053184
2006-07-05,4988.721538449864
2006-07-06,4986.227177680639
2006-07-07,4951.153299018518
2006-07-10,4948.677722369009
2006-07-11,4967.999970327008
2006-07-12,4914.686640249538
2006-07-13,4912.229296929413
2006-07-14,4912.229296929413
2006-07-17,4912.229296929413
2006-07-18,4912.229296929413
2006-07-19,4977.458096120241
2006-07-20,4943.286553294289
2006-07-21,4940.8149100176415
2006-07-24,4940.8149100176415
2006-07-25,4955.932340809746
2006-07-26,4962.578719829799
2006-07-27,4957.88050909581
2006-07-28,4955.401568841263
2006-07-31,4947.887099688799
2006-08-01,4945.413156138955
2006-08-02,4945.413156138955
2006-08-03,4956.049766717958
2006-08-04,4947.553696567946
2006-08-07,4945.079919719662
2006-08-08,4945.079919719662
2006-08-09,4945.079919719662
2006-08-10,4945.079919719662
2006-08-11,4928.613065838225
2006-08-14,4926.148759305306
2006-08-15,4982.244416416611
2006-08-16,5023.51612851795
2006-08-17,5036.280950577106
2006-08-18,5061.780849681546
2006-08-21,5040.044300435291
2006-08-22,5037.524278285074
2006-08-23,5037.524278285074
2006-08-24,5037.524278285074
2006-08-25,5037.524278285074
2006-08-28,5059.00740978104
2006-08-29,5064.82262828808
2006-08-30,5067.92296052829
2006-08-31,5067.148534825709
2006-09-01,5064.614960558297
2006-09-05,5071.707457043146
2006-09-06,5026.82747610072
2006-09-07,5024.31406236267
2006-09-08,5024.31406236267
2006-09-11,5026.813091194189
2006-09-12,5075.9118092408535
2006-09-13,5096.298707715202
2006-09-14,5096.684503435499
2006-09-15,5108.6318728594815
2006-09-18,5115.59611948144
2006-09-19,5102.805909561278
2006-09-20,5100.254506606498
2006-09-21,5073.009449511461
2006-09-22,5070.472944786706
2006-09-25,5070.472944786706
2006-09-26,5109.865045907352
2006-09-27,5115.981747418141
2006-09-28,5114.067372316691
2006-09-29,5111.510338630533
2006-10-02,5111.510338630533
2006-10-03,5111.510338630533
2006-10-04,5168.401941357177
2006-10-05,5178.351870360604
2006-10-06,5171.836613916392
2006-10-09,5169.250695609434
2006-10-10,5173.550204932337
2006-10-11,5167.427356079515
2006-10-12,5164.843642401476
2006-10-13,5175.505421869788
2006-10-16,5183.457720339839
2006-10-17,5167.143954056647
2006-10-18,5164.560382079619
2006-10-19,5170.289246167973
2006-10-20,5171.424747724147
2006-10-23,5195.177151303533
2006-10-24,5210.648934425606
2006-10-25,5228.382251729956
2006-10-26,5244.60538471651
2006-10-27,5211.622193771378
2006-10-30,5209.016382674493
2006-10-31,5209.016382674493
2006-11-01,5209.016382674493
2006-11-02,5209.016382674493
2006-11-03,5209.016382674493
2006-11-06,5209.016382674493
2006-11-07,5226.365670960084
2006-11-08,5237.664934901796
2006-11-09,5210.066868981792
2006-11-10,5207.461835547301
2006-11-13,5217.649667428496
2006-11-14,5256.660985990399
2006-11-15,5271.6985835824
2006-11-16,5285.234922184443
2006-11-17,5286.740035984294
2006-11-20,5289.751472725596
2006-11-21,5295.022203904275
2006-11-22,5305.553519341054
2006-11-24,5284.049607472818
2006-11-27,5281.407582669082
2006-11-28,5281.407582669082
2006-11-29,5333.56732166263
2006-11-30,5335.845462260004
2006-12-01,5324.0625852926005
2006-12-04,5321.400553999954
2006-12-05,5341.662364309137
2006-12-06,5337.146373965347
2006-12-07,5334.477800778365
2006-12-08,5334.477800778365
2006-12-11,5347.25042442302
2006-12-12,5343.1043311052845
2006-12-13,5340.432778939732
2006-12-14,5384.611860233702
2006-12-15,5385.104256295056
2006-12-18,5370.32863865885
2006-12-19,5367.64347433952
2006-12-20,5361.943193699272
2006-12-21,5359.262222102423
2006-12-22,5359.262222102423
2006-12-26,5359.262222102423
2006-12-27,5391.670995352063
2006-12-28,5380.308146539349
2006-12-29,5377.617992466079
2007-01-03,5377.617992466079
2007-01-04,5377.617992466079
2007-01-05,5331.86312101449
2007-01-08,5329.197189453984
2007-01-09,5322.002598341151
2007-01-10,5319.34159704198
2007-01-11,5339.931953692852
2007-01-12,5380.346879828747
2007-01-16,5369.818286814733
2007-01-17,5367.133377671326
2007-01-18,5346.406845459953
2007-01-19,5343.733642037223
2007-01-22,5324.574530214497
2007-01-23,5321.91224294939
2007-01-24,5361.938619695809
2007-01-25,5298.615763577699
2007-01-26,5295.966455695911
2007-01-29,5295.966455695911
2007-01-30,5295.966455695911
2007-01-31,5328.802617626336
2007-02-01,5360.58613501525
2007-02-02,5367.995118317476
2007-02-05,5369.479657865057
2007-02-06,5370.962593593546
2007-02-07,5382.8094284817225
2007-02-08,5375.762926164774
2007-02-09,5373.075044701693
2007-02-12,5373.075044701693
2007-02-13,5373.075044701693
2007-02-14,5405.556576739005
2007-02-15,5412.606209568056
2007-02-16,5410.007294648427
2007-02-20,5407.302291001103
2007-02-21,5402.3748545046865
2007-02-22,5399.673667077434
2007-02-23,5399.673667077434
2007-02-26,5399.673667077434
2007-02-27,5399.673667077434
2007-02-28,5399.673667077434
2007-03-01,5380.857799198884
2007-03-02,5378.167370299285
2007-03-05,5378.167370299285
2007-03-06,5378.167370299285
2007-03-07,5370.085767775389
2007-03-08,5367.400724891502
2007-03-09,5366.242668860942
2007-03-12,5374.239967841347
2007-03-13,5268.767764792341
2007-03-14,5266.133380909945
2007-03-15,5270.678399688337
2007-03-16,5255.898637807901
2007-03-19,5253.270688488997
2007-03-20,5279.416096223536
2007-03-21,5365.595240935769
2007-03-22,5361.47514861355
2007-03-23,5358.794411039244
2007-03-26,5349.008288138446
2007-03-27,5346.333783994377
2007-03-28,5346.333783994377
2007-03-29,5346.333783994377
2007-03-30,5344.7878885102145
2007-04-02,5350.808435415865
2007-04-03,5408.087728225914
2007-04-04,5414.10634807441
2007-04-05,5428.766419572309
2007-04-09,5436.287522293368
2007-04-10,5442.682095032787
2007-04-11,5420.432545072372
2007-04-12,5417.722328799836
2007-04-13,5439.676117201489
2007-04-16,5491.089092435507
2007-04-17,5505.667123082566
2007-04-18,5512.401388353367
2007-04-19,5510.901435815263
2007-04-20,5508.145985097355
2007-04-23,5484.596562850472
2007-04-24,5481.854264569047
2007-04-25,5529.218993157508
2007-04-26,5535.502117781835
2007-04-27,5531.063259909438
2007-04-30,5528.297728279484
2007-05-01,5528.297728279484
2007-05-02,5557.789744060393
2007-05-03,5587.816202034385
2007-05-04,5608.955912761549
2007-05-07,5610.072035111528
2007-05-08,5602.6343623880375
2007-05-09,5599.833045206844
2007-05-10,5538.1918742823955
2007-05-11,5535.422778345254
2007-05-14,5520.534816579764
2007-05-15,5517.774549171474
2007-05-16,5552.631147756096
2007-05-17,5541.634591748062
2007-05-18,5538.863774452188
2007-05-21,5533.192766351348
2007-05-22,5530.426169968173
2007-05-23,5530.426169968173
2007-05-24,5477.367827578702
2007-05-25,5474.6291436649135
2007-05-29,5491.706153590096
2007-05-30,5536.25243829876
2007-05-31,5530.477580833863
2007-06-01,5527.712342043446
2007-06-04,5525.668321379843
2007-06-05,5503.750188624942
2007-06-06,5500.99831353063
2007-06-07,5500.99831353063
2007-06-08,5500.99831353063
2007-06-11,5507.7124943873705
2007-06-12,5447.316417435176
2007-06-13,5444.592759226459
2007-06-14,5476.527992685016
2007-06-15,5507.6013999065335
2007-06-18,5501.1213354387655
2007-06-19,5498.370774771047
2007-06-20,5418.674958450539
2007-06-21,5415.965620971314
2007-06-22,5362.054381895735
2007-06-25,5359.373354704788
2007-06-26,5359.373354704788
2007-06-27,5359.373354704788
2007-06-28,5355.98012282879
2007-06-29,5353.302132767376
2007-07-02,5398.806243451249
2007-07-03,5418.333304327063
2007-07-05,5412.638368233956
2007-07-06,5409.9320490498385
2007-07-09,5411.469357696946
2007-07-10,5333.860370262124
2007-07-11,5331.193440076993
2007-07-12,5412.052305070986
2007-07-13,5428.15037277285
2007-07-16,5427.451449884587
2007-07-17,5424.737724159645
2007-07-18,5424.737724159645
2007-07-19,5424.737724159645
2007-07-20,5366.824279323731
2007-07-23,5364.14086718407
2007-07-24,5267.623941988
2007-07-25,5264.990130017007
2007-07-26,5136.183981412825
2007-07-27,5133.615889422119
2007-07-30,5133.615889422119
2007-07-31,5072.900160175737
2007-08-01,5070.363710095649
2007-08-02,5108.18417681058
2007-08-03,4974.949771175011
2007-08-06,4972.462296289424
2007-08-07,5022.750324403524
2007-08-08,5092.287734924861
2007-08-09,4939.1020061888175
2007-08-10,4936.632455185723
2007-08-13,4936.632455185723
2007-08-14,4858.119001150927
2007-08-15,4855.689941650352
2007-08-16,4855.689941650352
2007-08-17,4941.63843074157
2007-08-20,4939.248383333603
2007-08-21,4936.7787591419365
2007-08-22,4992.553524870781
2007-08-23,4988.125893476744
2007-08-24,4985.631830530006
2007-08-27,4936.537263167587
2007-08-28,4934.068994536004
2007-08-29,4934.068994536004
2007-08-30,4918.4534928952025
2007-08-31,4915.994266148755
2007-09-04,4962.918375470003
2007-09-05,4919.787189089378
2007-09-06,4917.327295494834
2007-09-07,4846.006074998327
2007-09-10,4843.5830719608275
2007-09-11,4843.5830719608275
2007-09-12,4853.623581606412
2007-09-13,4887.639524203845
2007-09-14,4887.310557701934
2007-09-17,4884.866902423083
2007-09-18,4884.866902423083
2007-09-19,4911.175948731522
2007-09-20,4876.465388029762
2007-09-21,4874.027155335747
2007-09-24,4862.599880753595
2007-09-25,4860.168580813219
2007-09-26,4860.168580813219
2007-09-27,4886.393551093382
2007-09-28,4870.090742022217
2007-10-01,4867.655696651205
2007-10-02,4858.5933781318645
2007-10-03,4856.164081442799
2007-10-04,4856.164081442799
2007-10-05,4911.097470438435
2007-10-08,4884.873714773316
2007-10-09,4882.43127791593
2007-10-10,4871.86896565538
2007-10-11,4869.433031172553
2007-10-12,4869.433031172553
2007-10-15,4825.708779442322
2007-10-16,4823.295925052602
2007-10-17,4823.295925052602
2007-10-18,4803.343548489309
2007-10-19,4800.941876715065
2007-10-22,4800.941876715065
2007-10-23,4837.292417137052
2007-10-24,4828.357555859097
2007-10-25,4825.943377081168
2007-10-26,4879.776865853801
2007-10-29,4895.949589422214
2007-10-30,4861.8414228345355
2007-10-31,4859.410502123119
2007-11-01,4741.880287450803
2007-11-02,4739.509347307077
2007-11-05,4700.954897592437
2007-11-06,4698.604420143642
2007-11-07,4565.931403245414
2007-11-08,4563.648437543791
2007-11-09,4563.648437543791
2007-11-12,4563.648437543791
2007-11-13,4563.648437543791
2007-11-14,4548.713563933463
2007-11-15,4546.439207151497
2007-11-16,4546.439207151497
2007-11-19,4480.413884886758
2007-11-20,4478.1736779443145
2007-11-21,4383.338540828167
2007-11-23,4381.146871557754
2007-11-26,4281.209581919317
2007-11-27,4279.068977128358
2007-11-28,4411.648944253556
2007-11-29,4413.146395584631
2007-11-30,4457.304146565695
2007-12-03,4427.821008358074
2007-12-04,4425.6070978538955
2007-12-05,4425.6070978538955
2007-12-06,4486.289292236361
2007-12-07,4485.397871592889
2007-12-10,4483.155172657092
2007-12-11,4356.270726545787
2007-12-12,4354.092591182514
2007-12-13,4342.873173385542
2007-12-14,4340.701736798849
2007-12-17,4340.701736798849
2007-12-18,4340.701736798849
2007-12-19,4338.53138593045
2007-12-20,4336.362120237484
2007-12-21,4396.25659765534
2007-12-24,4428.783216513966
2007-12-26,4438.270690012638
2007-12-27,4382.121118637043
2007-12-28,4379.930058077724
2007-12-31,4379.930058077724
2008-01-02,4379.930058077724
2008-01-03,4379.930058077724
2008-01-04,4379.930058077724
2008-01-07,4379.930058077724
2008-01-08,4379.930058077724
2008-01-09,4379.930058077724
2008-01-10,4406.353655451109
2008-01-11,4370.6530779396535
2008-01-14,4368.4677514006835
2008-01-15,4269.0451089959315
2008-01-16,4266.910586441434
2008-01-17,4266.910586441434
2008-01-18,4266.910586441434
2008-01-22,4266.910586441434
2008-01-23,4266.910586441434
2008-01-24,4300.646175021384
2008-01-25,4238.068850456951
2008-01-28,4235.949816031723
2008-01-29,4254.766994597164
2008-01-30,4223.345982061606
2008-01-31,4221.234309070575
2008-02-01,4286.493915153898
2008-02-04,4232.100478253413
2008-02-05,4229.984428014286
2008-02-06,4229.984428014286
2008-02-07,4229.984428014286
2008-02-08,4200.6193120075095
2008-02-11,4198.519002351506
2008-02-12,4235.166242802599
2008-02-13,4278.24316672511
2008-02-14,4240.428086176133
2008-02-15,4238.307872133045
2008-02-19,4238.307872133045
2008-02-20,4248.680061349057
2008-02-21,4213.211669111284
2008-02-22,4211.105063276729
2008-02-25,4261.763539893351
2008-02-26,4293.608782185495
2008-02-27,4289.260941457889
2008-02-28,4287.11631098716
2008-02-29,4287.11631098716
2008-03-03,4287.11631098716
2008-03-04,4287.11631098716
2008-03-05,4287.11631098716
2008-03-06,4195.30484844209
2008-03-07,4193.207196017869
2008-03-10,4193.207196017869
2008-03-11,4193.207196017869
2008-03-12,4151.714355322847
2008-03-13,4149.638498145186
2008-03-14,4082.759098217976
2008-03-17,4080.7177186688673
2008-03-18,4080.7177186688673
2008-03-19,3976.324699373851
2008-03-20,3974.3365370241645
2008-03-24,4051.003518070818
2008-03-25,4054.9101346748434
2008-03-26,4004.989430169225
2008-03-27,4002.9869354541406
2008-03-28,4002.9869354541406
2008-03-31,4002.9869354541406
2008-04-01,4139.311714632939
2008-04-02,4142.037558789419
2008-04-03,4152.326681089805
2008-04-04,4147.778782476879
2008-04-07,4145.704893085641
2008-04-08,4139.392721734336
2008-04-09,4137.323025373469
2008-04-10,4137.323025373469
2008-04-11,4054.163620702005
2008-04-14,4052.1365388916543
2008-04-15,4052.1365388916543
2008-04-16,4158.438408425731
2008-04-17,4164.511435472578
2008-04-18,4207.738524946487
2008-04-21,4209.866267941226
2008-04-22,4191.2891256184785
2008-04-23,4189.1934810556695
2008-04-24,4189.1934810556695
2008-04-25,4225.687932175389
2008-04-28,4226.594668243129
2008-04-29,4209.912727272941
2008-04-30,4207.807770909305
2008-05-01,4207.807770909305
2008-05-02,4217.3170486521485
2008-05-05,4197.002976959858
2008-05-06,4194.904475471378
2008-05-07,4117.417642515766
2008-05-08,4115.358933694508
2008-05-09,4115.358933694508
2008-05-12,4115.358933694508
2008-05-13,4113.884727226522
2008-05-14,4122.3710826394645
2008-05-15,4173.590813186098
2008-05-16,4177.394895474497
2008-05-19,4188.800161369177
2008-05-20,4154.693324092996
2008-05-21,4152.615977430949
2008-05-22,4152.615977430949
2008-05-23,4094.501411898806
2008-05-27,4092.454161192857
2008-05-28,4109.255181003225
2008-05-29,4129.851458663744
2008-05-30,4140.166480740346
2008-06-02,4097.1690196193895
2008-06-03,4095.12043510958
2008-06-04,4095.12043510958
2008-06-05,4095.12043510958
2008-06-06,3960.3370358567586
2008-06-09,3958.3568673388304
2008-06-10,3936.6271354856735
2008-06-11,3934.6588219179307
2008-06-12,3934.6588219179307
2008-06-13,3982.1312397628094
2008-06-16,3984.470129881474
2008-06-17,3965.1197785986983
2008-06-18,3963.1372187093993
2008-06-19,3963.1372187093993
2008-06-20,3896.301010919675
2008-06-23,3894.3528604142152
2008-06-24,3894.3528604142152
2008-06-25,3894.3528604142152
2008-06-26,3785.170138295981
2008-06-27,3783.2775532268333
2008-06-30,3783.2775532268333
2008-07-01,3793.1934090448603
2008-07-02,3727.625476240379
2008-07-03,3725.761663502259
2008-07-07,3685.651257208072
2008-07-08,3683.808431579468
2008-07-09,3610.3442905968873
2008-07-10,3608.539118451589
2008-07-11,3564.441633202326
2008-07-14,3562.6594123857253
2008-07-15,3562.6594123857253
2008-07-16,3562.6594123857253
2008-07-17,3596.338542564734
2008-07-18,3618.674373504661
2008-07-21,3620.684805933074
2008-07-22,3661.52841383915
2008-07-23,3681.2944809180085
2008-07-24,3604.089082279456
2008-07-25,3602.2870377383165
2008-07-28,3602.2870377383165
2008-07-29,3602.2870377383165
2008-07-30,3664.104062318936
2008-07-31,3615.318950286499
2008-08-01,3613.511290811356
2008-08-04,3613.511290811356
2008-08-05,3613.511290811356
2008-08-06,3627.7159337051
2008-08-07,3573.2857049624745
2008-08-08,3571.4990621099932
2008-08-11,3606.515644923954
2008-08-12,3568.7950193863703
2008-08-13,3567.0106218766773
2008-08-14,3567.0106218766773
2008-08-15,3582.5329811162014
2008-08-18,3533.204858856921
2008-08-19,3531.438256427493
2008-08-20,3531.438256427493
2008-08-21,3535.7561304396686
2008-08-22,3586.572621456183
2008-08-25,3513.0702821981877
2008-08-26,3511.3137470570887
2008-08-27,3543.571306468079
2008-08-28,3586.289472414481
2008-08-29,3547.514331916354
2008-09-02,3545.740574750396
2008-09-03,3545.740574750396
2008-09-04,3545.740574750396
2008-09-05,3545.740574750396
2008-09-08,3616.462359780941
2008-09-09,3507.474115622709
2008-09-10,3505.720378564898
2008-09-11,3554.3244290984067
2008-09-12,3570.712666043797
2008-09-15,3396.6238385874685
2008-09-16,3394.925526668175
2008-09-17,3237.0428397220653
2008-09-18,3235.4243183022045
2008-09-19,3359.8117593349234
2008-09-22,3282.8745146618585
2008-09-23,3281.2330774045276
2008-09-24,3281.2330774045276
2008-09-25,3330.5114747258144
2008-09-26,3332.165337166749
2008-09-29,3060.2534529300115
2008-09-30,3058.7233262035465
2008-10-01,3059.0397518913765
2008-10-02,2946.013452406732
2008-10-03,2944.540445680529
2008-10-06,2944.540445680529
2008-10-07,2944.540445680529
2008-10-08,2944.540445680529
2008-10-09,2944.540445680529
2008-10-10,2944.540445680529
2008-10-13,2944.540445680529
2008-10-14,2899.161745876333
2008-10-15,2897.712165003395
2008-10-16,2897.712165003395
2008-10-17,2878.906534904477
2008-10-20,2877.4670816370253
2008-10-21,2788.8124992866824
2008-10-22,2787.4180930370394
2008-10-23,2787.4180930370394
2008-10-24,2640.9514186009646
2008-10-27,2639.6309428916643
2008-10-28,2639.6309428916643
2008-10-29,2619.0981590609845
2008-10-30,2617.788609981454
2008-10-31,2630.847102065105
2008-11-03,2638.4436135896385
2008-11-04,2726.6143740891557
2008-11-05,2609.5429824740886
2008-11-06,2608.238210982852
2008-11-07,2608.238210982852
2008-11-10,2572.5278813541318
2008-11-11,2571.2416174134546
2008-11-12,2571.2416174134546
2008-11-13,2571.2416174134546
2008-11-14,2438.3200681097373
2008-11-17,2437.1009080756826
2008-11-18,2437.1009080756826
2008-11-19,2274.487236283168
2008-11-20,2273.3499926650265
2008-11-21,2273.3499926650265
2008-11-24,2424.5176986157594
2008-11-25,2442.4151409302435
2008-11-26,2535.0158691544234
2008-11-28,2566.726803772051
2008-12-01,2328.6663170864254
2008-12-02,2327.501983927882
2008-12-03,2381.6319131246546
2008-12-04,2325.8910292515475
2008-12-05,2324.7280837369217
2008-12-08,2403.3483616544954
2008-12-09,2363.4022946254445
2008-12-10,2362.220593478132
2008-12-11,2303.4572752006193
2008-12-12,2302.305546563019
2008-12-15,2268.8487162044757
2008-12-16,2267.7142918463737
2008-12-17,2244.506391909441
2008-12-18,2243.384138713486
2008-12-19,2243.384138713486
2008-12-22,2243.384138713486
2008-12-23,2243.384138713486
2008-12-24,2243.384138713486
2008-12-26,2255.1700277123396
2008-12-29,2248.6924035758866
2008-12-30,2247.5680573740988
2008-12-31,2278.2995939886964
2009-01-02,2345.957369895384
2009-01-05,2343.179429718493
2009-01-06,2342.0078400036336
2009-01-07,2269.6062262299506
2009-01-08,2268.471423116836
2009-01-09,2218.2195870726237
2009-01-12,2217.1104772790873
2009-01-13,2217.1104772790873
2009-01-14,2145.143668483793
2009-01-15,2144.0710966495512
2009-01-16,2159.69980708095
2009-01-20,2042.5789293542732
2009-01-21,2041.5576398895962
2009-01-22,2008.7132859733044
2009-01-23,2007.708929330318
2009-01-26,2020.4275862251855
2009-01-27,2040.8470497906662
2009-01-28,2108.7550945908756
2009-01-29,2039.0876280749198
2009-01-30,2038.0680842608824
2009-02-02,2038.0680842608824
2009-02-03,2038.0680842608824
2009-02-04,2027.0463905923036
2009-02-05,2026.0328673970075
2009-02-06,2081.9490249720284
2009-02-09,2084.8194132690555
2009-02-10,1987.0581891885006
2009-02-11,1986.0646600939065
2009-02-12,1986.497287601843
2009-02-13,1965.0109553887278
2009-02-17,1964.0284499110335
2009-02-18,1964.0284499110335
2009-02-19,1964.0284499110335
2009-02-20,1964.0284499110335
2009-02-23,1964.0284499110335
2009-02-24,1964.0284499110335
2009-02-25,1947.5225544313037
2009-02-26,1946.5487931540881
2009-02-27,1946.5487931540881
2009-03-02,1946.5487931540881
2009-03-03,1946.5487931540881
2009-03-04,1946.5487931540881
2009-03-05,1864.3942647877166
2009-03-06,1863.4620676553227
2009-03-09,1840.5005252586488
2009-03-10,1839.5802749960196
2009-03-11,1850.6022164541635
2009-03-12,1922.0671943456432
2009-03-13,1937.0285574314958
2009-03-16,1931.164719492667
2009-03-17,1930.199137132921
2009-03-18,1971.964543826251
2009-03-19,1947.387649688559
2009-03-20,1946.4139558637148
2009-03-23,1946.4139558637148
2009-03-24,1906.706827908664
2009-03-25,1905.75347449471
2009-03-26,1943.2500541986167
2009-03-27,1907.857749422624
2009-03-30,1906.9038205479128
2009-03-31,1906.9038205479128
2009-04-01,1942.527101868521
2009-04-02,1998.5070262043773
2009-04-03,2018.290927691194
2009-04-06,2002.4200381778585
2009-04-07,2001.4188281587697
2009-04-08,2001.4188281587697
2009-04-09,2078.421338101012
2009-04-13,2078.9052657183893
2009-04-14,2042.7456133290252
2009-04-15,2041.7242405223608
2009-04-16,2070.4235176299517
2009-04-17,2084.2604905992825
2009-04-20,1995.0127881431424
2009-04-21,1994.015281749071
2009-04-22,1980.790501981239
2009-04-23,1979.8001067302484
2009-04-24,2008.5024087583263
2009-04-27,1989.4070102594837
2009-04-28,1988.4123067543542
2009-04-29,1988.4123067543542
2009-04-30,1988.1001976365342
2009-05-01,1998.760644873558
2009-05-04,2065.6271222974315
2009-05-05,2058.5688768608256
2009-05-06,2057.5395924223953
2009-05-07,2027.7277125451503
2009-05-08,2026.7138486888778
2009-05-11,1987.413901466721
2009-05-12,1986.4201945159878
2009-05-13,1986.4201945159878
2009-05-14,1986.4201945159878
2009-05-15,1969.1482822276141
2009-05-18,1968.1637080865005
2009-05-19,1964.8056932895274
2009-05-20,1963.8232904428828
2009-05-21,1963.8232904428828
2009-05-22,1963.8232904428828
2009-05-26,1963.8232904428828
2009-05-27,1927.4635330868846
2009-05-28,1926.4998013203412
2009-05-29,1959.3522545757737
2009-06-01,2006.2204695766518
2009-06-02,2007.912638517561
2009-06-03,1982.3475326750613
2009-06-04,1981.356358908724
2009-06-05,1980.7848890894106
2009-06-08,1972.5983805163414
2009-06-09,1971.6120813260834
2009-06-10,1965.6194517921683
2009-06-11,1964.6366420662723
2009-06-12,1969.03535325254
2009-06-15,1923.362994838152
2009-06-16,1922.401313340733
2009-06-17,1922.401313340733
2009-06-18,1922.401313340733
2009-06-19,1928.5129515715187
2009-06-22,1869.797453152515
2009-06-23,1868.8625544259387
2009-06-24,1883.964560733138
2009-06-25,1924.4995518865726
2009-06-26,1919.4762413808455
2009-06-29,1918.516503260155
2009-06-30,1901.9720176820983
2009-07-01,1901.0210316732573
2009-07-02,1847.4642344177694
2009-07-06,1846.5405023005605
2009-07-07,1846.5405023005605
2009-07-08,1846.5405023005605
2009-07-09,1846.5405023005605
2009-07-10,1841.212822685694
2009-07-13,1840.2922162743512
2009-07-14,1849.759520586699
2009-07-15,1903.0822192733988
2009-07-16,1900.018508465055
2009-07-17,1899.0684992108227
2009-07-20,1918.188416072677
2009-07-21,1927.039834419438
2009-07-22,1926.636463862487
2009-07-23,1925.6731456305558
2009-07-24,1932.580721415813
2009-07-27,1938.2883315731574
2009-07-28,1929.2013217934436
2009-07-29,1928.236721132547
2009-07-30,1928.236721132547
2009-07-31,1930.0063573690763
2009-08-03,1961.5842497955196
2009-08-04,1966.6551633510157
2009-08-05,1960.9832596857589
2009-08-06,1960.002768055916
2009-08-07,1960.002768055916
2009-08-10,1954.9510807375214
2009-08-11,1953.9736051971527
2009-08-12,1953.9736051971527
2009-08-13,1967.8662476877867
2009-08-14,1952.6953348786794
2009-08-17,1951.7189872112401
2009-08-18,1951.7189872112401
2009-08-19,1967.803860626083
2009-08-20,1987.9766587645465
2009-08-21,2026.5752852769483
2009-08-24,2026.3789404560002
2009-08-25,2025.3657509857724
2009-08-26,2024.5493174479195
2009-08-27,2029.0571976576425
2009-08-28,2028.6652412914834
2009-08-31,2027.650908670838
2009-09-01,2027.650908670838
2009-09-02,2027.650908670838
2009-09-03,2027.650908670838
2009-09-04,2054.8452788364175
2009-09-08,2072.486735889994
2009-09-09,2088.331069853029
2009-09-10,2109.563738953822
2009-09-11,2109.159781129915
2009-09-14,2108.1052012393498
2009-09-15,2115.843237022761
2009-09-16,2147.624663585668
2009-09-17,2144.4210342972256
2009-09-18,2143.348823780077
2009-09-21,2136.847113444902
2009-09-22,2135.7786898881795
2009-09-23,2116.8838364861645
2009-09-24,2115.8253945679216
2009-09-25,2115.8253945679216
2009-09-28,2115.8253945679216
2009-09-29,2108.389002191727
2009-09-30,2107.334807690631
2009-10-01,2107.334807690631
2009-10-02,2107.334807690631
2009-10-05,2107.334807690631
2009-10-06,2136.2527138137198
2009-10-07,2142.116374047414
2009-10-08,2158.453585379418
2009-10-09,2171.5740936536617
2009-10-12,2180.0606190238555
2009-10-13,2175.6018697568193
2009-10-14,2174.514068821941
2009-10-15,2181.369390347723
2009-10-16,2165.003924651592
2009-10-19,2163.9214226892664
2009-10-20,2151.3777624789714
2009-10-21,2150.302073597732
2009-10-22,2150.302073597732
2009-10-23,2124.498496191835
2009-10-26,2123.436246943739
2009-10-27,2123.436246943739
2009-10-28,2123.436246943739
2009-10-29,2123.436246943739
2009-10-30,2059.943202632935
2009-11-02,2058.9132310316186
2009-11-03,2064.386436004872
2009-11-04,2069.706266351293
2009-11-05,2107.4322765484285
2009-11-06,2112.9474787117815
2009-11-09,2160.532246248455
2009-11-10,2160.9267702757516
2009-11-11,2171.9415074691715
2009-11-12,2149.743632951875
2009-11-13,2148.668761135399
2009-11-16,2178.5351336183658
2009-11-17,2181.0800235933357
2009-11-18,2179.7091589553643
2009-11-19,2178.6193043758867
2009-11-20,2178.6193043758867
2009-11-23,2178.6193043758867
2009-11-24,2180.8694217899993
2009-11-25,2188.518866973623
2009-11-27,2152.6622107673297
2009-11-30,2151.5858796619464
2009-12-01,2176.962506229547
2009-12-02,2175.9851300992445
2009-12-03,2174.897137534195
2009-12-04,2174.897137534195
2009-12-07,2170.476368660416
2009-12-08,2169.391130476086
2009-12-09,2169.391130476086
2009-12-10,2180.4981692986657
2009-12-11,2189.7405755928085
2009-12-14,2204.6679096761836
2009-12-15,2194.3963379440606
2009-12-16,2193.299139775089
2009-12-17,2165.6889187067145
2009-12-18,2164.6060742473614
2009-12-21,2185.411294277191
2009-12-22,2193.2494468298914
2009-12-23,2197.563271049854
2009-12-24,2207.9425891820188
2009-12-28,2212.64885324042
2009-12-29,2209.504046147888
2009-12-30,2208.3992941248143
2009-12-31,2208.3992941248143
2010-01-04,2208.3992941248143
2010-01-05,2213.1329216682248
2010-01-06,2214.6898383731805
2010-01-07,2224.0196826378096
2010-01-08,2231.4087882612266
2010-01-11,2234.5220912452955
2010-01-12,2213.584780803991
2010-01-13,2212.477988413589
2010-01-14,2217.34746976501
2010-01-15,2192.318625609621
2010-01-19,2191.2224662968165
2010-01-20,2167.7308939274326
2010-01-21,2166.647028480469
2010-01-22,2166.647028480469
2010-01-25,2166.647028480469
2010-01-26,2156.465061961633
2010-01-27,2155.3868294306526
2010-01-28,2129.4391248203497
2010-01-29,2128.3744052579395
2010-02-01,2128.3744052579395
2010-02-02,2152.915931884428
2010-02-03,2142.1616735248276
2010-02-04,2141.0905926880655
2010-02-05,2141.0905926880655
2010-02-08,2124.506804872986
2010-02-09,2123.4445514705494
2010-02-10,2118.219243606961
2010-02-11,2117.1601339851577
2010-02-12,2114.339571040515
2010-02-16,2113.2824012549945
2010-02-17,2122.2173021373274
2010-02-18,2134.690327163091
2010-02-19,2139.112788579053
2010-02-22,2139.497382770334
2010-02-23,2113.355289745695
2010-02-24,2112.298612100822
2010-02-25,2108.3819100071537
2010-02-26,2107.3277190521503
2010-03-01,2128.044896741632
2010-03-02,2133.932613552031
2010-03-03,2135.8342491620024
2010-03-04,2142.2909147844125
2010-03-05,2172.6940292364834
2010-03-08,2173.0742213876983
2010-03-09,2176.684903958247
2010-03-10,2186.362371620697
2010-03-11,2195.4708005804114
2010-03-12,2195.6605156919554
2010-03-15,2196.2319249549532
2010-03-16,2213.6578354426524
2010-03-17,2226.739871627212
2010-03-18,2225.5989814521085
2010-03-19,2224.4861819613825
2010-03-22,2224.4861819613825
2010-03-23,2238.9652841163443
2010-03-24,2228.0694166497756
2010-03-25,2226.955381941451
2010-03-26,2226.955381941451
2010-03-29,2226.955381941451
2010-03-30,2227.3597700097444
2010-03-31,2219.75792550635
2010-04-01,2218.648046543597
2010-04-05,2235.546010424748
2010-04-06,2240.810342247417
2010-04-07,2227.973782593712
2010-04-08,2226.859795702415
2010-04-09,2240.322845600402
2010-04-12,2243.8807699463578
2010-04-13,2245.567412822943
2010-04-14,2270.909190109015
2010-04-15,2272.782335711031
2010-04-16,2236.3268372748234
2010-04-19,2235.208673856186
2010-04-20,2253.9643980119076
2010-04-21,2249.8592125902665
2010-04-22,2248.7342829839713
2010-04-23,2262.241902423924
2010-04-26,2253.683139679262
2010-04-27,2252.556298109422
2010-04-28,2252.556298109422
2010-04-29,2279.183343433129
2010-04-30,2240.193449467948
2010-05-03,2239.0733527432144
2010-05-04,2184.6734134531953
2010-05-05,2183.5810767464686
2010-05-06,2183.5810767464686
2010-05-07,2183.5810767464686
2010-05-10,2183.5810767464686
2010-05-11,2176.2770787740264
2010-05-12,2175.1889402346396
2010-05-13,2146.893344514734
2010-05-14,2145.8198978424766
2010-05-17,2145.8198978424766
2010-05-18,2115.3579889020093
2010-05-19,2114.3003099075586
2010-05-20,2114.3003099075586
2010-05-21,2114.3003099075586
2010-05-24,2085.9385027027906
2010-05-25,2084.8955334514394
2010-05-26,2071.2461902220143
2010-05-27,2070.2105671269032
2010-05-28,2043.030634221453
2010-06-01,2042.0091189043424
2010-06-02,2042.0091189043424
2010-06-03,2048.00808700016
2010-06-04,1974.7540207286193
2010-06-07,1973.766643718255
2010-06-08,1973.766643718255
2010-06-09,1962.1998030194281
2010-06-10,1961.2187031179185
2010-06-11,1969.7383117451695
2010-06-14,1966.6823972333486
2010-06-15,1965.6990560347322
2010-06-16,1964.0143008303194
2010-06-17,1963.0322936799043
2010-06-18,1964.1779424029069
2010-06-21,1958.5446014687582
2010-06-22,1957.565329168024
2010-06-23,1957.565329168024
2010-06-24,1957.565329168024
2010-06-25,1957.565329168024
2010-06-28,1950.407296939299
2010-06-29,1949.4320932908295
2010-06-30,1949.4320932908295
2010-07-01,1949.4320932908295
2010-07-02,1949.4320932908295
2010-07-06,1949.4320932908295
2010-07-07,2008.9100637900226
2010-07-08,2028.6904510558356
2010-07-09,2043.779952712642
2010-07-12,2045.1045909902434
2010-07-13,2075.7313469507885
2010-07-14,2075.542444484831
2010-07-15,2074.5046732625888
2010-07-16,2015.5446874336535
2010-07-19,2014.5369150899369
2010-07-20,2035.750837334068
2010-07-21,2009.1165564193473
2010-07-22,2008.1119981411377
2010-07-23,2024.4614893752953
2010-07-26,2045.437883633264
2010-07-27,2045.2543556423714
2010-07-28,2044.2317284645503
2010-07-29,2044.2317284645503
2010-07-30,2044.2317284645503
2010-08-02,2044.2317284645503
2010-08-03,2033.3965657131218
2010-08-04,2032.3798674302654
2010-08-05,2029.2043757353447
2010-08-06,2028.1897735474772
2010-08-09,2028.1897735474772
2010-08-10,2016.197199166405
2010-08-11,2015.189100566822
2010-08-12,2015.189100566822
2010-08-13,2015.189100566822
2010-08-16,2015.189100566822
2010-08-17,2015.189100566822
2010-08-18,2017.8557626993584
2010-08-19,1982.442050462001
2010-08-20,1981.45082943677
2010-08-23,1981.45082943677
2010-08-24,1981.45082943677
2010-08-25,1981.45082943677
2010-08-26,1967.1357337351203
2010-08-27,1966.152165868253
2010-08-30,1936.4409192971984
2010-08-31,1935.4726988375498
2010-09-01,1935.4726988375498
2010-09-02,1952.4448301550478
2010-09-03,1977.6084417717082
2010-09-07,1955.1888325865075
2010-09-08,1954.2112381702143
2010-09-09,1962.2389565880842
2010-09-10,1972.1216419833677
2010-09-13,1993.936432909852
2010-09-14,1992.6975316741443
2010-09-15,1991.7011829083074
2010-09-16,1990.1772580820223
2010-09-17,1989.1821694529813
2010-09-20,2018.37290527106
2010-09-21,2014.3036386190984
2010-09-22,2013.296486799789
2010-09-23,2013.296486799789
2010-09-24,2013.296486799789
2010-09-27,2002.6223972122853
2010-09-28,2001.6210860136791
2010-09-29,1997.125600791414
2010-09-30,1996.1270379910184
2010-10-01,1996.1270379910184
2010-10-04,1980.0945409998392
2010-10-05,1979.1044937293393
2010-10-06,1977.9447895039941
2010-10-07,1976.9558171092422
2010-10-08,1976.9558171092422
2010-10-11,1977.832575797317
2010-10-12,1983.9266758279416
2010-10-13,1999.296330816448
2010-10-14,1991.4814722744334
2010-10-15,1990.4857315382962
2010-10-18,1999.2745551364374
2010-10-19,1972.9020162992165
2010-10-20,1971.915565291067
2010-10-21,1975.2747803944835
2010-10-22,1978.949725880397
2010-10-25,1984.793670499958
2010-10-26,1985.1282651113859
2010-10-27,1979.4348635932265
2010-10-28,1978.44514616143
2010-10-29,1978.95930663323
2010-11-01,1979.6268203176326
2010-11-02,1995.2648757083962
2010-11-03,2003.2640922534677
2010-11-04,2041.4770448931044
2010-11-05,2049.1437443964883
2010-11-08,2045.2998619810116
2010-11-09,2044.2772120500213
2010-11-10,2044.2772120500213
2010-11-11,2035.5389693851282
2010-11-12,2034.5211999004357
2010-11-15,2034.5211999004357
2010-11-16,2034.5211999004357
2010-11-17,2034.5211999004357
2010-11-18,2063.230552282734
2010-11-19,2068.8986796745853
2010-11-22,2067.1778646118064
2010-11-23,2066.1442756795004
2010-11-24,2066.1442756795004
2010-11-26,2040.90501789421
2010-11-29,2039.884565385263
2010-11-30,2027.3629074838577
2010-12-01,2026.349226030116
2010-12-02,2051.126484778841
2010-12-03,2056.6421491339697
2010-12-06,2054.4648935627133
2010-12-07,2053.437661115932
2010-12-08,2059.919846562489
2010-12-09,2067.9255369123985
2010-12-10,2079.9204872394034
2010-12-13,2081.257070113176
2010-12-14,2083.0943374631065
2010-12-15,2073.548566980272
2010-12-16,2072.511792696782
2010-12-17,2073.694083188728
2010-12-20,2078.6929802137915
2010-12-21,2091.830867690868
2010-12-22,2098.327192686145
2010-12-23,2095.322002461613
2010-12-27,2094.2743414603824
2010-12-28,2096.2253977004457
2010-12-29,2097.7243641941623
2010-12-30,2094.389911723192
2010-12-31,2093.342716767331
2011-01-03,2113.826563304056
2011-01-04,2112.661702216028
2011-01-05,2111.6053713649203
2011-01-06,2106.4094037506065
2011-01-07,2105.3561990487315
2011-01-10,2105.3561990487315
2011-01-11,2105.3561990487315
2011-01-12,2123.2180729442725
2011-01-13,2119.747194120608
2011-01-14,2118.687320523548
2011-01-18,2121.2290594624947
2011-01-19,2100.327134438768
2011-01-20,2099.2769708715487
2011-01-21,2099.2769708715487
2011-01-24,2110.1322302865888
2011-01-25,2111.2753156673257
2011-01-26,2119.4320088524832
2011-01-27,2124.655887983307
2011-01-28,2087.2257839500103
2011-01-31,2086.1821710580352
2011-02-01,2118.2718193767405
2011-02-02,2114.217640876054
2011-02-03,2113.160532055616
2011-02-04,2118.0747539661843
2011-02-07,2131.2760385990778
2011-02-08,2140.9434827755617
2011-02-09,2136.0932607891373
2011-02-10,2135.025214158743
2011-02-11,2146.667319898232
2011-02-14,2151.8212728904145
2011-02-15,2145.037378478934
2011-02-16,2143.964859789695
2011-02-17,2149.290326607986
2011-02-18,2153.7685912329684
2011-02-22,2110.10277892345
2011-02-23,2109.047727533988
2011-02-24,2109.047727533988
2011-02-25,2109.047727533988
2011-02-28,2121.0216893700454
2011-03-01,2085.3596863873527
2011-03-02,2084.317006544159
2011-03-03,2118.8703523167032
2011-03-04,2102.9348508456733
2011-03-07,2101.8833834202505
2011-03-08,2101.8833834202505
2011-03-09,2097.8175317582877
2011-03-10,2096.768622992409
2011-03-11,2096.768622992409
2011-03-14,2083.0219463560084
2011-03-15,2081.9804353828304
2011-03-16,2081.9804353828304
2011-03-17,2081.9804353828304
2011-03-18,2088.4988047433635
2011-03-21,2120.61791980268
2011-03-22,2113.2490595643785
2011-03-23,2112.1924350345967
2011-03-24,2131.2396881192276
2011-03-25,2137.7426308563595
2011-03-28,2132.5263839901504
2011-03-29,2131.4601207981555
2011-03-30,2145.052411746234
2011-03-31,2142.1425727583305
2011-04-01,2141.0715014719513
2011-04-04,2141.769001654767
2011-04-05,2141.4472261656374
2011-04-06,2140.3765025525545
2011-04-07,2133.8541189791486
2011-04-08,2132.787191919659
2011-04-11,2132.787191919659
2011-04-12,2132.787191919659
2011-04-13,2132.787191919659
2011-04-14,2132.787191919659
2011-04-15,2139.4876250232096
2011-04-18,2115.3716460599153
2011-04-19,2114.3139602368856
2011-04-20,2141.8839773650857
2011-04-21,2152.798408682932
2011-04-25,2150.5447206349036
2011-04-26,2149.4694482745863
2011-04-27,2162.3836229784342
2011-04-28,2169.3848814055746
2011-04-29,2174.478745081055
2011-05-02,2171.1293510053524
2011-05-03,2170.04378632985
2011-05-04,2170.04378632985
2011-05-05,2170.04378632985
2011-05-06,2170.04378632985
2011-05-09,2177.3506318547884
2011-05-10,2195.857737475556
2011-05-11,2172.625029797586
2011-05-12,2171.5387172826877
2011-05-13,2153.6692706276326
2011-05-16,2152.5924359923188
2011-05-17,2152.5924359923188
2011-05-18,2152.5924359923188
2011-05-19,2156.636963162045
2011-05-20,2139.43490574939
2011-05-23,2138.3651882965155
2011-05-24,2138.3651882965155
2011-05-25,2138.3651882965155
2011-05-26,2147.126464756106
2011-05-27,2155.3435096634394
2011-05-31,2177.668339556912
2011-06-01,2128.197178527181
2011-06-02,2127.133079937918
2011-06-03,2127.133079937918
2011-06-06,2127.133079937918
2011-06-07,2127.133079937918
2011-06-08,2127.133079937918
2011-06-09,2127.133079937918
2011-06-10,2096.272961518061
2011-06-13,2095.2248250373023
2011-06-14,2120.5905611070066
2011-06-15,2082.5359797258784
2011-06-16,2081.4947117360157
2011-06-17,2086.6560119136316
2011-06-20,2097.303627058266
2011-06-21,2125.8501804364105
2011-06-22,2113.0025973271263
2011-06-23,2111.9460960284628
2011-06-24,2111.9460960284628
2011-06-27,2111.9460960284628
2011-06-28,2138.278644792406
2011-06-29,2156.5128979159917
2011-06-30,2177.036980262732
2011-07-01,2208.9692305056005
2011-07-05,2207.154133134741
2011-07-06,2206.050556068174
2011-07-07,2227.718869622362
2011-07-08,2211.8622501797186
2011-07-11,2210.756319054629
2011-07-12,2210.756319054629
2011-07-13,2210.756319054629
2011-07-14,2194.338267298793
2011-07-15,2193.2410981651437
2011-07-18,2174.0827001511407
2011-07-19,2172.995658801065
2011-07-20,2170.5986047420197
2011-07-21,2169.513305439649
2011-07-22,2169.8793618958903
2011-07-25,2157.7537849049054
2011-07-26,2156.674908012453
2011-07-27,2156.674908012453
2011-07-28,2156.674908012453
2011-07-29,2156.674908012453
2011-08-01,2156.674908012453
2011-08-02,2156.674908012453
2011-08-03,2156.674908012453
2011-08-04,2052.131837074957
2011-08-05,2051.1057711564195
2011-08-08,2051.1057711564195
2011-08-09,2051.1057711564195
2011-08-10,1957.4035673846122
2011-08-11,1956.42486560092
2011-08-12,1968.5754213319735
2011-08-15,2009.804716478186
2011-08-16,1992.5693135056677
2011-08-17,1991.5730288489149
2011-08-18,1902.7968416721776
2011-08-19,1901.8454432513415
2011-08-22,1901.8454432513415
2011-08-23,1962.4772444423174
2011-08-24,1989.9251059330918
2011-08-25,1959.3572136042426
2011-08-26,1958.3775349974405
2011-08-29,2012.8808994172107
2011-08-30,2018.1815824047028
2011-08-31,2027.1185274822426
2011-09-01,2005.7761772678946
2011-09-02,2004.7732891792607
2011-09-06,2004.7732891792607
2011-09-07,2004.7732891792607
2011-09-08,1982.8287855855106
2011-09-09,1981.837371192718
2011-09-12,1981.837371192718
2011-09-13,1998.9390656374994
2011-09-14,2026.4228887594907
2011-09-15,2061.0955165834353
2011-09-16,2073.258158683023
2011-09-19,2052.5114680396314
2011-09-20,2051.4852123056116
2011-09-21,2051.4852123056116
2011-09-22,2051.4852123056116
2011-09-23,2051.4852123056116
2011-09-26,2098.6728249377747
2011-09-27,2122.0135326927443
2011-09-28,2078.2365544618046
2011-09-29,2077.1974361845737
2011-09-30,2023.5914047936333
2011-10-03,2022.5796090912365
2011-10-04,2022.5796090912365
2011-10-05,2058.6744031852013
2011-10-06,2095.585928261377
2011-10-07,2081.5063711266816
2011-10-10,2080.4656179411186
2011-10-11,2081.5116933886043
2011-10-12,2099.6907502924505
2011-10-13,2095.513110649252
2011-10-14,2094.4653540939275
2011-10-17,2053.0456629947535
2011-10-18,2052.019140163256
2011-10-19,2026.5753510761963
2011-10-20,2025.5620634006582
2011-10-21,2062.6491681929574
2011-10-24,2087.7851485039755
2011-10-25,2046.7910549779076
2011-10-26,2045.7676594504187
2011-10-27,2114.796501389892
2011-10-28,2114.3036773690237
2011-10-31,2113.246525530339
2011-11-01,2113.246525530339
2011-11-02,2113.246525530339
2011-11-03,2150.3621306192586
2011-11-04,2137.207084205754
2011-11-07,2136.1384806636515
2011-11-08,2162.303724559823
2011-11-09,2080.983920592753
2011-11-10,2079.9434286324567
2011-11-11,2117.6890489058105
2011-11-14,2097.5302732819405
2011-11-15,2096.4815081453
2011-11-16,2061.9098897659096
2011-11-17,2060.8789348210266
2011-11-18,2060.8789348210266
2011-11-21,2060.8789348210266
2011-11-22,2060.8789348210266
2011-11-23,2060.8789348210266
2011-11-25,2060.8789348210266
2011-11-28,2060.8789348210266
2011-11-29,2065.693876895201
2011-11-30,2148.993345298473
2011-12-01,2148.650053781854
2011-12-02,2147.575728754963
2011-12-05,2147.575728754963
2011-12-06,2147.182889993483
2011-12-07,2155.1599734052566
2011-12-08,2107.3581001433063
2011-12-09,2106.304421093235
2011-12-12,2074.2781047143235
2011-12-13,2073.2409656619666
2011-12-14,2073.2409656619666
2011-12-15,2073.2409656619666
2011-12-16,2075.2765371966743
2011-12-19,2052.9691681866143
2011-12-20,2051.942683602521
2011-12-21,2054.8862618737635
2011-12-22,2073.0105566075213
2011-12-23,2091.462987416422
2011-12-27,2093.1165252570063
2011-12-28,2065.466486975063
2011-12-29,2064.433753731576
2011-12-30,2053.227530799172
2012-01-03,2052.200917033773
2012-01-04,2054.391563951476
2012-01-05,2059.8535018073285
2012-01-06,2054.5382211734413
2012-01-09,2053.510952062855
2012-01-10,2070.213207695115
2012-01-11,2071.3346275977574
2012-01-12,2076.2982044549553
2012-01-13,2065.528569628502
2012-01-17,2064.4958053436876
2012-01-18,2086.1634150317172
2012-01-19,2097.142406533946
2012-01-20,2104.9446742108285
2012-01-23,2099.51375911022
2012-01-24,2098.464002230665
2012-01-25,2098.464002230665
2012-01-26,2086.622861072328
2012-01-27,2085.579549641792
2012-01-30,2085.579549641792
2012-01-31,2085.579549641792
2012-02-01,2085.579549641792
2012-02-02,2087.8408085988654
2012-02-03,2116.9064878138406
2012-02-06,2115.488971080439
2012-02-07,2114.431226594899
2012-02-08,2119.6403272517346
2012-02-09,2122.3042473603427
2012-02-10,2106.566750009922
2012-02-13,2105.513466634917
2012-02-14,2101.814544139135
2012-02-15,2100.7636368670655
2012-02-16,2100.7636368670655
2012-02-17,2105.264368589522
2012-02-21,2106.1902340522415
2012-02-22,2099.388642075251
2012-02-23,2098.3389477542137
2012-02-24,2101.8919615741042
2012-02-27,2105.419760240564
2012-02-28,2111.550367441536
2012-02-29,2103.246379823138
2012-03-01,2102.1947566332265
2012-03-02,2094.7233160850674
2012-03-05,2093.675954427025
2012-03-06,2093.675954427025
2012-03-07,2093.675954427025
2012-03-08,2113.35671935315
2012-03-09,2121.5151988531666
2012-03-12,2121.6683917347123
2012-03-13,2159.573744654696
2012-03-14,2157.258972647596
2012-03-15,2156.180343161272
2012-03-16,2158.085567299993
2012-03-19,2166.5293608364686
2012-03-20,2160.2135560972297
2012-03-21,2159.133449319181
2012-03-22,2159.133449319181
2012-03-23,2159.133449319181
2012-03-26,2188.147335560772
2012-03-27,2181.338257188328
2012-03-28,2180.247588059734
2012-03-29,2180.247588059734
2012-03-30,2180.247588059734
2012-04-02,2195.0483508496645
2012-04-03,2186.0526350360683
2012-04-04,2184.9596087185505
2012-04-05,2184.9596087185505
2012-04-09,2184.9596087185505
2012-04-10,2184.9596087185505
2012-04-11,2184.9596087185505
2012-04-12,2212.2306856506034
2012-04-13,2185.773165390658
2012-04-16,2184.6802788079626
2012-04-17,2184.6802788079626
2012-04-18,2176.1932650297585
2012-04-19,2175.1051683972437
2012-04-20,2175.1051683972437
2012-04-23,2155.650918852245
2012-04-24,2154.573093392819
2012-04-25,2182.7957113890825
2012-04-26,2197.9546125689767
2012-04-27,2201.5578621198874
2012-04-30,2193.3878283522804
2012-05-01,2192.2911344381046
2012-05-02,2184.6433426550107
2012-05-03,2183.5510209836834
2012-05-04,2183.5510209836834
2012-05-07,2183.5510209836834
2012-05-08,2173.681814087037
2012-05-09,2172.5949731799933
2012-05-10,2172.5949731799933
2012-05-11,2164.949482398866
2012-05-14,2163.867007657667
2012-05-15,2163.867007657667
2012-05-16,2163.867007657667
2012-05-17,2163.867007657667
2012-05-18,2163.867007657667
2012-05-21,2163.867007657667
2012-05-22,2166.5528748146303
2012-05-23,2167.699634633054
2012-05-24,2171.9569705890767
2012-05-25,2164.898191091355
2012-05-29,2163.8157419958093
2012-05-30,2131.1066533642907
2012-05-31,2130.0411000376084
2012-06-01,2130.0411000376084
2012-06-04,2130.0411000376084
2012-06-05,2130.0411000376084
2012-06-06,2176.30504832939
2012-06-07,2177.623910966773
2012-06-08,2194.8708666328184
2012-06-11,2166.8234417377485
2012-06-12,2165.7400300168797
2012-06-13,2150.763148952141
2012-06-14,2149.687767377665
2012-06-15,2170.4866665781446
2012-06-18,2174.6893367715356
2012-06-19,2195.6234833405865
2012-06-20,2192.060565657784
2012-06-21,2190.964535374955
2012-06-22,2190.964535374955
2012-06-25,2154.452526129651
2012-06-26,2153.375299866586
2012-06-27,2171.6272995234767
2012-06-28,2165.4210594577826
2012-06-29,2164.3383489280536
2012-07-02,2169.765867740774
2012-07-03,2184.0241532087357
2012-07-05,2174.147792358997
2012-07-06,2173.0607184628175
2012-07-09,2173.0607184628175
2012-07-10,2173.0607184628175
2012-07-11,2173.0607184628175
2012-07-12,2161.4195923274833
2012-07-13,2160.3388825313195
2012-07-16,2154.1599204963236
2012-07-17,2153.0828405360758
2012-07-18,2167.89561509174
2012-07-19,2173.56848953558
2012-07-20,2153.5937872893514
2012-07-23,2152.5169903957067
2012-07-24,2152.5169903957067
2012-07-25,2152.5169903957067
2012-07-26,2186.6617672608522
2012-07-27,2226.601189663438
2012-07-30,2226.601189663438
2012-07-31,2225.4878890686064
2012-08-01,2225.4878890686064
2012-08-02,2225.4878890686064
2012-08-03,2225.4878890686064
2012-08-06,2228.682198552605
2012-08-07,2239.827699510347
2012-08-08,2242.5402264734375
2012-08-09,2244.454694601089
2012-08-10,2248.123196530389
2012-08-13,2247.0054397150916
2012-08-14,2245.8819369952344
2012-08-15,2247.3099247386094
2012-08-16,2263.831054450479
2012-08-17,2266.857939449794
2012-08-20,2267.017892321369
2012-08-21,2260.150818964755
2012-08-22,2259.020743555273
2012-08-23,2239.3382827993987
2012-08-24,2238.218613657999
2012-08-27,2237.574594623411
2012-08-28,2235.359418786174
2012-08-29,2234.241739076781
2012-08-30,2216.962459188794
2012-08-31,2215.8539779591997
2012-09-04,2212.7033523926007
2012-09-05,2211.5970007164046
2012-09-06,2211.5970007164046
2012-09-07,2219.0892272676097
2012-09-10,2206.4454371865972
2012-09-11,2205.342214468004
2012-09-12,2211.5824709737312
2012-09-13,2245.0255391909395
2012-09-14,2254.9581219579172
2012-09-17,2247.287232311455
2012-09-18,2246.1635886952995
2012-09-19,2246.1635886952995
2012-09-20,2245.193968671647
2012-09-21,2244.2546811720827
2012-09-24,2243.132553831497
2012-09-25,2243.132553831497
2012-09-26,2243.132553831497
2012-09-27,2243.132553831497
2012-09-28,2231.5960866264986
2012-10-01,2230.4802885831855
2012-10-02,2231.6820694016733
2012-10-03,2240.774546937371
2012-10-04,2256.7805198029037
2012-10-05,2256.9341900562736
2012-10-08,2249.199239098964
2012-10-09,2248.0746394794146
2012-10-10,2248.0746394794146
2012-10-11,2248.0746394794146
2012-10-12,2239.568473702632
2012-10-15,2238.448689465781
2012-10-16,2259.8972517993093
2012-10-17,2270.1235528406396
2012-10-18,2264.215134184316
2012-10-19,2263.083026617224
2012-10-22,2263.083026617224
2012-10-23,2230.327874783118
2012-10-24,2229.2127108457266
2012-10-25,2229.2127108457266
2012-10-26,2226.8371060589197
2012-10-31,2225.72368750589
2012-11-01,2225.72368750589
2012-11-02,2204.7311348147105
2012-11-05,2203.6287692473034
2012-11-06,2219.702561046722
2012-11-07,2168.8170556931896
2012-11-08,2167.732647165343
2012-11-09,2167.732647165343
2012-11-12,2168.3725688198642
2012-11-13,2160.8325565000337
2012-11-14,2159.752140221784
2012-11-15,2159.752140221784
2012-11-16,2159.752140221784
2012-11-19,2201.946362098242
2012-11-20,2202.89623426066
2012-11-21,2207.0069162981936
2012-11-23,2236.874484393599
2012-11-26,2232.1222276618605
2012-11-27,2231.00616654803
2012-11-28,2231.00616654803
2012-11-29,2240.2755229035447
2012-11-30,2240.7492173093583
2012-12-03,2229.6871287381273
2012-12-04,2228.5722851737582
2012-12-05,2228.5722851737582
2012-12-06,2235.004349629488
2012-12-07,2241.763224238022
2012-12-10,2242.707399762606
2012-12-11,2257.924702383205
2012-12-12,2259.0261784440336
2012-12-13,2245.1316722552206
2012-12-14,2244.009106419093
2012-12-17,2244.009106419093
2012-12-18,2267.7224000605675
2012-12-19,2250.8116555754564
2012-12-20,2249.6862497476686
2012-12-21,2228.047562759656
2012-12-24,2226.9335389782764
2012-12-26,2226.9335389782764
2012-12-27,2226.9335389782764
2012-12-28,2226.9335389782764
2012-12-31,2226.9335389782764
2013-01-02,2282.1778225590065
2013-01-03,2277.0149206918804
2013-01-04,2275.8764132315346
2013-01-07,2268.509708645095
2013-01-08,2267.3754537907726
2013-01-09,2267.3754537907726
2013-01-10,2284.195722051791
2013-01-11,2284.0398997951193
2013-01-14,2282.8978798452217
2013-01-15,2282.8978798452217
2013-01-16,2281.4459670315177
2013-01-17,2280.305244048002
2013-01-18,2284.243841932191
2013-01-22,2296.5305177419536
2013-01-23,2300.2226071719256
2013-01-24,2300.839809536677
2013-01-25,2313.738549240422
2013-01-28,2310.9650903305137
2013-01-29,2309.8096077853484
2013-01-30,2299.591646959767
2013-01-31,2298.441851136287
2013-02-01,2298.441851136287
2013-02-04,2271.311408046535
2013-02-05,2270.1757523425117
2013-02-06,2270.692744145467
2013-02-07,2267.687618347615
2013-02-08,2266.5537745384413
2013-02-11,2264.972173339613
2013-02-12,2263.8396872529433
2013-02-13,2264.6428871989906
2013-02-14,2266.7263850096197
2013-02-15,2264.0462657516923
2013-02-19,2262.9142426188164
2013-02-20,2233.4015437029875
2013-02-21,2232.284842931136
2013-02-22,2232.284842931136
2013-02-25,2188.2861952221365
2013-02-26,2187.1920521245256
2013-02-27,2213.48093341166
2013-02-28,2209.105280834727
2013-03-01,2208.00072819431
2013-03-04,2218.62256641151
2013-03-05,2238.409852497431
2013-03-06,2241.454691156191
2013-03-07,2245.514063510751
2013-03-08,2255.068463768094
2013-03-11,2263.6113519150667
2013-03-12,2258.5282049530424
2013-03-13,2257.398940850566
2013-03-14,2268.2556685661425
2013-03-15,2265.25972722821
2013-03-18,2264.127097364596
2013-03-19,2264.127097364596
2013-03-20,2264.127097364596
2013-03-21,2243.570625518017
2013-03-22,2242.4488402052584
2013-03-25,2231.9410726493848
2013-03-26,2230.82510211306
2013-03-27,2229.7096895620034
2013-03-28,2228.5948347172225
2013-04-01,2218.642605582288
2013-04-02,2217.533284279497
2013-04-03,2193.8261393492626
2013-04-04,2192.729226279588
2013-04-05,2181.761549191721
2013-04-08,2180.670668417125
2013-04-09,2187.1048021522306
2013-04-10,2213.73183319193
2013-04-11,2220.974100521839
2013-04-12,2215.5269925001235
2013-04-15,2214.4192290038736
2013-04-16,2214.4192290038736
2013-04-17,2180.7185592669825
2013-04-18,2179.628199987349
2013-04-19,2179.628199987349
2013-04-22,2188.189309000553
2013-04-23,2210.6324431765943
2013-04-24,2212.0330927482246
2013-04-25,2220.982651014096
2013-04-26,2217.0557008556457
2013-04-29,2215.947173005218
2013-04-30,2220.1187250290363
2013-05-01,2200.568475707489
2013-05-02,2199.4681914696357
2013-05-03,2220.5601423251624
2013-05-06,2226.194870132617
2013-05-07,2237.4511386492054
2013-05-08,2247.6099492456374
2013-05-09,2241.2708721538766
2013-05-10,2240.1502367177995
2013-05-13,2240.8115248617337
2013-05-14,2263.8480559465543
2013-05-15,2276.01000658846
2013-05-16,2265.2984699315957
2013-05-17,2264.16582069663
2013-05-20,2262.89684456138
2013-05-21,2261.7653961390993
2013-05-22,2243.7948611679753
2013-05-23,2242.6729637373915
2013-05-24,2242.6729637373915
2013-05-28,2242.6729637373915
2013-05-29,2226.938662752908
2013-05-30,2225.825193421532
2013-05-31,2192.5354415555707
2013-06-03,2191.439173834793
2013-06-04,2179.7843831346627
2013-06-05,2178.6944909430954
2013-06-06,2178.6944909430954
2013-06-07,2205.1440716181605
2013-06-10,2205.1440716181605
2013-06-11,2204.0414995823517
2013-06-12,2204.0414995823517
2013-06-13,2204.0414995823517
2013-06-14,2189.069907292078
2013-06-17,2187.975372338432
2013-06-18,2204.1107656118443
2013-06-19,2173.4441624094375
2013-06-20,2172.3574403282328
2013-06-21,2172.3574403282328
2013-06-24,2143.64659442323
2013-06-25,2142.5747711260183
2013-06-26,2162.6132405283743
2013-06-27,2175.269790217158
2013-06-28,2166.3395453141247
2013-07-01,2165.2563755414676
2013-07-02,2162.1605731370328
2013-07-03,2161.0794928504642
2013-07-05,2183.188493900232
2013-07-08,2195.607701095839
2013-07-09,2211.3539502423187
2013-07-10,2212.15646199195
2013-07-11,2242.0855887470707
2013-07-12,2243.021910297911
2013-07-15,2251.5754943269108
2013-07-16,2243.123984815833
2013-07-17,2242.002422823425
2013-07-18,2253.129063543101
2013-07-19,2257.1290878303143
2013-07-22,2261.5264631795862
2013-07-23,2256.719095823485
2013-07-24,2255.5907362755734
2013-07-25,2255.5907362755734
2013-07-26,2256.864066941454
2013-07-29,2249.91497504573
2013-07-30,2248.790017558207
2013-07-31,2248.790017558207
2013-08-01,2273.50904155169
2013-08-02,2277.3686770947866
2013-08-05,2274.0353134186435
2013-08-06,2272.898295761934
2013-08-07,2272.898295761934
2013-08-08,2272.898295761934
2013-08-09,2265.192953149772
2013-08-12,2264.0603566731975
2013-08-13,2264.0603566731975
2013-08-14,2251.2859139396232
2013-08-15,2250.1602709826534
2013-08-16,2250.1602709826534
2013-08-19,2250.1602709826534
2013-08-20,2250.1602709826534
2013-08-21,2235.130546129045
2013-08-22,2234.0129808559805
2013-08-23,2240.417609450948
2013-08-26,2232.065102817866
2013-08-27,2230.949070266457
2013-08-28,2230.949070266457
2013-08-29,2233.370107547611
2013-08-30,2226.2843022425377
2013-09-03,2225.1711600914164
2013-09-04,2242.3913219761525
2013-09-05,2245.2311727923675
2013-09-06,2246.3131891137473
2013-09-09,2267.7218345318574
2013-09-10,2284.4342531242455
2013-09-11,2291.5924980608875
2013-09-12,2285.496899755399
2013-09-13,2284.3541513055216
2013-09-16,2296.3943856113337
2013-09-17,2306.6193023173782
2013-09-18,2333.1629133402253
2013-09-19,2329.2506230183135
2013-09-20,2328.0859977068044
2013-09-23,2328.0859977068044
2013-09-24,2328.0859977068044
2013-09-25,2328.0859977068044
2013-09-26,2328.0859977068044
2013-09-27,2316.196370198869
2013-09-30,2315.0382720137695
2013-10-01,2315.0382720137695
2013-10-02,2311.692753266453
2013-10-03,2310.53690688982
2013-10-04,2310.53690688982
2013-10-07,2289.3200402772527
2013-10-08,2288.1753802571143
2013-10-09,2288.1753802571143
2013-10-10,2335.835911655721
2013-10-11,2350.836104253364
2013-10-14,2360.207454850036
2013-10-15,2343.023611295028
2013-10-16,2341.8520994893806
2013-10-17,2356.279719287347
2013-10-18,2372.1425557918296
2013-10-21,2372.278457204659
2013-10-22,2385.976509363805
2013-10-23,2374.5245286015156
2013-10-24,2373.337266337215
2013-10-25,2382.9660365294467
2013-10-28,2386.755149337265
2013-10-29,2399.4526095468004
2013-10-30,2387.5036687388474
2013-10-31,2386.309916904478
2013-11-01,2386.309916904478
2013-11-04,2393.4998296757917
2013-11-05,2385.9071713439953
2013-11-06,2384.7142177583232
2013-11-07,2353.179176488822
2013-11-08,2352.0025869005776
2013-11-11,2351.224691955892
2013-11-12,2346.445043168401
2013-11-13,2345.2718206468166
2013-11-14,2355.7717783279704
2013-11-15,2365.9990676291095
2013-11-18,2357.7052451590207
2013-11-19,2356.526392536441
2013-11-20,2356.526392536441
2013-11-21,2356.526392536441
2013-11-22,2367.105744743867
2013-11-25,2364.748915646036
2013-11-26,2363.5665411882133
2013-11-27,2368.132978041058
2013-11-29,2366.564847665009
2013-12-02,2365.3815652411768
2013-12-03,2365.3815652411768
2013-12-04,2365.3815652411768
2013-12-05,2365.3815652411768
2013-12-06,2365.3815652411768
2013-12-09,2370.204071656465
2013-12-10,2361.694940120958
2013-12-11,2360.514092650898
2013-12-12,2360.514092650898
2013-12-13,2360.514092650898
2013-12-16,2360.514092650898
2013-12-17,2351.8133186912337
2013-12-18,2350.6374120318883
2013-12-19,2346.743490174938
2013-12-20,2345.5701184298505
2013-12-23,2356.8949327096843
2013-12-24,2362.055099351305
2013-12-26,2374.03232529704
2013-12-27,2373.9040103984935
2013-12-30,2372.7170583932943
2013-12-31,2372.7170583932943
2014-01-02,2348.6819653420416
2014-01-03,2347.5076243593708
2014-01-06,2347.5076243593708
2014-01-07,2347.5076243593708
2014-01-08,2346.8462007784083
2014-01-09,2348.379939673655
2014-01-10,2354.7654689628685
2014-01-13,2323.2248375905656
2014-01-14,2322.0632251717702
2014-01-15,2333.3853031451677
2014-01-16,2330.351285147616
2014-01-17,2329.1861095050426
2014-01-21,2329.1861095050426
2014-01-22,2329.5384971491053
2014-01-23,2310.3736678083837
2014-01-24,2309.2184809744795
2014-01-27,2309.2184809744795
2014-01-28,2309.2184809744795
2014-01-29,2285.776652818588
2014-01-30,2284.6337644921787
2014-01-31,2270.0675099037244
2014-02-03,2268.932476148773
2014-02-04,2268.932476148773
2014-02-05,2264.950173508146
2014-02-06,2263.817698421392
2014-02-07,2290.5750089296575
2014-02-10,2294.7787612877582
2014-02-11,2319.7548689559408
2014-02-12,2320.90297676177
2014-02-13,2332.853718298345
2014-02-14,2345.693803018195
2014-02-18,2348.496952826242
2014-02-19,2332.893702624845
2014-02-20,2331.7272557735328
2014-02-21,2327.8997670473036
2014-02-24,2326.73581716378
2014-02-25,2324.690649057315
2014-02-26,2323.5283037327868
2014-02-27,2334.527158811482
2014-02-28,2340.4247470068776
2014-03-03,2323.908901375116
2014-03-04,2322.7469469244284
2014-03-05,2323.689651877035
2014-03-06,2329.0055869132443
2014-03-07,2329.994598278617
2014-03-10,2328.757222996216
2014-03-11,2327.5928443847183
2014-03-12,2327.5928443847183
2014-03-13,2300.1823111759113
2014-03-14,2299.0322200203236
2014-03-17,2299.0322200203236
2014-03-18,2314.2337341353173
2014-03-19,2301.8693881121367
2014-03-20,2300.7184534180806
2014-03-21,2290.6263247892143
2014-03-24,2289.48101162682
2014-03-25,2289.48101162682
2014-03-26,2271.8102939395594
2014-03-27,2270.67438879259
2014-03-28,2270.67438879259
2014-03-31,2288.070563428694
2014-04-01,2303.1929037219634
2014-04-02,2310.887129908982
2014-04-03,2307.8259918928707
2014-04-04,2306.672078896924
2014-04-07,2306.672078896924
2014-04-08,2306.672078896924
2014-04-09,2330.1848791628227
2014-04-10,2280.715746044646
2014-04-11,2279.5753881716237
2014-04-14,2279.5753881716237
2014-04-15,2294.08188934652
2014-04-16,2317.992840860574
2014-04-17,2321.229730153538
2014-04-21,2329.30981309652
2014-04-22,2339.8714755630117
2014-04-23,2334.3855003248113
2014-04-24,2333.218307574649
2014-04-25,2312.8437713100484
2014-04-28,2311.6873494243937
2014-04-29,2321.268838685175
2014-04-30,2328.181822320844
2014-05-01,2328.4296677535335
2014-05-02,2325.08876817527
2014-05-05,2323.9262237911826
2014-05-06,2302.448935802974
2014-05-07,2301.2977113350726
2014-05-08,2297.6961077117503
2014-05-09,2296.5472596578948
2014-05-12,2317.64932445262
2014-05-13,2319.7243115561996
2014-05-14,2308.7072627279326
2014-05-15,2307.552909096569
2014-05-16,2307.552909096569
2014-05-19,2314.850854939329
2014-05-20,2300.209583674407
2014-05-21,2299.0594788825697
2014-05-22,2303.495081247971
2014-05-23,2312.711224222229
2014-05-27,2326.8821634744477
2014-05-28,2325.1815346190247
2014-05-29,2324.0189438517154
2014-05-30,2326.5996088289717
2014-06-02,2329.2537060142527
2014-06-03,2328.0468491981524
2014-06-04,2326.8828257735536
2014-06-05,2340.8455356689265
2014-06-06,2352.014636774406
2014-06-09,2354.4207115495833
2014-06-10,2354.662034100819
2014-06-11,2346.4614124248046
2014-06-12,2345.2881817185926
2014-06-13,2345.2881817185926
2014-06-16,2346.046231128256
2014-06-17,2352.5590129672632
2014-06-18,2369.7630294892824
2014-06-19,2372.4170815558277
2014-06-20,2377.2292604833333
2014-06-23,2376.501156953194
2014-06-24,2375.3129063747174
2014-06-25,2375.3129063747174
2014-06-26,2372.424838229464
2014-06-27,2371.2386258103493
2014-06-30,2368.8419921749764
2014-07-01,2367.657571178889
2014-07-02,2368.8754294770542
2014-07-03,2380.496609521524
2014-07-07,2372.195216007299
2014-07-08,2371.009118399296
2014-07-09,2371.009118399296
2014-07-10,2360.423042055848
2014-07-11,2359.24283053482
2014-07-14,2369.9126518195526
2014-07-15,2365.47091809724
2014-07-16,2364.2881826381913
2014-07-17,2336.079667500109
2014-07-18,2334.911627666359
2014-07-21,2329.371131980004
2014-07-22,2328.2064464140144
2014-07-23,2332.2062363456103
2014-07-24,2332.3231424647006
2014-07-25,2321.378895248779
2014-07-28,2320.2182058011545
2014-07-29,2309.066102883991
2014-07-30,2307.911569832549
2014-07-31,2260.724126976343
2014-08-01,2259.593764912855
2014-08-04,2259.593764912855
2014-08-05,2236.447591349721
2014-08-06,2235.3293675540463
2014-08-07,2222.0752220624154
2014-08-08,2220.9641844513844
2014-08-11,2226.280053384006
2014-08-12,2223.176278785726
2014-08-13,2222.0646906463335
2014-08-14,2231.4214712871235
2014-08-15,2230.9659378479632
2014-08-18,2229.8504548790393
2014-08-19,2240.3426497016826
2014-08-20,2246.320412787913
2014-08-21,2252.859879957393
2014-08-22,2249.3563207202537
2014-08-25,2248.2316425598938
2014-08-26,2248.567174270997
2014-08-27,2247.669339389176
2014-08-28,2246.5455047194814
2014-08-29,2246.5455047194814
2014-09-02,2244.3026520129574
2014-09-03,2243.1805006869513
2014-09-04,2243.1805006869513
2014-09-05,2243.1805006869513
2014-09-08,2236.2508157398365
2014-09-09,2235.132690331967
2014-09-10,2235.132690331967
2014-09-11,2236.584002043038
2014-09-12,2223.4804515209166
2014-09-15,2222.368711295156
2014-09-16,2222.368711295156
2014-09-17,2224.2487173056033
2014-09-18,2236.072710716495
2014-09-19,2234.057879031583
2014-09-22,2232.940850092067
2014-09-23,2232.940850092067
2014-09-24,2232.940850092067
2014-09-25,2195.500837964087
2014-09-26,2194.4030875451053
2014-09-29,2189.3107574376804
2014-09-30,2188.2161020589615
2014-10-01,2188.2161020589615
2014-10-02,2188.2161020589615
2014-10-03,2211.0813145644856
2014-10-06,2208.4913996659766
2014-10-07,2207.3871539661436
2014-10-08,2207.3871539661436
2014-10-09,2162.064292379943
2014-10-10,2160.983260233753
2014-10-13,2160.983260233753
2014-10-14,2160.983260233753
2014-10-15,2145.232201786282
2014-10-16,2144.159585685389
2014-10-17,2144.159585685389
2014-10-20,2163.8063854060083
2014-10-21,2206.254508693668
2014-10-22,2190.5103263240194
2014-10-23,2189.4150711608577
2014-10-24,2205.1036316397785
2014-10-27,2202.0710236353248
2014-10-28,2200.9699881235074
2014-10-29,2196.539430066361
2014-10-30,2195.441160351328
2014-10-31,2219.306211752328
2014-11-03,2220.516032257123
2014-11-04,2212.7993616677663
2014-11-05,2211.6929619869325
2014-11-06,2219.42284496284
2014-11-07,2221.498302867386
2014-11-10,2228.4785887017465
2014-11-11,2230.662616951885
2014-11-12,2228.258055992455
2014-11-13,2227.143926964459
2014-11-14,2226.57522211777
2014-11-17,2227.991654186243
2014-11-18,2240.8188659425205
2014-11-19,2237.218699919327
2014-11-20,2236.1000905693672
2014-11-21,2246.9143341828203
2014-11-24,2253.2113856621895
2014-11-25,2251.5801562304855
2014-11-26,2250.4543661523703
2014-11-28,2244.554707194805
2014-12-01,2243.4324298412075
2014-12-02,2243.4324298412075
2014-12-03,2250.9609206274527
2014-12-04,2248.468976328849
2014-12-05,2247.3447418406845
2014-12-08,2231.152678920294
2014-12-09,2230.037102580834
2014-12-10,2230.037102580834
2014-12-11,2230.037102580834
2014-12-12,2192.5867485446634
2014-12-15,2191.490455170391
2014-12-16,2191.490455170391
2014-12-17,2191.490455170391
2014-12-18,2243.928237884403
2014-12-19,2253.4556205002177
2014-12-22,2263.7976395624078
2014-12-23,2266.8513870398106
2014-12-24,2267.0692771157387
2014-12-26,2274.3675804847517
2014-12-29,2277.4209196833417
2014-12-30,2265.1674662953524
2014-12-31,2264.034882562205
2015-01-02,2264.034882562205
2015-01-05,2264.034882562205
2015-01-06,2264.034882562205
2015-01-07,2264.034882562205
2015-01-08,2302.726247624324
2015-01-09,2284.1990815644817
2015-01-12,2283.0569820236997
2015-01-13,2283.0569820236997
2015-01-14,2283.0569820236997
2015-01-15,2283.0569820236997
2015-01-16,2283.0569820236997
2015-01-20,2286.779306619904
2015-01-21,2298.2942064789763
2015-01-22,2332.219879041501
2015-01-23,2319.39781298886
2015-01-26,2318.238114082366
2015-01-27,2286.2959304204587
2015-01-28,2285.1527824552486
2015-01-29,2285.1527824552486
2015-01-30,2255.091958329163
2015-02-02,2253.9644123499984
2015-02-03,2285.1986302518594
2015-02-04,2276.48074019723
2015-02-05,2275.342499827131
2015-02-06,2267.904085687164
2015-02-09,2266.7701336443206
2015-02-10,2266.7701336443206
2015-02-11,2266.9518752602385
2015-02-12,2288.6484262673594
2015-02-13,2298.050583806329
2015-02-17,2301.662334777968
2015-02-18,2301.882089523468
2015-02-19,2300.2373771433486
2015-02-20,2299.087258454777
2015-02-23,2297.610871950878
2015-02-24,2296.4620665149027
2015-02-25,2293.3615843277435
2015-02-26,2292.2149035355797
2015-02-27,2292.2149035355797
2015-03-02,2292.2149035355797
2015-03-03,2281.6417496393306
2015-03-04,2280.500928764511
2015-03-05,2280.500928764511
2015-03-06,2247.0588320352604
2015-03-09,2245.935302619243
2015-03-10,2208.080084075254
2015-03-11,2206.9760440332166
2015-03-12,2206.9760440332166
2015-03-13,2192.2968925117857
2015-03-16,2191.2007440655298
2015-03-17,2183.5821227392316
2015-03-18,2182.4903316778623
2015-03-19,2171.420980914645
2015-03-20,2170.335270424188
2015-03-23,2165.0168265974353
2015-03-24,2163.934318184137
2015-03-25,2163.934318184137
2015-03-26,2163.934318184137
2015-03-27,2163.934318184137
2015-03-30,2189.0916370243895
2015-03-31,2169.875950797438
2015-04-01,2168.791012822039
2015-04-02,2168.791012822039
2015-04-06,2182.2609897366465
2015-04-07,2176.4782412455625
2015-04-08,2175.3900021249397
2015-04-09,2183.903994108397
2015-04-10,2195.7898183418383
2015-04-13,2185.8355482059756
2015-04-14,2184.742630431873
2015-04-15,2193.431619501455
2015-04-16,2192.806980177524
2015-04-17,2191.7105766874356
2015-04-20,2191.7105766874356
2015-04-21,2188.0014396031615
2015-04-22,2186.90743888336
2015-04-23,2191.30978321973
2015-04-24,2196.389124092892
2015-04-27,2187.2380443044544
2015-04-28,2186.144425282302
2015-04-29,2176.0380425109606
2015-04-30,2174.9500234897055
2015-05-01,2174.9500234897055
2015-05-04,2180.046202317414
2015-05-05,2154.9370599881927
2015-05-06,2153.859591458199
2015-05-07,2153.859591458199
2015-05-08,2180.955362033487
2015-05-11,2170.521569429434
2015-05-12,2169.4363086447192
2015-05-13,2169.4363086447192
2015-05-14,2190.8559846699427
2015-05-15,2193.229234428913
2015-05-18,2200.0319485868577
2015-05-19,2199.309681339394
2015-05-20,2198.2100264987243
2015-05-21,2198.2100264987243
2015-05-22,2191.8532922167924
2015-05-26,2190.757365570684
2015-05-27,2190.757365570684
2015-05-28,2187.188495332687
2015-05-29,2186.094901085021
2015-06-01,2186.094901085021
2015-06-02,2182.8306019767087
2015-06-03,2181.7391866757207
2015-06-04,2162.1418137350993
2015-06-05,2161.060742828232
2015-06-08,2161.060742828232
2015-06-09,2161.060742828232
2015-06-10,2161.060742828232
2015-06-11,2166.9349371438902
2015-06-12,2150.2836447182517
2015-06-15,2149.2085028958927
2015-06-16,2149.2085028958927
2015-06-17,2151.607045449411
2015-06-18,2173.866949993161
2015-06-19,2164.1954040652927
2015-06-22,2163.11330636326
2015-06-23,2163.5623477665677
2015-06-24,2147.7919585632717
2015-06-25,2146.71806258399
2015-06-26,2146.71806258399
2015-06-29,2146.71806258399
2015-06-30,2146.71806258399
2015-07-01,2162.782570087747
2015-07-02,2160.801578112814
2015-07-06,2159.7211773237573
2015-07-07,2159.7211773237573
2015-07-08,2122.100053565618
2015-07-09,2121.0390035388355
2015-07-10,2146.5189330225307
2015-07-13,2170.080978576357
2015-07-14,2179.4740344648576
2015-07-15,2178.75023117679
2015-07-16,2177.6608560612017
2015-07-17,2178.41747013255
2015-07-20,2179.544905268584
2015-07-21,2170.9159964388095
2015-07-22,2169.8305384405903
2015-07-23,2169.8305384405903
2015-07-24,2169.8305384405903
2015-07-27,2169.8305384405903
2015-07-28,2169.8305384405903
2015-07-29,2183.6209647545684
2015-07-30,2184.1389850637875
2015-07-31,2180.821307575319
2015-08-03,2179.730896921532
2015-08-04,2179.730896921532
2015-08-05,2179.730896921532
2015-08-06,2160.7204702068775
2015-08-07,2159.640109971774
2015-08-10,2159.640109971774
2015-08-11,2138.9850547284314
2015-08-12,2137.915562201067
2015-08-13,2134.1846970852284
2015-08-14,2133.1176047366857
2015-08-17,2143.935285620857
2015-08-18,2137.715982424138
2015-08-19,2136.647124432926
2015-08-20,2136.647124432926
2015-08-21,2136.647124432926
2015-08-24,2136.647124432926
2015-08-25,2136.647124432926
2015-08-26,2136.647124432926
2015-08-27,2187.7859693731957
2015-08-28,2187.8955724974185
2015-08-31,2170.1477441514817
2015-09-01,2169.062670279406
2015-09-02,2169.062670279406
2015-09-03,2169.5320064342186
2015-09-04,2136.44148113944
2015-09-08,2135.37326039887
2015-09-09,2105.558695381168
2015-09-10,2104.5059160334777
2015-09-11,2112.995252450487
2015-09-14,2105.1409216908523
2015-09-15,2104.088351230007
2015-09-16,2121.1933245789573
2015-09-17,2116.4198686614604
2015-09-18,2115.36165872713
2015-09-21,2115.36165872713
2015-09-22,2086.667971325522
2015-09-23,2085.6246373398594
2015-09-24,2085.6246373398594
2015-09-25,2085.6246373398594
2015-09-28,2085.6246373398594
2015-09-29,2085.6246373398594
2015-09-30,2123.13772473272
2015-10-01,2128.6689106878875
2015-10-02,2160.232549423164
2015-10-05,2198.3356848268268
2015-10-06,2190.789908257988
2015-10-07,2189.694513303859
2015-10-08,2208.276771871051
2015-10-09,2209.5934847237554
2015-10-12,2211.6781488713104
2015-10-13,2197.6950441538784
2015-10-14,2196.5961966318014
2015-10-15,2196.5961966318014
2015-10-16,2205.46235405764
2015-10-19,2206.5471019082333
2015-10-20,2203.7240238634695
2015-10-21,2202.622161851538
2015-10-22,2202.622161851538
2015-10-23,2225.5342970467013
2015-10-26,2220.0578787062495
2015-10-27,2218.9478497668965
2015-10-28,2218.9478497668965
2015-10-29,2216.563947421817
2015-10-30,2215.455665448106
2015-11-02,2215.455665448106
2015-11-03,2220.7628298118857
2015-11-04,2214.016335017533
2015-11-05,2212.909326850024
2015-11-06,2212.909326850024
2015-11-09,2212.909326850024
2015-11-10,2212.909326850024
2015-11-11,2203.0860687697327
2015-11-12,2201.984525735348
2015-11-13,2201.984525735348
2015-11-16,2201.984525735348
2015-11-17,2199.2763694021555
2015-11-18,2198.1767312174547
2015-11-19,2195.1814357726303
2015-11-20,2194.083845054744
2015-11-23,2190.4691743978146
2015-11-24,2189.373939810616
2015-11-25,2187.965371576356
2015-11-27,2186.871388890568
2015-11-30,2176.680054890314
2015-12-01,2175.5917148628687
2015-12-02,2152.1881032780148
2015-12-03,2151.112009226376
2015-12-04,2151.112009226376
2015-12-07,2136.9641451854573
2015-12-08,2135.8956631128644
2015-12-09,2135.8956631128644
2015-12-10,2135.8956631128644
2015-12-11,2093.025256312688
2015-12-14,2091.9787436845318
2015-12-15,2112.7788876014015
2015-12-16,2143.469382005228
2015-12-17,2110.55572715008
2015-12-18,2109.5004492865055
2015-12-21,2109.5004492865055
2015-12-22,2127.501206729291
2015-12-23,2153.6850438107876
2015-12-24,2150.12817598674
2015-12-28,2149.053111898747
2015-12-29,2149.053111898747
2015-12-30,2132.6924571119425
2015-12-31,2131.626110883387
2016-01-04,2131.626110883387
2016-01-05,2131.626110883387
2016-01-06,2103.5009105741087
2016-01-07,2102.449160118822
2016-01-08,2102.449160118822
2016-01-11,2102.449160118822
2016-01-12,2118.2940210405222
2016-01-13,2064.79199806063
2016-01-14,2063.7596020615997
2016-01-15,2017.944643547908
2016-01-19,2016.9356712261342
2016-01-20,1989.9126769634358
2016-01-21,1988.9177206249542
2016-01-22,2028.3135406404751
2016-01-25,1997.417848332223
2016-01-26,1996.419139408057
2016-01-27,1973.5746988207366
2016-01-28,1972.5879114713264
2016-01-29,2019.1115474759579
2016-02-01,2018.3811787758607
2016-02-02,2017.371988186473
2016-02-03,2017.371988186473
2016-02-04,2019.524213594952
2016-02-05,1980.6810325641065
2016-02-08,1979.6906920478245
2016-02-09,1979.6906920478245
2016-02-10,1976.991405734617
2016-02-11,1976.00291003175
2016-02-12,1976.00291003175
2016-02-16,2008.088650722133
2016-02-17,2040.6255211796426
2016-02-18,2032.2493225577837
2016-02-19,2031.2331978965049
2016-02-22,2031.2331978965049
2016-02-23,2004.4013564315753
2016-02-24,2003.3991557533595
2016-02-25,2026.5165178903508
2016-02-26,2021.8472551029668
2016-02-29,2020.8363314754154
2016-03-01,2020.8363314754154
2016-03-02,2028.884189389537
2016-03-03,2036.8205883176329
2016-03-04,2043.4370685606543
2016-03-07,2045.0672314544547
2016-03-08,2022.6172745267902
2016-03-09,2021.605965889527
2016-03-10,2022.2167633737427
2016-03-11,2054.588278041413
2016-03-14,2051.952559618415
2016-03-15,2050.9265833386057
2016-03-16,2050.9265833386057
2016-03-17,2062.8716009175955
2016-03-18,2070.961269841287
2016-03-21,2073.898854964488
2016-03-22,2072.783490425319
2016-03-23,2071.7470986801063
2016-03-24,2071.7470986801063
2016-03-28,2071.7470986801063
2016-03-29,2089.7867441737944
2016-03-30,2098.9368719719005
2016-03-31,2093.835915125437
2016-04-01,2092.7889971678746
2016-04-04,2084.9552526452367
2016-04-05,2083.912775018914
2016-04-06,2083.912775018914
2016-04-07,2057.7842696639245
2016-04-08,2056.7553775290926
2016-04-11,2050.893723979818
2016-04-12,2049.8682771178283
2016-04-13,2069.446071609898
2016-04-14,2069.545391715658
2016-04-15,2067.2557994814256
2016-04-18,2066.222171581685
2016-04-19,2071.6970807225775
2016-04-20,2073.6695716719696
2016-04-21,2062.487556362803
2016-04-22,2061.4563125846216
2016-04-25,2061.4563125846216
2016-04-26,2061.4563125846216
2016-04-27,2064.664093010329
2016-04-28,2045.8400517365894
2016-04-29,2044.8171317107212
2016-05-02,2044.8171317107212
2016-05-03,2025.9199382793176
2016-05-04,2024.9069783101781
2016-05-05,2024.9069783101781
2016-05-06,2024.9069783101781
2016-05-09,2025.5669241235971
2016-05-10,2050.5971660338737
2016-05-11,2031.3237931822628
2016-05-12,2030.3081312856718
2016-05-13,2011.5226798248232
2016-05-16,2010.5169184849108
2016-05-17,1990.6588495936069
2016-05-18,1989.6635201688102
2016-05-19,1981.7626550673756
2016-05-20,1980.771773739842
2016-05-23,1977.0805208609609
2016-05-24,1976.0919806005304
2016-05-25,1988.4631897442082
2016-05-26,1989.0327293955581
2016-05-27,1997.5655060291033
2016-05-31,1993.7613920320935
2016-06-01,1992.7645113360775
2016-06-02,1997.8237531095501
2016-06-03,1991.8474329570533
2016-06-06,1990.8515092405748
2016-06-07,1992.9617214122518
2016-06-08,1999.4479830522714
2016-06-09,1996.7155803527598
2016-06-10,1995.7172225625836
2016-06-13,1995.7172225625836
2016-06-14,1995.7172225625836
2016-06-15,1995.7172225625836
2016-06-16,1995.7172225625836
2016-06-17,1987.2732688532292
2016-06-20,1986.2796322188026
2016-06-21,1990.916172283233
2016-06-22,1987.6664423286788
2016-06-23,1986.6726091075145
2016-06-24,1913.0270820888788
2016-06-27,1912.0705685478345
2016-06-28,1912.0705685478345
2016-06-29,1943.3983810117463
2016-06-30,1969.73789374569
2016-07-01,1973.87082787438
2016-07-05,1959.6212474702486
2016-07-06,1958.6414368465137
2016-07-07,1956.4469988279582
2016-07-08,1955.4687753285443
2016-07-11,1961.3748459463823
2016-07-12,1975.5705377847405
2016-07-13,1975.294402842245
2016-07-14,1974.3067556408241
2016-07-15,1970.668801938033
2016-07-18,1969.6834675370642
2016-07-19,1966.6960784188882
2016-07-20,1965.7127303796788
2016-07-21,1957.290902137725
2016-07-22,1956.3122566866562
2016-07-25,1950.0134691702883
2016-07-26,1949.0384624357032
2016-07-27,1945.9948202214764
2016-07-28,1945.0218228113658
2016-07-29,1947.1863755728145
2016-08-01,1945.5716835103735
2016-08-02,1944.5988976686185
2016-08-03,1944.5988976686185
2016-08-04,1945.69425328472
2016-08-05,1961.5430680293296
2016-08-08,1960.3740051679058
2016-08-09,1959.393818165322
2016-08-10,1953.5591998596728
2016-08-11,1952.582420259743
2016-08-12,1949.9085818267106
2016-08-15,1948.9336275357973
2016-08-16,1937.881175135837
2016-08-17,1936.9122345482692
2016-08-18,1940.2858360556088
2016-08-19,1937.4469551785542
2016-08-22,1936.478231700965
2016-08-23,1936.478231700965
2016-08-24,1925.579826576309
2016-08-25,1924.6170366630208
2016-08-26,1924.6170366630208
2016-08-29,1924.6170366630208
2016-08-30,1920.4794427768277
2016-08-31,1919.5192030554394
2016-09-01,1919.5192030554394
2016-09-02,1927.1925856585021
2016-09-06,1933.0081646030358
2016-09-07,1932.8320796642213
2016-09-08,1931.8656636243893
2016-09-09,1931.8656636243893
2016-09-12,1931.8656636243893
2016-09-13,1902.9269855772995
2016-09-14,1901.975522084511
2016-09-15,1901.975522084511
2016-09-16,1893.6585158650896
2016-09-19,1892.7116866071572
2016-09-20,1891.8542194994045
2016-09-21,1913.0098894008531
2016-09-22,1925.0271591965943
2016-09-23,1914.4502726467927
2016-09-26,1913.4930475104693
2016-09-27,1913.4930475104693
2016-09-28,1922.0107109464964
2016-09-29,1904.5427321513812
2016-09-30,1903.5904607853056
2016-10-03,1898.056490581089
2016-10-04,1897.1074623357986
2016-10-05,1897.1074623357986
2016-10-06,1897.478350287385
2016-10-07,1890.960499486977
2016-10-10,1890.0150192372334
2016-10-11,1865.0479174069178
2016-10-12,1864.1153934482145
2016-10-13,1857.0677567564765
2016-10-14,1856.1392228780983
2016-10-17,1848.7548156081587
2016-10-18,1847.8304382003546
2016-10-19,1851.8286432740624
2016-10-20,1848.3689571556754
2016-10-21,1847.4447726770977
2016-10-24,1854.3614109954055
2016-10-25,1848.1377396043329
2016-10-26,1847.2136707345308
2016-10-27,1847.2136707345308
2016-10-28,1847.2136707345308
2016-10-31,1847.2136707345308
2016-11-01,1832.8571228816186
2016-11-02,1831.940694320178
2016-11-03,1831.940694320178
2016-11-04,1831.940694320178
2016-11-07,1831.940694320178
2016-11-08,1839.2571136333875
2016-11-09,1858.6548122221463
2016-11-10,1863.2875887014904
2016-11-11,1858.9872464282787
2016-11-14,1858.0577528050646
2016-11-15,1871.5705221038872
2016-11-16,1868.0519899828441
2016-11-17,1867.1179639878528
2016-11-18,1862.001649100687
2016-11-21,1861.0706482761368
2016-11-22,1863.7715407944977
2016-11-23,1864.7854110645476
2016-11-25,1871.7008768681796
2016-11-28,1862.893172110862
2016-11-29,1861.9617255248068
2016-11-30,1856.557737683455
2016-12-01,1855.6294588146134
2016-12-02,1855.6294588146134
2016-12-05,1865.8182657558832
2016-12-06,1871.718775864307
2016-12-07,1896.0434002177703
2016-12-08,1900.6808724489113
2016-12-09,1912.1265149585354
2016-12-12,1909.930941661898
2016-12-13,1908.9759761910673
2016-12-14,1892.198826141543
2016-12-15,1891.2527267284722
2016-12-16,1886.6045257893907
2016-12-19,1885.661223526496
2016-12-20,1891.9783281826856
2016-12-21,1886.7060553155316
2016-12-22,1885.762702287874
2016-12-23,1885.762702287874
2016-12-27,1889.492623814554
2016-12-28,1873.8119173442524
2016-12-29,1872.8750113855804
2016-12-30,1872.8750113855804
2017-01-03,1872.8750113855804
2017-01-04,1883.047355173566
2017-01-05,1881.5512430720087
2017-01-06,1880.6104674504727
2017-01-09,1873.4519509604559
2017-01-10,1872.5152249849757
2017-01-11,1872.5152249849757
2017-01-12,1866.8734627352035
2017-01-13,1865.940026003836
2017-01-17,1858.4207144136124
2017-01-18,1857.4915040564056
2017-01-19,1849.668713030696
2017-01-20,1848.7438786741807
2017-01-23,1843.002444545492
2017-01-24,1842.0809433232193
2017-01-25,1857.0357412321175
2017-01-26,1855.0931956244826
2017-01-27,1854.1656490266705
2017-01-30,1854.1656490266705
2017-01-31,1854.1656490266705
2017-02-01,1854.1656490266705
2017-02-02,1854.4599453822125
2017-02-03,1867.1991077280488
2017-02-06,1863.857902447162
2017-02-07,1862.9259734959385
2017-02-08,1864.4344368976629
2017-02-09,1875.4627315420382
2017-02-10,1882.8489876006547
2017-02-13,1893.0692447386878
2017-02-14,1900.6170456483073
2017-02-15,1910.5133395517382
2017-02-16,1908.8864016332789
2017-02-17,1907.9319584324624
2017-02-21,1918.306548551526
2017-02-22,1916.6020737458823
2017-02-23,1915.6437727090095
2017-02-24,1917.11524537268
2017-02-27,1920.1084849572958
2017-02-28,1914.9193500723816
2017-03-01,1913.9618903973455
2017-03-02,1900.9143144970712
2017-03-03,1899.9638573398229
2017-03-06,1893.348207071112
2017-03-07,1892.4015329675765
2017-03-08,1892.4015329675765
2017-03-09,1892.4015329675765
2017-03-10,1898.0746498536123
2017-03-13,1899.0325897403477
2017-03-14,1891.7517386010043
2017-03-15,1890.8058627317039
2017-03-16,1886.1380051116976
2017-03-17,1885.1949361091417
2017-03-20,1885.1949361091417
2017-03-21,1885.1949361091417
2017-03-22,1885.1949361091417
2017-03-23,1882.2390202964193
2017-03-24,1881.2979007862712
2017-03-27,1881.2979007862712
2017-03-28,1881.2979007862712
2017-03-29,1882.1146216084144
2017-03-30,1888.098331206788
2017-03-31,1883.6987636176932
2017-04-03,1882.7569142358846
2017-04-04,1882.7569142358846
2017-04-05,1876.2105014222159
2017-04-06,1875.2723961715049
2017-04-07,1872.4219887037823
2017-04-10,1871.4857777094305
2017-04-11,1868.3223026155683
2017-04-12,1867.3881414642606
2017-04-13,1867.3881414642606
2017-04-17,1867.3881414642606
2017-04-18,1860.873845668774
2017-04-19,1859.9434087459397
2017-04-20,1859.9434087459397
2017-04-21,1853.076307399421
2017-04-24,1852.1497692457215
2017-04-25,1861.9695221952245
2017-04-26,1860.7984639801712
2017-04-27,1859.8680647481813
2017-04-28,1854.8806453056409
2017-05-01,1853.9532049829882
2017-05-02,1853.7256220341192
2017-05-03,1851.4726815943754
2017-05-04,1850.5469452535783
2017-05-05,1856.8928349345833
2017-05-08,1856.5833584768056
2017-05-09,1855.6550667975673
2017-05-10,1855.6550667975673
2017-05-11,1850.932490240917
2017-05-12,1850.0070239957968
2017-05-15,1850.0070239957968
2017-05-16,1847.3877235575326
2017-05-17,1846.4640296957539
2017-05-18,1846.4640296957539
2017-05-19,1857.5116203664961
2017-05-22,1866.9190934729008
2017-05-23,1871.0452047352992
2017-05-24,1875.4054935425022
2017-05-25,1884.3473918117552
2017-05-26,1883.9573113713877
2017-05-30,1883.0153327157022
2017-05-31,1883.0153327157022
2017-06-01,1883.0153327157022
2017-06-02,1888.3309417787657
2017-06-05,1886.938557647039
2017-06-06,1885.9950883682156
2017-06-07,1885.9950883682156
2017-06-08,1885.9809292207915
2017-06-09,1883.1160589603448
2017-06-12,1882.1745009308647
2017-06-13,1882.1745009308647
2017-06-14,1878.8458828071387
2017-06-15,1877.906459865735
2017-06-16,1877.906459865735
2017-06-19,1892.536457934619
2017-06-20,1879.7298706062747
2017-06-21,1878.7900056709718
2017-06-22,1878.7900056709718
2017-06-23,1878.7900056709718
2017-06-26,1879.0864776599617
2017-06-27,1863.8873166741978
2017-06-28,1862.9553730158607
2017-06-29,1845.5784337863963
2017-06-30,1844.6556445695032
2017-07-03,1846.8581381143354
2017-07-05,1851.1235780175919
2017-07-06,1834.1180186050656
2017-07-07,1833.2009595957632
2017-07-10,1834.251824300263
2017-07-11,1832.889156985071
2017-07-12,1831.9727124065785
2017-07-13,1834.1325021306423
2017-07-14,1842.666897853887
2017-07-17,1842.4420179993438
2017-07-18,1841.5207969903443
2017-07-19,1850.542830013149
2017-07-20,1851.3667553935159
2017-07-21,1849.7175426358576
2017-07-24,1848.7926838645399
2017-07-25,1848.7926838645399
2017-07-26,1847.9427083727667
2017-07-27,1846.2244193320114
2017-07-28,1845.3013071223454
2017-07-31,1845.3013071223454
2017-08-01,1845.3013071223454
2017-08-02,1845.273299539017
2017-08-03,1841.6908751762178
2017-08-04,1840.7700297386298
2017-08-07,1843.2695564474404
2017-08-08,1838.7275954406246
2017-08-09,1837.8082316429043
2017-08-10,1837.8082316429043
2017-08-11,1837.8082316429043
2017-08-14,1855.0181108624981
2017-08-15,1854.792754663218
2017-08-16,1853.8653582858865
2017-08-17,1823.8075980566948
2017-08-18,1822.8956942576665
2017-08-21,1822.8956942576665
2017-08-22,1840.9474286335178
2017-08-23,1834.3349400215711
2017-08-24,1833.4177725515603
2017-08-25,1833.4177725515603
2017-08-28,1832.5763813299839
2017-08-29,1834.673018761974
2017-08-30,1843.344571630687
2017-08-31,1854.4010886949764
2017-09-01,1857.0214877189517
2017-09-05,1843.6358884934098
2017-09-06,1842.7140705491631
2017-09-07,1841.5687885973423
2017-09-08,1840.6480042030437
2017-09-11,1840.6480042030437
2017-09-12,1845.9215576676559
2017-09-13,1846.8075038659304
2017-09-14,1846.216636865594
2017-09-15,1845.2935285471613
2017-09-18,1848.2913920240192
2017-09-19,1850.140830801652
2017-09-20,1850.8064007717733
2017-09-21,1845.8408642912684
2017-09-22,1844.917943859123
2017-09-25,1840.219560614739
2017-09-26,1839.2994508344318
2017-09-27,1845.5286674487977
2017-09-28,1847.7416859827895
2017-09-29,1854.2252471778124
2017-10-02,1862.2525062961272
2017-10-03,1866.233647792208
2017-10-04,1868.446640155607
2017-10-05,1879.484721265738
2017-10-06,1877.3431478248988
2017-10-09,1876.4044762509864
2017-10-10,1876.4044762509864
2017-10-11,1878.4120657796655
2017-10-12,1875.6106219368578
2017-10-13,1874.6728166258895
2017-10-16,1876.2341955658812
2017-10-17,1877.5566412354335
2017-10-18,1879.3928442574786
2017-10-19,1879.907217978535
2017-10-20,1889.5834910182384
2017-10-23,1882.2198389983823
2017-10-24,1881.2787290788833
2017-10-25,1871.0025940811713
2017-10-26,1870.0670927841309
2017-10-27,1884.3601336671038
2017-10-30,1877.3274808132858
2017-10-31,1876.3888170728792
2017-11-01,1877.9297369775936
2017-11-02,1878.658715000616
2017-11-03,1884.9205904085284
2017-11-06,1887.835807547084
2017-11-07,1886.5228184865935
2017-11-08,1885.5795570773503
2017-11-09,1877.7843254963582
2017-11-10,1876.8454333336101
2017-11-13,1876.8454333336101
2017-11-14,1871.542959336527
2017-11-15,1870.607187856859
2017-11-16,1870.607187856859
2017-11-17,1864.166076232856
2017-11-20,1863.2339931947397
2017-11-21,1874.4533979907785
2017-11-22,1872.7946393887871
2017-11-24,1871.8582420690927
2017-11-27,1869.9878279606846
2017-11-28,1869.0528340467044
2017-11-29,1866.9804011680408
2017-11-30,1866.0469109674568
2017-12-01,1861.2366892369837
2017-12-04,1860.3060708923654
2017-12-05,1860.3060708923654
2017-12-06,1860.3060708923654
2017-12-07,1865.2329669883534
2017-12-08,1875.3766331060879
2017-12-11,1881.0189244087833
2017-12-12,1884.335304821399
2017-12-13,1884.1235763077104
2017-12-14,1883.1815145195567
2017-12-15,1883.1815145195567
2017-12-18,1894.1438290370506
2017-12-19,1886.8554387795753
2017-12-20,1885.9120110601855
2017-12-21,1885.9120110601855
2017-12-22,1884.4760863888573
2017-12-26,1883.533848345663
2017-12-27,1883.533848345663
2017-12-28,1886.463510121295
2017-12-29,1879.3369521153927
2018-01-02,1878.397283639335
2018-01-03,1889.3009348620285
2018-01-04,1897.247683538414
2018-01-05,1909.8487111626832
2018-01-08,1913.3382210730188
2018-01-09,1917.663584855883
2018-01-10,1914.7283125871827
2018-01-11,1913.7709484308891
2018-01-12,1925.248932674482
2018-01-16,1918.6568502461826
2018-01-17,1917.6975218210596
2018-01-18,1913.5127351508368
2018-01-19,1912.5559787832615
2018-01-22,1927.0874785720453
2018-01-23,1931.1745429873843
2018-01-24,1930.4231468313744
2018-01-25,1929.4579352579588
2018-01-26,1950.7047423626734
2018-01-29,1937.7276087779226
2018-01-30,1936.7587449735338
2018-01-31,1936.7587449735338
2018-02-01,1933.5905394868862
2018-02-02,1932.6237442171428
2018-02-05,1932.6237442171428
2018-02-06,1932.6237442171428
2018-02-07,1921.1445065453277
2018-02-08,1920.183934292055
2018-02-09,1920.183934292055
2018-02-12,1947.2156305814879
2018-02-13,1952.0534183002844
2018-02-14,1978.2227911370778
2018-02-15,2003.305347819726
2018-02-16,2003.8913765616135
2018-02-20,1991.3054938641499
2018-02-21,1990.309841117218
2018-02-22,1990.309841117218
2018-02-23,2020.7889579851128
2018-02-26,2044.1193961691245
2018-02-27,2018.4345546976554
2018-02-28,2017.4253374203067
2018-03-01,2017.4253374203067
2018-03-02,2017.4253374203067
2018-03-05,2039.5995693975938
2018-03-06,2044.7635825701946
2018-03-07,2044.0134849218557
2018-03-08,2042.9914781793948
2018-03-09,2077.2182354084343
2018-03-12,2074.609020649005
2018-03-13,2073.5717161386806
2018-03-14,2073.5717161386806
2018-03-15,2073.5717161386806
2018-03-16,2073.5717161386806
2018-03-19,2044.2873789406199
2018-03-20,2043.2652352511498
2018-03-21,2038.3180061075416
2018-03-22,2037.298847104488
2018-03-23,2037.298847104488
2018-03-26,2037.298847104488
2018-03-27,2001.3232678185395
2018-03-28,2000.3226061846303
2018-03-29,2000.3226061846303
2018-04-02,1955.6727547237306
2018-04-03,1954.694918346369
2018-04-04,1974.5201994792378
2018-04-05,1990.0419395110437
2018-04-06,1945.1906839287633
2018-04-09,1944.218088586799
2018-04-10,1973.915475808735
2018-04-11,1963.540909853225
2018-04-12,1962.5591393982986
2018-04-13,1955.812099633437
2018-04-16,1954.8341935836204
2018-04-17,1974.658659053195
2018-04-18,1976.1203436971348
2018-04-19,1965.1272108913763
2018-04-20,1964.1446472859307
2018-04-23,1964.1446472859307
2018-04-24,1964.1446472859307
2018-04-25,1964.1446472859307
2018-04-26,1983.0291613211566
2018-04-27,1984.8897612366866
2018-04-30,1969.5657930013049
2018-05-01,1968.5810101048044
2018-05-02,1954.328711324955
2018-05-03,1953.3515469692927
2018-05-04,1953.3515469692927
2018-05-07,1958.9728082069666
2018-05-08,1958.9728082069666
2018-05-09,1957.9933218028632
2018-05-10,1975.2374954409686
2018-05-11,1981.255385011179
2018-05-14,1982.1994288813908
2018-05-15,1968.5005746505728
2018-05-16,1967.5163243632476
2018-05-17,1964.8693690342493
2018-05-18,1963.8869343497322
2018-05-21,1963.8869343497322
2018-05-22,1957.4379181727145
2018-05-23,1956.4591992136282
2018-05-24,1951.4683112792309
2018-05-25,1950.4925771235914
2018-05-29,1950.4925771235914
2018-05-30,1950.4925771235914
2018-05-31,1937.5314796033924
2018-06-01,1936.562713863591
2018-06-04,1944.7743492151196
2018-06-05,1946.1890140388075
2018-06-06,1962.392591977814
2018-06-07,1962.1805113787257
2018-06-08,1961.1994211230365
2018-06-11,1962.8250475844577
2018-06-12,1965.3603785700234
2018-06-13,1959.0791922989692
2018-06-14,1958.0996527028199
2018-06-15,1954.620206405634
2018-06-18,1953.6428963024314
2018-06-19,1953.6428963024314
2018-06-20,1953.6428963024314
2018-06-21,1940.38010006031
2018-06-22,1939.40991001028
2018-06-25,1911.8580706886637
2018-06-26,1910.9021416533194
2018-06-27,1894.0507338918146
2018-06-28,1893.1037085248688
2018-06-29,1894.8797529878539
2018-07-02,1898.9269651696159
2018-07-03,1892.2096309038766
2018-07-05,1891.2635260884247
2018-07-06,1906.2480931501248
2018-07-09,1923.3353555590854
2018-07-10,1930.2440302063583
2018-07-11,1916.073935224095
2018-07-12,1915.1158982564832
2018-07-13,1915.665514276773
2018-07-16,1913.9517322615716
2018-07-17,1912.9947563954408
2018-07-18,1916.058245558245
2018-07-19,1908.8178428257097
2018-07-20,1907.863433904297
2018-07-23,1907.863433904297
2018-07-24,1916.4867383014673
2018-07-25,1932.7505662369688
2018-07-26,1928.1858294034253
2018-07-27,1927.2217364887238
2018-07-30,1927.2217364887238
2018-07-31,1927.2217364887238
2018-08-01,1923.0353106736231
2018-08-02,1922.0737930182866
2018-08-03,1929.330864075373
2018-08-06,1936.3929199141342
2018-08-07,1942.7769786566587
2018-08-08,1941.9600596120035
2018-08-09,1940.9890795821977
2018-08-10,1940.9890795821977
2018-08-13,1940.9890795821977
2018-08-14,1940.9890795821977
2018-08-15,1925.4691149609941
2018-08-16,1924.5063804035137
2018-08-17,1930.3064355709878
2018-08-20,1934.4334986305337
2018-08-21,1938.9647587869472
2018-08-22,1937.8130023563579
2018-08-23,1936.8440958551798
2018-08-24,1936.8440958551798
2018-08-27,1951.1077313629241
2018-08-28,1952.0498244883438
2018-08-29,1962.5257523977496
2018-08-30,1954.5637704918229
2018-08-31,1953.5864886065772
2018-09-04,1949.241958614696
2018-09-05,1948.2673376353887
2018-09-06,1948.2673376353887
2018-09-07,1948.2673376353887
2018-09-10,1948.2673376353887
2018-09-11,1953.7067945456627
2018-09-12,1954.179947844343
2018-09-13,1965.7039777629977
2018-09-14,1966.0424454470933
2018-09-17,1955.6057267349192
2018-09-18,1954.627923871552
2018-09-19,1955.7327956556019
2018-09-20,1971.5170126150574
2018-09-21,1969.7154546797335
2018-09-24,1968.7305969523939
2018-09-25,1968.7305969523939
2018-09-26,1968.7305969523939
2018-09-27,1968.7305969523939
2018-09-28,1967.9499651870008
2018-10-01,1974.7748744465612
2018-10-02,1973.6234143436714
2018-10-03,1972.6366026364997
2018-10-04,1956.1711072000282
2018-10-05,1955.1930216464284
2018-10-08,1955.1930216464284
2018-10-09,1955.1930216464284
2018-10-10,1955.1930216464284
2018-10-11,1955.1930216464284
2018-10-12,1955.1930216464284
2018-10-15,1943.201264138439
2018-10-16,1942.22966350637
2018-10-17,1941.6044390286627
2018-10-18,1913.3611874318437
2018-10-19,1912.4045068381279
2018-10-22,1912.4045068381279
2018-10-23,1912.4045068381279
2018-10-24,1912.4045068381279
2018-10-25,1912.4045068381279
2018-10-26,1877.514966758316
2018-10-29,1876.576209274937
2018-10-30,1876.576209274937
2018-10-31,1895.5751832677163
2018-11-01,1915.6405595495066
2018-11-02,1904.261310873878
2018-11-05,1903.3091802184413
2018-11-06,1914.3638039948225
2018-11-07,1954.9157311387587
2018-11-08,1951.364512879169
2018-11-09,1950.3888306227295
2018-11-12,1950.3888306227295
2018-11-13,1950.3888306227295
2018-11-14,1950.3888306227295
2018-11-15,1950.3888306227295
2018-11-16,1954.478697553223
2018-11-19,1921.1370137885667
2018-11-20,1920.1764452816726
2018-11-21,1920.1764452816726
2018-11-23,1906.349025249498
2018-11-26,1905.3958507368734
2018-11-27,1910.8424979757542
2018-11-28,1954.3421461646697
2018-11-29,1950.0665469775117
2018-11-30,1949.091513704023
2018-12-03,1973.7564217363747
2018-12-04,1908.7430394554349
2018-12-06,1907.7886679357073
2018-12-07,1907.7886679357073
2018-12-10,1907.7886679357073
2018-12-11,1907.2676836924168
2018-12-12,1916.8477207615465
2018-12-13,1916.1975215699204
2018-12-14,1915.2394228091355
2018-12-17,1915.2394228091355
2018-12-18,1915.2394228091355
2018-12-19,1915.2394228091355
2018-12-20,1915.2394228091355
2018-12-21,1915.2394228091355
2018-12-24,1915.2394228091355
2018-12-26,1915.2394228091355
2018-12-27,1928.929745779008
2018-12-28,1926.4399170944482
2018-12-31,1925.476697135901
2019-01-02,1926.5165292811612
2019-01-03,1879.9867572931598
2019-01-04,1879.0467639145133
2019-01-07,1892.8650063072898
2019-01-08,1910.5659622954236
2019-01-09,1919.474150027994
2019-01-10,1926.2332942072433
2019-01-11,1926.9774298790226
2019-01-14,1915.1846237655298
2019-01-15,1914.227031453647
2019-01-16,1917.896514884259
2019-01-17,1932.3918334436057
2019-01-18,1957.9423092724326
2019-01-22,1931.3091906526108
2019-01-23,1930.3435360572846
2019-01-24,1930.4041998387524
2019-01-25,1946.669545459904
2019-01-28,1931.818074690897
2019-01-29,1930.8521656535515
2019-01-30,1930.8521656535515
2019-01-31,1946.7701084924677
2019-02-01,1947.7076212605261
2019-02-04,1961.3629928936014
2019-02-05,1969.567473079275
2019-02-06,1966.9699245558713
2019-02-07,1965.9864395935936
2019-02-08,1965.9864395935936
2019-02-11,1966.0934690048405
2019-02-12,1991.2150095269137
2019-02-13,1997.6701779017233
2019-02-14,1993.2343752832035
2019-02-15,1992.237758095562
2019-02-19,1994.687012845262
2019-02-20,1998.7024559013676
2019-02-21,1991.5828039314436
2019-02-22,1990.587012529478
2019-02-25,1992.2991194884437
2019-02-26,1990.8737676844132
2019-02-27,1989.8783308005711
2019-02-28,1989.8783308005711
2019-03-01,1989.8783308005711
2019-03-04,1981.6321096345987
2019-03-05,1980.6412935797814
2019-03-06,1980.6412935797814
2019-03-07,1980.6412935797814
2019-03-08,1980.6412935797814
2019-03-11,1980.6412935797814
2019-03-12,1987.1063579096287
2019-03-13,2000.2162042163422
2019-03-14,1998.9357437943431
2019-03-15,1997.9362759224462
2019-03-18,2004.1678238520253
2019-03-19,2004.6645343426546
2019-03-20,1998.6220778001866
2019-03-21,1997.6227667612866
2019-03-22,1957.8021281945391
2019-03-25,1956.8232271304419
2019-03-26,1956.8232271304419
2019-03-27,1945.5851885979152
2019-03-28,1944.6123960036164
2019-03-29,1955.8631518184782
2019-04-01,1978.922051744753
2019-04-02,1979.891529837095
2019-04-03,1983.004624451018
2019-04-04,1988.2587890725954
2019-04-05,1997.8596837652162
2019-04-08,1999.381984491766
2019-04-09,1989.1094302564045
2019-04-10,1988.1148755412764
2019-04-11,1986.568329892217
2019-04-12,1985.575045727271
2019-04-15,1983.2817619285456
2019-04-16,1982.2901210475814
2019-04-17,1976.4433248718228
2019-04-18,1975.455103209387
2019-04-22,1976.1693521968266
2019-04-23,1993.8593514680451
2019-04-24,1989.4292268045815
2019-04-25,1988.4345121911792
2019-04-26,1988.4345121911792
2019-04-29,1990.555755272705
2019-04-30,1991.5715357764147
2019-05-01,1976.545465187937
2019-05-02,1975.557192455343
2019-05-03,1975.557192455343
2019-05-06,1966.4225100448823
2019-05-07,1965.43929878986
2019-05-08,1965.43929878986
2019-05-09,1965.43929878986
2019-05-10,1965.43929878986
2019-05-13,1914.4330346937156
2019-05-14,1913.4758181763689
2019-05-15,1923.694955893727
2019-05-16,1941.428311044095
2019-05-17,1928.836359378333
2019-05-20,1927.871941198644
2019-05-21,1927.871941198644
2019-05-22,1920.9773661740855
2019-05-23,1920.0168774909987
2019-05-24,1920.0168774909987
2019-05-28,1901.1165876574125
2019-05-29,1900.166029363584
2019-05-30,1900.166029363584
2019-05-31,1873.4365884229962
2019-06-03,1872.4998701287848
2019-06-04,1872.4998701287848
2019-06-05,1887.7135761569807
2019-06-06,1899.948507030319
2019-06-07,1918.8673022014473
2019-06-10,1927.652365302048
2019-06-11,1927.1862683238794
2019-06-12,1926.2226751897176
2019-06-13,1926.2226751897176
2019-06-14,1923.1299795828156
2019-06-17,1922.1684145930244
2019-06-18,1941.2294185434118
2019-06-19,1945.6061488806035
2019-06-20,1964.1067965803732
2019-06-21,1961.2503870770213
2019-06-24,1960.269761883483
2019-06-25,1960.269761883483
2019-06-26,1960.269761883483
2019-06-27,1960.269761883483
2019-06-28,1969.351243971745
2019-07-01,1987.149657304992
2019-07-02,1992.3179484113975
2019-07-03,2008.1829085174534
2019-07-05,2005.8971007371333
2019-07-08,2004.8941521867648
2019-07-09,2004.8941521867648
2019-07-10,2013.4482143386363
2019-07-11,2018.162218439343
2019-07-12,2027.1780654919364
2019-07-15,2027.851969282934
2019-07-16,2021.3005968996881
2019-07-17,2020.2899466012384
2019-07-18,2020.2899466012384
2019-07-19,2008.0261490635125
2019-07-22,2007.0221359889808
2019-07-23,2020.316954881514
2019-07-24,2029.7897629205463
2019-07-25,2020.0695544657967
2019-07-26,2019.059519688564
2019-07-29,2014.369454595089
2019-07-30,2013.3622698677916
2019-07-31,2013.3622698677916
2019-08-01,2013.3622698677916
2019-08-02,2013.3622698677916
2019-08-05,2013.3622698677916
2019-08-06,2013.3622698677916
2019-08-07,2013.5446767489316
2019-08-08,2052.668227937252
2019-08-09,2038.637895369413
2019-08-12,2037.6185764217284
2019-08-13,2037.6185764217284
2019-08-14,1975.4437289285177
2019-08-15,1974.4560070640534
2019-08-16,2002.3900490842027
2019-08-19,2026.3695415928098
2019-08-20,2010.7826571706914
2019-08-21,2009.777265842106
2019-08-22,2008.1539657668998
2019-08-23,2007.1498887840164
2019-08-26,2007.1498887840164
2019-08-27,1998.254859626274
2019-08-28,1997.2557321964612
2019-08-29,2021.6066760104982
2019-08-30,2020.7080061613149
2019-09-03,2019.6976521582344
2019-09-04,2019.6976521582344
2019-09-05,2044.4869641565347
2019-09-06,2046.0647769233203
2019-09-09,2047.094323255758
2019-09-10,2046.6135375917306
2019-09-11,2045.590230822935
2019-09-12,2051.6419752173456
2019-09-13,2050.278751383747
2019-09-16,2049.2536120080554
2019-09-17,2049.2536120080554
2019-09-18,2049.45473502544
2019-09-19,2049.318284544458
2019-09-20,2048.293625402186
2019-09-23,2048.293625402186
2019-09-24,2048.293625402186
2019-09-25,2048.293625402186
2019-09-26,2042.9979550931926
2019-09-27,2041.976456115646
2019-09-30,2041.976456115646
2019-10-01,2016.5210477400726
2019-10-02,2015.5127872162027
2019-10-03,2015.5127872162027
2019-10-04,2041.5967003584237
2019-10-07,2032.7688375954222
2019-10-08,2031.7524531766246
2019-10-09,2031.7524531766246
2019-10-10,2044.431922697989
2019-10-11,2065.5172846065298
2019-10-14,2063.215568668188
2019-10-15,2062.183960883854
2019-10-16,2057.838351731138
2019-10-17,2056.8094325552725
2019-10-18,2046.7582818584071
2019-10-21,2045.734902717478
2019-10-22,2038.0186874712108
2019-10-23,2036.9996781274754
2019-10-24,2039.3062797339585
2019-10-25,2047.640173409029
2019-10-28,2059.148843763854
2019-10-29,2058.5379993371585
2019-10-30,2057.50873033749
2019-10-31,2050.993172467567
2019-11-01,2049.9676758813334
2019-11-04,2057.1623534569244
2019-11-05,2054.8854087497257
2019-11-06,2053.857966045351
2019-11-07,2060.040802812472
2019-11-08,2065.11473714485
2019-11-11,2061.167901006051
2019-11-12,2060.137317055548
2019-11-13,2059.7745460395654
2019-11-14,2062.7708547235156
2019-11-15,2077.643719721886
2019-11-18,2079.175822729967
2019-11-19,2078.576499558799
2019-11-20,2077.5372113090193
2019-11-21,2077.5372113090193
2019-11-22,2077.5372113090193
2019-11-25,2092.537955670643
2019-11-26,2097.2730088484577
2019-11-27,2106.6011314984535
2019-11-29,2098.7743253656695
2019-12-02,2097.724938202987
2019-12-03,2097.724938202987
2019-12-04,2097.724938202987
2019-12-05,2100.444248060418
2019-12-06,2119.54267227028
2019-12-09,2112.8684751437872
2019-12-10,2111.8120409062153
2019-12-11,2111.8120409062153
2019-12-12,2128.880522526513
2019-12-13,2130.15491547491
2019-12-16,2144.7393539193577
2019-12-17,2145.2087919900914
2019-12-18,2145.3431836119303
2019-12-19,2154.119622443142
2019-12-20,2163.5428973802286
2019-12-23,2166.845557694644
2019-12-24,2166.9129772701444
2019-12-26,2178.4169129872716
2019-12-27,2177.8779368676473
2019-12-30,2176.7889978992134
2019-12-31,2176.7889978992134
2020-01-02,2195.963205184894
2020-01-03,2179.271900850014
2020-01-06,2178.182264899589
2020-01-07,2170.95971099417
2020-01-08,2169.874231138673
2020-01-09,2183.4523647017
2020-01-10,2177.1602479242088
2020-01-13,2176.071667800247
2020-01-14,2171.664087830457
2020-01-15,2170.578255786542
2020-01-16,2187.4743512155605
2020-01-17,2194.272233276293
2020-01-21,2189.971684963532
2020-01-22,2188.8766991210505
2020-01-23,2190.291344724366
2020-01-24,2170.7257698399317
2020-01-27,2169.6404069550117
2020-01-28,2169.6404069550117
2020-01-29,2166.762875046429
2020-01-30,2165.679493608906
2020-01-31,2124.911802148666
2020-02-03,2123.8493462475917
2020-02-04,2154.913883824535
2020-02-05,2179.6562768920558
2020-02-06,2186.977578341335
2020-02-07,2175.290492060549
2020-02-10,2174.2028468145186
2020-02-11,2176.880298572649
2020-02-12,2190.8600372848373
2020-02-13,2188.521491544879
2020-02-14,2187.427230799107
2020-02-18,2180.689001418973
2020-02-19,2179.5986569182637
2020-02-20,2169.5358568094916
2020-02-21,2168.451088881087
2020-02-24,2168.451088881087
2020-02-25,2168.451088881087
2020-02-26,2168.451088881087
2020-02-27,2168.451088881087
2020-02-28,2168.451088881087
2020-03-02,2168.451088881087
2020-03-03,2104.373019831227
2020-03-04,2103.3208333213115
2020-03-05,2031.1633008735619
2020-03-06,2030.1477192231253
2020-03-09,2030.1477192231253
2020-03-10,2030.1477192231253
2020-03-11,1927.671661156043
2020-03-12,1926.7078253254651
2020-03-13,1926.7078253254651
2020-03-16,1702.465378521883
2020-03-17,1701.6141458326222
2020-03-18,1612.3481190949647
2020-03-19,1611.5419450354173
2020-03-20,1539.7469209267936
2020-03-23,1538.9770474663303
2020-03-24,1538.9770474663303
2020-03-25,1561.075725924445
2020-03-26,1649.6646748442931
2020-03-27,1599.781610092387
2020-03-30,1598.9817192873409
2020-03-31,1574.1693550080713
2020-04-01,1573.3822703305673
2020-04-02,1573.3822703305673
2020-04-03,1549.6878134355616
2020-04-06,1548.9129695288439
2020-04-07,1549.7167445055443
2020-04-08,1600.8842046129378
2020-04-09,1625.0622944706959
2020-04-13,1610.1568963666966
2020-04-14,1609.3518179185135
2020-04-15,1573.9825777930741
2020-04-16,1573.1955865041778
2020-04-17,1614.3455825924539
2020-04-20,1585.650606127339
2020-04-21,1584.8577808242753
2020-04-22,1584.8577808242753
2020-04-23,1583.9515658008527
2020-04-24,1583.1595900179523
2020-04-27,1605.0315417654397
2020-04-28,1597.6341564442678
2020-04-29,1596.8353393660457
2020-04-30,1581.0994728664373
2020-05-01,1580.3089231300041
2020-05-04,1580.3089231300041
2020-05-05,1594.0528810141932
2020-05-06,1583.2100659530624
2020-05-07,1582.418460920086
2020-05-08,1607.5956440366638
2020-05-11,1607.925696389856
2020-05-12,1575.5535119968133
2020-05-13,1574.765735240815
2020-05-14,1574.765735240815
2020-05-15,1581.2005382658192
2020-05-18,1628.6446752506217
2020-05-19,1611.8297746350295
2020-05-20,1611.023859747712
2020-05-21,1599.057309538693
2020-05-22,1598.2577808839237
2020-05-26,1617.0297864679035
2020-05-27,1640.912663134446
2020-05-28,1637.882131304095
2020-05-29,1637.0631902384432
2020-06-01,1642.848240656668
2020-06-02,1656.395291808023
2020-06-03,1678.2933835709123
2020-06-04,1673.8796608256794
2020-06-05,1673.0427209952666
2020-06-08,1692.3076023496544
2020-06-09,1679.64125620271
2020-06-10,1678.8014355746088
2020-06-11,1678.8014355746088
2020-06-12,1678.8014355746088
2020-06-15,1693.5624504601158
2020-06-16,1725.8496839241657
2020-06-17,1718.6652573136973
2020-06-18,1717.8059246850405
2020-06-19,1707.1016264150412
2020-06-22,1706.2480756018338
2020-06-23,1713.2321668685781
2020-06-24,1668.962930983817
2020-06-25,1668.1284495183252
2020-06-26,1627.1956061898643
2020-06-29,1626.3820083867695
2020-06-30,1646.2698563717245
2020-07-01,1657.7612202950384
2020-07-02,1666.865575187092
2020-07-06,1692.4009719671697
2020-07-07,1674.8549730929476
2020-07-08,1674.0175456064012
2020-07-09,1663.6229724136704
2020-07-10,1662.7911609274636
2020-07-13,1647.499008865359
2020-07-14,1646.6752593609265
2020-07-15,1660.9113252480095
2020-07-16,1655.4318330913009
2020-07-17,1654.6041171747554
2020-07-20,1667.0950301612434
2020-07-21,1670.6376658966576
2020-07-22,1680.1201834414437
2020-07-23,1659.95298893233
2020-07-24,1659.123012437864
2020-07-27,1659.123012437864
2020-07-28,1647.7369642724184
2020-07-29,1646.9130957902823
2020-07-30,1640.2032163585354
2020-07-31,1639.3831147503563
2020-08-03,1649.9214386437627
2020-08-04,1656.2817847743202
2020-08-05,1666.5370617334027
2020-08-06,1677.6400347142974
2020-08-07,1678.8438424469969
2020-08-10,1683.8545166204515
2020-08-11,1669.897178827294
2020-08-12,1669.0622302378806
2020-08-13,1665.207623171344
2020-08-14,1664.3750193597584
2020-08-17,1668.8212527291942
2020-08-18,1672.42301040131
2020-08-19,1665.444722800673
2020-08-20,1664.6120004392726
2020-08-21,1669.6744086391882
2020-08-24,1686.5084361277857
2020-08-25,1692.4000200558967
2020-08-26,1709.2827262328726
2020-08-27,1713.015831986947
2020-08-28,1724.0455023921802
2020-08-31,1717.7886391689253
2020-09-01,1716.929744849341
2020-09-02,1740.7274705950103
2020-09-03,1679.766367685073
2020-09-04,1678.9264845012306
2020-09-08,1678.9264845012306
2020-09-09,1678.9264845012306
2020-09-10,1648.6780659708893
2020-09-11,1647.853726937904
2020-09-14,1668.5923436476367
2020-09-15,1677.0012830709877
2020-09-16,1670.3326567895222
2020-09-17,1669.4974904611274
2020-09-18,1669.4974904611274
2020-09-21,1669.4974904611274
2020-09-22,1669.4974904611274
2020-09-23,1629.4893708787342
2020-09-24,1628.674626193295
2020-09-25,1653.9807466801224
2020-09-28,1681.2265500488527
2020-09-29,1672.0458828899218
2020-09-30,1671.2098599484768
2020-10-01,1681.0688525614312
2020-10-02,1665.0320881346533
2020-10-05,1664.1995720905861
2020-10-06,1639.5394791729868
2020-10-07,1638.7197094334003
2020-10-08,1652.3596049487403
2020-10-09,1667.0498405215747
2020-10-12,1693.6550554995522
2020-10-13,1682.5663324812672
2020-10-14,1681.7250493150266
2020-10-15,1681.7250493150266
2020-10-16,1681.7250493150266
2020-10-19,1681.7250493150266
2020-10-20,1681.7250493150266
2020-10-21,1677.6978206781805
2020-10-22,1676.8589717678415
2020-10-23,1681.703988802651
2020-10-26,1650.3355499469887
2020-10-27,1649.5103821720154
2020-10-28,1649.5103821720154
2020-10-29,1649.5103821720154
2020-10-30,1631.399465242386
2020-11-02,1630.5837655097648
2020-11-03,1658.3066873230214
2020-11-04,1694.96028176418
2020-11-05,1727.6986162624678
2020-11-06,1727.3040790722655
2020-11-09,1726.4404270327295
2020-11-10,1723.0433598543566
2020-11-11,1722.1818381744295
2020-11-12,1704.5324393557582
2020-11-13,1703.6801731360804
2020-11-16,1723.9628088501577
2020-11-17,1714.6655684849966
2020-11-18,1713.8082357007543
2020-11-19,1713.8082357007543
2020-11-20,1701.17507901526
2020-11-23,1700.3244914757524
2020-11-24,1726.6546884110785
2020-11-25,1723.9907031863945
2020-11-27,1723.1287078348014
2020-11-30,1714.6215727744166
2020-12-01,1713.7642619880294
2020-12-02,1716.5086717865097
2020-12-03,1716.0412138086479
2020-12-04,1715.1831932017437
2020-12-07,1710.7978811427001
2020-12-08,1709.942482202129
2020-12-09,1693.681862682769
2020-12-10,1692.8350217514276
2020-12-11,1692.8350217514276
2020-12-14,1692.8350217514276
2020-12-15,1692.8350217514276
2020-12-16,1694.643094814961
2020-12-17,1704.0930303193795
2020-12-18,1697.2750601226214
2020-12-21,1696.4264225925601
2020-12-22,1696.4264225925601
2020-12-23,1696.4264225925601
2020-12-24,1702.1657613158122
2020-12-28,1716.725653466842
2020-12-29,1713.4475905688987
2020-12-30,1712.5908667736144
2020-12-31,1720.4136266080593
2021-01-04,1696.831450611418
2021-01-05,1695.9830348861124
2021-01-06,1705.2442523525062
2021-01-07,1730.3933340105834
2021-01-08,1740.22452919332
2021-01-11,1728.4545713082157
2021-01-12,1727.5903440225616
2021-01-13,1731.3724059577492
2021-01-14,1725.2985294470748
2021-01-15,1724.4358801823514
2021-01-19,1724.4358801823514
2021-01-20,1747.2736625005355
2021-01-21,1748.865739610695
2021-01-22,1742.6646995035267
2021-01-25,1741.793367153775
2021-01-26,1738.2014259069213
2021-01-27,1737.3323251939678
2021-01-28,1737.3323251939678
2021-01-29,1701.3303631430408
2021-02-01,1700.4796979614694
2021-02-02,1723.505897192971
2021-02-03,1724.8605644140162
2021-02-04,1744.3541512034462
2021-02-05,1751.206494226309
2021-02-08,1763.8077917963792
2021-02-09,1762.6335681445692
2021-02-10,1761.752251360497
2021-02-11,1761.752251360497
2021-02-12,1769.552291577438
2021-02-16,1768.0191229954405
2021-02-17,1767.135113433943
2021-02-18,1758.714939548009
2021-02-19,1757.8355820782351
2021-02-22,1757.8355820782351
2021-02-23,1757.8355820782351
2021-02-24,1776.2207313129354
2021-02-25,1732.896701327283
2021-02-26,1732.0302529766193
2021-03-01,1732.0302529766193
2021-03-02,1717.5958297603227
2021-03-03,1716.7370318454425
2021-03-04,1716.7370318454425
2021-03-05,1716.7370318454425
2021-03-08,1707.3096635264194
2021-03-09,1706.4560086946562
2021-03-10,1716.192063806157
2021-03-11,1733.5049532439289
2021-03-12,1735.838093806652
2021-03-15,1746.1594709921922
2021-03-16,1743.9555093839892
2021-03-17,1743.0835316292973
2021-03-18,1716.664245043938
2021-03-19,1715.8059129214162
2021-03-22,1715.8059129214162
2021-03-23,1701.390112960566
2021-03-24,1700.539417904086
2021-03-25,1700.539417904086
2021-03-26,1726.8750562343023
2021-03-29,1726.002321469013
2021-03-30,1725.1393203082785
2021-03-31,1725.1393203082785
2021-04-01,1742.8071917632674
2021-04-05,1767.6440273239575
2021-04-06,1766.599726860487
2021-04-07,1765.7164269970567
2021-04-08,1773.1953063191968
2021-04-09,1786.0403854331653
2021-04-12,1786.6914918326947
2021-04-13,1791.978355896223
2021-04-14,1785.848255443339
2021-04-15,1784.9553313156175
2021-04-16,1790.018807486798
2021-04-19,1781.202621105778
2021-04-20,1780.3120197952253
2021-04-21,1780.3120197952253
2021-04-22,1763.0871853578917
2021-04-23,1762.205641765213
2021-04-26,1764.9997146827675
2021-04-27,1764.6195849272544
2021-04-28,1763.737275134791
2021-04-29,1763.737275134791
2021-04-30,1751.2284241753673
2021-05-03,1750.3528099632797
2021-05-04,1738.6457216448998
2021-05-05,1737.7763987840774
2021-05-06,1750.7296182678026
2021-05-07,1763.42545529787
2021-05-10,1745.876185335962
2021-05-11,1745.003247243294
2021-05-12,1745.003247243294
2021-05-13,1745.003247243294
2021-05-14,1770.7220183207805
2021-05-17,1766.2104502813693
2021-05-18,1765.3273450562288
2021-05-19,1765.3273450562288
2021-05-20,1765.3273450562288
2021-05-21,1762.998339253003
2021-05-24,1762.1168400833767
2021-05-25,1757.3218115027043
2021-05-26,1756.443150596953
2021-05-27,1756.486854399816
2021-05-28,1759.6260428736493
2021-06-01,1758.0755291645514
2021-06-02,1757.1964913999693
2021-06-03,1749.7841910955908
2021-06-04,1748.9092990000431
2021-06-07,1746.3370403482163
2021-06-08,1745.4638718280423
2021-06-09,1741.9856437957667
2021-06-10,1741.114650973869
2021-06-11,1743.1192063594376
2021-06-14,1747.0176887759872
2021-06-15,1743.8105002734578
2021-06-16,1742.938595023321
2021-06-17,1742.938595023321
2021-06-18,1742.938595023321
2021-06-21,1742.938595023321
2021-06-22,1751.3602157603193
2021-06-23,1749.248144245722
2021-06-24,1748.3735201735992
2021-06-25,1753.6984218856708
2021-06-28,1757.2304566521582
2021-06-29,1758.1755017085309
2021-06-30,1759.6546631095187
2021-07-01,1769.3704520605295
2021-07-02,1782.8432108536101
2021-07-06,1779.5928835375546
2021-07-07,1778.703087095786
2021-07-08,1763.26117322852
2021-07-09,1762.3795426419058
2021-07-12,1767.7996081785986
2021-07-13,1761.7630086040235
2021-07-14,1760.8821270997216
2021-07-15,1753.9772401110563
2021-07-16,1753.1002514910008
2021-07-19,1753.1002514910008
2021-07-20,1753.1002514910008
2021-07-21,1766.3601874346175
2021-07-22,1770.0550885498178
2021-07-23,1788.17257687364
2021-07-26,1792.5570664549007
2021-07-27,1784.3685026303165
2021-07-28,1783.4763183790014
2021-07-29,1783.4763183790014
2021-07-30,1773.9024352194017
2021-08-02,1773.0154840017922
2021-08-03,1773.0154840017922
2021-08-04,1763.3856651314125
2021-08-05,1762.5039722988467
2021-08-06,1764.5325378592631
2021-08-09,1763.0965884869352
2021-08-10,1762.2150401926917
2021-08-11,1765.7079235868193
2021-08-12,1770.99179916536
2021-08-13,1774.211603514832
2021-08-16,1778.384179104038
2021-08-17,1766.6882501213988
2021-08-18,1765.8049059963382
2021-08-19,1765.8049059963382
2021-08-20,1778.9174314216664
2021-08-23,1794.49694507229
2021-08-24,1797.3434012716239
2021-08-25,1801.1107931441884
2021-08-26,1790.4470230805252
2021-08-27,1789.5517995689852
2021-08-30,1796.5091910666208
2021-08-31,1793.8456570732885
2021-09-01,1792.948734244752
2021-09-02,1797.5599722113814
2021-09-03,1797.1235789035818
2021-09-07,1796.2250171141302
2021-09-08,1796.2250171141302
2021-09-09,1796.2250171141302
2021-09-10,1796.2250171141302
2021-09-13,1796.2250171141302
2021-09-14,1785.6077370552464
2021-09-15,1784.7149331867188
2021-09-16,1780.9913248919333
2021-09-17,1780.1008292294875
2021-09-20,1780.1008292294875
2021-09-21,1780.1008292294875
2021-09-22,1780.1008292294875
2021-09-23,1800.7086242948194
2021-09-24,1803.6724953029318
2021-09-27,1798.5050155378856
2021-09-28,1797.6057630301168
2021-09-29,1797.6057630301168
2021-09-30,1774.600700189285
2021-10-01,1773.7133998391903
2021-10-04,1749.8039804130585
2021-10-05,1748.9290784228522
2021-10-06,1755.3083053352095
2021-10-07,1770.4187981093714
2021-10-08,1767.1870624074306
2021-10-11,1766.303468876227
2021-10-12,1766.303468876227
2021-10-13,1766.303468876227
2021-10-14,1794.8834570169613
2021-10-15,1808.5014333648453
2021-10-18,1813.847232802826
2021-10-19,1827.7876845257654
2021-10-20,1834.9521617924183
2021-10-21,1839.7321090919947
2021-10-22,1837.8246946512097
2021-10-25,1836.9057823038843
2021-10-26,1837.640310090979
2021-10-27,1829.480674914807
2021-10-28,1828.5659345773497
2021-10-29,1831.3580514933967
2021-11-01,1834.5056235091931
2021-11-02,1841.9076451180663
2021-11-03,1853.118606581057
2021-11-04,1861.831044184814
2021-11-05,1868.27991457829
2021-11-08,1869.8743181024493
2021-11-09,1863.68326052156
2021-11-10,1862.7514188912994
2021-11-11,1862.7514188912994
2021-11-12,1875.8252548766673
2021-11-15,1876.4673791213386
2021-11-16,1883.879621415419
2021-11-17,1879.2974580764474
2021-11-18,1878.3578093474093
2021-11-19,1874.0568949972526
2021-11-22,1873.119866549754
2021-11-23,1873.119866549754
2021-11-24,1877.1774357160236
2021-11-26,1834.836662462738
2021-11-29,1833.9192441315067
2021-11-30,1796.966624543126
2021-12-01,1796.0681412308545
2021-12-02,1796.0681412308545
2021-12-03,1779.4734900471565
2021-12-06,1778.583753302133
2021-12-07,1814.1090698249209
2021-12-08,1818.9061463325536
2021-12-09,1806.5839296649963
2021-12-10,1805.680637700164
2021-12-13,1788.711093589566
2021-12-14,1787.8167380427712
2021-12-15,1787.8167380427712
2021-12-16,1771.0866636252672
2021-12-17,1770.2011202934546
2021-12-20,1770.2011202934546
2021-12-21,1770.2011202934546
2021-12-22,1786.9278322156863
2021-12-23,1798.0115847177456
2021-12-27,1823.2791038926878
2021-12-28,1821.7884669328128
2021-12-29,1820.8775726993465
2021-12-30,1814.9262569353252
2021-12-31,1814.0187938068577
2022-01-03,1814.0187938068577
2022-01-04,1812.504354991238
2022-01-05,1811.5981028137423
2022-01-06,1811.5981028137423
2022-01-07,1811.5981028137423
2022-01-10,1811.5981028137423
2022-01-11,1811.5981028137423
2022-01-12,1815.583209967793
2022-01-13,1790.3932709808396
2022-01-14,1789.4980743453493
2022-01-18,1756.628188267691
2022-01-19,1755.7498741735574
2022-01-20,1755.7498741735574
2022-01-21,1755.7498741735574
2022-01-24,1755.7498741735574
2022-01-25,1733.304242719354
2022-01-26,1732.4375905979946
2022-01-27,1732.4375905979946
2022-01-28,1732.4375905979946
2022-01-31,1762.4968681831192
2022-02-01,1774.365599110464
2022-02-02,1791.518916431093
2022-02-03,1748.906831446489
2022-02-04,1748.0323780307658
2022-02-07,1741.5393012058896
2022-02-08,1740.6685315552868
2022-02-09,1765.0901006002584
2022-02-10,1733.090820192248
2022-02-11,1732.224274782152
2022-02-14,1732.224274782152
2022-02-15,1732.224274782152
2022-02-16,1733.2990025477816
2022-02-17,1695.8718228403525
2022-02-18,1695.0238869289324
2022-02-22,1695.0238869289324
2022-02-23,1695.0238869289324
2022-02-24,1695.0238869289324
2022-02-25,1731.1687667275378
2022-02-28,1726.734081563854
2022-03-01,1725.8707145230721
2022-03-02,1725.8707145230721
2022-03-03,1716.3945555702896
2022-03-04,1715.5363582925047
2022-03-07,1715.5363582925047
2022-03-08,1715.5363582925047
2022-03-09,1715.5363582925047
2022-03-10,1706.9143999408086
2022-03-11,1706.0609427408383
2022-03-14,1706.0609427408383
2022-03-15,1706.0609427408383
2022-03-16,1742.625372007428
2022-03-17,1764.2920959165147
2022-03-18,1783.5107066267956
2022-03-21,1782.9890327126388
2022-03-22,1782.0975381962826
2022-03-23,1758.1069430144225
2022-03-24,1757.2278895429154
2022-03-25,1764.9096976620883
2022-03-28,1777.419417880752
2022-03-29,1799.272601306245
2022-03-30,1788.127870696522
2022-03-31,1787.2338067611738
2022-04-01,1787.2338067611738
2022-04-04,1801.5852928791076
2022-04-05,1778.6841490630704
2022-04-06,1777.794806988539
2022-04-07,1777.794806988539
2022-04-08,1772.1461265847827
2022-04-11,1771.2600535214904
2022-04-12,1771.2600535214904
2022-04-13,1771.2600535214904
2022-04-14,1748.1804816046504
2022-04-18,1747.3063913638482
2022-04-19,1774.4138865555747
2022-04-20,1773.0974979342743
2022-04-21,1772.2109491853073
2022-04-22,1772.2109491853073
2022-04-25,1772.2109491853073
2022-04-26,1719.242446595267
2022-04-27,1718.3828253719694
2022-04-28,1760.389609941494
2022-04-29,1694.1009400061253
2022-05-02,1693.2538895361222
2022-05-03,1700.1511454666058
2022-05-04,1751.1530993965737
2022-05-05,1687.7791226232762
2022-05-06,1686.9352330619647
2022-05-09,1686.9352330619647
2022-05-10,1686.9352330619647
2022-05-11,1659.0777159282986
2022-05-12,1658.2481770703346
2022-05-13,1658.2481770703346
2022-05-16,1650.6773360944576
2022-05-17,1649.8519974264104
2022-05-18,1581.1411594824197
2022-05-19,1580.3505889026785
2022-05-20,1580.3505889026785
2022-05-23,1608.8558154996908
2022-05-24,1596.5271361511182
2022-05-25,1595.7288725830426
2022-05-26,1626.5017056175282
2022-05-27,1665.9485967909598
2022-05-31,1656.5745826519149
2022-06-01,1655.7462953605889
2022-06-02,1655.7462953605889
2022-06-03,1627.5200340071967
2022-06-06,1626.7062739901933
2022-06-07,1641.4219818903332
2022-06-08,1623.4787972503284
2022-06-09,1622.6670578517032
2022-06-10,1622.6670578517032
2022-06-13,1622.6670578517032
2022-06-14,1622.6670578517032
2022-06-15,1622.6670578517032
2022-06-16,1567.2428581082677
2022-06-17,1566.4592366792137
2022-06-21,1604.6213693774498
2022-06-22,1601.7095255473678
2022-06-23,1600.9086707845943
2022-06-24,1650.2148866509126
2022-06-27,1643.8993006679907
2022-06-28,1643.0773510176568
2022-06-29,1643.0773510176568
2022-06-30,1643.0773510176568
2022-07-01,1643.0773510176568
2022-07-05,1645.3558895583287
2022-07-06,1650.9035252297044
2022-07-07,1675.4458243723336
2022-07-08,1674.0673761275793
2022-07-11,1673.2303424395157
2022-07-12,1673.2303424395157
2022-07-13,1673.2303424395157
2022-07-14,1673.2303424395157
2022-07-15,1673.2303424395157
2022-07-18,1658.5205422031102
2022-07-19,1657.6912819320087
2022-07-20,1667.3935248756977
2022-07-21,1684.2867748930942
2022-07-22,1668.5870972360576
2022-07-25,1667.7528036874396
2022-07-26,1647.0701555747853
2022-07-27,1646.246620496998
2022-07-28,1665.9427726169336
2022-07-29,1690.0548204513982
2022-08-01,1685.0428592616263
2022-08-02,1684.2003378319955
2022-08-03,1684.2003378319955
2022-08-04,1682.2204394687549
2022-08-05,1681.3793292490207
2022-08-08,1681.3793292490207
2022-08-09,1681.3793292490207
2022-08-10,1681.3793292490207
2022-08-11,1680.5386395843962
2022-08-12,1679.6983702646041
2022-08-15,1685.7660229809362
2022-08-16,1689.0649528137394
2022-08-17,1677.0331623157447
2022-08-18,1676.1946457345869
2022-08-19,1652.6790601778582
2022-08-22,1651.8527206477693
2022-08-23,1651.8527206477693
2022-08-24,1651.8527206477693
2022-08-25,1674.1837308974348
2022-08-26,1616.5330027534023
2022-08-29,1615.7247362520257
2022-08-30,1615.7247362520257
2022-08-31,1615.7247362520257
2022-09-01,1615.7247362520257
2022-09-02,1597.7895382723534
2022-09-06,1596.9906435032174
2022-09-07,1596.9906435032174
2022-09-08,1606.5965838691206
2022-09-09,1631.3639837691203
2022-09-12,1648.8036560880269
2022-09-13,1575.5041722224648
2022-09-14,1574.7164201363537
2022-09-15,1555.9486276442674
2022-09-16,1555.1706533304452
2022-09-19,1555.1706533304452
2022-09-20,1536.438740169121
2022-09-21,1535.6705207990365
2022-09-22,1535.6705207990365
2022-09-23,1535.6705207990365
2022-09-26,1535.6705207990365
2022-09-27,1535.6705207990365
2022-09-28,1535.6705207990365
2022-09-29,1502.4846816640675
2022-09-30,1501.7334393232354
2022-10-03,1501.7334393232354
2022-10-04,1546.8098459047178
2022-10-05,1543.2041556981794
2022-10-06,1542.4325536203305
2022-10-07,1542.4325536203305
2022-10-10,1542.4325536203305
2022-10-11,1542.4325536203305
2022-10-12,1542.4325536203305
2022-10-13,1542.4325536203305
2022-10-14,1506.1045741160644
2022-10-17,1505.3515218290065
2022-10-18,1522.1828954060395
2022-10-19,1511.3576867304107
2022-10-20,1510.6020078870456
2022-10-21,1510.6020078870456
2022-10-24,1528.2188658443188
2022-10-25,1552.4297674998577
2022-10-26,1540.6893643940416
2022-10-27,1539.9190197118446
2022-10-28,1539.9190197118446
2022-10-31,1527.9853287080007
2022-11-01,1527.2213360436467
2022-11-02,1527.2213360436467
2022-11-03,1527.2213360436467
2022-11-04,1527.2213360436467
2022-11-07,1540.9970706575966
2022-11-08,1549.288935011857
2022-11-09,1517.0369729385372
2022-11-10,1516.278454452068
2022-11-11,1530.1250115663158
2022-11-14,1517.0528817129355
2022-11-15,1516.294355272079
2022-11-16,1503.924369917403
2022-11-17,1503.1724077324445
2022-11-18,1503.1724077324445
2022-11-21,1496.9451052885681
2022-11-22,1496.196632735924
2022-11-23,1504.847646578332
2022-11-25,1504.5108482993767
2022-11-28,1503.7585928752271
2022-11-29,1503.7585928752271
2022-11-30,1503.7585928752271
2022-12-01,1501.8997595634296
2022-12-02,1501.1488096836479
2022-12-05,1501.1488096836479
2022-12-06,1501.1488096836479
2022-12-07,1501.1488096836479
2022-12-08,1501.1488096836479
2022-12-09,1489.1420272304576
2022-12-12,1488.3974562168426
2022-12-13,1498.8775443641757
2022-12-14,1489.2635493276705
2022-12-15,1488.5189175530068
2022-12-16,1488.5189175530068
2022-12-19,1488.5189175530068
2022-12-20,1488.5189175530068
2022-12-21,1509.8667051332425
2022-12-22,1488.1715210511322
2022-12-23,1487.4274352906068
2022-12-27,1480.8066797225556
2022-12-28,1480.0662763826945
2022-12-29,1480.0662763826945
2022-12-30,1475.422621272856
2023-01-03,1474.6849099622198
2023-01-04,1474.6849099622198
2023-01-05,1457.019657319371
2023-01-06,1456.2911474907114
2023-01-09,1454.7371108843013
2023-01-10,1454.0097423288591
2023-01-11,1471.5574498147676
2023-01-12,1476.9053069293532
2023-01-13,1482.6239226639877
2023-01-17,1479.9054617234765
2023-01-18,1479.1655089926148
2023-01-19,1479.1655089926148
2023-01-20,1479.1655089926148
2023-01-23,1496.0682887641697
2023-01-24,1494.4617393068258
2023-01-25,1493.7145084371725
2023-01-26,1509.2942376348226
2023-01-27,1512.7583769129576
2023-01-30,1493.6581324837443
2023-01-31,1492.9113034175025
2023-02-01,1507.9476890708222
2023-02-02,1529.7403499671484
2023-02-03,1513.3938647408047
2023-02-06,1512.6371678084345
2023-02-07,1512.6371678084345
2023-02-08,1495.249191372128
2023-02-09,1494.5015667764421
2023-02-10,1494.5015667764421
2023-02-13,1511.1959546054575
2023-02-14,1510.5006841881727
2023-02-15,1509.7454338460786
2023-02-16,1488.0588138722992
2023-02-17,1487.3147844653631
2023-02-21,1487.3147844653631
2023-02-22,1487.3147844653631
2023-02-23,1487.3147844653631
2023-02-24,1470.597719381527
2023-02-27,1469.8624205218364
2023-02-28,1463.6850821833161
2023-03-01,1462.9532396422246
2023-03-02,1462.9532396422246
2023-03-03,1485.4979588737733
2023-03-06,1486.5265892345162
2023-03-07,1463.5636480590492
2023-03-08,1462.8318662350198
2023-03-09,1434.8592554881766
2023-03-10,1434.1418258604326
2023-03-13,1434.1418258604326
2023-03-14,1434.1418258604326
2023-03-15,1424.4270192825754
2023-03-16,1423.7148057729341
2023-03-17,1406.2576190883947
2023-03-20,1405.5544902788506
2023-03-21,1423.1874379726055
2023-03-22,1398.7180157474877
2023-03-23,1398.018656739614
2023-03-24,1406.4635468852225
2023-03-27,1409.0908607699173
2023-03-28,1405.9244381265335
2023-03-29,1405.2214759074702
2023-03-30,1412.7227652717588
2023-03-31,1432.4957072089232
2023-04-03,1437.9439997792317
2023-04-04,1429.9439287469008
2023-04-05,1429.2289567825276
2023-04-06,1429.2289567825276
2023-04-10,1429.9803337330552
2023-04-11,1430.3644809290847
2023-04-12,1424.5223222594552
2023-04-13,1423.8100610983256
2023-04-14,1419.6156323581063
2023-04-17,1418.9058245419274
2023-04-18,1419.1214321477519
2023-04-19,1418.8816791415568
2023-04-20,1418.172238301986
2023-04-21,1418.172238301986
2023-04-24,1418.9417585172482
2023-04-25,1396.2370044853358
2023-04-26,1395.5388859830932
2023-04-27,1395.5388859830932
2023-04-28,1406.7015981903676
2023-05-01,1405.2804355369983
2023-05-02,1404.5777953192298
2023-05-03,1404.5777953192298
2023-05-04,1404.5777953192298
2023-05-05,1404.5777953192298
2023-05-08,1404.2498536384958
2023-05-09,1398.0782621124615
2023-05-10,1397.3792229814053
2023-05-11,1394.241509741749
2023-05-12,1393.5443889868782
2023-05-15,1393.5443889868782
2023-05-16,1383.5037091407
2023-05-17,1382.8119572861297
2023-05-18,1395.3777705442728
2023-05-19,1393.3459030880638
2023-05-22,1392.64923013652
2023-05-23,1376.234918995981
2023-05-24,1375.546801536483
2023-05-25,1375.546801536483
2023-05-26,1392.5587715185402
2023-05-30,1393.0893547621679
2023-05-31,1385.3430348234474
2023-06-01,1384.6503633060358
2023-06-02,1403.8382071854774
2023-06-05,1401.145543432828
2023-06-06,1400.4449706611117
2023-06-07,1394.894071219836
2023-06-08,1394.196624184226
2023-06-09,1395.9984655931014
2023-06-12,1408.6057638513641
2023-06-13,1417.8621397856868
2023-06-14,1419.549562377154
2023-06-15,1437.0406147291906
2023-06-16,1432.137318743584
2023-06-20,1431.4212500842123
2023-06-21,1431.4212500842123
2023-06-22,1431.4212500842123
2023-06-23,1419.8429984776587
2023-06-26,1419.13307697842
2023-06-27,1419.13307697842
2023-06-28,1419.139061635972
2023-06-29,1424.7216121119275
2023-06-30,1441.435772272713
2023-07-03,1443.0931711114672
2023-07-05,1440.9457192348025
2023-07-06,1440.2252463751852
2023-07-07,1440.2252463751852
2023-07-10,1440.2252463751852
2023-07-11,1448.6484616910602
2023-07-12,1460.2574894225545
2023-07-13,1471.801513821039
2023-07-14,1470.8845908756432
2023-07-17,1470.1491485802055
2023-07-18,1480.2976251294776
2023-07-19,1483.5858183707826
2023-07-20,1473.7101658012248
2023-07-21,1472.9733107183242
2023-07-24,1472.9733107183242
2023-07-25,1476.2528314857004
2023-07-26,1476.4798007323514
2023-07-27,1466.658060473305
2023-07-28,1465.9247314430686
2023-07-31,1467.9805894426345
2023-08-01,1463.7736858683886
2023-08-02,1463.0417990254546
2023-08-03,1463.0417990254546
2023-08-04,1463.0417990254546
2023-08-07,1463.0417990254546
2023-08-08,1455.9340997285099
2023-08-09,1455.2061326786456
2023-08-10,1455.2061326786456
2023-08-11,1453.629666441963
2023-08-14,1452.9028516087421
2023-08-15,1435.152250607996
2023-08-16,1434.4346744826921
2023-08-17,1434.4346744826921
2023-08-18,1434.4346744826921
2023-08-21,1443.0202200603565
2023-08-22,1439.1062291342928
2023-08-23,1438.3866760197257
2023-08-24,1417.5932326604423
2023-08-25,1416.8844360441121
2023-08-28,1425.1326506006799
2023-08-29,1445.5848477759846
2023-08-30,1451.5268102628845
2023-08-31,1449.4013108721704
2023-09-01,1448.6766102167344
2023-09-05,1441.6777493270167
2023-09-06,1440.9569104523532
2023-09-07,1440.9569104523532
2023-09-08,1440.9569104523532
2023-09-11,1449.6820363332981
2023-09-12,1441.7076482129237
2023-09-13,1440.9867943888173
2023-09-14,1452.6379238767674
2023-09-15,1435.0299103816517
2023-09-18,1434.3123954264609
2023-09-19,1430.6176802635437
2023-09-20,1429.902371423412
2023-09-21,1429.902371423412
2023-09-22,1429.902371423412
2023-09-25,1429.902371423412
2023-09-26,1408.0244895460023
2023-09-27,1407.3204773012294
2023-09-28,1414.7520248939327
2023-09-29,1411.3143246750985
2023-10-02,1410.608667512761
2023-10-03,1410.608667512761
2023-10-04,1410.608667512761
2023-10-05,1409.371555756077
2023-10-06,1408.666869978199
2023-10-09,1416.9526831944618
2023-10-10,1424.3083068427088
2023-10-11,1430.1308059785838
2023-10-12,1421.385405339439
2023-10-13,1420.6747126367695
2023-10-16,1420.6747126367695
2023-10-17,1419.8990938206382
2023-10-18,1419.189144273728
2023-10-19,1419.189144273728
2023-10-20,1419.189144273728
2023-10-23,1419.189144273728
2023-10-24,1419.189144273728
2023-10-25,1397.9634724581733
2023-10-26,1397.2644907219444
2023-10-27,1397.2644907219444
2023-10-30,1397.2644907219444
2023-10-31,1405.3135761709555
2023-11-01,1420.2216090313752
2023-11-02,1447.1818073424968
2023-11-03,1460.3251855910426
2023-11-06,1463.6806368552486
2023-11-07,1467.840374752668
2023-11-08,1468.9151506729413
2023-11-09,1457.4145361352305
2023-11-10,1456.6858288671629
2023-11-13,1454.5684659164206
2023-11-14,1453.8411816834625
2023-11-15,1456.1888798747298
2023-11-16,1457.968909816707
2023-11-17,1459.781239648887
2023-11-20,1470.9749848687134
2023-11-21,1467.7657953838425
2023-11-22,1467.0319124861508
2023-11-24,1467.2008792391985
2023-11-27,1464.5562367474613
2023-11-28,1463.8239586290877
2023-11-29,1462.0619818782018
2023-11-30,1461.3309508872628
2023-12-01,1469.2199836794175
2023-12-04,1461.4872792985097
2023-12-05,1460.7565356588607
2023-12-06,1460.7565356588607
2023-12-07,1460.7565356588607
2023-12-08,1466.2926443294637
2023-12-11,1471.9848913367055
2023-12-12,1478.692571791031
2023-12-13,1498.9445385817796
2023-12-14,1503.7474636100412
2023-12-15,1501.2695577035101
2023-12-18,1500.5189229246585
2023-12-19,1508.8654754701133
2023-12-20,1487.8103094669152
2023-12-21,1487.066404312182
2023-12-22,1489.3084392084058
2023-12-26,1495.5837524943624
2023-12-27,1498.2855124015357
2023-12-28,1498.8513820787616
2023-12-29,1494.5058047067698
2024-01-02,1493.7585518044166
2024-01-03,1493.7585518044166
2024-01-04,1493.7585518044166
2024-01-05,1493.7585518044166
2024-01-08,1514.1856286214888
2024-01-09,1511.886944529963
2024-01-10,1511.1310010576983
2024-01-11,1509.709309136072
2024-01-12,1508.9544544815042
2024-01-16,1502.6498682533863
2024-01-17,1501.8985433192597
2024-01-18,1501.8985433192597
2024-01-19,1519.7547093742842
2024-01-22,1522.9645869677329
2024-01-23,1527.3999562163226
2024-01-24,1529.068531358186
2024-01-25,1537.3624859872791
2024-01-26,1535.408415815339
2024-01-29,1534.6407116074313
2024-01-30,1532.6860105884055
2024-01-31,1531.9196675831113
2024-02-01,1531.9196675831113
2024-02-02,1547.1964642545586
2024-02-05,1541.552474573714
2024-02-06,1540.7816983364273
2024-02-07,1552.8087268138058
2024-02-08,1553.494336432763
2024-02-09,1562.446856002343
2024-02-12,1561.7609558832728
2024-02-13,1560.9800754053313
2024-02-14,1560.9800754053313
2024-02-15,1570.9328880466935
2024-02-16,1563.0901215870642
2024-02-20,1562.3085765262708
2024-02-21,1562.3085765262708
2024-02-22,1593.5302618173625
2024-02-23,1594.628850795546
2024-02-26,1588.7776920774613
2024-02-27,1587.9833032314227
2024-02-28,1585.0892347027846
2024-02-29,1584.2966900854333
2024-03-01,1598.3091487513664
2024-03-04,1596.5940033998259
2024-03-05,1595.795706398126
2024-03-06,1595.795706398126
2024-03-07,1610.7602498921115
2024-03-08,1601.0631260235778
2024-03-11,1600.262594460566
2024-03-12,1600.262594460566
2024-03-13,1596.952275612947
2024-03-14,1596.1537994751407
2024-03-15,1596.1537994751407
2024-03-18,1596.1537994751407
2024-03-19,1604.2010018255314
2024-03-20,1618.9708047190375
2024-03-21,1624.3119880200736
2024-03-22,1621.2296441496978
2024-03-25,1620.419029327623
2024-03-26,1620.419029327623
2024-03-27,1620.419029327623
2024-03-28,1619.2989786660944
2024-04-01,1618.4893291767614
2024-04-02,1618.4893291767614
2024-04-03,1618.4893291767614
2024-04-04,1597.8030947251198
2024-04-05,1597.0041931777573
2024-04-08,1597.0987974801574
2024-04-09,1598.9451817680904
2024-04-10,1582.8538496322944
2024-04-11,1582.0624227074784
2024-04-12,1559.2817484924
2024-04-15,1558.502107618154
2024-04-16,1558.502107618154
2024-04-17,1558.502107618154
2024-04-18,1558.502107618154
2024-04-19,1558.502107618154
2024-04-22,1558.502107618154
2024-04-23,1576.1080120509735
2024-04-24,1575.3597741747708
2024-04-25,1574.5720942876835
2024-04-26,1574.5720942876835
2024-04-29,1579.3512072575043
2024-04-30,1554.1320570528505
2024-05-01,1553.3549910243241
2024-05-02,1553.3549910243241
2024-05-03,1571.7144221760154
2024-05-06,1587.8617958686473
2024-05-07,1589.6132310944458
2024-05-08,1589.7666697994518
2024-05-09,1598.9001410329727
2024-05-10,1600.958647415775
2024-05-13,1601.173606698347
2024-05-14,1608.5034587367365
2024-05-15,1628.2991596288728
2024-05-16,1624.9456539234652
2024-05-17,1624.1331810965037
2024-05-20,1625.1911990533208
2024-05-21,1629.1722712632757
2024-05-22,1624.4747062019428
2024-05-23,1623.6624688488419
2024-05-24,1623.6624688488419
2024-05-28,1623.9849880333256
2024-05-29,1612.5726990366127
2024-05-30,1611.7664126870945
2024-05-31,1611.7664126870945
2024-06-03,1612.2741942597304
2024-06-04,1614.075725006669
2024-06-05,1633.1461890426624
2024-06-06,1633.115237095071
2024-06-07,1632.2986794765236
2024-06-10,1632.2986794765236
2024-06-11,1635.4088360163576
2024-06-12,1648.785978972404
2024-06-13,1652.102284543911
2024-06-14,1653.1071661701942
2024-06-17,1666.2122608503164
2024-06-18,1670.4399444490148
2024-06-20,1665.895910433334
2024-06-21,1665.0629624781175
2024-06-24,1665.0629624781175
2024-06-25,1665.0629624781175
2024-06-26,1666.307361585759
2024-06-27,1668.9321568343871
2024-06-28,1662.3518611565055
2024-07-01,1661.5206852259273
2024-07-02,1671.8338217690148
2024-07-03,1679.278218373198
2024-07-05,1688.9336227413628
2024-07-08,1690.8817148460296
2024-07-09,1692.5252002277462
2024-07-10,1709.1906480970047
2024-07-11,1694.3890933008315
2024-07-12,1693.5418987541811
2024-07-15,1697.346233288225
2024-07-16,1707.3816744156481
2024-07-17,1683.2728802287936
2024-07-18,1682.4312437886792
2024-07-19,1682.4312437886792
2024-07-22,1682.4312437886792
2024-07-23,1678.948742704456
2024-07-24,1678.109268333104
2024-07-25,1678.109268333104
2024-07-26,1678.109268333104
2024-07-29,1678.2564276630026
2024-07-30,1669.7320241088917
2024-07-31,1668.8971580968373
2024-08-01,1644.2607934404004
2024-08-02,1643.4386630436804
2024-08-05,1643.4386630436804
2024-08-06,1643.4386630436804
2024-08-07,1631.5955027959449
2024-08-08,1630.779705044547
2024-08-09,1637.1396886847044
2024-08-12,1637.9994087500331
2024-08-13,1664.718600174574
2024-08-14,1669.9618216755125
2024-08-15,1698.342922371691
2024-08-16,1702.1462540254608
2024-08-19,1718.3437469689375
2024-08-20,1715.5474676242457
2024-08-21,1714.6896938904335
2024-08-22,1700.3215773541108
2024-08-23,1699.4714165654339
2024-08-26,1694.5655719248095
2024-08-27,1693.7182891388472
2024-08-28,1683.0101054378517
2024-08-29,1682.168600385133
2024-08-30,1697.3093151961918
2024-09-03,1662.0157706997052
2024-09-04,1661.1847628143555
2024-09-05,1661.1847628143555
2024-09-06,1661.1847628143555
2024-09-09,1661.1847628143555
2024-09-10,1667.5741366530613
2024-09-11,1684.5946480556256
2024-09-12,1698.7250983969216
2024-09-13,1707.5740465217448
2024-09-16,1710.094135739735
2024-09-17,1710.792494309549
2024-09-18,1705.711126132138
2024-09-19,1704.858270569072
2024-09-20,1701.0558750925118
2024-09-23,1700.2053471549657
2024-09-24,1704.2130791378713
2024-09-25,1700.4502697002772
2024-09-26,1699.6000445654272
2024-09-27,1696.2834313233664
2024-09-30,1695.4352896077048
2024-10-01,1679.3307006832513
2024-10-02,1678.4910353329099
2024-10-03,1674.5804601693671
2024-10-04,1673.7431699392826
2024-10-07,1657.7062144820761
2024-10-08,1656.8773613748351
2024-10-09,1667.485862943334
2024-10-10,1664.5650270253027
2024-10-11,1663.73274451179
2024-10-14,1676.4523973425123
2024-10-15,1663.3757794798569
2024-10-16,1662.544091590117
2024-10-17,1661.8553301821387
2024-10-18,1668.2354850223592
2024-10-21,1665.4936455833138
2024-10-22,1664.6608987605223
2024-10-23,1664.6608987605223
2024-10-24,1664.6608987605223
2024-10-25,1663.2534180504822
2024-10-28,1662.421791341457
2024-10-29,1664.2788303552038
2024-10-30,1659.2364237846716
2024-10-31,1658.4068055727794
2024-11-01,1658.4068055727794
2024-11-04,1654.001826120317
2024-11-05,1653.1748252072568
2024-11-06,1692.9524232299393
2024-11-07,1705.9922941990687
2024-11-08,1713.3661736963397
2024-11-11,1714.9980713093257
2024-11-12,1709.662487953117
2024-11-13,1708.8076567091407
2024-11-14,1696.9297440579687
2024-11-15,1696.0812791859398
2024-11-18,1696.0812791859398
2024-11-19,1701.4221006874984
2024-11-20,1701.9983847019107
2024-11-21,1711.110584960763
2024-11-22,1716.4060145414437
2024-11-25,1722.218271149147
2024-11-26,1731.187416082721
2024-11-27,1725.933815410809
2024-11-29,1725.0708485031037
2024-12-02,1727.2975000507797
2024-12-03,1728.0984653300782
2024-12-04,1738.7957955016127
2024-12-05,1735.932189540418
2024-12-06,1735.064223445648
2024-12-09,1725.2384718303877
2024-12-10,1724.3758525944725
2024-12-11,1724.3758525944725
2024-12-12,1714.6056626416594
2024-12-13,1713.7483598103386
2024-12-16,1713.7483598103386
2024-12-17,1705.8160128262614
2024-12-18,1704.9631048198482
2024-12-19,1704.9631048198482
2024-12-20,1704.9631048198482
2024-12-23,1714.2901296315865
2024-12-24,1733.23931193495
2024-12-26,1733.3548440612315
2024-12-27,1715.011785713192
2024-12-30,1714.1542798203354
2024-12-31,1714.1542798203354
