Date,Equity
2015-04-04,10000.0
2015-04-05,10000.0
2015-04-06,10000.0
2015-04-07,10000.0
2015-04-08,10000.0
2015-04-09,10000.0
2015-04-10,10000.0
2015-04-11,10000.0
2015-04-12,10000.0
2015-04-13,10000.0
2015-04-14,10000.0
2015-04-15,10000.0
2015-04-16,10000.0
2015-04-17,10000.0
2015-04-18,10000.0
2015-04-19,10000.0
2015-04-20,10000.0
2015-04-21,10000.0
2015-04-22,10000.0
2015-04-23,10000.0
2015-04-24,10000.0
2015-04-25,10000.0
2015-04-26,10000.0
2015-04-27,10000.0
2015-04-28,10000.0
2015-04-29,10000.0
2015-04-30,10000.0
2015-05-01,10000.0
2015-05-02,10000.0
2015-05-03,10000.0
2015-05-04,10000.0
2015-05-05,10000.0
2015-05-06,10000.0
2015-05-07,10000.0
2015-05-08,10000.0
2015-05-09,10000.0
2015-05-10,10000.0
2015-05-11,10000.0
2015-05-12,10000.0
2015-05-13,10000.0
2015-05-14,10000.0
2015-05-15,10000.0
2015-05-16,10000.0
2015-05-17,10000.0
2015-05-18,10000.0
2015-05-19,10000.0
2015-05-20,10000.0
2015-05-21,10000.0
2015-05-22,10000.0
2015-05-23,10000.0
2015-05-24,10000.0
2015-05-25,10000.0
2015-05-26,10000.0
2015-05-27,10000.0
2015-05-28,10000.0
2015-05-29,10000.0
2015-05-30,10000.0
2015-05-31,10000.0
2015-06-01,10000.0
2015-06-02,10000.0
2015-06-03,10000.0
2015-06-04,10000.0
2015-06-05,10000.0
2015-06-06,10000.0
2015-06-07,10000.0
2015-06-08,10000.0
2015-06-09,10000.0
2015-06-10,10000.0
2015-06-11,10000.0
2015-06-12,10000.0
2015-06-13,10000.0
2015-06-14,10000.0
2015-06-15,10000.0
2015-06-16,10000.0
2015-06-17,10000.0
2015-06-18,10000.0
2015-06-19,10000.0
2015-06-20,10000.0
2015-06-21,10000.0
2015-06-22,10000.0
2015-06-23,10000.0
2015-06-24,10000.0
2015-06-25,10000.0
2015-06-26,10000.0
2015-06-27,10000.0
2015-06-28,10000.0
2015-06-29,10000.0
2015-06-30,10000.0
2015-07-01,10000.0
2015-07-02,10000.0
2015-07-03,10000.0
2015-07-04,10000.0
2015-07-05,10000.0
2015-07-06,10000.0
2015-07-07,10000.0
2015-07-08,10000.0
2015-07-09,10000.0
2015-07-10,10000.0
2015-07-11,10000.0
2015-07-12,10000.0
2015-07-13,10000.0
2015-07-14,9995.0
2015-07-15,9937.99019206747
2015-07-16,9665.166550192891
2015-07-17,9713.114347471179
2015-07-18,9552.935202758003
2015-07-19,9508.106789455365
2015-07-20,9692.803955606016
2015-07-21,9582.810054442978
2015-07-22,9630.94389794377
2015-07-23,9590.107272649851
2015-07-24,10005.808865881187
2015-07-25,10020.340492962765
2015-07-26,10157.846759166843
2015-07-27,10190.34816419545
2015-07-28,10218.178902634629
2015-07-29,10048.914928957352
2015-07-30,9983.884046115822
2015-07-31,9876.71354426112
2015-08-01,9770.350112633114
2015-08-02,9805.433829296027
2015-08-03,9757.191865071234
2015-08-04,9894.686493886073
2015-08-05,9778.273015389605
2015-08-06,9662.947911487885
2015-08-07,9697.848961150676
2015-08-08,9030.662344118839
2015-08-09,9170.94524372672
2015-08-10,9149.712799372151
2015-08-11,9352.129051764734
2015-08-12,9212.39284994775
2015-08-13,9132.642690624109
2015-08-14,9187.808535721639
2015-08-15,9043.89735540944
2015-08-16,8938.024563406168
2015-08-17,8919.646911852016
2015-08-18,7130.061025462921
2015-08-19,7638.609464908506
2015-08-20,7925.185582061425
2015-08-21,7830.980188581287
2015-08-22,7757.263775071973
2015-08-23,7682.119842109613
2015-08-24,7062.750976384363
2015-08-25,7426.148314442709
2015-08-26,7566.297297822857
2015-08-27,7530.631980526965
2015-08-28,7749.451933520414
2015-08-29,7695.142321103943
2015-08-30,7660.941055254481
2015-08-31,7704.186754321888
2015-09-01,7639.112902391918
2015-09-02,7677.959283951979
2015-09-03,7607.279516926249
2015-09-04,7710.8776272957075
2015-09-05,7867.348371594815
2015-09-06,8027.100144259454
2015-09-07,8027.334547432432
2015-09-08,8152.199964658964
2015-09-09,7968.123737212795
2015-09-10,7978.455100274288
2015-09-11,8032.802296687744
2015-09-12,7867.928141104492
2015-09-13,7708.550423017708
2015-09-14,7709.1092222318175
2015-09-15,7709.1092222318175
2015-09-16,7709.1092222318175
2015-09-17,7709.1092222318175
2015-09-18,7709.1092222318175
2015-09-19,7709.1092222318175
2015-09-20,7709.1092222318175
2015-09-21,7709.1092222318175
2015-09-22,7709.1092222318175
2015-09-23,7709.1092222318175
2015-09-24,7709.1092222318175
2015-09-25,7709.1092222318175
2015-09-26,7709.1092222318175
2015-09-27,7709.1092222318175
2015-09-28,7709.1092222318175
2015-09-29,7709.1092222318175
2015-09-30,7709.1092222318175
2015-10-01,7709.1092222318175
2015-10-02,7709.1092222318175
2015-10-03,7709.1092222318175
2015-10-04,7709.1092222318175
2015-10-05,7709.1092222318175
2015-10-06,7709.1092222318175
2015-10-07,7709.1092222318175
2015-10-08,7709.1092222318175
2015-10-09,7709.1092222318175
2015-10-10,7709.1092222318175
2015-10-11,7709.1092222318175
2015-10-12,7709.1092222318175
2015-10-13,7709.1092222318175
2015-10-14,7709.1092222318175
2015-10-15,7709.1092222318175
2015-10-16,7709.1092222318175
2015-10-17,7709.1092222318175
2015-10-18,7709.1092222318175
2015-10-19,7709.1092222318175
2015-10-20,7709.1092222318175
2015-10-21,7709.1092222318175
2015-10-22,7709.1092222318175
2015-10-23,7709.1092222318175
2015-10-24,7709.1092222318175
2015-10-25,7709.1092222318175
2015-10-26,7709.1092222318175
2015-10-27,7709.1092222318175
2015-10-28,7705.254667620702
2015-10-29,7935.430354161943
2015-10-30,8285.607031583297
2015-10-31,7928.183157827454
2015-11-01,8207.485087632322
2015-11-02,9063.122772872619
2015-11-03,10065.226755347012
2015-11-04,10266.44403786478
2015-11-05,9617.522431607378
2015-11-06,9317.048318643088
2015-11-07,9611.220936129037
2015-11-08,9279.434649518815
2015-11-09,9449.088238459848
2015-11-10,8302.898575499634
2015-11-11,7642.961988478182
2015-11-12,8280.63343229814
2015-11-13,8246.303367112063
2015-11-14,8151.557374380449
2015-11-15,7833.478546161148
2015-11-16,8088.272486649685
2015-11-17,8193.78581435445
2015-11-18,8181.452681459255
2015-11-19,7972.403483403515
2015-11-20,7870.879583367849
2015-11-21,7989.863940089868
2015-11-22,7931.21508401336
2015-11-23,7894.717170529424
2015-11-24,7821.059516399129
2015-11-25,8017.968270973691
2015-11-26,8594.708780344063
2015-11-27,8724.298348990824
2015-11-28,8708.177563694302
2015-11-29,9040.758066249678
2015-11-30,9186.333288486014
2015-12-01,8817.916000635381
2015-12-02,8737.247839003057
2015-12-03,8782.350992886784
2015-12-04,8834.180313630713
2015-12-05,9439.687091207237
2015-12-06,9435.657076788706
2015-12-07,9598.14394059626
2015-12-08,10072.218968536685
2015-12-09,10120.577745481558
2015-12-10,10069.94123475679
2015-12-11,10916.953149007846
2015-12-12,10499.861996462425
2015-12-13,10469.839887935079
2015-12-14,10718.546054613993
2015-12-15,11216.884672744289
2015-12-16,10963.661387933791
2015-12-17,10991.196857986695
2015-12-18,11171.372950271187
2015-12-19,11140.148749291116
2015-12-20,10656.6312264887
2015-12-21,10558.785426472301
2015-12-22,10508.911223830179
2015-12-23,10648.295362562834
2015-12-24,10946.955624215072
2015-12-25,10963.016657735834
2015-12-26,9998.396834875139
2015-12-27,10130.481639849153
2015-12-28,10117.439315620913
2015-12-29,10370.70165517505
2015-12-30,10217.165549485442
2015-12-31,10311.257844458942
2016-01-01,10401.078646901271
2016-01-02,10379.599164889418
2016-01-03,10297.206123869222
2016-01-04,10370.698494051032
2016-01-05,10343.580114178994
2016-01-06,10274.988713216595
2016-01-07,10945.661078364943
2016-01-08,10829.91898700755
2016-01-09,10694.813447350954
2016-01-10,10703.889089480337
2016-01-11,10714.32556016147
2016-01-12,10405.56905390788
2016-01-13,10325.998022977514
2016-01-14,10276.562946336613
2016-01-15,8566.195470116296
2016-01-16,9095.123756336767
2016-01-17,8971.378039184632
2016-01-18,9084.916669884962
2016-01-19,8918.703949278348
2016-01-20,9812.705558858734
2016-01-21,9577.139368180553
2016-01-22,8905.894770538906
2016-01-23,9021.536623257902
2016-01-24,9374.928290795384
2016-01-25,9109.599349635597
2016-01-26,9119.52388380143
2016-01-27,9184.844567706321
2016-01-28,8836.891939941755
2016-01-29,8817.933156049025
2016-01-30,8789.561487372499
2016-01-31,8566.275153614108
2016-02-01,8665.331602870861
2016-02-02,8697.604716488077
2016-02-03,8592.470122095774
2016-02-04,9037.044389085391
2016-02-05,8966.135325382029
2016-02-06,8730.485734501575
2016-02-07,8732.75759630284
2016-02-08,8658.872884932962
2016-02-09,8718.534048459813
2016-02-10,8847.874002341563
2016-02-11,8801.502173162346
2016-02-12,8907.709244155956
2016-02-13,9082.098857440367
2016-02-14,9431.519601875012
2016-02-15,9266.927990806895
2016-02-16,9434.516366159974
2016-02-17,9636.862939312974
2016-02-18,9775.92093217967
2016-02-19,9739.097450081155
2016-02-20,10110.998433121886
2016-02-21,10148.720201075937
2016-02-22,10124.405795993634
2016-02-23,9723.096326512055
2016-02-24,9820.110549847119
2016-02-25,9810.608780950457
2016-02-26,9984.862166896373
2016-02-27,9993.338196339208
2016-02-28,10016.07037750413
2016-02-29,10112.483580526923
2016-03-01,10052.83861195529
2016-03-02,9792.257238601922
2016-03-03,9738.110131845962
2016-03-04,9487.517529930026
2016-03-05,9245.0524194619
2016-03-06,9408.32217079479
2016-03-07,9559.723614975166
2016-03-08,9551.666982488812
2016-03-09,9572.134069895024
2016-03-10,9624.390945896786
2016-03-11,9729.0090657902
2016-03-12,9493.954663516575
2016-03-13,9550.089361631477
2016-03-14,9604.664212655542
2016-03-15,9613.70095077222
2016-03-16,9617.874594449793
2016-03-17,9700.777099038462
2016-03-18,9441.979057064216
2016-03-19,9462.613355140404
2016-03-20,9538.640928724839
2016-03-21,9528.307258786419
2016-03-22,9637.917361570262
2016-03-23,9636.81069143722
2016-03-24,9598.76917985362
2016-03-25,9616.801807140448
2016-03-26,9634.48965979116
2016-03-27,9835.693281176938
2016-03-28,9777.11724340661
2016-03-29,9597.675525597866
2016-03-30,9558.423108073928
2016-03-31,9602.402066989149
2016-04-01,9630.725061586652
2016-04-02,9697.614088506056
2016-04-03,9698.328488797013
2016-04-04,9710.763209418312
2016-04-05,9770.166804973243
2016-04-06,9755.939920173245
2016-04-07,9740.536267058995
2016-04-08,9685.172689950077
2016-04-09,9663.536550678224
2016-04-10,9713.016002179693
2016-04-11,9734.167257783418
2016-04-12,9796.338607685308
2016-04-13,9762.735079864196
2016-04-14,9775.352813375282
2016-04-15,9899.68762301975
2016-04-16,9919.45693052225
2016-04-17,9846.087032658002
2016-04-18,9873.509565453827
2016-04-19,10031.607912590756
2016-04-20,10166.143028208686
2016-04-21,10349.564350523444
2016-04-22,10264.285286978009
2016-04-23,10368.4163688468
2016-04-24,10557.185240103676
2016-04-25,10623.0774722831
2016-04-26,10729.891418770745
2016-04-27,10225.523326079165
2016-04-28,10324.472296181737
2016-04-29,10463.47266865059
2016-04-30,10306.439350775383
2016-05-01,10387.889142767748
2016-05-02,10220.899737495674
2016-05-03,10349.608244957672
2016-05-04,10266.951772161136
2016-05-05,10295.732560192157
2016-05-06,10559.54400203774
2016-05-07,10535.001113689523
2016-05-08,10535.276662203578
2016-05-09,10579.64026824972
2016-05-10,10357.02908214904
2016-05-11,10399.04780358245
2016-05-12,10445.754970656357
2016-05-13,10466.499312093023
2016-05-14,10466.521743193336
2016-05-15,10510.004454486554
2016-05-16,10431.501652218618
2016-05-17,10422.769807230663
2016-05-18,10441.953875443833
2016-05-19,10070.119155363504
2016-05-20,10160.63062224399
2016-05-21,10172.375487324727
2016-05-22,10083.274311482995
2016-05-23,10193.572190673707
2016-05-24,10235.393608381382
2016-05-25,10318.093028952178
2016-05-26,10404.59354680542
2016-05-27,10855.491206156676
2016-05-28,12080.821889315945
2016-05-29,11993.738393143882
2016-05-30,12166.41374152219
2016-05-31,12109.809638618246
2016-06-01,12235.272280450436
2016-06-02,12259.221728081786
2016-06-03,12950.823095973008
2016-06-04,13030.961152613825
2016-06-05,13082.053944272426
2016-06-06,13320.138574783034
2016-06-07,13115.197624185614
2016-06-08,13229.519831873442
2016-06-09,13068.993292568206
2016-06-10,13133.424453439118
2016-06-11,13782.51083252402
2016-06-12,15206.869954747608
2016-06-13,15904.682029724981
2016-06-14,15474.020191243362
2016-06-15,15673.835004583232
2016-06-16,17216.71465366523
2016-06-17,16821.303881212596
2016-06-18,16984.876020774173
2016-06-19,17153.69761094929
2016-06-20,16546.686662701395
2016-06-21,14881.653570529317
2016-06-22,13217.396415671037
2016-06-23,13821.142851084458
2016-06-24,14707.397214021685
2016-06-25,14703.505403212059
2016-06-26,13891.027845562561
2016-06-27,14451.398475951815
2016-06-28,14267.76125712968
2016-06-29,14110.081173548815
2016-06-30,14828.984176593269
2016-07-01,14894.008828506123
2016-07-02,15485.660344707738
2016-07-03,14461.416078595776
2016-07-04,15000.105007580207
2016-07-05,14711.345364857769
2016-07-06,14857.678366672015
2016-07-07,14028.409953289613
2016-07-08,14585.740846594173
2016-07-09,14241.13181930128
2016-07-10,14206.084532773722
2016-07-11,14168.823082572095
2016-07-12,14533.632656656062
2016-07-13,14311.428759079967
2016-07-14,14390.152365940137
2016-07-15,14502.91459570165
2016-07-16,14448.409540540253
2016-07-17,14851.455801934751
2016-07-18,14711.940892078263
2016-07-19,14706.650500312653
2016-07-20,14548.897153415446
2016-07-21,14534.1815196575
2016-07-22,14216.160901288184
2016-07-23,14323.628406911188
2016-07-24,14448.259651465807
2016-07-25,14290.351214013835
2016-07-26,14239.72876077725
2016-07-27,14295.722276944765
2016-07-28,14310.635732089839
2016-07-29,14353.327509903816
2016-07-30,14310.771842651668
2016-07-31,13631.499373633995
2016-08-01,13223.747383782546
2016-08-02,11874.52707100152
2016-08-03,12277.340404740127
2016-08-04,12533.3559863554
2016-08-05,12462.80730670724
2016-08-06,12735.79860681509
2016-08-07,12841.787826674723
2016-08-08,12806.291972233439
2016-08-09,12735.615165927677
2016-08-10,12828.485232735866
2016-08-11,12763.69159852604
2016-08-12,12729.827131343876
2016-08-13,12687.052239823899
2016-08-14,12355.278063526363
2016-08-15,12285.058035761964
2016-08-16,12503.982395908972
2016-08-17,12412.200177514871
2016-08-18,12436.039334467903
2016-08-19,12464.416681007258
2016-08-20,12595.101464048004
2016-08-21,12586.67506118997
2016-08-22,12704.023445985295
2016-08-23,12631.544438353816
2016-08-24,12561.352567993836
2016-08-25,12508.826084969816
2016-08-26,12549.679101543
2016-08-27,12337.805526867714
2016-08-28,12423.339098334649
2016-08-29,12427.559659452287
2016-08-30,12500.855422657029
2016-08-31,12456.813986529898
2016-09-01,12388.027291987413
2016-09-02,12457.833356149116
2016-09-03,12939.224824047655
2016-09-04,13162.709711927724
2016-09-05,13118.431645979255
2016-09-06,13201.343538124782
2016-09-07,13289.886614511357
2016-09-08,13542.055074271795
2016-09-09,13467.146035120662
2016-09-10,13481.148341935723
2016-09-11,13113.14786442247
2016-09-12,13146.044819813023
2016-09-13,13167.598075207447
2016-09-14,13198.748780555286
2016-09-15,13122.255248429026
2016-09-16,13118.321000846883
2016-09-17,13096.928319386854
2016-09-18,13180.733197090047
2016-09-19,13166.741937687391
2016-09-20,13146.952375598468
2016-09-21,12903.453909432666
2016-09-22,12885.051732183223
2016-09-23,13025.687021910016
2016-09-24,13020.997862616456
2016-09-25,12982.068252596158
2016-09-26,13137.077986076822
2016-09-27,13096.461419862753
2016-09-28,13065.356193092692
2016-09-29,13086.187993951844
2016-09-30,13173.226412624706
2016-10-01,13264.685238979548
2016-10-02,13197.738873302496
2016-10-03,13224.521581798772
2016-10-04,13182.781313903022
2016-10-05,13232.52766288487
2016-10-06,13243.541196302784
2016-10-07,13331.821082780336
2016-10-08,13374.677780071916
2016-10-09,13323.684617900577
2016-10-10,13372.030785235582
2016-10-11,13840.669637958934
2016-10-12,13734.907850177062
2016-10-13,13747.72575465287
2016-10-14,13825.055973534341
2016-10-15,13787.613458658148
2016-10-16,13851.905638402422
2016-10-17,13799.172671071536
2016-10-18,13772.529054444942
2016-10-19,13610.967466593938
2016-10-20,13618.239768449566
2016-10-21,13660.721376514824
2016-10-22,14178.910088118037
2016-10-23,14174.098311366364
2016-10-24,14102.515787308466
2016-10-25,14184.829272163202
2016-10-26,14624.799754018783
2016-10-27,14839.02485227702
2016-10-28,14867.842455687929
2016-10-29,15393.687375078867
2016-10-30,15119.465172125269
2016-10-31,15100.23697961251
2016-11-01,15708.671604327763
2016-11-02,15944.44036477509
2016-11-03,14781.069875571162
2016-11-04,15089.777198066076
2016-11-05,15093.70439220158
2016-11-06,15266.601978535882
2016-11-07,15085.492647093955
2016-11-08,15228.921014948588
2016-11-09,15514.24801062501
2016-11-10,15347.351220733743
2016-11-11,15366.150610313105
2016-11-12,15120.605345240932
2016-11-13,15055.63440941547
2016-11-14,15119.621053197137
2016-11-15,15260.461802619733
2016-11-16,15943.5878893628
2016-11-17,15874.431716016583
2016-11-18,16100.083069060254
2016-11-19,16100.747247563457
2016-11-20,15653.523809699222
2016-11-21,15828.599174704064
2016-11-22,16085.562891479332
2016-11-23,15940.334708857845
2016-11-24,15847.905585965253
2016-11-25,15876.993072311947
2016-11-26,15742.261708345319
2016-11-27,15670.448223646565
2016-11-28,15751.11505410669
2016-11-29,15746.640813324173
2016-11-30,15961.099689835439
2016-12-01,16196.579658041159
2016-12-02,16643.441002093663
2016-12-03,16497.560005497806
2016-12-04,16555.58305020466
2016-12-05,16227.781863592954
2016-12-06,16345.505985806421
2016-12-07,16428.87917371106
2016-12-08,16486.05641547415
2016-12-09,16528.435806502188
2016-12-10,16568.08452990281
2016-12-11,16462.542197631312
2016-12-12,16682.55244118326
2016-12-13,16692.58040757463
2016-12-14,16712.35002178623
2016-12-15,16639.630979876776
2016-12-16,16784.82128459476
2016-12-17,16910.984719162327
2016-12-18,16904.590798216042
2016-12-19,16951.22792103878
2016-12-20,17124.869723358628
2016-12-21,17824.663546624743
2016-12-22,18459.707559550774
2016-12-23,19647.226660751458
2016-12-24,19147.345448508644
2016-12-25,19091.044089845593
2016-12-26,19332.930293268215
2016-12-27,19870.436796554855
2016-12-28,20759.92232755286
2016-12-29,20708.29429289583
2016-12-30,20445.86345173469
2016-12-31,20499.0764630151
2017-01-01,21221.755927558635
2017-01-02,21713.957112964996
2017-01-03,22178.404428714006
2017-01-04,24417.54379653198
2017-01-05,21229.21690215467
2017-01-06,18762.185714808602
2017-01-07,18894.480654270577
2017-01-08,18948.761065117415
2017-01-09,18773.878695539286
2017-01-10,18874.483167147122
2017-01-11,15958.816254429352
2017-01-12,16504.956710117855
2017-01-13,16893.07237394217
2017-01-14,16778.448466472342
2017-01-15,16847.72213163763
2017-01-16,17046.14774529231
2017-01-17,18544.570574240253
2017-01-18,18103.916741056342
2017-01-19,18356.466876227787
2017-01-20,18273.652389723844
2017-01-21,18812.05959796038
2017-01-22,18870.82441538051
2017-01-23,18795.963071426264
2017-01-24,18208.832392195643
2017-01-25,18388.564370605258
2017-01-26,18712.93285368565
2017-01-27,18757.01279645491
2017-01-28,18794.500080996113
2017-01-29,18751.746252903486
2017-01-30,18769.807164216647
2017-01-31,19763.15496393641
2017-02-01,20138.776111764804
2017-02-02,20597.30769365292
2017-02-03,20962.715099155368
2017-02-04,21225.45893153622
2017-02-05,20906.389059897017
2017-02-06,21125.224643978385
2017-02-07,21592.120695575668
2017-02-08,21627.083484943934
2017-02-09,20182.529756007527
2017-02-10,20066.323247624856
2017-02-11,20383.988322853027
2017-02-12,20276.77984832866
2017-02-13,20102.749785812284
2017-02-14,20383.016292300465
2017-02-15,20442.381343124733
2017-02-16,20843.421418537597
2017-02-17,21220.767770129307
2017-02-18,21386.64672226027
2017-02-19,21253.378685040112
2017-02-20,21894.868916945394
2017-02-21,22599.466958710695
2017-02-22,22642.78633009597
2017-02-23,23619.959902423063
2017-02-24,23760.446455569218
2017-02-25,23148.539770421947
2017-02-26,23576.827364319517
2017-02-27,23873.807810610455
2017-02-28,23873.807810610455
2017-03-01,24719.154343811893
2017-03-02,25289.012189745994
2017-03-03,25769.177064597145
2017-03-04,25365.033366272666
2017-03-05,25605.78553261803
2017-03-06,25720.91243218501
2017-03-07,24705.08030131286
2017-03-08,23173.701657337457
2017-03-09,23936.617995468976
2017-03-10,22445.658850083244
2017-03-11,23603.371206597498
2017-03-12,24500.467538126984
2017-03-13,24710.99007398722
2017-03-14,24872.536096038628
2017-03-15,25064.554842832502
2017-03-16,23793.276458219072
2017-03-17,21970.899597964068
2017-03-18,19289.349341333433
2017-03-19,20497.094531486775
2017-03-20,20839.999833133395
2017-03-21,22111.24238055113
2017-03-22,20655.439245299873
2017-03-23,20446.678773779968
2017-03-24,18353.3241170196
2017-03-25,19030.906883512544
2017-03-26,18912.099401749405
2017-03-27,20398.490346776463
2017-03-28,20425.390581634027
2017-03-29,20284.856275666472
2017-03-30,20019.022750959626
2017-03-31,20884.712754637065
2017-04-01,21053.74761704278
2017-04-02,21471.81413017678
2017-04-03,22268.07150995463
2017-04-04,22061.529899539182
2017-04-05,21896.021570690813
2017-04-06,22995.10568759926
2017-04-07,22882.447802714498
2017-04-08,22863.968084262175
2017-04-09,23094.56247865748
2017-04-10,23080.171109180104
2017-04-11,23425.202131547205
2017-04-12,23334.826876384064
2017-04-13,22722.482780095193
2017-04-14,22688.64456894646
2017-04-15,22785.21403687666
2017-04-16,22986.80667937376
2017-04-17,23198.99440261573
2017-04-18,23541.549495192874
2017-04-19,23514.722086272268
2017-04-20,23876.986454375303
2017-04-21,23740.026391448057
2017-04-22,23926.945855644073
2017-04-23,23446.21675282587
2017-04-24,24265.70151018641
2017-04-25,24561.641822306516
2017-04-26,24862.37571012079
2017-04-27,25563.671391089894
2017-04-28,25539.410157466784
2017-04-29,25642.216880439064
2017-04-30,26143.61221224755
2017-05-01,27535.565133300464
2017-05-02,28133.733366645723
2017-05-03,28846.36194579134
2017-05-04,29753.055440336
2017-05-05,30095.112905195445
2017-05-06,30543.537138520358
2017-05-07,30888.072576545885
2017-05-08,33245.599125886365
2017-05-09,33857.447771845444
2017-05-10,34464.74976538477
2017-05-11,35629.704982341085
2017-05-12,33148.95220719623
2017-05-13,34664.66749310241
2017-05-14,34741.40552874068
2017-05-15,33360.71137873351
2017-05-16,33284.24509714068
2017-05-17,35234.05392780464
2017-05-18,36170.978003038574
2017-05-19,38020.071011379165
2017-05-20,39831.960777617955
2017-05-21,38991.4468641009
2017-05-22,41438.350059847624
2017-05-23,44150.71605089783
2017-05-24,46435.09692013426
2017-05-25,43722.51198690826
2017-05-26,41732.47001321467
2017-05-27,38512.351315446234
2017-05-28,40660.03789993965
2017-05-29,42500.2537610516
2017-05-30,40962.77417362619
2017-05-31,43000.18652379483
2017-06-01,45226.03872835002
2017-06-02,46716.39895338055
2017-06-03,47216.81411266696
2017-06-04,47150.31557719216
2017-06-05,50325.936763650265
2017-06-06,53525.92279144011
2017-06-07,51018.372987902054
2017-06-08,52371.99843981519
2017-06-09,52710.450776437465
2017-06-10,54973.91801081895
2017-06-11,55167.536300751206
2017-06-12,49299.717660194554
2017-06-13,50352.203891097764
2017-06-14,46288.77294629472
2017-06-15,45510.468949243914
2017-06-16,46496.49392755608
2017-06-17,48964.93108270454
2017-06-18,46940.06252626807
2017-06-19,47694.90097876764
2017-06-20,50069.45387104124
2017-06-21,49464.456398803355
2017-06-22,49763.55995505958
2017-06-23,50484.87360155809
2017-06-24,47915.76971067586
2017-06-25,47559.77222785377
2017-06-26,45476.81250653684
2017-06-27,46814.75479276177
2017-06-28,47222.71398993301
2017-06-29,46567.65764377109
2017-06-30,45482.672775786894
2017-07-01,44625.99329177232
2017-07-02,45925.20868878703
2017-07-03,46968.47261821398
2017-07-04,47651.86443702442
2017-07-05,47658.27642498521
2017-07-06,47778.46269975902
2017-07-07,46102.80568517914
2017-07-08,47057.14385086203
2017-07-09,46078.940695055724
2017-07-10,43329.406926564116
2017-07-11,42689.71278147305
2017-07-12,43790.222347341376
2017-07-13,43036.418649287836
2017-07-14,40700.69927720931
2017-07-15,36186.12677917966
2017-07-16,34914.17341387107
2017-07-17,39936.98159182484
2017-07-18,41526.312621678015
2017-07-19,40704.316465719676
2017-07-20,49439.29260309009
2017-07-21,46737.61716066813
2017-07-22,49167.41502438366
2017-07-23,47752.418812983735
2017-07-24,48178.30261695151
2017-07-25,44953.124430647425
2017-07-26,44124.98672472597
2017-07-27,46540.52349500608
2017-07-28,48871.60724281409
2017-07-29,47413.68251401361
2017-07-30,47945.095764451915
2017-07-31,49956.99497242266
2017-08-01,47150.46168250763
2017-08-02,47018.62119610149
2017-08-03,48622.49513960345
2017-08-04,50177.69452455482
2017-08-05,56011.22784766006
2017-08-06,55336.15965221638
2017-08-07,58106.53421173277
2017-08-08,58807.35458899153
2017-08-09,57459.90496314065
2017-08-10,58123.239276512446
2017-08-11,62577.961475932374
2017-08-12,66467.26166991607
2017-08-13,69617.50007807623
2017-08-14,73794.44611623473
2017-08-15,71309.84127001103
2017-08-16,74554.87336592647
2017-08-17,73785.37443808775
2017-08-18,70812.2943941081
2017-08-19,71373.07932588203
2017-08-20,69545.15851884962
2017-08-21,68067.78334399925
2017-08-22,69727.58463050742
2017-08-23,70589.46898315052
2017-08-24,73637.04883490775
2017-08-25,74261.58429696465
2017-08-26,73934.70689557826
2017-08-27,74450.66920550863
2017-08-28,74446.93668257204
2017-08-29,77709.8807060228
2017-08-30,77476.68740584342
2017-08-31,79785.44371474568
2017-09-01,82922.58020917622
2017-09-02,77435.36033830438
2017-09-03,77506.18749559905
2017-09-04,71410.13612029406
2017-09-05,73735.50028274955
2017-09-06,77361.36402864195
2017-09-07,77407.79204637761
2017-09-08,70895.95833046192
2017-09-09,70850.8464996906
2017-09-10,69100.57241888098
2017-09-11,69740.01764122678
2017-09-12,69227.65216766625
2017-09-13,64937.54197860718
2017-09-14,51461.06383899278
2017-09-15,58785.49151009339
2017-09-16,58583.457378300445
2017-09-17,57898.12349249828
2017-09-18,65210.42586420635
2017-09-19,62921.26408661395
2017-09-20,62615.61263387538
2017-09-21,58045.80627460893
2017-09-22,58040.36937495223
2017-09-23,60569.39632060656
2017-09-24,58793.815323169816
2017-09-25,62553.95763859158
2017-09-26,62014.377863453126
2017-09-27,66741.78997073317
2017-09-28,66328.36883810513
2017-09-29,66142.85235491762
2017-09-30,68876.16070229285
2017-10-01,69900.84327425099
2017-10-02,69989.35239247298
2017-10-03,68516.17811426416
2017-10-04,67103.28920895736
2017-10-05,68656.7072763357
2017-10-06,69325.97662772714
2017-10-07,70209.8118933287
2017-10-08,73062.76176441243
2017-10-09,75578.87747149648
2017-10-10,75736.62022025955
2017-10-11,76437.98620434158
2017-10-12,85681.71478316723
2017-10-13,88775.94770637229
2017-10-14,91631.19360952715
2017-10-15,89185.42117520026
2017-10-16,89926.82528488102
2017-10-17,88020.77470851615
2017-10-18,87787.7575768587
2017-10-19,89618.75520483711
2017-10-20,94252.60204455626
2017-10-21,94568.00095975887
2017-10-22,94203.8644233718
2017-10-23,92971.33299695622
2017-10-24,86417.03214091221
2017-10-25,89852.87663200349
2017-10-26,92227.84375963562
2017-10-27,90271.57034814452
2017-10-28,89836.25480149667
2017-10-29,95885.90397401425
2017-10-30,95521.849466989
2017-10-31,100646.36709704135
2017-11-01,105193.05744966188
2017-11-02,109922.36326458832
2017-11-03,111911.53704195563
2017-11-04,114553.62284464564
2017-11-05,114979.07289787997
2017-11-06,108847.85961472309
2017-11-07,110716.7498755451
2017-11-08,115498.36641175201
2017-11-09,110497.31159148121
2017-11-10,102055.35258506726
2017-11-11,97956.46045747785
2017-11-12,91467.0400468715
2017-11-13,100385.98536952747
2017-11-14,101546.32755568421
2017-11-15,111450.0555509497
2017-11-16,119616.2143748961
2017-11-17,117117.96266220951
2017-11-18,118344.52642742827
2017-11-19,122028.86931933163
2017-11-20,124496.2573351597
2017-11-21,122516.44536308279
2017-11-22,125252.70465430149
2017-11-23,121950.12922572505
2017-11-24,125167.70244641205
2017-11-25,133060.64465774765
2017-11-26,140987.67668968206
2017-11-27,148172.2821163906
2017-11-28,151757.28230305493
2017-11-29,149167.6613549169
2017-11-30,154283.03227639993
2017-12-01,165082.56768006904
2017-12-02,166564.93832481725
2017-12-03,170262.60882622915
2017-12-04,175212.19326763455
2017-12-05,179069.79850382378
2017-12-06,211611.1073762057
2017-12-07,259248.7785957476
2017-12-08,239227.96373353235
2017-12-09,218248.2828739987
2017-12-10,222198.2017093944
2017-12-11,242536.0771893466
2017-12-12,249294.60672254965
2017-12-13,234443.1965252256
2017-12-14,236658.8027569333
2017-12-15,252449.32900723827
2017-12-16,276766.94665351236
2017-12-17,271658.1276903467
2017-12-18,271280.3192037606
2017-12-19,251600.8564160906
2017-12-20,234742.3248020211
2017-12-21,222843.23391831794
2017-12-22,193155.34134615853
2017-12-23,204903.591759214
2017-12-24,193828.58068492764
2017-12-25,195226.5263480655
2017-12-26,222138.7642908986
2017-12-27,218503.87381706483
2017-12-28,200810.07474256962
2017-12-29,201492.19289743964
2017-12-30,176588.20224898471
2017-12-31,192287.10061649358
2018-01-01,185383.9981553436
2018-01-02,202548.56530702385
2018-01-03,205486.54967711278
2018-01-04,210800.10887787398
2018-01-05,234187.22778374024
2018-01-06,235493.61222839874
2018-01-07,220954.07412133674
2018-01-08,202686.58566467694
2018-01-09,194858.84549397437
2018-01-10,199839.85938317952
2018-01-11,177741.33443681334
2018-01-12,185203.4829778421
2018-01-13,190165.06174783717
2018-01-14,182211.79612445677
2018-01-15,182843.1211587998
2018-01-16,149002.20083418456
2018-01-17,149002.20083418456
2018-01-18,149002.20083418456
2018-01-19,149002.20083418456
2018-01-20,148927.69973376748
2018-01-21,133044.3186998255
2018-01-22,133044.3186998255
2018-01-23,133044.3186998255
2018-01-24,133044.3186998255
2018-01-25,133044.3186998255
2018-01-26,133044.3186998255
2018-01-27,133044.3186998255
2018-01-28,132977.7965404756
2018-01-29,127265.90842974944
2018-01-30,127265.90842974944
2018-01-31,127265.90842974944
2018-02-01,127265.90842974944
2018-02-02,127265.90842974944
2018-02-03,127265.90842974944
2018-02-04,127265.90842974944
2018-02-05,127265.90842974944
2018-02-06,127265.90842974944
2018-02-07,127265.90842974944
2018-02-08,127265.90842974944
2018-02-09,127265.90842974944
2018-02-10,127265.90842974944
2018-02-11,127265.90842974944
2018-02-12,127265.90842974944
2018-02-13,127265.90842974944
2018-02-14,127265.90842974944
2018-02-15,127265.90842974944
2018-02-16,127265.90842974944
2018-02-17,127265.90842974944
2018-02-18,127265.90842974944
2018-02-19,127265.90842974944
2018-02-20,127265.90842974944
2018-02-21,127265.90842974944
2018-02-22,127265.90842974944
2018-02-23,127265.90842974944
2018-02-24,127265.90842974944
2018-02-25,127265.90842974944
2018-02-26,127265.90842974944
2018-02-27,127265.90842974944
2018-02-28,127265.90842974944
2018-03-01,127265.90842974944
2018-03-02,127265.90842974944
2018-03-03,127265.90842974944
2018-03-04,127265.90842974944
2018-03-05,127265.90842974944
2018-03-06,127265.90842974944
2018-03-07,127265.90842974944
2018-03-08,127265.90842974944
2018-03-09,127265.90842974944
2018-03-10,127265.90842974944
2018-03-11,127265.90842974944
2018-03-12,127265.90842974944
2018-03-13,127265.90842974944
2018-03-14,127265.90842974944
2018-03-15,127265.90842974944
2018-03-16,127265.90842974944
2018-03-17,127265.90842974944
2018-03-18,127265.90842974944
2018-03-19,127265.90842974944
2018-03-20,127265.90842974944
2018-03-21,127265.90842974944
2018-03-22,127265.90842974944
2018-03-23,127265.90842974944
2018-03-24,127265.90842974944
2018-03-25,127265.90842974944
2018-03-26,127265.90842974944
2018-03-27,127265.90842974944
2018-03-28,127265.90842974944
2018-03-29,127265.90842974944
2018-03-30,127265.90842974944
2018-03-31,127265.90842974944
2018-04-01,127265.90842974944
2018-04-02,127265.90842974944
2018-04-03,127265.90842974944
2018-04-04,127265.90842974944
2018-04-05,127265.90842974944
2018-04-06,127265.90842974944
2018-04-07,127265.90842974944
2018-04-08,127265.90842974944
2018-04-09,127265.90842974944
2018-04-10,127265.90842974944
2018-04-11,127265.90842974944
2018-04-12,127265.90842974944
2018-04-13,127265.90842974944
2018-04-14,127265.90842974944
2018-04-15,127265.90842974944
2018-04-16,127265.90842974944
2018-04-17,127265.90842974944
2018-04-18,127265.90842974944
2018-04-19,127265.90842974944
2018-04-20,127265.90842974944
2018-04-21,127265.90842974944
2018-04-22,127265.90842974944
2018-04-23,127265.90842974944
2018-04-24,127265.90842974944
2018-04-25,127265.90842974944
2018-04-26,127265.90842974944
2018-04-27,127265.90842974944
2018-04-28,127265.90842974944
2018-04-29,127265.90842974944
2018-04-30,127265.90842974944
2018-05-01,127265.90842974944
2018-05-02,127265.90842974944
2018-05-03,127265.90842974944
2018-05-04,127265.90842974944
2018-05-05,127265.90842974944
2018-05-06,127265.90842974944
2018-05-07,127265.90842974944
2018-05-08,127265.90842974944
2018-05-09,127265.90842974944
2018-05-10,127265.90842974944
2018-05-11,127265.90842974944
2018-05-12,127265.90842974944
2018-05-13,127265.90842974944
2018-05-14,127265.90842974944
2018-05-15,127265.90842974944
2018-05-16,127265.90842974944
2018-05-17,127265.90842974944
2018-05-18,127265.90842974944
2018-05-19,127265.90842974944
2018-05-20,127265.90842974944
2018-05-21,127265.90842974944
2018-05-22,127265.90842974944
2018-05-23,127265.90842974944
2018-05-24,127265.90842974944
2018-05-25,127265.90842974944
2018-05-26,127265.90842974944
2018-05-27,127265.90842974944
2018-05-28,127265.90842974944
2018-05-29,127265.90842974944
2018-05-30,127265.90842974944
2018-05-31,127265.90842974944
2018-06-01,127265.90842974944
2018-06-02,127265.90842974944
2018-06-03,127265.90842974944
2018-06-04,127265.90842974944
2018-06-05,127265.90842974944
2018-06-06,127265.90842974944
2018-06-07,127265.90842974944
2018-06-08,127265.90842974944
2018-06-09,127265.90842974944
2018-06-10,127265.90842974944
2018-06-11,127265.90842974944
2018-06-12,127265.90842974944
2018-06-13,127265.90842974944
2018-06-14,127265.90842974944
2018-06-15,127265.90842974944
2018-06-16,127265.90842974944
2018-06-17,127265.90842974944
2018-06-18,127265.90842974944
2018-06-19,127265.90842974944
2018-06-20,127265.90842974944
2018-06-21,127265.90842974944
2018-06-22,127265.90842974944
2018-06-23,127265.90842974944
2018-06-24,127265.90842974944
2018-06-25,127265.90842974944
2018-06-26,127265.90842974944
2018-06-27,127265.90842974944
2018-06-28,127265.90842974944
2018-06-29,127265.90842974944
2018-06-30,127265.90842974944
2018-07-01,127265.90842974944
2018-07-02,127265.90842974944
2018-07-03,127265.90842974944
2018-07-04,127265.90842974944
2018-07-05,127265.90842974944
2018-07-06,127265.90842974944
2018-07-07,127265.90842974944
2018-07-08,127265.90842974944
2018-07-09,127265.90842974944
2018-07-10,127265.90842974944
2018-07-11,127265.90842974944
2018-07-12,127265.90842974944
2018-07-13,127265.90842974944
2018-07-14,127265.90842974944
2018-07-15,127265.90842974944
2018-07-16,127265.90842974944
2018-07-17,127265.90842974944
2018-07-18,127265.90842974944
2018-07-19,127265.90842974944
2018-07-20,127265.90842974944
2018-07-21,127265.90842974944
2018-07-22,127265.90842974944
2018-07-23,127265.90842974944
2018-07-24,127265.90842974944
2018-07-25,127265.90842974944
2018-07-26,127265.90842974944
2018-07-27,127265.90842974944
2018-07-28,127265.90842974944
2018-07-29,127265.90842974944
2018-07-30,127265.90842974944
2018-07-31,127265.90842974944
2018-08-01,127265.90842974944
2018-08-02,127265.90842974944
2018-08-03,127265.90842974944
2018-08-04,127265.90842974944
2018-08-05,127265.90842974944
2018-08-06,127265.90842974944
2018-08-07,127265.90842974944
2018-08-08,127265.90842974944
2018-08-09,127265.90842974944
2018-08-10,127265.90842974944
2018-08-11,127265.90842974944
2018-08-12,127265.90842974944
2018-08-13,127265.90842974944
2018-08-14,127265.90842974944
2018-08-15,127265.90842974944
2018-08-16,127265.90842974944
2018-08-17,127265.90842974944
2018-08-18,127265.90842974944
2018-08-19,127265.90842974944
2018-08-20,127265.90842974944
2018-08-21,127265.90842974944
2018-08-22,127265.90842974944
2018-08-23,127265.90842974944
2018-08-24,127265.90842974944
2018-08-25,127265.90842974944
2018-08-26,127265.90842974944
2018-08-27,127265.90842974944
2018-08-28,127265.90842974944
2018-08-29,127265.90842974944
2018-08-30,127265.90842974944
2018-08-31,127265.90842974944
2018-09-01,127265.90842974944
2018-09-02,127265.90842974944
2018-09-03,127265.90842974944
2018-09-04,127265.90842974944
2018-09-05,127265.90842974944
2018-09-06,127265.90842974944
2018-09-07,127265.90842974944
2018-09-08,127265.90842974944
2018-09-09,127265.90842974944
2018-09-10,127265.90842974944
2018-09-11,127265.90842974944
2018-09-12,127265.90842974944
2018-09-13,127265.90842974944
2018-09-14,127265.90842974944
2018-09-15,127265.90842974944
2018-09-16,127265.90842974944
2018-09-17,127265.90842974944
2018-09-18,127265.90842974944
2018-09-19,127265.90842974944
2018-09-20,127265.90842974944
2018-09-21,127265.90842974944
2018-09-22,127265.90842974944
2018-09-23,127265.90842974944
2018-09-24,127265.90842974944
2018-09-25,127265.90842974944
2018-09-26,127265.90842974944
2018-09-27,127265.90842974944
2018-09-28,127265.90842974944
2018-09-29,127265.90842974944
2018-09-30,127265.90842974944
2018-10-01,127265.90842974944
2018-10-02,127265.90842974944
2018-10-03,127265.90842974944
2018-10-04,127265.90842974944
2018-10-05,127265.90842974944
2018-10-06,127265.90842974944
2018-10-07,127265.90842974944
2018-10-08,127265.90842974944
2018-10-09,127265.90842974944
2018-10-10,127265.90842974944
2018-10-11,127265.90842974944
2018-10-12,127265.90842974944
2018-10-13,127265.90842974944
2018-10-14,127265.90842974944
2018-10-15,127265.90842974944
2018-10-16,127265.90842974944
2018-10-17,127265.90842974944
2018-10-18,127265.90842974944
2018-10-19,127265.90842974944
2018-10-20,127265.90842974944
2018-10-21,127265.90842974944
2018-10-22,127265.90842974944
2018-10-23,127265.90842974944
2018-10-24,127265.90842974944
2018-10-25,127265.90842974944
2018-10-26,127265.90842974944
2018-10-27,127265.90842974944
2018-10-28,127265.90842974944
2018-10-29,127265.90842974944
2018-10-30,127265.90842974944
2018-10-31,127265.90842974944
2018-11-01,127265.90842974944
2018-11-02,127265.90842974944
2018-11-03,127265.90842974944
2018-11-04,127265.90842974944
2018-11-05,127265.90842974944
2018-11-06,127265.90842974944
2018-11-07,127265.90842974944
2018-11-08,127265.90842974944
2018-11-09,127265.90842974944
2018-11-10,127265.90842974944
2018-11-11,127265.90842974944
2018-11-12,127265.90842974944
2018-11-13,127265.90842974944
2018-11-14,127265.90842974944
2018-11-15,127265.90842974944
2018-11-16,127265.90842974944
2018-11-17,127265.90842974944
2018-11-18,127265.90842974944
2018-11-19,127265.90842974944
2018-11-20,127265.90842974944
2018-11-21,127265.90842974944
2018-11-22,127265.90842974944
2018-11-23,127265.90842974944
2018-11-24,127265.90842974944
2018-11-25,127265.90842974944
2018-11-26,127265.90842974944
2018-11-27,127265.90842974944
2018-11-28,127265.90842974944
2018-11-29,127265.90842974944
2018-11-30,127265.90842974944
2018-12-01,127265.90842974944
2018-12-02,127265.90842974944
2018-12-03,127265.90842974944
2018-12-04,127265.90842974944
2018-12-05,127265.90842974944
2018-12-06,127265.90842974944
2018-12-07,127265.90842974944
2018-12-08,127265.90842974944
2018-12-09,127265.90842974944
2018-12-10,127265.90842974944
2018-12-11,127265.90842974944
2018-12-12,127265.90842974944
2018-12-13,127265.90842974944
2018-12-14,127265.90842974944
2018-12-15,127265.90842974944
2018-12-16,127265.90842974944
2018-12-17,127265.90842974944
2018-12-18,127265.90842974944
2018-12-19,127265.90842974944
2018-12-20,127265.90842974944
2018-12-21,127265.90842974944
2018-12-22,127265.90842974944
2018-12-23,127265.90842974944
2018-12-24,127265.90842974944
2018-12-25,127265.90842974944
2018-12-26,127265.90842974944
2018-12-27,127265.90842974944
2018-12-28,127265.90842974944
2018-12-29,127265.90842974944
2018-12-30,127265.90842974944
2018-12-31,127265.90842974944
2019-01-01,127265.90842974944
2019-01-02,127265.90842974944
2019-01-03,127265.90842974944
2019-01-04,127265.90842974944
2019-01-05,127265.90842974944
2019-01-06,127265.90842974944
2019-01-07,127265.90842974944
2019-01-08,127265.90842974944
2019-01-09,127265.90842974944
2019-01-10,127265.90842974944
2019-01-11,127265.90842974944
2019-01-12,127265.90842974944
2019-01-13,127265.90842974944
2019-01-14,127265.90842974944
2019-01-15,127265.90842974944
2019-01-16,127265.90842974944
2019-01-17,127265.90842974944
2019-01-18,127265.90842974944
2019-01-19,127265.90842974944
2019-01-20,127265.90842974944
2019-01-21,127265.90842974944
2019-01-22,127265.90842974944
2019-01-23,127265.90842974944
2019-01-24,127265.90842974944
2019-01-25,127265.90842974944
2019-01-26,127265.90842974944
2019-01-27,127265.90842974944
2019-01-28,127265.90842974944
2019-01-29,127265.90842974944
2019-01-30,127265.90842974944
2019-01-31,127265.90842974944
2019-02-01,127265.90842974944
2019-02-02,127265.90842974944
2019-02-03,127265.90842974944
2019-02-04,127265.90842974944
2019-02-05,127265.90842974944
2019-02-06,127265.90842974944
2019-02-07,127265.90842974944
2019-02-08,127265.90842974944
2019-02-09,127265.90842974944
2019-02-10,127265.90842974944
2019-02-11,127265.90842974944
2019-02-12,127265.90842974944
2019-02-13,127265.90842974944
2019-02-14,127265.90842974944
2019-02-15,127265.90842974944
2019-02-16,127265.90842974944
2019-02-17,127265.90842974944
2019-02-18,127265.90842974944
2019-02-19,127265.90842974944
2019-02-20,127265.90842974944
2019-02-21,127265.90842974944
2019-02-22,127265.90842974944
2019-02-23,127265.90842974944
2019-02-24,127265.90842974944
2019-02-25,127265.90842974944
2019-02-26,127265.90842974944
2019-02-27,127265.90842974944
2019-02-28,127265.90842974944
2019-03-01,127265.90842974944
2019-03-02,127265.90842974944
2019-03-03,127265.90842974944
2019-03-04,127265.90842974944
2019-03-05,127265.90842974944
2019-03-06,127265.90842974944
2019-03-07,127265.90842974944
2019-03-08,127265.90842974944
2019-03-09,127265.90842974944
2019-03-10,127265.90842974944
2019-03-11,127265.90842974944
2019-03-12,127265.90842974944
2019-03-13,127265.90842974944
2019-03-14,127265.90842974944
2019-03-15,127265.90842974944
2019-03-16,127265.90842974944
2019-03-17,127265.90842974944
2019-03-18,127265.90842974944
2019-03-19,127265.90842974944
2019-03-20,127265.90842974944
2019-03-21,127265.90842974944
2019-03-22,127265.90842974944
2019-03-23,127265.90842974944
2019-03-24,127265.90842974944
2019-03-25,127265.90842974944
2019-03-26,127265.90842974944
2019-03-27,127265.90842974944
2019-03-28,127265.90842974944
2019-03-29,127265.90842974944
2019-03-30,127265.90842974944
2019-03-31,127265.90842974944
2019-04-01,127265.90842974944
2019-04-02,127265.90842974944
2019-04-03,127265.90842974944
2019-04-04,127265.90842974944
2019-04-05,127265.90842974944
2019-04-06,127265.90842974944
2019-04-07,127265.90842974944
2019-04-08,127265.90842974944
2019-04-09,127265.90842974944
2019-04-10,127265.90842974944
2019-04-11,127265.90842974944
2019-04-12,127265.90842974944
2019-04-13,127265.90842974944
2019-04-14,127265.90842974944
2019-04-15,127265.90842974944
2019-04-16,127265.90842974944
2019-04-17,127265.90842974944
2019-04-18,127265.90842974944
2019-04-19,127265.90842974944
2019-04-20,127265.90842974944
2019-04-21,127265.90842974944
2019-04-22,127265.90842974944
2019-04-23,127265.90842974944
2019-04-24,127202.27547553457
2019-04-25,121139.69922054178
2019-04-26,122729.51403124975
2019-04-27,122472.19833553045
2019-04-28,122863.24295652358
2019-04-29,121981.66491041642
2019-04-30,124361.36698492979
2019-05-01,125563.4395728756
2019-05-02,127925.28532919766
2019-05-03,133895.21248298566
2019-05-04,135346.85564154695
2019-05-05,134521.30681340757
2019-05-06,133381.4660038188
2019-05-07,135287.09581426912
2019-05-08,138791.02555042563
2019-05-09,143176.97925184487
2019-05-10,147838.1228837357
2019-05-11,165838.2747850312
2019-05-12,160400.75448566698
2019-05-13,178699.05917995799
2019-05-14,182757.17321738903
2019-05-15,187512.6786012039
2019-05-16,180047.14377047538
2019-05-17,167249.16282446796
2019-05-18,165585.53810282357
2019-05-19,185444.19503422582
2019-05-20,180413.86435281197
2019-05-21,180074.769781057
2019-05-22,173552.68427402974
2019-05-23,178053.60529073948
2019-05-24,180421.63198823918
2019-05-25,181887.79542677826
2019-05-26,195393.25089117404
2019-05-27,198357.07297868383
2019-05-28,196414.50998536494
2019-05-29,195047.5922472995
2019-05-30,187234.63950769632
2019-05-31,192888.00969018982
2019-06-01,192651.9917590391
2019-06-02,196635.8939241105
2019-06-03,184244.28162144736
2019-06-04,172636.61950310727
2019-06-05,175225.55999950948
2019-06-06,175176.1041506952
2019-06-07,180077.02862769153
2019-06-08,178054.8767901473
2019-06-09,171997.39222503922
2019-06-10,178844.95808496184
2019-06-11,177214.2545827407
2019-06-12,182024.6893928443
2019-06-13,183915.6990120412
2019-06-14,193978.76877837838
2019-06-15,197177.30634313336
2019-06-16,200629.67203189872
2019-06-17,207769.77660516422
2019-06-18,202381.85941626056
2019-06-19,206610.60486851315
2019-06-20,212185.68135311085
2019-06-21,225508.9447767376
2019-06-22,237565.67548017902
2019-06-23,240952.93079637812
2019-06-24,244385.0875531298
2019-06-25,261107.23568823287
2019-06-26,286922.29779981
2019-06-27,243361.84810259167
2019-06-28,268649.60530861985
2019-06-29,258770.70711977463
2019-06-30,232794.8279482453
2019-07-01,227703.22073336056
2019-07-02,232357.42757843246
2019-07-03,256051.47750463904
2019-07-04,239566.18858167913
2019-07-05,234450.01071347998
2019-07-06,239312.92171289085
2019-07-07,244431.04099171626
2019-07-08,261637.35146309063
2019-07-09,267696.6876187461
2019-07-10,258661.59577519773
2019-07-11,241102.50435596704
2019-07-12,250619.48416750456
2019-07-13,241469.6742314285
2019-07-14,216097.00636360902
2019-07-15,229158.6876821516
2019-07-16,197219.304737825
2019-07-17,201666.85227477193
2019-07-18,220950.14655763755
2019-07-19,218120.11509599275
2019-07-20,222962.5978802285
2019-07-21,219455.56054467245
2019-07-22,214090.01387037148
2019-07-23,204732.57469570017
2019-07-24,202887.17157069212
2019-07-25,204942.74752808054
2019-07-26,204082.0782981324
2019-07-27,195798.12091076508
2019-07-28,197345.1808718237
2019-07-29,196647.45993804646
2019-07-30,198462.71811875526
2019-07-31,208103.10779144926
2019-08-01,214484.07771321855
2019-08-02,216914.33698775305
2019-08-03,223085.79661075573
2019-08-04,226125.40016855643
2019-08-05,242722.4194488544
2019-08-06,235894.2414116102
2019-08-07,245238.50832261107
2019-08-08,245739.86045385277
2019-08-09,243605.76593428606
2019-08-10,232924.45532702084
2019-08-11,236377.10335785965
2019-08-12,233467.775122028
2019-08-13,223263.56559796416
2019-08-14,205260.0444635621
2019-08-15,210498.70075328724
2019-08-16,211776.66194151627
2019-08-17,208845.61315977536
2019-08-18,211161.00125330786
2019-08-19,222490.39363713592
2019-08-20,219353.5899846675
2019-08-21,206227.4124034308
2019-08-22,206085.08904510093
2019-08-23,211642.34635773252
2019-08-24,206538.21741800767
2019-08-25,206101.84236015516
2019-08-26,210770.94181484767
2019-08-27,206970.5344986603
2019-08-28,198020.23192403832
2019-08-29,192999.25456967705
2019-08-30,194776.37757318508
2019-08-31,195434.59064008418
2019-09-01,198001.09200111972
2019-09-02,209601.78588284657
2019-09-03,215135.02115686893
2019-09-04,214545.99352065404
2019-09-05,214161.69690491125
2019-09-06,209613.42262249513
2019-09-07,212906.7968173221
2019-09-08,211363.1377641979
2019-09-09,209200.23848345474
2019-09-10,204719.625227566
2019-09-11,205978.48068462175
2019-09-12,210615.87896915342
2019-09-13,209610.38712490996
2019-09-14,209559.84155873695
2019-09-15,209350.6246620884
2019-09-16,207910.8826953299
2019-09-17,207190.9990178777
2019-09-18,206318.73936830586
2019-09-19,207693.22375157487
2019-09-20,205971.1071018908
2019-09-21,202669.0969171153
2019-09-22,203691.53401908895
2019-09-23,196673.29119612506
2019-09-24,172877.07193090764
2019-09-25,170177.42091831058
2019-09-26,162633.15787986308
2019-09-27,165273.32379995415
2019-09-28,165154.4979035807
2019-09-29,162291.17002262585
2019-09-30,166045.90671670853
2019-10-01,167032.1401403759
2019-10-02,168025.48684539823
2019-10-03,165340.54262936988
2019-10-04,164255.0115182368
2019-10-05,163161.69791371687
2019-10-06,159858.96177890472
2019-10-07,164930.10447278753
2019-10-08,164592.92714279174
2019-10-09,171773.8868080907
2019-10-10,171588.60680464967
2019-10-11,166215.35403144156
2019-10-12,166510.67723457457
2019-10-13,166199.80228954335
2019-10-14,167268.55059816508
2019-10-15,163852.10153765112
2019-10-16,160669.45602291773
2019-10-17,161791.2469095566
2019-10-18,159160.5309298323
2019-10-19,159466.71214068992
2019-10-20,164061.3314220532
2019-10-21,164492.61474628636
2019-10-22,161156.32267156345
2019-10-23,149422.19195366872
2019-10-24,149422.19195366872
2019-10-25,149347.4808576919
2019-10-26,159022.857922739
2019-10-27,159022.857922739
2019-10-28,159022.857922739
2019-10-29,159022.857922739
2019-10-30,159022.857922739
2019-10-31,159022.857922739
2019-11-01,159022.857922739
2019-11-02,159022.857922739
2019-11-03,159022.857922739
2019-11-04,159022.857922739
2019-11-05,159022.857922739
2019-11-06,159022.857922739
2019-11-07,159022.857922739
2019-11-08,159022.857922739
2019-11-09,159022.857922739
2019-11-10,159022.857922739
2019-11-11,159022.857922739
2019-11-12,159022.857922739
2019-11-13,159022.857922739
2019-11-14,159022.857922739
2019-11-15,159022.857922739
2019-11-16,159022.857922739
2019-11-17,159022.857922739
2019-11-18,159022.857922739
2019-11-19,159022.857922739
2019-11-20,159022.857922739
2019-11-21,159022.857922739
2019-11-22,159022.857922739
2019-11-23,159022.857922739
2019-11-24,159022.857922739
2019-11-25,159022.857922739
2019-11-26,159022.857922739
2019-11-27,159022.857922739
2019-11-28,159022.857922739
2019-11-29,159022.857922739
2019-11-30,159022.857922739
2019-12-01,159022.857922739
2019-12-02,159022.857922739
2019-12-03,159022.857922739
2019-12-04,159022.857922739
2019-12-05,159022.857922739
2019-12-06,159022.857922739
2019-12-07,159022.857922739
2019-12-08,159022.857922739
2019-12-09,159022.857922739
2019-12-10,159022.857922739
2019-12-11,159022.857922739
2019-12-12,159022.857922739
2019-12-13,159022.857922739
2019-12-14,159022.857922739
2019-12-15,159022.857922739
2019-12-16,159022.857922739
2019-12-17,159022.857922739
2019-12-18,159022.857922739
2019-12-19,159022.857922739
2019-12-20,159022.857922739
2019-12-21,159022.857922739
2019-12-22,159022.857922739
2019-12-23,159022.857922739
2019-12-24,159022.857922739
2019-12-25,159022.857922739
2019-12-26,159022.857922739
2019-12-27,159022.857922739
2019-12-28,159022.857922739
2019-12-29,159022.857922739
2019-12-30,159022.857922739
2019-12-31,159022.857922739
2020-01-01,159022.857922739
2020-01-02,159022.857922739
2020-01-03,159022.857922739
2020-01-04,159022.857922739
2020-01-05,159022.857922739
2020-01-06,159022.857922739
2020-01-07,159022.857922739
2020-01-08,159022.857922739
2020-01-09,159022.857922739
2020-01-10,159022.857922739
2020-01-11,159022.857922739
2020-01-12,159022.857922739
2020-01-13,159022.857922739
2020-01-14,159022.857922739
2020-01-15,159022.857922739
2020-01-16,159022.857922739
2020-01-17,159022.857922739
2020-01-18,159022.857922739
2020-01-19,159022.857922739
2020-01-20,159022.857922739
2020-01-21,159022.857922739
2020-01-22,159022.857922739
2020-01-23,159022.857922739
2020-01-24,159022.857922739
2020-01-25,159022.857922739
2020-01-26,159022.857922739
2020-01-27,159022.857922739
2020-01-28,159022.857922739
2020-01-29,159022.857922739
2020-01-30,159022.857922739
2020-01-31,159022.857922739
2020-02-01,159022.857922739
2020-02-02,159022.857922739
2020-02-03,159022.857922739
2020-02-04,159022.857922739
2020-02-05,159022.857922739
2020-02-06,159022.857922739
2020-02-07,159022.857922739
2020-02-08,159022.857922739
2020-02-09,159022.857922739
2020-02-10,159022.857922739
2020-02-11,159022.857922739
2020-02-12,159022.857922739
2020-02-13,159022.857922739
2020-02-14,159022.857922739
2020-02-15,159022.857922739
2020-02-16,159022.857922739
2020-02-17,159022.857922739
2020-02-18,159022.857922739
2020-02-19,158943.34649377764
2020-02-20,158531.7999434918
2020-02-21,159812.97975929236
2020-02-22,159428.76408392974
2020-02-23,163683.13109223385
2020-02-24,159094.766839223
2020-02-25,153926.21735779248
2020-02-26,145089.6691081656
2020-02-27,144495.82196919466
2020-02-28,142641.04213178318
2020-02-29,141436.1766471376
2020-03-01,140825.4211637209
2020-03-02,145789.62141283666
2020-03-03,144437.45696223775
2020-03-04,143901.63102050385
2020-03-05,149123.07896726867
2020-03-06,149840.51075156094
2020-03-07,146307.29690145815
2020-03-08,132510.0025189636
2020-03-09,129460.37845688913
2020-03-10,129232.82788120034
2020-03-11,129260.61145150878
2020-03-12,69124.67452139709
2020-03-13,69124.67452139709
2020-03-14,69124.67452139709
2020-03-15,69124.67452139709
2020-03-16,69124.67452139709
2020-03-17,69124.67452139709
2020-03-18,69124.67452139709
2020-03-19,69124.67452139709
2020-03-20,69124.67452139709
2020-03-21,69124.67452139709
2020-03-22,69124.67452139709
2020-03-23,69124.67452139709
2020-03-24,69124.67452139709
2020-03-25,69124.67452139709
2020-03-26,69124.67452139709
2020-03-27,69124.67452139709
2020-03-28,69124.67452139709
2020-03-29,69124.67452139709
2020-03-30,69124.67452139709
2020-03-31,69124.67452139709
2020-04-01,69124.67452139709
2020-04-02,69124.67452139709
2020-04-03,69124.67452139709
2020-04-04,69124.67452139709
2020-04-05,69124.67452139709
2020-04-06,69124.67452139709
2020-04-07,69124.67452139709
2020-04-08,69124.67452139709
2020-04-09,69124.67452139709
2020-04-10,69124.67452139709
2020-04-11,69124.67452139709
2020-04-12,69124.67452139709
2020-04-13,69124.67452139709
2020-04-14,69124.67452139709
2020-04-15,69124.67452139709
2020-04-16,69124.67452139709
2020-04-17,69124.67452139709
2020-04-18,69124.67452139709
2020-04-19,69124.67452139709
2020-04-20,69124.67452139709
2020-04-21,69124.67452139709
2020-04-22,69124.67452139709
2020-04-23,69124.67452139709
2020-04-24,69124.67452139709
2020-04-25,69124.67452139709
2020-04-26,69124.67452139709
2020-04-27,69124.67452139709
2020-04-28,69124.67452139709
2020-04-29,69124.67452139709
2020-04-30,69124.67452139709
2020-05-01,69124.67452139709
2020-05-02,69124.67452139709
2020-05-03,69124.67452139709
2020-05-04,69124.67452139709
2020-05-05,69124.67452139709
2020-05-06,69124.67452139709
2020-05-07,69124.67452139709
2020-05-08,69124.67452139709
2020-05-09,69124.67452139709
2020-05-10,69124.67452139709
2020-05-11,69124.67452139709
2020-05-12,69124.67452139709
2020-05-13,69124.67452139709
2020-05-14,69124.67452139709
2020-05-15,69124.67452139709
2020-05-16,69124.67452139709
2020-05-17,69124.67452139709
2020-05-18,69124.67452139709
2020-05-19,69124.67452139709
2020-05-20,69124.67452139709
2020-05-21,69090.1121841364
2020-05-22,69852.84661864105
2020-05-23,70055.73721092627
2020-05-24,66794.23295405551
2020-05-25,67674.14967466373
2020-05-26,67125.78170916314
2020-05-27,69704.14817869468
2020-05-28,72273.49290571197
2020-05-29,71613.23271148163
2020-05-30,73568.65994046265
2020-05-31,71730.59901704255
2020-06-01,76894.43580540964
2020-06-02,71915.56147174894
2020-06-03,72866.98241511922
2020-06-04,73944.94298939093
2020-06-05,72918.50766972234
2020-06-06,72829.02775318842
2020-06-07,73618.17894480377
2020-06-08,73713.44531153813
2020-06-09,73895.86011693289
2020-06-10,74454.95006176105
2020-06-11,70199.4238473527
2020-06-12,71387.1688811578
2020-06-13,71345.24363785659
2020-06-14,70675.82235960476
2020-06-15,71155.4187607398
2020-06-16,71809.85929495638
2020-06-17,71373.60167091797
2020-06-18,70856.66808480119
2020-06-19,69918.29082418198
2020-06-20,70251.14615186988
2020-06-21,70034.68542713784
2020-06-22,72585.37663633883
2020-06-23,72441.85349496198
2020-06-24,70024.4019601712
2020-06-25,69656.55807001329
2020-06-26,68886.22313034078
2020-06-27,67996.9447859765
2020-06-28,68731.10175194198
2020-06-29,69085.52720902694
2020-06-30,68687.03376128066
2020-07-01,69362.69332352787
2020-07-02,68569.60549595562
2020-07-03,68297.69875213152
2020-07-04,68636.45218020208
2020-07-05,68195.0261057082
2020-07-06,70424.34633581188
2020-07-07,69492.81005325688
2020-07-08,70802.72068704043
2020-07-09,69664.44143886694
2020-07-10,69670.74719453279
2020-07-11,69381.3596703494
2020-07-12,69652.28805795706
2020-07-13,69404.9278566786
2020-07-14,69401.92149103717
2020-07-15,69022.63570048657
2020-07-16,68566.05514373218
2020-07-17,68709.79818783869
2020-07-18,68767.19230180678
2020-07-19,68967.9465527034
2020-07-20,68805.68666070742
2020-07-21,70369.40408144165
2020-07-22,71489.92899548437
2020-07-23,71906.81916986195
2020-07-24,71574.47977275182
2020-07-25,72619.17624363875
2020-07-26,74310.68725967586
2020-07-27,82039.64270998786
2020-07-28,81454.97379322468
2020-07-29,82843.67578955607
2020-07-30,82923.83594946578
2020-07-31,84492.95588107505
2020-08-01,87686.11651986143
2020-08-02,82257.30620222833
2020-08-03,83679.21038618058
2020-08-04,83377.65168265907
2020-08-05,87309.74489632106
2020-08-06,87552.8278276489
2020-08-07,86217.48067349222
2020-08-08,87343.95257415883
2020-08-09,86760.11137150698
2020-08-10,88251.0145558196
2020-08-11,84706.75559998781
2020-08-12,85991.69785172974
2020-08-13,87457.7577497822
2020-08-14,87344.38090353209
2020-08-15,88060.05754915925
2020-08-16,88260.98858246497
2020-08-17,90904.56056602648
2020-08-18,88931.0757575777
2020-08-19,87186.43596334489
2020-08-20,88072.3659138043
2020-08-21,85926.7590195463
2020-08-22,86586.40339174279
2020-08-23,86460.47330188955
2020-08-24,87270.12882770791
2020-08-25,84188.96927458368
2020-08-26,85089.48267337783
2020-08-27,83858.79284044247
2020-08-28,85465.92300699654
2020-08-29,85201.65884780718
2020-08-30,86703.58782884125
2020-08-31,86476.11592074095
2020-09-01,88594.37327194063
2020-09-02,84377.2963102851
2020-09-03,75262.44665344879
2020-09-04,77195.25845308899
2020-09-05,74640.09175976126
2020-09-06,75448.80129568503
2020-09-07,76100.71427845964
2020-09-08,74333.35847471665
2020-09-09,75142.09320267614
2020-09-10,76023.08126380385
2020-09-11,76299.70152698393
2020-09-12,76601.75026169406
2020-09-13,75728.11744234175
2020-09-14,78303.14991326784
2020-09-15,79149.80356290203
2020-09-16,80443.70754317734
2020-09-17,80253.5312313528
2020-09-18,80221.2422732764
2020-09-19,81311.51083705972
2020-09-20,80159.4986592414
2020-09-21,76592.93716957506
2020-09-22,77148.76787075886
2020-09-23,74978.89483268738
2020-09-24,78648.07225997424
2020-09-25,78154.24968255106
2020-09-26,78577.08218577305
2020-09-27,78756.28375850484
2020-09-28,78275.22248810547
2020-09-29,79255.66530829457
2020-09-30,78814.85296733824
2020-10-01,77599.39588808094
2020-10-02,77281.04084512337
2020-10-03,77086.09040107181
2020-10-04,77959.83950628726
2020-10-05,78858.89412819718
2020-10-06,77466.27254957253
2020-10-07,77936.47829519713
2020-10-08,79718.21410356069
2020-10-09,80797.375027091
2020-10-10,82473.32894224093
2020-10-11,83112.01468514743
2020-10-12,84352.45037575978
2020-10-13,83402.04916378499
2020-10-14,83428.37697225015
2020-10-15,83907.60970732324
2020-10-16,82633.55922217073
2020-10-17,82895.72905044028
2020-10-18,83804.90397574092
2020-10-19,85671.77063315136
2020-10-20,86934.12931839554
2020-10-21,93313.70818533014
2020-10-22,94342.77059900964
2020-10-23,94092.48201593194
2020-10-24,95368.21450114225
2020-10-25,94807.16088742185
2020-10-26,95127.27794811504
2020-10-27,99248.91069236872
2020-10-28,96425.69112386787
2020-10-29,97628.61159670963
2020-10-30,98414.72455637979
2020-10-31,100103.5810797599
2020-11-01,99784.29137890055
2020-11-02,98419.41887874762
2020-11-03,101281.2996000577
2020-11-04,102604.17969349437
2020-11-05,112599.44905024047
2020-11-06,112498.45519171779
2020-11-07,107078.71372126133
2020-11-08,111641.94459136907
2020-11-09,110574.84852003533
2020-11-10,110275.7781525956
2020-11-11,113196.7646837011
2020-11-12,117268.07886093848
2020-11-13,117566.44558259324
2020-11-14,115753.72189964054
2020-11-15,114940.06110031578
2020-11-16,120292.11846086076
2020-11-17,126800.21989412968
2020-11-18,127934.82824606496
2020-11-19,128028.81173175103
2020-11-20,133681.12535942774
2020-11-21,133831.20972503236
2020-11-22,131862.4774623736
2020-11-23,131820.25706187944
2020-11-24,137050.92015902
2020-11-25,134331.92140173522
2020-11-26,122483.14020472471
2020-11-27,122181.2444642878
2020-11-28,126454.93586895138
2020-11-29,129696.69726305001
2020-11-30,139639.654923342
2020-12-01,133658.81440983515
2020-12-02,136459.07538834866
2020-12-03,138184.37060585312
2020-12-04,132781.43529499305
2020-12-05,135969.8645243912
2020-12-06,137318.22931862227
2020-12-07,136224.35826879306
2020-12-08,129901.0334039177
2020-12-09,131541.0392804268
2020-12-10,129476.54999464966
2020-12-11,128007.33341956639
2020-12-12,133180.42419046708
2020-12-13,135558.1661979663
2020-12-14,136294.4996311006
2020-12-15,137496.09353941953
2020-12-16,150290.32470382864
2020-12-17,160477.36768351667
2020-12-18,162802.31255015588
2020-12-19,167872.10747993295
2020-12-20,165088.51549061466
2020-12-21,160278.15362560548
2020-12-22,167022.10824685718
2020-12-23,163174.0129625814
2020-12-24,166610.1164216655
2020-12-25,173005.61537802985
2020-12-26,185010.33421122204
2020-12-27,183853.8366712098
2020-12-28,189453.66478835387
2020-12-29,191385.74669783725
2020-12-30,201457.45642884026
2020-12-31,202577.31858669617
2021-01-01,205162.19561998258
2021-01-02,223542.6790128904
2021-01-03,228052.69110149186
2021-01-04,222346.25008299865
2021-01-05,235971.63089247193
2021-01-06,254854.5122071101
2021-01-07,271896.8689898557
2021-01-08,281574.4643063785
2021-01-09,277801.219328082
2021-01-10,264383.2854351255
2021-01-11,244418.672297491
2021-01-12,232853.64160144248
2021-01-13,255053.8427641442
2021-01-14,267531.48809760995
2021-01-15,250899.99211772988
2021-01-16,246451.0718091629
2021-01-17,243801.50783275272
2021-01-18,249449.26456616473
2021-01-19,245604.37261932692
2021-01-20,242023.65318081796
2021-01-21,207528.47427912496
2021-01-22,221709.60290488205
2021-01-23,215316.68601145394
2021-01-24,216800.40042704207
2021-01-25,217316.87722142297
2021-01-26,218678.66810657078
2021-01-27,203835.99669429142
2021-01-28,223204.54600523904
2021-01-29,228804.7638780655
2021-01-30,228492.08905476125
2021-01-31,220657.22707199468
2021-02-01,223456.82492307803
2021-02-02,236231.3910324699
2021-02-03,248934.4737113653
2021-02-04,245280.44505131984
2021-02-05,253241.96703666777
2021-02-06,260581.61344881626
2021-02-07,258164.30513268444
2021-02-08,302522.24110003916
2021-02-09,304380.5200827505
2021-02-10,293969.73123434413
2021-02-11,312921.25900034903
2021-02-12,310268.16716520133
2021-02-13,307648.96233824355
2021-02-14,317999.4670804303
2021-02-15,312918.3965701826
2021-02-16,321002.72493615025
2021-02-17,339689.6264124143
2021-02-18,336619.43459886283
2021-02-19,362971.73262713815
2021-02-20,364342.0175305159
2021-02-21,373578.874548207
2021-02-22,351289.8710709229
2021-02-23,314550.13401424245
2021-02-24,320174.7608950433
2021-02-25,302895.0061309546
2021-02-26,298005.6520864744
2021-02-27,297031.0119420488
2021-02-28,290196.1868021549
2021-03-01,317736.1416521905
2021-03-02,309616.41831623437
2021-03-03,323135.7349115738
2021-03-04,310240.64078728756
2021-03-05,312570.9885960786
2021-03-06,312475.64599276904
2021-03-07,326799.41191446333
2021-03-08,333369.10510536557
2021-03-09,349423.10784528864
2021-03-10,356891.7401779595
2021-03-11,368159.88322989224
2021-03-12,365134.7602797744
2021-03-13,389230.17153332155
2021-03-14,376695.9508687289
2021-03-15,354487.76257549017
2021-03-16,360134.56530341203
2021-03-17,373000.0798884144
2021-03-18,366532.5748383203
2021-03-19,369609.36621394387
2021-03-20,369400.2119890603
2021-03-21,364360.1509074426
2021-03-22,344882.5936630518
2021-03-23,346206.9826335309
2021-03-24,333552.5088633764
2021-03-25,326719.5413192402
2021-03-26,347723.82419157476
2021-03-27,352957.7315416837
2021-03-28,352814.1468778229
2021-03-29,363982.48906761844
2021-03-30,371267.4566040117
2021-03-31,371274.644136881
2021-04-01,372388.18325659947
2021-04-02,374201.74753832415
2021-04-03,362811.05339023663
2021-04-04,370011.634891355
2021-04-05,371891.7407213491
2021-04-06,366401.1691617887
2021-04-07,352650.54700386757
2021-04-08,366681.69260497566
2021-04-09,366185.00397835136
2021-04-10,375791.5739127475
2021-04-11,378370.3700791579
2021-04-12,376407.5287590007
2021-04-13,398437.58619043947
2021-04-14,395959.32904803
2021-04-15,397239.1690316228
2021-04-16,386161.5105310702
2021-04-17,380545.5922202099
2021-04-18,351444.3456394569
2021-04-19,348355.508624564
2021-04-20,353005.18397064926
2021-04-21,336583.47263738874
2021-04-22,322924.28127972165
2021-04-23,318725.84495440195
2021-04-24,312153.57869084197
2021-04-25,305556.92349182937
2021-04-26,335342.52280512016
2021-04-27,341562.5629422242
2021-04-28,340266.58735231345
2021-04-29,332294.2521970576
2021-04-30,357354.2856050953
2021-05-01,357835.8463632159
2021-05-02,350351.33477119467
2021-05-03,353855.2342780405
2021-05-04,329087.61973410397
2021-05-05,353406.2360272748
2021-05-06,347025.4533719484
2021-05-07,352882.2355341281
2021-05-08,361676.6324079798
2021-05-09,358144.63294728345
2021-05-10,343247.41312639386
2021-05-11,348399.54215595865
2021-05-12,298589.8536768888
2021-05-13,302006.59590691654
2021-05-14,303003.2740760906
2021-05-15,283429.65550685
2021-05-16,281580.20413767133
2021-05-17,263310.1585407069
2021-05-18,259483.75267298036
2021-05-19,220922.6308274327
2021-05-20,220812.169512019
2021-05-21,201018.60708162698
2021-05-22,201018.60708162698
2021-05-23,201018.60708162698
2021-05-24,200918.09777808617
2021-05-25,199335.10776909968
2021-05-26,203912.15396493513
2021-05-27,199414.42666224387
2021-05-28,184570.79216421692
2021-05-29,184570.79216421692
2021-05-30,184570.79216421692
2021-05-31,184570.79216421692
2021-06-01,184570.79216421692
2021-06-02,184570.79216421692
2021-06-03,184478.50676813483
2021-06-04,173162.5237205164
2021-06-05,173162.5237205164
2021-06-06,173162.5237205164
2021-06-07,173162.5237205164
2021-06-08,173162.5237205164
2021-06-09,173162.5237205164
2021-06-10,173162.5237205164
2021-06-11,173162.5237205164
2021-06-12,173162.5237205164
2021-06-13,173075.94245865615
2021-06-14,177966.8588186664
2021-06-15,178795.90912431985
2021-06-16,169443.62585649276
2021-06-17,168056.77031186208
2021-06-18,168056.77031186208
2021-06-19,168056.77031186208
2021-06-20,168056.77031186208
2021-06-21,168056.77031186208
2021-06-22,168056.77031186208
2021-06-23,168056.77031186208
2021-06-24,168056.77031186208
2021-06-25,168056.77031186208
2021-06-26,168056.77031186208
2021-06-27,168056.77031186208
2021-06-28,168056.77031186208
2021-06-29,168056.77031186208
2021-06-30,168056.77031186208
2021-07-01,168056.77031186208
2021-07-02,168056.77031186208
2021-07-03,168056.77031186208
2021-07-04,168056.77031186208
2021-07-05,168056.77031186208
2021-07-06,168056.77031186208
2021-07-07,168056.77031186208
2021-07-08,168056.77031186208
2021-07-09,168056.77031186208
2021-07-10,168056.77031186208
2021-07-11,168056.77031186208
2021-07-12,168056.77031186208
2021-07-13,168056.77031186208
2021-07-14,168056.77031186208
2021-07-15,168056.77031186208
2021-07-16,168056.77031186208
2021-07-17,168056.77031186208
2021-07-18,168056.77031186208
2021-07-19,168056.77031186208
2021-07-20,168056.77031186208
2021-07-21,168056.77031186208
2021-07-22,168056.77031186208
2021-07-23,168056.77031186208
2021-07-24,168056.77031186208
2021-07-25,168056.77031186208
2021-07-26,168056.77031186208
2021-07-27,168056.77031186208
2021-07-28,168056.77031186208
2021-07-29,168056.77031186208
2021-07-30,168056.77031186208
2021-07-31,168056.77031186208
2021-08-01,168056.77031186208
2021-08-02,168056.77031186208
2021-08-03,168056.77031186208
2021-08-04,168056.77031186208
2021-08-05,168056.77031186208
2021-08-06,168056.77031186208
2021-08-07,168056.77031186208
2021-08-08,168056.77031186208
2021-08-09,168056.77031186208
2021-08-10,168056.77031186208
2021-08-11,168056.77031186208
2021-08-12,168056.77031186208
2021-08-13,168056.77031186208
2021-08-14,168056.77031186208
2021-08-15,168056.77031186208
2021-08-16,168056.77031186208
2021-08-17,168056.77031186208
2021-08-18,168056.77031186208
2021-08-19,168056.77031186208
2021-08-20,168056.77031186208
2021-08-21,168056.77031186208
2021-08-22,168056.77031186208
2021-08-23,168056.77031186208
2021-08-24,168056.77031186208
2021-08-25,168056.77031186208
2021-08-26,168056.77031186208
2021-08-27,168056.77031186208
2021-08-28,168056.77031186208
2021-08-29,168056.77031186208
2021-08-30,168056.77031186208
2021-08-31,168056.77031186208
2021-09-01,168056.77031186208
2021-09-02,168056.77031186208
2021-09-03,168056.77031186208
2021-09-04,168056.77031186208
2021-09-05,168056.77031186208
2021-09-06,168056.77031186208
2021-09-07,168056.77031186208
2021-09-08,168056.77031186208
2021-09-09,168056.77031186208
2021-09-10,168056.77031186208
2021-09-11,168056.77031186208
2021-09-12,168056.77031186208
2021-09-13,168056.77031186208
2021-09-14,168056.77031186208
2021-09-15,167972.74192670616
2021-09-16,166596.92096524435
2021-09-17,164788.66470576724
2021-09-18,168275.61363969443
2021-09-19,164688.88713663915
2021-09-20,148531.59994722108
2021-09-21,140883.9651429701
2021-09-22,150520.37228647788
2021-09-23,155014.35503575378
2021-09-24,147750.04205733424
2021-09-25,147324.67666915315
2021-09-26,149011.64469900008
2021-09-27,145618.41368916637
2021-09-28,141416.98273408454
2021-09-29,143231.21057308378
2021-09-30,150705.41047585328
2021-10-01,164903.12892117293
2021-10-02,163507.69985828936
2021-10-03,165173.1623395656
2021-10-04,168272.4267286233
2021-10-05,176307.03302378787
2021-10-06,189003.6255734958
2021-10-07,183617.25012002
2021-10-08,184168.79240788255
2021-10-09,187551.3824786732
2021-10-10,186879.22902286606
2021-10-11,195914.6458977125
2021-10-12,190931.40729727983
2021-10-13,195509.71615551188
2021-10-14,195238.4961420959
2021-10-15,209273.69540662615
2021-10-16,206875.65227432622
2021-10-17,209110.70890725747
2021-10-18,210709.63052092967
2021-10-19,218171.5841501073
2021-10-20,223970.11241542263
2021-10-21,210749.67889033072
2021-10-22,205543.68740678238
2021-10-23,207905.30316242733
2021-10-24,206332.18948549268
2021-10-25,213353.11129471907
2021-10-26,204098.4536808474
2021-10-27,197635.91211067798
2021-10-28,204737.85813191062
2021-10-29,210090.60157503214
2021-10-30,208942.5088801378
2021-10-31,207009.64469544656
2021-11-01,205945.0044298005
2021-11-02,213312.86764881184
2021-11-03,212446.21893191786
2021-11-04,207262.73635893583
2021-11-05,206158.4137237637
2021-11-06,207509.14477481294
2021-11-07,213491.15231697424
2021-11-08,227326.56620320526
2021-11-09,225315.84017838864
2021-11-10,218565.79096647786
2021-11-11,218413.5056653053
2021-11-12,215726.92398562617
2021-11-13,216778.800637878
2021-11-14,220106.59035420927
2021-11-15,213592.99674961547
2021-11-16,201861.9451571761
2021-11-17,202554.52641014417
2021-11-18,190720.53131609748
2021-11-19,194624.00328992112
2021-11-20,199836.51279873482
2021-11-21,196573.9308048055
2021-11-22,188228.48001356394
2021-11-23,192460.09117283951
2021-11-24,188103.04106440875
2021-11-25,191397.0710770793
2021-11-26,178597.62142981452
2021-11-27,182701.87864104033
2021-11-28,190637.60531350973
2021-11-29,192487.11116037978
2021-11-30,189800.77596996864
2021-12-01,190546.4616020577
2021-12-02,188026.04598869526
2021-12-03,178186.34485572236
2021-12-04,162932.0914728068
2021-12-05,163487.96631453309
2021-12-06,167458.8481742491
2021-12-07,167847.26356984215
2021-12-08,167199.49293824958
2021-12-09,157548.47807546542
2021-12-10,156124.8984774252
2021-12-11,162975.69660448888
2021-12-12,165387.18407429714
2021-12-13,153902.47138076753
2021-12-14,153490.80879946638
2021-12-15,160833.6215420107
2021-12-16,156731.7105329326
2021-12-17,151844.80118233716
2021-12-18,153955.2458609631
2021-12-19,153488.67984137536
2021-12-20,154056.99936462138
2021-12-21,160670.48038320983
2021-12-22,159655.7122350984
2021-12-23,166581.88665690334
2021-12-24,166705.35976122462
2021-12-25,165413.43870046493
2021-12-26,166654.07338886725
2021-12-27,166098.51187563324
2021-12-28,155775.25242104617
2021-12-29,151984.3040156254
2021-12-30,154365.55437943953
2021-12-31,151486.7644881081
2022-01-01,155936.49628360083
2022-01-02,154815.46032886923
2022-01-03,151887.18214186127
2022-01-04,150043.43356156326
2022-01-05,142231.22886899638
2022-01-06,140892.7907194842
2022-01-07,135560.2819754135
2022-01-08,136133.301839304
2022-01-09,136711.58728491157
2022-01-10,136416.58941329215
2022-01-11,139367.74550982888
2022-01-12,143269.19325153908
2022-01-13,138774.00369324692
2022-01-14,140350.42984369904
2022-01-15,140350.42984369904
2022-01-16,140350.42984369904
2022-01-17,140350.42984369904
2022-01-18,140350.42984369904
2022-01-19,140350.42984369904
2022-01-20,140350.42984369904
2022-01-21,140350.42984369904
2022-01-22,140350.42984369904
2022-01-23,140350.42984369904
2022-01-24,140350.42984369904
2022-01-25,140350.42984369904
2022-01-26,140350.42984369904
2022-01-27,140350.42984369904
2022-01-28,140350.42984369904
2022-01-29,140350.42984369904
2022-01-30,140350.42984369904
2022-01-31,140350.42984369904
2022-02-01,140350.42984369904
2022-02-02,140350.42984369904
2022-02-03,140350.42984369904
2022-02-04,140350.42984369904
2022-02-05,140350.42984369904
2022-02-06,140350.42984369904
2022-02-07,140350.42984369904
2022-02-08,140350.42984369904
2022-02-09,140350.42984369904
2022-02-10,140350.42984369904
2022-02-11,140350.42984369904
2022-02-12,140350.42984369904
2022-02-13,140350.42984369904
2022-02-14,140350.42984369904
2022-02-15,140350.42984369904
2022-02-16,140350.42984369904
2022-02-17,140350.42984369904
2022-02-18,140350.42984369904
2022-02-19,140350.42984369904
2022-02-20,140350.42984369904
2022-02-21,140350.42984369904
2022-02-22,140350.42984369904
2022-02-23,140350.42984369904
2022-02-24,140350.42984369904
2022-02-25,140350.42984369904
2022-02-26,140350.42984369904
2022-02-27,140350.42984369904
2022-02-28,140350.42984369904
2022-03-01,140350.42984369904
2022-03-02,140350.42984369904
2022-03-03,140350.42984369904
2022-03-04,140350.42984369904
2022-03-05,140350.42984369904
2022-03-06,140350.42984369904
2022-03-07,140350.42984369904
2022-03-08,140350.42984369904
2022-03-09,140350.42984369904
2022-03-10,140350.42984369904
2022-03-11,140350.42984369904
2022-03-12,140350.42984369904
2022-03-13,140350.42984369904
2022-03-14,140350.42984369904
2022-03-15,140350.42984369904
2022-03-16,140350.42984369904
2022-03-17,140350.42984369904
2022-03-18,140350.42984369904
2022-03-19,140350.42984369904
2022-03-20,140350.42984369904
2022-03-21,140350.42984369904
2022-03-22,140350.42984369904
2022-03-23,140350.42984369904
2022-03-24,140350.42984369904
2022-03-25,140350.42984369904
2022-03-26,140350.42984369904
2022-03-27,140350.42984369904
2022-03-28,140350.42984369904
2022-03-29,140350.42984369904
2022-03-30,140350.42984369904
2022-03-31,140350.42984369904
2022-04-01,140350.42984369904
2022-04-02,140350.42984369904
2022-04-03,140350.42984369904
2022-04-04,140350.42984369904
2022-04-05,140350.42984369904
2022-04-06,140350.42984369904
2022-04-07,140350.42984369904
2022-04-08,140350.42984369904
2022-04-09,140350.42984369904
2022-04-10,140350.42984369904
2022-04-11,140350.42984369904
2022-04-12,140350.42984369904
2022-04-13,140350.42984369904
2022-04-14,140350.42984369904
2022-04-15,140350.42984369904
2022-04-16,140350.42984369904
2022-04-17,140350.42984369904
2022-04-18,140350.42984369904
2022-04-19,140350.42984369904
2022-04-20,140350.42984369904
2022-04-21,140350.42984369904
2022-04-22,140350.42984369904
2022-04-23,140350.42984369904
2022-04-24,140350.42984369904
2022-04-25,140350.42984369904
2022-04-26,140350.42984369904
2022-04-27,140350.42984369904
2022-04-28,140350.42984369904
2022-04-29,140350.42984369904
2022-04-30,140350.42984369904
2022-05-01,140350.42984369904
2022-05-02,140350.42984369904
2022-05-03,140350.42984369904
2022-05-04,140350.42984369904
2022-05-05,140350.42984369904
2022-05-06,140350.42984369904
2022-05-07,140350.42984369904
2022-05-08,140350.42984369904
2022-05-09,140350.42984369904
2022-05-10,140350.42984369904
2022-05-11,140350.42984369904
2022-05-12,140350.42984369904
2022-05-13,140350.42984369904
2022-05-14,140350.42984369904
2022-05-15,140350.42984369904
2022-05-16,140350.42984369904
2022-05-17,140350.42984369904
2022-05-18,140350.42984369904
2022-05-19,140350.42984369904
2022-05-20,140350.42984369904
2022-05-21,140350.42984369904
2022-05-22,140350.42984369904
2022-05-23,140350.42984369904
2022-05-24,140350.42984369904
2022-05-25,140350.42984369904
2022-05-26,140350.42984369904
2022-05-27,140350.42984369904
2022-05-28,140350.42984369904
2022-05-29,140350.42984369904
2022-05-30,140350.42984369904
2022-05-31,140350.42984369904
2022-06-01,140350.42984369904
2022-06-02,140350.42984369904
2022-06-03,140350.42984369904
2022-06-04,140350.42984369904
2022-06-05,140350.42984369904
2022-06-06,140350.42984369904
2022-06-07,140350.42984369904
2022-06-08,140350.42984369904
2022-06-09,140350.42984369904
2022-06-10,140350.42984369904
2022-06-11,140350.42984369904
2022-06-12,140350.42984369904
2022-06-13,140350.42984369904
2022-06-14,140350.42984369904
2022-06-15,140350.42984369904
2022-06-16,140350.42984369904
2022-06-17,140350.42984369904
2022-06-18,140350.42984369904
2022-06-19,140350.42984369904
2022-06-20,140350.42984369904
2022-06-21,140350.42984369904
2022-06-22,140350.42984369904
2022-06-23,140350.42984369904
2022-06-24,140350.42984369904
2022-06-25,140350.42984369904
2022-06-26,140350.42984369904
2022-06-27,140350.42984369904
2022-06-28,140350.42984369904
2022-06-29,140350.42984369904
2022-06-30,140350.42984369904
2022-07-01,140350.42984369904
2022-07-02,140350.42984369904
2022-07-03,140350.42984369904
2022-07-04,140350.42984369904
2022-07-05,140350.42984369904
2022-07-06,140350.42984369904
2022-07-07,140350.42984369904
2022-07-08,140350.42984369904
2022-07-09,140350.42984369904
2022-07-10,140350.42984369904
2022-07-11,140350.42984369904
2022-07-12,140350.42984369904
2022-07-13,140350.42984369904
2022-07-14,140350.42984369904
2022-07-15,140350.42984369904
2022-07-16,140350.42984369904
2022-07-17,140350.42984369904
2022-07-18,140350.42984369904
2022-07-19,140350.42984369904
2022-07-20,140350.42984369904
2022-07-21,140350.42984369904
2022-07-22,140350.42984369904
2022-07-23,140350.42984369904
2022-07-24,140350.42984369904
2022-07-25,140350.42984369904
2022-07-26,140350.42984369904
2022-07-27,140350.42984369904
2022-07-28,140350.42984369904
2022-07-29,140350.42984369904
2022-07-30,140350.42984369904
2022-07-31,140350.42984369904
2022-08-01,140350.42984369904
2022-08-02,140350.42984369904
2022-08-03,140350.42984369904
2022-08-04,140350.42984369904
2022-08-05,140350.42984369904
2022-08-06,140350.42984369904
2022-08-07,140350.42984369904
2022-08-08,140350.42984369904
2022-08-09,140350.42984369904
2022-08-10,140350.42984369904
2022-08-11,140350.42984369904
2022-08-12,140350.42984369904
2022-08-13,140350.42984369904
2022-08-14,140350.42984369904
2022-08-15,140350.42984369904
2022-08-16,140350.42984369904
2022-08-17,140350.42984369904
2022-08-18,140350.42984369904
2022-08-19,140350.42984369904
2022-08-20,140350.42984369904
2022-08-21,140350.42984369904
2022-08-22,140350.42984369904
2022-08-23,140350.42984369904
2022-08-24,140350.42984369904
2022-08-25,140350.42984369904
2022-08-26,140350.42984369904
2022-08-27,140350.42984369904
2022-08-28,140350.42984369904
2022-08-29,140350.42984369904
2022-08-30,140350.42984369904
2022-08-31,140350.42984369904
2022-09-01,140350.42984369904
2022-09-02,140350.42984369904
2022-09-03,140350.42984369904
2022-09-04,140350.42984369904
2022-09-05,140350.42984369904
2022-09-06,140350.42984369904
2022-09-07,140350.42984369904
2022-09-08,140350.42984369904
2022-09-09,140350.42984369904
2022-09-10,140350.42984369904
2022-09-11,140350.42984369904
2022-09-12,140350.42984369904
2022-09-13,140350.42984369904
2022-09-14,140350.42984369904
2022-09-15,140350.42984369904
2022-09-16,140350.42984369904
2022-09-17,140350.42984369904
2022-09-18,140350.42984369904
2022-09-19,140350.42984369904
2022-09-20,140350.42984369904
2022-09-21,140350.42984369904
2022-09-22,140350.42984369904
2022-09-23,140350.42984369904
2022-09-24,140350.42984369904
2022-09-25,140350.42984369904
2022-09-26,140350.42984369904
2022-09-27,140350.42984369904
2022-09-28,140350.42984369904
2022-09-29,140350.42984369904
2022-09-30,140350.42984369904
2022-10-01,140350.42984369904
2022-10-02,140350.42984369904
2022-10-03,140350.42984369904
2022-10-04,140350.42984369904
2022-10-05,140350.42984369904
2022-10-06,140350.42984369904
2022-10-07,140350.42984369904
2022-10-08,140350.42984369904
2022-10-09,140350.42984369904
2022-10-10,140350.42984369904
2022-10-11,140350.42984369904
2022-10-12,140350.42984369904
2022-10-13,140350.42984369904
2022-10-14,140350.42984369904
2022-10-15,140350.42984369904
2022-10-16,140350.42984369904
2022-10-17,140350.42984369904
2022-10-18,140350.42984369904
2022-10-19,140350.42984369904
2022-10-20,140350.42984369904
2022-10-21,140350.42984369904
2022-10-22,140350.42984369904
2022-10-23,140350.42984369904
2022-10-24,140350.42984369904
2022-10-25,140350.42984369904
2022-10-26,140350.42984369904
2022-10-27,140350.42984369904
2022-10-28,140350.42984369904
2022-10-29,140350.42984369904
2022-10-30,140350.42984369904
2022-10-31,140350.42984369904
2022-11-01,140350.42984369904
2022-11-02,140350.42984369904
2022-11-03,140350.42984369904
2022-11-04,140350.42984369904
2022-11-05,140350.42984369904
2022-11-06,140350.42984369904
2022-11-07,140350.42984369904
2022-11-08,140350.42984369904
2022-11-09,140350.42984369904
2022-11-10,140350.42984369904
2022-11-11,140350.42984369904
2022-11-12,140350.42984369904
2022-11-13,140350.42984369904
2022-11-14,140350.42984369904
2022-11-15,140350.42984369904
2022-11-16,140350.42984369904
2022-11-17,140350.42984369904
2022-11-18,140350.42984369904
2022-11-19,140350.42984369904
2022-11-20,140350.42984369904
2022-11-21,140350.42984369904
2022-11-22,140350.42984369904
2022-11-23,140350.42984369904
2022-11-24,140350.42984369904
2022-11-25,140350.42984369904
2022-11-26,140350.42984369904
2022-11-27,140350.42984369904
2022-11-28,140350.42984369904
2022-11-29,140350.42984369904
2022-11-30,140350.42984369904
2022-12-01,140350.42984369904
2022-12-02,140350.42984369904
2022-12-03,140350.42984369904
2022-12-04,140350.42984369904
2022-12-05,140350.42984369904
2022-12-06,140350.42984369904
2022-12-07,140350.42984369904
2022-12-08,140350.42984369904
2022-12-09,140350.42984369904
2022-12-10,140350.42984369904
2022-12-11,140350.42984369904
2022-12-12,140350.42984369904
2022-12-13,140350.42984369904
2022-12-14,140350.42984369904
2022-12-15,140350.42984369904
2022-12-16,140350.42984369904
2022-12-17,140350.42984369904
2022-12-18,140350.42984369904
2022-12-19,140350.42984369904
2022-12-20,140350.42984369904
2022-12-21,140350.42984369904
2022-12-22,140350.42984369904
2022-12-23,140350.42984369904
2022-12-24,140350.42984369904
2022-12-25,140350.42984369904
2022-12-26,140350.42984369904
2022-12-27,140350.42984369904
2022-12-28,140350.42984369904
2022-12-29,140350.42984369904
2022-12-30,140350.42984369904
2022-12-31,140350.42984369904
2023-01-01,140350.42984369904
2023-01-02,140350.42984369904
2023-01-03,140350.42984369904
2023-01-04,140350.42984369904
2023-01-05,140350.42984369904
2023-01-06,140350.42984369904
2023-01-07,140350.42984369904
2023-01-08,140350.42984369904
2023-01-09,140350.42984369904
2023-01-10,140350.42984369904
2023-01-11,140350.42984369904
2023-01-12,140350.42984369904
2023-01-13,140350.42984369904
2023-01-14,140350.42984369904
2023-01-15,140350.42984369904
2023-01-16,140350.42984369904
2023-01-17,140350.42984369904
2023-01-18,140350.42984369904
2023-01-19,140350.42984369904
2023-01-20,140350.42984369904
2023-01-21,140350.42984369904
2023-01-22,140350.42984369904
2023-01-23,140350.42984369904
2023-01-24,140350.42984369904
2023-01-25,140350.42984369904
2023-01-26,140350.42984369904
2023-01-27,140350.42984369904
2023-01-28,140350.42984369904
2023-01-29,140350.42984369904
2023-01-30,140350.42984369904
2023-01-31,140350.42984369904
2023-02-01,140350.42984369904
2023-02-02,140350.42984369904
2023-02-03,140350.42984369904
2023-02-04,140350.42984369904
2023-02-05,140350.42984369904
2023-02-06,140350.42984369904
2023-02-07,140280.25462877718
2023-02-08,138307.39205769237
2023-02-09,131381.93321808203
2023-02-10,130367.2944954932
2023-02-11,131683.446278943
2023-02-12,131184.73989806595
2023-02-13,131304.49186088913
2023-02-14,133766.11836428152
2023-02-15,145774.3038616723
2023-02-16,141611.26649858608
2023-02-17,147149.1520078258
2023-02-18,147601.75684947442
2023-02-19,145711.01980638687
2023-02-20,148684.2596852761
2023-02-21,146313.28375168072
2023-02-22,144823.75645412577
2023-02-23,143371.475879241
2023-02-24,138813.4002539269
2023-02-25,138677.18987101023
2023-02-26,140966.96464767758
2023-02-27,140737.3784494575
2023-02-28,138472.52969400285
2023-03-01,141427.0910495163
2023-03-02,140400.13941229752
2023-03-03,133581.96806963827
2023-03-04,133526.22384387115
2023-03-05,134016.12550712138
2023-03-06,133981.73908969373
2023-03-07,132721.48823290414
2023-03-08,129690.485790747
2023-03-09,121335.23936033706
2023-03-10,120283.30446725246
2023-03-11,122906.9505162649
2023-03-12,131707.56896620986
2023-03-13,143269.33804390172
2023-03-14,146480.88713592337
2023-03-15,144273.50515124318
2023-03-16,148224.82779791235
2023-03-17,161628.92012795014
2023-03-18,158906.49821141054
2023-03-19,165105.83994284127
2023-03-20,163499.68064394954
2023-03-21,165887.96290030316
2023-03-22,160694.8510399226
2023-03-23,166624.88167985465
2023-03-24,161606.18470158265
2023-03-25,161614.54230057044
2023-03-26,164524.97421446993
2023-03-27,159425.12118853646
2023-03-28,160176.6671673036
2023-03-29,166400.07517733093
2023-03-30,164541.45310707248
2023-03-31,167132.39109404548
2023-04-01,166736.08068108754
2023-04-02,165488.86614483516
2023-04-03,163070.53197502284
2023-04-04,165272.89504823438
2023-04-05,165330.93983180856
2023-04-06,164543.75667991748
2023-04-07,163848.29589045432
2023-04-08,163976.94694092788
2023-04-09,166221.90490332514
2023-04-10,173790.59440453365
2023-04-11,177168.99485083966
2023-04-12,176605.53228159918
2023-04-13,178122.59742811666
2023-04-14,178629.49835286694
2023-04-15,177647.08306155985
2023-04-16,177628.68004554283
2023-04-17,172454.5833784692
2023-04-18,177944.92699609246
2023-04-19,168478.33933447744
2023-04-20,165073.2022855821
2023-04-21,159310.3519797416
2023-04-22,162436.7788542581
2023-04-23,161111.01189944075
2023-04-24,160724.90153594207
2023-04-25,165228.92884613204
2023-04-26,165899.41559073463
2023-04-27,171923.743110858
2023-04-28,171143.10566607188
2023-04-29,170606.94799221106
2023-04-30,170725.42419399423
2023-05-01,163716.65790299367
2023-05-02,167113.6590889818
2023-05-03,169001.14116080178
2023-05-04,168074.5589716735
2023-05-05,172028.43290670405
2023-05-06,168320.59734704974
2023-05-07,165681.5976198952
2023-05-08,161192.0437902318
2023-05-09,160985.29805058747
2023-05-10,160769.68502994225
2023-05-11,157114.16375850354
2023-05-12,155970.6841792303
2023-05-13,155848.9550179566
2023-05-14,156699.42453997736
2023-05-15,158216.85290516473
2023-05-16,157306.32388653222
2023-05-17,159399.43384076454
2023-05-18,156068.57179501507
2023-05-19,156405.09784145543
2023-05-20,157791.722921522
2023-05-21,155590.94388163777
2023-05-22,156156.65630540688
2023-05-23,158319.2640051028
2023-05-24,153051.9187341999
2023-05-25,153871.43924380874
2023-05-26,155277.72151424747
2023-05-27,156141.58277422667
2023-05-28,163060.1381976881
2023-05-29,161075.51497544654
2023-05-30,160822.57818737702
2023-05-31,157995.67224277824
2023-06-01,155658.50830687408
2023-06-02,158132.17277996894
2023-06-03,157116.50320674226
2023-06-04,157371.26509894713
2023-06-05,149280.75395713834
2023-06-06,157612.87693833094
2023-06-07,152360.3609674602
2023-06-08,153295.6046366766
2023-06-09,153134.51239647318
2023-06-10,149452.34485791874
2023-06-11,149965.57560206775
2023-06-12,149747.6508759399
2023-06-13,149841.4418662773
2023-06-14,145179.07235384983
2023-06-15,147766.07274581553
2023-06-16,152042.83268561217
2023-06-17,153097.23464660498
2023-06-18,152086.39431873098
2023-06-19,155030.6724223689
2023-06-20,163329.23104018177
2023-06-21,172847.11347272346
2023-06-22,172183.77402966694
2023-06-23,176634.0196280428
2023-06-24,175787.40077807516
2023-06-25,175393.16927885238
2023-06-26,174185.61608369066
2023-06-27,176568.9218217789
2023-06-28,173071.28254341774
2023-06-29,175124.80749890386
2023-06-30,175308.2057765721
2023-07-01,175955.9949049488
2023-07-02,176132.44524279214
2023-07-03,179187.00919661744
2023-07-04,176994.76740519065
2023-07-05,175473.4029488659
2023-07-06,171960.37284298855
2023-07-07,174431.59988129363
2023-07-08,174145.50858846543
2023-07-09,173446.74193574028
2023-07-10,174839.43928074295
2023-07-11,176022.3938991842
2023-07-12,174699.291732786
2023-07-13,180824.09481606883
2023-07-14,174141.65852045864
2023-07-15,173921.86720320868
2023-07-16,173653.7159417362
2023-07-17,173059.99991373756
2023-07-18,171391.0289177603
2023-07-19,171719.99462206068
2023-07-20,171018.75433447317
2023-07-21,171687.51603380678
2023-07-22,170899.61537354044
2023-07-23,172685.45804040684
2023-07-24,167395.4914710099
2023-07-25,167684.82712561055
2023-07-26,168415.20410185165
2023-07-27,167585.38221001934
2023-07-28,168207.03083482283
2023-07-29,168423.01888419996
2023-07-30,167954.16729902872
2023-07-31,167694.66755926082
2023-08-01,170231.9270908206
2023-08-02,167200.52076953286
2023-08-03,167353.70667292998
2023-08-04,166752.76736891182
2023-08-05,166569.33400707346
2023-08-06,166567.77691785016
2023-08-07,167361.5179815171
2023-08-08,170683.03943278006
2023-08-09,169509.2348604285
2023-08-10,168751.19820891262
2023-08-11,168568.31461730253
2023-08-12,168672.92877703035
2023-08-13,167908.27691989424
2023-08-14,168626.52372850812
2023-08-15,167255.7384619112
2023-08-16,164547.2684713682
2023-08-17,152432.62061595326
2023-08-18,148875.71994354855
2023-08-19,149142.0818238136
2023-08-20,149674.79786513132
2023-08-21,149300.3176778044
2023-08-22,148770.8286519454
2023-08-23,151039.3540196564
2023-08-24,149492.7766216543
2023-08-25,148835.9064918017
2023-08-26,148611.72062363496
2023-08-27,149075.14621790958
2023-08-28,149169.1511901427
2023-08-29,158156.57652423382
2023-08-30,155683.91084087617
2023-08-31,147692.78873716394
2023-09-01,146946.229116549
2023-09-02,147333.4305021128
2023-09-03,147906.22833635742
2023-09-04,147008.48005279968
2023-09-05,146823.6460814261
2023-09-06,146671.2411103933
2023-09-07,149418.7022729752
2023-09-08,147501.48851214792
2023-09-09,147444.6730682404
2023-09-10,147082.9517840599
2023-09-11,143220.27679725297
2023-09-12,146916.09436545832
2023-09-13,146916.09436545832
2023-09-14,146916.09436545832
2023-09-15,146916.09436545832
2023-09-16,146916.09436545832
2023-09-17,146916.09436545832
2023-09-18,146916.09436545832
2023-09-19,146916.09436545832
2023-09-20,146916.09436545832
2023-09-21,146916.09436545832
2023-09-22,146916.09436545832
2023-09-23,146916.09436545832
2023-09-24,146916.09436545832
2023-09-25,146916.09436545832
2023-09-26,146916.09436545832
2023-09-27,146916.09436545832
2023-09-28,146916.09436545832
2023-09-29,146916.09436545832
2023-09-30,146916.09436545832
2023-10-01,146916.09436545832
2023-10-02,146916.09436545832
2023-10-03,146916.09436545832
2023-10-04,146916.09436545832
2023-10-05,146916.09436545832
2023-10-06,146916.09436545832
2023-10-07,146916.09436545832
2023-10-08,146916.09436545832
2023-10-09,146916.09436545832
2023-10-10,146916.09436545832
2023-10-11,146916.09436545832
2023-10-12,146916.09436545832
2023-10-13,146916.09436545832
2023-10-14,146916.09436545832
2023-10-15,146916.09436545832
2023-10-16,146916.09436545832
2023-10-17,146916.09436545832
2023-10-18,146916.09436545832
2023-10-19,146916.09436545832
2023-10-20,146916.09436545832
2023-10-21,146916.09436545832
2023-10-22,146916.09436545832
2023-10-23,146916.09436545832
2023-10-24,146916.09436545832
2023-10-25,146916.09436545832
2023-10-26,146916.09436545832
2023-10-27,146916.09436545832
2023-10-28,146916.09436545832
2023-10-29,146916.09436545832
2023-10-30,146842.63631827562
2023-10-31,147544.97566126517
2023-11-01,150784.01216041457
2023-11-02,148645.64712409716
2023-11-03,147766.97194096516
2023-11-04,149248.0341970202
2023-11-05,149108.26023147526
2023-11-06,149057.26714301837
2023-11-07,150775.3616175558
2023-11-08,151673.308097302
2023-11-09,156025.1550281999
2023-11-10,158642.99907182003
2023-11-11,157893.30265616716
2023-11-12,157537.76758157177
2023-11-13,155172.56847041927
2023-11-14,151016.37086958752
2023-11-15,160658.19217810754
2023-11-16,153166.7398468093
2023-11-17,155027.52381291942
2023-11-18,154981.0023760077
2023-11-19,158336.86667870305
2023-11-20,158719.30316828802
2023-11-21,151514.61784785485
2023-11-22,158211.77448141825
2023-11-23,157607.40559538448
2023-11-24,159417.19266651894
2023-11-25,159740.22656869193
2023-11-26,158391.97914677963
2023-11-27,157438.43143749647
2023-11-28,159857.83718785722
2023-11-29,159973.60224165785
2023-11-30,159356.5538230453
2023-12-01,163428.23012177515
2023-12-02,166721.70823656596
2023-12-03,168828.6989260437
2023-12-04,177077.0895474954
2023-12-05,185722.91997980615
2023-12-06,184309.47278081882
2023-12-07,182387.64841180062
2023-12-08,186032.79017889898
2023-12-09,184167.56046475613
2023-12-10,184393.66081779439
2023-12-11,173391.14061732104
2023-12-12,174256.65338782224
2023-12-13,180209.73979859738
2023-12-14,180768.653307093
2023-12-15,176111.7493217545
2023-12-16,177410.50805614496
2023-12-17,173694.92484622344
2023-12-18,178902.24128898833
2023-12-19,177414.3881475897
2023-12-20,183120.8753257951
2023-12-21,184028.52596441054
2023-12-22,184567.83366646973
2023-12-23,183480.84126977864
2023-12-24,180420.8023669292
2023-12-25,182907.65624820627
2023-12-26,178266.4696670577
2023-12-27,182092.49437766874
2023-12-28,178643.93872057323
2023-12-29,176415.46646003576
2023-12-30,176656.2529728987
2023-12-31,177109.43437321167
2024-01-01,184906.0865327177
2024-01-02,188186.8020057731
2024-01-03,179141.6121032312
2024-01-04,184624.6635071052
2024-01-05,184552.644593079
2024-01-06,183826.18925642438
2024-01-07,183633.45102630917
2024-01-08,195867.89497933426
2024-01-09,192372.550695668
2024-01-10,194396.7009746637
2024-01-11,193313.0868851481
2024-01-12,178071.77492730212
2024-01-13,178026.95271870584
2024-01-14,173625.98841334775
2024-01-15,176573.9083777467
2024-01-16,179224.5236786199
2024-01-17,177504.01971995336
2024-01-18,171246.30969334644
2024-01-19,172718.87858507328
2024-01-20,172914.56621662524
2024-01-21,172416.66997569654
2024-01-22,163742.57519489652
2024-01-23,165138.24883117937
2024-01-24,166095.01124934212
2024-01-25,165500.1988890581
2024-01-26,173125.8811320768
2024-01-27,174376.56203556497
2024-01-28,174026.5436321417
2024-01-29,179136.7314086142
2024-01-30,177742.37677299892
2024-01-31,176204.6292139418
2024-02-01,178233.60618867754
2024-02-02,178688.5251055471
2024-02-03,177885.63369561755
2024-02-04,176186.6326693356
2024-02-05,176497.02198708485
2024-02-06,178250.8384262375
2024-02-07,183282.61828085763
2024-02-08,187304.87837337467
2024-02-09,194784.52322143174
2024-02-10,197345.93204580035
2024-02-11,199493.2658135608
2024-02-12,206252.39261643196
2024-02-13,205359.61082800513
2024-02-14,213788.97586917836
2024-02-15,214249.90687423392
2024-02-16,215162.27566430552
2024-02-17,213101.44504118158
2024-02-18,214988.6361234469
2024-02-19,213567.5260463111
2024-02-20,215643.33391634584
2024-02-21,213797.23196847082
2024-02-22,211582.60315582226
2024-02-23,209206.14837976062
2024-02-24,212638.29953962506
2024-02-25,213305.7740044791
2024-02-26,224506.71353153832
2024-02-27,234819.70251666236
2024-02-28,256116.7442331931
2024-02-29,250706.94026001092
2024-03-01,255745.0130009266
2024-03-02,254056.95594278263
2024-03-03,258673.73094122065
2024-03-04,278996.97087359376
2024-03-05,259862.52669375224
2024-03-06,269087.5684848201
2024-03-07,272399.53596412204
2024-03-08,277937.7759830192
2024-03-09,278745.5456052695
2024-03-10,280857.27326149796
2024-03-11,293212.8302859537
2024-03-12,290588.6235273292
2024-03-13,297030.07221422804
2024-03-14,290093.68890086474
2024-03-15,281881.4489142767
2024-03-16,264766.24855834694
2024-03-17,276948.73691747023
2024-03-18,273517.7553979953
2024-03-19,249688.6883718358
2024-03-20,272787.6019097687
2024-03-21,262880.3178630579
2024-03-22,255914.39778426097
2024-03-23,257049.1960976684
2024-03-24,269471.63654178777
2024-03-25,280176.41015582747
2024-03-26,280292.621336824
2024-03-27,278151.9019855655
2024-03-28,283269.11536743393
2024-03-29,279836.415467434
2024-03-30,278843.6238519815
2024-03-31,285522.7257724729
2024-04-01,278916.58580007707
2024-04-02,261347.37781676938
2024-04-03,263470.49676703865
2024-04-04,273376.6878036084
2024-04-05,270685.12197051826
2024-04-06,274876.0033868273
2024-04-07,276730.7169502119
2024-04-08,285637.51482629264
2024-04-09,275522.01608539076
2024-04-10,281236.15017593617
2024-04-11,279127.50266701187
2024-04-12,267474.21688134846
2024-04-13,253693.39698164427
2024-04-14,261202.3413714666
2024-04-15,251848.42445612617
2024-04-16,253375.10950194008
2024-04-17,243103.38762473458
2024-04-18,251816.50526841977
2024-04-19,253124.7279920539
2024-04-20,257647.02195366615
2024-04-21,257378.125424654
2024-04-22,264844.38218008436
2024-04-23,263133.38193338574
2024-04-24,254553.5755956961
2024-04-25,255363.38249957483
2024-04-26,252470.38728192833
2024-04-27,251135.59705795918
2024-04-28,249921.28203717913
2024-04-29,252787.15231796322
2024-04-30,239769.97151225057
2024-05-01,230157.61170136512
2024-05-02,233567.25690941006
2024-05-03,247991.71822559388
2024-05-04,251910.32077090812
2024-05-05,252460.36974167495
2024-05-06,249009.90178003084
2024-05-07,245727.47068654365
2024-05-08,241164.31493256008
2024-05-09,248393.77202560887
2024-05-10,239338.21574401928
2024-05-11,239341.8912291084
2024-05-12,241905.56938308172
2024-05-13,247559.26400402858
2024-05-14,242193.65508113074
2024-05-15,260068.58769246476
2024-05-16,255971.01870042592
2024-05-17,263016.0667885946
2024-05-18,262580.02381236793
2024-05-19,259968.62358006608
2024-05-20,279494.6300203318
2024-05-21,274315.9139374666
2024-05-22,270320.26413048635
2024-05-23,265614.9083432709
2024-05-24,267937.2843166335
2024-05-25,270814.57128162927
2024-05-26,267874.73745862884
2024-05-27,271279.57243328716
2024-05-28,266951.5783934987
2024-05-29,264129.7589674417
2024-05-30,267187.59180354903
2024-05-31,263751.42771071056
2024-06-01,264592.33533777634
2024-06-02,264766.8207428694
2024-06-03,268850.88566490024
2024-06-04,275652.8736305953
2024-06-05,277657.4813694094
2024-06-06,276382.5086817563
2024-06-07,270801.08633429883
2024-06-08,270657.2856392185
2024-06-09,271990.4511684052
2024-06-10,271459.9536361863
2024-06-11,262809.2375184718
2024-06-12,266334.09655523906
2024-06-13,260475.2377052622
2024-06-14,257550.79510722237
2024-06-15,258251.76776235132
2024-06-16,259993.9840615673
2024-06-17,259412.9833575325
2024-06-18,254093.51989727505
2024-06-19,253388.6676453546
2024-06-20,252874.66004745217
2024-06-21,250001.3302320026
2024-06-22,250610.5289285073
2024-06-23,246394.8986114366
2024-06-24,234803.75965974518
2024-06-25,240678.7795030097
2024-06-26,236779.01352077036
2024-06-27,239848.7463746227
2024-06-28,234794.21898302267
2024-06-29,236991.8741043557
2024-06-30,243862.09617796948
2024-07-01,244536.92661845507
2024-07-02,241313.88687335962
2024-07-03,233986.82445856504
2024-07-04,221216.04611176843
2024-07-05,219988.3838077664
2024-07-06,226269.57697528545
2024-07-07,216537.89959582005
2024-07-08,219831.55663457952
2024-07-09,224830.0786800544
2024-07-10,223793.91028370106
2024-07-11,222247.66310911236
2024-07-12,224386.57118694918
2024-07-13,229492.0395687577
2024-07-14,235442.2748072482
2024-07-15,250745.6978523752
2024-07-16,251621.58511742044
2024-07-17,247811.2184471204
2024-07-18,247251.23592770123
2024-07-19,257605.97430974405
2024-07-20,259351.2409647023
2024-07-21,263149.53724134294
2024-07-22,260942.30031835142
2024-07-23,254462.71066262058
2024-07-24,252309.3971884199
2024-07-25,253868.06717206998
2024-07-26,261976.61125564788
2024-07-27,261595.48797077913
2024-07-28,263297.0425295072
2024-07-29,257698.75612861733
2024-07-30,255300.7799796267
2024-07-31,249126.7261845956
2024-08-01,251956.76745620059
2024-08-02,236280.76976202993
2024-08-03,233436.07055525627
2024-08-04,223361.46399863227
2024-08-05,206914.91584848237
2024-08-06,214599.41822920795
2024-08-07,210708.3132474868
2024-08-08,234858.82723859977
2024-08-09,231678.45506352544
2024-08-10,231812.4985251973
2024-08-11,231812.4985251973
2024-08-12,231812.4985251973
2024-08-13,231812.4985251973
2024-08-14,231812.4985251973
2024-08-15,231812.4985251973
2024-08-16,231812.4985251973
2024-08-17,231812.4985251973
2024-08-18,231812.4985251973
2024-08-19,231812.4985251973
2024-08-20,231812.4985251973
2024-08-21,231812.4985251973
2024-08-22,231812.4985251973
2024-08-23,231812.4985251973
2024-08-24,231812.4985251973
2024-08-25,231812.4985251973
2024-08-26,231812.4985251973
2024-08-27,231812.4985251973
2024-08-28,231812.4985251973
2024-08-29,231812.4985251973
2024-08-30,231812.4985251973
2024-08-31,231812.4985251973
2024-09-01,231812.4985251973
2024-09-02,231812.4985251973
2024-09-03,231812.4985251973
2024-09-04,231812.4985251973
2024-09-05,231812.4985251973
2024-09-06,231812.4985251973
2024-09-07,231812.4985251973
2024-09-08,231812.4985251973
2024-09-09,231812.4985251973
2024-09-10,231812.4985251973
2024-09-11,231812.4985251973
2024-09-12,231812.4985251973
2024-09-13,231812.4985251973
2024-09-14,231812.4985251973
2024-09-15,231812.4985251973
2024-09-16,231812.4985251973
2024-09-17,231812.4985251973
2024-09-18,231812.4985251973
2024-09-19,231812.4985251973
2024-09-20,231812.4985251973
2024-09-21,231812.4985251973
2024-09-22,231812.4985251973
2024-09-23,231812.4985251973
2024-09-24,231812.4985251973
2024-09-25,231812.4985251973
2024-09-26,231812.4985251973
2024-09-27,231812.4985251973
2024-09-28,231812.4985251973
2024-09-29,231812.4985251973
2024-09-30,231812.4985251973
2024-10-01,231812.4985251973
2024-10-02,231812.4985251973
2024-10-03,231812.4985251973
2024-10-04,231812.4985251973
2024-10-05,231812.4985251973
2024-10-06,231812.4985251973
2024-10-07,231812.4985251973
2024-10-08,231812.4985251973
2024-10-09,231812.4985251973
2024-10-10,231812.4985251973
2024-10-11,231812.4985251973
2024-10-12,231812.4985251973
2024-10-13,231812.4985251973
2024-10-14,231812.4985251973
2024-10-15,231812.4985251973
2024-10-16,231812.4985251973
2024-10-17,231812.4985251973
2024-10-18,231812.4985251973
2024-10-19,231812.4985251973
2024-10-20,231812.4985251973
2024-10-21,231812.4985251973
2024-10-22,231812.4985251973
2024-10-23,231812.4985251973
2024-10-24,231812.4985251973
2024-10-25,231812.4985251973
2024-10-26,231812.4985251973
2024-10-27,231812.4985251973
2024-10-28,231696.5922759347
2024-10-29,240836.23288970618
2024-10-30,239571.2734703023
2024-10-31,232430.55917268887
2024-11-01,229992.3251306128
2024-11-02,229351.94305956157
2024-11-03,227530.29550225814
2024-11-04,224432.3314255579
2024-11-05,229498.24325709773
2024-11-06,249388.63367800467
2024-11-07,250263.4016409861
2024-11-08,252366.69618837413
2024-11-09,253135.00296868663
2024-11-10,265034.13153843733
2024-11-11,290832.591835389
2024-11-12,288377.3638218985
2024-11-13,296868.59218368906
2024-11-14,285736.9336436824
2024-11-15,297967.0796777287
2024-11-16,296301.79761448165
2024-11-17,293960.90957723104
2024-11-18,296231.89441490837
2024-11-19,302066.93494752096
2024-11-20,308525.5625029465
2024-11-21,321855.2975540294
2024-11-22,323461.9097542423
2024-11-23,319449.68740735867
2024-11-24,320221.55462435336
2024-11-25,303759.08064762177
2024-11-26,300092.7533382562
2024-11-27,312795.3234684817
2024-11-28,311783.0208342075
2024-11-29,317624.63830425846
2024-11-30,314307.76981737296
2024-12-01,317003.3711960052
2024-12-02,312360.1848416131
2024-12-03,312805.7989647483
2024-12-04,321692.0833443051
2024-12-05,314529.00905246945
2024-12-06,325180.47159425676
2024-12-07,325189.01424290036
2024-12-08,329433.1626711629
2024-12-09,316818.3421476919
2024-12-10,314346.2740297967
2024-12-11,328640.52629651094
2024-12-12,324949.1905035898
2024-12-13,329517.0738916408
2024-12-14,329236.7069935293
2024-12-15,338604.2741324706
2024-12-16,344177.8926233264
2024-12-17,344537.63583484275
2024-12-18,324148.1897997283
2024-12-19,315776.7694034738
2024-12-20,316633.87393737526
2024-12-21,314908.6020802713
2024-12-22,307966.7000521655
2024-12-23,306607.89693904854
2024-12-24,319262.82945859845
2024-12-25,321272.51284588507
2024-12-26,309731.89230199304
2024-12-27,304414.1658826067
2024-12-28,307626.92586813384
2024-12-29,302299.960388674
2024-12-30,299419.34733347024
2024-12-31,301948.9288271851
