Date,Equity
2004-09-03,10000.0
2004-09-06,10000.0
2004-09-07,10000.0
2004-09-08,10000.0
2004-09-09,10000.0
2004-09-10,10000.0
2004-09-13,10000.0
2004-09-14,10000.0
2004-09-15,10000.0
2004-09-16,10000.0
2004-09-17,10000.0
2004-09-20,10000.0
2004-09-21,10000.0
2004-09-22,10000.0
2004-09-23,10000.0
2004-09-24,10000.0
2004-09-27,10000.0
2004-09-28,10000.0
2004-09-29,10000.0
2004-09-30,9995.0
2004-10-01,9974.727647748334
2004-10-04,9974.727647748334
2004-10-05,9974.727647748334
2004-10-06,9974.727647748334
2004-10-07,9974.727647748334
2004-10-08,9969.74028392446
2004-10-11,9943.868536794243
2004-10-12,9943.868536794243
2004-10-13,9943.868536794243
2004-10-14,9943.868536794243
2004-10-15,9938.896602525847
2004-10-18,9941.992277750216
2004-10-19,9941.992277750216
2004-10-20,9941.992277750216
2004-10-21,9941.992277750216
2004-10-22,9941.992277750216
2004-10-25,9937.021281611342
2004-10-26,9896.344761465516
2004-10-27,9896.344761465516
2004-10-29,9896.344761465516
2004-11-01,9896.344761465516
2004-11-02,9896.344761465516
2004-11-03,9896.344761465516
2004-11-04,9896.344761465516
2004-11-05,9896.344761465516
2004-11-08,9896.344761465516
2004-11-09,9896.344761465516
2004-11-10,9896.344761465516
2004-11-11,9896.344761465516
2004-11-12,9896.344761465516
2004-11-15,9896.344761465516
2004-11-16,9896.344761465516
2004-11-17,9896.344761465516
2004-11-18,9896.344761465516
2004-11-19,9896.344761465516
2004-11-22,9896.344761465516
2004-11-23,9896.344761465516
2004-11-24,9896.344761465516
2004-11-25,9896.344761465516
2004-11-26,9896.344761465516
2004-11-29,9896.344761465516
2004-11-30,9896.344761465516
2004-12-01,9896.344761465516
2004-12-02,9896.344761465516
2004-12-03,9891.396589084783
2004-12-06,9834.905019615311
2004-12-07,9834.905019615311
2004-12-08,9834.905019615311
2004-12-09,9834.905019615311
2004-12-10,9834.905019615311
2004-12-13,9834.905019615311
2004-12-14,9834.905019615311
2004-12-15,9834.905019615311
2004-12-16,9834.905019615311
2004-12-17,9834.905019615311
2004-12-20,9834.905019615311
2004-12-21,9834.905019615311
2004-12-22,9834.905019615311
2004-12-23,9829.987567105503
2004-12-24,9843.952564208605
2004-12-27,9843.952564208605
2004-12-28,9843.952564208605
2004-12-29,9843.952564208605
2004-12-30,9843.952564208605
2004-12-31,9843.952564208605
2005-01-03,9843.952564208605
2005-01-04,9843.952564208605
2005-01-05,9843.952564208605
2005-01-06,9843.952564208605
2005-01-07,9843.952564208605
2005-01-10,9843.952564208605
2005-01-11,9843.952564208605
2005-01-12,9839.030587926502
2005-01-13,9800.778545565296
2005-01-14,9800.778545565296
2005-01-17,9800.778545565296
2005-01-18,9800.778545565296
2005-01-19,9800.778545565296
2005-01-20,9800.778545565296
2005-01-21,9800.778545565296
2005-01-24,9800.778545565296
2005-01-25,9800.778545565296
2005-01-26,9800.778545565296
2005-01-27,9800.778545565296
2005-01-28,9800.778545565296
2005-01-31,9800.778545565296
2005-02-01,9800.778545565296
2005-02-02,9800.778545565296
2005-02-03,9800.778545565296
2005-02-04,9800.778545565296
2005-02-07,9800.778545565296
2005-02-08,9800.778545565296
2005-02-09,9800.778545565296
2005-02-10,9800.778545565296
2005-02-11,9800.778545565296
2005-02-14,9795.878156292514
2005-02-15,9824.076553744815
2005-02-16,9824.076553744815
2005-02-17,9824.076553744815
2005-02-18,9824.076553744815
2005-02-21,9824.076553744815
2005-02-22,9819.164515467943
2005-02-23,9771.248955871268
2005-02-24,9771.248955871268
2005-02-25,9771.248955871268
2005-02-28,9771.248955871268
2005-03-01,9771.248955871268
2005-03-02,9771.248955871268
2005-03-03,9771.248955871268
2005-03-04,9766.363331393333
2005-03-07,9742.997527517351
2005-03-08,9738.126028753593
2005-03-09,9751.47722921214
2005-03-10,9751.47722921214
2005-03-11,9751.47722921214
2005-03-14,9751.47722921214
2005-03-15,9751.47722921214
2005-03-16,9746.601490597533
2005-03-17,9718.489549058744
2005-03-18,9718.489549058744
2005-03-21,9718.489549058744
2005-03-22,9718.489549058744
2005-03-23,9718.489549058744
2005-03-24,9718.489549058744
2005-03-25,9718.489549058744
2005-03-28,9718.489549058744
2005-03-29,9718.489549058744
2005-03-30,9718.489549058744
2005-03-31,9718.489549058744
2005-04-01,9718.489549058744
2005-04-04,9718.489549058744
2005-04-05,9718.489549058744
2005-04-06,9718.489549058744
2005-04-07,9718.489549058744
2005-04-08,9718.489549058744
2005-04-11,9718.489549058744
2005-04-12,9718.489549058744
2005-04-13,9718.489549058744
2005-04-14,9718.489549058744
2005-04-15,9718.489549058744
2005-04-18,9713.630304284216
2005-04-19,9743.864208271665
2005-04-20,9743.864208271665
2005-04-21,9743.864208271665
2005-04-22,9743.864208271665
2005-04-25,9743.864208271665
2005-04-26,9743.864208271665
2005-04-27,9743.864208271665
2005-04-28,9743.864208271665
2005-04-29,9743.864208271665
2005-05-02,9743.864208271665
2005-05-03,9743.864208271665
2005-05-04,9743.864208271665
2005-05-05,9743.864208271665
2005-05-06,9743.864208271665
2005-05-09,9743.864208271665
2005-05-10,9743.864208271665
2005-05-11,9743.864208271665
2005-05-12,9743.864208271665
2005-05-13,9743.864208271665
2005-05-16,9743.864208271665
2005-05-17,9743.864208271665
2005-05-18,9743.864208271665
2005-05-19,9743.864208271665
2005-05-20,9743.864208271665
2005-05-23,9743.864208271665
2005-05-24,9743.864208271665
2005-05-25,9743.864208271665
2005-05-26,9743.864208271665
2005-05-27,9743.864208271665
2005-05-30,9743.864208271665
2005-05-31,9743.864208271665
2005-06-01,9743.864208271665
2005-06-02,9743.864208271665
2005-06-03,9743.864208271665
2005-06-06,9743.864208271665
2005-06-07,9743.864208271665
2005-06-08,9743.864208271665
2005-06-09,9743.864208271665
2005-06-10,9743.864208271665
2005-06-13,9743.864208271665
2005-06-14,9743.864208271665
2005-06-15,9743.864208271665
2005-06-16,9743.864208271665
2005-06-17,9738.99227616753
2005-06-20,9632.884603581608
2005-06-21,9632.884603581608
2005-06-22,9632.884603581608
2005-06-23,9632.884603581608
2005-06-24,9632.884603581608
2005-06-27,9632.884603581608
2005-06-28,9632.884603581608
2005-06-29,9632.884603581608
2005-06-30,9632.884603581608
2005-07-01,9632.884603581608
2005-07-04,9632.884603581608
2005-07-05,9632.884603581608
2005-07-06,9632.884603581608
2005-07-07,9632.884603581608
2005-07-08,9632.884603581608
2005-07-11,9632.884603581608
2005-07-12,9628.068161279818
2005-07-13,9504.471970683753
2005-07-14,9504.471970683753
2005-07-15,9504.471970683753
2005-07-18,9504.471970683753
2005-07-19,9504.471970683753
2005-07-20,9499.719734698412
2005-07-21,9497.279575296243
2005-07-22,9497.279575296243
2005-07-25,9497.279575296243
2005-07-26,9497.279575296243
2005-07-27,9497.279575296243
2005-07-28,9497.279575296243
2005-07-29,9497.279575296243
2005-08-01,9497.279575296243
2005-08-02,9497.279575296243
2005-08-03,9492.530935508596
2005-08-04,9526.150112524494
2005-08-05,9526.150112524494
2005-08-08,9526.150112524494
2005-08-09,9526.150112524494
2005-08-10,9526.150112524494
2005-08-11,9526.150112524494
2005-08-12,9526.150112524494
2005-08-15,9526.150112524494
2005-08-16,9526.150112524494
2005-08-17,9526.150112524494
2005-08-18,9526.150112524494
2005-08-19,9526.150112524494
2005-08-22,9526.150112524494
2005-08-23,9526.150112524494
2005-08-24,9526.150112524494
2005-08-25,9526.150112524494
2005-08-26,9526.150112524494
2005-08-29,9526.150112524494
2005-08-30,9526.150112524494
2005-08-31,9521.387037468232
2005-09-01,9635.695947193153
2005-09-02,9664.031085192635
2005-09-05,9664.031085192635
2005-09-06,9664.031085192635
2005-09-07,9664.031085192635
2005-09-08,9664.031085192635
2005-09-09,9664.031085192635
2005-09-12,9664.031085192635
2005-09-13,9664.031085192635
2005-09-14,9664.031085192635
2005-09-15,9664.031085192635
2005-09-16,9664.031085192635
2005-09-19,9664.031085192635
2005-09-20,9664.031085192635
2005-09-22,9664.031085192635
2005-09-23,9664.031085192635
2005-09-26,9664.031085192635
2005-09-27,9664.031085192635
2005-09-28,9664.031085192635
2005-09-29,9664.031085192635
2005-09-30,9664.031085192635
2005-10-03,9664.031085192635
2005-10-04,9664.031085192635
2005-10-05,9659.19906965004
2005-10-06,9786.972673503296
2005-10-07,9748.306262635431
2005-10-10,9748.306262635431
2005-10-11,9748.306262635431
2005-10-12,9748.306262635431
2005-10-13,9748.306262635431
2005-10-14,9748.306262635431
2005-10-17,9748.306262635431
2005-10-18,9748.306262635431
2005-10-19,9748.306262635431
2005-10-20,9748.306262635431
2005-10-21,9748.306262635431
2005-10-24,9748.306262635431
2005-10-25,9743.432109504114
2005-10-26,9699.106042989299
2005-10-27,9699.106042989299
2005-10-28,9699.106042989299
2005-10-31,9699.106042989299
2005-11-01,9699.106042989299
2005-11-02,9699.106042989299
2005-11-03,9699.106042989299
2005-11-04,9699.106042989299
2005-11-07,9699.106042989299
2005-11-08,9699.106042989299
2005-11-09,9699.106042989299
2005-11-10,9699.106042989299
2005-11-11,9699.106042989299
2005-11-14,9699.106042989299
2005-11-15,9699.106042989299
2005-11-16,9699.106042989299
2005-11-17,9699.106042989299
2005-11-18,9699.106042989299
2005-11-21,9699.106042989299
2005-11-22,9699.106042989299
2005-11-23,9699.106042989299
2005-11-24,9699.106042989299
2005-11-25,9699.106042989299
2005-11-28,9694.256489967804
2005-11-29,9622.096251808402
2005-11-30,9622.096251808402
2005-12-01,9622.096251808402
2005-12-02,9622.096251808402
2005-12-05,9622.096251808402
2005-12-06,9622.096251808402
2005-12-07,9622.096251808402
2005-12-08,9622.096251808402
2005-12-09,9622.096251808402
2005-12-12,9617.285203682497
2005-12-13,9606.843249426624
2005-12-14,9606.843249426624
2005-12-15,9606.843249426624
2005-12-16,9606.843249426624
2005-12-19,9606.843249426624
2005-12-20,9606.843249426624
2005-12-21,9606.843249426624
2005-12-22,9606.843249426624
2005-12-23,9606.843249426624
2005-12-26,9606.843249426624
2005-12-27,9606.843249426624
2005-12-28,9606.843249426624
2005-12-29,9606.843249426624
2005-12-30,9606.843249426624
2006-01-02,9606.843249426624
2006-01-03,9602.039827801911
2006-01-04,9660.067321827226
2006-01-05,9660.067321827226
2006-01-06,9660.067321827226
2006-01-09,9660.067321827226
2006-01-10,9660.067321827226
2006-01-11,9660.067321827226
2006-01-12,9660.067321827226
2006-01-13,9655.237288166312
2006-01-16,9628.978335145612
2006-01-17,9628.978335145612
2006-01-18,9628.978335145612
2006-01-19,9628.978335145612
2006-01-20,9628.978335145612
2006-01-23,9624.163845978039
2006-01-24,9588.73091953684
2006-01-25,9588.73091953684
2006-01-26,9588.73091953684
2006-01-27,9588.73091953684
2006-01-30,9588.73091953684
2006-01-31,9588.73091953684
2006-02-01,9588.73091953684
2006-02-02,9588.73091953684
2006-02-03,9588.73091953684
2006-02-06,9588.73091953684
2006-02-07,9588.73091953684
2006-02-08,9588.73091953684
2006-02-09,9588.73091953684
2006-02-10,9588.73091953684
2006-02-13,9588.73091953684
2006-02-14,9588.73091953684
2006-02-15,9588.73091953684
2006-02-16,9588.73091953684
2006-02-17,9588.73091953684
2006-02-20,9588.73091953684
2006-02-21,9588.73091953684
2006-02-22,9588.73091953684
2006-02-23,9588.73091953684
2006-02-24,9588.73091953684
2006-02-27,9588.73091953684
2006-02-28,9583.936554077072
2006-03-01,9571.029758209967
2006-03-02,9566.244243330862
2006-03-03,9566.99044645509
2006-03-06,9566.99044645509
2006-03-07,9566.99044645509
2006-03-08,9566.99044645509
2006-03-09,9566.99044645509
2006-03-10,9566.99044645509
2006-03-13,9566.99044645509
2006-03-14,9566.99044645509
2006-03-15,9566.99044645509
2006-03-16,9562.206951231861
2006-03-17,9570.823864488308
2006-03-20,9570.823864488308
2006-03-21,9570.823864488308
2006-03-22,9570.823864488308
2006-03-23,9570.823864488308
2006-03-24,9570.823864488308
2006-03-27,9570.823864488308
2006-03-28,9570.823864488308
2006-03-29,9570.823864488308
2006-03-30,9566.038452556064
2006-03-31,9519.558471851573
2006-04-03,9519.558471851573
2006-04-04,9514.798692615648
2006-04-05,9531.76339111319
2006-04-06,9531.76339111319
2006-04-07,9531.76339111319
2006-04-10,9531.76339111319
2006-04-11,9531.76339111319
2006-04-12,9531.76339111319
2006-04-13,9531.76339111319
2006-04-14,9531.76339111319
2006-04-17,9526.997509417635
2006-04-18,9614.48899016332
2006-04-19,9618.24680686784
2006-04-20,9618.24680686784
2006-04-21,9618.24680686784
2006-04-24,9618.24680686784
2006-04-25,9618.24680686784
2006-04-26,9618.24680686784
2006-04-27,9618.24680686784
2006-04-28,9613.437683464408
2006-05-01,9565.966402652595
2006-05-02,9565.966402652595
2006-05-03,9565.966402652595
2006-05-04,9565.966402652595
2006-05-05,9565.966402652595
2006-05-08,9565.966402652595
2006-05-09,9565.966402652595
2006-05-10,9565.966402652595
2006-05-11,9565.966402652595
2006-05-12,9565.966402652595
2006-05-15,9565.966402652595
2006-05-16,9565.966402652595
2006-05-17,9565.966402652595
2006-05-18,9565.966402652595
2006-05-19,9565.966402652595
2006-05-22,9565.966402652595
2006-05-23,9565.966402652595
2006-05-24,9565.966402652595
2006-05-25,9565.966402652595
2006-05-26,9565.966402652595
2006-05-29,9565.966402652595
2006-05-30,9565.966402652595
2006-05-31,9565.966402652595
2006-06-01,9565.966402652595
2006-06-02,9565.966402652595
2006-06-05,9565.966402652595
2006-06-06,9565.966402652595
2006-06-07,9565.966402652595
2006-06-08,9565.966402652595
2006-06-09,9565.966402652595
2006-06-12,9565.966402652595
2006-06-13,9565.966402652595
2006-06-14,9565.966402652595
2006-06-15,9565.966402652595
2006-06-16,9565.966402652595
2006-06-19,9565.966402652595
2006-06-20,9565.966402652595
2006-06-21,9565.966402652595
2006-06-22,9565.966402652595
2006-06-23,9565.966402652595
2006-06-26,9565.966402652595
2006-06-27,9565.966402652595
2006-06-28,9565.966402652595
2006-06-29,9561.18341945127
2006-06-30,9650.59656608773
2006-07-03,9659.350481635822
2006-07-04,9659.350481635822
2006-07-05,9659.350481635822
2006-07-06,9659.350481635822
2006-07-07,9659.350481635822
2006-07-10,9659.350481635822
2006-07-11,9659.350481635822
2006-07-12,9659.350481635822
2006-07-13,9659.350481635822
2006-07-14,9659.350481635822
2006-07-17,9659.350481635822
2006-07-18,9659.350481635822
2006-07-19,9654.520806395005
2006-07-20,9675.636419496106
2006-07-21,9675.636419496106
2006-07-24,9675.636419496106
2006-07-25,9675.636419496106
2006-07-26,9670.798601286358
2006-07-27,9653.062184310122
2006-07-28,9653.062184310122
2006-07-31,9653.062184310122
2006-08-01,9653.062184310122
2006-08-02,9653.062184310122
2006-08-03,9653.062184310122
2006-08-04,9653.062184310122
2006-08-07,9653.062184310122
2006-08-08,9653.062184310122
2006-08-09,9648.235653217967
2006-08-10,9581.747628558145
2006-08-11,9581.747628558145
2006-08-14,9581.747628558145
2006-08-15,9581.747628558145
2006-08-16,9581.747628558145
2006-08-17,9581.747628558145
2006-08-18,9581.747628558145
2006-08-21,9581.747628558145
2006-08-22,9581.747628558145
2006-08-23,9581.747628558145
2006-08-24,9581.747628558145
2006-08-25,9581.747628558145
2006-08-28,9581.747628558145
2006-08-29,9581.747628558145
2006-08-30,9581.747628558145
2006-08-31,9581.747628558145
2006-09-01,9581.747628558145
2006-09-04,9581.747628558145
2006-09-05,9581.747628558145
2006-09-06,9581.747628558145
2006-09-07,9581.747628558145
2006-09-08,9581.747628558145
2006-09-11,9581.747628558145
2006-09-12,9581.747628558145
2006-09-13,9581.747628558145
2006-09-14,9581.747628558145
2006-09-15,9581.747628558145
2006-09-18,9581.747628558145
2006-09-19,9581.747628558145
2006-09-20,9581.747628558145
2006-09-21,9576.956754743867
2006-09-22,9586.377344097664
2006-09-25,9586.377344097664
2006-09-26,9586.377344097664
2006-09-27,9586.377344097664
2006-09-28,9586.377344097664
2006-09-29,9586.377344097664
2006-10-02,9581.584155425615
2006-10-03,9571.545175139016
2006-10-04,9571.545175139016
2006-10-05,9571.545175139016
2006-10-06,9571.545175139016
2006-10-09,9571.545175139016
2006-10-10,9571.545175139016
2006-10-11,9571.545175139016
2006-10-12,9571.545175139016
2006-10-13,9571.545175139016
2006-10-16,9571.545175139016
2006-10-17,9571.545175139016
2006-10-18,9571.545175139016
2006-10-19,9566.759402551446
2006-10-20,9553.644204018205
2006-10-23,9553.644204018205
2006-10-24,9553.644204018205
2006-10-25,9553.644204018205
2006-10-26,9548.867381916196
2006-10-27,9580.891874356274
2006-10-30,9580.891874356274
2006-10-31,9580.891874356274
2006-11-01,9580.891874356274
2006-11-02,9580.891874356274
2006-11-03,9580.891874356274
2006-11-06,9580.891874356274
2006-11-07,9580.891874356274
2006-11-08,9580.891874356274
2006-11-09,9576.101428419095
2006-11-10,9587.301854128087
2006-11-13,9587.301854128087
2006-11-14,9587.301854128087
2006-11-15,9587.301854128087
2006-11-16,9587.301854128087
2006-11-17,9587.301854128087
2006-11-20,9587.301854128087
2006-11-21,9587.301854128087
2006-11-22,9582.508203201023
2006-11-23,9587.393466640784
2006-11-24,9582.599769907463
2006-11-27,9612.85662350154
2006-11-28,9612.85662350154
2006-11-29,9612.85662350154
2006-11-30,9608.05019518979
2006-12-01,9673.073597992503
2006-12-04,9664.624291662709
2006-12-05,9664.624291662709
2006-12-06,9664.624291662709
2006-12-07,9664.624291662709
2006-12-08,9659.791979516878
2006-12-11,9551.237832197588
2006-12-12,9551.237832197588
2006-12-13,9551.237832197588
2006-12-14,9551.237832197588
2006-12-15,9551.237832197588
2006-12-18,9551.237832197588
2006-12-19,9551.237832197588
2006-12-20,9551.237832197588
2006-12-21,9551.237832197588
2006-12-22,9551.237832197588
2006-12-25,9551.237832197588
2006-12-26,9551.237832197588
2006-12-27,9551.237832197588
2006-12-28,9551.237832197588
2006-12-29,9551.237832197588
2007-01-01,9551.237832197588
2007-01-02,9551.237832197588
2007-01-03,9551.237832197588
2007-01-04,9551.237832197588
2007-01-05,9551.237832197588
2007-01-08,9551.237832197588
2007-01-09,9551.237832197588
2007-01-10,9551.237832197588
2007-01-11,9551.237832197588
2007-01-12,9551.237832197588
2007-01-15,9551.237832197588
2007-01-16,9551.237832197588
2007-01-17,9551.237832197588
2007-01-18,9551.237832197588
2007-01-19,9551.237832197588
2007-01-22,9551.237832197588
2007-01-23,9551.237832197588
2007-01-24,9551.237832197588
2007-01-25,9551.237832197588
2007-01-26,9551.237832197588
2007-01-29,9551.237832197588
2007-01-30,9551.237832197588
2007-01-31,9551.237832197588
2007-02-01,9551.237832197588
2007-02-02,9551.237832197588
2007-02-05,9551.237832197588
2007-02-06,9551.237832197588
2007-02-07,9551.237832197588
2007-02-08,9551.237832197588
2007-02-09,9551.237832197588
2007-02-12,9551.237832197588
2007-02-13,9546.46221328149
2007-02-14,9625.16461218908
2007-02-15,9616.81132805681
2007-02-16,9616.81132805681
2007-02-19,9616.81132805681
2007-02-20,9616.81132805681
2007-02-21,9616.81132805681
2007-02-22,9616.81132805681
2007-02-23,9616.81132805681
2007-02-26,9616.81132805681
2007-02-27,9616.81132805681
2007-02-28,9616.81132805681
2007-03-01,9616.81132805681
2007-03-02,9616.81132805681
2007-03-05,9616.81132805681
2007-03-06,9616.81132805681
2007-03-07,9616.81132805681
2007-03-08,9616.81132805681
2007-03-09,9616.81132805681
2007-03-12,9612.002922392783
2007-03-13,9608.719036422353
2007-03-14,9608.719036422353
2007-03-15,9608.719036422353
2007-03-16,9608.719036422353
2007-03-19,9608.719036422353
2007-03-20,9608.719036422353
2007-03-21,9603.914676904144
2007-03-22,9552.385906000944
2007-03-23,9552.385906000944
2007-03-26,9552.385906000944
2007-03-27,9552.385906000944
2007-03-28,9552.385906000944
2007-03-29,9552.385906000944
2007-03-30,9552.385906000944
2007-04-02,9552.385906000944
2007-04-03,9552.385906000944
2007-04-04,9552.385906000944
2007-04-05,9552.385906000944
2007-04-06,9552.385906000944
2007-04-09,9552.385906000944
2007-04-10,9547.609713047943
2007-04-11,9548.480990166643
2007-04-12,9548.480990166643
2007-04-13,9548.480990166643
2007-04-16,9548.480990166643
2007-04-17,9548.480990166643
2007-04-18,9548.480990166643
2007-04-19,9548.480990166643
2007-04-20,9548.480990166643
2007-04-23,9548.480990166643
2007-04-24,9548.480990166643
2007-04-25,9548.480990166643
2007-04-26,9548.480990166643
2007-04-27,9543.70674967156
2007-04-30,9536.850075399143
2007-05-01,9536.850075399143
2007-05-02,9536.850075399143
2007-05-03,9536.850075399143
2007-05-04,9536.850075399143
2007-05-07,9536.850075399143
2007-05-08,9536.850075399143
2007-05-09,9536.850075399143
2007-05-10,9536.850075399143
2007-05-11,9536.850075399143
2007-05-14,9536.850075399143
2007-05-15,9536.850075399143
2007-05-16,9536.850075399143
2007-05-17,9536.850075399143
2007-05-18,9536.850075399143
2007-05-21,9536.850075399143
2007-05-22,9536.850075399143
2007-05-23,9536.850075399143
2007-05-24,9536.850075399143
2007-05-25,9536.850075399143
2007-05-28,9536.850075399143
2007-05-29,9536.850075399143
2007-05-30,9536.850075399143
2007-05-31,9536.850075399143
2007-06-01,9536.850075399143
2007-06-04,9536.850075399143
2007-06-05,9536.850075399143
2007-06-06,9536.850075399143
2007-06-07,9536.850075399143
2007-06-08,9536.850075399143
2007-06-11,9536.850075399143
2007-06-12,9536.850075399143
2007-06-13,9536.850075399143
2007-06-14,9536.850075399143
2007-06-15,9532.081650361444
2007-06-18,9553.622804450657
2007-06-19,9553.622804450657
2007-06-20,9553.622804450657
2007-06-21,9553.622804450657
2007-06-22,9548.845993048431
2007-06-25,9542.013739379725
2007-06-26,9542.013739379725
2007-06-27,9542.013739379725
2007-06-28,9542.013739379725
2007-06-29,9537.242732510036
2007-07-02,9606.69071323437
2007-07-03,9585.658440162373
2007-07-04,9585.658440162373
2007-07-05,9585.658440162373
2007-07-06,9585.658440162373
2007-07-09,9585.658440162373
2007-07-10,9580.865610942292
2007-07-11,9571.856865981847
2007-07-12,9571.856865981847
2007-07-13,9571.856865981847
2007-07-16,9571.856865981847
2007-07-17,9571.856865981847
2007-07-18,9571.856865981847
2007-07-19,9571.856865981847
2007-07-20,9571.856865981847
2007-07-23,9571.856865981847
2007-07-24,9571.856865981847
2007-07-25,9571.856865981847
2007-07-26,9571.856865981847
2007-07-27,9571.856865981847
2007-07-30,9567.070937548857
2007-07-31,9534.386681221917
2007-08-01,9534.386681221917
2007-08-02,9534.386681221917
2007-08-03,9529.619487881306
2007-08-06,9531.689591156392
2007-08-07,9531.689591156392
2007-08-08,9531.689591156392
2007-08-09,9531.689591156392
2007-08-10,9531.689591156392
2007-08-13,9531.689591156392
2007-08-14,9531.689591156392
2007-08-15,9531.689591156392
2007-08-16,9531.689591156392
2007-08-17,9531.689591156392
2007-08-20,9531.689591156392
2007-08-21,9531.689591156392
2007-08-22,9526.923746360813
2007-08-23,9527.0664261575
2007-08-24,9522.302892944423
2007-08-27,9497.261589056861
2007-08-28,9497.261589056861
2007-08-29,9497.261589056861
2007-08-30,9497.261589056861
2007-08-31,9497.261589056861
2007-09-03,9497.261589056861
2007-09-04,9497.261589056861
2007-09-05,9497.261589056861
2007-09-06,9497.261589056861
2007-09-07,9497.261589056861
2007-09-11,9497.261589056861
2007-09-12,9497.261589056861
2007-09-13,9497.261589056861
2007-09-14,9497.261589056861
2007-09-17,9497.261589056861
2007-09-18,9492.512958262334
2007-09-19,9480.337167555715
2007-09-20,9475.596998971938
2007-09-21,9479.668562205072
2007-09-24,9479.668562205072
2007-09-25,9479.668562205072
2007-09-26,9479.668562205072
2007-09-27,9479.668562205072
2007-09-28,9474.92872792397
2007-10-01,9451.01819307626
2007-10-02,9451.01819307626
2007-10-03,9451.01819307626
2007-10-04,9451.01819307626
2007-10-05,9451.01819307626
2007-10-08,9451.01819307626
2007-10-09,9451.01819307626
2007-10-10,9451.01819307626
2007-10-11,9451.01819307626
2007-10-12,9451.01819307626
2007-10-15,9451.01819307626
2007-10-16,9451.01819307626
2007-10-17,9451.01819307626
2007-10-18,9451.01819307626
2007-10-19,9451.01819307626
2007-10-22,9451.01819307626
2007-10-23,9451.01819307626
2007-10-24,9451.01819307626
2007-10-25,9451.01819307626
2007-10-26,9451.01819307626
2007-10-29,9451.01819307626
2007-10-30,9451.01819307626
2007-10-31,9451.01819307626
2007-11-01,9451.01819307626
2007-11-02,9451.01819307626
2007-11-05,9451.01819307626
2007-11-06,9451.01819307626
2007-11-07,9451.01819307626
2007-11-08,9451.01819307626
2007-11-09,9451.01819307626
2007-11-12,9451.01819307626
2007-11-13,9446.292683979722
2007-11-14,9460.37185855949
2007-11-15,9460.37185855949
2007-11-16,9460.37185855949
2007-11-19,9460.37185855949
2007-11-20,9455.641672630212
2007-11-21,9466.776884559275
2007-11-22,9466.776884559275
2007-11-23,9466.776884559275
2007-11-27,9466.776884559275
2007-11-28,9466.776884559275
2007-11-29,9466.776884559275
2007-11-30,9466.776884559275
2007-12-03,9466.776884559275
2007-12-04,9466.776884559275
2007-12-05,9466.776884559275
2007-12-06,9466.776884559275
2007-12-07,9466.776884559275
2007-12-10,9466.776884559275
2007-12-11,9466.776884559275
2007-12-12,9466.776884559275
2007-12-13,9466.776884559275
2007-12-14,9466.776884559275
2007-12-17,9466.776884559275
2007-12-19,9466.776884559275
2007-12-20,9466.776884559275
2007-12-21,9466.776884559275
2007-12-24,9466.776884559275
2007-12-25,9466.776884559275
2007-12-26,9466.776884559275
2007-12-27,9462.043496116996
2007-12-28,9524.475488740598
2007-12-31,9524.475488740598
2008-01-01,9524.475488740598
2008-01-02,9524.475488740598
2008-01-03,9524.475488740598
2008-01-04,9524.475488740598
2008-01-07,9524.475488740598
2008-01-08,9519.713250996228
2008-01-09,8943.668689676128
2008-01-10,8943.668689676128
2008-01-11,8943.668689676128
2008-01-14,8943.668689676128
2008-01-15,8943.668689676128
2008-01-16,8943.668689676128
2008-01-17,8943.668689676128
2008-01-18,8943.668689676128
2008-01-21,8943.668689676128
2008-01-22,8943.668689676128
2008-01-23,8943.668689676128
2008-01-24,8943.668689676128
2008-01-25,8943.668689676128
2008-01-28,8943.668689676128
2008-01-29,8943.668689676128
2008-01-30,8943.668689676128
2008-01-31,8943.668689676128
2008-02-01,8943.668689676128
2008-02-04,8943.668689676128
2008-02-05,8943.668689676128
2008-02-06,8943.668689676128
2008-02-07,8943.668689676128
2008-02-08,8939.19685533129
2008-02-11,8298.9467435263
2008-02-12,8298.9467435263
2008-02-13,8298.9467435263
2008-02-14,8298.9467435263
2008-02-15,8298.9467435263
2008-02-18,8298.9467435263
2008-02-19,8298.9467435263
2008-02-20,8298.9467435263
2008-02-21,8298.9467435263
2008-02-22,8298.9467435263
2008-02-25,8298.9467435263
2008-02-26,8298.9467435263
2008-02-27,8298.9467435263
2008-02-28,8298.9467435263
2008-02-29,8298.9467435263
2008-03-03,8298.9467435263
2008-03-04,8298.9467435263
2008-03-05,8298.9467435263
2008-03-06,8298.9467435263
2008-03-07,8298.9467435263
2008-03-10,8298.9467435263
2008-03-11,8298.9467435263
2008-03-12,8294.797270154537
2008-03-13,8334.33269972479
2008-03-14,8334.33269972479
2008-03-17,8334.33269972479
2008-03-18,8334.33269972479
2008-03-19,8334.33269972479
2008-03-20,8334.33269972479
2008-03-21,8334.33269972479
2008-03-24,8334.33269972479
2008-03-25,8334.33269972479
2008-03-26,8334.33269972479
2008-03-27,8334.33269972479
2008-03-28,8334.33269972479
2008-03-31,8334.33269972479
2008-04-02,8334.33269972479
2008-04-03,8334.33269972479
2008-04-04,8334.33269972479
2008-04-07,8334.33269972479
2008-04-08,8334.33269972479
2008-04-09,8330.165533374928
2008-04-10,8282.745092427944
2008-04-11,8282.745092427944
2008-04-14,8282.745092427944
2008-04-15,8282.745092427944
2008-04-16,8278.60371988173
2008-04-17,8245.319486879267
2008-04-18,8245.319486879267
2008-04-21,8241.196827135827
2008-04-22,8276.379071330157
2008-04-23,8276.379071330157
2008-04-24,8276.379071330157
2008-04-25,8276.379071330157
2008-04-28,8276.379071330157
2008-04-29,8276.379071330157
2008-04-30,8276.379071330157
2008-05-02,8276.379071330157
2008-05-05,8276.379071330157
2008-05-06,8276.379071330157
2008-05-07,8276.379071330157
2008-05-08,8276.379071330157
2008-05-09,8276.379071330157
2008-05-12,8276.379071330157
2008-05-13,8276.379071330157
2008-05-14,8276.379071330157
2008-05-15,8276.379071330157
2008-05-16,8272.240881794492
2008-05-19,8231.931202927733
2008-05-20,8231.931202927733
2008-05-21,8231.931202927733
2008-05-22,8231.931202927733
2008-05-23,8231.931202927733
2008-05-26,8231.931202927733
2008-05-27,8231.931202927733
2008-05-28,8231.931202927733
2008-05-29,8231.931202927733
2008-05-30,8231.931202927733
2008-06-02,8231.931202927733
2008-06-03,8231.931202927733
2008-06-04,8231.931202927733
2008-06-05,8227.81523732627
2008-06-06,8330.681634014072
2008-06-09,8251.505000899644
2008-06-10,8251.505000899644
2008-06-11,8251.505000899644
2008-06-12,8251.505000899644
2008-06-13,8251.505000899644
2008-06-16,8251.505000899644
2008-06-17,8251.505000899644
2008-06-18,8251.505000899644
2008-06-19,8251.505000899644
2008-06-20,8251.505000899644
2008-06-23,8251.505000899644
2008-06-24,8251.505000899644
2008-06-25,8251.505000899644
2008-06-26,8251.505000899644
2008-06-27,8251.505000899644
2008-06-30,8251.505000899644
2008-07-02,8247.379248399195
2008-07-03,8150.281809735996
2008-07-04,8150.281809735996
2008-07-07,8150.281809735996
2008-07-08,8150.281809735996
2008-07-09,8146.206668831129
2008-07-10,8167.554651085593
2008-07-11,8167.554651085593
2008-07-14,8167.554651085593
2008-07-15,8167.554651085593
2008-07-16,8167.554651085593
2008-07-17,8167.554651085593
2008-07-18,8167.554651085593
2008-07-21,8167.554651085593
2008-07-22,8167.554651085593
2008-07-23,8167.554651085593
2008-07-24,8167.554651085593
2008-07-25,8167.554651085593
2008-07-28,8167.554651085593
2008-07-29,8167.554651085593
2008-07-30,8167.554651085593
2008-07-31,8167.554651085593
2008-08-08,8167.554651085593
2008-08-26,8167.554651085593
2008-08-27,8167.554651085593
2008-08-28,8167.554651085593
2008-08-29,8167.554651085593
2008-09-01,8167.554651085593
2008-09-02,8167.554651085593
2008-09-03,8167.554651085593
2008-09-04,8167.554651085593
2008-09-05,8167.554651085593
2008-09-08,8163.47087376005
2008-09-09,7655.099535699742
2008-09-10,7655.099535699742
2008-09-11,7655.099535699742
2008-09-12,7655.099535699742
2008-09-15,7655.099535699742
2008-09-16,7655.099535699742
2008-09-17,7655.099535699742
2008-09-18,7655.099535699742
2008-09-19,7655.099535699742
2008-09-22,7651.271985931892
2008-09-23,7593.973050638139
2008-09-24,7593.973050638139
2008-09-25,7593.973050638139
2008-09-26,7593.973050638139
2008-09-29,7593.973050638139
2008-09-30,7593.973050638139
2008-10-01,7593.973050638139
2008-10-02,7593.973050638139
2008-10-03,7593.973050638139
2008-10-06,7593.973050638139
2008-10-07,7593.973050638139
2008-10-08,7590.17606411282
2008-10-09,6863.352166372411
2008-10-10,6863.352166372411
2008-10-13,6863.352166372411
2008-10-14,6863.352166372411
2008-10-15,6863.352166372411
2008-10-16,6863.352166372411
2008-10-17,6863.352166372411
2008-10-20,6863.352166372411
2008-10-21,6863.352166372411
2008-10-22,6863.352166372411
2008-10-23,6863.352166372411
2008-10-24,6863.352166372411
2008-10-27,6863.352166372411
2008-10-28,6863.352166372411
2008-10-29,6863.352166372411
2008-10-30,6863.352166372411
2008-10-31,6863.352166372411
2008-11-03,6863.352166372411
2008-11-04,6859.920490289225
2008-11-05,6821.574898514198
2008-11-06,6821.574898514198
2008-11-07,6821.574898514198
2008-11-10,6821.574898514198
2008-11-11,6821.574898514198
2008-11-12,6821.574898514198
2008-11-13,6818.164111064942
2008-11-14,6711.773682509319
2008-11-17,6711.773682509319
2008-11-18,6711.773682509319
2008-11-19,6711.773682509319
2008-11-20,6711.773682509319
2008-11-21,6711.773682509319
2008-11-24,6708.417795668064
2008-11-25,6765.212484645841
2008-11-26,6765.212484645841
2008-11-27,6765.212484645841
2008-11-28,6765.212484645841
2008-12-01,6765.212484645841
2008-12-02,6765.212484645841
2008-12-03,6765.212484645841
2008-12-04,6765.212484645841
2008-12-05,6765.212484645841
2008-12-08,6761.829878403519
2008-12-09,5789.318906603633
2008-12-10,5789.318906603633
2008-12-11,5789.318906603633
2008-12-12,5789.318906603633
2008-12-15,5789.318906603633
2008-12-16,5789.318906603633
2008-12-17,5789.318906603633
2008-12-18,5789.318906603633
2008-12-19,5789.318906603633
2008-12-22,5789.318906603633
2008-12-23,5789.318906603633
2008-12-24,5789.318906603633
2008-12-25,5789.318906603633
2008-12-26,5789.318906603633
2008-12-29,5789.318906603633
2008-12-30,5789.318906603633
2008-12-31,5789.318906603633
2009-01-01,5789.318906603633
2009-01-02,5789.318906603633
2009-01-05,5789.318906603633
2009-01-06,5789.318906603633
2009-01-07,5789.318906603633
2009-01-08,5789.318906603633
2009-01-09,5789.318906603633
2009-01-12,5789.318906603633
2009-01-13,5789.318906603633
2009-01-14,5789.318906603633
2009-01-15,5789.318906603633
2009-01-16,5789.318906603633
2009-01-19,5789.318906603633
2009-01-20,5789.318906603633
2009-01-21,5789.318906603633
2009-01-22,5789.318906603633
2009-01-23,5789.318906603633
2009-01-26,5789.318906603633
2009-01-27,5789.318906603633
2009-01-28,5789.318906603633
2009-01-29,5789.318906603633
2009-01-30,5789.318906603633
2009-02-02,5789.318906603633
2009-02-03,5789.318906603633
2009-02-04,5789.318906603633
2009-02-05,5789.318906603633
2009-02-06,5789.318906603633
2009-02-09,5789.318906603633
2009-02-10,5789.318906603633
2009-02-11,5789.318906603633
2009-02-12,5789.318906603633
2009-02-13,5789.318906603633
2009-02-16,5789.318906603633
2009-02-17,5789.318906603633
2009-02-18,5789.318906603633
2009-02-19,5789.318906603633
2009-02-20,5786.424247150331
2009-02-23,5668.389736765824
2009-02-24,5668.389736765824
2009-02-25,5668.389736765824
2009-02-26,5668.389736765824
2009-02-27,5668.389736765824
2009-03-02,5668.389736765824
2009-03-03,5668.389736765824
2009-03-04,5668.389736765824
2009-03-05,5668.389736765824
2009-03-06,5668.389736765824
2009-03-09,5668.389736765824
2009-03-10,5668.389736765824
2009-03-11,5668.389736765824
2009-03-12,5668.389736765824
2009-03-13,5668.389736765824
2009-03-16,5668.389736765824
2009-03-17,5668.389736765824
2009-03-18,5665.555541897441
2009-03-19,5737.004596999959
2009-03-20,5737.004596999959
2009-03-23,5737.004596999959
2009-03-24,5737.004596999959
2009-03-25,5737.004596999959
2009-03-26,5737.004596999959
2009-03-27,5737.004596999959
2009-03-30,5737.004596999959
2009-03-31,5737.004596999959
2009-04-01,5737.004596999959
2009-04-02,5734.136094701459
2009-04-03,5740.698309326029
2009-04-06,5740.698309326029
2009-04-07,5740.698309326029
2009-04-08,5740.698309326029
2009-04-09,5740.698309326029
2009-04-10,5740.698309326029
2009-04-13,5737.827960171366
2009-04-14,5696.213348651234
2009-04-15,5696.213348651234
2009-04-16,5696.213348651234
2009-04-17,5696.213348651234
2009-04-20,5696.213348651234
2009-04-21,5696.213348651234
2009-04-22,5696.213348651234
2009-04-23,5696.213348651234
2009-04-24,5696.213348651234
2009-04-27,5696.213348651234
2009-04-28,5696.213348651234
2009-04-29,5696.213348651234
2009-04-30,5696.213348651234
2009-05-01,5696.213348651234
2009-05-04,5696.213348651234
2009-05-05,5696.213348651234
2009-05-06,5696.213348651234
2009-05-07,5696.213348651234
2009-05-08,5693.365241976909
2009-05-11,5669.977716356779
2009-05-12,5669.977716356779
2009-05-13,5669.977716356779
2009-05-14,5669.977716356779
2009-05-15,5669.977716356779
2009-05-18,5669.977716356779
2009-05-19,5669.977716356779
2009-05-20,5669.977716356779
2009-05-21,5669.977716356779
2009-05-22,5669.977716356779
2009-05-25,5669.977716356779
2009-05-26,5669.977716356779
2009-05-27,5669.977716356779
2009-05-28,5669.977716356779
2009-05-29,5667.142727498601
2009-06-01,5667.03712835918
2009-06-02,5667.03712835918
2009-06-03,5667.03712835918
2009-06-04,5667.03712835918
2009-06-05,5667.03712835918
2009-06-08,5667.03712835918
2009-06-09,5667.03712835918
2009-06-10,5667.03712835918
2009-06-11,5667.03712835918
2009-06-12,5667.03712835918
2009-06-15,5667.03712835918
2009-06-16,5667.03712835918
2009-06-17,5667.03712835918
2009-06-18,5667.03712835918
2009-06-19,5667.03712835918
2009-06-22,5667.03712835918
2009-06-23,5664.203609795001
2009-06-24,5608.3760280035995
2009-06-25,5608.3760280035995
2009-06-26,5608.3760280035995
2009-06-29,5608.3760280035995
2009-06-30,5608.3760280035995
2009-07-01,5608.3760280035995
2009-07-02,5608.3760280035995
2009-07-03,5608.3760280035995
2009-07-06,5608.3760280035995
2009-07-07,5608.3760280035995
2009-07-08,5608.3760280035995
2009-07-09,5608.3760280035995
2009-07-10,5608.3760280035995
2009-07-13,5608.3760280035995
2009-07-14,5608.3760280035995
2009-07-15,5608.3760280035995
2009-07-16,5608.3760280035995
2009-07-17,5608.3760280035995
2009-07-20,5608.3760280035995
2009-07-21,5608.3760280035995
2009-07-22,5608.3760280035995
2009-07-23,5608.3760280035995
2009-07-24,5608.3760280035995
2009-07-27,5608.3760280035995
2009-07-28,5608.3760280035995
2009-07-29,5608.3760280035995
2009-07-30,5608.3760280035995
2009-07-31,5605.571839989598
2009-08-03,5664.957668902635
2009-08-04,5665.146733001025
2009-08-05,5665.146733001025
2009-08-06,5665.146733001025
2009-08-07,5665.146733001025
2009-08-10,5665.146733001025
2009-08-11,5665.146733001025
2009-08-12,5665.146733001025
2009-08-13,5665.146733001025
2009-08-14,5665.146733001025
2009-08-17,5665.146733001025
2009-08-18,5665.146733001025
2009-08-19,5662.314159634524
2009-08-20,5661.905183270109
2009-08-21,5661.905183270109
2009-08-24,5661.905183270109
2009-08-25,5661.905183270109
2009-08-26,5661.905183270109
2009-08-27,5659.074230678474
2009-08-28,5651.122566527027
2009-08-31,5651.122566527027
2009-09-01,5651.122566527027
2009-09-02,5651.122566527027
2009-09-03,5651.122566527027
2009-09-04,5651.122566527027
2009-09-07,5651.122566527027
2009-09-08,5648.297005243763
2009-09-09,5662.538279633765
2009-09-10,5662.538279633765
2009-09-11,5662.538279633765
2009-09-14,5662.538279633765
2009-09-15,5662.538279633765
2009-09-16,5662.538279633765
2009-09-17,5662.538279633765
2009-09-18,5662.538279633765
2009-09-21,5662.538279633765
2009-09-22,5659.7070104939485
2009-09-23,5623.943840544223
2009-09-24,5623.943840544223
2009-09-25,5623.943840544223
2009-09-28,5623.943840544223
2009-09-29,5623.943840544223
2009-09-30,5621.131868623952
2009-10-01,5564.702424813477
2009-10-02,5561.92007360107
2009-10-05,5588.519418689244
2009-10-06,5609.205166199728
2009-10-07,5609.205166199728
2009-10-08,5609.205166199728
2009-10-09,5609.205166199728
2009-10-12,5609.205166199728
2009-10-13,5609.205166199728
2009-10-14,5606.4005636166285
2009-10-15,5612.562012957848
2009-10-16,5612.562012957848
2009-10-19,5612.562012957848
2009-10-20,5612.562012957848
2009-10-21,5609.75573195137
2009-10-22,5620.014972406301
2009-10-23,5620.014972406301
2009-10-26,5620.014972406301
2009-10-27,5620.014972406301
2009-10-28,5620.014972406301
2009-10-29,5617.204964920098
2009-10-30,5573.698099621158
2009-11-02,5573.698099621158
2009-11-03,5573.698099621158
2009-11-04,5570.911250571347
2009-11-05,5571.5232180187095
2009-11-06,5571.5232180187095
2009-11-09,5568.737456409701
2009-11-10,5559.188015988077
2009-11-11,5559.188015988077
2009-11-12,5559.188015988077
2009-11-13,5559.188015988077
2009-11-16,5559.188015988077
2009-11-17,5559.188015988077
2009-11-18,5559.188015988077
2009-11-19,5559.188015988077
2009-11-20,5559.188015988077
2009-11-23,5559.188015988077
2009-11-24,5559.188015988077
2009-11-25,5556.4084219800825
2009-11-26,5496.430750881297
2009-11-27,5496.430750881297
2009-11-30,5496.430750881297
2009-12-01,5496.430750881297
2009-12-02,5496.430750881297
2009-12-03,5496.430750881297
2009-12-04,5496.430750881297
2009-12-07,5496.430750881297
2009-12-08,5496.430750881297
2009-12-09,5496.430750881297
2009-12-10,5496.430750881297
2009-12-11,5496.430750881297
2009-12-14,5496.430750881297
2009-12-15,5496.430750881297
2009-12-16,5496.430750881297
2009-12-17,5496.430750881297
2009-12-18,5496.430750881297
2009-12-21,5496.430750881297
2009-12-22,5496.430750881297
2009-12-23,5496.430750881297
2009-12-24,5496.430750881297
2009-12-25,5496.430750881297
2009-12-28,5496.430750881297
2009-12-29,5496.430750881297
2009-12-30,5496.430750881297
2009-12-31,5496.430750881297
2010-01-01,5496.430750881297
2010-01-04,5496.430750881297
2010-01-05,5496.430750881297
2010-01-06,5496.430750881297
2010-01-07,5496.430750881297
2010-01-08,5496.430750881297
2010-01-11,5496.430750881297
2010-01-12,5496.430750881297
2010-01-13,5496.430750881297
2010-01-14,5496.430750881297
2010-01-15,5496.430750881297
2010-01-18,5496.430750881297
2010-01-19,5496.430750881297
2010-01-20,5496.430750881297
2010-01-21,5496.430750881297
2010-01-22,5496.430750881297
2010-01-25,5496.430750881297
2010-01-26,5496.430750881297
2010-01-27,5496.430750881297
2010-01-28,5496.430750881297
2010-01-29,5496.430750881297
2010-02-01,5496.430750881297
2010-02-02,5496.430750881297
2010-02-03,5496.430750881297
2010-02-04,5496.430750881297
2010-02-05,5496.430750881297
2010-02-08,5496.430750881297
2010-02-09,5493.682535505857
2010-02-10,5479.439026436338
2010-02-11,5479.439026436338
2010-02-12,5479.439026436338
2010-02-15,5479.439026436338
2010-02-16,5476.69930692312
2010-02-17,5409.871616453709
2010-02-18,5409.871616453709
2010-02-19,5407.166680645482
2010-02-22,5400.709827057288
2010-02-23,5400.709827057288
2010-02-24,5400.709827057288
2010-02-25,5400.709827057288
2010-02-26,5400.709827057288
2010-03-01,5400.709827057288
2010-03-02,5400.709827057288
2010-03-03,5400.709827057288
2010-03-04,5400.709827057288
2010-03-05,5400.709827057288
2010-03-08,5400.709827057288
2010-03-09,5400.709827057288
2010-03-10,5400.709827057288
2010-03-11,5400.709827057288
2010-03-12,5400.709827057288
2010-03-15,5400.709827057288
2010-03-16,5400.709827057288
2010-03-17,5400.709827057288
2010-03-18,5400.709827057288
2010-03-19,5400.709827057288
2010-03-22,5400.709827057288
2010-03-23,5400.709827057288
2010-03-24,5400.709827057288
2010-03-25,5400.709827057288
2010-03-26,5400.709827057288
2010-03-29,5400.709827057288
2010-03-30,5400.709827057288
2010-03-31,5400.709827057288
2010-04-01,5400.709827057288
2010-04-02,5400.709827057288
2010-04-05,5400.709827057288
2010-04-06,5400.709827057288
2010-04-07,5400.709827057288
2010-04-08,5400.709827057288
2010-04-09,5398.00947214376
2010-04-12,5433.193607580264
2010-04-13,5433.193607580264
2010-04-14,5433.193607580264
2010-04-15,5433.193607580264
2010-04-16,5433.193607580264
2010-04-19,5433.193607580264
2010-04-20,5433.193607580264
2010-04-21,5433.193607580264
2010-04-22,5433.193607580264
2010-04-23,5433.193607580264
2010-04-26,5433.193607580264
2010-04-27,5433.193607580264
2010-04-28,5433.193607580264
2010-04-29,5433.193607580264
2010-04-30,5433.193607580264
2010-05-03,5433.193607580264
2010-05-04,5433.193607580264
2010-05-05,5433.193607580264
2010-05-06,5433.193607580264
2010-05-07,5433.193607580264
2010-05-10,5433.193607580264
2010-05-11,5433.193607580264
2010-05-12,5433.193607580264
2010-05-13,5433.193607580264
2010-05-14,5433.193607580264
2010-05-17,5433.193607580264
2010-05-18,5433.193607580264
2010-05-19,5433.193607580264
2010-05-20,5433.193607580264
2010-05-21,5433.193607580264
2010-05-24,5433.193607580264
2010-05-25,5433.193607580264
2010-05-26,5433.193607580264
2010-05-27,5433.193607580264
2010-05-28,5433.193607580264
2010-05-31,5433.193607580264
2010-06-01,5433.193607580264
2010-06-02,5433.193607580264
2010-06-03,5433.193607580264
2010-06-04,5433.193607580264
2010-06-07,5433.193607580264
2010-06-08,5433.193607580264
2010-06-09,5433.193607580264
2010-06-10,5433.193607580264
2010-06-11,5433.193607580264
2010-06-14,5433.193607580264
2010-06-15,5433.193607580264
2010-06-16,5433.193607580264
2010-06-17,5433.193607580264
2010-06-18,5433.193607580264
2010-06-21,5433.193607580264
2010-06-22,5433.193607580264
2010-06-23,5433.193607580264
2010-06-24,5433.193607580264
2010-06-25,5433.193607580264
2010-06-28,5433.193607580264
2010-06-29,5433.193607580264
2010-06-30,5433.193607580264
2010-07-01,5430.477010776474
2010-07-02,5455.271737556685
2010-07-05,5455.271737556685
2010-07-06,5455.271737556685
2010-07-07,5455.271737556685
2010-07-08,5455.271737556685
2010-07-09,5455.271737556685
2010-07-12,5455.271737556685
2010-07-13,5452.544101687908
2010-07-14,5458.21675988213
2010-07-15,5455.487651502189
2010-07-16,5454.170720755638
2010-07-19,5454.170720755638
2010-07-20,5454.170720755638
2010-07-21,5454.170720755638
2010-07-22,5454.170720755638
2010-07-23,5454.170720755638
2010-07-26,5454.170720755638
2010-07-27,5454.170720755638
2010-07-28,5454.170720755638
2010-07-29,5454.170720755638
2010-07-30,5454.170720755638
2010-08-02,5454.170720755638
2010-08-03,5454.170720755638
2010-08-04,5454.170720755638
2010-08-05,5454.170720755638
2010-08-06,5454.170720755638
2010-08-09,5454.170720755638
2010-08-10,5454.170720755638
2010-08-11,5454.170720755638
2010-08-12,5454.170720755638
2010-08-13,5454.170720755638
2010-08-16,5454.170720755638
2010-08-17,5454.170720755638
2010-08-18,5454.170720755638
2010-08-19,5454.170720755638
2010-08-20,5454.170720755638
2010-08-23,5454.170720755638
2010-08-24,5454.170720755638
2010-08-25,5454.170720755638
2010-08-26,5454.170720755638
2010-08-27,5454.170720755638
2010-08-30,5454.170720755638
2010-08-31,5454.170720755638
2010-09-01,5454.170720755638
2010-09-02,5454.170720755638
2010-09-03,5454.170720755638
2010-09-06,5454.170720755638
2010-09-07,5454.170720755638
2010-09-08,5454.170720755638
2010-09-09,5454.170720755638
2010-09-10,5454.170720755638
2010-09-13,5454.170720755638
2010-09-14,5451.443635395261
2010-09-15,5499.193198919699
2010-09-16,5499.193198919699
2010-09-17,5499.193198919699
2010-09-20,5499.193198919699
2010-09-21,5499.193198919699
2010-09-22,5496.44360232024
2010-09-23,5548.986463149965
2010-09-24,5548.986463149965
2010-09-27,5548.986463149965
2010-09-28,5548.986463149965
2010-09-29,5548.986463149965
2010-09-30,5548.986463149965
2010-10-01,5548.986463149965
2010-10-04,5548.986463149965
2010-10-05,5548.986463149965
2010-10-06,5548.986463149965
2010-10-07,5548.986463149965
2010-10-08,5548.986463149965
2010-10-11,5548.986463149965
2010-10-12,5548.986463149965
2010-10-13,5548.986463149965
2010-10-14,5548.986463149965
2010-10-15,5548.986463149965
2010-10-18,5548.986463149965
2010-10-19,5548.986463149965
2010-10-20,5548.986463149965
2010-10-21,5546.21196991839
2010-10-22,5525.037878896708
2010-10-25,5525.037878896708
2010-10-26,5525.037878896708
2010-10-27,5525.037878896708
2010-10-28,5525.037878896708
2010-10-29,5525.037878896708
2010-11-01,5522.27535995726
2010-11-02,5494.105409310941
2010-11-03,5494.105409310941
2010-11-04,5494.105409310941
2010-11-05,5494.105409310941
2010-11-08,5494.105409310941
2010-11-09,5494.105409310941
2010-11-10,5494.105409310941
2010-11-11,5494.105409310941
2010-11-12,5494.105409310941
2010-11-15,5494.105409310941
2010-11-16,5494.105409310941
2010-11-17,5494.105409310941
2010-11-18,5494.105409310941
2010-11-19,5494.105409310941
2010-11-22,5494.105409310941
2010-11-23,5494.105409310941
2010-11-24,5494.105409310941
2010-11-25,5494.105409310941
2010-11-26,5494.105409310941
2010-11-29,5494.105409310941
2010-11-30,5494.105409310941
2010-12-01,5494.105409310941
2010-12-02,5494.105409310941
2010-12-03,5494.105409310941
2010-12-06,5494.105409310941
2010-12-07,5494.105409310941
2010-12-08,5494.105409310941
2010-12-09,5494.105409310941
2010-12-10,5494.105409310941
2010-12-13,5494.105409310941
2010-12-14,5491.358356606285
2010-12-15,5474.434176477111
2010-12-16,5474.434176477111
2010-12-17,5474.434176477111
2010-12-20,5474.434176477111
2010-12-21,5474.434176477111
2010-12-22,5474.434176477111
2010-12-23,5474.434176477111
2010-12-24,5474.434176477111
2010-12-27,5474.434176477111
2010-12-28,5474.434176477111
2010-12-29,5474.434176477111
2010-12-30,5474.434176477111
2010-12-31,5474.434176477111
2011-01-03,5474.434176477111
2011-01-04,5474.434176477111
2011-01-05,5474.434176477111
2011-01-06,5474.434176477111
2011-01-07,5474.434176477111
2011-01-10,5474.434176477111
2011-01-11,5474.434176477111
2011-01-12,5474.434176477111
2011-01-13,5474.434176477111
2011-01-14,5471.6969593888725
2011-01-17,5480.005175839153
2011-01-18,5480.005175839153
2011-01-19,5480.005175839153
2011-01-20,5480.005175839153
2011-01-21,5480.005175839153
2011-01-24,5480.005175839153
2011-01-25,5480.005175839153
2011-01-26,5480.005175839153
2011-01-27,5480.005175839153
2011-01-28,5480.005175839153
2011-01-31,5480.005175839153
2011-02-01,5480.005175839153
2011-02-02,5480.005175839153
2011-02-03,5480.005175839153
2011-02-04,5480.005175839153
2011-02-07,5480.005175839153
2011-02-08,5480.005175839153
2011-02-09,5480.005175839153
2011-02-10,5480.005175839153
2011-02-11,5480.005175839153
2011-02-14,5480.005175839153
2011-02-15,5480.005175839153
2011-02-16,5480.005175839153
2011-02-17,5480.005175839153
2011-02-18,5480.005175839153
2011-02-21,5480.005175839153
2011-02-22,5480.005175839153
2011-02-23,5480.005175839153
2011-02-24,5480.005175839153
2011-02-25,5480.005175839153
2011-02-28,5480.005175839153
2011-03-01,5480.005175839153
2011-03-02,5480.005175839153
2011-03-03,5480.005175839153
2011-03-04,5480.005175839153
2011-03-07,5480.005175839153
2011-03-08,5480.005175839153
2011-03-09,5480.005175839153
2011-03-10,5480.005175839153
2011-03-11,5480.005175839153
2011-03-14,5480.005175839153
2011-03-15,5480.005175839153
2011-03-16,5480.005175839153
2011-03-17,5480.005175839153
2011-03-18,5477.265173251233
2011-03-21,5527.974986888659
2011-03-22,5527.974986888659
2011-03-23,5527.974986888659
2011-03-24,5527.974986888659
2011-03-25,5527.974986888659
2011-03-28,5527.974986888659
2011-03-29,5527.974986888659
2011-03-30,5527.974986888659
2011-03-31,5527.974986888659
2011-04-01,5527.974986888659
2011-04-04,5527.974986888659
2011-04-05,5527.974986888659
2011-04-06,5527.974986888659
2011-04-07,5527.974986888659
2011-04-08,5527.974986888659
2011-04-11,5525.210999395215
2011-04-12,5513.187116162958
2011-04-13,5513.187116162958
2011-04-14,5513.187116162958
2011-04-15,5513.187116162958
2011-04-18,5513.187116162958
2011-04-19,5513.187116162958
2011-04-20,5513.187116162958
2011-04-21,5510.430522604876
2011-04-22,5523.213100653863
2011-04-25,5523.213100653863
2011-04-26,5523.213100653863
2011-04-27,5523.213100653863
2011-04-28,5523.213100653863
2011-04-29,5523.213100653863
2011-05-02,5523.213100653863
2011-05-03,5523.213100653863
2011-05-04,5523.213100653863
2011-05-05,5523.213100653863
2011-05-06,5523.213100653863
2011-05-09,5523.213100653863
2011-05-10,5523.213100653863
2011-05-11,5523.213100653863
2011-05-12,5523.213100653863
2011-05-13,5523.213100653863
2011-05-16,5523.213100653863
2011-05-17,5523.213100653863
2011-05-18,5523.213100653863
2011-05-19,5523.213100653863
2011-05-20,5523.213100653863
2011-05-23,5523.213100653863
2011-05-24,5523.213100653863
2011-05-25,5523.213100653863
2011-05-26,5523.213100653863
2011-05-27,5523.213100653863
2011-05-30,5523.213100653863
2011-05-31,5523.213100653863
2011-06-01,5523.213100653863
2011-06-02,5523.213100653863
2011-06-03,5523.213100653863
2011-06-06,5520.451494103537
2011-06-07,5490.494358544557
2011-06-08,5490.494358544557
2011-06-09,5490.494358544557
2011-06-10,5490.494358544557
2011-06-13,5490.494358544557
2011-06-14,5490.494358544557
2011-06-15,5490.494358544557
2011-06-16,5490.494358544557
2011-06-17,5490.494358544557
2011-06-20,5490.494358544557
2011-06-21,5490.494358544557
2011-06-22,5490.494358544557
2011-06-23,5490.494358544557
2011-06-24,5490.494358544557
2011-06-27,5490.494358544557
2011-06-28,5490.494358544557
2011-06-29,5490.494358544557
2011-06-30,5490.494358544557
2011-07-01,5490.494358544557
2011-07-04,5490.494358544557
2011-07-05,5490.494358544557
2011-07-06,5490.494358544557
2011-07-07,5490.494358544557
2011-07-08,5490.494358544557
2011-07-11,5490.494358544557
2011-07-12,5490.494358544557
2011-07-13,5490.494358544557
2011-07-14,5487.749111365285
2011-07-15,5455.246302246648
2011-07-18,5455.246302246648
2011-07-19,5455.246302246648
2011-07-20,5455.246302246648
2011-07-21,5455.246302246648
2011-07-22,5455.246302246648
2011-07-25,5455.246302246648
2011-07-26,5455.246302246648
2011-07-27,5455.246302246648
2011-07-28,5455.246302246648
2011-07-29,5455.246302246648
2011-08-01,5455.246302246648
2011-08-02,5455.246302246648
2011-08-03,5455.246302246648
2011-08-04,5455.246302246648
2011-08-05,5455.246302246648
2011-08-08,5452.518679095525
2011-08-09,5402.533494313474
2011-08-10,5399.832227566318
2011-08-11,5299.233430063117
2011-08-12,5299.233430063117
2011-08-15,5299.233430063117
2011-08-16,5299.233430063117
2011-08-17,5299.233430063117
2011-08-18,5299.233430063117
2011-08-19,5299.233430063117
2011-08-22,5299.233430063117
2011-08-23,5299.233430063117
2011-08-24,5299.233430063117
2011-08-25,5299.233430063117
2011-08-26,5299.233430063117
2011-08-29,5299.233430063117
2011-08-30,5299.233430063117
2011-08-31,5299.233430063117
2011-09-01,5299.233430063117
2011-09-02,5299.233430063117
2011-09-05,5299.233430063117
2011-09-06,5299.233430063117
2011-09-07,5299.233430063117
2011-09-08,5299.233430063117
2011-09-09,5299.233430063117
2011-09-12,5299.233430063117
2011-09-13,5299.233430063117
2011-09-14,5299.233430063117
2011-09-15,5299.233430063117
2011-09-16,5299.233430063117
2011-09-19,5299.233430063117
2011-09-20,5299.233430063117
2011-09-21,5299.233430063117
2011-09-22,5299.233430063117
2011-09-23,5299.233430063117
2011-09-26,5299.233430063117
2011-09-27,5299.233430063117
2011-09-28,5299.233430063117
2011-09-29,5299.233430063117
2011-09-30,5299.233430063117
2011-10-03,5299.233430063117
2011-10-04,5299.233430063117
2011-10-05,5299.233430063117
2011-10-06,5299.233430063117
2011-10-07,5299.233430063117
2011-10-10,5299.233430063117
2011-10-11,5296.583813348086
2011-10-12,5297.909379789175
2011-10-13,5297.909379789175
2011-10-14,5297.909379789175
2011-10-17,5297.909379789175
2011-10-18,5297.909379789175
2011-10-19,5297.909379789175
2011-10-20,5297.909379789175
2011-10-21,5297.909379789175
2011-10-24,5297.909379789175
2011-10-25,5297.909379789175
2011-10-26,5297.909379789175
2011-10-27,5297.909379789175
2011-10-28,5295.26042509928
2011-10-31,5279.943767790311
2011-11-01,5279.943767790311
2011-11-02,5279.943767790311
2011-11-03,5279.943767790311
2011-11-04,5279.943767790311
2011-11-07,5279.943767790311
2011-11-08,5279.943767790311
2011-11-09,5279.943767790311
2011-11-10,5279.943767790311
2011-11-11,5279.943767790311
2011-11-14,5279.943767790311
2011-11-15,5279.943767790311
2011-11-16,5279.943767790311
2011-11-17,5279.943767790311
2011-11-18,5279.943767790311
2011-11-21,5279.943767790311
2011-11-22,5279.943767790311
2011-11-23,5279.943767790311
2011-11-24,5279.943767790311
2011-11-25,5279.943767790311
2011-11-28,5279.943767790311
2011-11-29,5279.943767790311
2011-11-30,5279.943767790311
2011-12-01,5279.943767790311
2011-12-02,5279.943767790311
2011-12-05,5279.943767790311
2011-12-06,5279.943767790311
2011-12-07,5279.943767790311
2011-12-08,5279.943767790311
2011-12-09,5279.943767790311
2011-12-12,5279.943767790311
2011-12-13,5279.943767790311
2011-12-14,5279.943767790311
2011-12-15,5279.943767790311
2011-12-16,5279.943767790311
2011-12-19,5279.943767790311
2011-12-20,5279.943767790311
2011-12-21,5279.943767790311
2011-12-22,5279.943767790311
2011-12-23,5279.943767790311
2011-12-26,5279.943767790311
2011-12-27,5279.943767790311
2011-12-28,5279.943767790311
2011-12-29,5279.943767790311
2011-12-30,5279.943767790311
2012-01-02,5279.943767790311
2012-01-03,5279.943767790311
2012-01-04,5277.303795906416
2012-01-05,5224.059908519243
2012-01-06,5224.059908519243
2012-01-09,5224.059908519243
2012-01-10,5224.059908519243
2012-01-11,5224.059908519243
2012-01-12,5224.059908519243
2012-01-13,5224.059908519243
2012-01-16,5224.059908519243
2012-01-17,5224.059908519243
2012-01-18,5224.059908519243
2012-01-19,5224.059908519243
2012-01-20,5224.059908519243
2012-01-23,5224.059908519243
2012-01-24,5224.059908519243
2012-01-25,5224.059908519243
2012-01-26,5224.059908519243
2012-01-27,5224.059908519243
2012-01-30,5224.059908519243
2012-01-31,5224.059908519243
2012-02-01,5224.059908519243
2012-02-02,5224.059908519243
2012-02-03,5224.059908519243
2012-02-06,5224.059908519243
2012-02-07,5224.059908519243
2012-02-08,5224.059908519243
2012-02-09,5224.059908519243
2012-02-10,5224.059908519243
2012-02-13,5224.059908519243
2012-02-14,5224.059908519243
2012-02-15,5224.059908519243
2012-02-16,5224.059908519243
2012-02-17,5224.059908519243
2012-02-20,5224.059908519243
2012-02-21,5224.059908519243
2012-02-22,5224.059908519243
2012-02-23,5224.059908519243
2012-02-24,5224.059908519243
2012-02-27,5224.059908519243
2012-02-28,5224.059908519243
2012-02-29,5224.059908519243
2012-03-01,5224.059908519243
2012-03-02,5224.059908519243
2012-03-05,5224.059908519243
2012-03-06,5224.059908519243
2012-03-07,5224.059908519243
2012-03-08,5224.059908519243
2012-03-09,5221.447878564984
2012-03-12,5159.5646688587
2012-03-13,5159.5646688587
2012-03-14,5159.5646688587
2012-03-15,5159.5646688587
2012-03-16,5159.5646688587
2012-03-19,5159.5646688587
2012-03-20,5159.5646688587
2012-03-21,5159.5646688587
2012-03-22,5159.5646688587
2012-03-23,5159.5646688587
2012-03-26,5159.5646688587
2012-03-27,5159.5646688587
2012-03-28,5159.5646688587
2012-03-29,5159.5646688587
2012-03-30,5159.5646688587
2012-04-02,5159.5646688587
2012-04-03,5159.5646688587
2012-04-04,5159.5646688587
2012-04-05,5159.5646688587
2012-04-06,5159.5646688587
2012-04-09,5159.5646688587
2012-04-10,5159.5646688587
2012-04-11,5159.5646688587
2012-04-12,5159.5646688587
2012-04-13,5159.5646688587
2012-04-16,5159.5646688587
2012-04-17,5159.5646688587
2012-04-18,5159.5646688587
2012-04-19,5159.5646688587
2012-04-20,5159.5646688587
2012-04-23,5159.5646688587
2012-04-24,5159.5646688587
2012-04-25,5159.5646688587
2012-04-26,5159.5646688587
2012-04-27,5159.5646688587
2012-04-30,5159.5646688587
2012-05-01,5159.5646688587
2012-05-02,5159.5646688587
2012-05-03,5159.5646688587
2012-05-04,5159.5646688587
2012-05-07,5159.5646688587
2012-05-08,5159.5646688587
2012-05-09,5159.5646688587
2012-05-10,5159.5646688587
2012-05-11,5159.5646688587
2012-05-14,5159.5646688587
2012-05-15,5159.5646688587
2012-05-16,5159.5646688587
2012-05-17,5159.5646688587
2012-05-18,5159.5646688587
2012-05-21,5159.5646688587
2012-05-22,5159.5646688587
2012-05-23,5159.5646688587
2012-05-24,5159.5646688587
2012-05-25,5159.5646688587
2012-05-28,5159.5646688587
2012-05-29,5159.5646688587
2012-05-30,5159.5646688587
2012-05-31,5159.5646688587
2012-06-01,5159.5646688587
2012-06-04,5159.5646688587
2012-06-05,5159.5646688587
2012-06-06,5159.5646688587
2012-06-07,5159.5646688587
2012-06-08,5159.5646688587
2012-06-11,5159.5646688587
2012-06-12,5159.5646688587
2012-06-13,5159.5646688587
2012-06-14,5159.5646688587
2012-06-15,5159.5646688587
2012-06-18,5159.5646688587
2012-06-19,5159.5646688587
2012-06-20,5159.5646688587
2012-06-21,5159.5646688587
2012-06-22,5159.5646688587
2012-06-25,5159.5646688587
2012-06-26,5159.5646688587
2012-06-27,5159.5646688587
2012-06-28,5159.5646688587
2012-06-29,5159.5646688587
2012-07-02,5156.984886524271
2012-07-03,5124.408042352429
2012-07-04,5124.408042352429
2012-07-05,5124.408042352429
2012-07-06,5124.408042352429
2012-07-09,5124.408042352429
2012-07-10,5124.408042352429
2012-07-11,5124.408042352429
2012-07-12,5124.408042352429
2012-07-13,5124.408042352429
2012-07-16,5124.408042352429
2012-07-17,5124.408042352429
2012-07-18,5124.408042352429
2012-07-19,5124.408042352429
2012-07-20,5124.408042352429
2012-07-23,5124.408042352429
2012-07-24,5124.408042352429
2012-07-25,5124.408042352429
2012-07-26,5124.408042352429
2012-07-27,5121.845838331254
2012-07-30,5129.358481318278
2012-07-31,5129.358481318278
2012-08-01,5129.358481318278
2012-08-02,5129.358481318278
2012-08-03,5129.358481318278
2012-08-06,5126.793802077619
2012-08-07,5108.325492594686
2012-08-08,5108.325492594686
2012-08-09,5108.325492594686
2012-08-10,5108.325492594686
2012-08-13,5108.325492594686
2012-08-14,5108.325492594686
2012-08-15,5108.325492594686
2012-08-16,5108.325492594686
2012-08-17,5108.325492594686
2012-08-20,5108.325492594686
2012-08-21,5108.325492594686
2012-08-22,5105.771329848389
2012-08-23,5126.842838562624
2012-08-24,5126.842838562624
2012-08-27,5126.842838562624
2012-08-28,5126.842838562624
2012-08-29,5126.842838562624
2012-08-30,5126.842838562624
2012-08-31,5126.842838562624
2012-09-03,5126.842838562624
2012-09-04,5126.842838562624
2012-09-05,5126.842838562624
2012-09-06,5126.842838562624
2012-09-07,5126.842838562624
2012-09-10,5124.2794171433425
2012-09-11,5107.965810254683
2012-09-12,5107.965810254683
2012-09-13,5107.965810254683
2012-09-14,5107.965810254683
2012-09-17,5107.965810254683
2012-09-18,5107.965810254683
2012-09-19,5107.965810254683
2012-09-20,5107.965810254683
2012-09-21,5107.965810254683
2012-09-24,5107.965810254683
2012-09-25,5107.965810254683
2012-09-26,5107.965810254683
2012-09-27,5107.965810254683
2012-09-28,5107.965810254683
2012-10-01,5107.965810254683
2012-10-02,5107.965810254683
2012-10-03,5107.965810254683
2012-10-04,5107.965810254683
2012-10-05,5107.965810254683
2012-10-08,5107.965810254683
2012-10-09,5107.965810254683
2012-10-10,5107.965810254683
2012-10-11,5107.965810254683
2012-10-12,5107.965810254683
2012-10-15,5107.965810254683
2012-10-16,5107.965810254683
2012-10-17,5105.411827349556
2012-10-18,5106.206630963356
2012-10-19,5106.206630963356
2012-10-22,5106.206630963356
2012-10-23,5106.206630963356
2012-10-24,5106.206630963356
2012-10-25,5106.206630963356
2012-10-26,5106.206630963356
2012-10-29,5106.206630963356
2012-10-30,5106.206630963356
2012-10-31,5106.206630963356
2012-11-01,5106.206630963356
2012-11-02,5106.206630963356
2012-11-05,5106.206630963356
2012-11-06,5106.206630963356
2012-11-07,5106.206630963356
2012-11-08,5106.206630963356
2012-11-09,5106.206630963356
2012-11-12,5106.206630963356
2012-11-13,5106.206630963356
2012-11-14,5106.206630963356
2012-11-15,5106.206630963356
2012-11-16,5106.206630963356
2012-11-19,5106.206630963356
2012-11-20,5106.206630963356
2012-11-21,5106.206630963356
2012-11-22,5106.206630963356
2012-11-23,5106.206630963356
2012-11-26,5103.653527647874
2012-11-27,5109.380190539759
2012-11-28,5109.380190539759
2012-11-29,5109.380190539759
2012-11-30,5109.380190539759
2012-12-03,5109.380190539759
2012-12-05,5106.825500444489
2012-12-06,5092.91228641076
2012-12-07,5092.91228641076
2012-12-10,5092.91228641076
2012-12-11,5092.91228641076
2012-12-12,5092.91228641076
2012-12-13,5092.91228641076
2012-12-14,5092.91228641076
2012-12-17,5092.91228641076
2012-12-18,5092.91228641076
2012-12-19,5092.91228641076
2012-12-20,5092.91228641076
2012-12-21,5092.91228641076
2012-12-24,5092.91228641076
2012-12-25,5092.91228641076
2012-12-26,5092.91228641076
2012-12-27,5092.91228641076
2012-12-28,5092.91228641076
2012-12-31,5092.91228641076
2013-01-01,5092.91228641076
2013-01-02,5092.91228641076
2013-01-03,5092.91228641076
2013-01-04,5092.91228641076
2013-01-07,5092.91228641076
2013-01-08,5092.91228641076
2013-01-09,5092.91228641076
2013-01-10,5092.91228641076
2013-01-11,5090.365830267555
2013-01-14,5121.783722161974
2013-01-15,5121.783722161974
2013-01-16,5121.783722161974
2013-01-17,5121.783722161974
2013-01-18,5121.783722161974
2013-01-21,5121.783722161974
2013-01-22,5121.783722161974
2013-01-23,5121.783722161974
2013-01-24,5121.783722161974
2013-01-25,5121.783722161974
2013-01-28,5121.783722161974
2013-01-29,5121.783722161974
2013-01-30,5121.783722161974
2013-01-31,5121.783722161974
2013-02-01,5121.783722161974
2013-02-04,5121.783722161974
2013-02-05,5121.783722161974
2013-02-06,5121.783722161974
2013-02-07,5121.783722161974
2013-02-08,5121.783722161974
2013-02-11,5121.783722161974
2013-02-12,5121.783722161974
2013-02-13,5121.783722161974
2013-02-14,5121.783722161974
2013-02-15,5121.783722161974
2013-02-18,5121.783722161974
2013-02-19,5121.783722161974
2013-02-20,5121.783722161974
2013-02-21,5121.783722161974
2013-02-22,5121.783722161974
2013-02-25,5121.783722161974
2013-02-26,5121.783722161974
2013-02-27,5121.783722161974
2013-02-28,5121.783722161974
2013-03-01,5121.783722161974
2013-03-04,5121.783722161974
2013-03-05,5121.783722161974
2013-03-06,5121.783722161974
2013-03-07,5121.783722161974
2013-03-08,5119.222830300893
2013-03-11,5068.29779809039
2013-03-12,5068.29779809039
2013-03-13,5068.29779809039
2013-03-14,5068.29779809039
2013-03-15,5068.29779809039
2013-03-18,5068.29779809039
2013-03-19,5068.29779809039
2013-03-20,5068.29779809039
2013-03-21,5068.29779809039
2013-03-22,5068.29779809039
2013-03-25,5068.29779809039
2013-03-26,5068.29779809039
2013-03-27,5068.29779809039
2013-03-28,5068.29779809039
2013-03-29,5068.29779809039
2013-04-01,5068.29779809039
2013-04-02,5068.29779809039
2013-04-03,5068.29779809039
2013-04-04,5068.29779809039
2013-04-05,5068.29779809039
2013-04-08,5068.29779809039
2013-04-09,5068.29779809039
2013-04-10,5068.29779809039
2013-04-11,5068.29779809039
2013-04-12,5068.29779809039
2013-04-15,5068.29779809039
2013-04-16,5068.29779809039
2013-04-17,5065.7636491913445
2013-04-18,5007.65871454114
2013-04-19,5007.65871454114
2013-04-22,5007.65871454114
2013-04-23,5007.65871454114
2013-04-24,5007.65871454114
2013-04-25,5007.65871454114
2013-04-26,5007.65871454114
2013-04-29,5007.65871454114
2013-04-30,5007.65871454114
2013-05-01,5007.65871454114
2013-05-02,5007.65871454114
2013-05-03,5007.65871454114
2013-05-06,5007.65871454114
2013-05-07,5007.65871454114
2013-05-08,5007.65871454114
2013-05-09,5007.65871454114
2013-05-10,5007.65871454114
2013-05-13,5007.65871454114
2013-05-14,5007.65871454114
2013-05-15,5007.65871454114
2013-05-16,5007.65871454114
2013-05-17,5007.65871454114
2013-05-20,5007.65871454114
2013-05-21,5007.65871454114
2013-05-22,5007.65871454114
2013-05-23,5007.65871454114
2013-05-24,5007.65871454114
2013-05-27,5007.65871454114
2013-05-28,5007.65871454114
2013-05-29,5007.65871454114
2013-05-30,5007.65871454114
2013-05-31,5007.65871454114
2013-06-03,5007.65871454114
2013-06-04,5007.65871454114
2013-06-05,5007.65871454114
2013-06-06,5007.65871454114
2013-06-07,5005.15488518387
2013-06-10,4994.504495184527
2013-06-11,4994.504495184527
2013-06-12,4994.504495184527
2013-06-13,4994.504495184527
2013-06-14,4994.504495184527
2013-06-17,4994.504495184527
2013-06-18,4994.504495184527
2013-06-19,4994.504495184527
2013-06-20,4994.504495184527
2013-06-21,4994.504495184527
2013-06-24,4994.504495184527
2013-06-25,4994.504495184527
2013-06-26,4994.504495184527
2013-06-27,4994.504495184527
2013-06-28,4994.504495184527
2013-07-01,4994.504495184527
2013-07-02,4994.504495184527
2013-07-03,4994.504495184527
2013-07-04,4994.504495184527
2013-07-05,4994.504495184527
2013-07-08,4994.504495184527
2013-07-09,4994.504495184527
2013-07-10,4994.504495184527
2013-07-11,4992.007242936935
2013-07-12,4955.328892514931
2013-07-15,4955.328892514931
2013-07-16,4955.328892514931
2013-07-17,4955.328892514931
2013-07-18,4955.328892514931
2013-07-19,4955.328892514931
2013-07-22,4955.328892514931
2013-07-23,4955.328892514931
2013-07-24,4955.328892514931
2013-07-25,4955.328892514931
2013-07-26,4955.328892514931
2013-07-29,4955.328892514931
2013-07-30,4955.328892514931
2013-07-31,4955.328892514931
2013-08-01,4955.328892514931
2013-08-02,4955.328892514931
2013-08-05,4955.328892514931
2013-08-06,4955.328892514931
2013-08-07,4955.328892514931
2013-08-08,4955.328892514931
2013-08-09,4955.328892514931
2013-08-12,4955.328892514931
2013-08-13,4955.328892514931
2013-08-14,4955.328892514931
2013-08-15,4955.328892514931
2013-08-16,4952.851228068674
2013-08-19,4941.123345712141
2013-08-20,4941.123345712141
2013-08-21,4941.123345712141
2013-08-22,4941.123345712141
2013-08-23,4941.123345712141
2013-08-26,4941.123345712141
2013-08-27,4941.123345712141
2013-08-28,4941.123345712141
2013-08-29,4941.123345712141
2013-08-30,4941.123345712141
2013-09-02,4941.123345712141
2013-09-03,4941.123345712141
2013-09-04,4941.123345712141
2013-09-05,4941.123345712141
2013-09-06,4941.123345712141
2013-09-09,4941.123345712141
2013-09-10,4941.123345712141
2013-09-11,4941.123345712141
2013-09-12,4941.123345712141
2013-09-13,4941.123345712141
2013-09-16,4941.123345712141
2013-09-17,4941.123345712141
2013-09-18,4941.123345712141
2013-09-19,4938.652784039285
2013-09-20,4940.258889256018
2013-09-23,4940.258889256018
2013-09-24,4940.258889256018
2013-09-25,4940.258889256018
2013-09-26,4940.258889256018
2013-09-27,4940.258889256018
2013-09-30,4940.258889256018
2013-10-01,4940.258889256018
2013-10-02,4940.258889256018
2013-10-03,4940.258889256018
2013-10-04,4940.258889256018
2013-10-07,4940.258889256018
2013-10-09,4940.258889256018
2013-10-10,4940.258889256018
2013-10-11,4940.258889256018
2013-10-14,4940.258889256018
2013-10-15,4940.258889256018
2013-10-16,4940.258889256018
2013-10-17,4940.258889256018
2013-10-18,4937.78875981139
2013-10-21,4940.721699994281
2013-10-22,4940.721699994281
2013-10-23,4938.251339144284
2013-10-24,4936.666969445392
2013-10-25,4936.666969445392
2013-10-28,4936.666969445392
2013-10-29,4936.666969445392
2013-10-30,4936.666969445392
2013-10-31,4936.666969445392
2013-11-01,4936.666969445392
2013-11-04,4936.666969445392
2013-11-05,4936.666969445392
2013-11-06,4936.666969445392
2013-11-07,4936.666969445392
2013-11-08,4936.666969445392
2013-11-11,4936.666969445392
2013-11-12,4936.666969445392
2013-11-13,4936.666969445392
2013-11-14,4936.666969445392
2013-11-15,4936.666969445392
2013-11-18,4936.666969445392
2013-11-19,4936.666969445392
2013-11-20,4936.666969445392
2013-11-21,4936.666969445392
2013-11-22,4936.666969445392
2013-11-25,4936.666969445392
2013-11-26,4936.666969445392
2013-11-27,4936.666969445392
2013-11-28,4936.666969445392
2013-11-29,4936.666969445392
2013-12-02,4936.666969445392
2013-12-03,4936.666969445392
2013-12-04,4936.666969445392
2013-12-05,4936.666969445392
2013-12-06,4936.666969445392
2013-12-09,4936.666969445392
2013-12-10,4936.666969445392
2013-12-11,4936.666969445392
2013-12-12,4936.666969445392
2013-12-13,4936.666969445392
2013-12-16,4936.666969445392
2013-12-17,4936.666969445392
2013-12-18,4936.666969445392
2013-12-19,4936.666969445392
2013-12-20,4936.666969445392
2013-12-23,4936.666969445392
2013-12-24,4936.666969445392
2013-12-25,4936.666969445392
2013-12-26,4936.666969445392
2013-12-27,4936.666969445392
2013-12-30,4936.666969445392
2013-12-31,4936.666969445392
2014-01-01,4936.666969445392
2014-01-02,4936.666969445392
2014-01-03,4936.666969445392
2014-01-06,4936.666969445392
2014-01-07,4936.666969445392
2014-01-08,4936.666969445392
2014-01-09,4936.666969445392
2014-01-10,4936.666969445392
2014-01-13,4936.666969445392
2014-01-14,4936.666969445392
2014-01-15,4936.666969445392
2014-01-16,4936.666969445392
2014-01-17,4936.666969445392
2014-01-20,4936.666969445392
2014-01-21,4936.666969445392
2014-01-22,4936.666969445392
2014-01-23,4936.666969445392
2014-01-24,4934.19863596067
2014-01-27,4931.326324518509
2014-01-28,4931.326324518509
2014-01-29,4931.326324518509
2014-01-30,4931.326324518509
2014-01-31,4931.326324518509
2014-02-03,4931.326324518509
2014-02-04,4931.326324518509
2014-02-05,4931.326324518509
2014-02-06,4931.326324518509
2014-02-07,4931.326324518509
2014-02-10,4931.326324518509
2014-02-11,4931.326324518509
2014-02-12,4931.326324518509
2014-02-13,4931.326324518509
2014-02-14,4931.326324518509
2014-02-17,4931.326324518509
2014-02-18,4931.326324518509
2014-02-19,4931.326324518509
2014-02-20,4931.326324518509
2014-02-21,4931.326324518509
2014-02-24,4931.326324518509
2014-02-25,4931.326324518509
2014-02-26,4931.326324518509
2014-02-27,4931.326324518509
2014-02-28,4931.326324518509
2014-03-03,4931.326324518509
2014-03-04,4931.326324518509
2014-03-05,4931.326324518509
2014-03-06,4931.326324518509
2014-03-07,4928.86066135625
2014-03-10,4931.934335361209
2014-03-11,4931.934335361209
2014-03-12,4931.934335361209
2014-03-13,4931.934335361209
2014-03-14,4931.934335361209
2014-03-17,4931.934335361209
2014-03-18,4931.934335361209
2014-03-19,4931.934335361209
2014-03-20,4931.934335361209
2014-03-21,4931.934335361209
2014-03-24,4931.934335361209
2014-03-25,4931.934335361209
2014-03-26,4931.934335361209
2014-03-27,4931.934335361209
2014-03-28,4931.934335361209
2014-03-31,4931.934335361209
2014-04-01,4931.934335361209
2014-04-02,4931.934335361209
2014-04-03,4931.934335361209
2014-04-04,4931.934335361209
2014-04-07,4931.934335361209
2014-04-08,4931.934335361209
2014-04-09,4931.934335361209
2014-04-10,4931.934335361209
2014-04-11,4931.934335361209
2014-04-14,4931.934335361209
2014-04-15,4931.934335361209
2014-04-16,4931.934335361209
2014-04-17,4931.934335361209
2014-04-18,4931.934335361209
2014-04-21,4931.934335361209
2014-04-22,4931.934335361209
2014-04-23,4931.934335361209
2014-04-24,4931.934335361209
2014-04-25,4931.934335361209
2014-04-28,4931.934335361209
2014-04-29,4931.934335361209
2014-04-30,4931.934335361209
2014-05-01,4929.468368193529
2014-05-02,4927.61880662048
2014-05-05,4927.61880662048
2014-05-06,4927.61880662048
2014-05-07,4925.154997217171
2014-05-08,4915.973539509792
2014-05-09,4915.973539509792
2014-05-12,4915.973539509792
2014-05-13,4915.973539509792
2014-05-14,4915.973539509792
2014-05-15,4915.973539509792
2014-05-16,4915.973539509792
2014-05-19,4915.973539509792
2014-05-20,4915.973539509792
2014-05-21,4915.973539509792
2014-05-22,4915.973539509792
2014-05-23,4915.973539509792
2014-05-26,4915.973539509792
2014-05-27,4915.973539509792
2014-05-28,4915.973539509792
2014-05-29,4915.973539509792
2014-05-30,4915.973539509792
2014-06-02,4915.973539509792
2014-06-03,4915.973539509792
2014-06-04,4915.973539509792
2014-06-05,4915.973539509792
2014-06-06,4915.973539509792
2014-06-09,4915.973539509792
2014-06-10,4915.973539509792
2014-06-11,4915.973539509792
2014-06-12,4915.973539509792
2014-06-13,4915.973539509792
2014-06-16,4915.973539509792
2014-06-17,4915.973539509792
2014-06-18,4915.973539509792
2014-06-19,4915.973539509792
2014-06-20,4915.973539509792
2014-06-23,4915.973539509792
2014-06-24,4915.973539509792
2014-06-25,4915.973539509792
2014-06-26,4915.973539509792
2014-06-27,4915.973539509792
2014-06-30,4915.973539509792
2014-07-01,4915.973539509792
2014-07-02,4915.973539509792
2014-07-03,4915.973539509792
2014-07-04,4915.973539509792
2014-07-07,4915.973539509792
2014-07-08,4915.973539509792
2014-07-09,4915.973539509792
2014-07-10,4915.973539509792
2014-07-11,4915.973539509792
2014-07-14,4915.973539509792
2014-07-15,4915.973539509792
2014-07-16,4915.973539509792
2014-07-17,4915.973539509792
2014-07-18,4915.973539509792
2014-07-21,4915.973539509792
2014-07-22,4915.973539509792
2014-07-23,4915.973539509792
2014-07-24,4915.973539509792
2014-07-25,4915.973539509792
2014-07-28,4915.973539509792
2014-07-29,4915.973539509792
2014-07-30,4915.973539509792
2014-07-31,4915.973539509792
2014-08-01,4915.973539509792
2014-08-04,4915.973539509792
2014-08-05,4915.973539509792
2014-08-06,4915.973539509792
2014-08-07,4915.973539509792
2014-08-08,4915.973539509792
2014-08-11,4915.973539509792
2014-08-12,4915.973539509792
2014-08-13,4915.973539509792
2014-08-14,4915.973539509792
2014-08-15,4915.973539509792
2014-08-18,4915.973539509792
2014-08-19,4915.973539509792
2014-08-20,4915.973539509792
2014-08-21,4915.973539509792
2014-08-22,4915.973539509792
2014-08-25,4915.973539509792
2014-08-26,4915.973539509792
2014-08-27,4915.973539509792
2014-08-28,4915.973539509792
2014-08-29,4915.973539509792
2014-09-01,4915.973539509792
2014-09-02,4915.973539509792
2014-09-03,4915.973539509792
2014-09-04,4915.973539509792
2014-09-05,4915.973539509792
2014-09-08,4915.973539509792
2014-09-09,4915.973539509792
2014-09-10,4915.973539509792
2014-09-11,4915.973539509792
2014-09-12,4915.973539509792
2014-09-15,4915.973539509792
2014-09-16,4915.973539509792
2014-09-17,4915.973539509792
2014-09-18,4915.973539509792
2014-09-19,4915.973539509792
2014-09-22,4915.973539509792
2014-09-23,4915.973539509792
2014-09-24,4915.973539509792
2014-09-25,4915.973539509792
2014-09-26,4915.973539509792
2014-09-29,4915.973539509792
2014-09-30,4915.973539509792
2014-10-01,4915.973539509792
2014-10-02,4915.973539509792
2014-10-03,4915.973539509792
2014-10-06,4915.973539509792
2014-10-07,4913.5155527400375
2014-10-08,4919.578495520941
2014-10-09,4919.578495520941
2014-10-10,4919.578495520941
2014-10-13,4919.578495520941
2014-10-14,4919.578495520941
2014-10-15,4919.578495520941
2014-10-16,4917.118706273181
2014-10-17,4908.044583147554
2014-10-20,4908.044583147554
2014-10-21,4908.044583147554
2014-10-22,4908.044583147554
2014-10-23,4908.044583147554
2014-10-24,4908.044583147554
2014-10-27,4908.044583147554
2014-10-28,4908.044583147554
2014-10-29,4908.044583147554
2014-10-30,4908.044583147554
2014-10-31,4908.044583147554
2014-11-03,4908.044583147554
2014-11-04,4908.044583147554
2014-11-05,4908.044583147554
2014-11-06,4908.044583147554
2014-11-07,4908.044583147554
2014-11-10,4908.044583147554
2014-11-11,4908.044583147554
2014-11-12,4908.044583147554
2014-11-13,4908.044583147554
2014-11-14,4908.044583147554
2014-11-17,4908.044583147554
2014-11-18,4908.044583147554
2014-11-19,4908.044583147554
2014-11-20,4908.044583147554
2014-11-21,4908.044583147554
2014-11-24,4908.044583147554
2014-11-25,4908.044583147554
2014-11-26,4908.044583147554
2014-11-27,4908.044583147554
2014-11-28,4908.044583147554
2014-12-01,4908.044583147554
2014-12-02,4908.044583147554
2014-12-03,4908.044583147554
2014-12-04,4908.044583147554
2014-12-05,4908.044583147554
2014-12-08,4908.044583147554
2014-12-09,4908.044583147554
2014-12-10,4908.044583147554
2014-12-11,4908.044583147554
2014-12-12,4908.044583147554
2014-12-15,4908.044583147554
2014-12-16,4908.044583147554
2014-12-17,4908.044583147554
2014-12-18,4908.044583147554
2014-12-19,4908.044583147554
2014-12-22,4908.044583147554
2014-12-23,4908.044583147554
2014-12-24,4908.044583147554
2014-12-25,4908.044583147554
2014-12-26,4908.044583147554
2014-12-29,4908.044583147554
2014-12-30,4908.044583147554
2014-12-31,4908.044583147554
2015-01-01,4908.044583147554
2015-01-02,4908.044583147554
2015-01-05,4908.044583147554
2015-01-06,4908.044583147554
2015-01-07,4908.044583147554
2015-01-08,4908.044583147554
2015-01-09,4908.044583147554
2015-01-12,4908.044583147554
2015-01-13,4908.044583147554
2015-01-14,4908.044583147554
2015-01-15,4908.044583147554
2015-01-16,4908.044583147554
2015-01-19,4908.044583147554
2015-01-20,4908.044583147554
2015-01-21,4908.044583147554
2015-01-22,4908.044583147554
2015-01-23,4908.044583147554
2015-01-26,4908.044583147554
2015-01-27,4908.044583147554
2015-01-28,4908.044583147554
2015-01-29,4908.044583147554
2015-01-30,4908.044583147554
2015-02-02,4908.044583147554
2015-02-03,4908.044583147554
2015-02-04,4908.044583147554
2015-02-05,4908.044583147554
2015-02-06,4908.044583147554
2015-02-09,4908.044583147554
2015-02-10,4908.044583147554
2015-02-11,4908.044583147554
2015-02-12,4908.044583147554
2015-02-13,4908.044583147554
2015-02-16,4908.044583147554
2015-02-17,4908.044583147554
2015-02-18,4908.044583147554
2015-02-19,4908.044583147554
2015-02-20,4908.044583147554
2015-02-23,4908.044583147554
2015-02-24,4908.044583147554
2015-02-25,4908.044583147554
2015-02-26,4908.044583147554
2015-02-27,4908.044583147554
2015-03-02,4908.044583147554
2015-03-03,4908.044583147554
2015-03-04,4908.044583147554
2015-03-05,4908.044583147554
2015-03-06,4908.044583147554
2015-03-09,4908.044583147554
2015-03-10,4908.044583147554
2015-03-11,4908.044583147554
2015-03-12,4908.044583147554
2015-03-13,4908.044583147554
2015-03-16,4908.044583147554
2015-03-17,4908.044583147554
2015-03-18,4908.044583147554
2015-03-19,4905.59056085598
2015-03-20,4820.59126788667
2015-03-23,4820.59126788667
2015-03-24,4820.59126788667
2015-03-25,4820.59126788667
2015-03-26,4820.59126788667
2015-03-27,4820.59126788667
2015-03-30,4820.59126788667
2015-03-31,4820.59126788667
2015-04-01,4820.59126788667
2015-04-02,4820.59126788667
2015-04-03,4820.59126788667
2015-04-06,4820.59126788667
2015-04-07,4820.59126788667
2015-04-08,4820.59126788667
2015-04-09,4820.59126788667
2015-04-10,4820.59126788667
2015-04-13,4820.59126788667
2015-04-14,4820.59126788667
2015-04-15,4820.59126788667
2015-04-16,4820.59126788667
2015-04-17,4820.59126788667
2015-04-20,4820.59126788667
2015-04-21,4820.59126788667
2015-04-22,4820.59126788667
2015-04-23,4820.59126788667
2015-04-24,4820.59126788667
2015-04-27,4820.59126788667
2015-04-28,4820.59126788667
2015-04-29,4820.59126788667
2015-04-30,4820.59126788667
2015-05-01,4820.59126788667
2015-05-04,4820.59126788667
2015-05-05,4820.59126788667
2015-05-06,4820.59126788667
2015-05-07,4820.59126788667
2015-05-08,4820.59126788667
2015-05-11,4820.59126788667
2015-05-12,4820.59126788667
2015-05-13,4820.59126788667
2015-05-14,4820.59126788667
2015-05-15,4820.59126788667
2015-05-18,4820.59126788667
2015-05-19,4820.59126788667
2015-05-20,4820.59126788667
2015-05-21,4820.59126788667
2015-05-22,4820.59126788667
2015-05-25,4820.59126788667
2015-05-26,4820.59126788667
2015-05-27,4820.59126788667
2015-05-28,4820.59126788667
2015-05-29,4820.59126788667
2015-06-01,4820.59126788667
2015-06-02,4820.59126788667
2015-06-03,4818.180972252727
2015-06-04,4862.142163992345
2015-06-05,4862.142163992345
2015-06-08,4862.142163992345
2015-06-09,4862.142163992345
2015-06-10,4862.142163992345
2015-06-11,4862.142163992345
2015-06-12,4862.142163992345
2015-06-15,4862.142163992345
2015-06-16,4862.142163992345
2015-06-17,4862.142163992345
2015-06-18,4862.142163992345
2015-06-19,4862.142163992345
2015-06-22,4862.142163992345
2015-06-23,4862.142163992345
2015-06-24,4862.142163992345
2015-06-25,4862.142163992345
2015-06-26,4862.142163992345
2015-06-29,4862.142163992345
2015-06-30,4859.711092910349
2015-07-01,4819.035509150216
2015-07-02,4819.035509150216
2015-07-03,4819.035509150216
2015-07-06,4819.035509150216
2015-07-07,4819.035509150216
2015-07-08,4819.035509150216
2015-07-09,4819.035509150216
2015-07-10,4819.035509150216
2015-07-13,4819.035509150216
2015-07-14,4819.035509150216
2015-07-15,4819.035509150216
2015-07-16,4819.035509150216
2015-07-17,4819.035509150216
2015-07-20,4819.035509150216
2015-07-21,4819.035509150216
2015-07-22,4819.035509150216
2015-07-23,4819.035509150216
2015-07-24,4819.035509150216
2015-07-27,4819.035509150216
2015-07-28,4819.035509150216
2015-07-29,4819.035509150216
2015-07-30,4819.035509150216
2015-07-31,4819.035509150216
2015-08-03,4819.035509150216
2015-08-04,4819.035509150216
2015-08-05,4819.035509150216
2015-08-06,4819.035509150216
2015-08-07,4819.035509150216
2015-08-10,4819.035509150216
2015-08-11,4819.035509150216
2015-08-12,4819.035509150216
2015-08-13,4816.625991395641
2015-08-14,4814.217678399943
2015-08-17,4814.217678399943
2015-08-18,4814.217678399943
2015-08-19,4814.217678399943
2015-08-20,4814.217678399943
2015-08-21,4811.810569560744
2015-08-24,4868.9782473883
2015-08-25,4866.5437582646055
2015-08-26,4850.600358063388
2015-08-27,4850.600358063388
2015-08-28,4850.600358063388
2015-08-31,4850.600358063388
2015-09-01,4850.600358063388
2015-09-02,4850.600358063388
2015-09-03,4850.600358063388
2015-09-04,4850.600358063388
2015-09-07,4850.600358063388
2015-09-08,4850.600358063388
2015-09-09,4850.600358063388
2015-09-10,4850.600358063388
2015-09-11,4850.600358063388
2015-09-14,4850.600358063388
2015-09-15,4850.600358063388
2015-09-16,4850.600358063388
2015-09-17,4850.600358063388
2015-09-18,4848.175057884357
2015-09-21,4799.213235868859
2015-09-22,4799.213235868859
2015-09-23,4799.213235868859
2015-09-24,4799.213235868859
2015-09-25,4799.213235868859
2015-09-28,4799.213235868859
2015-09-29,4799.213235868859
2015-09-30,4799.213235868859
2015-10-01,4799.213235868859
2015-10-02,4799.213235868859
2015-10-05,4799.213235868859
2015-10-06,4799.213235868859
2015-10-07,4799.213235868859
2015-10-08,4799.213235868859
2015-10-09,4799.213235868859
2015-10-12,4799.213235868859
2015-10-13,4799.213235868859
2015-10-14,4799.213235868859
2015-10-15,4799.213235868859
2015-10-16,4799.213235868859
2015-10-19,4799.213235868859
2015-10-20,4799.213235868859
2015-10-21,4799.213235868859
2015-10-22,4799.213235868859
2015-10-23,4799.213235868859
2015-10-26,4799.213235868859
2015-10-27,4799.213235868859
2015-10-28,4799.213235868859
2015-10-29,4799.213235868859
2015-10-30,4799.213235868859
2015-11-02,4799.213235868859
2015-11-03,4799.213235868859
2015-11-04,4799.213235868859
2015-11-05,4799.213235868859
2015-11-06,4799.213235868859
2015-11-09,4799.213235868859
2015-11-10,4799.213235868859
2015-11-11,4799.213235868859
2015-11-12,4799.213235868859
2015-11-13,4799.213235868859
2015-11-16,4799.213235868859
2015-11-17,4799.213235868859
2015-11-18,4799.213235868859
2015-11-19,4799.213235868859
2015-11-20,4799.213235868859
2015-11-23,4799.213235868859
2015-11-24,4799.213235868859
2015-11-25,4799.213235868859
2015-11-26,4799.213235868859
2015-11-27,4799.213235868859
2015-11-30,4799.213235868859
2015-12-01,4799.213235868859
2015-12-02,4799.213235868859
2015-12-03,4799.213235868859
2015-12-04,4796.813629250924
2015-12-07,4780.350393280328
2015-12-08,4780.350393280328
2015-12-09,4780.350393280328
2015-12-10,4780.350393280328
2015-12-11,4780.350393280328
2015-12-14,4780.350393280328
2015-12-15,4780.350393280328
2015-12-16,4780.350393280328
2015-12-17,4780.350393280328
2015-12-18,4780.350393280328
2015-12-21,4780.350393280328
2015-12-22,4780.350393280328
2015-12-23,4780.350393280328
2015-12-24,4780.350393280328
2015-12-25,4780.350393280328
2015-12-28,4780.350393280328
2015-12-29,4780.350393280328
2015-12-30,4780.350393280328
2015-12-31,4780.350393280328
2016-01-01,4780.350393280328
2016-01-04,4780.350393280328
2016-01-05,4780.350393280328
2016-01-06,4780.350393280328
2016-01-07,4780.350393280328
2016-01-08,4777.960218083688
2016-01-11,4782.153398253927
2016-01-12,4782.153398253927
2016-01-13,4782.153398253927
2016-01-14,4782.153398253927
2016-01-15,4782.153398253927
2016-01-18,4782.153398253927
2016-01-19,4782.153398253927
2016-01-20,4782.153398253927
2016-01-21,4782.153398253927
2016-01-22,4782.153398253927
2016-01-25,4782.153398253927
2016-01-26,4782.153398253927
2016-01-27,4782.153398253927
2016-01-28,4782.153398253927
2016-01-29,4782.153398253927
2016-02-01,4782.153398253927
2016-02-02,4782.153398253927
2016-02-03,4782.153398253927
2016-02-04,4779.7623215548
2016-02-05,4824.092157626013
2016-02-08,4824.092157626013
2016-02-09,4824.092157626013
2016-02-10,4824.092157626013
2016-02-11,4824.092157626013
2016-02-12,4824.092157626013
2016-02-15,4824.092157626013
2016-02-16,4824.092157626013
2016-02-17,4824.092157626013
2016-02-18,4824.092157626013
2016-02-19,4824.092157626013
2016-02-22,4824.092157626013
2016-02-23,4824.092157626013
2016-02-24,4824.092157626013
2016-02-25,4824.092157626013
2016-02-26,4824.092157626013
2016-02-29,4824.092157626013
2016-03-01,4824.092157626013
2016-03-02,4824.092157626013
2016-03-03,4824.092157626013
2016-03-04,4824.092157626013
2016-03-07,4824.092157626013
2016-03-08,4824.092157626013
2016-03-09,4824.092157626013
2016-03-10,4824.092157626013
2016-03-11,4821.680111547201
2016-03-14,4814.743776856097
2016-03-15,4814.743776856097
2016-03-16,4814.743776856097
2016-03-17,4814.743776856097
2016-03-18,4814.743776856097
2016-03-21,4814.743776856097
2016-03-22,4814.743776856097
2016-03-23,4814.743776856097
2016-03-24,4814.743776856097
2016-03-25,4814.743776856097
2016-03-28,4814.743776856097
2016-03-29,4814.743776856097
2016-03-30,4814.743776856097
2016-03-31,4814.743776856097
2016-04-01,4814.743776856097
2016-04-04,4814.743776856097
2016-04-05,4814.743776856097
2016-04-06,4814.743776856097
2016-04-07,4814.743776856097
2016-04-08,4814.743776856097
2016-04-11,4814.743776856097
2016-04-12,4814.743776856097
2016-04-13,4814.743776856097
2016-04-14,4814.743776856097
2016-04-15,4814.743776856097
2016-04-18,4814.743776856097
2016-04-19,4814.743776856097
2016-04-20,4814.743776856097
2016-04-21,4814.743776856097
2016-04-22,4814.743776856097
2016-04-25,4814.743776856097
2016-04-26,4814.743776856097
2016-04-27,4814.743776856097
2016-04-28,4814.743776856097
2016-04-29,4814.743776856097
2016-05-02,4812.336404967669
2016-05-03,4835.871944831136
2016-05-04,4835.871944831136
2016-05-05,4835.871944831136
2016-05-06,4835.871944831136
2016-05-09,4835.871944831136
2016-05-10,4835.871944831136
2016-05-11,4835.871944831136
2016-05-12,4835.871944831136
2016-05-13,4835.871944831136
2016-05-16,4835.871944831136
2016-05-17,4835.871944831136
2016-05-18,4835.871944831136
2016-05-19,4835.871944831136
2016-05-20,4835.871944831136
2016-05-23,4835.871944831136
2016-05-24,4835.871944831136
2016-05-25,4835.871944831136
2016-05-26,4835.871944831136
2016-05-27,4835.871944831136
2016-05-30,4835.871944831136
2016-05-31,4835.871944831136
2016-06-01,4835.871944831136
2016-06-02,4835.871944831136
2016-06-03,4835.871944831136
2016-06-06,4833.454008858721
2016-06-07,4836.58181591014
2016-06-08,4836.58181591014
2016-06-09,4836.58181591014
2016-06-10,4836.58181591014
2016-06-13,4836.58181591014
2016-06-14,4836.58181591014
2016-06-15,4836.58181591014
2016-06-16,4836.58181591014
2016-06-17,4836.58181591014
2016-06-20,4836.58181591014
2016-06-21,4836.58181591014
2016-06-22,4836.58181591014
2016-06-23,4836.58181591014
2016-06-24,4836.58181591014
2016-06-27,4836.58181591014
2016-06-28,4836.58181591014
2016-06-29,4836.58181591014
2016-06-30,4836.58181591014
2016-07-01,4836.58181591014
2016-07-04,4836.58181591014
2016-07-05,4836.58181591014
2016-07-06,4836.58181591014
2016-07-07,4836.58181591014
2016-07-08,4836.58181591014
2016-07-11,4836.58181591014
2016-07-12,4836.58181591014
2016-07-13,4836.58181591014
2016-07-14,4836.58181591014
2016-07-15,4836.58181591014
2016-07-18,4836.58181591014
2016-07-19,4836.58181591014
2016-07-20,4836.58181591014
2016-07-21,4836.58181591014
2016-07-22,4836.58181591014
2016-07-25,4836.58181591014
2016-07-26,4836.58181591014
2016-07-27,4836.58181591014
2016-07-28,4834.163525002185
2016-07-29,4836.513156396667
2016-08-01,4836.513156396667
2016-08-02,4836.513156396667
2016-08-03,4836.513156396667
2016-08-04,4836.513156396667
2016-08-05,4836.513156396667
2016-08-08,4836.513156396667
2016-08-09,4836.513156396667
2016-08-10,4836.513156396667
2016-08-11,4836.513156396667
2016-08-12,4836.513156396667
2016-08-15,4836.513156396667
2016-08-16,4836.513156396667
2016-08-17,4834.094899818469
2016-08-18,4841.499609623506
2016-08-19,4841.499609623506
2016-08-22,4841.499609623506
2016-08-23,4841.499609623506
2016-08-24,4841.499609623506
2016-08-25,4841.499609623506
2016-08-26,4841.499609623506
2016-08-29,4841.499609623506
2016-08-30,4841.499609623506
2016-08-31,4841.499609623506
2016-09-01,4841.499609623506
2016-09-02,4841.499609623506
2016-09-05,4841.499609623506
2016-09-06,4841.499609623506
2016-09-07,4839.078859818695
2016-09-08,4831.21705622823
2016-09-09,4831.21705622823
2016-09-12,4831.21705622823
2016-09-13,4831.21705622823
2016-09-14,4831.21705622823
2016-09-15,4831.21705622823
2016-09-16,4831.21705622823
2016-09-19,4831.21705622823
2016-09-20,4831.21705622823
2016-09-21,4831.21705622823
2016-09-22,4831.21705622823
2016-09-23,4831.21705622823
2016-09-26,4831.21705622823
2016-09-27,4831.21705622823
2016-09-28,4831.21705622823
2016-09-29,4831.21705622823
2016-09-30,4831.21705622823
2016-10-03,4831.21705622823
2016-10-04,4831.21705622823
2016-10-05,4831.21705622823
2016-10-06,4831.21705622823
2016-10-07,4831.21705622823
2016-10-10,4831.21705622823
2016-10-11,4831.21705622823
2016-10-12,4831.21705622823
2016-10-13,4831.21705622823
2016-10-14,4831.21705622823
2016-10-17,4831.21705622823
2016-10-18,4831.21705622823
2016-10-19,4831.21705622823
2016-10-20,4831.21705622823
2016-10-21,4831.21705622823
2016-10-24,4831.21705622823
2016-10-25,4831.21705622823
2016-10-26,4831.21705622823
2016-10-27,4831.21705622823
2016-10-28,4831.21705622823
2016-10-31,4828.801447700116
2016-11-01,4821.403496823397
2016-11-02,4818.992795074986
2016-11-03,4834.19911854134
2016-11-04,4834.19911854134
2016-11-07,4834.19911854134
2016-11-08,4834.19911854134
2016-11-09,4834.19911854134
2016-11-10,4834.19911854134
2016-11-11,4834.19911854134
2016-11-14,4834.19911854134
2016-11-15,4834.19911854134
2016-11-16,4834.19911854134
2016-11-17,4834.19911854134
2016-11-18,4834.19911854134
2016-11-21,4834.19911854134
2016-11-22,4834.19911854134
2016-11-23,4834.19911854134
2016-11-24,4834.19911854134
2016-11-25,4834.19911854134
2016-11-28,4834.19911854134
2016-11-29,4834.19911854134
2016-11-30,4834.19911854134
2016-12-01,4834.19911854134
2016-12-02,4834.19911854134
2016-12-05,4834.19911854134
2016-12-06,4831.7820189820695
2016-12-07,4812.761910551853
2016-12-08,4812.761910551853
2016-12-09,4812.761910551853
2016-12-12,4812.761910551853
2016-12-13,4812.761910551853
2016-12-14,4812.761910551853
2016-12-15,4812.761910551853
2016-12-16,4812.761910551853
2016-12-19,4812.761910551853
2016-12-20,4812.761910551853
2016-12-21,4812.761910551853
2016-12-22,4812.761910551853
2016-12-23,4812.761910551853
2016-12-26,4812.761910551853
2016-12-27,4812.761910551853
2016-12-28,4812.761910551853
2016-12-29,4812.761910551853
2016-12-30,4810.355529596578
2017-01-02,4785.922303084974
2017-01-03,4785.922303084974
2017-01-04,4785.922303084974
2017-01-05,4785.922303084974
2017-01-06,4783.529341933432
2017-01-09,4747.618621860892
2017-01-10,4747.618621860892
2017-01-11,4747.618621860892
2017-01-12,4747.618621860892
2017-01-13,4747.618621860892
2017-01-16,4747.618621860892
2017-01-17,4747.618621860892
2017-01-18,4747.618621860892
2017-01-19,4747.618621860892
2017-01-20,4747.618621860892
2017-01-23,4747.618621860892
2017-01-24,4747.618621860892
2017-01-25,4747.618621860892
2017-01-26,4747.618621860892
2017-01-27,4747.618621860892
2017-01-30,4747.618621860892
2017-01-31,4747.618621860892
2017-02-01,4745.244812549961
2017-02-02,4726.8526208750845
2017-02-03,4726.8526208750845
2017-02-06,4726.8526208750845
2017-02-07,4726.8526208750845
2017-02-08,4726.8526208750845
2017-02-09,4726.8526208750845
2017-02-10,4726.8526208750845
2017-02-13,4726.8526208750845
2017-02-14,4726.8526208750845
2017-02-15,4726.8526208750845
2017-02-16,4726.8526208750845
2017-02-17,4726.8526208750845
2017-02-20,4726.8526208750845
2017-02-21,4726.8526208750845
2017-02-22,4726.8526208750845
2017-02-23,4726.8526208750845
2017-02-24,4726.8526208750845
2017-02-27,4726.8526208750845
2017-02-28,4726.8526208750845
2017-03-01,4726.8526208750845
2017-03-02,4726.8526208750845
2017-03-03,4726.8526208750845
2017-03-06,4724.489194564647
2017-03-07,4703.7481474163205
2017-03-08,4703.7481474163205
2017-03-09,4703.7481474163205
2017-03-10,4703.7481474163205
2017-03-13,4701.396273342612
2017-03-14,4682.039416478239
2017-03-15,4682.039416478239
2017-03-16,4679.698396770001
2017-03-17,4693.36530720214
2017-03-20,4693.36530720214
2017-03-21,4693.36530720214
2017-03-22,4693.36530720214
2017-03-23,4693.36530720214
2017-03-24,4693.36530720214
2017-03-27,4693.36530720214
2017-03-28,4693.36530720214
2017-03-29,4693.36530720214
2017-03-30,4693.36530720214
2017-03-31,4693.36530720214
2017-04-03,4693.36530720214
2017-04-04,4693.36530720214
2017-04-05,4693.36530720214
2017-04-06,4693.36530720214
2017-04-07,4693.36530720214
2017-04-10,4693.36530720214
2017-04-11,4693.36530720214
2017-04-12,4693.36530720214
2017-04-13,4693.36530720214
2017-04-14,4693.36530720214
2017-04-17,4693.36530720214
2017-04-18,4693.36530720214
2017-04-19,4691.018624548539
2017-04-20,4682.68764858042
2017-04-21,4682.68764858042
2017-04-24,4680.34630475613
2017-04-25,4674.088520586369
2017-04-26,4674.088520586369
2017-04-27,4674.088520586369
2017-04-28,4674.088520586369
2017-05-01,4674.088520586369
2017-05-02,4674.088520586369
2017-05-03,4674.088520586369
2017-05-04,4674.088520586369
2017-05-05,4671.751476326076
2017-05-08,4662.44332523394
2017-05-09,4662.44332523394
2017-05-10,4662.44332523394
2017-05-11,4662.44332523394
2017-05-12,4662.44332523394
2017-05-15,4662.44332523394
2017-05-16,4662.44332523394
2017-05-17,4660.112103571324
2017-05-18,4683.911795546119
2017-05-19,4683.911795546119
2017-05-22,4683.911795546119
2017-05-23,4683.911795546119
2017-05-24,4683.911795546119
2017-05-25,4683.911795546119
2017-05-26,4683.911795546119
2017-05-29,4683.911795546119
2017-05-30,4683.911795546119
2017-05-31,4683.911795546119
2017-06-01,4683.911795546119
2017-06-02,4683.911795546119
2017-06-05,4683.911795546119
2017-06-06,4683.911795546119
2017-06-07,4683.911795546119
2017-06-08,4683.911795546119
2017-06-09,4683.911795546119
2017-06-12,4683.911795546119
2017-06-13,4683.911795546119
2017-06-14,4683.911795546119
2017-06-15,4683.911795546119
2017-06-16,4683.911795546119
2017-06-19,4683.911795546119
2017-06-20,4683.911795546119
2017-06-21,4683.911795546119
2017-06-22,4683.911795546119
2017-06-23,4683.911795546119
2017-06-26,4683.911795546119
2017-06-27,4683.911795546119
2017-06-28,4681.569839648346
2017-06-29,4697.15274673634
2017-06-30,4697.15274673634
2017-07-03,4697.15274673634
2017-07-04,4697.15274673634
2017-07-05,4697.15274673634
2017-07-06,4697.15274673634
2017-07-07,4697.15274673634
2017-07-10,4697.15274673634
2017-07-12,4697.15274673634
2017-07-13,4697.15274673634
2017-07-14,4697.15274673634
2017-07-17,4697.15274673634
2017-07-18,4697.15274673634
2017-07-19,4697.15274673634
2017-07-20,4697.15274673634
2017-07-21,4694.804170362972
2017-07-24,4713.797136097678
2017-07-25,4713.797136097678
2017-07-26,4713.797136097678
2017-07-27,4713.797136097678
2017-07-28,4713.797136097678
2017-07-31,4713.797136097678
2017-08-01,4713.797136097678
2017-08-02,4713.797136097678
2017-08-03,4713.797136097678
2017-08-04,4713.797136097678
2017-08-07,4713.797136097678
2017-08-08,4713.797136097678
2017-08-09,4713.797136097678
2017-08-10,4713.797136097678
2017-08-11,4713.797136097678
2017-08-14,4713.797136097678
2017-08-15,4713.797136097678
2017-08-16,4713.797136097678
2017-08-17,4713.797136097678
2017-08-18,4713.797136097678
2017-08-21,4713.797136097678
2017-08-22,4713.797136097678
2017-08-23,4713.797136097678
2017-08-24,4713.797136097678
2017-08-25,4713.797136097678
2017-08-28,4711.4402375296295
2017-08-29,4713.817102026446
2017-08-30,4713.817102026446
2017-08-31,4713.817102026446
2017-09-01,4713.817102026446
2017-09-04,4713.817102026446
2017-09-05,4713.817102026446
2017-09-06,4713.817102026446
2017-09-07,4713.817102026446
2017-09-08,4713.817102026446
2017-09-11,4713.817102026446
2017-09-12,4713.817102026446
2017-09-13,4713.817102026446
2017-09-14,4713.817102026446
2017-09-15,4713.817102026446
2017-09-18,4713.817102026446
2017-09-19,4713.817102026446
2017-09-20,4713.817102026446
2017-09-21,4713.817102026446
2017-09-22,4713.817102026446
2017-09-25,4713.817102026446
2017-09-26,4713.817102026446
2017-09-27,4713.817102026446
2017-09-28,4713.817102026446
2017-09-29,4713.817102026446
2017-10-02,4713.817102026446
2017-10-03,4713.817102026446
2017-10-04,4713.817102026446
2017-10-05,4713.817102026446
2017-10-06,4713.817102026446
2017-10-09,4713.817102026446
2017-10-10,4713.817102026446
2017-10-11,4713.817102026446
2017-10-12,4713.817102026446
2017-10-13,4713.817102026446
2017-10-16,4713.817102026446
2017-10-17,4713.817102026446
2017-10-18,4713.817102026446
2017-10-19,4713.817102026446
2017-10-20,4713.817102026446
2017-10-23,4713.817102026446
2017-10-24,4713.817102026446
2017-10-25,4713.817102026446
2017-10-26,4713.817102026446
2017-10-27,4713.817102026446
2017-10-30,4713.817102026446
2017-10-31,4713.817102026446
2017-11-01,4713.817102026446
2017-11-02,4713.817102026446
2017-11-03,4713.817102026446
2017-11-06,4713.817102026446
2017-11-07,4713.817102026446
2017-11-08,4713.817102026446
2017-11-09,4713.817102026446
2017-11-10,4713.817102026446
2017-11-13,4713.817102026446
2017-11-14,4713.817102026446
2017-11-15,4711.460193475434
2017-11-17,4702.9414111862725
2017-11-20,4702.9414111862725
2017-11-21,4702.9414111862725
2017-11-22,4702.9414111862725
2017-11-23,4702.9414111862725
2017-11-24,4702.9414111862725
2017-11-27,4702.9414111862725
2017-11-28,4702.9414111862725
2017-11-29,4702.9414111862725
2017-11-30,4702.9414111862725
2017-12-01,4702.9414111862725
2017-12-04,4702.9414111862725
2017-12-05,4702.9414111862725
2017-12-06,4702.9414111862725
2017-12-07,4702.9414111862725
2017-12-08,4702.9414111862725
2017-12-11,4702.9414111862725
2017-12-12,4702.9414111862725
2017-12-13,4702.9414111862725
2017-12-14,4700.58994048068
2017-12-15,4673.989753511126
2017-12-18,4673.989753511126
2017-12-19,4673.989753511126
2017-12-20,4673.989753511126
2017-12-21,4673.989753511126
2017-12-22,4673.989753511126
2017-12-25,4673.989753511126
2017-12-26,4673.989753511126
2017-12-27,4673.989753511126
2017-12-28,4673.989753511126
2017-12-29,4673.989753511126
2018-01-01,4673.989753511126
2018-01-02,4673.989753511126
2018-01-03,4673.989753511126
2018-01-04,4673.989753511126
2018-01-05,4673.989753511126
2018-01-08,4673.989753511126
2018-01-09,4673.989753511126
2018-01-10,4673.989753511126
2018-01-11,4673.989753511126
2018-01-12,4673.989753511126
2018-01-15,4671.652758634371
2018-01-16,4698.399044432239
2018-01-17,4698.399044432239
2018-01-18,4698.399044432239
2018-01-19,4698.399044432239
2018-01-22,4698.399044432239
2018-01-23,4698.399044432239
2018-01-24,4698.399044432239
2018-01-25,4698.399044432239
2018-01-26,4698.399044432239
2018-01-29,4698.399044432239
2018-01-30,4698.399044432239
2018-01-31,4698.399044432239
2018-02-01,4698.399044432239
2018-02-02,4698.399044432239
2018-02-05,4698.399044432239
2018-02-06,4698.399044432239
2018-02-07,4698.399044432239
2018-02-08,4698.399044432239
2018-02-09,4698.399044432239
2018-02-12,4698.399044432239
2018-02-13,4698.399044432239
2018-02-14,4698.399044432239
2018-02-15,4696.049844910023
2018-02-16,4707.363296732162
2018-02-19,4707.363296732162
2018-02-20,4707.363296732162
2018-02-21,4707.363296732162
2018-02-22,4707.363296732162
2018-02-23,4707.363296732162
2018-02-26,4707.363296732162
2018-02-27,4707.363296732162
2018-02-28,4707.363296732162
2018-03-01,4707.363296732162
2018-03-02,4707.363296732162
2018-03-05,4707.363296732162
2018-03-06,4707.363296732162
2018-03-07,4707.363296732162
2018-03-08,4707.363296732162
2018-03-09,4707.363296732162
2018-03-12,4707.363296732162
2018-03-13,4707.363296732162
2018-03-14,4707.363296732162
2018-03-15,4707.363296732162
2018-03-16,4707.363296732162
2018-03-19,4707.363296732162
2018-03-20,4707.363296732162
2018-03-21,4707.363296732162
2018-03-22,4707.363296732162
2018-03-23,4707.363296732162
2018-03-26,4707.363296732162
2018-03-27,4705.009615083796
2018-03-28,4683.879973225376
2018-03-29,4683.879973225376
2018-03-30,4683.879973225376
2018-04-02,4683.879973225376
2018-04-03,4683.879973225376
2018-04-04,4683.879973225376
2018-04-05,4683.879973225376
2018-04-06,4683.879973225376
2018-04-09,4683.879973225376
2018-04-10,4683.879973225376
2018-04-11,4683.879973225376
2018-04-12,4683.879973225376
2018-04-13,4683.879973225376
2018-04-16,4683.879973225376
2018-04-17,4683.879973225376
2018-04-18,4683.879973225376
2018-04-19,4683.879973225376
2018-04-20,4683.879973225376
2018-04-23,4683.879973225376
2018-04-24,4683.879973225376
2018-04-25,4683.879973225376
2018-04-26,4683.879973225376
2018-04-27,4683.879973225376
2018-04-30,4683.879973225376
2018-05-01,4683.879973225376
2018-05-02,4683.879973225376
2018-05-03,4683.879973225376
2018-05-04,4683.879973225376
2018-05-07,4683.879973225376
2018-05-08,4683.879973225376
2018-05-09,4683.879973225376
2018-05-10,4683.879973225376
2018-05-11,4683.879973225376
2018-05-14,4683.879973225376
2018-05-15,4683.879973225376
2018-05-16,4683.879973225376
2018-05-17,4683.879973225376
2018-05-18,4683.879973225376
2018-05-21,4683.879973225376
2018-05-22,4683.879973225376
2018-05-23,4683.879973225376
2018-05-24,4683.879973225376
2018-05-25,4683.879973225376
2018-05-28,4683.879973225376
2018-05-29,4683.879973225376
2018-05-30,4683.879973225376
2018-05-31,4681.538033238763
2018-06-01,4689.586595425446
2018-06-04,4689.586595425446
2018-06-05,4689.586595425446
2018-06-06,4689.586595425446
2018-06-07,4689.586595425446
2018-06-08,4689.586595425446
2018-06-11,4689.586595425446
2018-06-12,4689.586595425446
2018-06-13,4689.586595425446
2018-06-14,4689.586595425446
2018-06-15,4689.586595425446
2018-06-18,4689.586595425446
2018-06-19,4689.586595425446
2018-06-20,4689.586595425446
2018-06-21,4689.586595425446
2018-06-22,4689.586595425446
2018-06-25,4689.586595425446
2018-06-26,4689.586595425446
2018-06-27,4689.586595425446
2018-06-28,4689.586595425446
2018-06-29,4689.586595425446
2018-07-02,4689.586595425446
2018-07-03,4689.586595425446
2018-07-04,4689.586595425446
2018-07-05,4689.586595425446
2018-07-06,4689.586595425446
2018-07-09,4689.586595425446
2018-07-10,4689.586595425446
2018-07-11,4689.586595425446
2018-07-12,4689.586595425446
2018-07-13,4689.586595425446
2018-07-16,4689.586595425446
2018-07-17,4689.586595425446
2018-07-18,4689.586595425446
2018-07-19,4689.586595425446
2018-07-20,4689.586595425446
2018-07-23,4687.2418021277335
2018-07-24,4665.78447696884
2018-07-25,4665.78447696884
2018-07-26,4665.78447696884
2018-07-27,4665.78447696884
2018-07-30,4665.78447696884
2018-07-31,4665.78447696884
2018-08-01,4665.78447696884
2018-08-02,4665.78447696884
2018-08-03,4665.78447696884
2018-08-06,4665.78447696884
2018-08-07,4665.78447696884
2018-08-08,4665.78447696884
2018-08-09,4665.78447696884
2018-08-10,4665.78447696884
2018-08-13,4665.78447696884
2018-08-14,4665.78447696884
2018-08-15,4665.78447696884
2018-08-16,4665.78447696884
2018-08-17,4665.78447696884
2018-08-20,4665.78447696884
2018-08-21,4665.78447696884
2018-08-22,4665.78447696884
2018-08-23,4665.78447696884
2018-08-24,4665.78447696884
2018-08-27,4663.4515847303555
2018-08-28,4674.993431346877
2018-08-29,4674.993431346877
2018-08-30,4674.993431346877
2018-08-31,4674.993431346877
2018-09-03,4674.993431346877
2018-09-04,4674.993431346877
2018-09-05,4674.993431346877
2018-09-06,4674.993431346877
2018-09-07,4674.993431346877
2018-09-10,4674.993431346877
2018-09-11,4674.993431346877
2018-09-12,4674.993431346877
2018-09-13,4674.993431346877
2018-09-14,4674.993431346877
2018-09-17,4674.993431346877
2018-09-18,4674.993431346877
2018-09-19,4674.993431346877
2018-09-20,4674.993431346877
2018-09-21,4672.655934631203
2018-09-24,4660.425876348433
2018-09-25,4660.425876348433
2018-09-26,4660.425876348433
2018-09-27,4660.425876348433
2018-09-28,4660.425876348433
2018-10-01,4660.425876348433
2018-10-02,4660.425876348433
2018-10-03,4660.425876348433
2018-10-04,4660.425876348433
2018-10-05,4660.425876348433
2018-10-08,4660.425876348433
2018-10-09,4660.425876348433
2018-10-10,4660.425876348433
2018-10-11,4660.425876348433
2018-10-12,4660.425876348433
2018-10-15,4660.425876348433
2018-10-16,4660.425876348433
2018-10-17,4660.425876348433
2018-10-18,4660.425876348433
2018-10-19,4660.425876348433
2018-10-22,4660.425876348433
2018-10-23,4660.425876348433
2018-10-24,4660.425876348433
2018-10-25,4660.425876348433
2018-10-26,4660.425876348433
2018-10-29,4660.425876348433
2018-10-30,4660.425876348433
2018-10-31,4660.425876348433
2018-11-01,4660.425876348433
2018-11-02,4658.0956634102595
2018-11-05,4653.430108971772
2018-11-06,4653.430108971772
2018-11-07,4653.430108971772
2018-11-08,4653.430108971772
2018-11-09,4653.430108971772
2018-11-12,4653.430108971772
2018-11-13,4653.430108971772
2018-11-14,4653.430108971772
2018-11-15,4653.430108971772
2018-11-16,4653.430108971772
2018-11-19,4653.430108971772
2018-11-20,4653.430108971772
2018-11-21,4653.430108971772
2018-11-22,4653.430108971772
2018-11-23,4653.430108971772
2018-11-26,4653.430108971772
2018-11-27,4653.430108971772
2018-11-28,4653.430108971772
2018-11-29,4653.430108971772
2018-11-30,4653.430108971772
2018-12-03,4653.430108971772
2018-12-04,4653.430108971772
2018-12-05,4653.430108971772
2018-12-06,4653.430108971772
2018-12-07,4653.430108971772
2018-12-10,4653.430108971772
2018-12-11,4653.430108971772
2018-12-12,4653.430108971772
2018-12-13,4653.430108971772
2018-12-14,4653.430108971772
2018-12-17,4653.430108971772
2018-12-18,4653.430108971772
2018-12-19,4653.430108971772
2018-12-20,4653.430108971772
2018-12-21,4653.430108971772
2018-12-24,4653.430108971772
2018-12-25,4653.430108971772
2018-12-26,4653.430108971772
2018-12-27,4653.430108971772
2018-12-28,4653.430108971772
2018-12-31,4653.430108971772
2019-01-01,4653.430108971772
2019-01-02,4653.430108971772
2019-01-03,4653.430108971772
2019-01-04,4653.430108971772
2019-01-07,4653.430108971772
2019-01-08,4653.430108971772
2019-01-09,4653.430108971772
2019-01-10,4651.103393917287
2019-01-11,4630.701670971479
2019-01-14,4630.701670971479
2019-01-15,4630.701670971479
2019-01-16,4630.701670971479
2019-01-17,4630.701670971479
2019-01-18,4630.701670971479
2019-01-21,4630.701670971479
2019-01-22,4630.701670971479
2019-01-23,4630.701670971479
2019-01-24,4630.701670971479
2019-01-25,4630.701670971479
2019-01-28,4628.386320135994
2019-01-29,4632.944367265401
2019-01-30,4632.944367265401
2019-01-31,4632.944367265401
2019-02-01,4632.944367265401
2019-02-04,4632.944367265401
2019-02-05,4632.944367265401
2019-02-06,4632.944367265401
2019-02-07,4632.944367265401
2019-02-08,4632.944367265401
2019-02-11,4632.944367265401
2019-02-12,4632.944367265401
2019-02-13,4632.944367265401
2019-02-14,4632.944367265401
2019-02-15,4632.944367265401
2019-02-18,4632.944367265401
2019-02-19,4632.944367265401
2019-02-20,4632.944367265401
2019-02-21,4632.944367265401
2019-02-22,4632.944367265401
2019-02-25,4632.944367265401
2019-02-26,4632.944367265401
2019-02-27,4632.944367265401
2019-02-28,4632.944367265401
2019-03-01,4632.944367265401
2019-03-04,4632.944367265401
2019-03-05,4632.944367265401
2019-03-06,4632.944367265401
2019-03-07,4632.944367265401
2019-03-08,4632.944367265401
2019-03-11,4632.944367265401
2019-03-12,4632.944367265401
2019-03-13,4632.944367265401
2019-03-14,4632.944367265401
2019-03-15,4632.944367265401
2019-03-18,4632.944367265401
2019-03-19,4632.944367265401
2019-03-20,4632.944367265401
2019-03-21,4630.627895081768
2019-03-22,4606.824532627104
2019-03-25,4606.824532627104
2019-03-26,4606.824532627104
2019-03-27,4606.824532627104
2019-03-28,4606.824532627104
2019-03-29,4606.824532627104
2019-04-01,4606.824532627104
2019-04-02,4606.824532627104
2019-04-03,4606.824532627104
2019-04-04,4606.824532627104
2019-04-05,4606.824532627104
2019-04-08,4606.824532627104
2019-04-09,4606.824532627104
2019-04-10,4606.824532627104
2019-04-11,4606.824532627104
2019-04-12,4606.824532627104
2019-04-15,4606.824532627104
2019-04-16,4606.824532627104
2019-04-17,4606.824532627104
2019-04-18,4606.824532627104
2019-04-19,4606.824532627104
2019-04-22,4606.824532627104
2019-04-23,4606.824532627104
2019-04-24,4606.824532627104
2019-04-25,4606.824532627104
2019-04-26,4606.824532627104
2019-04-29,4606.824532627104
2019-04-30,4606.824532627104
2019-05-01,4606.824532627104
2019-05-02,4606.824532627104
2019-05-03,4606.824532627104
2019-05-06,4606.824532627104
2019-05-07,4606.824532627104
2019-05-08,4606.824532627104
2019-05-09,4606.824532627104
2019-05-10,4606.824532627104
2019-05-13,4606.824532627104
2019-05-14,4606.824532627104
2019-05-15,4606.824532627104
2019-05-16,4606.824532627104
2019-05-17,4606.824532627104
2019-05-20,4606.824532627104
2019-05-21,4606.824532627104
2019-05-23,4606.824532627104
2019-05-24,4606.824532627104
2019-05-27,4606.824532627104
2019-05-28,4606.824532627104
2019-05-29,4606.824532627104
2019-05-30,4606.824532627104
2019-05-31,4606.824532627104
2019-06-03,4606.824532627104
2019-06-04,4604.521120360791
2019-06-05,4605.379020202635
2019-06-06,4605.379020202635
2019-06-07,4605.379020202635
2019-06-10,4605.379020202635
2019-06-11,4605.379020202635
2019-06-12,4605.379020202635
2019-06-13,4605.379020202635
2019-06-14,4605.379020202635
2019-06-17,4605.379020202635
2019-06-18,4605.379020202635
2019-06-19,4605.379020202635
2019-06-20,4605.379020202635
2019-06-21,4605.379020202635
2019-06-24,4603.076330692534
2019-06-25,4607.067174153132
2019-06-26,4607.067174153132
2019-06-27,4607.067174153132
2019-06-28,4607.067174153132
2019-07-01,4607.067174153132
2019-07-02,4607.067174153132
2019-07-03,4607.067174153132
2019-07-04,4607.067174153132
2019-07-05,4607.067174153132
2019-07-08,4607.067174153132
2019-07-09,4607.067174153132
2019-07-10,4607.067174153132
2019-07-11,4607.067174153132
2019-07-12,4607.067174153132
2019-07-15,4607.067174153132
2019-07-16,4607.067174153132
2019-07-17,4607.067174153132
2019-07-18,4607.067174153132
2019-07-19,4607.067174153132
2019-07-22,4607.067174153132
2019-07-23,4607.067174153132
2019-07-24,4607.067174153132
2019-07-25,4607.067174153132
2019-07-26,4607.067174153132
2019-07-29,4607.067174153132
2019-07-30,4607.067174153132
2019-07-31,4607.067174153132
2019-08-01,4607.067174153132
2019-08-02,4607.067174153132
2019-08-05,4607.067174153132
2019-08-06,4604.763640566056
2019-08-07,4587.367523489753
2019-08-08,4587.367523489753
2019-08-09,4587.367523489753
2019-08-12,4587.367523489753
2019-08-13,4587.367523489753
2019-08-14,4587.367523489753
2019-08-15,4587.367523489753
2019-08-16,4587.367523489753
2019-08-19,4587.367523489753
2019-08-20,4587.367523489753
2019-08-21,4587.367523489753
2019-08-22,4587.367523489753
2019-08-23,4587.367523489753
2019-08-26,4585.073839728008
2019-08-27,4566.562718763092
2019-08-28,4566.562718763092
2019-08-29,4566.562718763092
2019-08-30,4566.562718763092
2019-09-02,4566.562718763092
2019-09-03,4566.562718763092
2019-09-04,4566.562718763092
2019-09-05,4566.562718763092
2019-09-06,4566.562718763092
2019-09-09,4566.562718763092
2019-09-10,4566.562718763092
2019-09-11,4566.562718763092
2019-09-12,4566.562718763092
2019-09-13,4566.562718763092
2019-09-16,4566.562718763092
2019-09-17,4566.562718763092
2019-09-18,4566.562718763092
2019-09-19,4566.562718763092
2019-09-20,4566.562718763092
2019-09-23,4566.562718763092
2019-09-24,4566.562718763092
2019-09-25,4566.562718763092
2019-09-26,4566.562718763092
2019-09-27,4566.562718763092
2019-09-30,4566.562718763092
2019-10-01,4566.562718763092
2019-10-02,4566.562718763092
2019-10-03,4566.562718763092
2019-10-04,4566.562718763092
2019-10-07,4566.562718763092
2019-10-08,4566.562718763092
2019-10-09,4566.562718763092
2019-10-10,4566.562718763092
2019-10-11,4566.562718763092
2019-10-14,4566.562718763092
2019-10-15,4566.562718763092
2019-10-16,4566.562718763092
2019-10-17,4566.562718763092
2019-10-18,4566.562718763092
2019-10-21,4566.562718763092
2019-10-22,4566.562718763092
2019-10-23,4566.562718763092
2019-10-24,4566.562718763092
2019-10-25,4566.562718763092
2019-10-28,4566.562718763092
2019-10-29,4566.562718763092
2019-10-30,4566.562718763092
2019-10-31,4566.562718763092
2019-11-01,4566.562718763092
2019-11-04,4566.562718763092
2019-11-05,4566.562718763092
2019-11-06,4566.562718763092
2019-11-07,4566.562718763092
2019-11-08,4566.562718763092
2019-11-11,4566.562718763092
2019-11-12,4566.562718763092
2019-11-13,4566.562718763092
2019-11-14,4566.562718763092
2019-11-15,4566.562718763092
2019-11-18,4566.562718763092
2019-11-19,4566.562718763092
2019-11-20,4566.562718763092
2019-11-21,4566.562718763092
2019-11-22,4566.562718763092
2019-11-25,4566.562718763092
2019-11-26,4566.562718763092
2019-11-27,4566.562718763092
2019-11-28,4566.562718763092
2019-11-29,4566.562718763092
2019-12-02,4566.562718763092
2019-12-03,4564.27943740371
2019-12-04,4564.526297906714
2019-12-05,4564.526297906714
2019-12-06,4564.526297906714
2019-12-09,4564.526297906714
2019-12-10,4564.526297906714
2019-12-11,4564.526297906714
2019-12-12,4564.526297906714
2019-12-13,4562.24403475776
2019-12-16,4534.771244791726
2019-12-17,4534.771244791726
2019-12-18,4534.771244791726
2019-12-19,4534.771244791726
2019-12-20,4534.771244791726
2019-12-23,4534.771244791726
2019-12-24,4534.771244791726
2019-12-25,4534.771244791726
2019-12-26,4534.771244791726
2019-12-27,4534.771244791726
2019-12-30,4532.50385916933
2019-12-31,4538.333933087575
2020-01-01,4538.333933087575
2020-01-02,4538.333933087575
2020-01-03,4538.333933087575
2020-01-06,4538.333933087575
2020-01-07,4538.333933087575
2020-01-08,4538.333933087575
2020-01-09,4538.333933087575
2020-01-10,4538.333933087575
2020-01-13,4538.333933087575
2020-01-14,4538.333933087575
2020-01-15,4538.333933087575
2020-01-16,4538.333933087575
2020-01-17,4538.333933087575
2020-01-20,4538.333933087575
2020-01-21,4538.333933087575
2020-01-22,4538.333933087575
2020-01-23,4538.333933087575
2020-01-24,4538.333933087575
2020-01-27,4538.333933087575
2020-01-28,4538.333933087575
2020-01-29,4538.333933087575
2020-01-30,4538.333933087575
2020-01-31,4538.333933087575
2020-02-03,4536.064766121031
2020-02-04,4522.793328010834
2020-02-05,4522.793328010834
2020-02-06,4522.793328010834
2020-02-07,4522.793328010834
2020-02-10,4522.793328010834
2020-02-11,4522.793328010834
2020-02-12,4522.793328010834
2020-02-13,4522.793328010834
2020-02-14,4522.793328010834
2020-02-17,4522.793328010834
2020-02-18,4522.793328010834
2020-02-19,4522.793328010834
2020-02-20,4522.793328010834
2020-02-21,4522.793328010834
2020-02-24,4522.793328010834
2020-02-25,4522.793328010834
2020-02-26,4522.793328010834
2020-02-27,4522.793328010834
2020-02-28,4520.531931346828
2020-03-02,4540.44853804583
2020-03-03,4538.178313776807
2020-03-04,4550.802296888302
2020-03-05,4550.802296888302
2020-03-06,4550.802296888302
2020-03-09,4548.526895739858
2020-03-10,4551.019966737566
2020-03-11,4551.019966737566
2020-03-12,4551.019966737566
2020-03-13,4551.019966737566
2020-03-16,4551.019966737566
2020-03-17,4551.019966737566
2020-03-18,4551.019966737566
2020-03-19,4551.019966737566
2020-03-20,4551.019966737566
2020-03-23,4551.019966737566
2020-03-24,4551.019966737566
2020-03-25,4551.019966737566
2020-03-26,4551.019966737566
2020-03-27,4551.019966737566
2020-03-30,4551.019966737566
2020-03-31,4551.019966737566
2020-04-01,4551.019966737566
2020-04-02,4551.019966737566
2020-04-03,4551.019966737566
2020-04-06,4551.019966737566
2020-04-07,4551.019966737566
2020-04-08,4551.019966737566
2020-04-09,4551.019966737566
2020-04-10,4551.019966737566
2020-04-13,4551.019966737566
2020-04-14,4551.019966737566
2020-04-15,4551.019966737566
2020-04-16,4551.019966737566
2020-04-17,4551.019966737566
2020-04-20,4551.019966737566
2020-04-21,4551.019966737566
2020-04-22,4551.019966737566
2020-04-23,4551.019966737566
2020-04-24,4551.019966737566
2020-04-27,4551.019966737566
2020-04-28,4551.019966737566
2020-04-29,4551.019966737566
2020-04-30,4551.019966737566
2020-05-01,4551.019966737566
2020-05-04,4551.019966737566
2020-05-05,4551.019966737566
2020-05-06,4551.019966737566
2020-05-07,4551.019966737566
2020-05-08,4551.019966737566
2020-05-11,4551.019966737566
2020-05-12,4551.019966737566
2020-05-13,4551.019966737566
2020-05-14,4551.019966737566
2020-05-15,4551.019966737566
2020-05-18,4551.019966737566
2020-05-19,4551.019966737566
2020-05-20,4551.019966737566
2020-05-21,4551.019966737566
2020-05-22,4551.019966737566
2020-05-25,4551.019966737566
2020-05-26,4551.019966737566
2020-05-27,4551.019966737566
2020-05-28,4551.019966737566
2020-05-29,4551.019966737566
2020-06-01,4551.019966737566
2020-06-02,4551.019966737566
2020-06-03,4551.019966737566
2020-06-04,4551.019966737566
2020-06-05,4551.019966737566
2020-06-08,4551.019966737566
2020-06-09,4551.019966737566
2020-06-10,4551.019966737566
2020-06-11,4551.019966737566
2020-06-12,4551.019966737566
2020-06-15,4551.019966737566
2020-06-16,4551.019966737566
2020-06-17,4551.019966737566
2020-06-18,4551.019966737566
2020-06-19,4551.019966737566
2020-06-22,4551.019966737566
2020-06-23,4551.019966737566
2020-06-24,4551.019966737566
2020-06-25,4551.019966737566
2020-06-26,4551.019966737566
2020-06-29,4551.019966737566
2020-06-30,4551.019966737566
2020-07-01,4551.019966737566
2020-07-02,4551.019966737566
2020-07-03,4551.019966737566
2020-07-06,4551.019966737566
2020-07-07,4551.019966737566
2020-07-08,4551.019966737566
2020-07-09,4551.019966737566
2020-07-10,4551.019966737566
2020-07-13,4551.019966737566
2020-07-14,4551.019966737566
2020-07-15,4551.019966737566
2020-07-16,4551.019966737566
2020-07-17,4551.019966737566
2020-07-20,4551.019966737566
2020-07-21,4551.019966737566
2020-07-22,4551.019966737566
2020-07-23,4551.019966737566
2020-07-24,4551.019966737566
2020-07-27,4551.019966737566
2020-07-28,4548.744456754198
2020-07-29,4526.917807305328
2020-07-30,4526.917807305328
2020-07-31,4526.917807305328
2020-08-03,4526.917807305328
2020-08-04,4526.917807305328
2020-08-05,4526.917807305328
2020-08-06,4526.917807305328
2020-08-07,4526.917807305328
2020-08-10,4526.917807305328
2020-08-11,4526.917807305328
2020-08-12,4526.917807305328
2020-08-13,4526.917807305328
2020-08-14,4526.917807305328
2020-08-17,4526.917807305328
2020-08-18,4526.917807305328
2020-08-19,4526.917807305328
2020-08-20,4526.917807305328
2020-08-21,4526.917807305328
2020-08-24,4526.917807305328
2020-08-25,4526.917807305328
2020-08-26,4526.917807305328
2020-08-27,4526.917807305328
2020-08-28,4526.917807305328
2020-08-31,4526.917807305328
2020-09-01,4526.917807305328
2020-09-02,4526.917807305328
2020-09-03,4526.917807305328
2020-09-04,4526.917807305328
2020-09-07,4526.917807305328
2020-09-08,4526.917807305328
2020-09-09,4526.917807305328
2020-09-10,4526.917807305328
2020-09-11,4526.917807305328
2020-09-14,4526.917807305328
2020-09-15,4526.917807305328
2020-09-16,4526.917807305328
2020-09-17,4526.917807305328
2020-09-18,4526.917807305328
2020-09-21,4526.917807305328
2020-09-22,4526.917807305328
2020-09-23,4526.917807305328
2020-09-24,4526.917807305328
2020-09-25,4526.917807305328
2020-09-28,4526.917807305328
2020-09-29,4526.917807305328
2020-09-30,4526.917807305328
2020-10-01,4526.917807305328
2020-10-02,4526.917807305328
2020-10-05,4526.917807305328
2020-10-06,4526.917807305328
2020-10-07,4526.917807305328
2020-10-08,4526.917807305328
2020-10-09,4526.917807305328
2020-10-12,4526.917807305328
2020-10-13,4526.917807305328
2020-10-14,4526.917807305328
2020-10-15,4526.917807305328
2020-10-16,4526.917807305328
2020-10-19,4526.917807305328
2020-10-20,4526.917807305328
2020-10-21,4526.917807305328
2020-10-22,4526.917807305328
2020-10-23,4526.917807305328
2020-10-26,4526.917807305328
2020-10-27,4526.917807305328
2020-10-28,4526.917807305328
2020-10-29,4526.917807305328
2020-10-30,4526.917807305328
2020-11-02,4526.917807305328
2020-11-03,4526.917807305328
2020-11-04,4524.654348401676
2020-11-05,4511.017101991345
2020-11-06,4511.017101991345
2020-11-09,4511.017101991345
2020-11-10,4511.017101991345
2020-11-11,4511.017101991345
2020-11-12,4511.017101991345
2020-11-13,4511.017101991345
2020-11-16,4511.017101991345
2020-11-17,4511.017101991345
2020-11-18,4511.017101991345
2020-11-19,4511.017101991345
2020-11-20,4511.017101991345
2020-11-23,4511.017101991345
2020-11-24,4511.017101991345
2020-11-25,4511.017101991345
2020-11-26,4511.017101991345
2020-11-27,4511.017101991345
2020-11-30,4511.017101991345
2020-12-01,4511.017101991345
2020-12-02,4508.761593440349
2020-12-03,4521.502813215656
2020-12-04,4521.502813215656
2020-12-07,4521.502813215656
2020-12-08,4521.502813215656
2020-12-09,4521.502813215656
2020-12-10,4521.502813215656
2020-12-11,4521.502813215656
2020-12-14,4521.502813215656
2020-12-15,4521.502813215656
2020-12-16,4521.502813215656
2020-12-17,4521.502813215656
2020-12-18,4521.502813215656
2020-12-21,4521.502813215656
2020-12-22,4521.502813215656
2020-12-23,4521.502813215656
2020-12-24,4521.502813215656
2020-12-25,4521.502813215656
2020-12-28,4521.502813215656
2020-12-29,4521.502813215656
2020-12-30,4521.502813215656
2020-12-31,4521.502813215656
2021-01-01,4521.502813215656
2021-01-04,4521.502813215656
2021-01-05,4521.502813215656
2021-01-06,4521.502813215656
2021-01-07,4521.502813215656
2021-01-08,4521.502813215656
2021-01-11,4521.502813215656
2021-01-12,4521.502813215656
2021-01-13,4521.502813215656
2021-01-14,4521.502813215656
2021-01-15,4521.502813215656
2021-01-18,4521.502813215656
2021-01-19,4521.502813215656
2021-01-20,4521.502813215656
2021-01-21,4521.502813215656
2021-01-22,4521.502813215656
2021-01-25,4521.502813215656
2021-01-26,4521.502813215656
2021-01-27,4521.502813215656
2021-01-28,4521.502813215656
2021-01-29,4521.502813215656
2021-02-01,4521.502813215656
2021-02-02,4521.502813215656
2021-02-03,4521.502813215656
2021-02-04,4521.502813215656
2021-02-05,4521.502813215656
2021-02-08,4519.242061809048
2021-02-09,4518.790715827961
2021-02-10,4518.790715827961
2021-02-11,4518.790715827961
2021-02-12,4518.790715827961
2021-02-15,4518.790715827961
2021-02-16,4518.790715827961
2021-02-17,4518.790715827961
2021-02-18,4518.790715827961
2021-02-19,4518.790715827961
2021-02-22,4518.790715827961
2021-02-23,4518.790715827961
2021-02-24,4518.790715827961
2021-02-25,4518.790715827961
2021-02-26,4518.790715827961
2021-03-01,4518.790715827961
2021-03-02,4518.790715827961
2021-03-03,4518.790715827961
2021-03-04,4518.790715827961
2021-03-05,4518.790715827961
2021-03-08,4518.790715827961
2021-03-09,4518.790715827961
2021-03-10,4518.790715827961
2021-03-11,4518.790715827961
2021-03-12,4518.790715827961
2021-03-15,4518.790715827961
2021-03-16,4518.790715827961
2021-03-17,4518.790715827961
2021-03-18,4518.790715827961
2021-03-19,4518.790715827961
2021-03-22,4518.790715827961
2021-03-23,4518.790715827961
2021-03-24,4518.790715827961
2021-03-25,4518.790715827961
2021-03-26,4518.790715827961
2021-03-29,4518.790715827961
2021-03-30,4518.790715827961
2021-03-31,4518.790715827961
2021-04-01,4518.790715827961
2021-04-02,4518.790715827961
2021-04-05,4518.790715827961
2021-04-06,4518.790715827961
2021-04-07,4518.790715827961
2021-04-08,4518.790715827961
2021-04-09,4518.790715827961
2021-04-12,4518.790715827961
2021-04-13,4518.790715827961
2021-04-14,4518.790715827961
2021-04-15,4518.790715827961
2021-04-16,4518.790715827961
2021-04-19,4518.790715827961
2021-04-20,4516.531320470048
2021-04-21,4509.434031203882
2021-04-22,4509.434031203882
2021-04-23,4509.434031203882
2021-04-26,4507.179314188281
2021-04-27,4501.875079841965
2021-04-28,4501.875079841965
2021-04-29,4501.875079841965
2021-04-30,4501.875079841965
2021-05-03,4501.875079841965
2021-05-04,4501.875079841965
2021-05-05,4501.875079841965
2021-05-06,4501.875079841965
2021-05-07,4501.875079841965
2021-05-10,4499.624142302045
2021-05-11,4486.216158948007
2021-05-12,4486.216158948007
2021-05-13,4486.216158948007
2021-05-14,4486.216158948007
2021-05-17,4486.216158948007
2021-05-18,4486.216158948007
2021-05-19,4486.216158948007
2021-05-20,4486.216158948007
2021-05-21,4486.216158948007
2021-05-24,4486.216158948007
2021-05-25,4486.216158948007
2021-05-26,4486.216158948007
2021-05-27,4486.216158948007
2021-05-28,4486.216158948007
2021-05-31,4486.216158948007
2021-06-01,4486.216158948007
2021-06-02,4486.216158948007
2021-06-03,4486.216158948007
2021-06-04,4486.216158948007
2021-06-07,4486.216158948007
2021-06-08,4486.216158948007
2021-06-09,4486.216158948007
2021-06-10,4486.216158948007
2021-06-11,4486.216158948007
2021-06-14,4486.216158948007
2021-06-15,4486.216158948007
2021-06-16,4486.216158948007
2021-06-17,4486.216158948007
2021-06-18,4486.216158948007
2021-06-21,4486.216158948007
2021-06-22,4486.216158948007
2021-06-23,4486.216158948007
2021-06-24,4486.216158948007
2021-06-25,4486.216158948007
2021-06-28,4486.216158948007
2021-06-29,4486.216158948007
2021-06-30,4486.216158948007
2021-07-01,4486.216158948007
2021-07-02,4486.216158948007
2021-07-05,4486.216158948007
2021-07-06,4486.216158948007
2021-07-07,4486.216158948007
2021-07-08,4486.216158948007
2021-07-09,4486.216158948007
2021-07-12,4486.216158948007
2021-07-13,4486.216158948007
2021-07-14,4486.216158948007
2021-07-15,4486.216158948007
2021-07-16,4486.216158948007
2021-07-19,4486.216158948007
2021-07-20,4486.216158948007
2021-07-21,4486.216158948007
2021-07-22,4486.216158948007
2021-07-23,4486.216158948007
2021-07-26,4486.216158948007
2021-07-27,4486.216158948007
2021-07-28,4486.216158948007
2021-07-29,4486.216158948007
2021-07-30,4486.216158948007
2021-08-02,4486.216158948007
2021-08-03,4486.216158948007
2021-08-04,4486.216158948007
2021-08-05,4486.216158948007
2021-08-06,4486.216158948007
2021-08-09,4486.216158948007
2021-08-10,4486.216158948007
2021-08-11,4486.216158948007
2021-08-12,4486.216158948007
2021-08-13,4486.216158948007
2021-08-16,4483.973050868533
2021-08-17,4476.128316802301
2021-08-18,4476.128316802301
2021-08-19,4476.128316802301
2021-08-20,4476.128316802301
2021-08-23,4476.128316802301
2021-08-24,4476.128316802301
2021-08-25,4476.128316802301
2021-08-26,4476.128316802301
2021-08-27,4476.128316802301
2021-08-30,4476.128316802301
2021-08-31,4476.128316802301
2021-09-01,4476.128316802301
2021-09-02,4476.128316802301
2021-09-03,4476.128316802301
2021-09-06,4476.128316802301
2021-09-07,4476.128316802301
2021-09-08,4476.128316802301
2021-09-09,4476.128316802301
2021-09-10,4476.128316802301
2021-09-13,4476.128316802301
2021-09-14,4476.128316802301
2021-09-15,4476.128316802301
2021-09-16,4476.128316802301
2021-09-17,4476.128316802301
2021-09-20,4476.128316802301
2021-09-21,4476.128316802301
2021-09-22,4476.128316802301
2021-09-23,4476.128316802301
2021-09-24,4476.128316802301
2021-09-27,4476.128316802301
2021-09-28,4476.128316802301
2021-09-29,4476.128316802301
2021-09-30,4476.128316802301
2021-10-01,4476.128316802301
2021-10-04,4476.128316802301
2021-10-05,4476.128316802301
2021-10-06,4476.128316802301
2021-10-07,4476.128316802301
2021-10-08,4476.128316802301
2021-10-11,4476.128316802301
2021-10-12,4476.128316802301
2021-10-13,4476.128316802301
2021-10-14,4473.8902526439
2021-10-15,4468.540872412173
2021-10-18,4468.540872412173
2021-10-19,4468.540872412173
2021-10-20,4468.540872412173
2021-10-21,4468.540872412173
2021-10-22,4468.540872412173
2021-10-25,4468.540872412173
2021-10-26,4468.540872412173
2021-10-27,4468.540872412173
2021-10-28,4468.540872412173
2021-10-29,4466.306601975967
2021-11-01,4415.288856876794
2021-11-02,4415.288856876794
2021-11-03,4415.288856876794
2021-11-04,4415.288856876794
2021-11-05,4415.288856876794
2021-11-08,4415.288856876794
2021-11-09,4415.288856876794
2021-11-10,4415.288856876794
2021-11-11,4415.288856876794
2021-11-12,4415.288856876794
2021-11-15,4415.288856876794
2021-11-16,4415.288856876794
2021-11-17,4415.288856876794
2021-11-18,4415.288856876794
2021-11-19,4415.288856876794
2021-11-22,4415.288856876794
2021-11-23,4415.288856876794
2021-11-24,4415.288856876794
2021-11-25,4415.288856876794
2021-11-26,4415.288856876794
2021-11-29,4415.288856876794
2021-11-30,4415.288856876794
2021-12-01,4415.288856876794
2021-12-02,4415.288856876794
2021-12-03,4415.288856876794
2021-12-06,4415.288856876794
2021-12-07,4415.288856876794
2021-12-08,4415.288856876794
2021-12-09,4415.288856876794
2021-12-10,4415.288856876794
2021-12-13,4415.288856876794
2021-12-14,4415.288856876794
2021-12-15,4415.288856876794
2021-12-16,4415.288856876794
2021-12-17,4415.288856876794
2021-12-20,4415.288856876794
2021-12-21,4415.288856876794
2021-12-22,4415.288856876794
2021-12-23,4415.288856876794
2021-12-24,4415.288856876794
2021-12-27,4415.288856876794
2021-12-28,4415.288856876794
2021-12-29,4415.288856876794
2021-12-30,4415.288856876794
2021-12-31,4415.288856876794
2022-01-03,4415.288856876794
2022-01-04,4415.288856876794
2022-01-05,4415.288856876794
2022-01-06,4415.288856876794
2022-01-07,4415.288856876794
2022-01-10,4415.288856876794
2022-01-11,4415.288856876794
2022-01-12,4415.288856876794
2022-01-13,4413.0812124483555
2022-01-14,4416.836472045416
2022-01-17,4416.836472045416
2022-01-18,4416.836472045416
2022-01-19,4416.836472045416
2022-01-20,4416.836472045416
2022-01-21,4416.836472045416
2022-01-24,4416.836472045416
2022-01-25,4416.836472045416
2022-01-26,4416.836472045416
2022-01-27,4416.836472045416
2022-01-28,4416.836472045416
2022-01-31,4416.836472045416
2022-02-01,4416.836472045416
2022-02-02,4416.836472045416
2022-02-03,4416.836472045416
2022-02-04,4414.628053809393
2022-02-07,4419.898967667914
2022-02-08,4419.898967667914
2022-02-09,4419.898967667914
2022-02-10,4419.898967667914
2022-02-11,4419.898967667914
2022-02-14,4419.898967667914
2022-02-15,4419.898967667914
2022-02-16,4419.898967667914
2022-02-17,4419.898967667914
2022-02-18,4419.898967667914
2022-02-21,4419.898967667914
2022-02-22,4419.898967667914
2022-02-23,4419.898967667914
2022-02-24,4419.898967667914
2022-02-25,4419.898967667914
2022-02-28,4419.898967667914
2022-03-01,4419.898967667914
2022-03-02,4419.898967667914
2022-03-03,4419.898967667914
2022-03-04,4419.898967667914
2022-03-07,4419.898967667914
2022-03-08,4419.898967667914
2022-03-09,4419.898967667914
2022-03-10,4417.68901818408
2022-03-11,4391.525471555433
2022-03-14,4391.525471555433
2022-03-15,4391.525471555433
2022-03-16,4391.525471555433
2022-03-17,4391.525471555433
2022-03-18,4391.525471555433
2022-03-21,4391.525471555433
2022-03-22,4391.525471555433
2022-03-23,4391.525471555433
2022-03-24,4391.525471555433
2022-03-25,4391.525471555433
2022-03-28,4391.525471555433
2022-03-29,4391.525471555433
2022-03-30,4391.525471555433
2022-03-31,4391.525471555433
2022-04-01,4391.525471555433
2022-04-04,4391.525471555433
2022-04-05,4391.525471555433
2022-04-06,4391.525471555433
2022-04-07,4391.525471555433
2022-04-08,4391.525471555433
2022-04-11,4391.525471555433
2022-04-12,4391.525471555433
2022-04-13,4391.525471555433
2022-04-14,4391.525471555433
2022-04-15,4391.525471555433
2022-04-18,4391.525471555433
2022-04-19,4391.525471555433
2022-04-20,4391.525471555433
2022-04-21,4391.525471555433
2022-04-22,4391.525471555433
2022-04-25,4391.525471555433
2022-04-26,4391.525471555433
2022-04-27,4391.525471555433
2022-04-28,4391.525471555433
2022-04-29,4391.525471555433
2022-05-02,4391.525471555433
2022-05-03,4391.525471555433
2022-05-04,4391.525471555433
2022-05-05,4391.525471555433
2022-05-06,4391.525471555433
2022-05-09,4391.525471555433
2022-05-10,4391.525471555433
2022-05-11,4391.525471555433
2022-05-12,4391.525471555433
2022-05-13,4391.525471555433
2022-05-16,4391.525471555433
2022-05-17,4391.525471555433
2022-05-18,4389.329708819655
2022-05-19,4355.764764562545
2022-05-20,4355.764764562545
2022-05-23,4355.764764562545
2022-05-24,4355.764764562545
2022-05-25,4355.764764562545
2022-05-26,4355.764764562545
2022-05-27,4355.764764562545
2022-05-30,4355.764764562545
2022-05-31,4355.764764562545
2022-06-01,4355.764764562545
2022-06-02,4355.764764562545
2022-06-03,4355.764764562545
2022-06-06,4355.764764562545
2022-06-07,4355.764764562545
2022-06-08,4355.764764562545
2022-06-09,4355.764764562545
2022-06-10,4355.764764562545
2022-06-13,4355.764764562545
2022-06-14,4355.764764562545
2022-06-15,4355.764764562545
2022-06-16,4355.764764562545
2022-06-17,4355.764764562545
2022-06-20,4355.764764562545
2022-06-21,4355.764764562545
2022-06-22,4355.764764562545
2022-06-23,4355.764764562545
2022-06-24,4355.764764562545
2022-06-27,4355.764764562545
2022-06-28,4355.764764562545
2022-06-29,4355.764764562545
2022-06-30,4355.764764562545
2022-07-01,4355.764764562545
2022-07-04,4355.764764562545
2022-07-05,4355.764764562545
2022-07-06,4355.764764562545
2022-07-07,4355.764764562545
2022-07-08,4355.764764562545
2022-07-11,4355.764764562545
2022-07-12,4355.764764562545
2022-07-13,4355.764764562545
2022-07-14,4355.764764562545
2022-07-15,4355.764764562545
2022-07-18,4355.764764562545
2022-07-19,4355.764764562545
2022-07-20,4355.764764562545
2022-07-21,4355.764764562545
2022-07-22,4355.764764562545
2022-07-25,4355.764764562545
2022-07-26,4355.764764562545
2022-07-27,4355.764764562545
2022-07-28,4355.764764562545
2022-07-29,4355.764764562545
2022-08-01,4355.764764562545
2022-08-02,4355.764764562545
2022-08-03,4355.764764562545
2022-08-04,4355.764764562545
2022-08-05,4355.764764562545
2022-08-08,4355.764764562545
2022-08-09,4355.764764562545
2022-08-10,4355.764764562545
2022-08-11,4355.764764562545
2022-08-12,4355.764764562545
2022-08-15,4355.764764562545
2022-08-16,4355.764764562545
2022-08-17,4355.764764562545
2022-08-18,4355.764764562545
2022-08-19,4355.764764562545
2022-08-22,4355.764764562545
2022-08-23,4355.764764562545
2022-08-24,4355.764764562545
2022-08-25,4355.764764562545
2022-08-26,4355.764764562545
2022-08-29,4355.764764562545
2022-08-30,4355.764764562545
2022-08-31,4355.764764562545
2022-09-01,4355.764764562545
2022-09-02,4355.764764562545
2022-09-05,4355.764764562545
2022-09-06,4355.764764562545
2022-09-07,4355.764764562545
2022-09-08,4355.764764562545
2022-09-09,4355.764764562545
2022-09-12,4355.764764562545
2022-09-13,4355.764764562545
2022-09-14,4355.764764562545
2022-09-15,4355.764764562545
2022-09-16,4355.764764562545
2022-09-19,4355.764764562545
2022-09-20,4355.764764562545
2022-09-21,4355.764764562545
2022-09-22,4355.764764562545
2022-09-23,4355.764764562545
2022-09-26,4355.764764562545
2022-09-27,4355.764764562545
2022-09-28,4355.764764562545
2022-09-29,4355.764764562545
2022-09-30,4355.764764562545
2022-10-03,4355.764764562545
2022-10-04,4355.764764562545
2022-10-05,4353.586882180264
2022-10-06,4319.319033421077
2022-10-07,4319.319033421077
2022-10-10,4319.319033421077
2022-10-11,4319.319033421077
2022-10-12,4319.319033421077
2022-10-13,4319.319033421077
2022-10-14,4319.319033421077
2022-10-17,4319.319033421077
2022-10-18,4319.319033421077
2022-10-19,4319.319033421077
2022-10-20,4319.319033421077
2022-10-21,4319.319033421077
2022-10-24,4319.319033421077
2022-10-25,4319.319033421077
2022-10-26,4319.319033421077
2022-10-27,4317.1593739043665
2022-10-28,4261.569164300772
2022-10-31,4261.569164300772
2022-11-01,4261.569164300772
2022-11-02,4261.569164300772
2022-11-03,4261.569164300772
2022-11-04,4261.569164300772
2022-11-07,4259.438379718622
2022-11-08,4295.669786184572
2022-11-09,4295.669786184572
2022-11-10,4295.669786184572
2022-11-11,4293.52195129148
2022-11-14,4348.422705250728
2022-11-15,4348.422705250728
2022-11-16,4348.422705250728
2022-11-17,4348.422705250728
2022-11-18,4348.422705250728
2022-11-21,4348.422705250728
2022-11-22,4348.422705250728
2022-11-23,4348.422705250728
2022-11-24,4348.422705250728
2022-11-25,4348.422705250728
2022-11-28,4348.422705250728
2022-11-29,4348.422705250728
2022-11-30,4348.422705250728
2022-12-01,4348.422705250728
2022-12-02,4348.422705250728
2022-12-05,4348.422705250728
2022-12-06,4348.422705250728
2022-12-07,4348.422705250728
2022-12-08,4348.422705250728
2022-12-09,4348.422705250728
2022-12-12,4348.422705250728
2022-12-13,4348.422705250728
2022-12-14,4348.422705250728
2022-12-15,4348.422705250728
2022-12-16,4348.422705250728
2022-12-19,4348.422705250728
2022-12-20,4348.422705250728
2022-12-21,4348.422705250728
2022-12-22,4348.422705250728
2022-12-23,4348.422705250728
2022-12-26,4348.422705250728
2022-12-27,4348.422705250728
2022-12-28,4348.422705250728
2022-12-29,4348.422705250728
2022-12-30,4348.422705250728
2023-01-02,4348.422705250728
2023-01-03,4348.422705250728
2023-01-04,4348.422705250728
2023-01-05,4348.422705250728
2023-01-06,4348.422705250728
2023-01-09,4346.248493898102
2023-01-10,4375.310771151984
2023-01-11,4375.310771151984
2023-01-12,4375.310771151984
2023-01-13,4375.310771151984
2023-01-16,4375.310771151984
2023-01-17,4375.310771151984
2023-01-18,4375.310771151984
2023-01-19,4375.310771151984
2023-01-20,4375.310771151984
2023-01-23,4375.310771151984
2023-01-24,4375.310771151984
2023-01-25,4375.310771151984
2023-01-26,4375.310771151984
2023-01-27,4375.310771151984
2023-01-30,4375.310771151984
2023-01-31,4375.310771151984
2023-02-01,4375.310771151984
2023-02-02,4373.123115766409
2023-02-03,4327.948331126319
2023-02-06,4327.948331126319
2023-02-07,4327.948331126319
2023-02-08,4327.948331126319
2023-02-09,4327.948331126319
2023-02-10,4327.948331126319
2023-02-13,4327.948331126319
2023-02-14,4327.948331126319
2023-02-15,4327.948331126319
2023-02-16,4327.948331126319
2023-02-17,4327.948331126319
2023-02-20,4327.948331126319
2023-02-21,4327.948331126319
2023-02-22,4327.948331126319
2023-02-23,4327.948331126319
2023-02-24,4327.948331126319
2023-02-27,4327.948331126319
2023-02-28,4327.948331126319
2023-03-01,4327.948331126319
2023-03-02,4325.784356960757
2023-03-03,4295.4682415779325
2023-03-06,4295.4682415779325
2023-03-07,4295.4682415779325
2023-03-08,4295.4682415779325
2023-03-09,4295.4682415779325
2023-03-10,4295.4682415779325
2023-03-13,4295.4682415779325
2023-03-14,4295.4682415779325
2023-03-15,4295.4682415779325
2023-03-16,4295.4682415779325
2023-03-17,4295.4682415779325
2023-03-20,4295.4682415779325
2023-03-21,4295.4682415779325
2023-03-22,4295.4682415779325
2023-03-23,4295.4682415779325
2023-03-24,4295.4682415779325
2023-03-27,4295.4682415779325
2023-03-28,4295.4682415779325
2023-03-29,4295.4682415779325
2023-03-30,4295.4682415779325
2023-03-31,4295.4682415779325
2023-04-03,4295.4682415779325
2023-04-04,4295.4682415779325
2023-04-05,4295.4682415779325
2023-04-06,4295.4682415779325
2023-04-07,4295.4682415779325
2023-04-10,4295.4682415779325
2023-04-11,4295.4682415779325
2023-04-12,4295.4682415779325
2023-04-13,4295.4682415779325
2023-04-14,4295.4682415779325
2023-04-17,4295.4682415779325
2023-04-18,4295.4682415779325
2023-04-19,4295.4682415779325
2023-04-20,4295.4682415779325
2023-04-21,4295.4682415779325
2023-04-24,4295.4682415779325
2023-04-25,4295.4682415779325
2023-04-26,4295.4682415779325
2023-04-27,4295.4682415779325
2023-04-28,4295.4682415779325
2023-05-01,4295.4682415779325
2023-05-02,4295.4682415779325
2023-05-03,4295.4682415779325
2023-05-04,4295.4682415779325
2023-05-05,4295.4682415779325
2023-05-08,4295.4682415779325
2023-05-09,4295.4682415779325
2023-05-10,4295.4682415779325
2023-05-11,4295.4682415779325
2023-05-12,4295.4682415779325
2023-05-15,4295.4682415779325
2023-05-16,4295.4682415779325
2023-05-17,4295.4682415779325
2023-05-18,4295.4682415779325
2023-05-19,4295.4682415779325
2023-05-22,4295.4682415779325
2023-05-23,4295.4682415779325
2023-05-24,4295.4682415779325
2023-05-25,4295.4682415779325
2023-05-26,4295.4682415779325
2023-05-29,4295.4682415779325
2023-05-30,4295.4682415779325
2023-05-31,4295.4682415779325
2023-06-01,4295.4682415779325
2023-06-02,4295.4682415779325
2023-06-05,4295.4682415779325
2023-06-06,4295.4682415779325
2023-06-07,4295.4682415779325
2023-06-08,4295.4682415779325
2023-06-09,4293.320507457144
2023-06-12,4278.508084126618
2023-06-13,4278.508084126618
2023-06-14,4278.508084126618
2023-06-15,4278.508084126618
2023-06-16,4276.368830084555
2023-06-19,4272.7330696413555
2023-06-20,4272.7330696413555
2023-06-21,4272.7330696413555
2023-06-22,4272.7330696413555
2023-06-23,4272.7330696413555
2023-06-26,4272.7330696413555
2023-06-27,4272.7330696413555
2023-06-28,4272.7330696413555
2023-06-29,4272.7330696413555
2023-06-30,4272.7330696413555
2023-07-03,4272.7330696413555
2023-07-04,4272.7330696413555
2023-07-05,4272.7330696413555
2023-07-06,4272.7330696413555
2023-07-07,4272.7330696413555
2023-07-10,4272.7330696413555
2023-07-11,4272.7330696413555
2023-07-12,4272.7330696413555
2023-07-13,4270.596703106535
2023-07-14,4298.5988837910845
2023-07-17,4298.5988837910845
2023-07-18,4298.5988837910845
2023-07-19,4298.5988837910845
2023-07-20,4298.5988837910845
2023-07-21,4298.5988837910845
2023-07-24,4298.5988837910845
2023-07-25,4298.5988837910845
2023-07-26,4298.5988837910845
2023-07-27,4298.5988837910845
2023-07-28,4298.5988837910845
2023-07-31,4298.5988837910845
2023-08-01,4298.5988837910845
2023-08-02,4298.5988837910845
2023-08-03,4298.5988837910845
2023-08-04,4298.5988837910845
2023-08-07,4298.5988837910845
2023-08-08,4298.5988837910845
2023-08-09,4298.5988837910845
2023-08-10,4298.5988837910845
2023-08-11,4298.5988837910845
2023-08-14,4298.5988837910845
2023-08-15,4298.5988837910845
2023-08-16,4298.5988837910845
2023-08-17,4298.5988837910845
2023-08-18,4298.5988837910845
2023-08-21,4298.5988837910845
2023-08-22,4298.5988837910845
2023-08-23,4298.5988837910845
2023-08-24,4298.5988837910845
2023-08-25,4298.5988837910845
2023-08-28,4298.5988837910845
2023-08-29,4298.5988837910845
2023-08-30,4298.5988837910845
2023-08-31,4298.5988837910845
2023-09-01,4298.5988837910845
2023-09-04,4298.5988837910845
2023-09-05,4298.5988837910845
2023-09-06,4298.5988837910845
2023-09-07,4298.5988837910845
2023-09-08,4298.5988837910845
2023-09-11,4298.5988837910845
2023-09-12,4298.5988837910845
2023-09-13,4298.5988837910845
2023-09-14,4298.5988837910845
2023-09-15,4298.5988837910845
2023-09-18,4298.5988837910845
2023-09-19,4298.5988837910845
2023-09-20,4298.5988837910845
2023-09-21,4298.5988837910845
2023-09-22,4298.5988837910845
2023-09-25,4298.5988837910845
2023-09-26,4298.5988837910845
2023-09-27,4298.5988837910845
2023-09-28,4298.5988837910845
2023-09-29,4298.5988837910845
2023-10-02,4298.5988837910845
2023-10-03,4298.5988837910845
2023-10-04,4298.5988837910845
2023-10-05,4298.5988837910845
2023-10-06,4298.5988837910845
2023-10-09,4298.5988837910845
2023-10-10,4298.5988837910845
2023-10-11,4298.5988837910845
2023-10-12,4298.5988837910845
2023-10-13,4298.5988837910845
2023-10-16,4298.5988837910845
2023-10-17,4298.5988837910845
2023-10-18,4298.5988837910845
2023-10-19,4298.5988837910845
2023-10-20,4298.5988837910845
2023-10-23,4298.5988837910845
2023-10-24,4296.4495843491895
2023-10-25,4264.196665856887
2023-10-26,4264.196665856887
2023-10-27,4264.196665856887
2023-10-30,4264.196665856887
2023-10-31,4264.196665856887
2023-11-01,4264.196665856887
2023-11-02,4264.196665856887
2023-11-03,4264.196665856887
2023-11-06,4262.064567523959
2023-11-07,4255.727047264309
2023-11-08,4255.727047264309
2023-11-09,4255.727047264309
2023-11-10,4255.727047264309
2023-11-13,4255.727047264309
2023-11-14,4255.727047264309
2023-11-15,4253.599183740676
2023-11-16,4242.182107098106
2023-11-17,4242.182107098106
2023-11-20,4242.182107098106
2023-11-21,4242.182107098106
2023-11-22,4242.182107098106
2023-11-23,4242.182107098106
2023-11-24,4242.182107098106
2023-11-27,4242.182107098106
2023-11-28,4242.182107098106
2023-11-29,4242.182107098106
2023-11-30,4242.182107098106
2023-12-01,4242.182107098106
2023-12-04,4242.182107098106
2023-12-05,4242.182107098106
2023-12-06,4242.182107098106
2023-12-07,4242.182107098106
2023-12-08,4242.182107098106
2023-12-11,4242.182107098106
2023-12-12,4242.182107098106
2023-12-13,4242.182107098106
2023-12-14,4240.061016044557
2023-12-15,4281.715205191384
2023-12-18,4241.101940760976
2023-12-19,4241.101940760976
2023-12-20,4241.101940760976
2023-12-21,4241.101940760976
2023-12-22,4241.101940760976
2023-12-25,4241.101940760976
2023-12-26,4241.101940760976
2023-12-27,4241.101940760976
2023-12-28,4241.101940760976
2023-12-29,4241.101940760976
2024-01-01,4241.101940760976
2024-01-02,4241.101940760976
2024-01-03,4241.101940760976
2024-01-04,4241.101940760976
2024-01-05,4241.101940760976
2024-01-08,4241.101940760976
2024-01-09,4241.101940760976
2024-01-10,4241.101940760976
2024-01-11,4241.101940760976
2024-01-12,4241.101940760976
2024-01-15,4241.101940760976
2024-01-16,4241.101940760976
2024-01-17,4241.101940760976
2024-01-18,4241.101940760976
2024-01-19,4241.101940760976
2024-01-22,4241.101940760976
2024-01-23,4241.101940760976
2024-01-24,4241.101940760976
2024-01-25,4241.101940760976
2024-01-26,4241.101940760976
2024-01-29,4241.101940760976
2024-01-30,4241.101940760976
2024-01-31,4241.101940760976
2024-02-01,4241.101940760976
2024-02-02,4238.981389790595
2024-02-05,4199.823345161237
2024-02-06,4199.823345161237
2024-02-07,4199.823345161237
2024-02-08,4199.823345161237
2024-02-09,4199.823345161237
2024-02-12,4199.823345161237
2024-02-13,4199.823345161237
2024-02-14,4199.823345161237
2024-02-15,4199.823345161237
2024-02-16,4199.823345161237
2024-02-19,4199.823345161237
2024-02-20,4199.823345161237
2024-02-21,4199.823345161237
2024-02-22,4199.823345161237
2024-02-23,4199.823345161237
2024-02-26,4199.823345161237
2024-02-27,4199.823345161237
2024-02-28,4199.823345161237
2024-02-29,4199.823345161237
2024-03-01,4199.823345161237
2024-03-04,4199.823345161237
2024-03-05,4199.823345161237
2024-03-06,4199.823345161237
2024-03-07,4199.823345161237
2024-03-08,4199.823345161237
2024-03-11,4199.823345161237
2024-03-12,4199.823345161237
2024-03-13,4199.823345161237
2024-03-14,4199.823345161237
2024-03-15,4199.823345161237
2024-03-18,4199.823345161237
2024-03-19,4199.823345161237
2024-03-20,4199.823345161237
2024-03-21,4197.723433488656
2024-03-22,4166.799036848646
2024-03-25,4166.799036848646
2024-03-26,4166.799036848646
2024-03-27,4166.799036848646
2024-03-28,4166.799036848646
2024-03-29,4166.799036848646
2024-04-01,4166.799036848646
2024-04-02,4166.799036848646
2024-04-03,4166.799036848646
2024-04-04,4164.715637330222
2024-04-05,4162.136701372953
2024-04-08,4162.136701372953
2024-04-09,4162.136701372953
2024-04-10,4162.136701372953
2024-04-11,4162.136701372953
2024-04-12,4162.136701372953
2024-04-15,4162.136701372953
2024-04-16,4162.136701372953
2024-04-17,4162.136701372953
2024-04-18,4162.136701372953
2024-04-19,4162.136701372953
2024-04-22,4162.136701372953
2024-04-23,4162.136701372953
2024-04-24,4162.136701372953
2024-04-25,4162.136701372953
2024-04-26,4162.136701372953
2024-04-29,4162.136701372953
2024-04-30,4162.136701372953
2024-05-01,4162.136701372953
2024-05-02,4162.136701372953
2024-05-03,4162.136701372953
2024-05-06,4162.136701372953
2024-05-07,4162.136701372953
2024-05-08,4162.136701372953
2024-05-09,4162.136701372953
2024-05-10,4162.136701372953
2024-05-13,4162.136701372953
2024-05-14,4162.136701372953
2024-05-15,4162.136701372953
2024-05-16,4160.055633022267
2024-05-17,4149.558209898246
2024-05-20,4149.558209898246
2024-05-21,4149.558209898246
2024-05-22,4149.558209898246
2024-05-23,4149.558209898246
2024-05-24,4149.558209898246
2024-05-27,4149.558209898246
2024-05-28,4149.558209898246
2024-05-29,4149.558209898246
2024-05-30,4149.558209898246
2024-05-31,4149.558209898246
2024-06-03,4149.558209898246
2024-06-04,4147.483430793297
2024-06-05,4135.694786502432
2024-06-06,4135.694786502432
2024-06-07,4135.694786502432
2024-06-10,4135.694786502432
2024-06-11,4135.694786502432
2024-06-12,4135.694786502432
2024-06-13,4133.626939109181
2024-06-14,4103.052133427361
2024-06-17,4103.052133427361
2024-06-18,4103.052133427361
2024-06-19,4103.052133427361
2024-06-20,4103.052133427361
2024-06-21,4103.052133427361
2024-06-24,4103.052133427361
2024-06-25,4103.052133427361
2024-06-26,4103.052133427361
2024-06-27,4103.052133427361
2024-06-28,4103.052133427361
2024-07-01,4103.052133427361
2024-07-02,4103.052133427361
2024-07-03,4103.052133427361
2024-07-04,4103.052133427361
2024-07-05,4103.052133427361
2024-07-08,4103.052133427361
2024-07-09,4103.052133427361
2024-07-10,4103.052133427361
2024-07-11,4103.052133427361
2024-07-12,4103.052133427361
2024-07-15,4103.052133427361
2024-07-16,4103.052133427361
2024-07-17,4103.052133427361
2024-07-18,4103.052133427361
2024-07-19,4103.052133427361
2024-07-22,4103.052133427361
2024-07-23,4103.052133427361
2024-07-24,4103.052133427361
2024-07-25,4103.052133427361
2024-07-26,4103.052133427361
2024-07-29,4103.052133427361
2024-07-30,4103.052133427361
2024-07-31,4103.052133427361
2024-08-01,4103.052133427361
2024-08-02,4103.052133427361
2024-08-05,4101.000607360647
2024-08-06,4114.01192934695
2024-08-07,4114.01192934695
2024-08-08,4114.01192934695
2024-08-09,4114.01192934695
2024-08-12,4114.01192934695
2024-08-13,4114.01192934695
2024-08-14,4114.01192934695
2024-08-15,4114.01192934695
2024-08-16,4114.01192934695
2024-08-19,4114.01192934695
2024-08-20,4114.01192934695
2024-08-21,4114.01192934695
2024-08-22,4114.01192934695
2024-08-23,4114.01192934695
2024-08-26,4111.954923382276
2024-08-27,4101.350804612247
2024-08-28,4101.350804612247
2024-08-29,4101.350804612247
2024-08-30,4101.350804612247
2024-09-02,4101.350804612247
2024-09-03,4101.350804612247
2024-09-04,4101.350804612247
2024-09-05,4101.350804612247
2024-09-06,4101.350804612247
2024-09-09,4101.350804612247
2024-09-10,4101.350804612247
2024-09-11,4101.350804612247
2024-09-12,4101.350804612247
2024-09-13,4099.300129209941
2024-09-16,4101.157880415433
2024-09-17,4101.157880415433
2024-09-18,4101.157880415433
2024-09-19,4101.157880415433
2024-09-20,4101.157880415433
2024-09-23,4101.157880415433
2024-09-24,4101.157880415433
2024-09-25,4099.1073014752255
2024-09-26,4074.960220076738
2024-09-27,4074.960220076738
2024-09-30,4074.960220076738
2024-10-01,4074.960220076738
2024-10-02,4074.960220076738
2024-10-03,4074.960220076738
2024-10-04,4074.960220076738
2024-10-07,4074.960220076738
2024-10-08,4074.960220076738
2024-10-09,4074.960220076738
2024-10-10,4074.960220076738
2024-10-11,4074.960220076738
2024-10-14,4074.960220076738
2024-10-15,4074.960220076738
2024-10-16,4074.960220076738
2024-10-17,4074.960220076738
2024-10-18,4074.960220076738
2024-10-21,4074.960220076738
2024-10-22,4074.960220076738
2024-10-23,4074.960220076738
2024-10-24,4074.960220076738
2024-10-25,4074.960220076738
2024-10-28,4074.960220076738
2024-10-29,4074.960220076738
2024-10-30,4074.960220076738
2024-10-31,4074.960220076738
2024-11-01,4074.960220076738
2024-11-04,4074.960220076738
2024-11-05,4074.960220076738
2024-11-06,4074.960220076738
2024-11-07,4074.960220076738
2024-11-08,4074.960220076738
2024-11-11,4074.960220076738
2024-11-12,4074.960220076738
2024-11-13,4074.960220076738
2024-11-14,4074.960220076738
2024-11-15,4074.960220076738
2024-11-18,4074.960220076738
2024-11-19,4074.960220076738
2024-11-20,4074.960220076738
2024-11-21,4074.960220076738
2024-11-22,4074.960220076738
2024-11-25,4074.960220076738
2024-11-26,4074.960220076738
2024-11-27,4074.960220076738
2024-11-28,4074.960220076738
2024-11-29,4074.960220076738
2024-12-02,4074.960220076738
2024-12-03,4074.960220076738
2024-12-04,4074.960220076738
2024-12-05,4074.960220076738
2024-12-06,4074.960220076738
2024-12-09,4074.960220076738
2024-12-10,4074.960220076738
2024-12-11,4074.960220076738
2024-12-12,4074.960220076738
2024-12-13,4074.960220076738
2024-12-16,4074.960220076738
2024-12-17,4074.960220076738
2024-12-18,4074.960220076738
2024-12-19,4074.960220076738
2024-12-20,4074.960220076738
2024-12-23,4074.960220076738
2024-12-24,4074.960220076738
2024-12-25,4074.960220076738
2024-12-26,4074.960220076738
2024-12-27,4074.960220076738
2024-12-30,4074.960220076738
2024-12-31,4074.960220076738
