Date,Equity
2004-09-03,10000.0
2004-09-06,10000.0
2004-09-07,10000.0
2004-09-08,10000.0
2004-09-09,10000.0
2004-09-10,10000.0
2004-09-13,10000.0
2004-09-14,10000.0
2004-09-15,10000.0
2004-09-16,10000.0
2004-09-17,10000.0
2004-09-20,10000.0
2004-09-21,10000.0
2004-09-22,10000.0
2004-09-23,10000.0
2004-09-24,10000.0
2004-09-27,10000.0
2004-09-28,10000.0
2004-09-29,10000.0
2004-09-30,10000.0
2004-10-01,10000.0
2004-10-04,10000.0
2004-10-05,10000.0
2004-10-06,10000.0
2004-10-07,10000.0
2004-10-08,10000.0
2004-10-11,10000.0
2004-10-12,10000.0
2004-10-13,10000.0
2004-10-14,10000.0
2004-10-15,9995.0
2004-10-18,10003.110649789658
2004-10-19,10027.000936089576
2004-10-20,10074.941382093386
2004-10-21,10107.818460014356
2004-10-22,10164.486327186894
2004-10-25,10260.135549707133
2004-10-26,10218.136383301113
2004-10-27,10218.136383301113
2004-10-29,10218.136383301113
2004-11-01,10218.136383301113
2004-11-02,10218.136383301113
2004-11-03,10213.027315109463
2004-11-04,10251.21499488005
2004-11-05,10325.781611377239
2004-11-08,10273.594585325194
2004-11-09,10273.594585325194
2004-11-10,10273.594585325194
2004-11-11,10273.594585325194
2004-11-12,10268.457788032532
2004-11-15,10239.511521550354
2004-11-16,10239.511521550354
2004-11-17,10234.39176578958
2004-11-18,10159.194218526667
2004-11-19,10154.114621417404
2004-11-22,10154.90832257908
2004-11-23,10199.233524220317
2004-11-24,10262.075190811542
2004-11-25,10324.200856345358
2004-11-26,10352.985287038297
2004-11-29,10324.435816002106
2004-11-30,10319.273598094105
2004-12-01,10356.391518714932
2004-12-02,10285.081211706947
2004-12-03,10279.938671101094
2004-12-06,10221.22806695635
2004-12-07,10221.22806695635
2004-12-08,10221.22806695635
2004-12-09,10221.22806695635
2004-12-10,10221.22806695635
2004-12-13,10221.22806695635
2004-12-14,10221.22806695635
2004-12-15,10221.22806695635
2004-12-16,10221.22806695635
2004-12-17,10221.22806695635
2004-12-20,10221.22806695635
2004-12-21,10221.22806695635
2004-12-22,10221.22806695635
2004-12-23,10216.117452922872
2004-12-24,10235.739065167187
2004-12-27,10300.51715446642
2004-12-28,10272.658181757952
2004-12-29,10272.658181757952
2004-12-30,10267.521852667074
2004-12-31,10214.784529024217
2005-01-03,10214.784529024217
2005-01-04,10214.784529024217
2005-01-05,10214.784529024217
2005-01-06,10214.784529024217
2005-01-07,10214.784529024217
2005-01-10,10214.784529024217
2005-01-11,10214.784529024217
2005-01-12,10214.784529024217
2005-01-13,10214.784529024217
2005-01-14,10214.784529024217
2005-01-17,10214.784529024217
2005-01-18,10214.784529024217
2005-01-19,10214.784529024217
2005-01-20,10214.784529024217
2005-01-21,10214.784529024217
2005-01-24,10214.784529024217
2005-01-25,10214.784529024217
2005-01-26,10214.784529024217
2005-01-27,10214.784529024217
2005-01-28,10214.784529024217
2005-01-31,10214.784529024217
2005-02-01,10214.784529024217
2005-02-02,10214.784529024217
2005-02-03,10214.784529024217
2005-02-04,10214.784529024217
2005-02-07,10214.784529024217
2005-02-08,10214.784529024217
2005-02-09,10214.784529024217
2005-02-10,10214.784529024217
2005-02-11,10214.784529024217
2005-02-14,10214.784529024217
2005-02-15,10214.784529024217
2005-02-16,10214.784529024217
2005-02-17,10214.784529024217
2005-02-18,10214.784529024217
2005-02-21,10214.784529024217
2005-02-22,10209.677136759705
2005-02-23,10159.855953650023
2005-02-24,10159.855953650023
2005-02-25,10159.855953650023
2005-02-28,10159.855953650023
2005-03-01,10159.855953650023
2005-03-02,10159.855953650023
2005-03-03,10159.855953650023
2005-03-04,10159.855953650023
2005-03-07,10159.855953650023
2005-03-08,10154.776025673198
2005-03-09,10173.775851117021
2005-03-10,10220.01778837497
2005-03-11,10246.557406863269
2005-03-14,10159.073695972114
2005-03-15,10159.073695972114
2005-03-16,10159.073695972114
2005-03-17,10159.073695972114
2005-03-18,10159.073695972114
2005-03-21,10159.073695972114
2005-03-22,10159.073695972114
2005-03-23,10159.073695972114
2005-03-24,10159.073695972114
2005-03-25,10159.073695972114
2005-03-28,10159.073695972114
2005-03-29,10159.073695972114
2005-03-30,10159.073695972114
2005-03-31,10159.073695972114
2005-04-01,10159.073695972114
2005-04-04,10159.073695972114
2005-04-05,10159.073695972114
2005-04-06,10159.073695972114
2005-04-07,10159.073695972114
2005-04-08,10159.073695972114
2005-04-11,10159.073695972114
2005-04-12,10159.073695972114
2005-04-13,10159.073695972114
2005-04-14,10159.073695972114
2005-04-15,10159.073695972114
2005-04-18,10159.073695972114
2005-04-19,10159.073695972114
2005-04-20,10153.99415912413
2005-04-21,10117.86981099861
2005-04-22,10117.86981099861
2005-04-25,10117.86981099861
2005-04-26,10117.86981099861
2005-04-27,10117.86981099861
2005-04-28,10117.86981099861
2005-04-29,10117.86981099861
2005-05-02,10117.86981099861
2005-05-03,10117.86981099861
2005-05-04,10117.86981099861
2005-05-05,10117.86981099861
2005-05-06,10117.86981099861
2005-05-09,10117.86981099861
2005-05-10,10117.86981099861
2005-05-11,10117.86981099861
2005-05-12,10117.86981099861
2005-05-13,10117.86981099861
2005-05-16,10117.86981099861
2005-05-17,10117.86981099861
2005-05-18,10117.86981099861
2005-05-19,10117.86981099861
2005-05-20,10117.86981099861
2005-05-23,10117.86981099861
2005-05-24,10117.86981099861
2005-05-25,10117.86981099861
2005-05-26,10117.86981099861
2005-05-27,10117.86981099861
2005-05-30,10117.86981099861
2005-05-31,10117.86981099861
2005-06-01,10117.86981099861
2005-06-02,10117.86981099861
2005-06-03,10117.86981099861
2005-06-06,10117.86981099861
2005-06-07,10117.86981099861
2005-06-08,10117.86981099861
2005-06-09,10117.86981099861
2005-06-10,10117.86981099861
2005-06-13,10117.86981099861
2005-06-14,10117.86981099861
2005-06-15,10117.86981099861
2005-06-16,10117.86981099861
2005-06-17,10117.86981099861
2005-06-20,10117.86981099861
2005-06-21,10117.86981099861
2005-06-22,10117.86981099861
2005-06-23,10117.86981099861
2005-06-24,10117.86981099861
2005-06-27,10117.86981099861
2005-06-28,10117.86981099861
2005-06-29,10117.86981099861
2005-06-30,10117.86981099861
2005-07-01,10117.86981099861
2005-07-04,10117.86981099861
2005-07-05,10117.86981099861
2005-07-06,10117.86981099861
2005-07-07,10117.86981099861
2005-07-08,10117.86981099861
2005-07-11,10117.86981099861
2005-07-12,10117.86981099861
2005-07-13,10117.86981099861
2005-07-14,10117.86981099861
2005-07-15,10117.86981099861
2005-07-18,10117.86981099861
2005-07-19,10117.86981099861
2005-07-20,10117.86981099861
2005-07-21,10117.86981099861
2005-07-22,10117.86981099861
2005-07-25,10117.86981099861
2005-07-26,10117.86981099861
2005-07-27,10117.86981099861
2005-07-28,10117.86981099861
2005-07-29,10117.86981099861
2005-08-01,10117.86981099861
2005-08-02,10117.86981099861
2005-08-03,10117.86981099861
2005-08-04,10112.810876093112
2005-08-05,10092.236467438235
2005-08-08,10092.236467438235
2005-08-09,10092.236467438235
2005-08-10,10087.190349204517
2005-08-11,10157.778169488145
2005-08-12,10129.792307946203
2005-08-15,10129.792307946203
2005-08-16,10129.792307946203
2005-08-17,10129.792307946203
2005-08-18,10129.792307946203
2005-08-19,10129.792307946203
2005-08-22,10129.792307946203
2005-08-23,10129.792307946203
2005-08-24,10129.792307946203
2005-08-25,10129.792307946203
2005-08-26,10129.792307946203
2005-08-29,10129.792307946203
2005-08-30,10129.792307946203
2005-08-31,10129.792307946203
2005-09-01,10124.727411792232
2005-09-02,10159.562980255987
2005-09-05,10149.518884363268
2005-09-06,10149.518884363268
2005-09-07,10149.518884363268
2005-09-08,10149.518884363268
2005-09-09,10149.518884363268
2005-09-12,10149.518884363268
2005-09-13,10149.518884363268
2005-09-14,10149.518884363268
2005-09-15,10149.518884363268
2005-09-16,10149.518884363268
2005-09-19,10149.518884363268
2005-09-20,10149.518884363268
2005-09-22,10149.518884363268
2005-09-23,10149.518884363268
2005-09-26,10149.518884363268
2005-09-27,10149.518884363268
2005-09-28,10149.518884363268
2005-09-29,10149.518884363268
2005-09-30,10149.518884363268
2005-10-03,10149.518884363268
2005-10-04,10149.518884363268
2005-10-05,10149.518884363268
2005-10-06,10149.518884363268
2005-10-07,10149.518884363268
2005-10-10,10149.518884363268
2005-10-11,10149.518884363268
2005-10-12,10149.518884363268
2005-10-13,10149.518884363268
2005-10-14,10149.518884363268
2005-10-17,10149.518884363268
2005-10-18,10149.518884363268
2005-10-19,10149.518884363268
2005-10-20,10149.518884363268
2005-10-21,10149.518884363268
2005-10-24,10149.518884363268
2005-10-25,10149.518884363268
2005-10-26,10149.518884363268
2005-10-27,10149.518884363268
2005-10-28,10149.518884363268
2005-10-31,10149.518884363268
2005-11-01,10149.518884363268
2005-11-02,10149.518884363268
2005-11-03,10149.518884363268
2005-11-04,10149.518884363268
2005-11-07,10149.518884363268
2005-11-08,10149.518884363268
2005-11-09,10149.518884363268
2005-11-10,10149.518884363268
2005-11-11,10149.518884363268
2005-11-14,10149.518884363268
2005-11-15,10149.518884363268
2005-11-16,10149.518884363268
2005-11-17,10149.518884363268
2005-11-18,10149.518884363268
2005-11-21,10149.518884363268
2005-11-22,10149.518884363268
2005-11-23,10149.518884363268
2005-11-24,10149.518884363268
2005-11-25,10149.518884363268
2005-11-28,10149.518884363268
2005-11-29,10149.518884363268
2005-11-30,10149.518884363268
2005-12-01,10149.518884363268
2005-12-02,10149.518884363268
2005-12-05,10149.518884363268
2005-12-06,10149.518884363268
2005-12-07,10149.518884363268
2005-12-08,10149.518884363268
2005-12-09,10149.518884363268
2005-12-12,10149.518884363268
2005-12-13,10149.518884363268
2005-12-14,10149.518884363268
2005-12-15,10149.518884363268
2005-12-16,10149.518884363268
2005-12-19,10149.518884363268
2005-12-20,10149.518884363268
2005-12-21,10149.518884363268
2005-12-22,10149.518884363268
2005-12-23,10149.518884363268
2005-12-26,10149.518884363268
2005-12-27,10149.518884363268
2005-12-28,10149.518884363268
2005-12-29,10149.518884363268
2005-12-30,10149.518884363268
2006-01-02,10149.518884363268
2006-01-03,10149.518884363268
2006-01-04,10149.518884363268
2006-01-05,10149.518884363268
2006-01-06,10149.518884363268
2006-01-09,10149.518884363268
2006-01-10,10149.518884363268
2006-01-11,10149.518884363268
2006-01-12,10149.518884363268
2006-01-13,10149.518884363268
2006-01-16,10149.518884363268
2006-01-17,10149.518884363268
2006-01-18,10149.518884363268
2006-01-19,10149.518884363268
2006-01-20,10149.518884363268
2006-01-23,10144.444124921087
2006-01-24,10107.095701908172
2006-01-25,10107.095701908172
2006-01-26,10107.095701908172
2006-01-27,10107.095701908172
2006-01-30,10107.095701908172
2006-01-31,10107.095701908172
2006-02-01,10107.095701908172
2006-02-02,10107.095701908172
2006-02-03,10107.095701908172
2006-02-06,10107.095701908172
2006-02-07,10107.095701908172
2006-02-08,10107.095701908172
2006-02-09,10107.095701908172
2006-02-10,10107.095701908172
2006-02-13,10107.095701908172
2006-02-14,10107.095701908172
2006-02-15,10107.095701908172
2006-02-16,10107.095701908172
2006-02-17,10107.095701908172
2006-02-20,10107.095701908172
2006-02-21,10107.095701908172
2006-02-22,10107.095701908172
2006-02-23,10107.095701908172
2006-02-24,10107.095701908172
2006-02-27,10107.095701908172
2006-02-28,10107.095701908172
2006-03-01,10107.095701908172
2006-03-02,10107.095701908172
2006-03-03,10107.095701908172
2006-03-06,10107.095701908172
2006-03-07,10107.095701908172
2006-03-08,10107.095701908172
2006-03-09,10107.095701908172
2006-03-10,10107.095701908172
2006-03-13,10107.095701908172
2006-03-14,10107.095701908172
2006-03-15,10102.042154057219
2006-03-16,10188.625595611235
2006-03-17,10202.901314271467
2006-03-20,10173.447206990231
2006-03-21,10173.447206990231
2006-03-22,10173.447206990231
2006-03-23,10173.447206990231
2006-03-24,10173.447206990231
2006-03-27,10173.447206990231
2006-03-28,10173.447206990231
2006-03-29,10173.447206990231
2006-03-30,10173.447206990231
2006-03-31,10173.447206990231
2006-04-03,10173.447206990231
2006-04-04,10168.360483386738
2006-04-05,10191.574649914832
2006-04-06,10124.924097892192
2006-04-07,10124.924097892192
2006-04-10,10124.924097892192
2006-04-11,10124.924097892192
2006-04-12,10124.924097892192
2006-04-13,10124.924097892192
2006-04-14,10124.924097892192
2006-04-17,10124.924097892192
2006-04-18,10119.861635843246
2006-04-19,10128.876907932192
2006-04-20,10067.17511617491
2006-04-21,10067.17511617491
2006-04-24,10062.141528616823
2006-04-25,10094.604198523168
2006-04-26,10110.802667321808
2006-04-27,10177.987571978247
2006-04-28,10262.135126065912
2006-05-01,10211.460568811935
2006-05-02,10211.460568811935
2006-05-03,10211.460568811935
2006-05-04,10206.35483852753
2006-05-05,10228.025562144787
2006-05-08,10202.75274929619
2006-05-09,10197.651372921544
2006-05-10,10203.642670829779
2006-05-11,10265.351578164522
2006-05-12,10327.414454966693
2006-05-15,10209.895426566685
2006-05-16,10209.895426566685
2006-05-17,10209.895426566685
2006-05-18,10209.895426566685
2006-05-19,10209.895426566685
2006-05-22,10209.895426566685
2006-05-23,10209.895426566685
2006-05-24,10209.895426566685
2006-05-25,10209.895426566685
2006-05-26,10209.895426566685
2006-05-29,10209.895426566685
2006-05-30,10209.895426566685
2006-05-31,10209.895426566685
2006-06-01,10209.895426566685
2006-06-02,10209.895426566685
2006-06-05,10209.895426566685
2006-06-06,10209.895426566685
2006-06-07,10209.895426566685
2006-06-08,10209.895426566685
2006-06-09,10209.895426566685
2006-06-12,10209.895426566685
2006-06-13,10209.895426566685
2006-06-14,10209.895426566685
2006-06-15,10209.895426566685
2006-06-16,10209.895426566685
2006-06-19,10209.895426566685
2006-06-20,10209.895426566685
2006-06-21,10209.895426566685
2006-06-22,10209.895426566685
2006-06-23,10209.895426566685
2006-06-26,10209.895426566685
2006-06-27,10209.895426566685
2006-06-28,10209.895426566685
2006-06-29,10209.895426566685
2006-06-30,10209.895426566685
2006-07-03,10209.895426566685
2006-07-04,10209.895426566685
2006-07-05,10209.895426566685
2006-07-06,10209.895426566685
2006-07-07,10204.790478853403
2006-07-10,10136.674480129928
2006-07-11,10136.674480129928
2006-07-12,10136.674480129928
2006-07-13,10136.674480129928
2006-07-14,10136.674480129928
2006-07-17,10136.674480129928
2006-07-18,10136.674480129928
2006-07-19,10136.674480129928
2006-07-20,10136.674480129928
2006-07-21,10136.674480129928
2006-07-24,10136.674480129928
2006-07-25,10136.674480129928
2006-07-26,10136.674480129928
2006-07-27,10136.674480129928
2006-07-28,10136.674480129928
2006-07-31,10136.674480129928
2006-08-01,10136.674480129928
2006-08-02,10136.674480129928
2006-08-03,10136.674480129928
2006-08-04,10131.606142889865
2006-08-07,10079.284585955513
2006-08-08,10079.284585955513
2006-08-09,10079.284585955513
2006-08-10,10079.284585955513
2006-08-11,10079.284585955513
2006-08-14,10079.284585955513
2006-08-15,10079.284585955513
2006-08-16,10079.284585955513
2006-08-17,10079.284585955513
2006-08-18,10079.284585955513
2006-08-21,10079.284585955513
2006-08-22,10079.284585955513
2006-08-23,10079.284585955513
2006-08-24,10079.284585955513
2006-08-25,10079.284585955513
2006-08-28,10079.284585955513
2006-08-29,10079.284585955513
2006-08-30,10079.284585955513
2006-08-31,10079.284585955513
2006-09-01,10079.284585955513
2006-09-04,10079.284585955513
2006-09-05,10079.284585955513
2006-09-06,10079.284585955513
2006-09-07,10079.284585955513
2006-09-08,10079.284585955513
2006-09-11,10079.284585955513
2006-09-12,10079.284585955513
2006-09-13,10079.284585955513
2006-09-14,10079.284585955513
2006-09-15,10079.284585955513
2006-09-18,10079.284585955513
2006-09-19,10079.284585955513
2006-09-20,10079.284585955513
2006-09-21,10079.284585955513
2006-09-22,10079.284585955513
2006-09-25,10079.284585955513
2006-09-26,10079.284585955513
2006-09-27,10079.284585955513
2006-09-28,10079.284585955513
2006-09-29,10079.284585955513
2006-10-02,10079.284585955513
2006-10-03,10079.284585955513
2006-10-04,10079.284585955513
2006-10-05,10079.284585955513
2006-10-06,10079.284585955513
2006-10-09,10079.284585955513
2006-10-10,10079.284585955513
2006-10-11,10079.284585955513
2006-10-12,10079.284585955513
2006-10-13,10079.284585955513
2006-10-16,10079.284585955513
2006-10-17,10079.284585955513
2006-10-18,10079.284585955513
2006-10-19,10079.284585955513
2006-10-20,10079.284585955513
2006-10-23,10079.284585955513
2006-10-24,10079.284585955513
2006-10-25,10079.284585955513
2006-10-26,10079.284585955513
2006-10-27,10074.244943662536
2006-10-30,10049.328426284495
2006-10-31,10044.303762071353
2006-11-01,10029.413212598876
2006-11-02,10024.398505992578
2006-11-03,9961.900252500593
2006-11-06,9961.900252500593
2006-11-07,9961.900252500593
2006-11-08,9961.900252500593
2006-11-09,9956.919302374343
2006-11-10,9973.543600968474
2006-11-13,9946.787303431236
2006-11-14,9946.787303431236
2006-11-15,9946.787303431236
2006-11-16,9946.787303431236
2006-11-17,9946.787303431236
2006-11-20,9946.787303431236
2006-11-21,9946.787303431236
2006-11-22,9941.813909779521
2006-11-23,9951.853258001398
2006-11-24,10053.554752547698
2006-11-27,10090.325413791805
2006-11-28,10144.669722102153
2006-11-29,10096.557252552579
2006-11-30,10091.508973926302
2006-12-01,10159.804230463089
2006-12-04,10150.929771138006
2006-12-05,10150.929771138006
2006-12-06,10150.929771138006
2006-12-07,10150.929771138006
2006-12-08,10145.854306252437
2006-12-11,10031.837921078059
2006-12-12,10031.837921078059
2006-12-13,10031.837921078059
2006-12-14,10031.837921078059
2006-12-15,10031.837921078059
2006-12-18,10031.837921078059
2006-12-19,10031.837921078059
2006-12-20,10031.837921078059
2006-12-21,10031.837921078059
2006-12-22,10031.837921078059
2006-12-25,10031.837921078059
2006-12-26,10031.837921078059
2006-12-27,10031.837921078059
2006-12-28,10031.837921078059
2006-12-29,10031.837921078059
2007-01-01,10031.837921078059
2007-01-02,10031.837921078059
2007-01-03,10031.837921078059
2007-01-04,10031.837921078059
2007-01-05,10031.837921078059
2007-01-08,10031.837921078059
2007-01-09,10031.837921078059
2007-01-10,10031.837921078059
2007-01-11,10031.837921078059
2007-01-12,10031.837921078059
2007-01-15,10031.837921078059
2007-01-16,10031.837921078059
2007-01-17,10031.837921078059
2007-01-18,10031.837921078059
2007-01-19,10031.837921078059
2007-01-22,10031.837921078059
2007-01-23,10031.837921078059
2007-01-24,10031.837921078059
2007-01-25,10031.837921078059
2007-01-26,10031.837921078059
2007-01-29,10031.837921078059
2007-01-30,10031.837921078059
2007-01-31,10031.837921078059
2007-02-01,10031.837921078059
2007-02-02,10031.837921078059
2007-02-05,10031.837921078059
2007-02-06,10031.837921078059
2007-02-07,10031.837921078059
2007-02-08,10026.82200211752
2007-02-09,9996.345238662107
2007-02-12,9996.345238662107
2007-02-13,9996.345238662107
2007-02-14,9991.347066042776
2007-02-15,9982.675987233268
2007-02-16,9982.675987233268
2007-02-19,9977.68464923965
2007-02-20,9969.677457017293
2007-02-21,9969.677457017293
2007-02-22,9969.677457017293
2007-02-23,9964.692618288786
2007-02-26,9983.60649440984
2007-02-27,10012.36414519981
2007-02-28,10004.973624093667
2007-03-01,10004.973624093667
2007-03-02,10004.973624093667
2007-03-05,10004.973624093667
2007-03-06,10004.973624093667
2007-03-07,10004.973624093667
2007-03-08,10004.973624093667
2007-03-09,10004.973624093667
2007-03-12,10004.973624093667
2007-03-13,10004.973624093667
2007-03-14,9999.971137281622
2007-03-15,10036.16891026799
2007-03-16,10062.598480815714
2007-03-19,10053.681720889397
2007-03-20,10053.681720889397
2007-03-21,10048.654880028953
2007-03-22,9994.739903415973
2007-03-23,9994.739903415973
2007-03-26,9994.739903415973
2007-03-27,9994.739903415973
2007-03-28,9994.739903415973
2007-03-29,9994.739903415973
2007-03-30,9994.739903415973
2007-04-02,9994.739903415973
2007-04-03,9994.739903415973
2007-04-04,9994.739903415973
2007-04-05,9989.742533464267
2007-04-06,9962.365442801614
2007-04-09,9962.365442801614
2007-04-10,9962.365442801614
2007-04-11,9957.384260080215
2007-04-12,9995.195339976683
2007-04-13,10017.334467536197
2007-04-16,10023.295980631608
2007-04-17,10055.07740857742
2007-04-18,10086.10430824042
2007-04-19,10093.79651732119
2007-04-20,10062.516931230115
2007-04-23,10062.516931230115
2007-04-24,10057.4856727645
2007-04-25,10059.68003347544
2007-04-26,10017.673294696106
2007-04-27,10012.664458048757
2007-04-30,10005.470861201262
2007-05-01,10005.470861201262
2007-05-02,10005.470861201262
2007-05-03,10005.470861201262
2007-05-04,10005.470861201262
2007-05-07,10005.470861201262
2007-05-08,10005.470861201262
2007-05-09,10005.470861201262
2007-05-10,10005.470861201262
2007-05-11,10005.470861201262
2007-05-14,10005.470861201262
2007-05-15,10005.470861201262
2007-05-16,10005.470861201262
2007-05-17,10005.470861201262
2007-05-18,10005.470861201262
2007-05-21,10005.470861201262
2007-05-22,10005.470861201262
2007-05-23,10005.470861201262
2007-05-24,10005.470861201262
2007-05-25,10005.470861201262
2007-05-28,10005.470861201262
2007-05-29,10005.470861201262
2007-05-30,10005.470861201262
2007-05-31,10005.470861201262
2007-06-01,10005.470861201262
2007-06-04,10005.470861201262
2007-06-05,10005.470861201262
2007-06-06,10005.470861201262
2007-06-07,10005.470861201262
2007-06-08,10005.470861201262
2007-06-11,10005.470861201262
2007-06-12,10005.470861201262
2007-06-13,10005.470861201262
2007-06-14,10005.470861201262
2007-06-15,10005.470861201262
2007-06-18,10005.470861201262
2007-06-19,10005.470861201262
2007-06-20,10005.470861201262
2007-06-21,10005.470861201262
2007-06-22,10005.470861201262
2007-06-25,10005.470861201262
2007-06-26,10005.470861201262
2007-06-27,10005.470861201262
2007-06-28,10005.470861201262
2007-06-29,10000.468125770662
2007-07-02,10073.289205941497
2007-07-03,10051.23539202817
2007-07-04,10051.23539202817
2007-07-05,10051.23539202817
2007-07-06,10051.23539202817
2007-07-09,10051.23539202817
2007-07-10,10046.209774332156
2007-07-11,10036.763473199122
2007-07-12,10031.745091462522
2007-07-13,10024.515538796184
2007-07-16,10024.515538796184
2007-07-17,10019.503281026786
2007-07-18,10031.807960099193
2007-07-19,10020.28347600102
2007-07-20,10015.27333426302
2007-07-23,9989.22791580605
2007-07-24,9989.22791580605
2007-07-25,9989.22791580605
2007-07-26,9989.22791580605
2007-07-27,9989.22791580605
2007-07-30,9989.22791580605
2007-07-31,9989.22791580605
2007-08-01,9989.22791580605
2007-08-02,9989.22791580605
2007-08-03,9989.22791580605
2007-08-06,9989.22791580605
2007-08-07,9989.22791580605
2007-08-08,9989.22791580605
2007-08-09,9989.22791580605
2007-08-10,9989.22791580605
2007-08-13,9989.22791580605
2007-08-14,9989.22791580605
2007-08-15,9989.22791580605
2007-08-16,9989.22791580605
2007-08-17,9989.22791580605
2007-08-20,9989.22791580605
2007-08-21,9989.22791580605
2007-08-22,9989.22791580605
2007-08-23,9989.22791580605
2007-08-24,9989.22791580605
2007-08-27,9989.22791580605
2007-08-28,9989.22791580605
2007-08-29,9989.22791580605
2007-08-30,9989.22791580605
2007-08-31,9989.22791580605
2007-09-03,9989.22791580605
2007-09-04,9989.22791580605
2007-09-05,9989.22791580605
2007-09-06,9984.233301848148
2007-09-07,10041.69338090765
2007-09-11,10088.973252287293
2007-09-12,10138.384099387064
2007-09-13,10103.3252689471
2007-09-14,10103.3252689471
2007-09-17,10103.3252689471
2007-09-18,10098.273606312627
2007-09-19,10085.320822737904
2007-09-20,10080.278162326535
2007-09-21,10089.649689704387
2007-09-24,10071.674339869853
2007-09-25,10066.638502699918
2007-09-26,10048.080498558737
2007-09-27,10048.080498558737
2007-09-28,10043.056458309458
2007-10-01,10017.712220023397
2007-10-02,10017.712220023397
2007-10-03,10017.712220023397
2007-10-04,10017.712220023397
2007-10-05,10017.712220023397
2007-10-08,10017.712220023397
2007-10-09,10017.712220023397
2007-10-10,10017.712220023397
2007-10-11,10017.712220023397
2007-10-12,10017.712220023397
2007-10-15,10017.712220023397
2007-10-16,10017.712220023397
2007-10-17,10017.712220023397
2007-10-18,10012.703363913386
2007-10-19,10014.134430935017
2007-10-22,9926.85631492705
2007-10-23,9926.85631492705
2007-10-24,9926.85631492705
2007-10-25,9921.892886769587
2007-10-26,9968.196740240795
2007-10-29,9985.427967922751
2007-10-30,10000.699919250093
2007-10-31,10022.819842205345
2007-11-01,9986.671173066867
2007-11-02,9981.677837480334
2007-11-05,9969.892447200515
2007-11-06,9964.907500976915
2007-11-07,10005.772109123816
2007-11-08,10044.769851648127
2007-11-09,10035.620349777553
2007-11-12,10035.620349777553
2007-11-13,10035.620349777553
2007-11-14,10035.620349777553
2007-11-15,10035.620349777553
2007-11-16,10035.620349777553
2007-11-19,10035.620349777553
2007-11-20,10030.602539602665
2007-11-21,10047.430141816354
2007-11-22,10041.062515472657
2007-11-23,10041.062515472657
2007-11-27,10041.062515472657
2007-11-28,10041.062515472657
2007-11-29,10041.062515472657
2007-11-30,10041.062515472657
2007-12-03,10041.062515472657
2007-12-04,10041.062515472657
2007-12-05,10041.062515472657
2007-12-06,10041.062515472657
2007-12-07,10041.062515472657
2007-12-10,10041.062515472657
2007-12-11,10041.062515472657
2007-12-12,10041.062515472657
2007-12-13,10041.062515472657
2007-12-14,10041.062515472657
2007-12-17,10041.062515472657
2007-12-19,10041.062515472657
2007-12-20,10041.062515472657
2007-12-21,10041.062515472657
2007-12-24,10041.062515472657
2007-12-25,10041.062515472657
2007-12-26,10041.062515472657
2007-12-27,10041.062515472657
2007-12-28,10041.062515472657
2007-12-31,10041.062515472657
2008-01-01,10041.062515472657
2008-01-02,10041.062515472657
2008-01-03,10036.04198421492
2008-01-04,10042.852114890271
2008-01-07,9988.754063464889
2008-01-08,9983.759686433157
2008-01-09,9379.635348098192
2008-01-10,9379.635348098192
2008-01-11,9379.635348098192
2008-01-14,9379.635348098192
2008-01-15,9379.635348098192
2008-01-16,9379.635348098192
2008-01-17,9379.635348098192
2008-01-18,9379.635348098192
2008-01-21,9379.635348098192
2008-01-22,9379.635348098192
2008-01-23,9379.635348098192
2008-01-24,9379.635348098192
2008-01-25,9379.635348098192
2008-01-28,9379.635348098192
2008-01-29,9379.635348098192
2008-01-30,9379.635348098192
2008-01-31,9379.635348098192
2008-02-01,9379.635348098192
2008-02-04,9379.635348098192
2008-02-05,9379.635348098192
2008-02-06,9379.635348098192
2008-02-07,9379.635348098192
2008-02-08,9374.945530424144
2008-02-11,8703.48588800224
2008-02-12,8703.48588800224
2008-02-13,8703.48588800224
2008-02-14,8703.48588800224
2008-02-15,8703.48588800224
2008-02-18,8703.48588800224
2008-02-19,8703.48588800224
2008-02-20,8703.48588800224
2008-02-21,8703.48588800224
2008-02-22,8703.48588800224
2008-02-25,8703.48588800224
2008-02-26,8703.48588800224
2008-02-27,8703.48588800224
2008-02-28,8703.48588800224
2008-02-29,8703.48588800224
2008-03-03,8703.48588800224
2008-03-04,8703.48588800224
2008-03-05,8703.48588800224
2008-03-06,8703.48588800224
2008-03-07,8703.48588800224
2008-03-10,8703.48588800224
2008-03-11,8703.48588800224
2008-03-12,8699.13414505824
2008-03-13,8744.946329493534
2008-03-14,8738.251971061725
2008-03-17,8733.882845076196
2008-03-18,8679.45690568156
2008-03-19,8679.45690568156
2008-03-20,8679.45690568156
2008-03-21,8679.45690568156
2008-03-24,8679.45690568156
2008-03-25,8679.45690568156
2008-03-26,8675.11717722872
2008-03-27,8665.29015739261
2008-03-28,8665.29015739261
2008-03-31,8665.29015739261
2008-04-02,8665.29015739261
2008-04-03,8665.29015739261
2008-04-04,8665.29015739261
2008-04-07,8665.29015739261
2008-04-08,8665.29015739261
2008-04-09,8665.29015739261
2008-04-10,8665.29015739261
2008-04-11,8665.29015739261
2008-04-14,8660.957512313915
2008-04-15,8635.272270896428
2008-04-16,8630.954634760981
2008-04-17,8596.253770361933
2008-04-18,8596.253770361933
2008-04-21,8596.253770361933
2008-04-22,8591.955643476753
2008-04-23,8526.201093119063
2008-04-24,8526.201093119063
2008-04-25,8526.201093119063
2008-04-28,8526.201093119063
2008-04-29,8526.201093119063
2008-04-30,8526.201093119063
2008-05-02,8526.201093119063
2008-05-05,8526.201093119063
2008-05-06,8526.201093119063
2008-05-07,8526.201093119063
2008-05-08,8526.201093119063
2008-05-09,8526.201093119063
2008-05-12,8526.201093119063
2008-05-13,8526.201093119063
2008-05-14,8526.201093119063
2008-05-15,8526.201093119063
2008-05-16,8526.201093119063
2008-05-19,8526.201093119063
2008-05-20,8526.201093119063
2008-05-21,8526.201093119063
2008-05-22,8526.201093119063
2008-05-23,8526.201093119063
2008-05-26,8526.201093119063
2008-05-27,8526.201093119063
2008-05-28,8526.201093119063
2008-05-29,8526.201093119063
2008-05-30,8526.201093119063
2008-06-02,8526.201093119063
2008-06-03,8526.201093119063
2008-06-04,8526.201093119063
2008-06-05,8526.201093119063
2008-06-06,8526.201093119063
2008-06-09,8526.201093119063
2008-06-10,8526.201093119063
2008-06-11,8526.201093119063
2008-06-12,8526.201093119063
2008-06-13,8526.201093119063
2008-06-16,8526.201093119063
2008-06-17,8526.201093119063
2008-06-18,8526.201093119063
2008-06-19,8526.201093119063
2008-06-20,8526.201093119063
2008-06-23,8526.201093119063
2008-06-24,8526.201093119063
2008-06-25,8526.201093119063
2008-06-26,8526.201093119063
2008-06-27,8526.201093119063
2008-06-30,8526.201093119063
2008-07-02,8521.937992572504
2008-07-03,8421.608139099839
2008-07-04,8421.608139099839
2008-07-07,8421.608139099839
2008-07-08,8421.608139099839
2008-07-09,8421.608139099839
2008-07-10,8421.608139099839
2008-07-11,8417.39733503029
2008-07-14,8382.501252170407
2008-07-15,8382.501252170407
2008-07-16,8382.501252170407
2008-07-17,8382.501252170407
2008-07-18,8382.501252170407
2008-07-21,8382.501252170407
2008-07-22,8382.501252170407
2008-07-23,8382.501252170407
2008-07-24,8382.501252170407
2008-07-25,8382.501252170407
2008-07-28,8382.501252170407
2008-07-29,8382.501252170407
2008-07-30,8382.501252170407
2008-07-31,8382.501252170407
2008-08-08,8382.501252170407
2008-08-26,8382.501252170407
2008-08-27,8382.501252170407
2008-08-28,8382.501252170407
2008-08-29,8382.501252170407
2008-09-01,8382.501252170407
2008-09-02,8382.501252170407
2008-09-03,8382.501252170407
2008-09-04,8382.501252170407
2008-09-05,8382.501252170407
2008-09-08,8382.501252170407
2008-09-09,8382.501252170407
2008-09-10,8382.501252170407
2008-09-11,8382.501252170407
2008-09-12,8382.501252170407
2008-09-15,8382.501252170407
2008-09-16,8382.501252170407
2008-09-17,8382.501252170407
2008-09-18,8382.501252170407
2008-09-19,8382.501252170407
2008-09-22,8382.501252170407
2008-09-23,8382.501252170407
2008-09-24,8382.501252170407
2008-09-25,8382.501252170407
2008-09-26,8382.501252170407
2008-09-29,8382.501252170407
2008-09-30,8382.501252170407
2008-10-01,8382.501252170407
2008-10-02,8382.501252170407
2008-10-03,8382.501252170407
2008-10-06,8382.501252170407
2008-10-07,8382.501252170407
2008-10-08,8378.310001544321
2008-10-09,7576.01557775724
2008-10-10,7576.01557775724
2008-10-13,7576.01557775724
2008-10-14,7576.01557775724
2008-10-15,7576.01557775724
2008-10-16,7576.01557775724
2008-10-17,7576.01557775724
2008-10-20,7576.01557775724
2008-10-21,7576.01557775724
2008-10-22,7576.01557775724
2008-10-23,7576.01557775724
2008-10-24,7576.01557775724
2008-10-27,7576.01557775724
2008-10-28,7576.01557775724
2008-10-29,7576.01557775724
2008-10-30,7576.01557775724
2008-10-31,7576.01557775724
2008-11-03,7576.01557775724
2008-11-04,7576.01557775724
2008-11-05,7576.01557775724
2008-11-06,7576.01557775724
2008-11-07,7576.01557775724
2008-11-10,7576.01557775724
2008-11-11,7576.01557775724
2008-11-12,7576.01557775724
2008-11-13,7576.01557775724
2008-11-14,7576.01557775724
2008-11-17,7576.01557775724
2008-11-18,7576.01557775724
2008-11-19,7576.01557775724
2008-11-20,7576.01557775724
2008-11-21,7576.01557775724
2008-11-24,7576.01557775724
2008-11-25,7576.01557775724
2008-11-26,7576.01557775724
2008-11-27,7576.01557775724
2008-11-28,7576.01557775724
2008-12-01,7576.01557775724
2008-12-02,7576.01557775724
2008-12-03,7576.01557775724
2008-12-04,7576.01557775724
2008-12-05,7576.01557775724
2008-12-08,7572.227569968361
2008-12-09,6483.162254042595
2008-12-10,6483.162254042595
2008-12-11,6483.162254042595
2008-12-12,6483.162254042595
2008-12-15,6483.162254042595
2008-12-16,6483.162254042595
2008-12-17,6483.162254042595
2008-12-18,6483.162254042595
2008-12-19,6483.162254042595
2008-12-22,6483.162254042595
2008-12-23,6483.162254042595
2008-12-24,6483.162254042595
2008-12-25,6483.162254042595
2008-12-26,6483.162254042595
2008-12-29,6483.162254042595
2008-12-30,6483.162254042595
2008-12-31,6483.162254042595
2009-01-01,6483.162254042595
2009-01-02,6483.162254042595
2009-01-05,6483.162254042595
2009-01-06,6483.162254042595
2009-01-07,6483.162254042595
2009-01-08,6483.162254042595
2009-01-09,6483.162254042595
2009-01-12,6483.162254042595
2009-01-13,6483.162254042595
2009-01-14,6483.162254042595
2009-01-15,6483.162254042595
2009-01-16,6483.162254042595
2009-01-19,6483.162254042595
2009-01-20,6483.162254042595
2009-01-21,6483.162254042595
2009-01-22,6483.162254042595
2009-01-23,6483.162254042595
2009-01-26,6483.162254042595
2009-01-27,6483.162254042595
2009-01-28,6483.162254042595
2009-01-29,6483.162254042595
2009-01-30,6483.162254042595
2009-02-02,6483.162254042595
2009-02-03,6483.162254042595
2009-02-04,6483.162254042595
2009-02-05,6483.162254042595
2009-02-06,6483.162254042595
2009-02-09,6483.162254042595
2009-02-10,6483.162254042595
2009-02-11,6483.162254042595
2009-02-12,6483.162254042595
2009-02-13,6483.162254042595
2009-02-16,6483.162254042595
2009-02-17,6483.162254042595
2009-02-18,6483.162254042595
2009-02-19,6483.162254042595
2009-02-20,6483.162254042595
2009-02-23,6483.162254042595
2009-02-24,6483.162254042595
2009-02-25,6483.162254042595
2009-02-26,6483.162254042595
2009-02-27,6483.162254042595
2009-03-02,6483.162254042595
2009-03-03,6483.162254042595
2009-03-04,6483.162254042595
2009-03-05,6483.162254042595
2009-03-06,6483.162254042595
2009-03-09,6483.162254042595
2009-03-10,6483.162254042595
2009-03-11,6483.162254042595
2009-03-12,6483.162254042595
2009-03-13,6483.162254042595
2009-03-16,6483.162254042595
2009-03-17,6483.162254042595
2009-03-18,6483.162254042595
2009-03-19,6483.162254042595
2009-03-20,6483.162254042595
2009-03-23,6483.162254042595
2009-03-24,6483.162254042595
2009-03-25,6483.162254042595
2009-03-26,6483.162254042595
2009-03-27,6483.162254042595
2009-03-30,6483.162254042595
2009-03-31,6483.162254042595
2009-04-01,6483.162254042595
2009-04-02,6483.162254042595
2009-04-03,6483.162254042595
2009-04-06,6483.162254042595
2009-04-07,6483.162254042595
2009-04-08,6483.162254042595
2009-04-09,6483.162254042595
2009-04-10,6483.162254042595
2009-04-13,6483.162254042595
2009-04-14,6483.162254042595
2009-04-15,6483.162254042595
2009-04-16,6483.162254042595
2009-04-17,6483.162254042595
2009-04-20,6483.162254042595
2009-04-21,6483.162254042595
2009-04-22,6483.162254042595
2009-04-23,6483.162254042595
2009-04-24,6483.162254042595
2009-04-27,6483.162254042595
2009-04-28,6483.162254042595
2009-04-29,6483.162254042595
2009-04-30,6483.162254042595
2009-05-01,6483.162254042595
2009-05-04,6483.162254042595
2009-05-05,6483.162254042595
2009-05-06,6483.162254042595
2009-05-07,6483.162254042595
2009-05-08,6483.162254042595
2009-05-11,6483.162254042595
2009-05-12,6483.162254042595
2009-05-13,6483.162254042595
2009-05-14,6483.162254042595
2009-05-15,6483.162254042595
2009-05-18,6483.162254042595
2009-05-19,6483.162254042595
2009-05-20,6483.162254042595
2009-05-21,6483.162254042595
2009-05-22,6483.162254042595
2009-05-25,6483.162254042595
2009-05-26,6483.162254042595
2009-05-27,6483.162254042595
2009-05-28,6483.162254042595
2009-05-29,6483.162254042595
2009-06-01,6483.162254042595
2009-06-02,6483.162254042595
2009-06-03,6483.162254042595
2009-06-04,6483.162254042595
2009-06-05,6483.162254042595
2009-06-08,6483.162254042595
2009-06-09,6483.162254042595
2009-06-10,6483.162254042595
2009-06-11,6483.162254042595
2009-06-12,6483.162254042595
2009-06-15,6483.162254042595
2009-06-16,6483.162254042595
2009-06-17,6483.162254042595
2009-06-18,6483.162254042595
2009-06-19,6483.162254042595
2009-06-22,6483.162254042595
2009-06-23,6483.162254042595
2009-06-24,6483.162254042595
2009-06-25,6483.162254042595
2009-06-26,6483.162254042595
2009-06-29,6483.162254042595
2009-06-30,6483.162254042595
2009-07-01,6483.162254042595
2009-07-02,6483.162254042595
2009-07-03,6483.162254042595
2009-07-06,6483.162254042595
2009-07-07,6483.162254042595
2009-07-08,6483.162254042595
2009-07-09,6483.162254042595
2009-07-10,6483.162254042595
2009-07-13,6483.162254042595
2009-07-14,6483.162254042595
2009-07-15,6483.162254042595
2009-07-16,6483.162254042595
2009-07-17,6483.162254042595
2009-07-20,6483.162254042595
2009-07-21,6483.162254042595
2009-07-22,6483.162254042595
2009-07-23,6483.162254042595
2009-07-24,6483.162254042595
2009-07-27,6483.162254042595
2009-07-28,6483.162254042595
2009-07-29,6483.162254042595
2009-07-30,6483.162254042595
2009-07-31,6483.162254042595
2009-08-03,6479.920672915574
2009-08-04,6483.376896184831
2009-08-05,6476.583291785599
2009-08-06,6476.583291785599
2009-08-07,6476.583291785599
2009-08-10,6476.583291785599
2009-08-11,6476.583291785599
2009-08-12,6476.583291785599
2009-08-13,6476.583291785599
2009-08-14,6476.583291785599
2009-08-17,6476.583291785599
2009-08-18,6476.583291785599
2009-08-19,6476.583291785599
2009-08-20,6476.583291785599
2009-08-21,6476.583291785599
2009-08-24,6476.583291785599
2009-08-25,6476.583291785599
2009-08-26,6476.583291785599
2009-08-27,6476.583291785599
2009-08-28,6476.583291785599
2009-08-31,6476.583291785599
2009-09-01,6476.583291785599
2009-09-02,6476.583291785599
2009-09-03,6476.583291785599
2009-09-04,6476.583291785599
2009-09-07,6476.583291785599
2009-09-08,6473.345000139706
2009-09-09,6492.903173134979
2009-09-10,6507.750375097884
2009-09-11,6503.927191519738
2009-09-14,6500.675227923978
2009-09-15,6512.966788012811
2009-09-16,6531.146879901643
2009-09-17,6540.4739269991305
2009-09-18,6529.691455997833
2009-09-21,6529.691455997833
2009-09-22,6526.426610269835
2009-09-23,6485.186718594397
2009-09-24,6485.186718594397
2009-09-25,6485.186718594397
2009-09-28,6485.186718594397
2009-09-29,6485.186718594397
2009-09-30,6485.186718594397
2009-10-01,6485.186718594397
2009-10-02,6485.186718594397
2009-10-05,6485.186718594397
2009-10-06,6485.186718594397
2009-10-07,6485.186718594397
2009-10-08,6485.186718594397
2009-10-09,6485.186718594397
2009-10-12,6485.186718594397
2009-10-13,6481.9441252351
2009-10-14,6519.389474481263
2009-10-15,6529.813995835313
2009-10-16,6505.585762714236
2009-10-19,6502.332969832879
2009-10-20,6485.861671798032
2009-10-21,6482.618740962133
2009-10-22,6497.715601201322
2009-10-23,6480.700326655063
2009-10-26,6480.700326655063
2009-10-27,6480.700326655063
2009-10-28,6480.700326655063
2009-10-29,6480.700326655063
2009-10-30,6480.700326655063
2009-11-02,6480.700326655063
2009-11-03,6480.700326655063
2009-11-04,6480.700326655063
2009-11-05,6480.700326655063
2009-11-06,6480.700326655063
2009-11-09,6480.700326655063
2009-11-10,6480.700326655063
2009-11-11,6480.700326655063
2009-11-12,6480.700326655063
2009-11-13,6480.700326655063
2009-11-16,6480.700326655063
2009-11-17,6480.700326655063
2009-11-18,6480.700326655063
2009-11-19,6480.700326655063
2009-11-20,6480.700326655063
2009-11-23,6480.700326655063
2009-11-24,6480.700326655063
2009-11-25,6477.459976491736
2009-11-26,6407.54017677206
2009-11-27,6407.54017677206
2009-11-30,6407.54017677206
2009-12-01,6407.54017677206
2009-12-02,6407.54017677206
2009-12-03,6407.54017677206
2009-12-04,6407.54017677206
2009-12-07,6407.54017677206
2009-12-08,6407.54017677206
2009-12-09,6407.54017677206
2009-12-10,6407.54017677206
2009-12-11,6407.54017677206
2009-12-14,6407.54017677206
2009-12-15,6407.54017677206
2009-12-16,6407.54017677206
2009-12-17,6407.54017677206
2009-12-18,6407.54017677206
2009-12-21,6407.54017677206
2009-12-22,6407.54017677206
2009-12-23,6407.54017677206
2009-12-24,6407.54017677206
2009-12-25,6407.54017677206
2009-12-28,6407.54017677206
2009-12-29,6407.54017677206
2009-12-30,6407.54017677206
2009-12-31,6407.54017677206
2010-01-01,6407.54017677206
2010-01-04,6407.54017677206
2010-01-05,6407.54017677206
2010-01-06,6407.54017677206
2010-01-07,6407.54017677206
2010-01-08,6407.54017677206
2010-01-11,6407.54017677206
2010-01-12,6407.54017677206
2010-01-13,6407.54017677206
2010-01-14,6407.54017677206
2010-01-15,6407.54017677206
2010-01-18,6407.54017677206
2010-01-19,6407.54017677206
2010-01-20,6407.54017677206
2010-01-21,6407.54017677206
2010-01-22,6407.54017677206
2010-01-25,6407.54017677206
2010-01-26,6407.54017677206
2010-01-27,6407.54017677206
2010-01-28,6407.54017677206
2010-01-29,6407.54017677206
2010-02-01,6407.54017677206
2010-02-02,6407.54017677206
2010-02-03,6407.54017677206
2010-02-04,6407.54017677206
2010-02-05,6407.54017677206
2010-02-08,6407.54017677206
2010-02-09,6407.54017677206
2010-02-10,6407.54017677206
2010-02-11,6407.54017677206
2010-02-12,6407.54017677206
2010-02-15,6407.54017677206
2010-02-16,6407.54017677206
2010-02-17,6407.54017677206
2010-02-18,6407.54017677206
2010-02-19,6407.54017677206
2010-02-22,6407.54017677206
2010-02-23,6407.54017677206
2010-02-24,6407.54017677206
2010-02-25,6407.54017677206
2010-02-26,6407.54017677206
2010-03-01,6407.54017677206
2010-03-02,6407.54017677206
2010-03-03,6407.54017677206
2010-03-04,6407.54017677206
2010-03-05,6407.54017677206
2010-03-08,6407.54017677206
2010-03-09,6407.54017677206
2010-03-10,6407.54017677206
2010-03-11,6407.54017677206
2010-03-12,6404.336406683674
2010-03-15,6357.979805043033
2010-03-16,6357.979805043033
2010-03-17,6357.979805043033
2010-03-18,6357.979805043033
2010-03-19,6357.979805043033
2010-03-22,6357.979805043033
2010-03-23,6357.979805043033
2010-03-24,6357.979805043033
2010-03-25,6357.979805043033
2010-03-26,6357.979805043033
2010-03-29,6357.979805043033
2010-03-30,6357.979805043033
2010-03-31,6357.979805043033
2010-04-01,6357.979805043033
2010-04-02,6357.979805043033
2010-04-05,6357.979805043033
2010-04-06,6357.979805043033
2010-04-07,6357.979805043033
2010-04-08,6357.979805043033
2010-04-09,6357.979805043033
2010-04-12,6357.979805043033
2010-04-13,6357.979805043033
2010-04-14,6357.979805043033
2010-04-15,6357.979805043033
2010-04-16,6357.979805043033
2010-04-19,6357.979805043033
2010-04-20,6357.979805043033
2010-04-21,6357.979805043033
2010-04-22,6357.979805043033
2010-04-23,6357.979805043033
2010-04-26,6357.979805043033
2010-04-27,6357.979805043033
2010-04-28,6357.979805043033
2010-04-29,6357.979805043033
2010-04-30,6357.979805043033
2010-05-03,6357.979805043033
2010-05-04,6357.979805043033
2010-05-05,6357.979805043033
2010-05-06,6357.979805043033
2010-05-07,6357.979805043033
2010-05-10,6357.979805043033
2010-05-11,6357.979805043033
2010-05-12,6357.979805043033
2010-05-13,6357.979805043033
2010-05-14,6357.979805043033
2010-05-17,6357.979805043033
2010-05-18,6357.979805043033
2010-05-19,6357.979805043033
2010-05-20,6357.979805043033
2010-05-21,6357.979805043033
2010-05-24,6357.979805043033
2010-05-25,6357.979805043033
2010-05-26,6357.979805043033
2010-05-27,6357.979805043033
2010-05-28,6357.979805043033
2010-05-31,6357.979805043033
2010-06-01,6357.979805043033
2010-06-02,6357.979805043033
2010-06-03,6357.979805043033
2010-06-04,6357.979805043033
2010-06-07,6357.979805043033
2010-06-08,6357.979805043033
2010-06-09,6357.979805043033
2010-06-10,6357.979805043033
2010-06-11,6357.979805043033
2010-06-14,6357.979805043033
2010-06-15,6357.979805043033
2010-06-16,6357.979805043033
2010-06-17,6357.979805043033
2010-06-18,6357.979805043033
2010-06-21,6357.979805043033
2010-06-22,6357.979805043033
2010-06-23,6357.979805043033
2010-06-24,6357.979805043033
2010-06-25,6357.979805043033
2010-06-28,6357.979805043033
2010-06-29,6357.979805043033
2010-06-30,6357.979805043033
2010-07-01,6357.979805043033
2010-07-02,6357.979805043033
2010-07-05,6357.979805043033
2010-07-06,6357.979805043033
2010-07-07,6357.979805043033
2010-07-08,6357.979805043033
2010-07-09,6357.979805043033
2010-07-12,6357.979805043033
2010-07-13,6357.979805043033
2010-07-14,6357.979805043033
2010-07-15,6357.979805043033
2010-07-16,6357.979805043033
2010-07-19,6357.979805043033
2010-07-20,6357.979805043033
2010-07-21,6357.979805043033
2010-07-22,6357.979805043033
2010-07-23,6357.979805043033
2010-07-26,6357.979805043033
2010-07-27,6357.979805043033
2010-07-28,6357.979805043033
2010-07-29,6357.979805043033
2010-07-30,6357.979805043033
2010-08-02,6357.979805043033
2010-08-03,6357.979805043033
2010-08-04,6357.979805043033
2010-08-05,6357.979805043033
2010-08-06,6357.979805043033
2010-08-09,6357.979805043033
2010-08-10,6357.979805043033
2010-08-11,6357.979805043033
2010-08-12,6357.979805043033
2010-08-13,6357.979805043033
2010-08-16,6357.979805043033
2010-08-17,6357.979805043033
2010-08-18,6357.979805043033
2010-08-19,6357.979805043033
2010-08-20,6357.979805043033
2010-08-23,6357.979805043033
2010-08-24,6357.979805043033
2010-08-25,6357.979805043033
2010-08-26,6357.979805043033
2010-08-27,6357.979805043033
2010-08-30,6357.979805043033
2010-08-31,6357.979805043033
2010-09-01,6357.979805043033
2010-09-02,6357.979805043033
2010-09-03,6357.979805043033
2010-09-06,6357.979805043033
2010-09-07,6357.979805043033
2010-09-08,6357.979805043033
2010-09-09,6357.979805043033
2010-09-10,6357.979805043033
2010-09-13,6357.979805043033
2010-09-14,6357.979805043033
2010-09-15,6357.979805043033
2010-09-16,6357.979805043033
2010-09-17,6357.979805043033
2010-09-20,6357.979805043033
2010-09-21,6357.979805043033
2010-09-22,6357.979805043033
2010-09-23,6357.979805043033
2010-09-24,6357.979805043033
2010-09-27,6357.979805043033
2010-09-28,6357.979805043033
2010-09-29,6357.979805043033
2010-09-30,6357.979805043033
2010-10-01,6357.979805043033
2010-10-04,6354.800815140511
2010-10-05,6303.999999082782
2010-10-06,6300.847999083241
2010-10-07,6339.932173605389
2010-10-08,6343.550947690484
2010-10-11,6366.121100683369
2010-10-12,6318.424547246441
2010-10-13,6318.424547246441
2010-10-14,6318.424547246441
2010-10-15,6315.265334972818
2010-10-18,6263.5946366353055
2010-10-19,6263.5946366353055
2010-10-20,6263.5946366353055
2010-10-21,6263.5946366353055
2010-10-22,6263.5946366353055
2010-10-25,6263.5946366353055
2010-10-26,6263.5946366353055
2010-10-27,6263.5946366353055
2010-10-28,6263.5946366353055
2010-10-29,6263.5946366353055
2010-11-01,6263.5946366353055
2010-11-02,6263.5946366353055
2010-11-03,6263.5946366353055
2010-11-04,6260.462839316988
2010-11-05,6304.930861843859
2010-11-08,6233.9674624521585
2010-11-09,6233.9674624521585
2010-11-10,6233.9674624521585
2010-11-11,6233.9674624521585
2010-11-12,6233.9674624521585
2010-11-15,6233.9674624521585
2010-11-16,6233.9674624521585
2010-11-17,6233.9674624521585
2010-11-18,6233.9674624521585
2010-11-19,6233.9674624521585
2010-11-22,6233.9674624521585
2010-11-23,6233.9674624521585
2010-11-24,6233.9674624521585
2010-11-25,6233.9674624521585
2010-11-26,6233.9674624521585
2010-11-29,6233.9674624521585
2010-11-30,6233.9674624521585
2010-12-01,6233.9674624521585
2010-12-02,6233.9674624521585
2010-12-03,6233.9674624521585
2010-12-06,6233.9674624521585
2010-12-07,6233.9674624521585
2010-12-08,6233.9674624521585
2010-12-09,6233.9674624521585
2010-12-10,6233.9674624521585
2010-12-13,6233.9674624521585
2010-12-14,6233.9674624521585
2010-12-15,6233.9674624521585
2010-12-16,6233.9674624521585
2010-12-17,6233.9674624521585
2010-12-20,6233.9674624521585
2010-12-21,6233.9674624521585
2010-12-22,6233.9674624521585
2010-12-23,6233.9674624521585
2010-12-24,6233.9674624521585
2010-12-27,6233.9674624521585
2010-12-28,6233.9674624521585
2010-12-29,6233.9674624521585
2010-12-30,6233.9674624521585
2010-12-31,6233.9674624521585
2011-01-03,6233.9674624521585
2011-01-04,6233.9674624521585
2011-01-05,6233.9674624521585
2011-01-06,6233.9674624521585
2011-01-07,6233.9674624521585
2011-01-10,6233.9674624521585
2011-01-11,6233.9674624521585
2011-01-12,6233.9674624521585
2011-01-13,6233.9674624521585
2011-01-14,6233.9674624521585
2011-01-17,6230.850478720933
2011-01-18,6182.7117786897525
2011-01-19,6182.7117786897525
2011-01-20,6179.620422800408
2011-01-21,6186.940014857648
2011-01-24,6256.153339212098
2011-01-25,6267.410417227626
2011-01-26,6286.680540742317
2011-01-27,6297.7030979394685
2011-01-28,6303.663484668153
2011-01-31,6231.08568905816
2011-02-01,6231.08568905816
2011-02-02,6227.970146213631
2011-02-03,6219.4323513626605
2011-02-04,6219.4323513626605
2011-02-07,6219.4323513626605
2011-02-08,6219.4323513626605
2011-02-09,6219.4323513626605
2011-02-10,6219.4323513626605
2011-02-11,6219.4323513626605
2011-02-14,6219.4323513626605
2011-02-15,6219.4323513626605
2011-02-16,6219.4323513626605
2011-02-17,6219.4323513626605
2011-02-18,6219.4323513626605
2011-02-21,6219.4323513626605
2011-02-22,6219.4323513626605
2011-02-23,6219.4323513626605
2011-02-24,6219.4323513626605
2011-02-25,6219.4323513626605
2011-02-28,6219.4323513626605
2011-03-01,6219.4323513626605
2011-03-02,6219.4323513626605
2011-03-03,6216.32263518698
2011-03-04,6257.576101481098
2011-03-07,6271.829915318763
2011-03-08,6256.684210683204
2011-03-09,6256.684210683204
2011-03-10,6256.684210683204
2011-03-11,6256.684210683204
2011-03-14,6256.684210683204
2011-03-15,6253.555868577862
2011-03-16,6247.805089461747
2011-03-17,6247.805089461747
2011-03-18,6244.681186917017
2011-03-21,6305.618259716646
2011-03-22,6326.293443556017
2011-03-23,6301.3116581016175
2011-03-24,6301.3116581016175
2011-03-25,6301.3116581016175
2011-03-28,6301.3116581016175
2011-03-29,6301.3116581016175
2011-03-30,6301.3116581016175
2011-03-31,6301.3116581016175
2011-04-01,6301.3116581016175
2011-04-04,6298.161002272567
2011-04-05,6293.578606671204
2011-04-06,6293.578606671204
2011-04-07,6290.431817367869
2011-04-08,6272.695607981435
2011-04-11,6269.559260177445
2011-04-12,6255.915537164814
2011-04-13,6252.787579396232
2011-04-14,6234.833529024684
2011-04-15,6234.833529024684
2011-04-18,6234.833529024684
2011-04-19,6234.833529024684
2011-04-20,6234.833529024684
2011-04-21,6231.716112260172
2011-04-22,6249.287718784107
2011-04-25,6250.196669464236
2011-04-26,6259.575636647462
2011-04-27,6306.198992632222
2011-04-28,6345.594765987113
2011-04-29,6373.040460861465
2011-05-02,6348.3213109197
2011-05-03,6348.3213109197
2011-05-04,6348.3213109197
2011-05-05,6348.3213109197
2011-05-06,6348.3213109197
2011-05-09,6348.3213109197
2011-05-10,6348.3213109197
2011-05-11,6348.3213109197
2011-05-12,6348.3213109197
2011-05-13,6348.3213109197
2011-05-16,6348.3213109197
2011-05-17,6348.3213109197
2011-05-18,6348.3213109197
2011-05-19,6348.3213109197
2011-05-20,6348.3213109197
2011-05-23,6348.3213109197
2011-05-24,6348.3213109197
2011-05-25,6348.3213109197
2011-05-26,6348.3213109197
2011-05-27,6348.3213109197
2011-05-30,6348.3213109197
2011-05-31,6348.3213109197
2011-06-01,6348.3213109197
2011-06-02,6348.3213109197
2011-06-03,6348.3213109197
2011-06-06,6345.147150264241
2011-06-07,6310.71474314588
2011-06-08,6307.559385774307
2011-06-09,6268.197377331169
2011-06-10,6268.197377331169
2011-06-13,6268.197377331169
2011-06-14,6268.197377331169
2011-06-15,6268.197377331169
2011-06-16,6268.197377331169
2011-06-17,6268.197377331169
2011-06-20,6268.197377331169
2011-06-21,6268.197377331169
2011-06-22,6268.197377331169
2011-06-23,6268.197377331169
2011-06-24,6268.197377331169
2011-06-27,6268.197377331169
2011-06-28,6268.197377331169
2011-06-29,6268.197377331169
2011-06-30,6268.197377331169
2011-07-01,6268.197377331169
2011-07-04,6268.197377331169
2011-07-05,6268.197377331169
2011-07-06,6268.197377331169
2011-07-07,6268.197377331169
2011-07-08,6268.197377331169
2011-07-11,6268.197377331169
2011-07-12,6268.197377331169
2011-07-13,6268.197377331169
2011-07-14,6268.197377331169
2011-07-15,6268.197377331169
2011-07-18,6268.197377331169
2011-07-19,6268.197377331169
2011-07-20,6268.197377331169
2011-07-21,6268.197377331169
2011-07-22,6268.197377331169
2011-07-25,6268.197377331169
2011-07-26,6268.197377331169
2011-07-27,6268.197377331169
2011-07-28,6268.197377331169
2011-07-29,6268.197377331169
2011-08-01,6268.197377331169
2011-08-02,6268.197377331169
2011-08-03,6268.197377331169
2011-08-04,6268.197377331169
2011-08-05,6268.197377331169
2011-08-08,6268.197377331169
2011-08-09,6268.197377331169
2011-08-10,6268.197377331169
2011-08-11,6268.197377331169
2011-08-12,6268.197377331169
2011-08-15,6268.197377331169
2011-08-16,6268.197377331169
2011-08-17,6268.197377331169
2011-08-18,6268.197377331169
2011-08-19,6268.197377331169
2011-08-22,6268.197377331169
2011-08-23,6268.197377331169
2011-08-24,6268.197377331169
2011-08-25,6268.197377331169
2011-08-26,6268.197377331169
2011-08-29,6265.063278642504
2011-08-30,6277.6993244134865
2011-08-31,6235.021974031479
2011-09-01,6235.021974031479
2011-09-02,6235.021974031479
2011-09-05,6235.021974031479
2011-09-06,6235.021974031479
2011-09-07,6235.021974031479
2011-09-08,6235.021974031479
2011-09-09,6235.021974031479
2011-09-12,6235.021974031479
2011-09-13,6235.021974031479
2011-09-14,6235.021974031479
2011-09-15,6235.021974031479
2011-09-16,6235.021974031479
2011-09-19,6235.021974031479
2011-09-20,6235.021974031479
2011-09-21,6235.021974031479
2011-09-22,6235.021974031479
2011-09-23,6235.021974031479
2011-09-26,6235.021974031479
2011-09-27,6235.021974031479
2011-09-28,6235.021974031479
2011-09-29,6235.021974031479
2011-09-30,6235.021974031479
2011-10-03,6235.021974031479
2011-10-04,6235.021974031479
2011-10-05,6235.021974031479
2011-10-06,6235.021974031479
2011-10-07,6235.021974031479
2011-10-10,6235.021974031479
2011-10-11,6235.021974031479
2011-10-12,6235.021974031479
2011-10-13,6235.021974031479
2011-10-14,6235.021974031479
2011-10-17,6231.904463044463
2011-10-18,6167.850009930809
2011-10-19,6167.850009930809
2011-10-20,6167.850009930809
2011-10-21,6167.850009930809
2011-10-24,6167.850009930809
2011-10-25,6164.766084925845
2011-10-26,6153.7925034152
2011-10-27,6153.7925034152
2011-10-28,6150.715607163493
2011-10-31,6132.924526914954
2011-11-01,6132.924526914954
2011-11-02,6132.924526914954
2011-11-03,6132.924526914954
2011-11-04,6132.924526914954
2011-11-07,6132.924526914954
2011-11-08,6132.924526914954
2011-11-09,6132.924526914954
2011-11-10,6132.924526914954
2011-11-11,6132.924526914954
2011-11-14,6132.924526914954
2011-11-15,6132.924526914954
2011-11-16,6132.924526914954
2011-11-17,6132.924526914954
2011-11-18,6132.924526914954
2011-11-21,6132.924526914954
2011-11-22,6132.924526914954
2011-11-23,6132.924526914954
2011-11-24,6132.924526914954
2011-11-25,6132.924526914954
2011-11-28,6132.924526914954
2011-11-29,6132.924526914954
2011-11-30,6132.924526914954
2011-12-01,6132.924526914954
2011-12-02,6132.924526914954
2011-12-05,6132.924526914954
2011-12-06,6132.924526914954
2011-12-07,6132.924526914954
2011-12-08,6132.924526914954
2011-12-09,6132.924526914954
2011-12-12,6132.924526914954
2011-12-13,6132.924526914954
2011-12-14,6132.924526914954
2011-12-15,6132.924526914954
2011-12-16,6132.924526914954
2011-12-19,6132.924526914954
2011-12-20,6132.924526914954
2011-12-21,6132.924526914954
2011-12-22,6132.924526914954
2011-12-23,6132.924526914954
2011-12-26,6132.924526914954
2011-12-27,6132.924526914954
2011-12-28,6132.924526914954
2011-12-29,6132.924526914954
2011-12-30,6132.924526914954
2012-01-02,6132.924526914954
2012-01-03,6132.924526914954
2012-01-04,6132.924526914954
2012-01-05,6132.924526914954
2012-01-06,6132.924526914954
2012-01-09,6132.924526914954
2012-01-10,6132.924526914954
2012-01-11,6132.924526914954
2012-01-12,6132.924526914954
2012-01-13,6132.924526914954
2012-01-16,6132.924526914954
2012-01-17,6132.924526914954
2012-01-18,6132.924526914954
2012-01-19,6132.924526914954
2012-01-20,6132.924526914954
2012-01-23,6132.924526914954
2012-01-24,6132.924526914954
2012-01-25,6132.924526914954
2012-01-26,6132.924526914954
2012-01-27,6132.924526914954
2012-01-30,6132.924526914954
2012-01-31,6132.924526914954
2012-02-01,6132.924526914954
2012-02-02,6132.924526914954
2012-02-03,6132.924526914954
2012-02-06,6132.924526914954
2012-02-07,6132.924526914954
2012-02-08,6132.924526914954
2012-02-09,6132.924526914954
2012-02-10,6132.924526914954
2012-02-13,6132.924526914954
2012-02-14,6132.924526914954
2012-02-15,6132.924526914954
2012-02-16,6132.924526914954
2012-02-17,6132.924526914954
2012-02-20,6132.924526914954
2012-02-21,6132.924526914954
2012-02-22,6132.924526914954
2012-02-23,6132.924526914954
2012-02-24,6132.924526914954
2012-02-27,6129.858064651497
2012-02-28,6099.2008246769365
2012-02-29,6096.151224264599
2012-03-01,6021.629943769592
2012-03-02,6021.629943769592
2012-03-05,6021.629943769592
2012-03-06,6021.629943769592
2012-03-07,6021.629943769592
2012-03-08,6021.629943769592
2012-03-09,6021.629943769592
2012-03-12,6021.629943769592
2012-03-13,6021.629943769592
2012-03-14,6021.629943769592
2012-03-15,6021.629943769592
2012-03-16,6021.629943769592
2012-03-19,6021.629943769592
2012-03-20,6021.629943769592
2012-03-21,6021.629943769592
2012-03-22,6021.629943769592
2012-03-23,6021.629943769592
2012-03-26,6021.629943769592
2012-03-27,6021.629943769592
2012-03-28,6021.629943769592
2012-03-29,6021.629943769592
2012-03-30,6021.629943769592
2012-04-02,6021.629943769592
2012-04-03,6021.629943769592
2012-04-04,6021.629943769592
2012-04-05,6021.629943769592
2012-04-06,6021.629943769592
2012-04-09,6021.629943769592
2012-04-10,6021.629943769592
2012-04-11,6021.629943769592
2012-04-12,6021.629943769592
2012-04-13,6021.629943769592
2012-04-16,6021.629943769592
2012-04-17,6021.629943769592
2012-04-18,6021.629943769592
2012-04-19,6021.629943769592
2012-04-20,6021.629943769592
2012-04-23,6021.629943769592
2012-04-24,6021.629943769592
2012-04-25,6021.629943769592
2012-04-26,6021.629943769592
2012-04-27,6021.629943769592
2012-04-30,6021.629943769592
2012-05-01,6021.629943769592
2012-05-02,6021.629943769592
2012-05-03,6021.629943769592
2012-05-04,6021.629943769592
2012-05-07,6021.629943769592
2012-05-08,6021.629943769592
2012-05-09,6021.629943769592
2012-05-10,6021.629943769592
2012-05-11,6021.629943769592
2012-05-14,6021.629943769592
2012-05-15,6021.629943769592
2012-05-16,6021.629943769592
2012-05-17,6021.629943769592
2012-05-18,6021.629943769592
2012-05-21,6021.629943769592
2012-05-22,6021.629943769592
2012-05-23,6021.629943769592
2012-05-24,6021.629943769592
2012-05-25,6021.629943769592
2012-05-28,6021.629943769592
2012-05-29,6021.629943769592
2012-05-30,6021.629943769592
2012-05-31,6021.629943769592
2012-06-01,6021.629943769592
2012-06-04,6021.629943769592
2012-06-05,6021.629943769592
2012-06-06,6021.629943769592
2012-06-07,6021.629943769592
2012-06-08,6021.629943769592
2012-06-11,6021.629943769592
2012-06-12,6021.629943769592
2012-06-13,6021.629943769592
2012-06-14,6021.629943769592
2012-06-15,6021.629943769592
2012-06-18,6021.629943769592
2012-06-19,6021.629943769592
2012-06-20,6021.629943769592
2012-06-21,6021.629943769592
2012-06-22,6021.629943769592
2012-06-25,6021.629943769592
2012-06-26,6021.629943769592
2012-06-27,6021.629943769592
2012-06-28,6021.629943769592
2012-06-29,6021.629943769592
2012-07-02,6021.629943769592
2012-07-03,6021.629943769592
2012-07-04,6021.629943769592
2012-07-05,6021.629943769592
2012-07-06,6021.629943769592
2012-07-09,6021.629943769592
2012-07-10,6021.629943769592
2012-07-11,6021.629943769592
2012-07-12,6021.629943769592
2012-07-13,6021.629943769592
2012-07-16,6021.629943769592
2012-07-17,6021.629943769592
2012-07-18,6021.629943769592
2012-07-19,6021.629943769592
2012-07-20,6021.629943769592
2012-07-23,6021.629943769592
2012-07-24,6021.629943769592
2012-07-25,6021.629943769592
2012-07-26,6021.629943769592
2012-07-27,6021.629943769592
2012-07-30,6021.629943769592
2012-07-31,6021.629943769592
2012-08-01,6021.629943769592
2012-08-02,6021.629943769592
2012-08-03,6021.629943769592
2012-08-06,6021.629943769592
2012-08-07,6021.629943769592
2012-08-08,6021.629943769592
2012-08-09,6021.629943769592
2012-08-10,6021.629943769592
2012-08-13,6021.629943769592
2012-08-14,6021.629943769592
2012-08-15,6021.629943769592
2012-08-16,6021.629943769592
2012-08-17,6021.629943769592
2012-08-20,6021.629943769592
2012-08-21,6021.629943769592
2012-08-22,6021.629943769592
2012-08-23,6021.629943769592
2012-08-24,6021.629943769592
2012-08-27,6021.629943769592
2012-08-28,6021.629943769592
2012-08-29,6021.629943769592
2012-08-30,6021.629943769592
2012-08-31,6021.629943769592
2012-09-03,6021.629943769592
2012-09-04,6021.629943769592
2012-09-05,6021.629943769592
2012-09-06,6021.629943769592
2012-09-07,6021.629943769592
2012-09-10,6021.629943769592
2012-09-11,6021.629943769592
2012-09-12,6018.619128797707
2012-09-13,6042.645835704702
2012-09-14,6084.896744324406
2012-09-17,6142.092181557999
2012-09-18,6136.040607362845
2012-09-19,6136.040607362845
2012-09-20,6136.040607362845
2012-09-21,6136.040607362845
2012-09-24,6136.040607362845
2012-09-25,6136.040607362845
2012-09-26,6136.040607362845
2012-09-27,6136.040607362845
2012-09-28,6136.040607362845
2012-10-01,6136.040607362845
2012-10-02,6136.040607362845
2012-10-03,6136.040607362845
2012-10-04,6136.040607362845
2012-10-05,6136.040607362845
2012-10-08,6136.040607362845
2012-10-09,6136.040607362845
2012-10-10,6136.040607362845
2012-10-11,6136.040607362845
2012-10-12,6136.040607362845
2012-10-15,6136.040607362845
2012-10-16,6136.040607362845
2012-10-17,6132.972587059164
2012-10-18,6136.993846236914
2012-10-19,6111.747765994111
2012-10-22,6111.747765994111
2012-10-23,6111.747765994111
2012-10-24,6111.747765994111
2012-10-25,6111.747765994111
2012-10-26,6111.747765994111
2012-10-29,6111.747765994111
2012-10-30,6111.747765994111
2012-10-31,6111.747765994111
2012-11-01,6111.747765994111
2012-11-02,6111.747765994111
2012-11-05,6111.747765994111
2012-11-06,6111.747765994111
2012-11-07,6111.747765994111
2012-11-08,6111.747765994111
2012-11-09,6111.747765994111
2012-11-12,6111.747765994111
2012-11-13,6111.747765994111
2012-11-14,6111.747765994111
2012-11-15,6111.747765994111
2012-11-16,6111.747765994111
2012-11-19,6111.747765994111
2012-11-20,6111.747765994111
2012-11-21,6111.747765994111
2012-11-22,6111.747765994111
2012-11-23,6111.747765994111
2012-11-26,6108.691892111115
2012-11-27,6118.600625602679
2012-11-28,6092.540821357544
2012-11-29,6092.540821357544
2012-11-30,6092.540821357544
2012-12-03,6089.494550946865
2012-12-05,6137.326737791272
2012-12-06,6120.6059901388635
2012-12-07,6120.6059901388635
2012-12-10,6120.6059901388635
2012-12-11,6120.6059901388635
2012-12-12,6120.6059901388635
2012-12-13,6120.6059901388635
2012-12-14,6120.6059901388635
2012-12-17,6117.545687143795
2012-12-18,6114.00388709161
2012-12-19,6110.946885148064
2012-12-20,6100.619345390842
2012-12-21,6097.569035718147
2012-12-24,6068.825736114563
2012-12-25,6068.825736114563
2012-12-26,6068.825736114563
2012-12-27,6068.825736114563
2012-12-28,6065.791323246506
2012-12-31,6052.3988665593915
2013-01-01,6052.3988665593915
2013-01-02,6052.3988665593915
2013-01-03,6052.3988665593915
2013-01-04,6052.3988665593915
2013-01-07,6052.3988665593915
2013-01-08,6052.3988665593915
2013-01-09,6052.3988665593915
2013-01-10,6052.3988665593915
2013-01-11,6049.372667126112
2013-01-14,6089.734264562355
2013-01-15,6096.980778493252
2013-01-16,6062.204543750859
2013-01-17,6062.204543750859
2013-01-18,6062.204543750859
2013-01-21,6062.204543750859
2013-01-22,6062.204543750859
2013-01-23,6062.204543750859
2013-01-24,6062.204543750859
2013-01-25,6062.204543750859
2013-01-28,6059.1734414789835
2013-01-29,6047.256793979394
2013-01-30,6044.233165582405
2013-01-31,6078.498082011897
2013-02-01,6097.579519126426
2013-02-04,6114.450662348214
2013-02-05,6049.699303703911
2013-02-06,6049.699303703911
2013-02-07,6049.699303703911
2013-02-08,6049.699303703911
2013-02-11,6049.699303703911
2013-02-12,6049.699303703911
2013-02-13,6049.699303703911
2013-02-14,6049.699303703911
2013-02-15,6049.699303703911
2013-02-18,6049.699303703911
2013-02-19,6049.699303703911
2013-02-20,6049.699303703911
2013-02-21,6049.699303703911
2013-02-22,6049.699303703911
2013-02-25,6049.699303703911
2013-02-26,6049.699303703911
2013-02-27,6049.699303703911
2013-02-28,6049.699303703911
2013-03-01,6049.699303703911
2013-03-04,6049.699303703911
2013-03-05,6049.699303703911
2013-03-06,6049.699303703911
2013-03-07,6049.699303703911
2013-03-08,6049.699303703911
2013-03-11,6049.699303703911
2013-03-12,6049.699303703911
2013-03-13,6049.699303703911
2013-03-14,6049.699303703911
2013-03-15,6049.699303703911
2013-03-18,6049.699303703911
2013-03-19,6049.699303703911
2013-03-20,6049.699303703911
2013-03-21,6049.699303703911
2013-03-22,6049.699303703911
2013-03-25,6049.699303703911
2013-03-26,6049.699303703911
2013-03-27,6049.699303703911
2013-03-28,6049.699303703911
2013-03-29,6049.699303703911
2013-04-01,6049.699303703911
2013-04-02,6049.699303703911
2013-04-03,6049.699303703911
2013-04-04,6049.699303703911
2013-04-05,6049.699303703911
2013-04-08,6049.699303703911
2013-04-09,6049.699303703911
2013-04-10,6046.674454052059
2013-04-11,6032.1144073107325
2013-04-12,6029.098350107078
2013-04-15,6018.971691586303
2013-04-16,6018.971691586303
2013-04-17,6015.96220574051
2013-04-18,5946.958376302387
2013-04-19,5946.958376302387
2013-04-22,5946.958376302387
2013-04-23,5946.958376302387
2013-04-24,5946.958376302387
2013-04-25,5946.958376302387
2013-04-26,5946.958376302387
2013-04-29,5946.958376302387
2013-04-30,5946.958376302387
2013-05-01,5946.958376302387
2013-05-02,5943.9848971142355
2013-05-03,5887.969156701509
2013-05-06,5887.969156701509
2013-05-07,5887.969156701509
2013-05-08,5887.969156701509
2013-05-09,5887.969156701509
2013-05-10,5887.969156701509
2013-05-13,5887.969156701509
2013-05-14,5887.969156701509
2013-05-15,5887.969156701509
2013-05-16,5887.969156701509
2013-05-17,5887.969156701509
2013-05-20,5887.969156701509
2013-05-21,5887.969156701509
2013-05-22,5887.969156701509
2013-05-23,5887.969156701509
2013-05-24,5887.969156701509
2013-05-27,5887.969156701509
2013-05-28,5887.969156701509
2013-05-29,5887.969156701509
2013-05-30,5887.969156701509
2013-05-31,5887.969156701509
2013-06-03,5887.969156701509
2013-06-04,5887.969156701509
2013-06-05,5887.969156701509
2013-06-06,5887.969156701509
2013-06-07,5885.025172123158
2013-06-10,5872.5025200420805
2013-06-11,5872.5025200420805
2013-06-12,5872.5025200420805
2013-06-13,5869.5662687820595
2013-06-14,5882.028574732201
2013-06-17,5870.601300044054
2013-06-18,5870.601300044054
2013-06-19,5867.665999394033
2013-06-20,5821.599898773599
2013-06-21,5821.599898773599
2013-06-24,5821.599898773599
2013-06-25,5821.599898773599
2013-06-26,5821.599898773599
2013-06-27,5821.599898773599
2013-06-28,5821.599898773599
2013-07-01,5821.599898773599
2013-07-02,5821.599898773599
2013-07-03,5821.599898773599
2013-07-04,5821.599898773599
2013-07-05,5821.599898773599
2013-07-08,5821.599898773599
2013-07-09,5821.599898773599
2013-07-10,5821.599898773599
2013-07-11,5821.599898773599
2013-07-12,5821.599898773599
2013-07-15,5821.599898773599
2013-07-16,5821.599898773599
2013-07-17,5821.599898773599
2013-07-18,5821.599898773599
2013-07-19,5821.599898773599
2013-07-22,5821.599898773599
2013-07-23,5818.689098824213
2013-07-24,5833.213384077316
2013-07-25,5815.967666315305
2013-07-26,5813.059682482148
2013-07-29,5818.849903960095
2013-07-30,5805.5116970622375
2013-07-31,5805.5116970622375
2013-08-01,5802.608941213707
2013-08-02,5760.55420771591
2013-08-05,5760.55420771591
2013-08-06,5760.55420771591
2013-08-07,5757.673930612053
2013-08-08,5771.866905131772
2013-08-09,5788.7551389716
2013-08-12,5768.227876404546
2013-08-13,5768.227876404546
2013-08-14,5768.227876404546
2013-08-15,5768.227876404546
2013-08-16,5768.227876404546
2013-08-19,5768.227876404546
2013-08-20,5768.227876404546
2013-08-21,5765.343762466344
2013-08-22,5728.823541392619
2013-08-23,5728.823541392619
2013-08-26,5728.823541392619
2013-08-27,5728.823541392619
2013-08-28,5728.823541392619
2013-08-29,5728.823541392619
2013-08-30,5728.823541392619
2013-09-02,5728.823541392619
2013-09-03,5728.823541392619
2013-09-04,5728.823541392619
2013-09-05,5728.823541392619
2013-09-06,5728.823541392619
2013-09-09,5728.823541392619
2013-09-10,5728.823541392619
2013-09-11,5728.823541392619
2013-09-12,5728.823541392619
2013-09-13,5728.823541392619
2013-09-16,5728.823541392619
2013-09-17,5728.823541392619
2013-09-18,5728.823541392619
2013-09-19,5725.959129621922
2013-09-20,5730.684255247824
2013-09-23,5730.83971911274
2013-09-24,5712.869162913322
2013-09-25,5712.869162913322
2013-09-26,5712.869162913322
2013-09-27,5712.869162913322
2013-09-30,5712.869162913322
2013-10-01,5712.869162913322
2013-10-02,5712.869162913322
2013-10-03,5710.012728331865
2013-10-04,5723.92100786996
2013-10-07,5698.255281792844
2013-10-09,5698.255281792844
2013-10-10,5698.255281792844
2013-10-11,5698.255281792844
2013-10-14,5698.255281792844
2013-10-15,5698.255281792844
2013-10-16,5698.255281792844
2013-10-17,5698.255281792844
2013-10-18,5695.406154151948
2013-10-21,5701.6368058280705
2013-10-22,5696.290129272299
2013-10-23,5693.441984207663
2013-10-24,5694.462043018627
2013-10-25,5703.965002423276
2013-10-28,5704.51667377002
2013-10-29,5695.053016684794
2013-10-30,5695.053016684794
2013-10-31,5695.053016684794
2013-11-01,5695.053016684794
2013-11-04,5695.053016684794
2013-11-05,5695.053016684794
2013-11-06,5695.053016684794
2013-11-07,5695.053016684794
2013-11-08,5695.053016684794
2013-11-11,5695.053016684794
2013-11-12,5695.053016684794
2013-11-13,5695.053016684794
2013-11-14,5695.053016684794
2013-11-15,5695.053016684794
2013-11-18,5695.053016684794
2013-11-19,5695.053016684794
2013-11-20,5695.053016684794
2013-11-21,5695.053016684794
2013-11-22,5695.053016684794
2013-11-25,5695.053016684794
2013-11-26,5695.053016684794
2013-11-27,5695.053016684794
2013-11-28,5695.053016684794
2013-11-29,5692.205490176451
2013-12-02,5681.4664144700455
2013-12-03,5681.4664144700455
2013-12-04,5681.4664144700455
2013-12-05,5681.4664144700455
2013-12-06,5678.625681262811
2013-12-09,5693.782988374517
2013-12-10,5707.769662373453
2013-12-11,5717.817381019683
2013-12-12,5726.796253843764
2013-12-13,5709.266544411895
2013-12-16,5709.266544411895
2013-12-17,5709.266544411895
2013-12-18,5709.266544411895
2013-12-19,5709.266544411895
2013-12-20,5709.266544411895
2013-12-23,5709.266544411895
2013-12-24,5709.266544411895
2013-12-25,5709.266544411895
2013-12-26,5709.266544411895
2013-12-27,5709.266544411895
2013-12-30,5709.266544411895
2013-12-31,5706.411911139689
2014-01-01,5676.591783204274
2014-01-02,5676.591783204274
2014-01-03,5676.591783204274
2014-01-06,5676.591783204274
2014-01-07,5676.591783204274
2014-01-08,5676.591783204274
2014-01-09,5676.591783204274
2014-01-10,5676.591783204274
2014-01-13,5676.591783204274
2014-01-14,5676.591783204274
2014-01-15,5676.591783204274
2014-01-16,5676.591783204274
2014-01-17,5676.591783204274
2014-01-20,5676.591783204274
2014-01-21,5676.591783204274
2014-01-22,5676.591783204274
2014-01-23,5676.591783204274
2014-01-24,5676.591783204274
2014-01-27,5676.591783204274
2014-01-28,5676.591783204274
2014-01-29,5676.591783204274
2014-01-30,5676.591783204274
2014-01-31,5676.591783204274
2014-02-03,5676.591783204274
2014-02-04,5676.591783204274
2014-02-05,5676.591783204274
2014-02-06,5676.591783204274
2014-02-07,5676.591783204274
2014-02-10,5676.591783204274
2014-02-11,5676.591783204274
2014-02-12,5676.591783204274
2014-02-13,5676.591783204274
2014-02-14,5676.591783204274
2014-02-17,5673.753487312672
2014-02-18,5675.619360640428
2014-02-19,5699.3924268258825
2014-02-20,5683.459147869684
2014-02-21,5683.459147869684
2014-02-24,5683.459147869684
2014-02-25,5683.459147869684
2014-02-26,5683.459147869684
2014-02-27,5683.459147869684
2014-02-28,5683.459147869684
2014-03-03,5680.617418295749
2014-03-04,5661.287833981641
2014-03-05,5661.287833981641
2014-03-06,5661.287833981641
2014-03-07,5658.457190064651
2014-03-10,5664.81507446236
2014-03-11,5664.893412151585
2014-03-12,5653.576082152488
2014-03-13,5650.749294111412
2014-03-14,5631.996603744034
2014-03-17,5629.180605442162
2014-03-18,5634.6652602701515
2014-03-19,5636.3921742052
2014-03-20,5588.215215737612
2014-03-21,5588.215215737612
2014-03-24,5588.215215737612
2014-03-25,5588.215215737612
2014-03-26,5588.215215737612
2014-03-27,5588.215215737612
2014-03-28,5588.215215737612
2014-03-31,5588.215215737612
2014-04-01,5588.215215737612
2014-04-02,5588.215215737612
2014-04-03,5588.215215737612
2014-04-04,5588.215215737612
2014-04-07,5588.215215737612
2014-04-08,5588.215215737612
2014-04-09,5588.215215737612
2014-04-10,5588.215215737612
2014-04-11,5588.215215737612
2014-04-14,5588.215215737612
2014-04-15,5588.215215737612
2014-04-16,5588.215215737612
2014-04-17,5588.215215737612
2014-04-18,5588.215215737612
2014-04-21,5588.215215737612
2014-04-22,5588.215215737612
2014-04-23,5588.215215737612
2014-04-24,5588.215215737612
2014-04-25,5588.215215737612
2014-04-28,5588.215215737612
2014-04-29,5588.215215737612
2014-04-30,5588.215215737612
2014-05-01,5588.215215737612
2014-05-02,5588.215215737612
2014-05-05,5588.215215737612
2014-05-06,5588.215215737612
2014-05-07,5585.4211081297435
2014-05-08,5575.008784515326
2014-05-09,5575.008784515326
2014-05-12,5575.008784515326
2014-05-13,5575.008784515326
2014-05-14,5575.008784515326
2014-05-15,5575.008784515326
2014-05-16,5575.008784515326
2014-05-19,5575.008784515326
2014-05-20,5575.008784515326
2014-05-21,5575.008784515326
2014-05-22,5575.008784515326
2014-05-23,5575.008784515326
2014-05-26,5575.008784515326
2014-05-27,5575.008784515326
2014-05-28,5575.008784515326
2014-05-29,5575.008784515326
2014-05-30,5575.008784515326
2014-06-02,5575.008784515326
2014-06-03,5575.008784515326
2014-06-04,5575.008784515326
2014-06-05,5575.008784515326
2014-06-06,5575.008784515326
2014-06-09,5575.008784515326
2014-06-10,5575.008784515326
2014-06-11,5575.008784515326
2014-06-12,5575.008784515326
2014-06-13,5575.008784515326
2014-06-16,5575.008784515326
2014-06-17,5575.008784515326
2014-06-18,5575.008784515326
2014-06-19,5575.008784515326
2014-06-20,5575.008784515326
2014-06-23,5575.008784515326
2014-06-24,5575.008784515326
2014-06-25,5575.008784515326
2014-06-26,5575.008784515326
2014-06-27,5575.008784515326
2014-06-30,5575.008784515326
2014-07-01,5572.221280123068
2014-07-02,5564.249089910349
2014-07-03,5564.249089910349
2014-07-04,5564.249089910349
2014-07-07,5564.249089910349
2014-07-08,5564.249089910349
2014-07-09,5564.249089910349
2014-07-10,5564.249089910349
2014-07-11,5564.249089910349
2014-07-14,5564.249089910349
2014-07-15,5564.249089910349
2014-07-16,5564.249089910349
2014-07-17,5564.249089910349
2014-07-18,5564.249089910349
2014-07-21,5564.249089910349
2014-07-22,5564.249089910349
2014-07-23,5564.249089910349
2014-07-24,5564.249089910349
2014-07-25,5564.249089910349
2014-07-28,5564.249089910349
2014-07-29,5564.249089910349
2014-07-30,5564.249089910349
2014-07-31,5564.249089910349
2014-08-01,5564.249089910349
2014-08-04,5564.249089910349
2014-08-05,5564.249089910349
2014-08-06,5564.249089910349
2014-08-07,5564.249089910349
2014-08-08,5564.249089910349
2014-08-11,5564.249089910349
2014-08-12,5564.249089910349
2014-08-13,5564.249089910349
2014-08-14,5564.249089910349
2014-08-15,5564.249089910349
2014-08-18,5564.249089910349
2014-08-19,5564.249089910349
2014-08-20,5564.249089910349
2014-08-21,5564.249089910349
2014-08-22,5564.249089910349
2014-08-25,5564.249089910349
2014-08-26,5564.249089910349
2014-08-27,5564.249089910349
2014-08-28,5564.249089910349
2014-08-29,5564.249089910349
2014-09-01,5564.249089910349
2014-09-02,5564.249089910349
2014-09-03,5564.249089910349
2014-09-04,5564.249089910349
2014-09-05,5564.249089910349
2014-09-08,5564.249089910349
2014-09-09,5564.249089910349
2014-09-10,5564.249089910349
2014-09-11,5564.249089910349
2014-09-12,5564.249089910349
2014-09-15,5564.249089910349
2014-09-16,5564.249089910349
2014-09-17,5564.249089910349
2014-09-18,5564.249089910349
2014-09-19,5564.249089910349
2014-09-22,5564.249089910349
2014-09-23,5564.249089910349
2014-09-24,5564.249089910349
2014-09-25,5564.249089910349
2014-09-26,5564.249089910349
2014-09-29,5564.249089910349
2014-09-30,5564.249089910349
2014-10-01,5564.249089910349
2014-10-02,5564.249089910349
2014-10-03,5564.249089910349
2014-10-06,5564.249089910349
2014-10-07,5564.249089910349
2014-10-08,5564.249089910349
2014-10-09,5564.249089910349
2014-10-10,5564.249089910349
2014-10-13,5564.249089910349
2014-10-14,5564.249089910349
2014-10-15,5564.249089910349
2014-10-16,5564.249089910349
2014-10-17,5564.249089910349
2014-10-20,5564.249089910349
2014-10-21,5564.249089910349
2014-10-22,5564.249089910349
2014-10-23,5564.249089910349
2014-10-24,5564.249089910349
2014-10-27,5564.249089910349
2014-10-28,5564.249089910349
2014-10-29,5564.249089910349
2014-10-30,5564.249089910349
2014-10-31,5564.249089910349
2014-11-03,5564.249089910349
2014-11-04,5564.249089910349
2014-11-05,5564.249089910349
2014-11-06,5564.249089910349
2014-11-07,5564.249089910349
2014-11-10,5564.249089910349
2014-11-11,5564.249089910349
2014-11-12,5564.249089910349
2014-11-13,5564.249089910349
2014-11-14,5564.249089910349
2014-11-17,5564.249089910349
2014-11-18,5564.249089910349
2014-11-19,5564.249089910349
2014-11-20,5564.249089910349
2014-11-21,5564.249089910349
2014-11-24,5564.249089910349
2014-11-25,5564.249089910349
2014-11-26,5564.249089910349
2014-11-27,5564.249089910349
2014-11-28,5564.249089910349
2014-12-01,5564.249089910349
2014-12-02,5564.249089910349
2014-12-03,5564.249089910349
2014-12-04,5564.249089910349
2014-12-05,5564.249089910349
2014-12-08,5564.249089910349
2014-12-09,5564.249089910349
2014-12-10,5564.249089910349
2014-12-11,5564.249089910349
2014-12-12,5564.249089910349
2014-12-15,5564.249089910349
2014-12-16,5564.249089910349
2014-12-17,5564.249089910349
2014-12-18,5564.249089910349
2014-12-19,5564.249089910349
2014-12-22,5564.249089910349
2014-12-23,5564.249089910349
2014-12-24,5564.249089910349
2014-12-25,5564.249089910349
2014-12-26,5564.249089910349
2014-12-29,5564.249089910349
2014-12-30,5564.249089910349
2014-12-31,5564.249089910349
2015-01-01,5564.249089910349
2015-01-02,5564.249089910349
2015-01-05,5564.249089910349
2015-01-06,5564.249089910349
2015-01-07,5564.249089910349
2015-01-08,5564.249089910349
2015-01-09,5564.249089910349
2015-01-12,5564.249089910349
2015-01-13,5564.249089910349
2015-01-14,5564.249089910349
2015-01-15,5564.249089910349
2015-01-16,5564.249089910349
2015-01-19,5564.249089910349
2015-01-20,5564.249089910349
2015-01-21,5564.249089910349
2015-01-22,5564.249089910349
2015-01-23,5564.249089910349
2015-01-26,5564.249089910349
2015-01-27,5564.249089910349
2015-01-28,5564.249089910349
2015-01-29,5564.249089910349
2015-01-30,5564.249089910349
2015-02-02,5564.249089910349
2015-02-03,5564.249089910349
2015-02-04,5564.249089910349
2015-02-05,5564.249089910349
2015-02-06,5564.249089910349
2015-02-09,5564.249089910349
2015-02-10,5564.249089910349
2015-02-11,5564.249089910349
2015-02-12,5564.249089910349
2015-02-13,5564.249089910349
2015-02-16,5564.249089910349
2015-02-17,5564.249089910349
2015-02-18,5564.249089910349
2015-02-19,5564.249089910349
2015-02-20,5564.249089910349
2015-02-23,5564.249089910349
2015-02-24,5564.249089910349
2015-02-25,5564.249089910349
2015-02-26,5564.249089910349
2015-02-27,5564.249089910349
2015-03-02,5564.249089910349
2015-03-03,5564.249089910349
2015-03-04,5564.249089910349
2015-03-05,5564.249089910349
2015-03-06,5564.249089910349
2015-03-09,5564.249089910349
2015-03-10,5564.249089910349
2015-03-11,5564.249089910349
2015-03-12,5564.249089910349
2015-03-13,5564.249089910349
2015-03-16,5564.249089910349
2015-03-17,5564.249089910349
2015-03-18,5564.249089910349
2015-03-19,5564.249089910349
2015-03-20,5564.249089910349
2015-03-23,5564.249089910349
2015-03-24,5564.249089910349
2015-03-25,5564.249089910349
2015-03-26,5564.249089910349
2015-03-27,5564.249089910349
2015-03-30,5564.249089910349
2015-03-31,5564.249089910349
2015-04-01,5564.249089910349
2015-04-02,5564.249089910349
2015-04-03,5564.249089910349
2015-04-06,5564.249089910349
2015-04-07,5564.249089910349
2015-04-08,5564.249089910349
2015-04-09,5564.249089910349
2015-04-10,5564.249089910349
2015-04-13,5564.249089910349
2015-04-14,5564.249089910349
2015-04-15,5564.249089910349
2015-04-16,5564.249089910349
2015-04-17,5564.249089910349
2015-04-20,5564.249089910349
2015-04-21,5564.249089910349
2015-04-22,5564.249089910349
2015-04-23,5564.249089910349
2015-04-24,5564.249089910349
2015-04-27,5564.249089910349
2015-04-28,5564.249089910349
2015-04-29,5564.249089910349
2015-04-30,5564.249089910349
2015-05-01,5564.249089910349
2015-05-04,5564.249089910349
2015-05-05,5564.249089910349
2015-05-06,5564.249089910349
2015-05-07,5564.249089910349
2015-05-08,5564.249089910349
2015-05-11,5564.249089910349
2015-05-12,5564.249089910349
2015-05-13,5564.249089910349
2015-05-14,5564.249089910349
2015-05-15,5564.249089910349
2015-05-18,5564.249089910349
2015-05-19,5564.249089910349
2015-05-20,5564.249089910349
2015-05-21,5564.249089910349
2015-05-22,5564.249089910349
2015-05-25,5564.249089910349
2015-05-26,5564.249089910349
2015-05-27,5564.249089910349
2015-05-28,5564.249089910349
2015-05-29,5564.249089910349
2015-06-01,5564.249089910349
2015-06-02,5564.249089910349
2015-06-03,5564.249089910349
2015-06-04,5564.249089910349
2015-06-05,5564.249089910349
2015-06-08,5564.249089910349
2015-06-09,5564.249089910349
2015-06-10,5564.249089910349
2015-06-11,5564.249089910349
2015-06-12,5564.249089910349
2015-06-15,5564.249089910349
2015-06-16,5564.249089910349
2015-06-17,5564.249089910349
2015-06-18,5564.249089910349
2015-06-19,5564.249089910349
2015-06-22,5564.249089910349
2015-06-23,5564.249089910349
2015-06-24,5564.249089910349
2015-06-25,5564.249089910349
2015-06-26,5564.249089910349
2015-06-29,5564.249089910349
2015-06-30,5564.249089910349
2015-07-01,5564.249089910349
2015-07-02,5564.249089910349
2015-07-03,5564.249089910349
2015-07-06,5564.249089910349
2015-07-07,5564.249089910349
2015-07-08,5564.249089910349
2015-07-09,5564.249089910349
2015-07-10,5564.249089910349
2015-07-13,5564.249089910349
2015-07-14,5564.249089910349
2015-07-15,5564.249089910349
2015-07-16,5564.249089910349
2015-07-17,5564.249089910349
2015-07-20,5564.249089910349
2015-07-21,5564.249089910349
2015-07-22,5564.249089910349
2015-07-23,5564.249089910349
2015-07-24,5564.249089910349
2015-07-27,5564.249089910349
2015-07-28,5564.249089910349
2015-07-29,5564.249089910349
2015-07-30,5564.249089910349
2015-07-31,5564.249089910349
2015-08-03,5564.249089910349
2015-08-04,5564.249089910349
2015-08-05,5564.249089910349
2015-08-06,5564.249089910349
2015-08-07,5564.249089910349
2015-08-10,5564.249089910349
2015-08-11,5564.249089910349
2015-08-12,5564.249089910349
2015-08-13,5564.249089910349
2015-08-14,5564.249089910349
2015-08-17,5564.249089910349
2015-08-18,5564.249089910349
2015-08-19,5564.249089910349
2015-08-20,5564.249089910349
2015-08-21,5564.249089910349
2015-08-24,5564.249089910349
2015-08-25,5564.249089910349
2015-08-26,5564.249089910349
2015-08-27,5564.249089910349
2015-08-28,5564.249089910349
2015-08-31,5564.249089910349
2015-09-01,5564.249089910349
2015-09-02,5564.249089910349
2015-09-03,5564.249089910349
2015-09-04,5564.249089910349
2015-09-07,5564.249089910349
2015-09-08,5564.249089910349
2015-09-09,5564.249089910349
2015-09-10,5564.249089910349
2015-09-11,5564.249089910349
2015-09-14,5564.249089910349
2015-09-15,5564.249089910349
2015-09-16,5564.249089910349
2015-09-17,5564.249089910349
2015-09-18,5564.249089910349
2015-09-21,5564.249089910349
2015-09-22,5564.249089910349
2015-09-23,5564.249089910349
2015-09-24,5564.249089910349
2015-09-25,5564.249089910349
2015-09-28,5564.249089910349
2015-09-29,5564.249089910349
2015-09-30,5564.249089910349
2015-10-01,5564.249089910349
2015-10-02,5564.249089910349
2015-10-05,5564.249089910349
2015-10-06,5564.249089910349
2015-10-07,5564.249089910349
2015-10-08,5564.249089910349
2015-10-09,5564.249089910349
2015-10-12,5564.249089910349
2015-10-13,5564.249089910349
2015-10-14,5564.249089910349
2015-10-15,5564.249089910349
2015-10-16,5564.249089910349
2015-10-19,5564.249089910349
2015-10-20,5564.249089910349
2015-10-21,5564.249089910349
2015-10-22,5564.249089910349
2015-10-23,5564.249089910349
2015-10-26,5564.249089910349
2015-10-27,5564.249089910349
2015-10-28,5564.249089910349
2015-10-29,5564.249089910349
2015-10-30,5564.249089910349
2015-11-02,5564.249089910349
2015-11-03,5564.249089910349
2015-11-04,5564.249089910349
2015-11-05,5564.249089910349
2015-11-06,5564.249089910349
2015-11-09,5564.249089910349
2015-11-10,5564.249089910349
2015-11-11,5564.249089910349
2015-11-12,5564.249089910349
2015-11-13,5564.249089910349
2015-11-16,5564.249089910349
2015-11-17,5564.249089910349
2015-11-18,5564.249089910349
2015-11-19,5564.249089910349
2015-11-20,5564.249089910349
2015-11-23,5564.249089910349
2015-11-24,5564.249089910349
2015-11-25,5564.249089910349
2015-11-26,5564.249089910349
2015-11-27,5564.249089910349
2015-11-30,5564.249089910349
2015-12-01,5564.249089910349
2015-12-02,5564.249089910349
2015-12-03,5564.249089910349
2015-12-04,5564.249089910349
2015-12-07,5564.249089910349
2015-12-08,5564.249089910349
2015-12-09,5564.249089910349
2015-12-10,5564.249089910349
2015-12-11,5564.249089910349
2015-12-14,5564.249089910349
2015-12-15,5564.249089910349
2015-12-16,5564.249089910349
2015-12-17,5564.249089910349
2015-12-18,5564.249089910349
2015-12-21,5564.249089910349
2015-12-22,5564.249089910349
2015-12-23,5564.249089910349
2015-12-24,5564.249089910349
2015-12-25,5564.249089910349
2015-12-28,5564.249089910349
2015-12-29,5564.249089910349
2015-12-30,5564.249089910349
2015-12-31,5564.249089910349
2016-01-01,5564.249089910349
2016-01-04,5564.249089910349
2016-01-05,5564.249089910349
2016-01-06,5564.249089910349
2016-01-07,5564.249089910349
2016-01-08,5564.249089910349
2016-01-11,5564.249089910349
2016-01-12,5564.249089910349
2016-01-13,5564.249089910349
2016-01-14,5564.249089910349
2016-01-15,5564.249089910349
2016-01-18,5564.249089910349
2016-01-19,5564.249089910349
2016-01-20,5564.249089910349
2016-01-21,5564.249089910349
2016-01-22,5564.249089910349
2016-01-25,5564.249089910349
2016-01-26,5564.249089910349
2016-01-27,5564.249089910349
2016-01-28,5564.249089910349
2016-01-29,5564.249089910349
2016-02-01,5564.249089910349
2016-02-02,5564.249089910349
2016-02-03,5564.249089910349
2016-02-04,5561.466965365394
2016-02-05,5615.827443258865
2016-02-08,5585.412431647694
2016-02-09,5585.412431647694
2016-02-10,5582.61972543187
2016-02-11,5575.355569414714
2016-02-12,5572.567891630008
2016-02-15,5524.304432454891
2016-02-16,5524.304432454891
2016-02-17,5524.304432454891
2016-02-18,5524.304432454891
2016-02-19,5524.304432454891
2016-02-22,5524.304432454891
2016-02-23,5524.304432454891
2016-02-24,5524.304432454891
2016-02-25,5524.304432454891
2016-02-26,5524.304432454891
2016-02-29,5524.304432454891
2016-03-01,5524.304432454891
2016-03-02,5524.304432454891
2016-03-03,5524.304432454891
2016-03-04,5524.304432454891
2016-03-07,5524.304432454891
2016-03-08,5524.304432454891
2016-03-09,5524.304432454891
2016-03-10,5524.304432454891
2016-03-11,5524.304432454891
2016-03-14,5524.304432454891
2016-03-15,5524.304432454891
2016-03-16,5524.304432454891
2016-03-17,5521.542280238664
2016-03-18,5570.072888628755
2016-03-21,5548.092637734999
2016-03-22,5548.092637734999
2016-03-23,5548.092637734999
2016-03-24,5548.092637734999
2016-03-25,5548.092637734999
2016-03-28,5548.092637734999
2016-03-29,5548.092637734999
2016-03-30,5548.092637734999
2016-03-31,5545.318591416131
2016-04-01,5567.2983183399065
2016-04-04,5572.368768324316
2016-04-05,5569.075168441082
2016-04-06,5569.075168441082
2016-04-07,5566.290630856862
2016-04-08,5548.355739254874
2016-04-11,5548.355739254874
2016-04-12,5545.5815613852465
2016-04-13,5529.218160292837
2016-04-14,5529.218160292837
2016-04-15,5529.218160292837
2016-04-18,5529.218160292837
2016-04-19,5529.218160292837
2016-04-20,5529.218160292837
2016-04-21,5529.218160292837
2016-04-22,5529.218160292837
2016-04-25,5529.218160292837
2016-04-26,5529.218160292837
2016-04-27,5529.218160292837
2016-04-28,5529.218160292837
2016-04-29,5529.218160292837
2016-05-02,5526.45355121269
2016-05-03,5556.2448277571975
2016-05-04,5543.358082875676
2016-05-05,5543.358082875676
2016-05-06,5543.358082875676
2016-05-09,5543.358082875676
2016-05-10,5543.358082875676
2016-05-11,5543.358082875676
2016-05-12,5543.358082875676
2016-05-13,5543.358082875676
2016-05-16,5543.358082875676
2016-05-17,5543.358082875676
2016-05-18,5543.358082875676
2016-05-19,5543.358082875676
2016-05-20,5543.358082875676
2016-05-23,5543.358082875676
2016-05-24,5543.358082875676
2016-05-25,5543.358082875676
2016-05-26,5543.358082875676
2016-05-27,5543.358082875676
2016-05-30,5543.358082875676
2016-05-31,5543.358082875676
2016-06-01,5543.358082875676
2016-06-02,5543.358082875676
2016-06-03,5543.358082875676
2016-06-06,5543.358082875676
2016-06-07,5543.358082875676
2016-06-08,5543.358082875676
2016-06-09,5543.358082875676
2016-06-10,5543.358082875676
2016-06-13,5543.358082875676
2016-06-14,5543.358082875676
2016-06-15,5543.358082875676
2016-06-16,5543.358082875676
2016-06-17,5543.358082875676
2016-06-20,5543.358082875676
2016-06-21,5543.358082875676
2016-06-22,5543.358082875676
2016-06-23,5543.358082875676
2016-06-24,5543.358082875676
2016-06-27,5543.358082875676
2016-06-28,5543.358082875676
2016-06-29,5543.358082875676
2016-06-30,5543.358082875676
2016-07-01,5543.358082875676
2016-07-04,5543.358082875676
2016-07-05,5543.358082875676
2016-07-06,5543.358082875676
2016-07-07,5543.358082875676
2016-07-08,5543.358082875676
2016-07-11,5543.358082875676
2016-07-12,5543.358082875676
2016-07-13,5543.358082875676
2016-07-14,5543.358082875676
2016-07-15,5543.358082875676
2016-07-18,5543.358082875676
2016-07-19,5543.358082875676
2016-07-20,5543.358082875676
2016-07-21,5543.358082875676
2016-07-22,5543.358082875676
2016-07-25,5543.358082875676
2016-07-26,5543.358082875676
2016-07-27,5543.358082875676
2016-07-28,5543.358082875676
2016-07-29,5543.358082875676
2016-08-01,5540.586403834238
2016-08-02,5537.816110632321
2016-08-03,5535.047202577006
2016-08-04,5498.848300360622
2016-08-05,5498.848300360622
2016-08-08,5498.848300360622
2016-08-09,5498.848300360622
2016-08-10,5498.848300360622
2016-08-11,5498.848300360622
2016-08-12,5498.848300360622
2016-08-15,5498.848300360622
2016-08-16,5498.848300360622
2016-08-17,5496.098876210442
2016-08-18,5507.265671676818
2016-08-19,5531.83716279571
2016-08-22,5504.014832767245
2016-08-23,5504.014832767245
2016-08-24,5504.014832767245
2016-08-25,5504.014832767245
2016-08-26,5504.014832767245
2016-08-29,5504.014832767245
2016-08-30,5504.014832767245
2016-08-31,5504.014832767245
2016-09-01,5504.014832767245
2016-09-02,5504.014832767245
2016-09-05,5504.014832767245
2016-09-06,5504.014832767245
2016-09-07,5504.014832767245
2016-09-08,5504.014832767245
2016-09-09,5504.014832767245
2016-09-12,5504.014832767245
2016-09-13,5504.014832767245
2016-09-14,5504.014832767245
2016-09-15,5504.014832767245
2016-09-16,5504.014832767245
2016-09-19,5504.014832767245
2016-09-20,5504.014832767245
2016-09-21,5504.014832767245
2016-09-22,5504.014832767245
2016-09-23,5504.014832767245
2016-09-26,5504.014832767245
2016-09-27,5504.014832767245
2016-09-28,5504.014832767245
2016-09-29,5504.014832767245
2016-09-30,5504.014832767245
2016-10-03,5504.014832767245
2016-10-04,5504.014832767245
2016-10-05,5504.014832767245
2016-10-06,5504.014832767245
2016-10-07,5504.014832767245
2016-10-10,5504.014832767245
2016-10-11,5504.014832767245
2016-10-12,5504.014832767245
2016-10-13,5504.014832767245
2016-10-14,5504.014832767245
2016-10-17,5504.014832767245
2016-10-18,5504.014832767245
2016-10-19,5504.014832767245
2016-10-20,5504.014832767245
2016-10-21,5504.014832767245
2016-10-24,5504.014832767245
2016-10-25,5504.014832767245
2016-10-26,5504.014832767245
2016-10-27,5504.014832767245
2016-10-28,5504.014832767245
2016-10-31,5504.014832767245
2016-11-01,5504.014832767245
2016-11-02,5504.014832767245
2016-11-03,5504.014832767245
2016-11-04,5504.014832767245
2016-11-07,5504.014832767245
2016-11-08,5504.014832767245
2016-11-09,5504.014832767245
2016-11-10,5504.014832767245
2016-11-11,5504.014832767245
2016-11-14,5504.014832767245
2016-11-15,5504.014832767245
2016-11-16,5504.014832767245
2016-11-17,5504.014832767245
2016-11-18,5504.014832767245
2016-11-21,5504.014832767245
2016-11-22,5504.014832767245
2016-11-23,5504.014832767245
2016-11-24,5504.014832767245
2016-11-25,5504.014832767245
2016-11-28,5504.014832767245
2016-11-29,5504.014832767245
2016-11-30,5504.014832767245
2016-12-01,5504.014832767245
2016-12-02,5504.014832767245
2016-12-05,5504.014832767245
2016-12-06,5504.014832767245
2016-12-07,5504.014832767245
2016-12-08,5504.014832767245
2016-12-09,5504.014832767245
2016-12-12,5504.014832767245
2016-12-13,5504.014832767245
2016-12-14,5504.014832767245
2016-12-15,5504.014832767245
2016-12-16,5504.014832767245
2016-12-19,5504.014832767245
2016-12-20,5504.014832767245
2016-12-21,5504.014832767245
2016-12-22,5504.014832767245
2016-12-23,5504.014832767245
2016-12-26,5504.014832767245
2016-12-27,5504.014832767245
2016-12-28,5504.014832767245
2016-12-29,5504.014832767245
2016-12-30,5504.014832767245
2017-01-02,5504.014832767245
2017-01-03,5504.014832767245
2017-01-04,5504.014832767245
2017-01-05,5504.014832767245
2017-01-06,5504.014832767245
2017-01-09,5504.014832767245
2017-01-10,5504.014832767245
2017-01-11,5504.014832767245
2017-01-12,5504.014832767245
2017-01-13,5501.262825350862
2017-01-16,5507.399335457508
2017-01-17,5491.315009039943
2017-01-18,5488.569351535423
2017-01-19,5450.303347978125
2017-01-20,5450.303347978125
2017-01-23,5447.578196304136
2017-01-24,5471.442870252015
2017-01-25,5452.363846399859
2017-01-26,5452.363846399859
2017-01-27,5452.363846399859
2017-01-30,5452.363846399859
2017-01-31,5452.363846399859
2017-02-01,5449.637664476659
2017-02-02,5428.515302102731
2017-02-03,5428.515302102731
2017-02-06,5428.515302102731
2017-02-07,5428.515302102731
2017-02-08,5428.515302102731
2017-02-09,5428.515302102731
2017-02-10,5428.515302102731
2017-02-13,5428.515302102731
2017-02-14,5428.515302102731
2017-02-15,5428.515302102731
2017-02-16,5428.515302102731
2017-02-17,5428.515302102731
2017-02-20,5428.515302102731
2017-02-21,5428.515302102731
2017-02-22,5428.515302102731
2017-02-23,5428.515302102731
2017-02-24,5428.515302102731
2017-02-27,5428.515302102731
2017-02-28,5428.515302102731
2017-03-01,5428.515302102731
2017-03-02,5428.515302102731
2017-03-03,5428.515302102731
2017-03-06,5428.515302102731
2017-03-07,5428.515302102731
2017-03-08,5428.515302102731
2017-03-09,5428.515302102731
2017-03-10,5428.515302102731
2017-03-13,5425.801044451679
2017-03-14,5403.461626949793
2017-03-15,5403.461626949793
2017-03-16,5400.759896136318
2017-03-17,5419.233023707808
2017-03-20,5400.548220574372
2017-03-21,5400.548220574372
2017-03-22,5397.847946464085
2017-03-23,5384.013504801215
2017-03-24,5384.013504801215
2017-03-27,5381.321498048815
2017-03-28,5386.98764684871
2017-03-29,5362.806458377425
2017-03-30,5362.806458377425
2017-03-31,5362.806458377425
2017-04-03,5362.806458377425
2017-04-04,5362.806458377425
2017-04-05,5362.806458377425
2017-04-06,5362.806458377425
2017-04-07,5362.806458377425
2017-04-10,5362.806458377425
2017-04-11,5362.806458377425
2017-04-12,5362.806458377425
2017-04-13,5362.806458377425
2017-04-14,5362.806458377425
2017-04-17,5362.806458377425
2017-04-18,5362.806458377425
2017-04-19,5362.806458377425
2017-04-20,5362.806458377425
2017-04-21,5362.806458377425
2017-04-24,5360.125055148236
2017-04-25,5352.958383382098
2017-04-26,5350.281904190408
2017-04-27,5338.1430369164345
2017-04-28,5338.1430369164345
2017-05-01,5338.1430369164345
2017-05-02,5338.1430369164345
2017-05-03,5335.473965397977
2017-05-04,5309.983042175309
2017-05-05,5307.328050654221
2017-05-08,5296.753555918926
2017-05-09,5296.753555918926
2017-05-10,5296.753555918926
2017-05-11,5296.753555918926
2017-05-12,5296.753555918926
2017-05-15,5296.753555918926
2017-05-16,5294.105179140967
2017-05-17,5347.922983640189
2017-05-18,5377.909360989564
2017-05-19,5354.560713083631
2017-05-22,5351.883432727089
2017-05-23,5368.099572440257
2017-05-24,5336.894397240616
2017-05-25,5336.894397240616
2017-05-26,5336.894397240616
2017-05-29,5336.894397240616
2017-05-30,5336.894397240616
2017-05-31,5336.894397240616
2017-06-01,5334.225950041996
2017-06-02,5318.380295352409
2017-06-05,5315.721105204733
2017-06-06,5301.741787882688
2017-06-07,5301.741787882688
2017-06-08,5301.741787882688
2017-06-09,5301.741787882688
2017-06-12,5301.741787882688
2017-06-13,5301.741787882688
2017-06-14,5301.741787882688
2017-06-15,5301.741787882688
2017-06-16,5301.741787882688
2017-06-19,5301.741787882688
2017-06-20,5301.741787882688
2017-06-21,5301.741787882688
2017-06-22,5301.741787882688
2017-06-23,5301.741787882688
2017-06-26,5301.741787882688
2017-06-27,5301.741787882688
2017-06-28,5299.090916988747
2017-06-29,5319.378828260123
2017-06-30,5346.878707106739
2017-07-03,5335.524961571398
2017-07-04,5335.524961571398
2017-07-05,5335.524961571398
2017-07-06,5335.524961571398
2017-07-07,5335.524961571398
2017-07-10,5335.524961571398
2017-07-12,5332.857199090613
2017-07-13,5304.553246228731
2017-07-14,5304.553246228731
2017-07-17,5301.900969605617
2017-07-18,5298.763111680008
2017-07-19,5296.113730124168
2017-07-20,5283.687792881666
2017-07-21,5281.045948985226
2017-07-24,5305.051095725213
2017-07-25,5282.913049537813
2017-07-26,5282.913049537813
2017-07-27,5280.271593013044
2017-07-28,5259.887997363732
2017-07-31,5257.258053365051
2017-08-01,5291.522004085813
2017-08-02,5283.12321253308
2017-08-03,5280.481650926814
2017-08-04,5295.521707999871
2017-08-07,5245.194860736007
2017-08-08,5245.194860736007
2017-08-09,5245.194860736007
2017-08-10,5245.194860736007
2017-08-11,5245.194860736007
2017-08-14,5245.194860736007
2017-08-15,5245.194860736007
2017-08-16,5245.194860736007
2017-08-17,5245.194860736007
2017-08-18,5245.194860736007
2017-08-21,5245.194860736007
2017-08-22,5245.194860736007
2017-08-23,5245.194860736007
2017-08-24,5245.194860736007
2017-08-25,5245.194860736007
2017-08-28,5242.572263305639
2017-08-29,5247.838363603753
2017-08-30,5250.727115421657
2017-08-31,5214.207484482257
2017-09-01,5214.207484482257
2017-09-04,5214.207484482257
2017-09-05,5214.207484482257
2017-09-06,5214.207484482257
2017-09-07,5214.207484482257
2017-09-08,5211.600380740017
2017-09-11,5204.044398478865
2017-09-12,5204.044398478865
2017-09-13,5204.044398478865
2017-09-14,5204.044398478865
2017-09-15,5204.044398478865
2017-09-18,5204.044398478865
2017-09-19,5204.044398478865
2017-09-20,5204.044398478865
2017-09-21,5204.044398478865
2017-09-22,5204.044398478865
2017-09-25,5204.044398478865
2017-09-26,5204.044398478865
2017-09-27,5204.044398478865
2017-09-28,5204.044398478865
2017-09-29,5204.044398478865
2017-10-02,5204.044398478865
2017-10-03,5204.044398478865
2017-10-04,5204.044398478865
2017-10-05,5204.044398478865
2017-10-06,5204.044398478865
2017-10-09,5204.044398478865
2017-10-10,5204.044398478865
2017-10-11,5204.044398478865
2017-10-12,5204.044398478865
2017-10-13,5204.044398478865
2017-10-16,5204.044398478865
2017-10-17,5204.044398478865
2017-10-18,5204.044398478865
2017-10-19,5204.044398478865
2017-10-20,5204.044398478865
2017-10-23,5204.044398478865
2017-10-24,5204.044398478865
2017-10-25,5204.044398478865
2017-10-26,5204.044398478865
2017-10-27,5204.044398478865
2017-10-30,5204.044398478865
2017-10-31,5204.044398478865
2017-11-01,5204.044398478865
2017-11-02,5204.044398478865
2017-11-03,5204.044398478865
2017-11-06,5204.044398478865
2017-11-07,5204.044398478865
2017-11-08,5204.044398478865
2017-11-09,5204.044398478865
2017-11-10,5204.044398478865
2017-11-13,5204.044398478865
2017-11-14,5204.044398478865
2017-11-15,5204.044398478865
2017-11-17,5204.044398478865
2017-11-20,5204.044398478865
2017-11-21,5204.044398478865
2017-11-22,5204.044398478865
2017-11-23,5204.044398478865
2017-11-24,5201.442376279626
2017-11-27,5233.169253343054
2017-11-28,5221.074374591246
2017-11-29,5221.074374591246
2017-11-30,5221.074374591246
2017-12-01,5221.074374591246
2017-12-04,5221.074374591246
2017-12-05,5221.074374591246
2017-12-06,5221.074374591246
2017-12-07,5221.074374591246
2017-12-08,5221.074374591246
2017-12-11,5221.074374591246
2017-12-12,5221.074374591246
2017-12-13,5221.074374591246
2017-12-14,5221.074374591246
2017-12-15,5221.074374591246
2017-12-18,5221.074374591246
2017-12-19,5221.074374591246
2017-12-20,5221.074374591246
2017-12-21,5221.074374591246
2017-12-22,5221.074374591246
2017-12-25,5221.074374591246
2017-12-26,5221.074374591246
2017-12-27,5221.074374591246
2017-12-28,5218.4638374039505
2017-12-29,5236.380432453557
2018-01-01,5264.030088566559
2018-01-02,5266.937693577235
2018-01-03,5289.63534976813
2018-01-04,5263.686864447824
2018-01-05,5261.0550210156
2018-01-08,5244.727728900732
2018-01-09,5244.727728900732
2018-01-10,5244.727728900732
2018-01-11,5244.727728900732
2018-01-12,5244.727728900732
2018-01-15,5242.105365036282
2018-01-16,5274.738675803835
2018-01-17,5275.968099465251
2018-01-18,5235.65543401989
2018-01-19,5235.65543401989
2018-01-22,5235.65543401989
2018-01-23,5235.65543401989
2018-01-24,5233.037606302881
2018-01-25,5267.292233883252
2018-01-26,5267.81465932976
2018-01-29,5282.98139300643
2018-01-30,5260.352282732982
2018-01-31,5260.352282732982
2018-02-01,5260.352282732982
2018-02-02,5257.722106591616
2018-02-05,5228.521556051839
2018-02-06,5228.521556051839
2018-02-07,5228.521556051839
2018-02-08,5228.521556051839
2018-02-09,5228.521556051839
2018-02-12,5228.521556051839
2018-02-13,5228.521556051839
2018-02-14,5228.521556051839
2018-02-15,5228.521556051839
2018-02-16,5228.521556051839
2018-02-19,5228.521556051839
2018-02-20,5228.521556051839
2018-02-21,5228.521556051839
2018-02-22,5228.521556051839
2018-02-23,5228.521556051839
2018-02-26,5228.521556051839
2018-02-27,5228.521556051839
2018-02-28,5228.521556051839
2018-03-01,5228.521556051839
2018-03-02,5228.521556051839
2018-03-05,5228.521556051839
2018-03-06,5228.521556051839
2018-03-07,5228.521556051839
2018-03-08,5228.521556051839
2018-03-09,5228.521556051839
2018-03-12,5228.521556051839
2018-03-13,5228.521556051839
2018-03-14,5228.521556051839
2018-03-15,5228.521556051839
2018-03-16,5228.521556051839
2018-03-19,5228.521556051839
2018-03-20,5228.521556051839
2018-03-21,5228.521556051839
2018-03-22,5228.521556051839
2018-03-23,5228.521556051839
2018-03-26,5228.521556051839
2018-03-27,5225.907295273813
2018-03-28,5202.438363524887
2018-03-29,5202.438363524887
2018-03-30,5202.438363524887
2018-04-02,5202.438363524887
2018-04-03,5202.438363524887
2018-04-04,5202.438363524887
2018-04-05,5202.438363524887
2018-04-06,5202.438363524887
2018-04-09,5202.438363524887
2018-04-10,5202.438363524887
2018-04-11,5202.438363524887
2018-04-12,5202.438363524887
2018-04-13,5202.438363524887
2018-04-16,5202.438363524887
2018-04-17,5202.438363524887
2018-04-18,5202.438363524887
2018-04-19,5202.438363524887
2018-04-20,5202.438363524887
2018-04-23,5202.438363524887
2018-04-24,5202.438363524887
2018-04-25,5202.438363524887
2018-04-26,5202.438363524887
2018-04-27,5202.438363524887
2018-04-30,5202.438363524887
2018-05-01,5202.438363524887
2018-05-02,5202.438363524887
2018-05-03,5202.438363524887
2018-05-04,5202.438363524887
2018-05-07,5202.438363524887
2018-05-08,5202.438363524887
2018-05-09,5202.438363524887
2018-05-10,5202.438363524887
2018-05-11,5202.438363524887
2018-05-14,5202.438363524887
2018-05-15,5202.438363524887
2018-05-16,5202.438363524887
2018-05-17,5202.438363524887
2018-05-18,5202.438363524887
2018-05-21,5202.438363524887
2018-05-22,5202.438363524887
2018-05-23,5202.438363524887
2018-05-24,5202.438363524887
2018-05-25,5202.438363524887
2018-05-28,5202.438363524887
2018-05-29,5202.438363524887
2018-05-30,5202.438363524887
2018-05-31,5202.438363524887
2018-06-01,5202.438363524887
2018-06-04,5202.438363524887
2018-06-05,5202.438363524887
2018-06-06,5202.438363524887
2018-06-07,5202.438363524887
2018-06-08,5202.438363524887
2018-06-11,5202.438363524887
2018-06-12,5202.438363524887
2018-06-13,5202.438363524887
2018-06-14,5202.438363524887
2018-06-15,5202.438363524887
2018-06-18,5202.438363524887
2018-06-19,5202.438363524887
2018-06-20,5202.438363524887
2018-06-21,5202.438363524887
2018-06-22,5202.438363524887
2018-06-25,5202.438363524887
2018-06-26,5202.438363524887
2018-06-27,5202.438363524887
2018-06-28,5202.438363524887
2018-06-29,5202.438363524887
2018-07-02,5202.438363524887
2018-07-03,5202.438363524887
2018-07-04,5202.438363524887
2018-07-05,5202.438363524887
2018-07-06,5202.438363524887
2018-07-09,5202.438363524887
2018-07-10,5202.438363524887
2018-07-11,5202.438363524887
2018-07-12,5202.438363524887
2018-07-13,5202.438363524887
2018-07-16,5202.438363524887
2018-07-17,5202.438363524887
2018-07-18,5202.438363524887
2018-07-19,5202.438363524887
2018-07-20,5202.438363524887
2018-07-23,5202.438363524887
2018-07-24,5202.438363524887
2018-07-25,5202.438363524887
2018-07-26,5202.438363524887
2018-07-27,5202.438363524887
2018-07-30,5202.438363524887
2018-07-31,5202.438363524887
2018-08-01,5202.438363524887
2018-08-02,5202.438363524887
2018-08-03,5202.438363524887
2018-08-06,5202.438363524887
2018-08-07,5202.438363524887
2018-08-08,5202.438363524887
2018-08-09,5202.438363524887
2018-08-10,5202.438363524887
2018-08-13,5202.438363524887
2018-08-14,5202.438363524887
2018-08-15,5202.438363524887
2018-08-16,5202.438363524887
2018-08-17,5202.438363524887
2018-08-20,5202.438363524887
2018-08-21,5202.438363524887
2018-08-22,5202.438363524887
2018-08-23,5202.438363524887
2018-08-24,5202.438363524887
2018-08-27,5202.438363524887
2018-08-28,5202.438363524887
2018-08-29,5199.837144343125
2018-08-30,5208.050854055678
2018-08-31,5185.360295720983
2018-09-03,5185.360295720983
2018-09-04,5185.360295720983
2018-09-05,5185.360295720983
2018-09-06,5185.360295720983
2018-09-07,5185.360295720983
2018-09-10,5185.360295720983
2018-09-11,5185.360295720983
2018-09-12,5185.360295720983
2018-09-13,5185.360295720983
2018-09-14,5185.360295720983
2018-09-17,5185.360295720983
2018-09-18,5185.360295720983
2018-09-19,5185.360295720983
2018-09-20,5185.360295720983
2018-09-21,5182.767615573123
2018-09-24,5169.202407500615
2018-09-25,5169.202407500615
2018-09-26,5169.202407500615
2018-09-27,5169.202407500615
2018-09-28,5169.202407500615
2018-10-01,5169.202407500615
2018-10-02,5169.202407500615
2018-10-03,5169.202407500615
2018-10-04,5169.202407500615
2018-10-05,5169.202407500615
2018-10-08,5169.202407500615
2018-10-09,5169.202407500615
2018-10-10,5169.202407500615
2018-10-11,5169.202407500615
2018-10-12,5169.202407500615
2018-10-15,5169.202407500615
2018-10-16,5169.202407500615
2018-10-17,5169.202407500615
2018-10-18,5169.202407500615
2018-10-19,5169.202407500615
2018-10-22,5169.202407500615
2018-10-23,5169.202407500615
2018-10-24,5169.202407500615
2018-10-25,5169.202407500615
2018-10-26,5169.202407500615
2018-10-29,5169.202407500615
2018-10-30,5169.202407500615
2018-10-31,5169.202407500615
2018-11-01,5169.202407500615
2018-11-02,5169.202407500615
2018-11-05,5169.202407500615
2018-11-06,5169.202407500615
2018-11-07,5169.202407500615
2018-11-08,5169.202407500615
2018-11-09,5169.202407500615
2018-11-12,5169.202407500615
2018-11-13,5169.202407500615
2018-11-14,5169.202407500615
2018-11-15,5169.202407500615
2018-11-16,5169.202407500615
2018-11-19,5169.202407500615
2018-11-20,5169.202407500615
2018-11-21,5169.202407500615
2018-11-22,5169.202407500615
2018-11-23,5169.202407500615
2018-11-26,5169.202407500615
2018-11-27,5169.202407500615
2018-11-28,5169.202407500615
2018-11-29,5169.202407500615
2018-11-30,5169.202407500615
2018-12-03,5169.202407500615
2018-12-04,5169.202407500615
2018-12-05,5169.202407500615
2018-12-06,5169.202407500615
2018-12-07,5169.202407500615
2018-12-10,5169.202407500615
2018-12-11,5169.202407500615
2018-12-12,5169.202407500615
2018-12-13,5169.202407500615
2018-12-14,5169.202407500615
2018-12-17,5169.202407500615
2018-12-18,5169.202407500615
2018-12-19,5169.202407500615
2018-12-20,5169.202407500615
2018-12-21,5166.617806296865
2018-12-24,5125.995259043405
2018-12-25,5125.995259043405
2018-12-26,5125.995259043405
2018-12-27,5125.995259043405
2018-12-28,5125.995259043405
2018-12-31,5125.995259043405
2019-01-01,5123.432261413884
2019-01-02,5106.875186128325
2019-01-03,5106.875186128325
2019-01-04,5106.875186128325
2019-01-07,5106.875186128325
2019-01-08,5106.875186128325
2019-01-09,5106.875186128325
2019-01-10,5104.321748535262
2019-01-11,5081.93201661142
2019-01-14,5081.93201661142
2019-01-15,5081.93201661142
2019-01-16,5081.93201661142
2019-01-17,5081.93201661142
2019-01-18,5081.93201661142
2019-01-21,5081.93201661142
2019-01-22,5081.93201661142
2019-01-23,5081.93201661142
2019-01-24,5081.93201661142
2019-01-25,5081.93201661142
2019-01-28,5081.93201661142
2019-01-29,5081.93201661142
2019-01-30,5081.93201661142
2019-01-31,5081.93201661142
2019-02-01,5081.93201661142
2019-02-04,5081.93201661142
2019-02-05,5081.93201661142
2019-02-06,5081.93201661142
2019-02-07,5081.93201661142
2019-02-08,5081.93201661142
2019-02-11,5081.93201661142
2019-02-12,5081.93201661142
2019-02-13,5081.93201661142
2019-02-14,5081.93201661142
2019-02-15,5081.93201661142
2019-02-18,5081.93201661142
2019-02-19,5081.93201661142
2019-02-20,5081.93201661142
2019-02-21,5081.93201661142
2019-02-22,5081.93201661142
2019-02-25,5081.93201661142
2019-02-26,5081.93201661142
2019-02-27,5081.93201661142
2019-02-28,5081.93201661142
2019-03-01,5081.93201661142
2019-03-04,5081.93201661142
2019-03-05,5081.93201661142
2019-03-06,5081.93201661142
2019-03-07,5081.93201661142
2019-03-08,5081.93201661142
2019-03-11,5081.93201661142
2019-03-12,5081.93201661142
2019-03-13,5081.93201661142
2019-03-14,5081.93201661142
2019-03-15,5081.93201661142
2019-03-18,5081.93201661142
2019-03-19,5081.93201661142
2019-03-20,5081.93201661142
2019-03-21,5079.391050603115
2019-03-22,5053.280857997293
2019-03-25,5053.280857997293
2019-03-26,5053.280857997293
2019-03-27,5053.280857997293
2019-03-28,5053.280857997293
2019-03-29,5053.280857997293
2019-04-01,5053.280857997293
2019-04-02,5053.280857997293
2019-04-03,5053.280857997293
2019-04-04,5053.280857997293
2019-04-05,5053.280857997293
2019-04-08,5053.280857997293
2019-04-09,5053.280857997293
2019-04-10,5053.280857997293
2019-04-11,5053.280857997293
2019-04-12,5053.280857997293
2019-04-15,5053.280857997293
2019-04-16,5053.280857997293
2019-04-17,5053.280857997293
2019-04-18,5053.280857997293
2019-04-19,5053.280857997293
2019-04-22,5053.280857997293
2019-04-23,5053.280857997293
2019-04-24,5053.280857997293
2019-04-25,5053.280857997293
2019-04-26,5053.280857997293
2019-04-29,5053.280857997293
2019-04-30,5053.280857997293
2019-05-01,5053.280857997293
2019-05-02,5053.280857997293
2019-05-03,5053.280857997293
2019-05-06,5053.280857997293
2019-05-07,5053.280857997293
2019-05-08,5053.280857997293
2019-05-09,5053.280857997293
2019-05-10,5053.280857997293
2019-05-13,5053.280857997293
2019-05-14,5053.280857997293
2019-05-15,5053.280857997293
2019-05-16,5053.280857997293
2019-05-17,5053.280857997293
2019-05-20,5053.280857997293
2019-05-21,5053.280857997293
2019-05-23,5053.280857997293
2019-05-24,5053.280857997293
2019-05-27,5053.280857997293
2019-05-28,5053.280857997293
2019-05-29,5053.280857997293
2019-05-30,5053.280857997293
2019-05-31,5053.280857997293
2019-06-03,5053.280857997293
2019-06-04,5050.754217568295
2019-06-05,5054.220635261143
2019-06-06,5040.443548280043
2019-06-07,5037.923326505903
2019-06-10,5057.389923987853
2019-06-11,5053.945110073136
2019-06-12,5051.4181375181
2019-06-13,5033.749338488377
2019-06-14,5033.749338488377
2019-06-17,5033.749338488377
2019-06-18,5033.749338488377
2019-06-19,5033.749338488377
2019-06-20,5033.749338488377
2019-06-21,5033.749338488377
2019-06-24,5031.232463819133
2019-06-25,5038.110132672917
2019-06-26,5022.169355716023
2019-06-27,5022.169355716023
2019-06-28,5022.169355716023
2019-07-01,5022.169355716023
2019-07-02,5022.169355716023
2019-07-03,5022.169355716023
2019-07-04,5022.169355716023
2019-07-05,5022.169355716023
2019-07-08,5022.169355716023
2019-07-09,5022.169355716023
2019-07-10,5022.169355716023
2019-07-11,5022.169355716023
2019-07-12,5022.169355716023
2019-07-15,5022.169355716023
2019-07-16,5022.169355716023
2019-07-17,5022.169355716023
2019-07-18,5022.169355716023
2019-07-19,5022.169355716023
2019-07-22,5022.169355716023
2019-07-23,5022.169355716023
2019-07-24,5022.169355716023
2019-07-25,5022.169355716023
2019-07-26,5022.169355716023
2019-07-29,5022.169355716023
2019-07-30,5022.169355716023
2019-07-31,5022.169355716023
2019-08-01,5022.169355716023
2019-08-02,5022.169355716023
2019-08-05,5022.169355716023
2019-08-06,5022.169355716023
2019-08-07,5022.169355716023
2019-08-08,5022.169355716023
2019-08-09,5022.169355716023
2019-08-12,5022.169355716023
2019-08-13,5022.169355716023
2019-08-14,5022.169355716023
2019-08-15,5022.169355716023
2019-08-16,5022.169355716023
2019-08-19,5022.169355716023
2019-08-20,5022.169355716023
2019-08-21,5022.169355716023
2019-08-22,5022.169355716023
2019-08-23,5022.169355716023
2019-08-26,5022.169355716023
2019-08-27,5022.169355716023
2019-08-28,5022.169355716023
2019-08-29,5022.169355716023
2019-08-30,5022.169355716023
2019-09-02,5022.169355716023
2019-09-03,5022.169355716023
2019-09-04,5022.169355716023
2019-09-05,5022.169355716023
2019-09-06,5022.169355716023
2019-09-09,5022.169355716023
2019-09-10,5022.169355716023
2019-09-11,5022.169355716023
2019-09-12,5022.169355716023
2019-09-13,5022.169355716023
2019-09-16,5022.169355716023
2019-09-17,5022.169355716023
2019-09-18,5022.169355716023
2019-09-19,5022.169355716023
2019-09-20,5022.169355716023
2019-09-23,5022.169355716023
2019-09-24,5022.169355716023
2019-09-25,5022.169355716023
2019-09-26,5022.169355716023
2019-09-27,5022.169355716023
2019-09-30,5022.169355716023
2019-10-01,5022.169355716023
2019-10-02,5022.169355716023
2019-10-03,5022.169355716023
2019-10-04,5022.169355716023
2019-10-07,5022.169355716023
2019-10-08,5022.169355716023
2019-10-09,5022.169355716023
2019-10-10,5022.169355716023
2019-10-11,5022.169355716023
2019-10-14,5022.169355716023
2019-10-15,5022.169355716023
2019-10-16,5022.169355716023
2019-10-17,5019.658271038165
2019-10-18,5043.284916056112
2019-10-21,5056.208628979637
2019-10-22,5051.876132877467
2019-10-23,5051.876132877467
2019-10-24,5051.876132877467
2019-10-25,5051.876132877467
2019-10-28,5051.876132877467
2019-10-29,5051.876132877467
2019-10-30,5051.876132877467
2019-10-31,5051.876132877467
2019-11-01,5049.350194811029
2019-11-04,5053.633652732201
2019-11-05,5033.868395851258
2019-11-06,5033.868395851258
2019-11-07,5033.868395851258
2019-11-08,5033.868395851258
2019-11-11,5033.868395851258
2019-11-12,5033.868395851258
2019-11-13,5033.868395851258
2019-11-14,5033.868395851258
2019-11-15,5033.868395851258
2019-11-18,5033.868395851258
2019-11-19,5033.868395851258
2019-11-20,5033.868395851258
2019-11-21,5033.868395851258
2019-11-22,5033.868395851258
2019-11-25,5033.868395851258
2019-11-26,5033.868395851258
2019-11-27,5033.868395851258
2019-11-28,5033.868395851258
2019-11-29,5033.868395851258
2019-12-02,5033.868395851258
2019-12-03,5033.868395851258
2019-12-04,5031.351461653333
2019-12-05,5027.832010239386
2019-12-06,5025.318094234267
2019-12-09,5001.698442294248
2019-12-10,5001.698442294248
2019-12-11,5001.698442294248
2019-12-12,4999.1975930731005
2019-12-13,5021.683232683899
2019-12-16,4991.443804964464
2019-12-17,4991.443804964464
2019-12-18,4991.443804964464
2019-12-19,4991.443804964464
2019-12-20,4991.443804964464
2019-12-23,4991.443804964464
2019-12-24,4991.443804964464
2019-12-25,4991.443804964464
2019-12-26,4991.443804964464
2019-12-27,4991.443804964464
2019-12-30,4991.443804964464
2019-12-31,4988.948083061982
2020-01-01,4997.193031124014
2020-01-02,4994.694434608452
2020-01-03,4994.694434608452
2020-01-06,4994.694434608452
2020-01-07,4994.694434608452
2020-01-08,4994.694434608452
2020-01-09,4994.694434608452
2020-01-10,4994.694434608452
2020-01-13,4994.694434608452
2020-01-14,4994.694434608452
2020-01-15,4994.694434608452
2020-01-16,4994.694434608452
2020-01-17,4994.694434608452
2020-01-20,4994.694434608452
2020-01-21,4994.694434608452
2020-01-22,4994.694434608452
2020-01-23,4994.694434608452
2020-01-24,4994.694434608452
2020-01-27,4994.694434608452
2020-01-28,4994.694434608452
2020-01-29,4994.694434608452
2020-01-30,4994.694434608452
2020-01-31,4994.694434608452
2020-02-03,4994.694434608452
2020-02-04,4994.694434608452
2020-02-05,4994.694434608452
2020-02-06,4994.694434608452
2020-02-07,4994.694434608452
2020-02-10,4994.694434608452
2020-02-11,4994.694434608452
2020-02-12,4994.694434608452
2020-02-13,4994.694434608452
2020-02-14,4994.694434608452
2020-02-17,4994.694434608452
2020-02-18,4994.694434608452
2020-02-19,4994.694434608452
2020-02-20,4994.694434608452
2020-02-21,4994.694434608452
2020-02-24,4994.694434608452
2020-02-25,4994.694434608452
2020-02-26,4994.694434608452
2020-02-27,4994.694434608452
2020-02-28,4994.694434608452
2020-03-02,4994.694434608452
2020-03-03,4992.197087391148
2020-03-04,5008.580126324374
2020-03-05,4987.407036059847
2020-03-06,4984.913332541817
2020-03-09,5056.423951211972
2020-03-10,5061.723615174966
2020-03-11,5022.889719485854
2020-03-12,5022.889719485854
2020-03-13,5022.889719485854
2020-03-16,5022.889719485854
2020-03-17,5022.889719485854
2020-03-18,5022.889719485854
2020-03-19,5022.889719485854
2020-03-20,5022.889719485854
2020-03-23,5022.889719485854
2020-03-24,5022.889719485854
2020-03-25,5022.889719485854
2020-03-26,5022.889719485854
2020-03-27,5022.889719485854
2020-03-30,5022.889719485854
2020-03-31,5022.889719485854
2020-04-01,5022.889719485854
2020-04-02,5022.889719485854
2020-04-03,5022.889719485854
2020-04-06,5022.889719485854
2020-04-07,5022.889719485854
2020-04-08,5022.889719485854
2020-04-09,5022.889719485854
2020-04-10,5022.889719485854
2020-04-13,5022.889719485854
2020-04-14,5022.889719485854
2020-04-15,5022.889719485854
2020-04-16,5022.889719485854
2020-04-17,5022.889719485854
2020-04-20,5022.889719485854
2020-04-21,5022.889719485854
2020-04-22,5022.889719485854
2020-04-23,5022.889719485854
2020-04-24,5022.889719485854
2020-04-27,5022.889719485854
2020-04-28,5022.889719485854
2020-04-29,5022.889719485854
2020-04-30,5022.889719485854
2020-05-01,5022.889719485854
2020-05-04,5022.889719485854
2020-05-05,5022.889719485854
2020-05-06,5022.889719485854
2020-05-07,5022.889719485854
2020-05-08,5022.889719485854
2020-05-11,5022.889719485854
2020-05-12,5022.889719485854
2020-05-13,5022.889719485854
2020-05-14,5022.889719485854
2020-05-15,5022.889719485854
2020-05-18,5022.889719485854
2020-05-19,5022.889719485854
2020-05-20,5022.889719485854
2020-05-21,5020.378274626111
2020-05-22,5004.10273180577
2020-05-25,5004.10273180577
2020-05-26,5004.10273180577
2020-05-27,5004.10273180577
2020-05-28,5001.600680439868
2020-05-29,5029.78229872063
2020-06-01,5047.646267157028
2020-06-02,5051.014608341072
2020-06-03,5079.756590117974
2020-06-04,5100.830887701175
2020-06-05,5146.888270750845
2020-06-08,5135.976961498751
2020-06-09,5135.976961498751
2020-06-10,5135.976961498751
2020-06-11,5133.408973018002
2020-06-12,5095.780828866081
2020-06-15,5095.780828866081
2020-06-16,5095.780828866081
2020-06-17,5095.780828866081
2020-06-18,5095.780828866081
2020-06-19,5095.780828866081
2020-06-22,5095.780828866081
2020-06-23,5095.780828866081
2020-06-24,5095.780828866081
2020-06-25,5095.780828866081
2020-06-26,5095.780828866081
2020-06-29,5095.780828866081
2020-06-30,5095.780828866081
2020-07-01,5095.780828866081
2020-07-02,5095.780828866081
2020-07-03,5095.780828866081
2020-07-06,5095.780828866081
2020-07-07,5095.780828866081
2020-07-08,5095.780828866081
2020-07-09,5095.780828866081
2020-07-10,5095.780828866081
2020-07-13,5095.780828866081
2020-07-14,5093.232938451648
2020-07-15,5122.4226852167385
2020-07-16,5125.334662114481
2020-07-17,5111.502264720731
2020-07-20,5108.94651358837
2020-07-21,5115.966654150781
2020-07-22,5149.491113157999
2020-07-23,5164.956614837762
2020-07-24,5177.16037045593
2020-07-27,5202.316221219079
2020-07-28,5254.161705364654
2020-07-29,5228.950188916333
2020-07-30,5226.335713821875
2020-07-31,5265.834950559201
2020-08-03,5223.156002714866
2020-08-04,5223.156002714866
2020-08-05,5223.156002714866
2020-08-06,5220.544424713509
2020-08-07,5222.155998346278
2020-08-10,5178.155899698997
2020-08-11,5178.155899698997
2020-08-12,5178.155899698997
2020-08-13,5178.155899698997
2020-08-14,5178.155899698997
2020-08-17,5178.155899698997
2020-08-18,5178.155899698997
2020-08-19,5175.5668217491475
2020-08-20,5127.574113214316
2020-08-21,5127.574113214316
2020-08-24,5127.574113214316
2020-08-25,5127.574113214316
2020-08-26,5127.574113214316
2020-08-27,5127.574113214316
2020-08-28,5127.574113214316
2020-08-31,5127.574113214316
2020-09-01,5127.574113214316
2020-09-02,5127.574113214316
2020-09-03,5127.574113214316
2020-09-04,5127.574113214316
2020-09-07,5127.574113214316
2020-09-08,5127.574113214316
2020-09-09,5127.574113214316
2020-09-10,5127.574113214316
2020-09-11,5127.574113214316
2020-09-14,5127.574113214316
2020-09-15,5127.574113214316
2020-09-16,5127.574113214316
2020-09-17,5127.574113214316
2020-09-18,5127.574113214316
2020-09-21,5127.574113214316
2020-09-22,5127.574113214316
2020-09-23,5127.574113214316
2020-09-24,5127.574113214316
2020-09-25,5127.574113214316
2020-09-28,5127.574113214316
2020-09-29,5127.574113214316
2020-09-30,5127.574113214316
2020-10-01,5127.574113214316
2020-10-02,5127.574113214316
2020-10-05,5127.574113214316
2020-10-06,5127.574113214316
2020-10-07,5127.574113214316
2020-10-08,5127.574113214316
2020-10-09,5127.574113214316
2020-10-12,5127.574113214316
2020-10-13,5127.574113214316
2020-10-14,5127.574113214316
2020-10-15,5127.574113214316
2020-10-16,5127.574113214316
2020-10-19,5127.574113214316
2020-10-20,5127.574113214316
2020-10-21,5125.010326157709
2020-10-22,5135.448965573557
2020-10-23,5115.985830003935
2020-10-26,5115.985830003935
2020-10-27,5115.985830003935
2020-10-28,5115.985830003935
2020-10-29,5115.985830003935
2020-10-30,5115.985830003935
2020-11-02,5115.985830003935
2020-11-03,5115.985830003935
2020-11-04,5115.985830003935
2020-11-05,5115.985830003935
2020-11-06,5115.985830003935
2020-11-09,5113.427837088933
2020-11-10,5082.549658214471
2020-11-11,5082.549658214471
2020-11-12,5082.549658214471
2020-11-13,5082.549658214471
2020-11-16,5082.549658214471
2020-11-17,5082.549658214471
2020-11-18,5082.549658214471
2020-11-19,5082.549658214471
2020-11-20,5082.549658214471
2020-11-23,5082.549658214471
2020-11-24,5082.549658214471
2020-11-25,5080.008383385363
2020-11-26,5088.321640973985
2020-11-27,5084.067383895388
2020-11-30,5081.52535020344
2020-12-01,5064.830075391486
2020-12-02,5062.297660353791
2020-12-03,5079.13425552924
2020-12-04,5092.134226121806
2020-12-07,5079.393702704492
2020-12-08,5079.393702704492
2020-12-09,5079.393702704492
2020-12-10,5079.393702704492
2020-12-11,5079.393702704492
2020-12-14,5079.393702704492
2020-12-15,5076.85400585314
2020-12-16,5079.112156286458
2020-12-17,5098.000553703171
2020-12-18,5124.313846266878
2020-12-21,5102.246458402303
2020-12-22,5102.246458402303
2020-12-23,5102.246458402303
2020-12-24,5102.246458402303
2020-12-25,5102.246458402303
2020-12-28,5102.246458402303
2020-12-29,5102.246458402303
2020-12-30,5102.246458402303
2020-12-31,5099.695335173102
2021-01-01,5047.30352394214
2021-01-04,5047.30352394214
2021-01-05,5047.30352394214
2021-01-06,5044.779872180169
2021-01-07,5061.499589608033
2021-01-08,5030.316562969619
2021-01-11,5030.316562969619
2021-01-12,5030.316562969619
2021-01-13,5030.316562969619
2021-01-14,5030.316562969619
2021-01-15,5030.316562969619
2021-01-18,5030.316562969619
2021-01-19,5030.316562969619
2021-01-20,5030.316562969619
2021-01-21,5030.316562969619
2021-01-22,5030.316562969619
2021-01-25,5030.316562969619
2021-01-26,5030.316562969619
2021-01-27,5030.316562969619
2021-01-28,5030.316562969619
2021-01-29,5030.316562969619
2021-02-01,5030.316562969619
2021-02-02,5030.316562969619
2021-02-03,5030.316562969619
2021-02-04,5030.316562969619
2021-02-05,5030.316562969619
2021-02-08,5030.316562969619
2021-02-09,5030.316562969619
2021-02-10,5030.316562969619
2021-02-11,5030.316562969619
2021-02-12,5030.316562969619
2021-02-15,5030.316562969619
2021-02-16,5030.316562969619
2021-02-17,5030.316562969619
2021-02-18,5030.316562969619
2021-02-19,5030.316562969619
2021-02-22,5030.316562969619
2021-02-23,5027.801404688134
2021-02-24,5019.229064035411
2021-02-25,5016.719449503394
2021-02-26,5009.695031373924
2021-03-01,5009.695031373924
2021-03-02,5009.695031373924
2021-03-03,5009.695031373924
2021-03-04,5009.695031373924
2021-03-05,5009.695031373924
2021-03-08,5009.695031373924
2021-03-09,5009.695031373924
2021-03-10,5009.695031373924
2021-03-11,5009.695031373924
2021-03-12,5009.695031373924
2021-03-15,5009.695031373924
2021-03-16,5009.695031373924
2021-03-17,5009.695031373924
2021-03-18,5009.695031373924
2021-03-19,5009.695031373924
2021-03-22,5009.695031373924
2021-03-23,5009.695031373924
2021-03-24,5009.695031373924
2021-03-25,5009.695031373924
2021-03-26,5009.695031373924
2021-03-29,5009.695031373924
2021-03-30,5009.695031373924
2021-03-31,5009.695031373924
2021-04-01,5009.695031373924
2021-04-02,5009.695031373924
2021-04-05,5009.695031373924
2021-04-06,5009.695031373924
2021-04-07,5009.695031373924
2021-04-08,5009.695031373924
2021-04-09,5009.695031373924
2021-04-12,5009.695031373924
2021-04-13,5009.695031373924
2021-04-14,5009.695031373924
2021-04-15,5007.190183858238
2021-04-16,4998.688611879364
2021-04-19,4998.688611879364
2021-04-20,4996.189267573424
2021-04-21,4988.338242540171
2021-04-22,4988.338242540171
2021-04-23,4988.338242540171
2021-04-26,4985.844073418902
2021-04-27,4979.976526659369
2021-04-28,4977.48653839604
2021-04-29,4996.231705619227
2021-04-30,4990.096626654051
2021-05-03,4990.096626654051
2021-05-04,4990.096626654051
2021-05-05,4990.096626654051
2021-05-06,4990.096626654051
2021-05-07,4990.096626654051
2021-05-10,4987.601578340724
2021-05-11,4972.739519461124
2021-05-12,4972.739519461124
2021-05-13,4972.739519461124
2021-05-14,4972.739519461124
2021-05-17,4972.739519461124
2021-05-18,4972.739519461124
2021-05-19,4970.253149701393
2021-05-20,4946.929688662037
2021-05-21,4944.456223817706
2021-05-24,4924.90683135412
2021-05-25,4924.90683135412
2021-05-26,4922.444377938444
2021-05-27,4897.22621632487
2021-05-28,4897.22621632487
2021-05-31,4897.22621632487
2021-06-01,4897.22621632487
2021-06-02,4897.22621632487
2021-06-03,4897.22621632487
2021-06-04,4897.22621632487
2021-06-07,4897.22621632487
2021-06-08,4897.22621632487
2021-06-09,4897.22621632487
2021-06-10,4897.22621632487
2021-06-11,4897.22621632487
2021-06-14,4897.22621632487
2021-06-15,4897.22621632487
2021-06-16,4897.22621632487
2021-06-17,4897.22621632487
2021-06-18,4897.22621632487
2021-06-21,4897.22621632487
2021-06-22,4897.22621632487
2021-06-23,4897.22621632487
2021-06-24,4897.22621632487
2021-06-25,4897.22621632487
2021-06-28,4897.22621632487
2021-06-29,4897.22621632487
2021-06-30,4897.22621632487
2021-07-01,4897.22621632487
2021-07-02,4897.22621632487
2021-07-05,4897.22621632487
2021-07-06,4897.22621632487
2021-07-07,4897.22621632487
2021-07-08,4897.22621632487
2021-07-09,4897.22621632487
2021-07-12,4897.22621632487
2021-07-13,4897.22621632487
2021-07-14,4897.22621632487
2021-07-15,4897.22621632487
2021-07-16,4897.22621632487
2021-07-19,4897.22621632487
2021-07-20,4897.22621632487
2021-07-21,4897.22621632487
2021-07-22,4897.22621632487
2021-07-23,4897.22621632487
2021-07-26,4897.22621632487
2021-07-27,4897.22621632487
2021-07-28,4897.22621632487
2021-07-29,4897.22621632487
2021-07-30,4894.777603216708
2021-08-02,4881.636111412349
2021-08-03,4881.636111412349
2021-08-04,4881.636111412349
2021-08-05,4881.636111412349
2021-08-06,4881.636111412349
2021-08-09,4881.636111412349
2021-08-10,4881.636111412349
2021-08-11,4881.636111412349
2021-08-12,4881.636111412349
2021-08-13,4881.636111412349
2021-08-16,4881.636111412349
2021-08-17,4881.636111412349
2021-08-18,4881.636111412349
2021-08-19,4881.636111412349
2021-08-20,4881.636111412349
2021-08-23,4881.636111412349
2021-08-24,4881.636111412349
2021-08-25,4881.636111412349
2021-08-26,4881.636111412349
2021-08-27,4881.636111412349
2021-08-30,4881.636111412349
2021-08-31,4881.636111412349
2021-09-01,4881.636111412349
2021-09-02,4879.195293356644
2021-09-03,4893.833683077793
2021-09-06,4897.729429997426
2021-09-07,4890.8001129559725
2021-09-08,4890.8001129559725
2021-09-09,4890.8001129559725
2021-09-10,4890.8001129559725
2021-09-13,4890.8001129559725
2021-09-14,4890.8001129559725
2021-09-15,4890.8001129559725
2021-09-16,4890.8001129559725
2021-09-17,4890.8001129559725
2021-09-20,4890.8001129559725
2021-09-21,4890.8001129559725
2021-09-22,4890.8001129559725
2021-09-23,4890.8001129559725
2021-09-24,4890.8001129559725
2021-09-27,4890.8001129559725
2021-09-28,4890.8001129559725
2021-09-29,4890.8001129559725
2021-09-30,4890.8001129559725
2021-10-01,4890.8001129559725
2021-10-04,4890.8001129559725
2021-10-05,4890.8001129559725
2021-10-06,4890.8001129559725
2021-10-07,4890.8001129559725
2021-10-08,4890.8001129559725
2021-10-11,4890.8001129559725
2021-10-12,4890.8001129559725
2021-10-13,4890.8001129559725
2021-10-14,4890.8001129559725
2021-10-15,4890.8001129559725
2021-10-18,4890.8001129559725
2021-10-19,4890.8001129559725
2021-10-20,4890.8001129559725
2021-10-21,4890.8001129559725
2021-10-22,4890.8001129559725
2021-10-25,4890.8001129559725
2021-10-26,4890.8001129559725
2021-10-27,4890.8001129559725
2021-10-28,4890.8001129559725
2021-10-29,4888.354712899495
2021-11-01,4832.515994933578
2021-11-02,4832.515994933578
2021-11-03,4832.515994933578
2021-11-04,4832.515994933578
2021-11-05,4832.515994933578
2021-11-08,4832.515994933578
2021-11-09,4832.515994933578
2021-11-10,4832.515994933578
2021-11-11,4832.515994933578
2021-11-12,4832.515994933578
2021-11-15,4832.515994933578
2021-11-16,4832.515994933578
2021-11-17,4832.515994933578
2021-11-18,4832.515994933578
2021-11-19,4832.515994933578
2021-11-22,4832.515994933578
2021-11-23,4832.515994933578
2021-11-24,4832.515994933578
2021-11-25,4832.515994933578
2021-11-26,4832.515994933578
2021-11-29,4832.515994933578
2021-11-30,4832.515994933578
2021-12-01,4832.515994933578
2021-12-02,4832.515994933578
2021-12-03,4832.515994933578
2021-12-06,4832.515994933578
2021-12-07,4832.515994933578
2021-12-08,4832.515994933578
2021-12-09,4832.515994933578
2021-12-10,4832.515994933578
2021-12-13,4832.515994933578
2021-12-14,4832.515994933578
2021-12-15,4832.515994933578
2021-12-16,4832.515994933578
2021-12-17,4832.515994933578
2021-12-20,4832.515994933578
2021-12-21,4832.515994933578
2021-12-22,4832.515994933578
2021-12-23,4832.515994933578
2021-12-24,4832.515994933578
2021-12-27,4832.515994933578
2021-12-28,4832.515994933578
2021-12-29,4832.515994933578
2021-12-30,4830.099736936112
2021-12-31,4812.728141256374
2022-01-03,4810.321777185746
2022-01-04,4777.702296220728
2022-01-05,4777.702296220728
2022-01-06,4777.702296220728
2022-01-07,4777.702296220728
2022-01-10,4777.702296220728
2022-01-11,4777.702296220728
2022-01-12,4777.702296220728
2022-01-13,4775.313445072618
2022-01-14,4781.7645986537655
2022-01-17,4759.9643736305015
2022-01-18,4759.9643736305015
2022-01-19,4759.9643736305015
2022-01-20,4759.9643736305015
2022-01-21,4759.9643736305015
2022-01-24,4759.9643736305015
2022-01-25,4759.9643736305015
2022-01-26,4759.9643736305015
2022-01-27,4759.9643736305015
2022-01-28,4759.9643736305015
2022-01-31,4759.9643736305015
2022-02-01,4759.9643736305015
2022-02-02,4759.9643736305015
2022-02-03,4759.9643736305015
2022-02-04,4759.9643736305015
2022-02-07,4759.9643736305015
2022-02-08,4759.9643736305015
2022-02-09,4759.9643736305015
2022-02-10,4759.9643736305015
2022-02-11,4759.9643736305015
2022-02-14,4759.9643736305015
2022-02-15,4759.9643736305015
2022-02-16,4759.9643736305015
2022-02-17,4759.9643736305015
2022-02-18,4759.9643736305015
2022-02-21,4759.9643736305015
2022-02-22,4759.9643736305015
2022-02-23,4759.9643736305015
2022-02-24,4759.9643736305015
2022-02-25,4759.9643736305015
2022-02-28,4759.9643736305015
2022-03-01,4759.9643736305015
2022-03-02,4759.9643736305015
2022-03-03,4759.9643736305015
2022-03-04,4759.9643736305015
2022-03-07,4759.9643736305015
2022-03-08,4759.9643736305015
2022-03-09,4759.9643736305015
2022-03-10,4759.9643736305015
2022-03-11,4759.9643736305015
2022-03-14,4759.9643736305015
2022-03-15,4759.9643736305015
2022-03-16,4759.9643736305015
2022-03-17,4759.9643736305015
2022-03-18,4759.9643736305015
2022-03-21,4759.9643736305015
2022-03-22,4759.9643736305015
2022-03-23,4759.9643736305015
2022-03-24,4759.9643736305015
2022-03-25,4759.9643736305015
2022-03-28,4759.9643736305015
2022-03-29,4759.9643736305015
2022-03-30,4759.9643736305015
2022-03-31,4757.584391443686
2022-04-01,4716.913397200913
2022-04-04,4716.913397200913
2022-04-05,4716.913397200913
2022-04-06,4716.913397200913
2022-04-07,4716.913397200913
2022-04-08,4716.913397200913
2022-04-11,4716.913397200913
2022-04-12,4716.913397200913
2022-04-13,4716.913397200913
2022-04-14,4716.913397200913
2022-04-15,4716.913397200913
2022-04-18,4716.913397200913
2022-04-19,4716.913397200913
2022-04-20,4716.913397200913
2022-04-21,4716.913397200913
2022-04-22,4716.913397200913
2022-04-25,4716.913397200913
2022-04-26,4716.913397200913
2022-04-27,4716.913397200913
2022-04-28,4716.913397200913
2022-04-29,4716.913397200913
2022-05-02,4716.913397200913
2022-05-03,4716.913397200913
2022-05-04,4716.913397200913
2022-05-05,4716.913397200913
2022-05-06,4716.913397200913
2022-05-09,4716.913397200913
2022-05-10,4716.913397200913
2022-05-11,4716.913397200913
2022-05-12,4716.913397200913
2022-05-13,4716.913397200913
2022-05-16,4716.913397200913
2022-05-17,4716.913397200913
2022-05-18,4716.913397200913
2022-05-19,4716.913397200913
2022-05-20,4716.913397200913
2022-05-23,4716.913397200913
2022-05-24,4716.913397200913
2022-05-25,4716.913397200913
2022-05-26,4716.913397200913
2022-05-27,4716.913397200913
2022-05-30,4716.913397200913
2022-05-31,4716.913397200913
2022-06-01,4716.913397200913
2022-06-02,4716.913397200913
2022-06-03,4716.913397200913
2022-06-06,4716.913397200913
2022-06-07,4716.913397200913
2022-06-08,4716.913397200913
2022-06-09,4716.913397200913
2022-06-10,4716.913397200913
2022-06-13,4716.913397200913
2022-06-14,4716.913397200913
2022-06-15,4716.913397200913
2022-06-16,4716.913397200913
2022-06-17,4716.913397200913
2022-06-20,4716.913397200913
2022-06-21,4716.913397200913
2022-06-22,4716.913397200913
2022-06-23,4716.913397200913
2022-06-24,4716.913397200913
2022-06-27,4716.913397200913
2022-06-28,4716.913397200913
2022-06-29,4716.913397200913
2022-06-30,4716.913397200913
2022-07-01,4716.913397200913
2022-07-04,4716.913397200913
2022-07-05,4716.913397200913
2022-07-06,4716.913397200913
2022-07-07,4716.913397200913
2022-07-08,4716.913397200913
2022-07-11,4716.913397200913
2022-07-12,4716.913397200913
2022-07-13,4716.913397200913
2022-07-14,4716.913397200913
2022-07-15,4716.913397200913
2022-07-18,4716.913397200913
2022-07-19,4716.913397200913
2022-07-20,4716.913397200913
2022-07-21,4716.913397200913
2022-07-22,4716.913397200913
2022-07-25,4716.913397200913
2022-07-26,4716.913397200913
2022-07-27,4716.913397200913
2022-07-28,4716.913397200913
2022-07-29,4716.913397200913
2022-08-01,4716.913397200913
2022-08-02,4716.913397200913
2022-08-03,4716.913397200913
2022-08-04,4716.913397200913
2022-08-05,4716.913397200913
2022-08-08,4716.913397200913
2022-08-09,4716.913397200913
2022-08-10,4716.913397200913
2022-08-11,4716.913397200913
2022-08-12,4716.913397200913
2022-08-15,4716.913397200913
2022-08-16,4716.913397200913
2022-08-17,4716.913397200913
2022-08-18,4716.913397200913
2022-08-19,4716.913397200913
2022-08-22,4716.913397200913
2022-08-23,4716.913397200913
2022-08-24,4716.913397200913
2022-08-25,4716.913397200913
2022-08-26,4716.913397200913
2022-08-29,4716.913397200913
2022-08-30,4716.913397200913
2022-08-31,4716.913397200913
2022-09-01,4716.913397200913
2022-09-02,4716.913397200913
2022-09-05,4716.913397200913
2022-09-06,4716.913397200913
2022-09-07,4716.913397200913
2022-09-08,4716.913397200913
2022-09-09,4716.913397200913
2022-09-12,4716.913397200913
2022-09-13,4716.913397200913
2022-09-14,4716.913397200913
2022-09-15,4716.913397200913
2022-09-16,4716.913397200913
2022-09-19,4716.913397200913
2022-09-20,4716.913397200913
2022-09-21,4716.913397200913
2022-09-22,4716.913397200913
2022-09-23,4716.913397200913
2022-09-26,4716.913397200913
2022-09-27,4716.913397200913
2022-09-28,4716.913397200913
2022-09-29,4716.913397200913
2022-09-30,4716.913397200913
2022-10-03,4716.913397200913
2022-10-04,4716.913397200913
2022-10-05,4716.913397200913
2022-10-06,4716.913397200913
2022-10-07,4716.913397200913
2022-10-10,4716.913397200913
2022-10-11,4716.913397200913
2022-10-12,4716.913397200913
2022-10-13,4716.913397200913
2022-10-14,4716.913397200913
2022-10-17,4716.913397200913
2022-10-18,4716.913397200913
2022-10-19,4716.913397200913
2022-10-20,4716.913397200913
2022-10-21,4716.913397200913
2022-10-24,4716.913397200913
2022-10-25,4716.913397200913
2022-10-26,4716.913397200913
2022-10-27,4716.913397200913
2022-10-28,4716.913397200913
2022-10-31,4716.913397200913
2022-11-01,4716.913397200913
2022-11-02,4716.913397200913
2022-11-03,4716.913397200913
2022-11-04,4716.913397200913
2022-11-07,4716.913397200913
2022-11-08,4716.913397200913
2022-11-09,4716.913397200913
2022-11-10,4716.913397200913
2022-11-11,4716.913397200913
2022-11-14,4716.913397200913
2022-11-15,4716.913397200913
2022-11-16,4716.913397200913
2022-11-17,4714.554940502313
2022-11-18,4697.078703832091
2022-11-21,4697.078703832091
2022-11-22,4697.078703832091
2022-11-23,4697.078703832091
2022-11-24,4694.7301644801755
2022-11-25,4688.7165023924845
2022-11-28,4688.7165023924845
2022-11-29,4688.7165023924845
2022-11-30,4688.7165023924845
2022-12-01,4686.372144141288
2022-12-02,4732.475048899489
2022-12-05,4739.555698146122
2022-12-06,4715.89427630099
2022-12-07,4715.89427630099
2022-12-08,4715.89427630099
2022-12-09,4713.53632916284
2022-12-12,4694.43606942301
2022-12-13,4694.43606942301
2022-12-14,4692.088851388298
2022-12-15,4713.979395588366
2022-12-16,4695.795348357477
2022-12-19,4695.795348357477
2022-12-20,4695.795348357477
2022-12-21,4695.795348357477
2022-12-22,4695.795348357477
2022-12-23,4695.795348357477
2022-12-26,4695.795348357477
2022-12-27,4695.795348357477
2022-12-28,4695.795348357477
2022-12-29,4695.795348357477
2022-12-30,4695.795348357477
2023-01-02,4693.447450683299
2023-01-03,4677.047391440535
2023-01-04,4677.047391440535
2023-01-05,4677.047391440535
2023-01-06,4677.047391440535
2023-01-09,4677.047391440535
2023-01-10,4674.708867744815
2023-01-11,4677.218015271326
2023-01-12,4688.986478369957
2023-01-13,4729.8521990055215
2023-01-16,4711.948667061264
2023-01-17,4711.948667061264
2023-01-18,4711.948667061264
2023-01-19,4711.948667061264
2023-01-20,4711.948667061264
2023-01-23,4709.592692727734
2023-01-24,4713.585294485473
2023-01-25,4719.58634743099
2023-01-26,4734.25455924537
2023-01-27,4719.90600653181
2023-01-30,4719.90600653181
2023-01-31,4719.90600653181
2023-02-01,4719.90600653181
2023-02-02,4717.546053528545
2023-02-03,4668.813346637783
2023-02-06,4668.813346637783
2023-02-07,4668.813346637783
2023-02-08,4668.813346637783
2023-02-09,4668.813346637783
2023-02-10,4668.813346637783
2023-02-13,4668.813346637783
2023-02-14,4668.813346637783
2023-02-15,4668.813346637783
2023-02-16,4668.813346637783
2023-02-17,4668.813346637783
2023-02-20,4668.813346637783
2023-02-21,4668.813346637783
2023-02-22,4668.813346637783
2023-02-23,4668.813346637783
2023-02-24,4668.813346637783
2023-02-27,4668.813346637783
2023-02-28,4668.813346637783
2023-03-01,4668.813346637783
2023-03-02,4668.813346637783
2023-03-03,4668.813346637783
2023-03-06,4668.813346637783
2023-03-07,4668.813346637783
2023-03-08,4668.813346637783
2023-03-09,4668.813346637783
2023-03-10,4668.813346637783
2023-03-13,4668.813346637783
2023-03-14,4668.813346637783
2023-03-15,4668.813346637783
2023-03-16,4668.813346637783
2023-03-17,4668.813346637783
2023-03-20,4668.813346637783
2023-03-21,4668.813346637783
2023-03-22,4666.478939964464
2023-03-23,4707.940507125177
2023-03-24,4690.258183421696
2023-03-27,4690.258183421696
2023-03-28,4690.258183421696
2023-03-29,4690.258183421696
2023-03-30,4690.258183421696
2023-03-31,4687.913054329985
2023-04-03,4641.8107530691395
2023-04-04,4639.4898476926055
2023-04-05,4659.785131368073
2023-04-06,4633.258861380076
2023-04-07,4633.258861380076
2023-04-10,4633.258861380076
2023-04-11,4633.258861380076
2023-04-12,4633.258861380076
2023-04-13,4630.942231949386
2023-04-14,4653.921951859372
2023-04-17,4622.873213835286
2023-04-18,4622.873213835286
2023-04-19,4622.873213835286
2023-04-20,4622.873213835286
2023-04-21,4622.873213835286
2023-04-24,4622.873213835286
2023-04-25,4620.561777228369
2023-04-26,4584.241584538956
2023-04-27,4584.241584538956
2023-04-28,4584.241584538956
2023-05-01,4584.241584538956
2023-05-02,4584.241584538956
2023-05-03,4584.241584538956
2023-05-04,4581.949463746687
2023-05-05,4560.578038669333
2023-05-08,4560.578038669333
2023-05-09,4560.578038669333
2023-05-10,4560.578038669333
2023-05-11,4560.578038669333
2023-05-12,4560.578038669333
2023-05-15,4560.578038669333
2023-05-16,4560.578038669333
2023-05-17,4560.578038669333
2023-05-18,4560.578038669333
2023-05-19,4560.578038669333
2023-05-22,4560.578038669333
2023-05-23,4560.578038669333
2023-05-24,4560.578038669333
2023-05-25,4560.578038669333
2023-05-26,4560.578038669333
2023-05-29,4560.578038669333
2023-05-30,4560.578038669333
2023-05-31,4560.578038669333
2023-06-01,4560.578038669333
2023-06-02,4560.578038669333
2023-06-05,4560.578038669333
2023-06-06,4560.578038669333
2023-06-07,4560.578038669333
2023-06-08,4560.578038669333
2023-06-09,4560.578038669333
2023-06-12,4560.578038669333
2023-06-13,4560.578038669333
2023-06-14,4560.578038669333
2023-06-15,4558.297749649999
2023-06-16,4601.352417319666
2023-06-19,4597.440356464106
2023-06-20,4597.440356464106
2023-06-21,4597.440356464106
2023-06-22,4595.1416362858745
2023-06-23,4578.7219615664535
2023-06-26,4578.7219615664535
2023-06-27,4578.7219615664535
2023-06-28,4578.7219615664535
2023-06-29,4578.7219615664535
2023-06-30,4578.7219615664535
2023-07-03,4578.7219615664535
2023-07-04,4578.7219615664535
2023-07-05,4578.7219615664535
2023-07-06,4578.7219615664535
2023-07-07,4578.7219615664535
2023-07-10,4578.7219615664535
2023-07-11,4576.43260058567
2023-07-12,4579.80799355536
2023-07-13,4633.744831791646
2023-07-14,4666.445036806366
2023-07-17,4668.226533817145
2023-07-18,4672.316275701521
2023-07-19,4666.359034492327
2023-07-20,4666.359034492327
2023-07-21,4666.359034492327
2023-07-24,4666.359034492327
2023-07-25,4666.359034492327
2023-07-26,4666.359034492327
2023-07-27,4666.359034492327
2023-07-28,4666.359034492327
2023-07-31,4666.359034492327
2023-08-01,4666.359034492327
2023-08-02,4666.359034492327
2023-08-03,4666.359034492327
2023-08-04,4666.359034492327
2023-08-07,4666.359034492327
2023-08-08,4666.359034492327
2023-08-09,4666.359034492327
2023-08-10,4666.359034492327
2023-08-11,4666.359034492327
2023-08-14,4666.359034492327
2023-08-15,4666.359034492327
2023-08-16,4666.359034492327
2023-08-17,4666.359034492327
2023-08-18,4666.359034492327
2023-08-21,4666.359034492327
2023-08-22,4666.359034492327
2023-08-23,4666.359034492327
2023-08-24,4666.359034492327
2023-08-25,4666.359034492327
2023-08-28,4666.359034492327
2023-08-29,4666.359034492327
2023-08-30,4666.359034492327
2023-08-31,4666.359034492327
2023-09-01,4666.359034492327
2023-09-04,4666.359034492327
2023-09-05,4666.359034492327
2023-09-06,4666.359034492327
2023-09-07,4666.359034492327
2023-09-08,4666.359034492327
2023-09-11,4666.359034492327
2023-09-12,4666.359034492327
2023-09-13,4666.359034492327
2023-09-14,4666.359034492327
2023-09-15,4666.359034492327
2023-09-18,4666.359034492327
2023-09-19,4666.359034492327
2023-09-20,4666.359034492327
2023-09-21,4666.359034492327
2023-09-22,4666.359034492327
2023-09-25,4666.359034492327
2023-09-26,4666.359034492327
2023-09-27,4666.359034492327
2023-09-28,4666.359034492327
2023-09-29,4666.359034492327
2023-10-02,4666.359034492327
2023-10-03,4666.359034492327
2023-10-04,4666.359034492327
2023-10-05,4666.359034492327
2023-10-06,4666.359034492327
2023-10-09,4666.359034492327
2023-10-10,4666.359034492327
2023-10-11,4666.359034492327
2023-10-12,4666.359034492327
2023-10-13,4666.359034492327
2023-10-16,4666.359034492327
2023-10-17,4666.359034492327
2023-10-18,4666.359034492327
2023-10-19,4666.359034492327
2023-10-20,4666.359034492327
2023-10-23,4666.359034492327
2023-10-24,4664.025854975081
2023-10-25,4629.013586637411
2023-10-26,4629.013586637411
2023-10-27,4629.013586637411
2023-10-30,4629.013586637411
2023-10-31,4629.013586637411
2023-11-01,4629.013586637411
2023-11-02,4629.013586637411
2023-11-03,4629.013586637411
2023-11-06,4626.699079844093
2023-11-07,4619.819362587521
2023-11-08,4619.819362587521
2023-11-09,4619.819362587521
2023-11-10,4619.819362587521
2023-11-13,4619.819362587521
2023-11-14,4619.819362587521
2023-11-15,4617.509452906227
2023-11-16,4605.115605473883
2023-11-17,4605.115605473883
2023-11-20,4602.813047671147
2023-11-21,4619.208491724071
2023-11-22,4605.183753939478
2023-11-23,4605.183753939478
2023-11-24,4605.183753939478
2023-11-27,4605.183753939478
2023-11-28,4602.881162062508
2023-11-29,4622.7980651836615
2023-11-30,4606.921530440158
2023-12-01,4606.921530440158
2023-12-04,4606.921530440158
2023-12-05,4606.921530440158
2023-12-06,4606.921530440158
2023-12-07,4606.921530440158
2023-12-08,4606.921530440158
2023-12-11,4606.921530440158
2023-12-12,4606.921530440158
2023-12-13,4606.921530440158
2023-12-14,4606.921530440158
2023-12-15,4606.921530440158
2023-12-18,4606.921530440158
2023-12-19,4606.921530440158
2023-12-20,4606.921530440158
2023-12-21,4606.921530440158
2023-12-22,4604.618069674938
2023-12-25,4613.139985050234
2023-12-26,4608.188885641688
2023-12-27,4605.884791198868
2023-12-28,4633.177398451313
2023-12-29,4613.958649662608
2024-01-01,4613.958649662608
2024-01-02,4613.958649662608
2024-01-03,4613.958649662608
2024-01-04,4613.958649662608
2024-01-05,4613.958649662608
2024-01-08,4613.958649662608
2024-01-09,4613.958649662608
2024-01-10,4613.958649662608
2024-01-11,4613.958649662608
2024-01-12,4613.958649662608
2024-01-15,4613.958649662608
2024-01-16,4613.958649662608
2024-01-17,4613.958649662608
2024-01-18,4613.958649662608
2024-01-19,4613.958649662608
2024-01-22,4613.958649662608
2024-01-23,4613.958649662608
2024-01-24,4613.958649662608
2024-01-25,4613.958649662608
2024-01-26,4613.958649662608
2024-01-29,4613.958649662608
2024-01-30,4613.958649662608
2024-01-31,4613.958649662608
2024-02-01,4613.958649662608
2024-02-02,4613.958649662608
2024-02-05,4613.958649662608
2024-02-06,4613.958649662608
2024-02-07,4613.958649662608
2024-02-08,4613.958649662608
2024-02-09,4613.958649662608
2024-02-12,4613.958649662608
2024-02-13,4613.958649662608
2024-02-14,4613.958649662608
2024-02-15,4613.958649662608
2024-02-16,4613.958649662608
2024-02-19,4613.958649662608
2024-02-20,4613.958649662608
2024-02-21,4613.958649662608
2024-02-22,4613.958649662608
2024-02-23,4613.958649662608
2024-02-26,4613.958649662608
2024-02-27,4613.958649662608
2024-02-28,4613.958649662608
2024-02-29,4613.958649662608
2024-03-01,4613.958649662608
2024-03-04,4613.958649662608
2024-03-05,4611.6516703377765
2024-03-06,4612.002115073528
2024-03-07,4630.463931225087
2024-03-08,4651.912985682324
2024-03-11,4646.531729820759
2024-03-12,4646.531729820759
2024-03-13,4646.531729820759
2024-03-14,4644.208463955849
2024-03-15,4611.3073838853725
2024-03-18,4611.3073838853725
2024-03-19,4611.3073838853725
2024-03-20,4611.3073838853725
2024-03-21,4611.3073838853725
2024-03-22,4611.3073838853725
2024-03-25,4611.3073838853725
2024-03-26,4611.3073838853725
2024-03-27,4611.3073838853725
2024-03-28,4611.3073838853725
2024-03-29,4611.3073838853725
2024-04-01,4611.3073838853725
2024-04-02,4611.3073838853725
2024-04-03,4611.3073838853725
2024-04-04,4611.3073838853725
2024-04-05,4611.3073838853725
2024-04-08,4611.3073838853725
2024-04-09,4611.3073838853725
2024-04-10,4611.3073838853725
2024-04-11,4611.3073838853725
2024-04-12,4611.3073838853725
2024-04-15,4611.3073838853725
2024-04-16,4611.3073838853725
2024-04-17,4611.3073838853725
2024-04-18,4611.3073838853725
2024-04-19,4611.3073838853725
2024-04-22,4611.3073838853725
2024-04-23,4611.3073838853725
2024-04-24,4611.3073838853725
2024-04-25,4611.3073838853725
2024-04-26,4611.3073838853725
2024-04-29,4611.3073838853725
2024-04-30,4611.3073838853725
2024-05-01,4611.3073838853725
2024-05-02,4611.3073838853725
2024-05-03,4611.3073838853725
2024-05-06,4611.3073838853725
2024-05-07,4611.3073838853725
2024-05-08,4611.3073838853725
2024-05-09,4611.3073838853725
2024-05-10,4609.00173019343
2024-05-13,4600.388631833105
2024-05-14,4598.088437517189
2024-05-15,4607.030345943452
2024-05-16,4638.977422158925
2024-05-17,4627.2714948447265
2024-05-20,4627.2714948447265
2024-05-21,4627.2714948447265
2024-05-22,4627.2714948447265
2024-05-23,4627.2714948447265
2024-05-24,4627.2714948447265
2024-05-27,4627.2714948447265
2024-05-28,4627.2714948447265
2024-05-29,4627.2714948447265
2024-05-30,4627.2714948447265
2024-05-31,4627.2714948447265
2024-06-03,4627.2714948447265
2024-06-04,4624.957859097304
2024-06-05,4611.812060212049
2024-06-06,4611.812060212049
2024-06-07,4611.812060212049
2024-06-10,4611.812060212049
2024-06-11,4611.812060212049
2024-06-12,4611.812060212049
2024-06-13,4611.812060212049
2024-06-14,4611.812060212049
2024-06-17,4611.812060212049
2024-06-18,4611.812060212049
2024-06-19,4611.812060212049
2024-06-20,4611.812060212049
2024-06-21,4611.812060212049
2024-06-24,4611.812060212049
2024-06-25,4611.812060212049
2024-06-26,4611.812060212049
2024-06-27,4611.812060212049
2024-06-28,4611.812060212049
2024-07-01,4611.812060212049
2024-07-02,4611.812060212049
2024-07-03,4611.812060212049
2024-07-04,4611.812060212049
2024-07-05,4611.812060212049
2024-07-08,4609.506154181943
2024-07-09,4611.602446596924
2024-07-10,4602.408863973205
2024-07-11,4600.107659541219
2024-07-12,4616.832763445507
2024-07-15,4622.257463476486
2024-07-16,4629.055161379995
2024-07-17,4629.458577473707
2024-07-18,4645.435700708841
2024-07-19,4626.6758759609775
2024-07-22,4626.6758759609775
2024-07-23,4626.6758759609775
2024-07-24,4626.6758759609775
2024-07-25,4626.6758759609775
2024-07-26,4626.6758759609775
2024-07-29,4626.6758759609775
2024-07-30,4626.6758759609775
2024-07-31,4626.6758759609775
2024-08-01,4626.6758759609775
2024-08-02,4626.6758759609775
2024-08-05,4626.6758759609775
2024-08-06,4624.362538022997
2024-08-07,4611.579978047717
2024-08-08,4611.579978047717
2024-08-09,4611.579978047717
2024-08-12,4611.579978047717
2024-08-13,4611.579978047717
2024-08-14,4609.274188058694
2024-08-15,4616.071456589889
2024-08-16,4596.763942590944
2024-08-19,4594.465560619648
2024-08-20,4620.015474938567
2024-08-21,4637.257630707999
2024-08-22,4648.67577426006
2024-08-23,4630.406604567844
2024-08-26,4628.09140126556
2024-08-27,4616.15624346057
2024-08-28,4616.15624346057
2024-08-29,4616.15624346057
2024-08-30,4616.15624346057
2024-09-02,4616.15624346057
2024-09-03,4616.15624346057
2024-09-04,4616.15624346057
2024-09-05,4616.15624346057
2024-09-06,4616.15624346057
2024-09-09,4616.15624346057
2024-09-10,4616.15624346057
2024-09-11,4616.15624346057
2024-09-12,4616.15624346057
2024-09-13,4616.15624346057
2024-09-16,4616.15624346057
2024-09-17,4616.15624346057
2024-09-18,4616.15624346057
2024-09-19,4616.15624346057
2024-09-20,4616.15624346057
2024-09-23,4616.15624346057
2024-09-24,4616.15624346057
2024-09-25,4613.84816533884
2024-09-26,4586.6688409116405
2024-09-27,4586.6688409116405
2024-09-30,4586.6688409116405
2024-10-01,4586.6688409116405
2024-10-02,4586.6688409116405
2024-10-03,4586.6688409116405
2024-10-04,4586.6688409116405
2024-10-07,4586.6688409116405
2024-10-08,4586.6688409116405
2024-10-09,4586.6688409116405
2024-10-10,4586.6688409116405
2024-10-11,4586.6688409116405
2024-10-14,4586.6688409116405
2024-10-15,4586.6688409116405
2024-10-16,4586.6688409116405
2024-10-17,4586.6688409116405
2024-10-18,4586.6688409116405
2024-10-21,4586.6688409116405
2024-10-22,4586.6688409116405
2024-10-23,4586.6688409116405
2024-10-24,4586.6688409116405
2024-10-25,4586.6688409116405
2024-10-28,4586.6688409116405
2024-10-29,4586.6688409116405
2024-10-30,4586.6688409116405
2024-10-31,4586.6688409116405
2024-11-01,4586.6688409116405
2024-11-04,4586.6688409116405
2024-11-05,4586.6688409116405
2024-11-06,4586.6688409116405
2024-11-07,4586.6688409116405
2024-11-08,4586.6688409116405
2024-11-11,4586.6688409116405
2024-11-12,4586.6688409116405
2024-11-13,4586.6688409116405
2024-11-14,4586.6688409116405
2024-11-15,4586.6688409116405
2024-11-18,4586.6688409116405
2024-11-19,4586.6688409116405
2024-11-20,4586.6688409116405
2024-11-21,4586.6688409116405
2024-11-22,4586.6688409116405
2024-11-25,4586.6688409116405
2024-11-26,4586.6688409116405
2024-11-27,4586.6688409116405
2024-11-28,4586.6688409116405
2024-11-29,4586.6688409116405
2024-12-02,4586.6688409116405
2024-12-03,4586.6688409116405
2024-12-04,4586.6688409116405
2024-12-05,4586.6688409116405
2024-12-06,4586.6688409116405
2024-12-09,4586.6688409116405
2024-12-10,4586.6688409116405
2024-12-11,4586.6688409116405
2024-12-12,4586.6688409116405
2024-12-13,4586.6688409116405
2024-12-16,4586.6688409116405
2024-12-17,4586.6688409116405
2024-12-18,4586.6688409116405
2024-12-19,4586.6688409116405
2024-12-20,4586.6688409116405
2024-12-23,4586.6688409116405
2024-12-24,4586.6688409116405
2024-12-25,4586.6688409116405
2024-12-26,4586.6688409116405
2024-12-27,4586.6688409116405
2024-12-30,4586.6688409116405
2024-12-31,4586.6688409116405
