Date,Equity
2015-04-04,10000.0
2015-04-05,10000.0
2015-04-06,10000.0
2015-04-07,10000.0
2015-04-08,10000.0
2015-04-09,10000.0
2015-04-10,10000.0
2015-04-11,10000.0
2015-04-12,10000.0
2015-04-13,10000.0
2015-04-14,10000.0
2015-04-15,10000.0
2015-04-16,10000.0
2015-04-17,10000.0
2015-04-18,10000.0
2015-04-19,10000.0
2015-04-20,10000.0
2015-04-21,10000.0
2015-04-22,10000.0
2015-04-23,10000.0
2015-04-24,10000.0
2015-04-25,10000.0
2015-04-26,10000.0
2015-04-27,10000.0
2015-04-28,10000.0
2015-04-29,10000.0
2015-04-30,10000.0
2015-05-01,10000.0
2015-05-02,10000.0
2015-05-03,10000.0
2015-05-04,10000.0
2015-05-05,10000.0
2015-05-06,10000.0
2015-05-07,10000.0
2015-05-08,10000.0
2015-05-09,10000.0
2015-05-10,10000.0
2015-05-11,10000.0
2015-05-12,10000.0
2015-05-13,10000.0
2015-05-14,10000.0
2015-05-15,10000.0
2015-05-16,10000.0
2015-05-17,10000.0
2015-05-18,10000.0
2015-05-19,10000.0
2015-05-20,10000.0
2015-05-21,10000.0
2015-05-22,10000.0
2015-05-23,10000.0
2015-05-24,10000.0
2015-05-25,10000.0
2015-05-26,10000.0
2015-05-27,10000.0
2015-05-28,10000.0
2015-05-29,10000.0
2015-05-30,10000.0
2015-05-31,10000.0
2015-06-01,10000.0
2015-06-02,10000.0
2015-06-03,10000.0
2015-06-04,10000.0
2015-06-05,10000.0
2015-06-06,10000.0
2015-06-07,10000.0
2015-06-08,10000.0
2015-06-09,10000.0
2015-06-10,10000.0
2015-06-11,10000.0
2015-06-12,10000.0
2015-06-13,10000.0
2015-06-14,10000.0
2015-06-15,10000.0
2015-06-16,10000.0
2015-06-17,10000.0
2015-06-18,10000.0
2015-06-19,10000.0
2015-06-20,10000.0
2015-06-21,10000.0
2015-06-22,10000.0
2015-06-23,10000.0
2015-06-24,10000.0
2015-06-25,10000.0
2015-06-26,10000.0
2015-06-27,10000.0
2015-06-28,10000.0
2015-06-29,9995.0
2015-06-30,10225.911102159445
2015-07-01,10051.41567859444
2015-07-02,9925.916311973944
2015-07-03,9961.76019073626
2015-07-04,10137.031381260162
2015-07-05,10556.69093381269
2015-07-06,10444.164541489692
2015-07-07,10333.992301793318
2015-07-08,10510.196762345668
2015-07-09,10449.588986092564
2015-07-10,11040.603449390026
2015-07-11,11354.683943959197
2015-07-12,12022.34153939175
2015-07-13,11271.828657878437
2015-07-14,11093.270834239285
2015-07-15,11029.996673198411
2015-07-16,10727.194617240613
2015-07-17,10780.411015551093
2015-07-18,10602.631062144383
2015-07-19,10552.876812035793
2015-07-20,10757.868876710696
2015-07-21,10635.788623012235
2015-07-22,10689.211510680785
2015-07-23,10643.88767432843
2015-07-24,11105.267400185356
2015-07-25,11121.395791869008
2015-07-26,11274.011524976246
2015-07-27,11310.084250186415
2015-07-28,11340.973086506845
2015-07-29,11153.110044737801
2015-07-30,11080.933436838774
2015-07-31,10961.98682328044
2015-08-01,10843.935962459173
2015-08-02,10882.874748933751
2015-08-03,10829.331860017162
2015-08-04,10981.934676995272
2015-08-05,10852.729449809958
2015-08-06,10724.73219002321
2015-08-07,10763.468237677895
2015-08-08,10022.969804489894
2015-08-09,10178.667273100462
2015-08-10,10155.101764776486
2015-08-11,10379.759924760743
2015-08-12,10224.66922620109
2015-08-13,10136.155957921861
2015-08-14,10197.38353775844
2015-08-15,10037.65910561454
2015-08-16,9920.152796893244
2015-08-17,9899.75577178194
2015-08-18,7908.576687408165
2015-08-19,7908.576687408165
2015-08-20,7908.576687408165
2015-08-21,7908.576687408165
2015-08-22,7908.576687408165
2015-08-23,7908.576687408165
2015-08-24,7908.576687408165
2015-08-25,7908.576687408165
2015-08-26,7908.576687408165
2015-08-27,7908.576687408165
2015-08-28,7908.576687408165
2015-08-29,7908.576687408165
2015-08-30,7908.576687408165
2015-08-31,7908.576687408165
2015-09-01,7908.576687408165
2015-09-02,7908.576687408165
2015-09-03,7908.576687408165
2015-09-04,7908.576687408165
2015-09-05,7908.576687408165
2015-09-06,7908.576687408165
2015-09-07,7908.576687408165
2015-09-08,7908.576687408165
2015-09-09,7908.576687408165
2015-09-10,7908.576687408165
2015-09-11,7908.576687408165
2015-09-12,7908.576687408165
2015-09-13,7908.576687408165
2015-09-14,7908.576687408165
2015-09-15,7908.576687408165
2015-09-16,7908.576687408165
2015-09-17,7908.576687408165
2015-09-18,7908.576687408165
2015-09-19,7908.576687408165
2015-09-20,7908.576687408165
2015-09-21,7908.576687408165
2015-09-22,7908.576687408165
2015-09-23,7908.576687408165
2015-09-24,7908.576687408165
2015-09-25,7908.576687408165
2015-09-26,7908.576687408165
2015-09-27,7908.576687408165
2015-09-28,7908.576687408165
2015-09-29,7908.576687408165
2015-09-30,7908.576687408165
2015-10-01,7908.576687408165
2015-10-02,7908.576687408165
2015-10-03,7908.576687408165
2015-10-04,7908.576687408165
2015-10-05,7908.576687408165
2015-10-06,7904.622399064461
2015-10-07,7800.646766486159
2015-10-08,7800.646766486159
2015-10-09,7800.646766486159
2015-10-10,7800.646766486159
2015-10-11,7796.746443102917
2015-10-12,7737.676738478467
2015-10-13,7733.807900109228
2015-10-14,7810.329817017909
2015-10-15,7882.246677391973
2015-10-16,8142.852814304188
2015-10-17,8380.085180795842
2015-10-18,8096.766409727395
2015-10-19,8152.094003173564
2015-10-20,8336.468625717273
2015-10-21,8237.158091333427
2015-10-22,8473.512858949025
2015-10-23,8549.6412741721
2015-10-24,8707.664084664077
2015-10-25,8770.076081649971
2015-10-26,8820.01639346587
2015-10-27,9078.59443914323
2015-10-28,9407.241106619296
2015-10-29,9688.259486099245
2015-10-30,10115.785450719275
2015-10-31,9679.411482210155
2015-11-01,10020.407426998281
2015-11-02,11065.04389291416
2015-11-03,12288.499078198904
2015-11-04,12534.162534258025
2015-11-05,11741.902930560453
2015-11-06,11375.058153991184
2015-11-07,11734.209520043325
2015-11-08,11329.13613458752
2015-11-09,11536.263904481777
2015-11-10,10136.896462586315
2015-11-11,9331.1888179995
2015-11-12,10109.713250686777
2015-11-13,10067.800138876404
2015-11-14,9952.126039062709
2015-11-15,9563.787903978864
2015-11-16,9874.86237641047
2015-11-17,10003.682169720036
2015-11-18,9988.624814739593
2015-11-19,9733.39947903203
2015-11-20,9609.450323953066
2015-11-21,9754.716714213164
2015-11-22,9683.113119843
2015-11-23,9638.55331139504
2015-11-24,9548.625678676624
2015-11-25,9789.028911300604
2015-11-26,10493.163591027791
2015-11-27,10651.377740948848
2015-11-28,10631.696092430508
2015-11-29,11037.739125381311
2015-11-30,11215.469943349171
2015-12-01,10765.674264405328
2015-12-02,10667.187597988974
2015-12-03,10722.25342793956
2015-12-04,10785.531143948005
2015-12-05,11524.786171077869
2015-12-06,11519.865981034367
2015-12-07,11718.24399323939
2015-12-08,12297.03577661856
2015-12-09,12356.076352688464
2015-12-10,12294.254922283633
2015-12-11,13328.360301178172
2015-12-12,12819.139359796349
2015-12-13,12782.485773947634
2015-12-14,13086.127765753994
2015-12-15,13694.542637904971
2015-12-16,13385.385757726466
2015-12-17,13419.003440326924
2015-12-18,13638.977992094995
2015-12-19,13600.8567878452
2015-12-20,13010.536790325614
2015-12-21,12891.07817776446
2015-12-22,12830.187438977277
2015-12-23,13000.359646913066
2015-12-24,13364.989916972156
2015-12-25,13384.598615356419
2015-12-26,12206.907333067233
2015-12-27,12368.167883238642
2015-12-28,12352.244686161026
2015-12-29,12661.4492477473
2015-12-30,12473.999094949231
2015-12-31,12588.875104020088
2016-01-01,12698.536105688958
2016-01-02,12672.312096899226
2016-01-03,12571.719548590387
2016-01-04,12661.445388373784
2016-01-05,12628.3369255284
2016-01-06,12544.594612713534
2016-01-07,13363.409423469859
2016-01-08,13222.101471098236
2016-01-09,13057.152946848879
2016-01-10,13068.233275454664
2016-01-11,13080.975021215794
2016-01-12,12704.018382810253
2016-01-13,12606.871188414489
2016-01-14,12546.516572617118
2016-01-15,10458.352076596268
2016-01-16,11104.113460382348
2016-01-17,10953.033989634485
2016-01-18,11091.651766721303
2016-01-19,10888.724906392572
2016-01-20,11980.19936814782
2016-01-21,11692.599795146063
2016-01-22,10873.086353485802
2016-01-23,11014.271925860878
2016-01-24,11445.723028387758
2016-01-25,11121.78651626403
2016-01-26,11133.903245664449
2016-01-27,11213.652384304189
2016-01-28,10788.841731799983
2016-01-29,10765.695209217585
2016-01-30,10731.056623038368
2016-01-31,10458.449361099956
2016-02-01,10579.386038928365
2016-02-02,10618.787846416217
2016-02-03,10490.430443480382
2016-02-04,11033.205147208804
2016-02-05,10946.633231331021
2016-02-06,10658.931836151418
2016-02-07,10661.705521467129
2016-02-08,10571.500677638907
2016-02-09,10644.340184470138
2016-02-10,10802.249583103989
2016-02-11,10745.634844661014
2016-02-12,10875.301619759732
2016-02-13,11088.211537656465
2016-02-14,11514.81459392717
2016-02-15,11313.866924286707
2016-02-16,11518.473302871189
2016-02-17,11765.51549457804
2016-02-18,11935.289515441582
2016-02-19,11890.332224679774
2016-02-20,12344.381099917431
2016-02-21,12390.435095718882
2016-02-22,12360.749967732856
2016-02-23,11870.796669544408
2016-02-24,11989.240021393565
2016-02-25,11977.639440386698
2016-02-26,12190.383040170169
2016-02-27,12200.731309764764
2016-02-28,12228.48472199089
2016-02-29,12346.194296277668
2016-03-01,12273.374561648008
2016-03-02,11955.234290784505
2016-03-03,11889.126821213164
2016-03-04,11583.181706165304
2016-03-05,11287.15933539257
2016-03-06,11486.493164378206
2016-03-07,11671.337137839624
2016-03-08,11661.500904311219
2016-03-09,11686.488894233158
2016-03-10,11750.288606667462
2016-03-11,11878.01545287986
2016-03-12,11591.040715412411
2016-03-13,11659.57480836501
2016-03-14,11726.204505122292
2016-03-15,11737.237336345666
2016-03-16,11742.332881407017
2016-03-17,11843.547426889267
2016-03-18,11527.584401163022
2016-03-19,11552.776536328163
2016-03-20,11645.597571623142
2016-03-21,11632.981333897029
2016-03-22,11766.802824436723
2016-03-23,11765.451705853873
2016-03-24,11719.007339383936
2016-03-25,11741.023129904897
2016-03-26,11762.61798974033
2016-03-27,12008.264767108356
2016-03-28,11936.750075622362
2016-03-29,11717.67211170945
2016-03-30,11669.749366570722
2016-03-31,11723.4426821041
2016-04-01,11758.02184275921
2016-04-02,11839.68575015246
2016-04-03,11840.557951795829
2016-04-04,11855.739333855732
2016-04-05,11928.264379437114
2016-04-06,11910.89496839453
2016-04-07,11892.088856848677
2016-04-08,11824.496215092515
2016-04-09,11798.080945574946
2016-04-10,11858.48973803882
2016-04-11,11884.313019650537
2016-04-12,11960.21717904306
2016-04-13,11919.191086865398
2016-04-14,11934.595906884735
2016-04-15,12086.3945926811
2016-04-16,12110.530672565445
2016-04-17,12020.954357576475
2016-04-18,12054.434156608759
2016-04-19,12247.454288224257
2016-04-20,12411.706389487455
2016-04-21,12635.642998664147
2016-04-22,12531.526944526466
2016-04-23,12658.659172608333
2016-04-24,12889.12453189102
2016-04-25,12969.571466081266
2016-04-26,13099.97916725451
2016-04-27,12484.202991241302
2016-04-28,12605.008449225468
2016-04-29,12774.712122125375
2016-04-30,12582.992270316687
2016-05-01,12682.433218657563
2016-05-02,12478.558114535865
2016-05-03,12635.696588784635
2016-05-04,12534.782420186513
2016-05-05,12569.920494646798
2016-05-06,12892.004312402376
2016-05-07,12862.040232290303
2016-05-08,12862.376645740618
2016-05-09,12916.539571748617
2016-05-10,12644.756588445063
2016-05-11,12696.056676575445
2016-05-12,12753.080824514096
2016-05-13,12778.407310128232
2016-05-14,12778.434695954924
2016-05-15,12831.522149485014
2016-05-16,12735.679141001068
2016-05-17,12725.018549670776
2016-05-18,12748.440118830002
2016-05-19,12294.472143143603
2016-05-20,12404.976367674504
2016-05-21,12419.315514444499
2016-05-22,12310.533095149684
2016-05-23,12445.19428259311
2016-05-24,12496.253485275924
2016-05-25,12597.220088230193
2016-05-26,12702.827399395697
2016-05-27,13253.322247249616
2016-05-28,14749.311889260656
2016-05-29,14642.992827758317
2016-05-30,14853.809822839652
2016-05-31,14784.702639935116
2016-06-01,14937.87828078039
2016-06-02,14967.117837155498
2016-06-03,15811.484584014683
2016-06-04,15909.324052423695
2016-06-05,15971.702550043312
2016-06-06,16262.37685214075
2016-06-07,16012.167220135814
2016-06-08,16151.741655758264
2016-06-09,15955.756977198398
2016-06-10,16034.4201092087
2016-06-11,16826.8808818206
2016-06-12,18565.861650551957
2016-06-13,19417.810965609377
2016-06-14,18892.02175749388
2016-06-15,19135.97295792094
2016-06-16,21019.653833311444
2016-06-17,20536.90217446652
2016-06-18,20736.605185146695
2016-06-19,20942.7171790116
2016-06-20,20201.625730273176
2016-06-21,18168.809369980274
2016-06-22,16136.940341048812
2016-06-23,16874.04619026402
2016-06-24,17956.062143478222
2016-06-25,17951.31068434977
2016-06-26,16959.367833888977
2016-06-27,17643.516749990635
2016-06-28,17419.316555690988
2016-06-29,17226.807076388453
2016-06-30,18104.50601998484
2016-07-01,18183.893737173312
2016-07-02,18906.233063269086
2016-07-03,17655.747105435996
2016-07-04,18313.425125828784
2016-07-05,17960.882387382215
2016-07-06,18139.538368177597
2016-07-07,17127.095789274386
2016-07-08,17807.533531522626
2016-07-09,17386.80503556717
2016-07-10,17344.016277931038
2016-07-11,17298.524277841538
2016-07-12,17743.91534789045
2016-07-13,17472.629617632516
2016-07-14,17568.742203453774
2016-07-15,17706.412083145642
2016-07-16,17639.867599212164
2016-07-17,18131.94132313365
2016-07-18,17961.60945850321
2016-07-19,17955.150490820197
2016-07-20,17762.551565326612
2016-07-21,17744.585447298166
2016-07-22,17356.318379832097
2016-07-23,17487.524002505532
2016-07-24,17639.684601670433
2016-07-25,17446.89632821822
2016-07-26,17385.092060410396
2016-07-27,17453.45378623481
2016-07-28,17471.66142171661
2016-07-29,17523.783235269897
2016-07-30,17471.827597258827
2016-07-31,16642.51303612038
2016-08-01,16144.694152033993
2016-08-02,14497.449338489278
2016-08-03,14989.238684189166
2016-08-04,15301.804641733295
2016-08-05,15215.672713869473
2016-08-06,15548.964096296551
2016-08-07,15678.364899895161
2016-08-08,15635.028491766067
2016-08-09,15548.74013580061
2016-08-10,15662.123943051494
2016-08-11,15583.018272249034
2016-08-12,15541.67360273817
2016-08-13,15489.45031678646
2016-08-14,15084.391716647458
2016-08-15,14998.661035419089
2016-08-16,15265.942822829655
2016-08-17,15153.88715497977
2016-08-18,15182.992058958882
2016-08-19,15217.63757716396
2016-08-20,15377.188859511145
2016-08-21,15366.901178342066
2016-08-22,15510.170232625362
2016-08-23,15421.681593460322
2016-08-24,15335.985289225799
2016-08-25,15271.856417228077
2016-08-26,15321.733312076423
2016-08-27,15063.059733191692
2016-08-28,15167.486512605094
2016-08-29,15172.63933853383
2016-08-30,15262.125143520676
2016-08-31,15208.35555040512
2016-09-01,15124.3748063023
2016-09-02,15209.600084972557
2016-09-03,15797.32441084345
2016-09-04,16070.174084820908
2016-09-05,16016.115593560078
2016-09-06,16117.341600183403
2016-09-07,16225.442643409211
2016-09-08,16533.311701964776
2016-09-09,16441.856270216213
2016-09-10,16458.95149703742
2016-09-11,16009.664696191523
2016-09-12,16049.828143654604
2016-09-13,16076.142221368336
2016-09-14,16114.173695795758
2016-09-15,16020.783778025414
2016-09-16,16015.980508415923
2016-09-17,15989.862473244772
2016-09-18,16092.178713845828
2016-09-19,16075.096974660863
2016-09-20,16050.936166226169
2016-09-21,15753.652185472161
2016-09-22,15731.185216404972
2016-09-23,15902.88493765088
2016-09-24,15897.160006553244
2016-09-25,15849.631372725404
2016-09-26,16038.880657742959
2016-09-27,15989.292441936888
2016-09-28,15951.316491689367
2016-09-29,15976.749755328354
2016-09-30,16083.013782322198
2016-10-01,16194.674625209573
2016-10-02,16112.940713703387
2016-10-03,16145.63935991057
2016-10-04,16094.679231934495
2016-10-05,16155.413875918788
2016-10-06,16168.86014976273
2016-10-07,16276.63986799179
2016-10-08,16328.963029502527
2016-10-09,16266.70616817508
2016-10-10,16325.731349343012
2016-10-11,16897.886179996953
2016-10-12,16768.76304514301
2016-10-13,16784.412251183177
2016-10-14,16878.82366848553
2016-10-15,16833.110608986186
2016-10-16,16911.604060820562
2016-10-17,16847.22309492806
2016-10-18,16814.694264101487
2016-10-19,16617.44590878503
2016-10-20,16626.32456366499
2016-10-21,16678.189783817434
2016-10-22,17310.839366350323
2016-10-23,17304.964733258126
2016-10-24,17217.57059875109
2016-10-25,17318.066018014586
2016-10-26,17855.220022800902
2016-10-27,18116.76454499211
2016-10-28,18151.94756685128
2016-10-29,18793.94450981914
2016-10-30,18459.15033477218
2016-10-31,18435.67489485296
2016-11-01,19178.504490916035
2016-11-02,19466.351378606465
2016-11-03,18046.00809855153
2016-11-04,18422.90468917198
2016-11-05,18427.69934732396
2016-11-06,18638.787669717014
2016-11-07,18417.67373889623
2016-11-08,18592.783491414513
2016-11-09,18941.135357555264
2016-11-10,18737.37332629813
2016-11-11,18760.325246521286
2016-11-12,18460.542356692942
2016-11-13,18381.220220748335
2016-11-14,18459.340647862442
2016-11-15,18631.29121206935
2016-11-16,19465.310602916783
2016-11-17,19380.87876714465
2016-11-18,19656.373449109808
2016-11-19,19657.18433565243
2016-11-20,19111.17529506881
2016-11-21,19324.922437957015
2016-11-22,19638.645960881717
2016-11-23,19461.338838881253
2016-11-24,19348.49337408723
2016-11-25,19384.005892368907
2016-11-26,19219.51419415368
2016-11-27,19131.838082927065
2016-11-28,19230.323124133305
2016-11-29,19224.86058413614
2016-11-30,19486.69052303148
2016-12-01,19774.184828183927
2016-12-02,20319.751793334985
2016-12-03,20141.64765959129
2016-12-04,20212.48720933275
2016-12-05,19812.279178513123
2016-12-06,19956.00696552333
2016-12-07,20057.796161893733
2016-12-08,20127.603082272002
2016-12-09,20179.34350702756
2016-12-10,20227.75009664577
2016-12-11,20098.894892053355
2016-12-12,20367.50241981185
2016-12-13,20379.74542821612
2016-12-14,20403.881882557453
2016-12-15,20315.10018879212
2016-12-16,20492.361066173005
2016-12-17,20646.392295381265
2016-12-18,20638.586043861622
2016-12-19,20695.52467572231
2016-12-20,20907.521601336597
2016-12-21,21761.890406049974
2016-12-22,22537.207043930153
2016-12-23,23987.033037437548
2016-12-24,23376.734833018905
2016-12-25,23307.997266459395
2016-12-26,23603.312857457768
2016-12-27,24259.547270324314
2016-12-28,25345.508112878964
2016-12-29,25282.476144328914
2016-12-30,24962.0778832578
2016-12-31,25027.04492830923
2017-01-01,25909.35450262248
2017-01-02,26510.27626625203
2017-01-03,27077.313706160843
2017-01-04,29811.048645890118
2017-01-05,25918.463505496868
2017-01-06,22906.498528604017
2017-01-07,23068.015629126887
2017-01-08,23134.285847858053
2017-01-09,22920.77433047347
2017-01-10,23043.600967832514
2017-01-11,19483.902707658333
2017-01-12,20150.67819612212
2017-01-13,20624.523355607078
2017-01-14,20484.58057880533
2017-01-15,20569.155858748712
2017-01-16,20811.411004087713
2017-01-17,22640.815149652255
2017-01-18,22102.826850480687
2017-01-19,22411.161891378266
2017-01-20,22310.05480598403
2017-01-21,22967.388877329766
2017-01-22,23039.134047334424
2017-01-23,22947.73684600602
2017-01-24,22230.91694856308
2017-01-25,22450.34928771392
2017-01-26,22846.366377265596
2017-01-27,22900.18298261921
2017-01-28,22945.950700796453
2017-01-29,22893.75313089803
2017-01-30,22915.803453003817
2017-01-31,24128.56833330843
2017-02-01,24587.159107370142
2017-02-02,25146.97410789796
2017-02-03,25593.095062231998
2017-02-04,25913.87545004585
2017-02-05,25524.327363467823
2017-02-06,25791.500765381737
2017-02-07,26361.52783373566
2017-02-08,26404.213429933974
2017-02-09,24640.57733927028
2017-02-10,24498.702386439974
2017-02-11,24886.535376098513
2017-02-12,24755.64600098653
2017-02-13,24543.175053754734
2017-02-14,24885.348637156658
2017-02-15,24957.826623998208
2017-02-16,25447.451022615336
2017-02-17,25908.148074595127
2017-02-18,26110.66744151064
2017-02-19,25947.962299109022
2017-02-20,26731.14903846926
2017-02-21,27591.3832485067
2017-02-22,27644.27128255455
2017-02-23,28837.28926760916
2017-02-24,29008.80739837743
2017-02-25,28261.738810739163
2017-02-26,28784.629335785547
2017-02-27,29147.208742012095
2017-02-28,29147.208742012095
2017-03-01,30179.28087972981
2017-03-02,30875.012608848137
2017-03-03,31461.239403873624
2017-03-04,30967.825834061896
2017-03-05,31261.756894545728
2017-03-06,31402.31376758917
2017-03-07,30162.09807178323
2017-03-08,28292.458617821776
2017-03-09,29223.89284635435
2017-03-10,27403.60101100432
2017-03-11,28817.036353460688
2017-03-12,29912.289119345907
2017-03-13,30169.313233232297
2017-03-14,30366.542584474762
2017-03-15,30600.97567280235
2017-03-16,29048.889104145834
2017-03-17,26823.973867588644
2017-03-18,23550.10546325844
2017-03-19,25024.62521493857
2017-03-20,25443.273655318266
2017-03-21,26995.31647082774
2017-03-22,25217.946132293582
2017-03-23,24963.073298904717
2017-03-24,22407.324939209044
2017-03-25,23234.576565410975
2017-03-26,23089.526119393562
2017-03-27,24904.240700771963
2017-03-28,24937.082833322518
2017-03-29,24765.506401781102
2017-03-30,24440.953850436043
2017-03-31,25497.86305583918
2017-04-01,25704.235430883055
2017-04-02,26214.647176802617
2017-04-03,27186.787031695716
2017-04-04,26934.623175789377
2017-04-05,26732.556297821928
2017-04-06,28074.413216278095
2017-04-07,27936.870729833583
2017-04-08,27914.309091761585
2017-04-09,28195.838665991912
2017-04-10,28178.268437833583
2017-04-11,28599.512141861986
2017-04-12,28489.1742163727
2017-04-13,27741.571599393515
2017-04-14,27700.2589855184
2017-04-15,27818.159341515053
2017-04-16,28064.281069491153
2017-04-17,28323.33818810787
2017-04-18,28741.55906297592
2017-04-19,28708.805842625847
2017-04-20,29151.089505150743
2017-04-21,28983.87681854759
2017-04-22,29212.08426178775
2017-04-23,28625.16860847605
2017-04-24,29625.666454197548
2017-04-25,29986.975974696717
2017-04-26,30354.137906863383
2017-04-27,31210.340309313542
2017-04-28,31180.72009764219
2017-04-29,31306.23543387705
2017-04-30,31918.382206374616
2017-05-01,33617.7986828259
2017-05-02,34348.09418065621
2017-05-03,35218.132765060385
2017-05-04,36325.10257734027
2017-05-05,36742.715905264886
2017-05-06,37290.190980769556
2017-05-07,37710.82963258476
2017-05-08,40589.10187945787
2017-05-09,41336.09960783703
2017-05-10,42077.54638983146
2017-05-11,43499.82444254457
2017-05-12,40471.10696487697
2017-05-13,42321.62323702905
2017-05-14,42415.311665827016
2017-05-15,40729.64087051935
2017-05-16,40636.28422255634
2017-05-17,43016.77942655655
2017-05-18,44160.657345525266
2017-05-19,46418.18996558535
2017-05-20,48630.30165103696
2017-05-21,47604.12959326582
2017-05-22,50591.52057771651
2017-05-23,53903.01149500279
2017-05-24,56691.9811713148
2017-05-25,53380.22295049023
2017-05-26,50950.60764685887
2017-05-27,47019.20832411662
2017-05-28,49641.28979881237
2017-05-29,51887.98443000368
2017-05-30,50010.896416781325
2017-05-31,52498.345571730366
2017-06-01,55215.858393719485
2017-06-02,57035.41901531629
2017-06-03,57646.369108451654
2017-06-04,57565.18194677648
2017-06-05,61442.25486038656
2017-06-06,65349.07447891677
2017-06-07,62287.64087207371
2017-06-08,63940.26386034613
2017-06-09,64353.475736013774
2017-06-10,67116.91223866923
2017-06-11,67353.29818755916
2017-06-12,60189.357850376684
2017-06-13,61474.32404067145
2017-06-14,56513.336212651506
2017-06-15,55563.11539966917
2017-06-16,56766.93994645679
2017-06-17,59780.621450404986
2017-06-18,57308.486843400235
2017-06-19,58230.05889072669
2017-06-20,61129.118369176824
2017-06-21,60390.48514603971
2017-06-22,60755.65662847929
2017-06-23,61636.298694032404
2017-06-24,58499.71453529677
2017-06-25,58065.08202816757
2017-06-26,55522.024704423646
2017-06-27,57155.500328032846
2017-06-28,57653.5721887307
2017-06-29,56853.82276413847
2017-06-30,55529.17942781218
2017-07-01,54483.27104387711
2017-07-02,56069.46553275097
2017-07-03,57343.172340028876
2017-07-04,58177.51615955977
2017-07-05,58185.344468852825
2017-07-06,58332.078264590265
2017-07-07,56286.29130126095
2017-07-08,57451.42984749928
2017-07-09,56257.154857913854
2017-07-10,52900.286304342844
2017-07-11,52119.29238305787
2017-07-12,53462.88961285081
2017-07-13,52542.58088321857
2017-07-14,49690.93272382956
2017-07-15,44179.15228122524
2017-07-16,42626.24163777617
2017-07-17,48758.52014128485
2017-07-18,50698.91287857994
2017-07-19,49695.3489003108
2017-07-20,60359.763008531765
2017-07-21,57061.324037332415
2017-07-22,60027.831353485635
2017-07-23,58300.28163581974
2017-07-24,58820.23740628438
2017-07-25,54882.66102248651
2017-07-26,53871.598909014356
2017-07-27,56820.69504926512
2017-07-28,59666.68363774136
2017-07-29,57886.72307436601
2017-07-30,58535.51831732311
2017-07-31,60991.81882237073
2017-08-01,57565.36032477811
2017-08-02,57404.398059838524
2017-08-03,59362.546043519156
2017-08-04,61261.26791764265
2017-08-05,68383.3497749182
2017-08-06,67559.16815446696
2017-08-07,70941.48094764845
2017-08-08,71797.10305823352
2017-08-09,70152.02005238949
2017-08-10,70961.87593507755
2017-08-11,76400.58595838856
2017-08-12,81148.97991019077
2017-08-13,84995.06333341995
2017-08-14,90094.640202101
2017-08-15,87061.21978300427
2017-08-16,91023.03553625582
2017-08-17,90083.56471306768
2017-08-18,86453.77153821973
2017-08-19,87138.42626927297
2017-08-20,84906.74250315159
2017-08-21,83103.0351535225
2017-08-22,85129.46407311081
2017-08-23,86181.72701068869
2017-08-24,89902.47599224157
2017-08-25,90664.96288263494
2017-08-26,90265.8826886903
2017-08-27,90895.81408756282
2017-08-28,90891.25710084203
2017-08-29,94874.94128392203
2017-08-30,94590.23874080504
2017-08-31,97408.96806139979
2017-09-01,101239.05553553587
2017-09-02,94539.7830835504
2017-09-03,94626.2550010027
2017-09-04,87183.6684078797
2017-09-05,90022.67403203326
2017-09-06,94449.44199087768
2017-09-07,94506.1253291685
2017-09-08,86555.9157054355
2017-09-09,86500.83928199032
2017-09-10,84363.95335269932
2017-09-11,85144.6433675746
2017-09-12,84519.1032975305
2017-09-13,79281.36584908028
2017-09-14,62828.11613882972
2017-09-15,71770.41072119866
2017-09-16,71523.74998491834
2017-09-17,70687.03512208979
2017-09-18,79614.52609058794
2017-09-19,76819.71946799013
2017-09-20,76446.55374738351
2017-09-21,70867.33903137513
2017-09-22,70860.70119419137
2017-09-23,73948.35595307732
2017-09-24,71780.57315189227
2017-09-25,76371.27999835358
2017-09-26,75712.51435595201
2017-09-27,81484.14779597522
2017-09-28,80979.40753222421
2017-09-29,80752.91296950317
2017-09-30,84089.97212609998
2017-10-01,85340.99320560669
2017-10-02,85449.05278976909
2017-10-03,83650.4742579761
2017-10-04,81925.49732178968
2017-10-05,83822.04440940451
2017-10-06,84639.14629965964
2017-10-07,85718.20880968751
2017-10-08,89201.33668282119
2017-10-09,92273.22828533464
2017-10-10,92465.81427170972
2017-10-11,93322.10250627866
2017-10-12,104607.64558256118
2017-10-13,108385.3526674352
2017-10-14,111871.28373503986
2017-10-15,108885.2732818979
2017-10-16,109790.44352195683
2017-10-17,107463.37217821216
2017-10-18,107178.88471685853
2017-10-19,109414.32493201755
2017-10-20,115071.72580360284
2017-10-21,115456.79206916642
2017-10-22,115012.22270172977
2017-10-23,113507.4417697639
2017-10-24,105505.3845895868
2017-10-25,109700.1606128076
2017-10-26,112599.72582559886
2017-10-27,110211.33810238709
2017-10-28,109679.86724497536
2017-10-29,117065.80201692834
2017-10-30,116621.332798029
2017-10-31,122877.78699461817
2017-11-01,128428.77969106706
2017-11-02,134202.72513311793
2017-11-03,136631.28046760854
2017-11-04,139856.96725440954
2017-11-05,140376.39346447604
2017-11-06,132890.8781740938
2017-11-07,135172.5809916847
2017-11-08,141010.39188514167
2017-11-09,134904.67176152175
2017-11-10,124597.99830149255
2017-11-11,119593.7163954976
2017-11-12,111670.87087277573
2017-11-13,122559.89046865724
2017-11-14,123976.53653452035
2017-11-15,136067.863962976
2017-11-16,146037.81671413302
2017-11-17,142987.73502052893
2017-11-18,144485.2301157324
2017-11-19,148983.39447222557
2017-11-20,151995.7950961812
2017-11-21,149578.66946302544
2017-11-22,152919.33138700956
2017-11-23,148887.26175795877
2017-11-24,152815.5533421941
2017-11-25,162451.93962993956
2017-11-26,172129.94571813135
2017-11-27,180901.53321529616
2017-11-28,185278.4114079076
2017-11-29,182116.77825173718
2017-11-30,188362.0653556662
2017-12-01,201547.07192121266
2017-12-02,203356.8781724092
2017-12-03,207871.31402691637
2017-12-04,213914.19466180785
2017-12-05,218623.89266873887
2017-12-06,258353.13611268002
2017-12-07,316513.3239651693
2017-12-08,292070.1821503637
2017-12-09,266456.37382097566
2017-12-10,271278.77625139634
2017-12-11,296109.0130818929
2017-12-12,304360.4102890771
2017-12-13,286228.52464399516
2017-12-14,288933.5282964492
2017-12-15,308211.9680164552
2017-12-16,337901.01817833906
2017-12-17,331663.7302716164
2017-12-18,331202.4690052786
2017-12-19,307176.07931691286
2017-12-20,286593.7263074065
2017-12-21,272066.28734254534
2017-12-22,235820.74122875868
2017-12-23,250164.0211051498
2017-12-24,236642.6900228558
2017-12-25,238349.42295698627
2017-12-26,271206.20991184434
2017-12-27,266768.42134306405
2017-12-28,245166.30159933702
2017-12-29,245999.09041980648
2017-12-30,215594.145398132
2017-12-31,234760.7178765302
2018-01-01,226332.8135389066
2018-01-02,247288.8011930401
2018-01-03,250875.7465347753
2018-01-04,257362.99902571616
2018-01-05,285916.0158729315
2018-01-06,287510.962955016
2018-01-07,269759.83772267547
2018-01-08,247457.3083791193
2018-01-09,237900.52638004915
2018-01-10,243981.77880225383
2018-01-11,217001.98887464838
2018-01-12,226112.42500258776
2018-01-13,232169.94935086992
2018-01-14,222459.91502604348
2018-01-15,223230.69121332082
2018-01-16,182026.38508765804
2018-01-17,177179.88905531674
2018-01-18,181656.64148276352
2018-01-19,183742.20215578686
2018-01-20,203131.12943571628
2018-01-21,181568.43016286398
2018-01-22,170787.93761378052
2018-01-23,169800.8029026308
2018-01-24,177303.63769390737
2018-01-25,175735.87294260727
2018-01-26,174356.98002554284
2018-01-27,178510.20061054247
2018-01-28,183822.77726449855
2018-01-29,176018.8205965552
2018-01-30,156423.49845754183
2018-01-31,158190.33322322357
2018-02-01,141033.32663376757
2018-02-02,135708.44023302535
2018-02-03,140896.93392909624
2018-02-04,126385.84064549273
2018-02-05,104333.77182174908
2018-02-06,104333.77182174908
2018-02-07,104333.77182174908
2018-02-08,104281.6049358382
2018-02-09,110065.43301492564
2018-02-10,108606.06195307906
2018-02-11,102171.3413893189
2018-02-12,102120.25571862425
2018-02-13,98294.15334902606
2018-02-14,108041.07442494143
2018-02-15,115426.96109322428
2018-02-16,116190.80750810054
2018-02-17,125762.93607883235
2018-02-18,119249.4003325147
2018-02-19,126627.80182950423
2018-02-20,128624.4360022832
2018-02-21,120316.36473021834
2018-02-22,112344.0567014228
2018-02-23,115620.6474746326
2018-02-24,110008.9478646854
2018-02-25,108333.29404397594
2018-02-26,115929.14144135297
2018-02-27,119874.74410570164
2018-02-28,116155.09425342015
2018-03-01,122175.04992525795
2018-03-02,123676.3846886548
2018-03-03,128095.56845564072
2018-03-04,128350.613773334
2018-03-05,129025.5647586549
2018-03-06,119862.50734833363
2018-03-07,110447.6500052588
2018-03-08,103935.93143494296
2018-03-09,103298.30652647205
2018-03-10,97893.72384527982
2018-03-11,97844.77698335718
2018-03-12,93953.03037776863
2018-03-13,93848.14483207944
2018-03-14,83850.31238795067
2018-03-15,83850.31238795067
2018-03-16,83850.31238795067
2018-03-17,83850.31238795067
2018-03-18,83850.31238795067
2018-03-19,83850.31238795067
2018-03-20,83850.31238795067
2018-03-21,83850.31238795067
2018-03-22,83850.31238795067
2018-03-23,83850.31238795067
2018-03-24,83850.31238795067
2018-03-25,83850.31238795067
2018-03-26,83850.31238795067
2018-03-27,83850.31238795067
2018-03-28,83850.31238795067
2018-03-29,83850.31238795067
2018-03-30,83850.31238795067
2018-03-31,83850.31238795067
2018-04-01,83850.31238795067
2018-04-02,83850.31238795067
2018-04-03,83850.31238795067
2018-04-04,83850.31238795067
2018-04-05,83850.31238795067
2018-04-06,83850.31238795067
2018-04-07,83850.31238795067
2018-04-08,83850.31238795067
2018-04-09,83850.31238795067
2018-04-10,83850.31238795067
2018-04-11,83850.31238795067
2018-04-12,83850.31238795067
2018-04-13,83850.31238795067
2018-04-14,83850.31238795067
2018-04-15,83850.31238795067
2018-04-16,83850.31238795067
2018-04-17,83850.31238795067
2018-04-18,83850.31238795067
2018-04-19,83850.31238795067
2018-04-20,83850.31238795067
2018-04-21,83850.31238795067
2018-04-22,83850.31238795067
2018-04-23,83850.31238795067
2018-04-24,83850.31238795067
2018-04-25,83850.31238795067
2018-04-26,83850.31238795067
2018-04-27,83850.31238795067
2018-04-28,83850.31238795067
2018-04-29,83850.31238795067
2018-04-30,83850.31238795067
2018-05-01,83850.31238795067
2018-05-02,83850.31238795067
2018-05-03,83850.31238795067
2018-05-04,83850.31238795067
2018-05-05,83850.31238795067
2018-05-06,83850.31238795067
2018-05-07,83850.31238795067
2018-05-08,83850.31238795067
2018-05-09,83850.31238795067
2018-05-10,83850.31238795067
2018-05-11,83850.31238795067
2018-05-12,83850.31238795067
2018-05-13,83850.31238795067
2018-05-14,83850.31238795067
2018-05-15,83850.31238795067
2018-05-16,83850.31238795067
2018-05-17,83850.31238795067
2018-05-18,83850.31238795067
2018-05-19,83850.31238795067
2018-05-20,83850.31238795067
2018-05-21,83850.31238795067
2018-05-22,83850.31238795067
2018-05-23,83850.31238795067
2018-05-24,83850.31238795067
2018-05-25,83850.31238795067
2018-05-26,83850.31238795067
2018-05-27,83850.31238795067
2018-05-28,83850.31238795067
2018-05-29,83850.31238795067
2018-05-30,83850.31238795067
2018-05-31,83850.31238795067
2018-06-01,83850.31238795067
2018-06-02,83850.31238795067
2018-06-03,83850.31238795067
2018-06-04,83850.31238795067
2018-06-05,83850.31238795067
2018-06-06,83850.31238795067
2018-06-07,83850.31238795067
2018-06-08,83850.31238795067
2018-06-09,83850.31238795067
2018-06-10,83850.31238795067
2018-06-11,83850.31238795067
2018-06-12,83850.31238795067
2018-06-13,83850.31238795067
2018-06-14,83850.31238795067
2018-06-15,83850.31238795067
2018-06-16,83850.31238795067
2018-06-17,83850.31238795067
2018-06-18,83850.31238795067
2018-06-19,83850.31238795067
2018-06-20,83850.31238795067
2018-06-21,83850.31238795067
2018-06-22,83850.31238795067
2018-06-23,83850.31238795067
2018-06-24,83850.31238795067
2018-06-25,83850.31238795067
2018-06-26,83850.31238795067
2018-06-27,83850.31238795067
2018-06-28,83850.31238795067
2018-06-29,83850.31238795067
2018-06-30,83850.31238795067
2018-07-01,83850.31238795067
2018-07-02,83850.31238795067
2018-07-03,83850.31238795067
2018-07-04,83850.31238795067
2018-07-05,83850.31238795067
2018-07-06,83850.31238795067
2018-07-07,83850.31238795067
2018-07-08,83850.31238795067
2018-07-09,83850.31238795067
2018-07-10,83850.31238795067
2018-07-11,83850.31238795067
2018-07-12,83850.31238795067
2018-07-13,83850.31238795067
2018-07-14,83850.31238795067
2018-07-15,83850.31238795067
2018-07-16,83850.31238795067
2018-07-17,83850.31238795067
2018-07-18,83850.31238795067
2018-07-19,83850.31238795067
2018-07-20,83850.31238795067
2018-07-21,83850.31238795067
2018-07-22,83850.31238795067
2018-07-23,83850.31238795067
2018-07-24,83850.31238795067
2018-07-25,83850.31238795067
2018-07-26,83850.31238795067
2018-07-27,83850.31238795067
2018-07-28,83850.31238795067
2018-07-29,83850.31238795067
2018-07-30,83850.31238795067
2018-07-31,83850.31238795067
2018-08-01,83850.31238795067
2018-08-02,83850.31238795067
2018-08-03,83850.31238795067
2018-08-04,83850.31238795067
2018-08-05,83850.31238795067
2018-08-06,83850.31238795067
2018-08-07,83850.31238795067
2018-08-08,83850.31238795067
2018-08-09,83850.31238795067
2018-08-10,83850.31238795067
2018-08-11,83850.31238795067
2018-08-12,83850.31238795067
2018-08-13,83850.31238795067
2018-08-14,83850.31238795067
2018-08-15,83850.31238795067
2018-08-16,83850.31238795067
2018-08-17,83850.31238795067
2018-08-18,83850.31238795067
2018-08-19,83850.31238795067
2018-08-20,83850.31238795067
2018-08-21,83850.31238795067
2018-08-22,83850.31238795067
2018-08-23,83850.31238795067
2018-08-24,83850.31238795067
2018-08-25,83850.31238795067
2018-08-26,83850.31238795067
2018-08-27,83850.31238795067
2018-08-28,83850.31238795067
2018-08-29,83850.31238795067
2018-08-30,83850.31238795067
2018-08-31,83850.31238795067
2018-09-01,83850.31238795067
2018-09-02,83850.31238795067
2018-09-03,83850.31238795067
2018-09-04,83850.31238795067
2018-09-05,83850.31238795067
2018-09-06,83850.31238795067
2018-09-07,83850.31238795067
2018-09-08,83850.31238795067
2018-09-09,83850.31238795067
2018-09-10,83850.31238795067
2018-09-11,83850.31238795067
2018-09-12,83850.31238795067
2018-09-13,83850.31238795067
2018-09-14,83850.31238795067
2018-09-15,83850.31238795067
2018-09-16,83850.31238795067
2018-09-17,83850.31238795067
2018-09-18,83850.31238795067
2018-09-19,83850.31238795067
2018-09-20,83850.31238795067
2018-09-21,83850.31238795067
2018-09-22,83850.31238795067
2018-09-23,83850.31238795067
2018-09-24,83850.31238795067
2018-09-25,83850.31238795067
2018-09-26,83850.31238795067
2018-09-27,83850.31238795067
2018-09-28,83850.31238795067
2018-09-29,83850.31238795067
2018-09-30,83850.31238795067
2018-10-01,83850.31238795067
2018-10-02,83850.31238795067
2018-10-03,83850.31238795067
2018-10-04,83850.31238795067
2018-10-05,83850.31238795067
2018-10-06,83850.31238795067
2018-10-07,83850.31238795067
2018-10-08,83850.31238795067
2018-10-09,83850.31238795067
2018-10-10,83850.31238795067
2018-10-11,83850.31238795067
2018-10-12,83850.31238795067
2018-10-13,83850.31238795067
2018-10-14,83850.31238795067
2018-10-15,83850.31238795067
2018-10-16,83850.31238795067
2018-10-17,83850.31238795067
2018-10-18,83850.31238795067
2018-10-19,83850.31238795067
2018-10-20,83850.31238795067
2018-10-21,83850.31238795067
2018-10-22,83850.31238795067
2018-10-23,83850.31238795067
2018-10-24,83850.31238795067
2018-10-25,83850.31238795067
2018-10-26,83850.31238795067
2018-10-27,83850.31238795067
2018-10-28,83850.31238795067
2018-10-29,83850.31238795067
2018-10-30,83850.31238795067
2018-10-31,83850.31238795067
2018-11-01,83850.31238795067
2018-11-02,83850.31238795067
2018-11-03,83850.31238795067
2018-11-04,83850.31238795067
2018-11-05,83850.31238795067
2018-11-06,83850.31238795067
2018-11-07,83850.31238795067
2018-11-08,83850.31238795067
2018-11-09,83850.31238795067
2018-11-10,83850.31238795067
2018-11-11,83850.31238795067
2018-11-12,83850.31238795067
2018-11-13,83850.31238795067
2018-11-14,83850.31238795067
2018-11-15,83850.31238795067
2018-11-16,83850.31238795067
2018-11-17,83850.31238795067
2018-11-18,83850.31238795067
2018-11-19,83850.31238795067
2018-11-20,83850.31238795067
2018-11-21,83850.31238795067
2018-11-22,83850.31238795067
2018-11-23,83850.31238795067
2018-11-24,83850.31238795067
2018-11-25,83850.31238795067
2018-11-26,83850.31238795067
2018-11-27,83850.31238795067
2018-11-28,83850.31238795067
2018-11-29,83850.31238795067
2018-11-30,83850.31238795067
2018-12-01,83850.31238795067
2018-12-02,83850.31238795067
2018-12-03,83850.31238795067
2018-12-04,83850.31238795067
2018-12-05,83850.31238795067
2018-12-06,83850.31238795067
2018-12-07,83850.31238795067
2018-12-08,83850.31238795067
2018-12-09,83850.31238795067
2018-12-10,83850.31238795067
2018-12-11,83850.31238795067
2018-12-12,83850.31238795067
2018-12-13,83850.31238795067
2018-12-14,83850.31238795067
2018-12-15,83850.31238795067
2018-12-16,83850.31238795067
2018-12-17,83850.31238795067
2018-12-18,83850.31238795067
2018-12-19,83850.31238795067
2018-12-20,83850.31238795067
2018-12-21,83850.31238795067
2018-12-22,83850.31238795067
2018-12-23,83850.31238795067
2018-12-24,83850.31238795067
2018-12-25,83850.31238795067
2018-12-26,83850.31238795067
2018-12-27,83850.31238795067
2018-12-28,83850.31238795067
2018-12-29,83850.31238795067
2018-12-30,83850.31238795067
2018-12-31,83850.31238795067
2019-01-01,83850.31238795067
2019-01-02,83850.31238795067
2019-01-03,83850.31238795067
2019-01-04,83850.31238795067
2019-01-05,83850.31238795067
2019-01-06,83850.31238795067
2019-01-07,83850.31238795067
2019-01-08,83850.31238795067
2019-01-09,83850.31238795067
2019-01-10,83850.31238795067
2019-01-11,83850.31238795067
2019-01-12,83850.31238795067
2019-01-13,83850.31238795067
2019-01-14,83850.31238795067
2019-01-15,83850.31238795067
2019-01-16,83850.31238795067
2019-01-17,83850.31238795067
2019-01-18,83850.31238795067
2019-01-19,83850.31238795067
2019-01-20,83850.31238795067
2019-01-21,83850.31238795067
2019-01-22,83850.31238795067
2019-01-23,83850.31238795067
2019-01-24,83850.31238795067
2019-01-25,83850.31238795067
2019-01-26,83850.31238795067
2019-01-27,83850.31238795067
2019-01-28,83850.31238795067
2019-01-29,83850.31238795067
2019-01-30,83850.31238795067
2019-01-31,83850.31238795067
2019-02-01,83850.31238795067
2019-02-02,83850.31238795067
2019-02-03,83850.31238795067
2019-02-04,83850.31238795067
2019-02-05,83850.31238795067
2019-02-06,83850.31238795067
2019-02-07,83850.31238795067
2019-02-08,83850.31238795067
2019-02-09,83850.31238795067
2019-02-10,83850.31238795067
2019-02-11,83850.31238795067
2019-02-12,83850.31238795067
2019-02-13,83850.31238795067
2019-02-14,83850.31238795067
2019-02-15,83850.31238795067
2019-02-16,83850.31238795067
2019-02-17,83850.31238795067
2019-02-18,83850.31238795067
2019-02-19,83850.31238795067
2019-02-20,83850.31238795067
2019-02-21,83850.31238795067
2019-02-22,83850.31238795067
2019-02-23,83850.31238795067
2019-02-24,83850.31238795067
2019-02-25,83850.31238795067
2019-02-26,83850.31238795067
2019-02-27,83850.31238795067
2019-02-28,83850.31238795067
2019-03-01,83850.31238795067
2019-03-02,83850.31238795067
2019-03-03,83850.31238795067
2019-03-04,83850.31238795067
2019-03-05,83850.31238795067
2019-03-06,83850.31238795067
2019-03-07,83850.31238795067
2019-03-08,83850.31238795067
2019-03-09,83850.31238795067
2019-03-10,83850.31238795067
2019-03-11,83850.31238795067
2019-03-12,83850.31238795067
2019-03-13,83850.31238795067
2019-03-14,83850.31238795067
2019-03-15,83850.31238795067
2019-03-16,83850.31238795067
2019-03-17,83850.31238795067
2019-03-18,83850.31238795067
2019-03-19,83850.31238795067
2019-03-20,83850.31238795067
2019-03-21,83850.31238795067
2019-03-22,83850.31238795067
2019-03-23,83850.31238795067
2019-03-24,83850.31238795067
2019-03-25,83850.31238795067
2019-03-26,83850.31238795067
2019-03-27,83850.31238795067
2019-03-28,83850.31238795067
2019-03-29,83850.31238795067
2019-03-30,83850.31238795067
2019-03-31,83850.31238795067
2019-04-01,83850.31238795067
2019-04-02,83808.3872317567
2019-04-03,85392.99372412697
2019-04-04,84526.21539925369
2019-04-05,86459.34071333996
2019-04-06,86855.58634785301
2019-04-07,89210.77025718361
2019-04-08,90756.65663862717
2019-04-09,89289.73621486353
2019-04-10,91318.11355647803
2019-04-11,86745.311051902
2019-04-12,87173.33524519061
2019-04-13,87293.9585892953
2019-04-14,88503.94168701005
2019-04-15,86763.8050040087
2019-04-16,89601.27725284548
2019-04-17,89881.1396993922
2019-04-18,90672.54745830779
2019-04-19,90765.36934053077
2019-04-20,91346.61588363547
2019-04-21,90946.06796066956
2019-04-22,92386.34294696678
2019-04-23,95299.99374804249
2019-04-24,93443.612141139
2019-04-25,88990.00451478342
2019-04-26,90157.89273056149
2019-04-27,89968.8669605528
2019-04-28,90256.13086174762
2019-04-29,89608.51794205245
2019-04-30,91356.66243735324
2019-05-01,92239.7127149806
2019-05-02,93974.73984374767
2019-05-03,98360.28684268256
2019-05-04,99426.67327145385
2019-05-05,98820.21977672007
2019-05-06,97982.88536492849
2019-05-07,99382.7733168273
2019-05-08,101956.782704719
2019-05-09,105178.73258739414
2019-05-10,108602.83876823302
2019-05-11,121825.86647318747
2019-05-12,117831.4289840477
2019-05-13,131273.48165410844
2019-05-14,134254.59840473728
2019-05-15,137748.02333726344
2019-05-16,132263.7932907425
2019-05-17,122862.31392854024
2019-05-18,121640.20447604347
2019-05-19,136228.50196525623
2019-05-20,132533.1885962268
2019-05-21,132284.08753633001
2019-05-22,127492.92144915403
2019-05-23,130799.32706329116
2019-05-24,132538.89475132033
2019-05-25,133615.94787143308
2019-05-26,143537.14257873336
2019-05-27,145714.38540371624
2019-05-28,144287.3660974277
2019-05-29,143283.21950911294
2019-05-30,137543.7740255536
2019-05-31,141696.77623127916
2019-06-01,141523.39593651358
2019-06-02,144449.99616696918
2019-06-03,135347.03783163556
2019-06-04,126819.97435893708
2019-06-05,128721.82674874614
2019-06-06,128685.49616316946
2019-06-07,132285.74689963952
2019-06-08,130800.26111495859
2019-06-09,126350.39387683859
2019-06-10,131380.65993091228
2019-06-11,130182.73461857729
2019-06-12,133716.5110620027
2019-06-13,135105.65892709247
2019-06-14,142498.05489390588
2019-06-15,144847.7212226133
2019-06-16,147383.85132865387
2019-06-17,152629.01820870483
2019-06-18,148671.01948449708
2019-06-19,151777.48317319027
2019-06-20,155872.97032337202
2019-06-21,165660.32558220977
2019-06-22,174517.27773444727
2019-06-23,177005.57734077622
2019-06-24,179526.86183499248
2019-06-25,191811.0597289506
2019-06-26,210774.97088805237
2019-06-27,178775.18353375024
2019-06-28,197351.73310761282
2019-06-29,190094.63076970848
2019-06-30,171012.58236094142
2019-07-01,167272.2548551318
2019-07-02,170691.26522762454
2019-07-03,188097.067152788
2019-07-04,175986.8675640396
2019-07-05,172228.4902978009
2019-07-06,175800.81608841324
2019-07-07,179560.61952742195
2019-07-08,192200.4861969169
2019-07-09,196651.7136253975
2019-07-10,190014.47687210937
2019-07-11,177115.45504254333
2019-07-12,184106.68980575638
2019-07-13,177385.18040165555
2019-07-14,158746.2549078858
2019-07-15,168341.45026487295
2019-07-16,144878.57351428375
2019-07-17,148145.77062587693
2019-07-18,162311.40300183318
2019-07-19,160232.4436336887
2019-07-20,163789.76272565182
2019-07-21,161213.47047519422
2019-07-22,157271.9052753249
2019-07-23,150397.87009314404
2019-07-24,149042.2250528911
2019-07-25,150552.26441162723
2019-07-26,149920.01124316442
2019-07-27,143834.56270692532
2019-07-28,144971.04293434115
2019-07-29,144458.49263541846
2019-07-30,145791.99300512535
2019-07-31,152873.88544845604
2019-08-01,157561.38711637052
2019-08-02,159346.6712569493
2019-08-03,163880.26530784724
2019-08-04,166113.17768976907
2019-08-05,178305.4551197861
2019-08-06,173289.431485322
2019-08-07,180153.79023763683
2019-08-08,180522.0867474496
2019-08-09,178954.36714641715
2019-08-10,171107.80746961097
2019-08-11,173644.14498596007
2019-08-12,171506.9336959576
2019-08-13,164010.8555526312
2019-08-14,150785.35278730188
2019-08-15,154633.70349209695
2019-08-16,155572.5020250467
2019-08-17,153419.33468190092
2019-08-18,155120.23371188622
2019-08-19,163442.87844250523
2019-08-20,161138.56224400655
2019-08-21,151495.98751638143
2019-08-22,151391.43585923
2019-08-23,155473.83293073467
2019-08-24,151724.30688508035
2019-08-25,151403.74295254378
2019-08-26,154833.69353213545
2019-08-27,152041.88980138802
2019-08-28,145466.9397920254
2019-08-29,141778.49743738674
2019-08-30,143083.98345991343
2019-08-31,143567.51102496378
2019-09-01,145452.87948117853
2019-09-02,153974.82404230913
2019-09-03,158039.57436928627
2019-09-04,157606.87086792898
2019-09-05,157324.56409492219
2019-09-06,153983.3724663231
2019-09-07,156402.7063952687
2019-09-08,155268.7244967606
2019-09-09,153679.8447323496
2019-09-10,150388.35733031612
2019-09-11,151313.12066989567
2019-09-12,154719.7833653842
2019-09-13,153981.14257021513
2019-09-14,153944.011471237
2019-09-15,153790.31938930912
2019-09-16,152732.67565281026
2019-09-17,152203.84445941294
2019-09-18,151563.0768939252
2019-09-19,152572.7819886186
2019-09-20,151307.7039884548
2019-09-21,148882.02600558256
2019-09-22,149633.1148963934
2019-09-23,144477.4684442393
2019-09-24,126996.61226354817
2019-09-25,125013.43121435326
2019-09-26,119408.86020296226
2019-09-27,119408.86020296226
2019-09-28,119408.86020296226
2019-09-29,119408.86020296226
2019-09-30,119408.86020296226
2019-10-01,119408.86020296226
2019-10-02,119408.86020296226
2019-10-03,119408.86020296226
2019-10-04,119408.86020296226
2019-10-05,119408.86020296226
2019-10-06,119408.86020296226
2019-10-07,119408.86020296226
2019-10-08,119408.86020296226
2019-10-09,119408.86020296226
2019-10-10,119408.86020296226
2019-10-11,119408.86020296226
2019-10-12,119408.86020296226
2019-10-13,119408.86020296226
2019-10-14,119408.86020296226
2019-10-15,119408.86020296226
2019-10-16,119408.86020296226
2019-10-17,119408.86020296226
2019-10-18,119408.86020296226
2019-10-19,119408.86020296226
2019-10-20,119408.86020296226
2019-10-21,119408.86020296226
2019-10-22,119408.86020296226
2019-10-23,119408.86020296226
2019-10-24,119408.86020296226
2019-10-25,119408.86020296226
2019-10-26,119349.15577286079
2019-10-27,123244.80722022943
2019-10-28,119370.89306387914
2019-10-29,121562.87832175853
2019-10-30,118666.63110988597
2019-10-31,118587.43623256343
2019-11-01,119377.81521747564
2019-11-02,120195.00200426849
2019-11-03,119037.56009161321
2019-11-04,121300.64574293859
2019-11-05,120394.0792497894
2019-11-06,120630.35039811004
2019-11-07,119421.75539978262
2019-11-08,113245.968732746
2019-11-09,113245.968732746
2019-11-10,113245.968732746
2019-11-11,113245.968732746
2019-11-12,113245.968732746
2019-11-13,113245.968732746
2019-11-14,113245.968732746
2019-11-15,113245.968732746
2019-11-16,113245.968732746
2019-11-17,113245.968732746
2019-11-18,113245.968732746
2019-11-19,113245.968732746
2019-11-20,113245.968732746
2019-11-21,113245.968732746
2019-11-22,113245.968732746
2019-11-23,113245.968732746
2019-11-24,113245.968732746
2019-11-25,113245.968732746
2019-11-26,113245.968732746
2019-11-27,113245.968732746
2019-11-28,113245.968732746
2019-11-29,113245.968732746
2019-11-30,113245.968732746
2019-12-01,113245.968732746
2019-12-02,113245.968732746
2019-12-03,113245.968732746
2019-12-04,113245.968732746
2019-12-05,113245.968732746
2019-12-06,113245.968732746
2019-12-07,113245.968732746
2019-12-08,113245.968732746
2019-12-09,113245.968732746
2019-12-10,113245.968732746
2019-12-11,113245.968732746
2019-12-12,113245.968732746
2019-12-13,113245.968732746
2019-12-14,113245.968732746
2019-12-15,113245.968732746
2019-12-16,113245.968732746
2019-12-17,113245.968732746
2019-12-18,113245.968732746
2019-12-19,113245.968732746
2019-12-20,113245.968732746
2019-12-21,113245.968732746
2019-12-22,113245.968732746
2019-12-23,113245.968732746
2019-12-24,113245.968732746
2019-12-25,113245.968732746
2019-12-26,113245.968732746
2019-12-27,113245.968732746
2019-12-28,113245.968732746
2019-12-29,113245.968732746
2019-12-30,113245.968732746
2019-12-31,113245.968732746
2020-01-01,113245.968732746
2020-01-02,113245.968732746
2020-01-03,113245.968732746
2020-01-04,113245.968732746
2020-01-05,113245.968732746
2020-01-06,113245.968732746
2020-01-07,113245.968732746
2020-01-08,113245.968732746
2020-01-09,113245.968732746
2020-01-10,113245.968732746
2020-01-11,113245.968732746
2020-01-12,113245.968732746
2020-01-13,113245.968732746
2020-01-14,113245.968732746
2020-01-15,113245.968732746
2020-01-16,113245.968732746
2020-01-17,113245.968732746
2020-01-18,113245.968732746
2020-01-19,113245.968732746
2020-01-20,113245.968732746
2020-01-21,113245.968732746
2020-01-22,113245.968732746
2020-01-23,113245.968732746
2020-01-24,113245.968732746
2020-01-25,113245.968732746
2020-01-26,113245.968732746
2020-01-27,113245.968732746
2020-01-28,113189.34574837964
2020-01-29,112680.71146318727
2020-01-30,114983.57132331596
2020-01-31,113051.26681029408
2020-02-01,113562.08581108444
2020-02-02,112974.07152448207
2020-02-03,112357.68837068678
2020-02-04,110988.55896692826
2020-02-05,116097.17898227218
2020-02-06,117494.18614647427
2020-02-07,118290.18991722433
2020-02-08,119122.58135768518
2020-02-09,122122.05462806654
2020-02-10,118941.690303564
2020-02-11,123110.8875688411
2020-02-12,124523.63485622278
2020-02-13,123169.5944074543
2020-02-14,124342.54032233366
2020-02-15,119138.36354418306
2020-02-16,119679.35638021094
2020-02-17,116699.61286339014
2020-02-18,122018.27853152461
2020-02-19,115740.44004808801
2020-02-20,115440.75730023407
2020-02-21,116373.69547558128
2020-02-22,116093.91470890676
2020-02-23,119191.88842425484
2020-02-24,115850.7023383989
2020-02-25,112087.0330525348
2020-02-26,105652.37563856109
2020-02-27,105167.11782839337
2020-02-28,105167.11782839337
2020-02-29,105167.11782839337
2020-03-01,105167.11782839337
2020-03-02,105114.53426947918
2020-03-03,104139.62168583255
2020-03-04,103753.290383446
2020-03-05,107517.96213317446
2020-03-06,108035.23151864365
2020-03-07,105487.77906812698
2020-03-08,95487.16537043992
2020-03-09,95487.16537043992
2020-03-10,95487.16537043992
2020-03-11,95487.16537043992
2020-03-12,95487.16537043992
2020-03-13,95487.16537043992
2020-03-14,95487.16537043992
2020-03-15,95487.16537043992
2020-03-16,95487.16537043992
2020-03-17,95487.16537043992
2020-03-18,95487.16537043992
2020-03-19,95487.16537043992
2020-03-20,95487.16537043992
2020-03-21,95487.16537043992
2020-03-22,95487.16537043992
2020-03-23,95487.16537043992
2020-03-24,95487.16537043992
2020-03-25,95487.16537043992
2020-03-26,95487.16537043992
2020-03-27,95487.16537043992
2020-03-28,95487.16537043992
2020-03-29,95487.16537043992
2020-03-30,95487.16537043992
2020-03-31,95487.16537043992
2020-04-01,95487.16537043992
2020-04-02,95487.16537043992
2020-04-03,95487.16537043992
2020-04-04,95487.16537043992
2020-04-05,95487.16537043992
2020-04-06,95487.16537043992
2020-04-07,95487.16537043992
2020-04-08,95487.16537043992
2020-04-09,95487.16537043992
2020-04-10,95487.16537043992
2020-04-11,95487.16537043992
2020-04-12,95487.16537043992
2020-04-13,95487.16537043992
2020-04-14,95487.16537043992
2020-04-15,95487.16537043992
2020-04-16,95487.16537043992
2020-04-17,95487.16537043992
2020-04-18,95487.16537043992
2020-04-19,95487.16537043992
2020-04-20,95487.16537043992
2020-04-21,95487.16537043992
2020-04-22,95487.16537043992
2020-04-23,95487.16537043992
2020-04-24,95487.16537043992
2020-04-25,95487.16537043992
2020-04-26,95487.16537043992
2020-04-27,95487.16537043992
2020-04-28,95487.16537043992
2020-04-29,95439.4217877547
2020-04-30,93881.66162725782
2020-05-01,96091.3458895538
2020-05-02,97424.33727014739
2020-05-03,96431.5918268151
2020-05-04,96596.0339038206
2020-05-05,97571.03244296285
2020-05-06,100408.80066788402
2020-05-07,107545.39301079058
2020-05-08,106362.5499325988
2020-05-09,103639.72209999595
2020-05-10,94173.39944066838
2020-05-11,92495.47839909134
2020-05-12,94649.64226836858
2020-05-13,99526.1439145488
2020-05-14,104384.44379113917
2020-05-15,99942.41166292793
2020-05-16,100464.06741566375
2020-05-17,103562.7223062979
2020-05-18,104158.94274448107
2020-05-19,104185.31375435439
2020-05-20,101955.01313086867
2020-05-21,97118.28962384816
2020-05-22,98190.44685987757
2020-05-23,98475.64522879894
2020-05-24,93891.02805255244
2020-05-25,95127.90557692442
2020-05-26,94357.07807049356
2020-05-27,97981.42508091683
2020-05-28,101593.09044740131
2020-05-29,100664.97875756267
2020-05-30,103413.67523465627
2020-05-31,100829.95771757895
2020-06-01,108088.63744654407
2020-06-02,101089.95493972613
2020-06-03,102427.34421022213
2020-06-04,103942.60716096383
2020-06-05,102499.77200692556
2020-06-06,102373.9922654439
2020-06-07,103483.2828941817
2020-06-08,103617.19650791648
2020-06-09,103873.6125614147
2020-06-10,104659.51169330334
2020-06-11,98677.62203749696
2020-06-12,100347.20633177254
2020-06-13,100288.27303737252
2020-06-14,99347.28383462875
2020-06-15,100021.44082635357
2020-06-16,100941.37196171255
2020-06-17,100328.13523445041
2020-06-18,99601.49427027043
2020-06-19,98282.44018724385
2020-06-20,98750.32682247002
2020-06-21,98446.05324855127
2020-06-22,102031.4978189114
2020-06-23,101829.75083122651
2020-06-24,98431.59802924954
2020-06-25,97914.52882308718
2020-06-26,96831.68774187582
2020-06-27,95581.65081077334
2020-06-28,96613.63739461293
2020-06-29,97111.84463589666
2020-06-30,96551.6920923853
2020-07-01,97501.4502991539
2020-07-02,96386.62603703617
2020-07-03,96004.4133431704
2020-07-04,96480.5907945942
2020-07-05,95860.0889022835
2020-07-06,98993.79010679862
2020-07-07,97684.35222018491
2020-07-08,99525.66172586493
2020-07-09,97925.6102828697
2020-07-10,97934.47413018001
2020-07-11,97527.68912869865
2020-07-12,97908.52657103595
2020-07-13,97560.81835476978
2020-07-14,97556.59237973733
2020-07-15,97023.43957259279
2020-07-16,96381.63539330139
2020-07-17,96583.69149290278
2020-07-18,96664.36900241674
2020-07-19,96946.56436822878
2020-07-20,96718.4795860938
2020-07-21,98916.55911666364
2020-07-22,100491.65372416271
2020-07-23,101077.66609867777
2020-07-24,100610.50469451136
2020-07-25,102079.00910449415
2020-07-26,104456.72498255783
2020-07-27,115321.12960116213
2020-07-28,114499.27473080187
2020-07-29,116451.339337695
2020-07-30,116564.01852405464
2020-07-31,118769.69223270974
2020-08-01,123258.24044792501
2020-08-02,115627.09387610218
2020-08-03,117625.8299902714
2020-08-04,117201.9362581388
2020-08-05,122729.1840144404
2020-08-06,123070.87977640981
2020-08-07,121193.81477295267
2020-08-08,122777.26891484919
2020-08-09,121956.57754207563
2020-08-10,124052.30387219491
2020-08-11,119070.22529549488
2020-08-12,120876.43735405983
2020-08-13,122937.24208116028
2020-08-14,122777.87100702725
2020-08-15,123783.88025422314
2020-08-16,124066.32411876625
2020-08-17,127782.32893370658
2020-08-18,125008.24935652503
2020-08-19,122555.85164766018
2020-08-20,123801.18182292242
2020-08-21,120785.15441772566
2020-08-22,121712.40046151527
2020-08-23,121535.3835982899
2020-08-24,122673.49667071349
2020-08-25,118342.38565644721
2020-08-26,119608.21543019488
2020-08-27,117878.26467669784
2020-08-28,120137.36844776479
2020-08-29,119765.89874916372
2020-08-30,121877.12377345902
2020-08-31,121557.37204699928
2020-09-01,124534.95486497725
2020-09-02,118607.11238823345
2020-09-03,105794.5900045498
2020-09-04,108511.49652288873
2020-09-05,104919.76087338735
2020-09-06,106056.54419083355
2020-09-07,106972.92240862994
2020-09-08,104488.5933579136
2020-09-09,105625.41208719145
2020-09-10,106863.79556886423
2020-09-11,107252.6339422012
2020-09-12,107677.2164992524
2020-09-13,106449.17210197846
2020-09-14,110068.83259168357
2020-09-15,111258.95302653128
2020-09-16,113077.76236884235
2020-09-17,112810.43615460568
2020-09-18,112765.04835187989
2020-09-19,114297.61234400491
2020-09-20,112678.2568559522
2020-09-21,107664.82815009738
2020-09-22,108446.14584249779
2020-09-23,105396.00810937668
2020-09-24,110553.6815419341
2020-09-25,109859.52716034674
2020-09-26,110453.892521932
2020-09-27,110705.79181245899
2020-09-28,110029.57568965193
2020-09-29,111407.76030624328
2020-09-30,110788.1211242332
2020-10-01,109079.58268194406
2020-10-02,108632.0787441481
2020-10-03,108358.04164840223
2020-10-04,109586.24950588457
2020-10-05,110850.02871246045
2020-10-06,108892.45444410742
2020-10-07,109553.41121987096
2020-10-08,112057.95389319383
2020-10-09,113574.90414568191
2020-10-10,115930.75178555775
2020-10-11,116828.53679411151
2020-10-12,118572.18706261273
2020-10-13,117236.23120372766
2020-10-14,117273.23956348926
2020-10-15,117946.88535867938
2020-10-16,116155.98359139501
2020-10-17,116524.50933998052
2020-10-18,117802.5144107895
2020-10-19,120426.72344724729
2020-10-20,122201.1903358808
2020-10-21,131168.80912373096
2020-10-22,132615.337119899
2020-10-23,132263.51254858988
2020-10-24,134056.77866242977
2020-10-25,133268.1192489585
2020-10-26,133718.1000122127
2020-10-27,139511.77887486585
2020-10-28,135543.24782089057
2020-10-29,137234.16386057716
2020-10-30,138339.18372059465
2020-10-31,140713.16824291844
2020-11-01,140264.35047925168
2020-11-02,138345.78241532668
2020-11-03,142368.65851111797
2020-11-04,144228.1988706646
2020-11-05,158278.30580448615
2020-11-06,158136.34119490362
2020-11-07,150517.94248089739
2020-11-08,156932.36508427197
2020-11-09,155432.37410095937
2020-11-10,155011.9781623117
2020-11-11,159117.9378567931
2020-11-12,164840.885134123
2020-11-13,165260.29197501158
2020-11-14,162712.19040036353
2020-11-15,161568.44721242675
2020-11-16,169091.7040199935
2020-11-17,178239.98385217937
2020-11-18,179834.87520565136
2020-11-19,179966.98550471113
2020-11-20,187912.30524126775
2020-11-21,188123.27518220452
2020-11-22,185355.87614300297
2020-11-23,185296.52795331852
2020-11-24,192649.14379853508
2020-11-25,188827.1134030265
2020-11-26,172171.5699742652
2020-11-27,171747.20247754126
2020-11-28,177754.62649930117
2020-11-29,182311.49161372444
2020-11-30,196288.06526866803
2020-12-01,187880.94328228672
2020-12-02,191817.2020049362
2020-12-03,194242.40751297865
2020-12-04,186647.6328085962
2020-12-05,191129.53019675717
2020-12-06,193024.8937801268
2020-12-07,191487.26586102133
2020-12-08,182598.72195511562
2020-12-09,184904.03831174754
2020-12-10,182002.0359550706
2020-12-11,179936.79396387498
2020-12-12,187208.48179092334
2020-12-13,190550.81587658313
2020-12-14,191585.86186736502
2020-12-15,193274.91318757934
2020-12-16,211259.45263119668
2020-12-17,225579.13108062744
2020-12-18,228847.24951001958
2020-12-19,235973.73688655416
2020-12-20,232060.90935643317
2020-12-21,225299.10072661968
2020-12-22,234778.91364646607
2020-12-23,229369.73973569812
2020-12-24,234199.78676221694
2020-12-25,243189.78403241714
2020-12-26,260064.52520214592
2020-12-27,258438.86474959328
2020-12-28,266310.4068810509
2020-12-29,269026.2874105558
2020-12-30,283183.8447185532
2020-12-31,284758.0077058064
2021-01-01,288391.5064572874
2021-01-02,314228.50473601685
2021-01-03,320568.11899312644
2021-01-04,312546.7137003054
2021-01-05,331699.5799767837
2021-01-06,358242.7867899412
2021-01-07,382198.81305153517
2021-01-08,395802.37331653445
2021-01-09,390498.4146596534
2021-01-10,371637.15146620607
2021-01-11,343573.3805497352
2021-01-12,327316.69829607074
2021-01-13,358522.9809039314
2021-01-14,376062.5033480334
2021-01-15,352684.0141201244
2021-01-16,346430.2750917481
2021-01-17,342705.8474782552
2021-01-18,350644.7616994205
2021-01-19,345240.0906421468
2021-01-20,340206.76045208954
2021-01-21,291717.7267930837
2021-01-22,311651.79425267526
2021-01-23,302665.42652551876
2021-01-24,304751.0477783563
2021-01-25,305477.04664150765
2021-01-26,307391.2829542006
2021-01-27,286527.3008959932
2021-01-28,313753.1993944805
2021-01-29,321625.28939601756
2021-01-30,321185.7700047794
2021-01-31,310172.4951503797
2021-02-01,314107.82173093554
2021-02-02,332064.7184851975
2021-02-03,349921.13272051734
2021-02-04,344784.7535414773
2021-02-05,355976.0712796643
2021-02-06,366293.2336558363
2021-02-07,362895.28217284346
2021-02-08,425248.15346233046
2021-02-09,427860.2910134156
2021-02-10,413226.09844042384
2021-02-11,439865.7998999891
2021-02-12,436136.41326130735
2021-02-13,432454.66076551285
2021-02-14,447004.11343720084
2021-02-15,439861.77625155164
2021-02-16,451225.7199308993
2021-02-17,477493.4426537585
2021-02-18,473177.7487241469
2021-02-19,510220.5328687592
2021-02-20,512146.70901620487
2021-02-21,525130.734178407
2021-02-22,493799.6243176408
2021-02-23,442155.4698738739
2021-02-24,450061.87102401024
2021-02-25,425772.14019631647
2021-02-26,418899.29418182716
2021-02-27,417529.26624536805
2021-02-28,407921.718848492
2021-03-01,446633.9632898548
2021-03-02,435220.2657624108
2021-03-03,454224.04015379393
2021-03-04,436097.7201016351
2021-03-05,439373.43331534776
2021-03-06,439239.41253771423
2021-03-07,459373.9817736102
2021-03-08,468608.8396408748
2021-03-09,491175.5606727144
2021-03-10,501674.0354189301
2021-03-11,517513.3899350142
2021-03-12,513261.0482101334
2021-03-13,547131.3815291902
2021-03-14,529512.3325186918
2021-03-15,498294.8225957749
2021-03-16,506232.3957946352
2021-03-17,524317.1366081404
2021-03-18,515225.9221240082
2021-03-19,519550.89289744647
2021-03-20,519256.8898925858
2021-03-21,512172.1986629366
2021-03-22,484793.07036474627
2021-03-23,486654.7317160381
2021-03-24,468866.6458410025
2021-03-25,459261.70962128474
2021-03-26,488786.9189869891
2021-03-27,496144.0951996655
2021-03-28,495942.2617313218
2021-03-29,511641.32860381494
2021-03-30,521881.6302147627
2021-03-31,521891.7335548328
2021-04-01,523457.00840122584
2021-04-02,526006.2915851146
2021-04-03,509994.66997503064
2021-04-04,520116.3521894402
2021-04-05,522759.1712086685
2021-04-06,515041.2083618187
2021-04-07,495712.2933691503
2021-04-08,515435.53334032063
2021-04-09,514737.35022310686
2021-04-10,528241.0718366122
2021-04-11,531866.0228614828
2021-04-12,529106.9045768196
2021-04-13,560074.0202815143
2021-04-14,556590.3945164058
2021-04-15,558389.4344407798
2021-04-16,542817.8394237757
2021-04-17,534923.6796985114
2021-04-18,494016.7654600145
2021-04-19,489674.862424545
2021-04-20,496210.79792446824
2021-04-21,473127.19786991493
2021-04-22,453926.80492850544
2021-04-23,448025.1651407023
2021-04-24,438786.6903678097
2021-04-25,429513.9326617733
2021-04-26,471382.82488499745
2021-04-27,480126.18396215833
2021-04-28,478304.46260858834
2021-04-29,467097.9450605635
2021-04-30,502324.22427138145
2021-05-01,503001.14251192485
2021-05-02,492480.34667720826
2021-05-03,497405.692958479
2021-05-04,462590.4598299076
2021-05-05,496774.54704222624
2021-05-06,487805.2361183238
2021-05-07,496037.9722987835
2021-05-08,508400.0420025566
2021-05-09,503435.1962998752
2021-05-10,482494.53687093477
2021-05-11,489736.7592882201
2021-05-12,419720.4921429096
2021-05-13,424523.3235608337
2021-05-14,425924.3298124611
2021-05-15,398410.1704472558
2021-05-16,395810.4416577235
2021-05-17,370128.68310162274
2021-05-18,364749.9974759597
2021-05-19,310545.5667516993
2021-05-20,310390.2939683235
2021-05-21,282566.964869085
2021-05-22,282566.964869085
2021-05-23,282566.964869085
2021-05-24,282566.964869085
2021-05-25,282566.964869085
2021-05-26,282566.964869085
2021-05-27,282566.964869085
2021-05-28,282566.964869085
2021-05-29,282566.964869085
2021-05-30,282566.964869085
2021-05-31,282566.964869085
2021-06-01,282566.964869085
2021-06-02,282566.964869085
2021-06-03,282566.964869085
2021-06-04,282566.964869085
2021-06-05,282566.964869085
2021-06-06,282566.964869085
2021-06-07,282566.964869085
2021-06-08,282566.964869085
2021-06-09,282566.964869085
2021-06-10,282566.964869085
2021-06-11,282566.964869085
2021-06-12,282566.964869085
2021-06-13,282566.964869085
2021-06-14,282566.964869085
2021-06-15,282566.964869085
2021-06-16,282566.964869085
2021-06-17,282566.964869085
2021-06-18,282566.964869085
2021-06-19,282566.964869085
2021-06-20,282566.964869085
2021-06-21,282566.964869085
2021-06-22,282566.964869085
2021-06-23,282566.964869085
2021-06-24,282566.964869085
2021-06-25,282566.964869085
2021-06-26,282566.964869085
2021-06-27,282566.964869085
2021-06-28,282566.964869085
2021-06-29,282566.964869085
2021-06-30,282566.964869085
2021-07-01,282566.964869085
2021-07-02,282566.964869085
2021-07-03,282566.964869085
2021-07-04,282566.964869085
2021-07-05,282566.964869085
2021-07-06,282566.964869085
2021-07-07,282566.964869085
2021-07-08,282566.964869085
2021-07-09,282566.964869085
2021-07-10,282566.964869085
2021-07-11,282566.964869085
2021-07-12,282566.964869085
2021-07-13,282566.964869085
2021-07-14,282566.964869085
2021-07-15,282566.964869085
2021-07-16,282566.964869085
2021-07-17,282566.964869085
2021-07-18,282566.964869085
2021-07-19,282566.964869085
2021-07-20,282566.964869085
2021-07-21,282566.964869085
2021-07-22,282566.964869085
2021-07-23,282566.964869085
2021-07-24,282566.964869085
2021-07-25,282566.964869085
2021-07-26,282566.964869085
2021-07-27,282566.964869085
2021-07-28,282566.964869085
2021-07-29,282566.964869085
2021-07-30,282566.964869085
2021-07-31,282566.964869085
2021-08-01,282566.964869085
2021-08-02,282566.964869085
2021-08-03,282566.964869085
2021-08-04,282566.964869085
2021-08-05,282566.964869085
2021-08-06,282566.964869085
2021-08-07,282566.964869085
2021-08-08,282566.964869085
2021-08-09,282425.6813866505
2021-08-10,277631.74793788977
2021-08-11,277684.1538655306
2021-08-12,270355.58211358165
2021-08-13,270220.4043225249
2021-08-14,266254.178469703
2021-08-15,265971.6938395092
2021-08-16,260011.7184916113
2021-08-17,252375.3825799061
2021-08-18,252375.3825799061
2021-08-19,252249.19488861616
2021-08-20,266021.47296789667
2021-08-21,263672.8488608443
2021-08-22,265907.0742585931
2021-08-23,267114.6504683384
2021-08-24,257005.7247471156
2021-08-25,263677.6247035092
2021-08-26,252576.19091670628
2021-08-27,263714.6570440495
2021-08-28,262873.3111802855
2021-08-29,262482.92203245976
2021-08-30,252764.58635189873
2021-08-31,253363.90934948175
2021-09-01,262233.07864254824
2021-09-02,264801.0550120496
2021-09-03,268519.9549248123
2021-09-04,268086.1649663077
2021-09-05,277623.44690693566
2021-09-06,282305.050064968
2021-09-07,249209.72461082303
2021-09-08,245348.2713715964
2021-09-09,246940.18677308565
2021-09-10,238659.00151963098
2021-09-11,238659.00151963098
2021-09-12,238539.67201887118
2021-09-13,232653.87353130235
2021-09-14,232537.54659453672
2021-09-15,237828.8457579494
2021-09-16,235880.851651996
2021-09-17,233320.58208627277
2021-09-18,238257.67503754862
2021-09-19,233179.30925934817
2021-09-20,210185.9783027534
2021-09-21,210185.9783027534
2021-09-22,210185.9783027534
2021-09-23,210185.9783027534
2021-09-24,210185.9783027534
2021-09-25,210185.9783027534
2021-09-26,210185.9783027534
2021-09-27,210185.9783027534
2021-09-28,210185.9783027534
2021-09-29,210185.9783027534
2021-09-30,210185.9783027534
2021-10-01,210080.88531360205
2021-10-02,208303.15692942418
2021-10-03,210424.89855320108
2021-10-04,214373.2542389528
2021-10-05,224609.06489140724
2021-10-06,240784.08486076002
2021-10-07,233922.0287475703
2021-10-08,234624.67455471834
2021-10-09,238933.97736403244
2021-10-10,238077.6770986199
2021-10-11,249588.48583016652
2021-10-12,243240.01213074848
2021-10-13,249072.61933759088
2021-10-14,248727.09441695435
2021-10-15,266607.45306348306
2021-10-16,263552.4290166404
2021-10-17,266399.8138979588
2021-10-18,268436.7847568191
2021-10-19,277943.05571021035
2021-10-20,285330.1802569841
2021-10-21,268487.80499490787
2021-10-22,261855.55182327938
2021-10-23,264864.1686516089
2021-10-24,262860.0762119358
2021-10-25,271804.4878737965
2021-10-26,260014.3740201909
2021-10-27,251781.31947890238
2021-10-28,260828.95318573865
2021-10-29,267648.1632804427
2021-10-30,266185.5328783187
2021-10-31,263723.1307288423
2021-11-01,262366.8158365133
2021-11-02,271753.2188601899
2021-11-03,270649.1383561261
2021-11-04,264045.56075839454
2021-11-05,262638.6918991644
2021-11-06,264359.4765615382
2021-11-07,271980.3473638783
2021-11-08,289606.1863453139
2021-11-09,287044.5909033105
2021-11-10,278445.2615659851
2021-11-11,278251.25535700726
2021-11-12,274828.64317598497
2021-11-13,276168.6976661057
2021-11-14,280408.18671836355
2021-11-15,272110.09365015867
2021-11-16,257165.13948026372
2021-11-17,258047.4640530418
2021-11-18,242971.36342100007
2021-11-19,247944.25176716183
2021-11-20,254584.80867764112
2021-11-21,250428.39200940114
2021-11-22,239796.57621527388
2021-11-23,245187.50253947044
2021-11-24,239636.77133065023
2021-11-25,243833.2516875645
2021-11-26,227527.1953318381
2021-11-27,232755.8771290235
2021-11-28,242865.71856057126
2021-11-29,245221.92506947793
2021-11-30,241799.6269072616
2021-12-01,242749.60462314708
2021-12-02,239538.68226601876
2021-12-03,227003.2431948515
2021-12-04,207569.851745907
2021-12-05,208278.01707689502
2021-12-06,213336.78328722954
2021-12-07,213831.6110731512
2021-12-08,213006.37368283962
2021-12-09,200711.3143967444
2021-12-10,198897.72320398033
2021-12-11,207625.40317617956
2021-12-12,210697.55484421825
2021-12-13,195961.07913783172
2021-12-14,195961.07913783172
2021-12-15,195863.09859826282
2021-12-16,190867.79355750364
2021-12-17,184821.08405802742
2021-12-18,184821.08405802742
2021-12-19,184821.08405802742
2021-12-20,184821.08405802742
2021-12-21,184728.6735159984
2021-12-22,183561.95780394098
2021-12-23,191525.23152061162
2021-12-24,191667.19302294715
2021-12-25,190181.8245640223
2021-12-26,191608.22722218256
2021-12-27,190969.47801852372
2021-12-28,179004.96780041567
2021-12-29,179004.96780041567
2021-12-30,179004.96780041567
2021-12-31,179004.96780041567
2022-01-01,179004.96780041567
2022-01-02,179004.96780041567
2022-01-03,179004.96780041567
2022-01-04,179004.96780041567
2022-01-05,179004.96780041567
2022-01-06,179004.96780041567
2022-01-07,179004.96780041567
2022-01-08,179004.96780041567
2022-01-09,179004.96780041567
2022-01-10,179004.96780041567
2022-01-11,179004.96780041567
2022-01-12,179004.96780041567
2022-01-13,179004.96780041567
2022-01-14,179004.96780041567
2022-01-15,179004.96780041567
2022-01-16,179004.96780041567
2022-01-17,179004.96780041567
2022-01-18,179004.96780041567
2022-01-19,179004.96780041567
2022-01-20,179004.96780041567
2022-01-21,179004.96780041567
2022-01-22,179004.96780041567
2022-01-23,179004.96780041567
2022-01-24,179004.96780041567
2022-01-25,179004.96780041567
2022-01-26,179004.96780041567
2022-01-27,179004.96780041567
2022-01-28,179004.96780041567
2022-01-29,179004.96780041567
2022-01-30,179004.96780041567
2022-01-31,179004.96780041567
2022-02-01,179004.96780041567
2022-02-02,179004.96780041567
2022-02-03,179004.96780041567
2022-02-04,179004.96780041567
2022-02-05,179004.96780041567
2022-02-06,179004.96780041567
2022-02-07,179004.96780041567
2022-02-08,179004.96780041567
2022-02-09,179004.96780041567
2022-02-10,179004.96780041567
2022-02-11,179004.96780041567
2022-02-12,179004.96780041567
2022-02-13,179004.96780041567
2022-02-14,179004.96780041567
2022-02-15,179004.96780041567
2022-02-16,179004.96780041567
2022-02-17,179004.96780041567
2022-02-18,179004.96780041567
2022-02-19,179004.96780041567
2022-02-20,179004.96780041567
2022-02-21,179004.96780041567
2022-02-22,179004.96780041567
2022-02-23,179004.96780041567
2022-02-24,179004.96780041567
2022-02-25,179004.96780041567
2022-02-26,179004.96780041567
2022-02-27,179004.96780041567
2022-02-28,179004.96780041567
2022-03-01,179004.96780041567
2022-03-02,179004.96780041567
2022-03-03,179004.96780041567
2022-03-04,179004.96780041567
2022-03-05,179004.96780041567
2022-03-06,179004.96780041567
2022-03-07,179004.96780041567
2022-03-08,179004.96780041567
2022-03-09,179004.96780041567
2022-03-10,179004.96780041567
2022-03-11,179004.96780041567
2022-03-12,179004.96780041567
2022-03-13,179004.96780041567
2022-03-14,179004.96780041567
2022-03-15,179004.96780041567
2022-03-16,179004.96780041567
2022-03-17,179004.96780041567
2022-03-18,179004.96780041567
2022-03-19,179004.96780041567
2022-03-20,179004.96780041567
2022-03-21,179004.96780041567
2022-03-22,179004.96780041567
2022-03-23,179004.96780041567
2022-03-24,179004.96780041567
2022-03-25,179004.96780041567
2022-03-26,179004.96780041567
2022-03-27,179004.96780041567
2022-03-28,179004.96780041567
2022-03-29,179004.96780041567
2022-03-30,179004.96780041567
2022-03-31,179004.96780041567
2022-04-01,179004.96780041567
2022-04-02,179004.96780041567
2022-04-03,179004.96780041567
2022-04-04,179004.96780041567
2022-04-05,179004.96780041567
2022-04-06,179004.96780041567
2022-04-07,179004.96780041567
2022-04-08,179004.96780041567
2022-04-09,179004.96780041567
2022-04-10,179004.96780041567
2022-04-11,179004.96780041567
2022-04-12,179004.96780041567
2022-04-13,179004.96780041567
2022-04-14,179004.96780041567
2022-04-15,179004.96780041567
2022-04-16,179004.96780041567
2022-04-17,179004.96780041567
2022-04-18,179004.96780041567
2022-04-19,179004.96780041567
2022-04-20,179004.96780041567
2022-04-21,179004.96780041567
2022-04-22,179004.96780041567
2022-04-23,179004.96780041567
2022-04-24,179004.96780041567
2022-04-25,179004.96780041567
2022-04-26,179004.96780041567
2022-04-27,179004.96780041567
2022-04-28,179004.96780041567
2022-04-29,179004.96780041567
2022-04-30,179004.96780041567
2022-05-01,179004.96780041567
2022-05-02,179004.96780041567
2022-05-03,179004.96780041567
2022-05-04,179004.96780041567
2022-05-05,179004.96780041567
2022-05-06,179004.96780041567
2022-05-07,179004.96780041567
2022-05-08,179004.96780041567
2022-05-09,179004.96780041567
2022-05-10,179004.96780041567
2022-05-11,179004.96780041567
2022-05-12,179004.96780041567
2022-05-13,179004.96780041567
2022-05-14,179004.96780041567
2022-05-15,179004.96780041567
2022-05-16,179004.96780041567
2022-05-17,179004.96780041567
2022-05-18,179004.96780041567
2022-05-19,179004.96780041567
2022-05-20,179004.96780041567
2022-05-21,179004.96780041567
2022-05-22,179004.96780041567
2022-05-23,179004.96780041567
2022-05-24,179004.96780041567
2022-05-25,179004.96780041567
2022-05-26,179004.96780041567
2022-05-27,179004.96780041567
2022-05-28,179004.96780041567
2022-05-29,179004.96780041567
2022-05-30,179004.96780041567
2022-05-31,179004.96780041567
2022-06-01,179004.96780041567
2022-06-02,179004.96780041567
2022-06-03,179004.96780041567
2022-06-04,179004.96780041567
2022-06-05,179004.96780041567
2022-06-06,179004.96780041567
2022-06-07,179004.96780041567
2022-06-08,179004.96780041567
2022-06-09,179004.96780041567
2022-06-10,179004.96780041567
2022-06-11,179004.96780041567
2022-06-12,179004.96780041567
2022-06-13,179004.96780041567
2022-06-14,179004.96780041567
2022-06-15,179004.96780041567
2022-06-16,179004.96780041567
2022-06-17,179004.96780041567
2022-06-18,179004.96780041567
2022-06-19,179004.96780041567
2022-06-20,179004.96780041567
2022-06-21,179004.96780041567
2022-06-22,179004.96780041567
2022-06-23,179004.96780041567
2022-06-24,179004.96780041567
2022-06-25,179004.96780041567
2022-06-26,179004.96780041567
2022-06-27,179004.96780041567
2022-06-28,179004.96780041567
2022-06-29,179004.96780041567
2022-06-30,179004.96780041567
2022-07-01,179004.96780041567
2022-07-02,179004.96780041567
2022-07-03,179004.96780041567
2022-07-04,179004.96780041567
2022-07-05,179004.96780041567
2022-07-06,179004.96780041567
2022-07-07,179004.96780041567
2022-07-08,179004.96780041567
2022-07-09,179004.96780041567
2022-07-10,179004.96780041567
2022-07-11,179004.96780041567
2022-07-12,179004.96780041567
2022-07-13,179004.96780041567
2022-07-14,179004.96780041567
2022-07-15,179004.96780041567
2022-07-16,179004.96780041567
2022-07-17,179004.96780041567
2022-07-18,179004.96780041567
2022-07-19,179004.96780041567
2022-07-20,179004.96780041567
2022-07-21,179004.96780041567
2022-07-22,179004.96780041567
2022-07-23,179004.96780041567
2022-07-24,179004.96780041567
2022-07-25,179004.96780041567
2022-07-26,179004.96780041567
2022-07-27,179004.96780041567
2022-07-28,179004.96780041567
2022-07-29,179004.96780041567
2022-07-30,179004.96780041567
2022-07-31,179004.96780041567
2022-08-01,179004.96780041567
2022-08-02,179004.96780041567
2022-08-03,179004.96780041567
2022-08-04,179004.96780041567
2022-08-05,179004.96780041567
2022-08-06,179004.96780041567
2022-08-07,179004.96780041567
2022-08-08,179004.96780041567
2022-08-09,179004.96780041567
2022-08-10,179004.96780041567
2022-08-11,179004.96780041567
2022-08-12,179004.96780041567
2022-08-13,179004.96780041567
2022-08-14,179004.96780041567
2022-08-15,179004.96780041567
2022-08-16,179004.96780041567
2022-08-17,179004.96780041567
2022-08-18,179004.96780041567
2022-08-19,179004.96780041567
2022-08-20,179004.96780041567
2022-08-21,179004.96780041567
2022-08-22,179004.96780041567
2022-08-23,179004.96780041567
2022-08-24,179004.96780041567
2022-08-25,179004.96780041567
2022-08-26,179004.96780041567
2022-08-27,179004.96780041567
2022-08-28,179004.96780041567
2022-08-29,179004.96780041567
2022-08-30,179004.96780041567
2022-08-31,179004.96780041567
2022-09-01,179004.96780041567
2022-09-02,179004.96780041567
2022-09-03,179004.96780041567
2022-09-04,179004.96780041567
2022-09-05,179004.96780041567
2022-09-06,179004.96780041567
2022-09-07,179004.96780041567
2022-09-08,179004.96780041567
2022-09-09,179004.96780041567
2022-09-10,179004.96780041567
2022-09-11,179004.96780041567
2022-09-12,179004.96780041567
2022-09-13,179004.96780041567
2022-09-14,179004.96780041567
2022-09-15,179004.96780041567
2022-09-16,179004.96780041567
2022-09-17,179004.96780041567
2022-09-18,179004.96780041567
2022-09-19,179004.96780041567
2022-09-20,179004.96780041567
2022-09-21,179004.96780041567
2022-09-22,179004.96780041567
2022-09-23,179004.96780041567
2022-09-24,179004.96780041567
2022-09-25,179004.96780041567
2022-09-26,179004.96780041567
2022-09-27,179004.96780041567
2022-09-28,179004.96780041567
2022-09-29,179004.96780041567
2022-09-30,179004.96780041567
2022-10-01,179004.96780041567
2022-10-02,179004.96780041567
2022-10-03,179004.96780041567
2022-10-04,179004.96780041567
2022-10-05,179004.96780041567
2022-10-06,179004.96780041567
2022-10-07,179004.96780041567
2022-10-08,179004.96780041567
2022-10-09,179004.96780041567
2022-10-10,179004.96780041567
2022-10-11,179004.96780041567
2022-10-12,179004.96780041567
2022-10-13,179004.96780041567
2022-10-14,179004.96780041567
2022-10-15,179004.96780041567
2022-10-16,179004.96780041567
2022-10-17,179004.96780041567
2022-10-18,179004.96780041567
2022-10-19,179004.96780041567
2022-10-20,179004.96780041567
2022-10-21,179004.96780041567
2022-10-22,179004.96780041567
2022-10-23,179004.96780041567
2022-10-24,179004.96780041567
2022-10-25,179004.96780041567
2022-10-26,179004.96780041567
2022-10-27,179004.96780041567
2022-10-28,179004.96780041567
2022-10-29,179004.96780041567
2022-10-30,179004.96780041567
2022-10-31,179004.96780041567
2022-11-01,179004.96780041567
2022-11-02,179004.96780041567
2022-11-03,179004.96780041567
2022-11-04,179004.96780041567
2022-11-05,179004.96780041567
2022-11-06,179004.96780041567
2022-11-07,179004.96780041567
2022-11-08,179004.96780041567
2022-11-09,179004.96780041567
2022-11-10,179004.96780041567
2022-11-11,179004.96780041567
2022-11-12,179004.96780041567
2022-11-13,179004.96780041567
2022-11-14,179004.96780041567
2022-11-15,179004.96780041567
2022-11-16,179004.96780041567
2022-11-17,179004.96780041567
2022-11-18,179004.96780041567
2022-11-19,179004.96780041567
2022-11-20,179004.96780041567
2022-11-21,179004.96780041567
2022-11-22,179004.96780041567
2022-11-23,179004.96780041567
2022-11-24,179004.96780041567
2022-11-25,179004.96780041567
2022-11-26,179004.96780041567
2022-11-27,179004.96780041567
2022-11-28,179004.96780041567
2022-11-29,179004.96780041567
2022-11-30,179004.96780041567
2022-12-01,179004.96780041567
2022-12-02,179004.96780041567
2022-12-03,179004.96780041567
2022-12-04,179004.96780041567
2022-12-05,179004.96780041567
2022-12-06,179004.96780041567
2022-12-07,179004.96780041567
2022-12-08,179004.96780041567
2022-12-09,179004.96780041567
2022-12-10,179004.96780041567
2022-12-11,179004.96780041567
2022-12-12,179004.96780041567
2022-12-13,179004.96780041567
2022-12-14,179004.96780041567
2022-12-15,179004.96780041567
2022-12-16,179004.96780041567
2022-12-17,179004.96780041567
2022-12-18,179004.96780041567
2022-12-19,179004.96780041567
2022-12-20,179004.96780041567
2022-12-21,179004.96780041567
2022-12-22,179004.96780041567
2022-12-23,179004.96780041567
2022-12-24,179004.96780041567
2022-12-25,179004.96780041567
2022-12-26,179004.96780041567
2022-12-27,179004.96780041567
2022-12-28,179004.96780041567
2022-12-29,179004.96780041567
2022-12-30,179004.96780041567
2022-12-31,179004.96780041567
2023-01-01,179004.96780041567
2023-01-02,179004.96780041567
2023-01-03,179004.96780041567
2023-01-04,179004.96780041567
2023-01-05,179004.96780041567
2023-01-06,179004.96780041567
2023-01-07,179004.96780041567
2023-01-08,179004.96780041567
2023-01-09,179004.96780041567
2023-01-10,179004.96780041567
2023-01-11,179004.96780041567
2023-01-12,179004.96780041567
2023-01-13,178915.46531651547
2023-01-14,188253.5001054631
2023-01-15,187394.47062360845
2023-01-16,189968.84338164073
2023-01-17,189896.02369265852
2023-01-18,185605.73489268712
2023-01-19,189142.51418248116
2023-01-20,202890.25320556355
2023-01-21,203792.55140496974
2023-01-22,203280.05588766176
2023-01-23,205185.89630175845
2023-01-24,202502.66408491146
2023-01-25,206763.9650477603
2023-01-26,206001.59558477675
2023-01-27,206412.16633852938
2023-01-28,205985.65392482746
2023-01-29,212530.0932201808
2023-01-30,204008.29220838443
2023-01-31,206662.90697105342
2023-02-01,211818.264997952
2023-02-02,209557.15799964077
2023-02-03,209355.74501912828
2023-02-04,208304.2947837711
2023-02-05,204918.41507568408
2023-02-06,203165.26089905843
2023-02-07,207616.65152783217
2023-02-08,204696.78855768617
2023-02-09,194447.01692461726
2023-02-10,192945.338055757
2023-02-11,194893.26028405168
2023-02-12,194155.1681757414
2023-02-13,194332.40268106098
2023-02-14,197975.64280276553
2023-02-15,215747.91781389114
2023-02-16,209586.56688252554
2023-02-17,217782.7114433937
2023-02-18,218452.57265755418
2023-02-19,215654.25656635326
2023-02-20,220054.6913208919
2023-02-21,216545.61525392297
2023-02-22,214341.094947797
2023-02-23,212191.70028898068
2023-02-24,205445.68745030556
2023-02-25,205244.09426330062
2023-02-26,208632.99153286006
2023-02-27,208293.20089135034
2023-02-28,204941.19446629207
2023-03-01,209313.98475661853
2023-03-02,207794.08260955862
2023-03-03,197703.09790574596
2023-03-04,197620.59570665593
2023-03-05,198345.65671521405
2023-03-06,198294.7643578879
2023-03-07,196429.57624809915
2023-03-08,191943.65212799667
2023-03-09,179577.77575314918
2023-03-10,178020.89805353663
2023-03-11,181903.92926795565
2023-03-12,194928.9621835775
2023-03-13,212040.534927729
2023-03-14,216793.67050242022
2023-03-15,213526.71566608257
2023-03-16,219374.72598783782
2023-03-17,239212.9617659005
2023-03-18,235183.74094752036
2023-03-19,244358.84955679977
2023-03-20,241981.71233004864
2023-03-21,245516.401985978
2023-03-22,237830.5270329074
2023-03-23,246607.0516277493
2023-03-24,239179.31303104493
2023-03-25,239191.68238923614
2023-03-26,243499.16051623688
2023-03-27,235951.3098844404
2023-03-28,237063.60797652573
2023-03-29,246274.33499974507
2023-03-30,243523.5494975093
2023-03-31,247358.17234300595
2023-04-01,246771.62763561515
2023-04-02,244925.7334544362
2023-04-03,241346.5665649802
2023-04-04,244606.09334527253
2023-04-05,244692.00040066117
2023-04-06,243526.9588161043
2023-04-07,242497.66755370004
2023-04-08,242688.07282766778
2023-04-09,246010.64061318454
2023-04-10,257212.40222142453
2023-04-11,262212.4800302247
2023-04-12,261378.54789774783
2023-04-13,263623.8245883486
2023-04-14,264374.04473110155
2023-04-15,262920.05697116576
2023-04-16,262892.8202615263
2023-04-17,255235.08804866523
2023-04-18,263360.86997460073
2023-04-19,249350.19372582796
2023-04-20,244310.545387893
2023-04-21,235781.44992167116
2023-04-22,240408.6034768985
2023-04-23,238446.45066648463
2023-04-24,237875.002168605
2023-04-25,244541.0227786055
2023-04-26,245533.35212086796
2023-04-27,254449.4373585576
2023-04-28,253294.0835079916
2023-04-29,252500.56298557378
2023-04-30,252675.90934750508
2023-05-01,242302.84157307452
2023-05-02,247330.4487251808
2023-05-03,250123.94741540696
2023-05-04,248752.59339283823
2023-05-05,254604.37965546324
2023-05-06,249116.73347640265
2023-05-07,245210.97861314987
2023-05-08,238566.37894774933
2023-05-09,238260.39249016703
2023-05-10,237941.28233820287
2023-05-11,232531.06200481905
2023-05-12,230838.69694626247
2023-05-13,230658.5361608133
2023-05-14,231917.24241890846
2023-05-15,234163.05667799467
2023-05-16,232815.461562291
2023-05-17,235913.29226645728
2023-05-18,230983.57192577448
2023-05-19,231481.63497177293
2023-05-20,233533.8586208515
2023-05-21,230276.6762310523
2023-05-22,231113.93817829818
2023-05-23,234314.62647450453
2023-05-24,226518.88508182042
2023-05-25,227731.78638794957
2023-05-26,229813.10294147365
2023-05-27,231091.62915071181
2023-05-28,241331.18363562445
2023-05-29,238393.9147445995
2023-05-30,238019.56491806
2023-05-31,233835.70634184862
2023-06-01,230376.67248331945
2023-06-02,234037.72896105668
2023-06-03,232534.5244194763
2023-06-04,232911.57542452644
2023-06-05,220937.51081467804
2023-06-06,233269.16417566672
2023-06-07,225495.37034520603
2023-06-08,226879.5434740555
2023-06-09,226641.12480574998
2023-06-10,221191.46764093952
2023-06-11,221951.056000993
2023-06-12,221628.52449402135
2023-06-13,221767.33641312472
2023-06-14,214866.9672277592
2023-06-15,218695.7623800238
2023-06-16,225025.42424468655
2023-06-17,226585.95323777266
2023-06-18,225089.89604385133
2023-06-19,229447.46698397864
2023-06-20,241729.44463861786
2023-06-21,255816.0378338551
2023-06-22,254834.28659339593
2023-06-23,261420.7095511835
2023-06-24,260167.70233918654
2023-06-25,259584.23445190597
2023-06-26,257797.03958556746
2023-06-27,261324.36392795885
2023-06-28,256147.81105423314
2023-06-29,259187.05543124903
2023-06-30,259458.48733309592
2023-07-01,260417.22390001765
2023-07-02,260678.37275807274
2023-07-03,265199.1682303154
2023-07-04,261954.62108232325
2023-07-05,259702.9813557526
2023-07-06,254503.64985162302
2023-07-07,258161.09889329798
2023-07-08,257737.6799566455
2023-07-09,256703.4959724346
2023-07-10,258764.70665476707
2023-07-11,260515.4952988288
2023-07-12,258557.28641088697
2023-07-13,267622.0768247879
2023-07-14,257731.98180454382
2023-07-15,257406.68771776668
2023-07-16,257009.82026726764
2023-07-17,256131.1126115275
2023-07-18,253661.01323368686
2023-07-19,254147.88687228324
2023-07-20,253110.0418754189
2023-07-21,254099.81812763013
2023-07-22,252933.71462108925
2023-07-23,255576.78563369543
2023-07-24,247747.5644169337
2023-07-25,248175.7850523664
2023-07-26,249256.75273781494
2023-07-27,248028.6052483295
2023-07-28,248948.65352062645
2023-07-29,249268.31872012565
2023-07-30,248574.4121084335
2023-07-31,248190.34902567446
2023-08-01,251945.5270398114
2023-08-02,247459.00517319827
2023-08-03,247685.72235737173
2023-08-04,246796.3241565923
2023-08-05,246524.8403297048
2023-08-06,246522.5358168457
2023-08-07,247697.28319846943
2023-08-08,252613.1793344864
2023-08-09,250875.93288091675
2023-08-10,249754.0285064232
2023-08-11,249483.35834682058
2023-08-12,249638.18870126046
2023-08-13,248506.4937340447
2023-08-14,249569.50860929984
2023-08-15,247540.7280958365
2023-08-16,243532.1563143821
2023-08-17,225480.54951248193
2023-08-18,225480.54951248193
2023-08-19,225480.54951248193
2023-08-20,225480.54951248193
2023-08-21,225480.54951248193
2023-08-22,225480.54951248193
2023-08-23,225480.54951248193
2023-08-24,225480.54951248193
2023-08-25,225480.54951248193
2023-08-26,225480.54951248193
2023-08-27,225480.54951248193
2023-08-28,225480.54951248193
2023-08-29,225367.8092377257
2023-08-30,221731.65978850314
2023-08-31,221731.65978850314
2023-09-01,221731.65978850314
2023-09-02,221731.65978850314
2023-09-03,221731.65978850314
2023-09-04,221731.65978850314
2023-09-05,221731.65978850314
2023-09-06,221731.65978850314
2023-09-07,221731.65978850314
2023-09-08,221731.65978850314
2023-09-09,221731.65978850314
2023-09-10,221731.65978850314
2023-09-11,221731.65978850314
2023-09-12,221731.65978850314
2023-09-13,221731.65978850314
2023-09-14,221731.65978850314
2023-09-15,221731.65978850314
2023-09-16,221731.65978850314
2023-09-17,221731.65978850314
2023-09-18,221731.65978850314
2023-09-19,221731.65978850314
2023-09-20,221731.65978850314
2023-09-21,221731.65978850314
2023-09-22,221731.65978850314
2023-09-23,221731.65978850314
2023-09-24,221731.65978850314
2023-09-25,221731.65978850314
2023-09-26,221731.65978850314
2023-09-27,221731.65978850314
2023-09-28,221731.65978850314
2023-09-29,221731.65978850314
2023-09-30,221731.65978850314
2023-10-01,221731.65978850314
2023-10-02,221731.65978850314
2023-10-03,221731.65978850314
2023-10-04,221731.65978850314
2023-10-05,221731.65978850314
2023-10-06,221731.65978850314
2023-10-07,221731.65978850314
2023-10-08,221731.65978850314
2023-10-09,221731.65978850314
2023-10-10,221731.65978850314
2023-10-11,221731.65978850314
2023-10-12,221731.65978850314
2023-10-13,221731.65978850314
2023-10-14,221731.65978850314
2023-10-15,221731.65978850314
2023-10-16,221620.7939586089
2023-10-17,220813.3408836091
2023-10-18,220133.0768633545
2023-10-19,223154.23409651348
2023-10-20,230515.14810989928
2023-10-21,232336.51743031468
2023-10-22,232921.96594663075
2023-10-23,255777.0624678614
2023-10-24,262003.38001252236
2023-10-25,266609.6617313096
2023-10-26,263921.21830967895
2023-10-27,262006.9530428782
2023-10-28,263392.31872708315
2023-10-29,266838.14405322424
2023-10-30,266558.9631036126
2023-10-31,267833.8983111799
2023-11-01,273713.6225678096
2023-11-02,269831.91367787705
2023-11-03,268236.88139302423
2023-11-04,270925.40857534914
2023-11-05,270671.681154903
2023-11-06,270579.11495529424
2023-11-07,273697.9195009584
2023-11-08,275327.9343833179
2023-11-09,283227.7095070188
2023-11-10,287979.802028171
2023-11-11,286618.90096966794
2023-11-12,285973.5089826588
2023-11-13,281680.0351087909
2023-11-14,274135.41625211114
2023-11-15,291637.9206668289
2023-11-16,278038.9155301821
2023-11-17,281416.7399618482
2023-11-18,281332.2910150287
2023-11-19,287424.0892234457
2023-11-20,288118.3145293425
2023-11-21,275039.8688091231
2023-11-22,287197.0131695377
2023-11-23,286099.92074711574
2023-11-24,289385.17206931557
2023-11-25,289971.5656684056
2023-11-26,287524.13320735184
2023-11-27,285793.18710730074
2023-11-28,290185.06064153265
2023-11-29,290395.2054160915
2023-11-30,289275.0962245514
2023-12-01,296666.28613706795
2023-12-02,302644.8365996206
2023-12-03,306469.5925937777
2023-12-04,321442.6447430334
2023-12-05,337137.15727011196
2023-12-06,334571.36964050867
2023-12-07,331082.7404254733
2023-12-08,337699.6552001264
2023-12-09,334313.76053752773
2023-12-10,334724.1936186433
2023-12-11,314751.6539687288
2023-12-12,316322.79292701936
2023-12-13,327129.2492853961
2023-12-14,328143.8279460943
2023-12-15,319690.2920471994
2023-12-16,322047.8892018195
2023-12-17,315303.1042225089
2023-12-18,324755.78708314104
2023-12-19,322054.93261358456
2023-12-20,332413.7448994763
2023-12-21,334061.3754457249
2023-12-22,335040.36428342934
2023-12-23,333067.1801086678
2023-12-24,327512.38473416696
2023-12-25,332026.6948051644
2023-12-26,323601.69023115304
2023-12-27,330546.9563012797
2023-12-28,324286.8983017212
2023-12-29,320241.62051341916
2023-12-30,320678.7129329462
2023-12-31,321501.35931954085
2024-01-01,335654.3844042506
2024-01-02,341609.7672321656
2024-01-03,325190.3096281022
2024-01-04,335143.52576140966
2024-01-05,335012.79202134616
2024-01-06,333694.0797853439
2024-01-07,333344.2079493563
2024-01-08,355553.0212479619
2024-01-09,349208.02928033774
2024-01-10,352882.4076016688
2024-01-11,350915.35596497875
2024-01-12,323248.2668028341
2024-01-13,323166.9024133966
2024-01-14,315177.96601654805
2024-01-15,320529.2352985803
2024-01-16,325340.8164844147
2024-01-17,322217.638075633
2024-01-18,310858.2077499612
2024-01-19,313531.3171868318
2024-01-20,313886.54298137303
2024-01-21,312982.7271071641
2024-01-22,297236.90716954734
2024-01-23,299770.43099237117
2024-01-24,301507.2126554924
2024-01-25,300427.46790305653
2024-01-26,314270.13650818093
2024-01-27,316540.45944139705
2024-01-28,315905.081699462
2024-01-29,325181.449851889
2024-01-30,322650.32037078426
2024-01-31,319858.8940852405
2024-02-01,323542.03416026884
2024-02-02,324367.83460772294
2024-02-03,322910.3702970731
2024-02-04,319826.22550620954
2024-02-05,320389.66577650234
2024-02-06,323573.31531600887
2024-02-07,332707.351957152
2024-02-08,340008.8381363466
2024-02-09,353586.4095084647
2024-02-10,358236.05689580983
2024-02-11,362134.0464506348
2024-02-12,374403.68337103195
2024-02-13,372783.04379544547
2024-02-14,388084.6132941493
2024-02-15,388921.32730208634
2024-02-16,390577.5225649013
2024-02-17,386836.5595326016
2024-02-18,390262.31999754376
2024-02-19,387682.6221787416
2024-02-20,391450.7729509701
2024-02-21,388099.60033961403
2024-02-22,384079.4521404257
2024-02-23,379765.5462010321
2024-02-24,385995.8256166467
2024-02-25,387207.471673341
2024-02-26,407540.19588055124
2024-02-27,426261.050526713
2024-02-28,464920.9213889353
2024-02-29,455100.66908455896
2024-03-01,464246.1290104369
2024-03-02,461181.8504714483
2024-03-03,469562.5414432377
2024-03-04,506454.6996004737
2024-03-05,471720.5261476935
2024-03-06,488466.4634045316
2024-03-07,494478.5770470714
2024-03-08,504531.9753915169
2024-03-09,505998.2949723432
2024-03-10,509831.6498378975
2024-03-11,532260.3160045004
2024-03-12,527496.6734406861
2024-03-13,539189.6389574812
2024-03-14,526598.2336949676
2024-03-15,511690.8046915938
2024-03-16,480622.1030217408
2024-03-17,502736.6029139331
2024-03-18,496508.44671087625
2024-03-19,453252.26746023836
2024-03-20,495183.0213330159
2024-03-21,477198.63049887004
2024-03-22,464553.6080461123
2024-03-23,466613.57284474187
2024-03-24,489163.6504449811
2024-03-25,508595.6997895093
2024-03-26,508806.65440517245
2024-03-27,504920.67179906816
2024-03-28,514209.7933188853
2024-03-29,507978.5177920241
2024-03-30,506176.3334249484
2024-03-31,518300.70361488865
2024-04-01,506308.7790260218
2024-04-02,474415.93114476005
2024-04-03,478269.9642792699
2024-04-04,496252.371005413
2024-04-05,491366.45356629434
2024-04-06,498974.032896321
2024-04-07,502340.83791089745
2024-04-08,518509.076686423
2024-04-09,500146.7200626532
2024-04-10,510519.41355549823
2024-04-11,506691.64998748654
2024-04-12,485537.795400977
2024-04-13,460521.8929677026
2024-04-14,474152.6509051683
2024-04-15,457172.77056233515
2024-04-16,459944.11540468666
2024-04-17,441298.17168203345
2024-04-18,457114.8286335367
2024-04-19,459489.60547944315
2024-04-20,467698.78790411924
2024-04-21,467210.6682288481
2024-04-22,480763.93660438433
2024-04-23,477658.00999433995
2024-04-24,462083.3489943337
2024-04-25,463553.3667904198
2024-04-26,458301.80072749435
2024-04-27,455878.7967077976
2024-04-28,453674.4876533164
2024-04-29,458876.8146449096
2024-04-30,435247.1229892637
2024-05-01,417798.0991334479
2024-05-02,423987.52418052836
2024-05-03,450171.80926402623
2024-05-04,457285.1290564477
2024-05-05,458283.61619192804
2024-05-06,452020.08684419445
2024-05-07,446061.58970278816
2024-05-08,437778.2321115655
2024-05-09,450901.6452757658
2024-05-10,434463.36989970255
2024-05-11,434470.0418957851
2024-05-12,439123.80872801034
2024-05-13,449386.78829341126
2024-05-14,439646.76191709965
2024-05-15,472094.58239954314
2024-05-16,464656.3902698677
2024-05-17,477445.05138684064
2024-05-18,476653.5158592459
2024-05-19,471913.12059242325
2024-05-20,507358.0850848233
2024-05-21,497957.31958600384
2024-05-22,490704.13824727264
2024-05-23,482162.64926885907
2024-05-24,486378.38760560827
2024-05-25,491601.43895616045
2024-05-26,486264.84820020717
2024-05-27,492445.5413771988
2024-05-28,484589.06567988097
2024-05-29,479466.7028625513
2024-05-30,485017.49363131874
2024-05-31,478779.92966075893
2024-06-01,480306.40365194174
2024-06-02,480623.14169086877
2024-06-03,488036.8202937562
2024-06-04,500384.26177695754
2024-06-05,504023.1651205995
2024-06-06,501708.74605181074
2024-06-07,491576.9601421864
2024-06-08,491315.92312231765
2024-06-09,493735.9778830837
2024-06-10,492772.98187822587
2024-06-11,477069.600515311
2024-06-12,483468.1697148626
2024-06-13,472832.7617762904
2024-06-14,467524.110242005
2024-06-15,468796.5645427448
2024-06-16,471959.15670170495
2024-06-17,470904.4838279879
2024-06-18,461248.2239038578
2024-06-19,459968.7270892819
2024-06-20,459035.66475970566
2024-06-21,453819.796702142
2024-06-22,454925.6565323373
2024-06-23,447273.1512769092
2024-06-24,426232.10994436394
2024-06-25,436896.8544415916
2024-06-26,429817.7280881302
2024-06-27,435390.1205964914
2024-06-28,426214.7910446341
2024-06-29,430204.12741920154
2024-06-30,442675.4321992705
2024-07-01,443900.4313343767
2024-07-02,438049.74549792625
2024-07-03,424749.1523674009
2024-07-04,401354.37301083875
2024-07-05,401354.37301083875
2024-07-06,401354.37301083875
2024-07-07,401354.37301083875
2024-07-08,401354.37301083875
2024-07-09,401354.37301083875
2024-07-10,401354.37301083875
2024-07-11,401354.37301083875
2024-07-12,401354.37301083875
2024-07-13,401153.69582433335
2024-07-14,411554.74878211797
2024-07-15,438305.23966995836
2024-07-16,439836.29675655114
2024-07-17,433175.7490743351
2024-07-18,432196.8957002305
2024-07-19,450297.05106534075
2024-07-20,453347.7894271205
2024-07-21,459987.2379765055
2024-07-22,456128.97234392917
2024-07-23,444802.6041496077
2024-07-24,441038.59708397207
2024-07-25,443763.16315470217
2024-07-26,457936.9551214917
2024-07-27,457270.74894468003
2024-07-28,460245.07825546205
2024-07-29,450459.2343359076
2024-07-30,446267.555197608
2024-07-31,435475.2658321509
2024-08-01,440422.1978371697
2024-08-02,413020.4438479373
2024-08-03,407841.379447445
2024-08-04,407841.379447445
2024-08-05,407841.379447445
2024-08-06,407841.379447445
2024-08-07,407841.379447445
2024-08-08,407841.379447445
2024-08-09,407841.379447445
2024-08-10,407841.379447445
2024-08-11,407841.379447445
2024-08-12,407841.379447445
2024-08-13,407841.379447445
2024-08-14,407841.379447445
2024-08-15,407841.379447445
2024-08-16,407841.379447445
2024-08-17,407841.379447445
2024-08-18,407841.379447445
2024-08-19,407841.379447445
2024-08-20,407841.379447445
2024-08-21,407841.379447445
2024-08-22,407841.379447445
2024-08-23,407637.4587577213
2024-08-24,408175.3897088656
2024-08-25,409157.14383428346
2024-08-26,399606.3882620676
2024-08-27,399606.3882620676
2024-08-28,399606.3882620676
2024-08-29,399606.3882620676
2024-08-30,399606.3882620676
2024-08-31,399606.3882620676
2024-09-01,399606.3882620676
2024-09-02,399606.3882620676
2024-09-03,399606.3882620676
2024-09-04,399606.3882620676
2024-09-05,399606.3882620676
2024-09-06,399606.3882620676
2024-09-07,399606.3882620676
2024-09-08,399606.3882620676
2024-09-09,399606.3882620676
2024-09-10,399606.3882620676
2024-09-11,399606.3882620676
2024-09-12,399606.3882620676
2024-09-13,399606.3882620676
2024-09-14,399606.3882620676
2024-09-15,399606.3882620676
2024-09-16,399606.3882620676
2024-09-17,399606.3882620676
2024-09-18,399606.3882620676
2024-09-19,399606.3882620676
2024-09-20,399606.3882620676
2024-09-21,399606.3882620676
2024-09-22,399606.3882620676
2024-09-23,399606.3882620676
2024-09-24,399406.58506793657
2024-09-25,391943.2877747704
2024-09-26,391747.31613088306
2024-09-27,395394.3385599252
2024-09-28,395976.7743310065
2024-09-29,394457.30743366457
2024-09-30,380153.3083758169
2024-10-01,380153.3083758169
2024-10-02,380153.3083758169
2024-10-03,380153.3083758169
2024-10-04,380153.3083758169
2024-10-05,380153.3083758169
2024-10-06,380153.3083758169
2024-10-07,380153.3083758169
2024-10-08,380153.3083758169
2024-10-09,380153.3083758169
2024-10-10,380153.3083758169
2024-10-11,380153.3083758169
2024-10-12,380153.3083758169
2024-10-13,380153.3083758169
2024-10-14,379963.23172162904
2024-10-15,385644.6860590851
2024-10-16,388918.8513044737
2024-10-17,387692.3845109897
2024-10-18,393509.66882751643
2024-10-19,393187.13896829484
2024-10-20,396845.08874540887
2024-10-21,387335.38554477505
2024-10-22,387298.3260723994
2024-10-23,381918.5826038217
2024-10-24,391730.66218844947
2024-10-25,382904.134622633
2024-10-26,385037.18088066037
2024-10-27,390256.54624765855
2024-10-28,401460.50537906354
2024-10-29,417296.75356789294
2024-10-30,415104.9593649247
2024-10-31,402732.24925068475
2024-11-01,398507.5230207947
2024-11-02,397397.93350394175
2024-11-03,394241.56619705184
2024-11-04,388873.7262488618
2024-11-05,397651.427742519
2024-11-06,432115.4917674847
2024-11-07,433631.2015371377
2024-11-08,437275.578364872
2024-11-09,438606.8229260483
2024-11-10,459224.43375173304
2024-11-11,503925.40585960663
2024-11-12,499671.23418865335
2024-11-13,514383.9789723734
2024-11-14,495096.16287080524
2024-11-15,516287.32739963266
2024-11-16,513401.89446277847
2024-11-17,509345.83957979927
2024-11-18,513280.7732432014
2024-11-19,523391.14343949745
2024-11-20,534582.0023856157
2024-11-21,557678.4239497433
2024-11-22,560462.199660512
2024-11-23,553510.2251180692
2024-11-24,554847.6388451178
2024-11-25,526323.1229790517
2024-11-26,519970.4804993122
2024-11-27,541980.2138924564
2024-11-28,540226.1979047362
2024-11-29,550347.9639554207
2024-11-30,544600.828505819
2024-12-01,549271.494919753
2024-12-02,541226.2495318387
2024-12-03,541998.3647766967
2024-12-04,557395.622815392
2024-12-05,544984.1695565396
2024-12-06,563439.9504251659
2024-12-07,563454.752265832
2024-12-08,570808.5849492444
2024-12-09,548950.8952315312
2024-12-10,544667.5447247628
2024-12-11,569435.1845188633
2024-12-12,563039.2098591019
2024-12-13,570953.9778557569
2024-12-14,570468.1863492795
2024-12-15,586699.362651143
2024-12-16,596356.7670788448
2024-12-17,596980.0938618734
2024-12-18,561651.3165619994
2024-12-19,547146.1629470579
2024-12-20,548631.2673068707
2024-12-21,545641.8901008202
2024-12-22,533613.661851454
2024-12-23,531259.2647533175
2024-12-24,553186.4564954643
2024-12-25,556668.6333388386
2024-12-26,536672.2090909533
2024-12-27,527458.1886566262
2024-12-28,533024.9353868297
2024-12-29,523794.90644029307
2024-12-30,518803.67043814086
2024-12-31,523186.6743264971
