Date,Equity
2004-09-03,10000.0
2004-09-06,10000.0
2004-09-07,10000.0
2004-09-08,10000.0
2004-09-09,10000.0
2004-09-10,10000.0
2004-09-13,10000.0
2004-09-14,10000.0
2004-09-15,10000.0
2004-09-16,10000.0
2004-09-17,10000.0
2004-09-20,10000.0
2004-09-21,10000.0
2004-09-22,10000.0
2004-09-23,10000.0
2004-09-24,10000.0
2004-09-27,10000.0
2004-09-28,10000.0
2004-09-29,10000.0
2004-09-30,10000.0
2004-10-01,10000.0
2004-10-04,10000.0
2004-10-05,10000.0
2004-10-06,10000.0
2004-10-07,10000.0
2004-10-08,10000.0
2004-10-11,10000.0
2004-10-12,10000.0
2004-10-13,10000.0
2004-10-14,10000.0
2004-10-15,10000.0
2004-10-18,10000.0
2004-10-19,10000.0
2004-10-20,10000.0
2004-10-21,10000.0
2004-10-22,10000.0
2004-10-25,10000.0
2004-10-26,10000.0
2004-10-27,10000.0
2004-10-29,10000.0
2004-11-01,10000.0
2004-11-02,10000.0
2004-11-03,10000.0
2004-11-04,10000.0
2004-11-05,10000.0
2004-11-08,10000.0
2004-11-09,10000.0
2004-11-10,10000.0
2004-11-11,10000.0
2004-11-12,9995.0
2004-11-15,9971.822097280172
2004-11-16,9988.740358717525
2004-11-17,10047.17360762882
2004-11-18,9978.375239058225
2004-11-19,10047.483446148988
2004-11-22,10048.268812434524
2004-11-23,10092.128542833685
2004-11-24,10154.310291646327
2004-11-25,10215.783558327345
2004-11-26,10244.265715726287
2004-11-29,10221.1381834654
2004-11-30,10246.523669725399
2004-12-01,10283.379912424743
2004-12-02,10217.714026469057
2004-12-03,10374.461017671547
2004-12-06,10320.397809679629
2004-12-07,10347.253505595429
2004-12-08,10280.898460116663
2004-12-09,10249.254033755893
2004-12-10,10181.166288759952
2004-12-13,10260.999661474112
2004-12-14,10252.52923497669
2004-12-15,10325.37924801657
2004-12-16,10206.899026781242
2004-12-17,10254.483053286509
2004-12-20,10315.27650343781
2004-12-21,10297.470788249573
2004-12-22,10314.418020680216
2004-12-23,10407.236859409662
2004-12-24,10427.225545633279
2004-12-27,10493.215479846911
2004-12-28,10470.081939358026
2004-12-29,10480.049222180343
2004-12-30,10496.31813696971
2004-12-31,10447.653800443752
2005-01-03,10374.21698110884
2005-01-04,10228.37858806997
2005-01-05,10226.88485337713
2005-01-06,10151.91938744667
2005-01-07,10057.471823009424
2005-01-10,10095.111998472225
2005-01-11,10100.539314366357
2005-01-12,10206.956825542473
2005-01-13,10172.37784323104
2005-01-14,10085.664551339758
2005-01-17,10048.741149648138
2005-01-18,10023.19962222309
2005-01-19,10011.724464100835
2005-01-20,9980.788179613242
2005-01-21,10008.514579689443
2005-01-24,10039.265611592155
2005-01-25,9986.779551684895
2005-01-26,10068.85597732144
2005-01-27,10040.320699224627
2005-01-28,10043.333366652498
2005-01-31,10048.705616330639
2005-02-01,10038.743528814366
2005-02-02,10033.377589549531
2005-02-03,9987.06730391054
2005-02-04,9898.844098520616
2005-02-07,9826.30632033938
2005-02-08,9830.823233292283
2005-02-09,9863.895509206697
2005-02-10,9912.293572996443
2005-02-11,9897.626948463685
2005-02-14,9986.593933700171
2005-02-15,10020.334622217244
2005-02-16,10025.031959782536
2005-02-17,10064.931392355991
2005-02-18,10060.326456583478
2005-02-21,10056.513789641334
2005-02-22,10207.011888683315
2005-02-23,10162.307217395699
2005-02-24,10146.889016561261
2005-02-25,10195.294969896679
2005-02-28,10172.900907848532
2005-03-01,10138.13592216921
2005-03-02,10110.398800245435
2005-03-03,10087.315109108797
2005-03-04,10195.240786847644
2005-03-07,10175.94652373125
2005-03-08,10275.59215693184
2005-03-09,10294.818032206691
2005-03-10,10341.610131471885
2005-03-11,10368.465504243955
2005-03-14,10285.12519138131
2005-03-15,10242.737600682574
2005-03-16,10320.055601319851
2005-03-17,10295.449684547806
2005-03-18,10251.466509337442
2005-03-21,10126.855534658884
2005-03-22,10062.02337003065
2005-03-23,9997.100732258179
2005-03-24,9950.060250683375
2005-03-25,9968.6065314401
2005-03-28,9921.576475559168
2005-03-29,9954.511822619239
2005-03-30,9936.882289469006
2005-03-31,9976.747182790908
2005-04-01,9932.085575002795
2005-04-04,9886.545913214826
2005-04-05,9892.645986118467
2005-04-06,9899.644294012602
2005-04-07,9886.532880635787
2005-04-08,9951.66546899261
2005-04-11,9979.378960983373
2005-04-12,9936.238546986298
2005-04-13,9933.92983661954
2005-04-14,9843.401302992374
2005-04-15,9901.000703520383
2005-04-18,10014.161971119749
2005-04-19,10050.338368011438
2005-04-20,10067.159869940357
2005-04-21,10036.378027680092
2005-04-22,10047.907455844414
2005-04-25,9995.415458314754
2005-04-26,9988.533739517907
2005-04-27,9939.239909589163
2005-04-28,9926.918924099895
2005-04-29,9904.525546949959
2005-05-02,9881.468583845579
2005-05-03,9912.87305468892
2005-05-04,9961.278540622347
2005-05-05,9965.923742886718
2005-05-06,9854.473344331875
2005-05-09,9887.481841023124
2005-05-10,9912.043663184646
2005-05-11,9855.744806937611
2005-05-12,9752.975901158976
2005-05-13,9702.891724935971
2005-05-16,9721.270435973674
2005-05-17,9692.80447169076
2005-05-18,9752.602656851832
2005-05-19,9717.172673407114
2005-05-20,9656.953634482747
2005-05-23,9667.751847542984
2005-05-24,9665.44312125768
2005-05-25,9689.282050921869
2005-05-26,9618.738990453101
2005-05-27,9618.738990453101
2005-05-30,9618.738990453101
2005-05-31,9618.738990453101
2005-06-01,9618.738990453101
2005-06-02,9618.738990453101
2005-06-03,9618.738990453101
2005-06-06,9618.738990453101
2005-06-07,9618.738990453101
2005-06-08,9618.738990453101
2005-06-09,9618.738990453101
2005-06-10,9618.738990453101
2005-06-13,9618.738990453101
2005-06-14,9618.738990453101
2005-06-15,9618.738990453101
2005-06-16,9618.738990453101
2005-06-17,9618.738990453101
2005-06-20,9618.738990453101
2005-06-21,9618.738990453101
2005-06-22,9618.738990453101
2005-06-23,9618.738990453101
2005-06-24,9618.738990453101
2005-06-27,9618.738990453101
2005-06-28,9618.738990453101
2005-06-29,9618.738990453101
2005-06-30,9618.738990453101
2005-07-01,9618.738990453101
2005-07-04,9618.738990453101
2005-07-05,9618.738990453101
2005-07-06,9618.738990453101
2005-07-07,9618.738990453101
2005-07-08,9618.738990453101
2005-07-11,9618.738990453101
2005-07-12,9618.738990453101
2005-07-13,9618.738990453101
2005-07-14,9618.738990453101
2005-07-15,9618.738990453101
2005-07-18,9618.738990453101
2005-07-19,9618.738990453101
2005-07-20,9618.738990453101
2005-07-21,9618.738990453101
2005-07-22,9618.738990453101
2005-07-25,9618.738990453101
2005-07-26,9618.738990453101
2005-07-27,9618.738990453101
2005-07-28,9618.738990453101
2005-07-29,9618.738990453101
2005-08-01,9618.738990453101
2005-08-02,9618.738990453101
2005-08-03,9618.738990453101
2005-08-04,9618.738990453101
2005-08-05,9618.738990453101
2005-08-08,9618.738990453101
2005-08-09,9618.738990453101
2005-08-10,9618.738990453101
2005-08-11,9618.738990453101
2005-08-12,9618.738990453101
2005-08-15,9618.738990453101
2005-08-16,9618.738990453101
2005-08-17,9618.738990453101
2005-08-18,9618.738990453101
2005-08-19,9618.738990453101
2005-08-22,9618.738990453101
2005-08-23,9618.738990453101
2005-08-24,9618.738990453101
2005-08-25,9618.738990453101
2005-08-26,9618.738990453101
2005-08-29,9618.738990453101
2005-08-30,9618.738990453101
2005-08-31,9618.738990453101
2005-09-01,9618.738990453101
2005-09-02,9618.738990453101
2005-09-05,9618.738990453101
2005-09-06,9618.738990453101
2005-09-07,9618.738990453101
2005-09-08,9618.738990453101
2005-09-09,9618.738990453101
2005-09-12,9618.738990453101
2005-09-13,9618.738990453101
2005-09-14,9618.738990453101
2005-09-15,9618.738990453101
2005-09-16,9618.738990453101
2005-09-19,9618.738990453101
2005-09-20,9618.738990453101
2005-09-22,9618.738990453101
2005-09-23,9618.738990453101
2005-09-26,9618.738990453101
2005-09-27,9618.738990453101
2005-09-28,9618.738990453101
2005-09-29,9618.738990453101
2005-09-30,9618.738990453101
2005-10-03,9618.738990453101
2005-10-04,9618.738990453101
2005-10-05,9618.738990453101
2005-10-06,9618.738990453101
2005-10-07,9618.738990453101
2005-10-10,9618.738990453101
2005-10-11,9618.738990453101
2005-10-12,9618.738990453101
2005-10-13,9618.738990453101
2005-10-14,9618.738990453101
2005-10-17,9618.738990453101
2005-10-18,9618.738990453101
2005-10-19,9618.738990453101
2005-10-20,9618.738990453101
2005-10-21,9618.738990453101
2005-10-24,9618.738990453101
2005-10-25,9618.738990453101
2005-10-26,9618.738990453101
2005-10-27,9618.738990453101
2005-10-28,9618.738990453101
2005-10-31,9618.738990453101
2005-11-01,9618.738990453101
2005-11-02,9618.738990453101
2005-11-03,9618.738990453101
2005-11-04,9618.738990453101
2005-11-07,9618.738990453101
2005-11-08,9618.738990453101
2005-11-09,9618.738990453101
2005-11-10,9618.738990453101
2005-11-11,9618.738990453101
2005-11-14,9618.738990453101
2005-11-15,9618.738990453101
2005-11-16,9618.738990453101
2005-11-17,9618.738990453101
2005-11-18,9618.738990453101
2005-11-21,9618.738990453101
2005-11-22,9618.738990453101
2005-11-23,9618.738990453101
2005-11-24,9618.738990453101
2005-11-25,9618.738990453101
2005-11-28,9618.738990453101
2005-11-29,9618.738990453101
2005-11-30,9618.738990453101
2005-12-01,9618.738990453101
2005-12-02,9618.738990453101
2005-12-05,9618.738990453101
2005-12-06,9618.738990453101
2005-12-07,9618.738990453101
2005-12-08,9618.738990453101
2005-12-09,9618.738990453101
2005-12-12,9618.738990453101
2005-12-13,9618.738990453101
2005-12-14,9618.738990453101
2005-12-15,9618.738990453101
2005-12-16,9618.738990453101
2005-12-19,9618.738990453101
2005-12-20,9618.738990453101
2005-12-21,9618.738990453101
2005-12-22,9618.738990453101
2005-12-23,9618.738990453101
2005-12-26,9618.738990453101
2005-12-27,9618.738990453101
2005-12-28,9618.738990453101
2005-12-29,9618.738990453101
2005-12-30,9618.738990453101
2006-01-02,9618.738990453101
2006-01-03,9618.738990453101
2006-01-04,9618.738990453101
2006-01-05,9618.738990453101
2006-01-06,9618.738990453101
2006-01-09,9618.738990453101
2006-01-10,9618.738990453101
2006-01-11,9618.738990453101
2006-01-12,9618.738990453101
2006-01-13,9618.738990453101
2006-01-16,9618.738990453101
2006-01-17,9618.738990453101
2006-01-18,9618.738990453101
2006-01-19,9618.738990453101
2006-01-20,9618.738990453101
2006-01-23,9618.738990453101
2006-01-24,9618.738990453101
2006-01-25,9618.738990453101
2006-01-26,9618.738990453101
2006-01-27,9618.738990453101
2006-01-30,9618.738990453101
2006-01-31,9618.738990453101
2006-02-01,9618.738990453101
2006-02-02,9618.738990453101
2006-02-03,9618.738990453101
2006-02-06,9618.738990453101
2006-02-07,9618.738990453101
2006-02-08,9618.738990453101
2006-02-09,9618.738990453101
2006-02-10,9618.738990453101
2006-02-13,9618.738990453101
2006-02-14,9618.738990453101
2006-02-15,9618.738990453101
2006-02-16,9618.738990453101
2006-02-17,9618.738990453101
2006-02-20,9618.738990453101
2006-02-21,9618.738990453101
2006-02-22,9618.738990453101
2006-02-23,9618.738990453101
2006-02-24,9618.738990453101
2006-02-27,9618.738990453101
2006-02-28,9618.738990453101
2006-03-01,9618.738990453101
2006-03-02,9618.738990453101
2006-03-03,9618.738990453101
2006-03-06,9618.738990453101
2006-03-07,9618.738990453101
2006-03-08,9618.738990453101
2006-03-09,9618.738990453101
2006-03-10,9618.738990453101
2006-03-13,9618.738990453101
2006-03-14,9618.738990453101
2006-03-15,9618.738990453101
2006-03-16,9618.738990453101
2006-03-17,9618.738990453101
2006-03-20,9618.738990453101
2006-03-21,9618.738990453101
2006-03-22,9618.738990453101
2006-03-23,9618.738990453101
2006-03-24,9618.738990453101
2006-03-27,9618.738990453101
2006-03-28,9618.738990453101
2006-03-29,9618.738990453101
2006-03-30,9618.738990453101
2006-03-31,9618.738990453101
2006-04-03,9618.738990453101
2006-04-04,9618.738990453101
2006-04-05,9618.738990453101
2006-04-06,9618.738990453101
2006-04-07,9618.738990453101
2006-04-10,9618.738990453101
2006-04-11,9618.738990453101
2006-04-12,9618.738990453101
2006-04-13,9618.738990453101
2006-04-14,9618.738990453101
2006-04-17,9618.738990453101
2006-04-18,9618.738990453101
2006-04-19,9618.738990453101
2006-04-20,9618.738990453101
2006-04-21,9613.929620957875
2006-04-24,9651.257459176428
2006-04-25,9682.394527184004
2006-04-26,9697.931537111313
2006-04-27,9762.372969421263
2006-04-28,9843.084387239262
2006-05-01,9799.400650199135
2006-05-02,9828.166272958302
2006-05-03,9832.87868429388
2006-05-04,9893.388704231837
2006-05-05,9914.394920029683
2006-05-08,9894.854266384558
2006-05-09,9944.628474729278
2006-05-10,9950.471117275092
2006-05-11,10010.648910630045
2006-05-12,10071.171890804613
2006-05-15,9961.604316334815
2006-05-16,10008.21760917435
2006-05-17,9923.695794641804
2006-05-18,10008.268807666887
2006-05-19,9942.632902743317
2006-05-22,10009.372032256751
2006-05-23,9954.716678339148
2006-05-24,9947.720111417213
2006-05-25,9975.714668922958
2006-05-26,9920.28134515675
2006-05-29,9929.637193447188
2006-05-30,10018.026284162392
2006-05-31,9979.820541309784
2006-06-01,9975.856938364268
2006-06-02,10058.887376404993
2006-06-05,10045.64281107479
2006-06-06,9983.883829052518
2006-06-07,9968.279285702756
2006-06-08,9848.407869108994
2006-06-09,9842.181673327548
2006-06-12,9799.351586554747
2006-06-13,9768.074148346122
2006-06-14,9817.0952508713
2006-06-15,9841.137835596082
2006-06-16,9844.994387770732
2006-06-19,9794.334094295964
2006-06-20,9801.35928002812
2006-06-21,9857.166499601419
2006-06-22,9797.816092603953
2006-06-23,9750.21236220697
2006-06-26,9800.775238537424
2006-06-27,9785.118398574525
2006-06-28,9767.178324978506
2006-06-29,9858.651564993079
2006-06-30,9950.846539124124
2006-07-03,9964.848230318057
2006-07-04,9956.305320182655
2006-07-05,9912.595513881995
2006-07-06,9945.215543590592
2006-07-07,9982.51459031229
2006-07-10,9920.873519143688
2006-07-11,9938.33772425656
2006-07-12,9895.036905648492
2006-07-13,9883.345523710266
2006-07-14,9842.021202246126
2006-07-17,9743.460267640434
2006-07-18,9731.027190541869
2006-07-19,9806.258864165182
2006-07-20,9832.609476315185
2006-07-21,9889.290916357455
2006-07-24,9825.289729932054
2006-07-25,9794.082625023459
2006-07-26,9893.928559364282
2006-07-27,9880.729882348256
2006-07-28,9923.473510543949
2006-07-31,9941.331356889854
2006-08-01,9977.079737715629
2006-08-02,9955.231749822879
2006-08-03,9960.708516532677
2006-08-04,10022.733520344347
2006-08-07,9975.985569270144
2006-08-08,9935.40131674784
2006-08-09,10019.089952081416
2006-08-10,9955.055837289387
2006-08-11,9902.090322968203
2006-08-14,9900.451985956328
2006-08-15,9953.245477275272
2006-08-16,9993.684473659205
2006-08-17,9985.089225752587
2006-08-18,9982.0146437006
2006-08-21,10016.905115828506
2006-08-22,9969.307073227892
2006-08-23,9945.196606849171
2006-08-24,9930.335659087978
2006-08-25,9926.534583920517
2006-08-28,9954.051479779097
2006-08-29,9982.488736412473
2006-08-30,9991.713947303968
2006-08-31,9966.853449257997
2006-09-01,9987.813303091321
2006-09-04,10004.108715893037
2006-09-05,9978.4170681129
2006-09-06,9974.578948974575
2006-09-07,9906.658386017521
2006-09-08,9860.601386089693
2006-09-11,9889.385547838603
2006-09-12,9877.702774723874
2006-09-13,9879.207129201111
2006-09-14,9899.423486331923
2006-09-15,9843.283070783156
2006-09-18,9886.713894975339
2006-09-19,9863.375171540014
2006-09-20,9871.880488989524
2006-09-21,9944.039857218202
2006-09-22,9958.793556067543
2006-09-25,9915.927683240638
2006-09-26,9870.661990113465
2006-09-27,9885.449565346089
2006-09-28,9883.565703227545
2006-09-29,9851.224989493852
2006-10-02,9913.164156476681
2006-10-03,9907.734349631086
2006-10-04,9890.589666709775
2006-10-05,9877.019321743355
2006-10-06,9805.552550544971
2006-10-09,9803.204980792592
2006-10-10,9749.370276034866
2006-10-11,9743.140785260042
2006-10-12,9771.12477176529
2006-10-13,9728.264901794955
2006-10-16,9756.285431177062
2006-10-17,9759.34439367939
2006-10-18,9754.692451138251
2006-10-19,9822.938653560232
2006-10-20,9814.383724789142
2006-10-23,9763.625241456706
2006-10-24,9769.877282006859
2006-10-25,9814.149540879303
2006-10-26,9874.633960130539
2006-10-27,9912.688308477445
2006-10-30,9893.127711473066
2006-10-31,9931.198468901603
2006-11-01,9921.441195787193
2006-11-02,9941.327729218221
2006-11-03,9884.318053804005
2006-11-06,9898.773184011954
2006-11-07,9940.303545478908
2006-11-08,9925.452273011495
2006-11-09,9981.716476649965
2006-11-10,9998.382177169424
2006-11-13,9976.558435594698
2006-11-14,9967.222120891198
2006-11-15,9975.781689441279
2006-11-16,9951.630749283317
2006-11-17,9995.142520084257
2006-11-20,9970.256683501882
2006-11-21,9992.005587066622
2006-11-22,10064.01664117451
2006-11-23,10074.179390999481
2006-11-24,10177.130979395182
2006-11-27,10214.353618043013
2006-11-28,10269.365915411652
2006-11-29,10225.796740241556
2006-11-30,10305.566718632876
2006-12-01,10375.31063152286
2006-12-04,10371.435585422734
2006-12-05,10358.165959761522
2006-12-06,10332.949899572834
2006-12-07,10332.538263573408
2006-12-08,10416.204059797257
2006-12-11,10304.357658747518
2006-12-12,10330.743506516626
2006-12-13,10278.58589780156
2006-12-14,10230.603349298379
2006-12-15,10185.744963660509
2006-12-18,10191.216334365627
2006-12-19,10269.519149444588
2006-12-20,10253.93466661555
2006-12-21,10251.500224807858
2006-12-22,10214.938570660257
2006-12-25,10214.133957426266
2006-12-26,10193.893707272171
2006-12-27,10205.66084701756
2006-12-28,10223.491537747293
2006-12-29,10262.277699937149
2007-01-01,10278.54349010221
2007-01-02,10322.796843769931
2007-01-03,10240.895759121024
2007-01-04,10179.97503856569
2007-01-05,10095.687749761286
2007-01-08,10138.383023857117
2007-01-09,10104.85886344838
2007-01-10,10060.43497872976
2007-01-11,10025.47687363558
2007-01-12,10051.10748906741
2007-01-15,10057.216079739619
2007-01-16,10044.864340128213
2007-01-17,10060.319933258279
2007-01-18,10076.605561238488
2007-01-19,10082.876226960852
2007-01-22,10068.110685673793
2007-01-23,10124.725367790994
2007-01-24,10077.8931362317
2007-01-25,10060.011754897436
2007-01-26,10051.424273132663
2007-01-29,10077.838841574121
2007-01-30,10080.190720645453
2007-01-31,10124.464527879007
2007-02-01,10121.30098303143
2007-02-02,10078.434549298912
2007-02-05,10053.510132123567
2007-02-06,10093.894710616763
2007-02-07,10124.214913237312
2007-02-08,10137.407762767316
2007-02-09,10111.66357514911
2007-02-12,10077.394077060131
2007-02-13,10130.964910496134
2007-02-14,10214.486033179193
2007-02-15,10210.728544262554
2007-02-16,10213.008871503791
2007-02-19,10223.883336586243
2007-02-20,10220.7905091109
2007-02-21,10213.80552489044
2007-02-22,10202.940814906853
2007-02-23,10237.01192134043
2007-02-26,10256.442683808169
2007-02-27,10285.986235751392
2007-02-28,10283.536736499796
2007-03-01,10237.657624197484
2007-03-02,10233.747265885782
2007-03-05,10172.897780553396
2007-03-06,10212.515498736588
2007-03-07,10243.959973747287
2007-03-08,10215.51436902792
2007-03-09,10195.262129135504
2007-03-12,10251.041847971735
2007-03-13,10252.665158921522
2007-03-14,10287.614181183691
2007-03-15,10324.853160935692
2007-03-16,10352.042961889785
2007-03-19,10348.045738307434
2007-03-20,10350.387933177672
2007-03-21,10414.814065983486
2007-03-22,10364.14190868673
2007-03-23,10335.299163176449
2007-03-26,10362.408475662824
2007-03-27,10388.136092546587
2007-03-28,10349.195546118288
2007-03-29,10364.640904489412
2007-03-30,10383.316488630124
2007-04-02,10391.919724521036
2007-04-03,10356.827378369833
2007-04-04,10394.848089766088
2007-04-05,10439.848344918191
2007-04-06,10416.457654384041
2007-04-09,10379.945681220714
2007-04-10,10439.586149303717
2007-04-11,10445.758617740472
2007-04-12,10485.42419690849
2007-04-13,10508.649170099612
2007-04-16,10514.903074254022
2007-04-17,10548.243268443372
2007-04-18,10580.791927415576
2007-04-19,10588.86141205092
2007-04-20,10561.342103984189
2007-04-23,10557.467726494011
2007-04-24,10597.84387832677
2007-04-25,10600.156135384243
2007-04-26,10561.192579984716
2007-04-27,10612.408148525044
2007-04-30,10610.089870013137
2007-05-01,10570.331099619554
2007-05-02,10560.272345113162
2007-05-03,10535.333136493353
2007-05-04,10560.92881234105
2007-05-07,10569.543198031164
2007-05-08,10523.50101629421
2007-05-09,10512.676396565219
2007-05-10,10478.46082036905
2007-05-11,10507.888656925701
2007-05-14,10524.950911249462
2007-05-15,10566.082995308874
2007-05-16,10509.919240725625
2007-05-17,10488.904707992435
2007-05-18,10501.369626672484
2007-05-21,10464.822043930997
2007-05-22,10453.976514696844
2007-05-23,10458.618643032354
2007-05-24,10436.824427932515
2007-05-25,10452.394962197972
2007-05-28,10453.941018325258
2007-05-29,10449.161527337154
2007-05-30,10438.347563927162
2007-05-31,10457.01274350166
2007-06-01,10446.043009434075
2007-06-04,10484.869487662689
2007-06-05,10506.677322284682
2007-06-06,10485.533343785733
2007-06-07,10435.004927560833
2007-06-08,10382.033600330906
2007-06-11,10378.843619446321
2007-06-12,10339.965267950443
2007-06-13,10343.13016637156
2007-06-14,10347.673905521111
2007-06-15,10396.566523187961
2007-06-18,10425.25957387701
2007-06-19,10431.554994387521
2007-06-20,10409.73334129775
2007-06-21,10408.199197666036
2007-06-22,10467.756547145429
2007-06-25,10465.500686017567
2007-06-26,10450.711543335732
2007-06-27,10455.35143103249
2007-06-28,10449.163563087694
2007-06-29,10518.099221653383
2007-07-02,10594.689570928236
2007-07-03,10576.791581251458
2007-07-04,10579.239468746287
2007-07-05,10566.716099100238
2007-07-06,10590.740661370006
2007-07-09,10586.122139908068
2007-07-10,10691.35097969708
2007-07-11,10686.643737405815
2007-07-12,10712.987666122324
2007-07-13,10710.623657905151
2007-07-16,10704.424437297772
2007-07-17,10714.605379984467
2007-07-18,10727.763695011705
2007-07-19,10720.803582759258
2007-07-20,10748.650668007476
2007-07-23,10726.072375858908
2007-07-24,10741.630956310335
2007-07-25,10664.538444204496
2007-07-26,10683.145340451414
2007-07-27,10594.205459535611
2007-07-30,10653.020278787435
2007-07-31,10621.95257300423
2007-08-01,10625.874093689243
2007-08-02,10649.152358286447
2007-08-03,10711.076643780745
2007-08-06,10718.75893133624
2007-08-07,10675.221158632594
2007-08-08,10723.296202515612
2007-08-09,10622.675549328027
2007-08-10,10634.302521637099
2007-08-13,10575.073869160653
2007-08-14,10514.211659751041
2007-08-15,10430.864246341878
2007-08-16,10428.483192410456
2007-08-17,10481.962047469633
2007-08-20,10467.119771509728
2007-08-21,10451.61722645567
2007-08-22,10525.141683832631
2007-08-23,10530.56188426365
2007-08-24,10615.70572215336
2007-08-27,10593.096891838319
2007-08-28,10562.802069826897
2007-08-29,10620.993363435911
2007-08-30,10596.042753302894
2007-08-31,10596.042753302894
2007-09-03,10574.238887824256
2007-09-04,10578.989654833735
2007-09-05,10605.2467582035
2007-09-06,10637.877763425946
2007-09-07,10699.099619810117
2007-09-11,10749.474794067517
2007-09-12,10802.120454053987
2007-09-13,10770.167464002563
2007-09-14,10778.832940660352
2007-09-17,10768.666677755147
2007-09-18,10857.572348557786
2007-09-19,10849.074419111103
2007-09-20,10934.124123985757
2007-09-21,10944.289462871318
2007-09-24,10930.263662893507
2007-09-25,10990.732196784958
2007-09-26,10975.96597769105
2007-09-27,10990.712358140689
2007-09-28,11078.006265902446
2007-10-01,11055.58927459257
2007-10-02,10990.15171011122
2007-10-03,10949.63295513916
2007-10-04,10976.839128037696
2007-10-05,10975.287477190237
2007-10-08,10909.86892278785
2007-10-09,10954.717738164612
2007-10-10,10981.175133312703
2007-10-11,11028.328648381384
2007-10-12,11019.09087274151
2007-10-15,11029.885780256744
2007-10-16,11008.91160906431
2007-10-17,11040.014745445273
2007-10-18,11100.293394400269
2007-10-19,11101.879905378353
2007-10-22,11010.67249152915
2007-10-23,11071.10427050884
2007-10-24,11075.051420735157
2007-10-25,11123.812149205507
2007-10-26,11175.7251635543
2007-10-29,11195.043749435212
2007-10-30,11212.165715944617
2007-10-31,11236.965204360504
2007-11-01,11202.056036691794
2007-11-02,11249.18424127208
2007-11-05,11241.526895348674
2007-11-06,11308.12814567317
2007-11-07,11354.501102522252
2007-11-08,11398.755549421398
2007-11-09,11394.072117359552
2007-11-12,11276.13274337499
2007-11-13,11351.227054523966
2007-11-14,11373.821041506484
2007-11-15,11351.18208244779
2007-11-16,11361.310841380982
2007-11-19,11388.443627620938
2007-11-20,11515.106057217923
2007-11-21,11534.424101514289
2007-11-22,11532.881294810848
2007-11-23,11490.128397297056
2007-11-27,11518.733913042512
2007-11-28,11521.126820720912
2007-11-29,11458.035478806252
2007-11-30,11408.254054723118
2007-12-03,11388.15321574053
2007-12-04,11462.404694164912
2007-12-05,11331.977506915666
2007-12-06,11378.56050880778
2007-12-07,11376.225697278609
2007-12-10,11417.14812592698
2007-12-11,11382.94004016312
2007-12-12,11422.571212314722
2007-12-13,11355.531182333496
2007-12-14,11204.858309394114
2007-12-17,11186.108215330394
2007-12-19,11163.559643469789
2007-12-20,11123.967802890236
2007-12-21,11166.61966732764
2007-12-24,11173.531444095594
2007-12-25,11172.726503283417
2007-12-26,11243.884001417633
2007-12-27,11341.230290714113
2007-12-28,11421.732056883347
2007-12-31,11330.647105275004
2008-01-01,11345.381447008553
2008-01-02,11420.270526625469
2008-01-03,11441.971211447351
2008-01-04,11449.735359829365
2008-01-07,11393.78368729769
2008-01-08,12062.820500615015
2008-01-09,11338.922136685125
2008-01-10,11444.330470204088
2008-01-11,11435.863903958352
2008-01-14,11496.744830808737
2008-01-15,11444.895138866841
2008-01-16,11337.655494664945
2008-01-17,11319.049978824287
2008-01-18,11301.994398957273
2008-01-21,11147.915589415918
2008-01-22,11322.731870827212
2008-01-23,11310.464966533835
2008-01-24,11419.722200298082
2008-01-25,11342.87828458364
2008-01-28,11429.93481824484
2008-01-29,11417.433982926312
2008-01-30,11463.061863047571
2008-01-31,11489.273657797461
2008-02-01,11438.831992008249
2008-02-04,11460.521594896749
2008-02-05,11312.78327987331
2008-02-06,11296.566197147913
2008-02-07,11189.252296835166
2008-02-08,12002.897918054763
2008-02-11,11149.218474156482
2008-02-12,11210.504799203623
2008-02-13,11190.578539819271
2008-02-14,11258.056174423871
2008-02-15,11282.647132900349
2008-02-18,11262.628701173371
2008-02-19,11323.844169928147
2008-02-20,11318.508323547387
2008-02-21,11389.050841572114
2008-02-22,11397.490698756508
2008-02-25,11405.096284243557
2008-02-26,11527.579302964741
2008-02-27,11620.960072827418
2008-02-28,11680.670769074877
2008-02-29,11677.653834472012
2008-03-03,11683.864872159596
2008-03-04,11691.504531042161
2008-03-05,11742.831470445786
2008-03-06,11825.644128696915
2008-03-07,11787.861840853595
2008-03-10,11791.658332792007
2008-03-11,11792.382179180911
2008-03-12,11943.690917162203
2008-03-13,12006.589886417209
2008-03-14,12003.401996736182
2008-03-17,12102.984795399036
2008-03-18,12033.615500885226
2008-03-19,12018.92789871498
2008-03-20,11866.705341946134
2008-03-21,12061.064682621274
2008-03-24,11857.936079732171
2008-03-25,11993.230414934918
2008-03-26,12154.966831674183
2008-03-27,12147.275382899034
2008-03-28,12106.427625760469
2008-03-31,12104.138207600507
2008-04-02,12042.497224816034
2008-04-03,12034.192909327061
2008-04-04,12087.668001465849
2008-04-07,12063.153846718864
2008-04-08,11965.22800918496
2008-04-09,12152.710403887228
2008-04-10,12089.60603467926
2008-04-11,12150.852549843268
2008-04-14,12153.159370625526
2008-04-15,12123.19411175247
2008-04-16,12254.614503442795
2008-04-17,12211.47197506893
2008-04-18,12081.670463069922
2008-04-21,12217.587308854834
2008-04-22,12275.853835079166
2008-04-23,12188.044204225595
2008-04-24,12041.311728361406
2008-04-25,12005.105254410812
2008-04-28,12017.313512108647
2008-04-29,11951.281788455219
2008-04-30,11993.401917115934
2008-05-02,11848.143639278438
2008-05-05,11897.252726237752
2008-05-06,11926.235851762995
2008-05-07,11809.89138492289
2008-05-08,11870.369951708313
2008-05-09,11890.210197979895
2008-05-12,11928.581663562654
2008-05-13,11880.112574321354
2008-05-14,11874.047003282541
2008-05-15,11860.09531097507
2008-05-16,11970.927924045773
2008-05-19,11918.580432373321
2008-05-20,12015.021678273704
2008-05-21,12117.397512139843
2008-05-22,12074.239157721451
2008-05-23,12114.957092732086
2008-05-26,12110.559165473194
2008-05-27,12042.528595876234
2008-05-28,12015.72760288921
2008-05-29,11909.347400628616
2008-05-30,11926.91827252503
2008-06-02,11930.811328163496
2008-06-03,11857.03446749862
2008-06-04,11843.48598451386
2008-06-05,11962.888795829931
2008-06-06,12112.452103817363
2008-06-09,12003.388917260303
2008-06-10,11864.86284738125
2008-06-11,11936.635493118996
2008-06-12,11862.027717435134
2008-06-13,11791.264635780719
2008-06-16,11871.4547929418
2008-06-17,11908.251932579
2008-06-18,11920.641440357127
2008-06-19,11898.990613716005
2008-06-20,11989.208246707403
2008-06-23,11908.352178228879
2008-06-24,11944.45261950916
2008-06-25,12023.94172713526
2008-06-26,12084.401681612562
2008-06-27,12084.401681612562
2008-06-30,12082.118019956702
2008-07-02,12179.942928166583
2008-07-03,12042.636891545011
2008-07-04,12053.229067012198
2008-07-07,12057.965575294218
2008-07-08,11758.063933344372
2008-07-09,12062.34160515744
2008-07-10,12099.983397320688
2008-07-11,12224.967735171456
2008-07-14,12180.39905595903
2008-07-15,12186.593548686713
2008-07-16,12127.449188720402
2008-07-17,12153.380476998656
2008-07-18,12151.838922484094
2008-07-21,12197.77730258905
2008-07-22,12103.994390433374
2008-07-23,12027.395207491509
2008-07-24,12024.565224502745
2008-07-25,12012.496839298667
2008-07-28,12064.762080284028
2008-07-29,11948.902052640991
2008-07-30,11935.681925652463
2008-07-31,11950.561951993379
2008-08-08,11526.05524875609
2008-08-26,11214.782426585969
2008-08-27,11274.242509280244
2008-08-28,11265.280083540363
2008-08-29,11232.177897868034
2008-09-01,11158.43126936369
2008-09-02,11113.14844877892
2008-09-03,11090.264892252591
2008-09-04,10919.683921280655
2008-09-05,10927.319187699084
2008-09-08,11505.12954999164
2008-09-09,10794.412589201651
2008-09-10,10668.237995588457
2008-09-11,10677.342057725253
2008-09-12,10861.841888105133
2008-09-15,10883.98249019245
2008-09-16,10781.346329062491
2008-09-17,10928.492284551514
2008-09-18,10909.87300396294
2008-09-19,10995.734312354598
2008-09-22,11280.310932882368
2008-09-23,11195.834808203354
2008-09-24,11195.834808203354
2008-09-25,11195.834808203354
2008-09-26,11195.834808203354
2008-09-29,11195.834808203354
2008-09-30,11195.834808203354
2008-10-01,11195.834808203354
2008-10-02,11195.834808203354
2008-10-03,11195.834808203354
2008-10-06,11195.834808203354
2008-10-07,11195.834808203354
2008-10-08,11195.834808203354
2008-10-09,11195.834808203354
2008-10-10,11195.834808203354
2008-10-13,11195.834808203354
2008-10-14,11195.834808203354
2008-10-15,11195.834808203354
2008-10-16,11195.834808203354
2008-10-17,11195.834808203354
2008-10-20,11195.834808203354
2008-10-21,11195.834808203354
2008-10-22,11195.834808203354
2008-10-23,11195.834808203354
2008-10-24,11195.834808203354
2008-10-27,11195.834808203354
2008-10-28,11195.834808203354
2008-10-29,11195.834808203354
2008-10-30,11195.834808203354
2008-10-31,11195.834808203354
2008-11-03,11195.834808203354
2008-11-04,11195.834808203354
2008-11-05,11195.834808203354
2008-11-06,11195.834808203354
2008-11-07,11195.834808203354
2008-11-10,11195.834808203354
2008-11-11,11195.834808203354
2008-11-12,11195.834808203354
2008-11-13,11195.834808203354
2008-11-14,11195.834808203354
2008-11-17,11195.834808203354
2008-11-18,11195.834808203354
2008-11-19,11195.834808203354
2008-11-20,11195.834808203354
2008-11-21,11195.834808203354
2008-11-24,11195.834808203354
2008-11-25,11195.834808203354
2008-11-26,11195.834808203354
2008-11-27,11195.834808203354
2008-11-28,11195.834808203354
2008-12-01,11195.834808203354
2008-12-02,11195.834808203354
2008-12-03,11195.834808203354
2008-12-04,11195.834808203354
2008-12-05,11195.834808203354
2008-12-08,11195.834808203354
2008-12-09,11195.834808203354
2008-12-10,11195.834808203354
2008-12-11,11195.834808203354
2008-12-12,11195.834808203354
2008-12-15,11195.834808203354
2008-12-16,11195.834808203354
2008-12-17,11195.834808203354
2008-12-18,11195.834808203354
2008-12-19,11195.834808203354
2008-12-22,11195.834808203354
2008-12-23,11195.834808203354
2008-12-24,11195.834808203354
2008-12-25,11195.834808203354
2008-12-26,11195.834808203354
2008-12-29,11195.834808203354
2008-12-30,11195.834808203354
2008-12-31,11195.834808203354
2009-01-01,11195.834808203354
2009-01-02,11195.834808203354
2009-01-05,11195.834808203354
2009-01-06,11195.834808203354
2009-01-07,11195.834808203354
2009-01-08,11195.834808203354
2009-01-09,11195.834808203354
2009-01-12,11195.834808203354
2009-01-13,11195.834808203354
2009-01-14,11195.834808203354
2009-01-15,11195.834808203354
2009-01-16,11195.834808203354
2009-01-19,11195.834808203354
2009-01-20,11195.834808203354
2009-01-21,11195.834808203354
2009-01-22,11195.834808203354
2009-01-23,11195.834808203354
2009-01-26,11195.834808203354
2009-01-27,11195.834808203354
2009-01-28,11195.834808203354
2009-01-29,11195.834808203354
2009-01-30,11195.834808203354
2009-02-02,11195.834808203354
2009-02-03,11195.834808203354
2009-02-04,11195.834808203354
2009-02-05,11195.834808203354
2009-02-06,11195.834808203354
2009-02-09,11195.834808203354
2009-02-10,11195.834808203354
2009-02-11,11195.834808203354
2009-02-12,11195.834808203354
2009-02-13,11195.834808203354
2009-02-16,11195.834808203354
2009-02-17,11195.834808203354
2009-02-18,11195.834808203354
2009-02-19,11195.834808203354
2009-02-20,11195.834808203354
2009-02-23,11195.834808203354
2009-02-24,11195.834808203354
2009-02-25,11195.834808203354
2009-02-26,11195.834808203354
2009-02-27,11195.834808203354
2009-03-02,11195.834808203354
2009-03-03,11195.834808203354
2009-03-04,11195.834808203354
2009-03-05,11195.834808203354
2009-03-06,11195.834808203354
2009-03-09,11195.834808203354
2009-03-10,11195.834808203354
2009-03-11,11195.834808203354
2009-03-12,11195.834808203354
2009-03-13,11195.834808203354
2009-03-16,11195.834808203354
2009-03-17,11195.834808203354
2009-03-18,11195.834808203354
2009-03-19,11195.834808203354
2009-03-20,11195.834808203354
2009-03-23,11195.834808203354
2009-03-24,11195.834808203354
2009-03-25,11195.834808203354
2009-03-26,11195.834808203354
2009-03-27,11195.834808203354
2009-03-30,11195.834808203354
2009-03-31,11195.834808203354
2009-04-01,11195.834808203354
2009-04-02,11195.834808203354
2009-04-03,11195.834808203354
2009-04-06,11195.834808203354
2009-04-07,11195.834808203354
2009-04-08,11195.834808203354
2009-04-09,11195.834808203354
2009-04-10,11195.834808203354
2009-04-13,11195.834808203354
2009-04-14,11195.834808203354
2009-04-15,11195.834808203354
2009-04-16,11195.834808203354
2009-04-17,11195.834808203354
2009-04-20,11195.834808203354
2009-04-21,11195.834808203354
2009-04-22,11195.834808203354
2009-04-23,11195.834808203354
2009-04-24,11195.834808203354
2009-04-27,11195.834808203354
2009-04-28,11195.834808203354
2009-04-29,11195.834808203354
2009-04-30,11195.834808203354
2009-05-01,11195.834808203354
2009-05-04,11195.834808203354
2009-05-05,11195.834808203354
2009-05-06,11195.834808203354
2009-05-07,11195.834808203354
2009-05-08,11195.834808203354
2009-05-11,11195.834808203354
2009-05-12,11195.834808203354
2009-05-13,11195.834808203354
2009-05-14,11195.834808203354
2009-05-15,11195.834808203354
2009-05-18,11195.834808203354
2009-05-19,11195.834808203354
2009-05-20,11195.834808203354
2009-05-21,11195.834808203354
2009-05-22,11195.834808203354
2009-05-25,11195.834808203354
2009-05-26,11195.834808203354
2009-05-27,11190.236890799253
2009-05-28,11268.531954216527
2009-05-29,11449.88602767716
2009-06-01,11455.397618360004
2009-06-02,11571.836177349855
2009-06-03,11442.583361199326
2009-06-04,11465.434882309826
2009-06-05,11297.610349978453
2009-06-08,11241.712558541049
2009-06-09,11370.609327770346
2009-06-10,11306.188991690982
2009-06-11,11408.46894671365
2009-06-12,11319.311290230995
2009-06-15,11143.187920421133
2009-06-16,11179.498419256694
2009-06-17,11266.574614410694
2009-06-18,11247.902767332214
2009-06-19,11273.757388992415
2009-06-22,11207.442251266291
2009-06-23,11373.381171257422
2009-06-24,11266.96942553593
2009-06-25,11302.997360826315
2009-06-26,11357.34865971502
2009-06-29,11384.033961613148
2009-06-30,11345.773020675342
2009-07-01,11427.941130034727
2009-07-02,11278.791180824323
2009-07-03,11280.838021899202
2009-07-06,11294.547176119291
2009-07-07,11245.085976771274
2009-07-08,11215.237178904927
2009-07-09,11334.95081005235
2009-07-10,11258.725397457625
2009-07-13,11303.99791934773
2009-07-14,11288.98307872534
2009-07-15,11393.883625094295
2009-07-16,11425.419300535063
2009-07-17,11396.213565455999
2009-07-20,11482.213414191436
2009-07-21,11471.448248432753
2009-07-22,11477.475873934152
2009-07-23,11442.962194431007
2009-07-24,11482.25096838681
2009-07-27,11510.515575228108
2009-07-28,11428.64794821077
2009-07-29,11321.9606794767
2009-07-30,11378.58885797076
2009-07-31,11519.207278761567
2009-08-03,11641.242584381987
2009-08-04,11647.45172420547
2009-08-05,11641.070671517684
2009-08-06,11609.741555808267
2009-08-07,11461.84217875334
2009-08-10,11413.31107922521
2009-08-11,11428.643358748644
2009-08-12,11482.622428256185
2009-08-13,11530.062141523747
2009-08-14,11474.232886319718
2009-08-17,11392.366103947877
2009-08-18,11440.033931998274
2009-08-19,11511.557551992222
2009-08-20,11516.481876556452
2009-08-21,11565.525175643706
2009-08-24,11543.021597018842
2009-08-25,11535.765150567122
2009-08-26,11497.10655785621
2009-08-27,11606.965918011714
2009-08-28,11596.460250209455
2009-08-31,11582.480456187108
2009-09-01,11476.482472804099
2009-09-02,11526.500789165952
2009-09-03,11512.194943981174
2009-09-04,11542.596932308437
2009-09-07,11573.161175190215
2009-09-08,11711.320417550089
2009-09-09,11746.704292613842
2009-09-10,11773.565264721448
2009-09-11,11772.535294438921
2009-09-14,11823.45156746538
2009-09-15,11845.807501318934
2009-09-16,11878.87351806383
2009-09-17,11895.837584988894
2009-09-18,11882.174306607007
2009-09-21,11856.32342771111
2009-09-22,11959.138338431507
2009-09-23,11889.549208363007
2009-09-24,11828.774501759903
2009-09-25,11856.188324136316
2009-09-28,11804.937342855252
2009-09-29,11780.797479335532
2009-09-30,11831.791127911147
2009-10-01,11718.929985641049
2009-10-02,11778.620516573439
2009-10-05,11834.95063056951
2009-10-06,11884.674842911472
2009-10-07,11876.455328029431
2009-10-08,11932.67333676219
2009-10-09,11894.460649960758
2009-10-12,11941.872398817477
2009-10-13,11984.70054348231
2009-10-14,12053.934601781926
2009-10-15,12073.208875722523
2009-10-16,12034.449025108674
2009-10-19,12080.286093504517
2009-10-20,12055.725220959564
2009-10-21,12114.019977242988
2009-10-22,12142.231364313397
2009-10-23,12116.506166806685
2009-10-26,11996.163360648365
2009-10-27,11960.025929554251
2009-10-28,11879.840171052823
2009-10-29,11977.98460356327
2009-10-30,11891.200665919561
2009-11-02,11924.358409077293
2009-11-03,11889.527696567375
2009-11-04,12000.3827918925
2009-11-05,12007.701231469795
2009-11-06,11984.14308169711
2009-11-09,12111.877829724192
2009-11-10,12097.163952027244
2009-11-11,12092.4499511184
2009-11-12,11989.428978754486
2009-11-13,12031.360977775017
2009-11-16,12091.602900334356
2009-11-17,12005.128362220177
2009-11-18,12067.083721277282
2009-11-19,12036.626237139128
2009-11-20,11994.327893597723
2009-11-23,12073.20951668668
2009-11-24,12077.003732799272
2009-11-25,12206.390854588006
2009-11-26,12080.734315960544
2009-11-27,12095.213582098193
2009-11-30,12133.895804821737
2009-12-01,12175.024527393327
2009-12-02,12158.68391672475
2009-12-03,12155.202622676428
2009-12-04,11985.89859132216
2009-12-07,11973.084555282372
2009-12-08,11856.20008903329
2009-12-09,11889.179868676923
2009-12-10,11882.348148111916
2009-12-11,11792.899466613928
2009-12-14,11823.45440432694
2009-12-15,11730.41546702456
2009-12-16,11717.458363239248
2009-12-17,11572.153942942216
2009-12-18,11573.813426522946
2009-12-21,11523.437997364508
2009-12-22,11497.291499075118
2009-12-23,11563.033606781213
2009-12-24,11602.387255145115
2009-12-25,11613.74179858171
2009-12-28,11594.36010892589
2009-12-29,11568.55465574445
2009-12-30,11567.724856649456
2009-12-31,11555.621008775557
2010-01-01,11606.225938010806
2010-01-04,11633.64869973997
2010-01-05,11586.759021470963
2010-01-06,11617.426910845921
2010-01-07,11547.85565080527
2010-01-08,11622.666714781803
2010-01-11,11703.175488209385
2010-01-12,11675.188090809997
2010-01-13,11713.277417866435
2010-01-14,11693.899719074052
2010-01-15,11605.722987017672
2010-01-18,11618.423469079808
2010-01-19,11516.59892106815
2010-01-20,11378.129606407692
2010-01-21,11367.378539914285
2010-01-22,11402.847663811532
2010-01-25,11410.106715041926
2010-01-26,11355.34323311101
2010-01-27,11313.84245140108
2010-01-28,11263.001685012352
2010-01-29,11181.176266793043
2010-02-01,11229.501170041525
2010-02-02,11269.138249741249
2010-02-03,11208.35024846253
2010-02-04,11081.771849604396
2010-02-05,11029.346943375844
2010-02-08,11008.845769576834
2010-02-09,11105.583137622934
2010-02-10,11105.583137622934
2010-02-11,11105.583137622934
2010-02-12,11105.583137622934
2010-02-15,11105.583137622934
2010-02-16,11105.583137622934
2010-02-17,11105.583137622934
2010-02-18,11105.583137622934
2010-02-19,11105.583137622934
2010-02-22,11105.583137622934
2010-02-23,11105.583137622934
2010-02-24,11105.583137622934
2010-02-25,11105.583137622934
2010-02-26,11105.583137622934
2010-03-01,11105.583137622934
2010-03-02,11105.583137622934
2010-03-03,11105.583137622934
2010-03-04,11105.583137622934
2010-03-05,11105.583137622934
2010-03-08,11105.583137622934
2010-03-09,11105.583137622934
2010-03-10,11105.583137622934
2010-03-11,11105.583137622934
2010-03-12,11105.583137622934
2010-03-15,11105.583137622934
2010-03-16,11105.583137622934
2010-03-17,11105.583137622934
2010-03-18,11105.583137622934
2010-03-19,11105.583137622934
2010-03-22,11105.583137622934
2010-03-23,11105.583137622934
2010-03-24,11105.583137622934
2010-03-25,11105.583137622934
2010-03-26,11105.583137622934
2010-03-29,11105.583137622934
2010-03-30,11105.583137622934
2010-03-31,11105.583137622934
2010-04-01,11105.583137622934
2010-04-02,11105.583137622934
2010-04-05,11105.583137622934
2010-04-06,11105.583137622934
2010-04-07,11105.583137622934
2010-04-08,11105.583137622934
2010-04-09,11105.583137622934
2010-04-12,11105.583137622934
2010-04-13,11105.583137622934
2010-04-14,11105.583137622934
2010-04-15,11105.583137622934
2010-04-16,11105.583137622934
2010-04-19,11105.583137622934
2010-04-20,11105.583137622934
2010-04-21,11105.583137622934
2010-04-22,11105.583137622934
2010-04-23,11105.583137622934
2010-04-26,11105.583137622934
2010-04-27,11105.583137622934
2010-04-28,11105.583137622934
2010-04-29,11105.583137622934
2010-04-30,11105.583137622934
2010-05-03,11105.583137622934
2010-05-04,11105.583137622934
2010-05-05,11105.583137622934
2010-05-06,11105.583137622934
2010-05-07,11105.583137622934
2010-05-10,11105.583137622934
2010-05-11,11105.583137622934
2010-05-12,11105.583137622934
2010-05-13,11105.583137622934
2010-05-14,11105.583137622934
2010-05-17,11105.583137622934
2010-05-18,11105.583137622934
2010-05-19,11105.583137622934
2010-05-20,11105.583137622934
2010-05-21,11105.583137622934
2010-05-24,11105.583137622934
2010-05-25,11105.583137622934
2010-05-26,11105.583137622934
2010-05-27,11105.583137622934
2010-05-28,11105.583137622934
2010-05-31,11105.583137622934
2010-06-01,11105.583137622934
2010-06-02,11105.583137622934
2010-06-03,11105.583137622934
2010-06-04,11105.583137622934
2010-06-07,11105.583137622934
2010-06-08,11105.583137622934
2010-06-09,11105.583137622934
2010-06-10,11105.583137622934
2010-06-11,11105.583137622934
2010-06-14,11105.583137622934
2010-06-15,11105.583137622934
2010-06-16,11105.583137622934
2010-06-17,11105.583137622934
2010-06-18,11105.583137622934
2010-06-21,11105.583137622934
2010-06-22,11105.583137622934
2010-06-23,11105.583137622934
2010-06-24,11105.583137622934
2010-06-25,11105.583137622934
2010-06-28,11105.583137622934
2010-06-29,11105.583137622934
2010-06-30,11105.583137622934
2010-07-01,11105.583137622934
2010-07-02,11105.583137622934
2010-07-05,11105.583137622934
2010-07-06,11105.583137622934
2010-07-07,11105.583137622934
2010-07-08,11105.583137622934
2010-07-09,11105.583137622934
2010-07-12,11105.583137622934
2010-07-13,11105.583137622934
2010-07-14,11105.583137622934
2010-07-15,11105.583137622934
2010-07-16,11105.583137622934
2010-07-19,11105.583137622934
2010-07-20,11105.583137622934
2010-07-21,11105.583137622934
2010-07-22,11105.583137622934
2010-07-23,11105.583137622934
2010-07-26,11105.583137622934
2010-07-27,11105.583137622934
2010-07-28,11105.583137622934
2010-07-29,11105.583137622934
2010-07-30,11105.583137622934
2010-08-02,11105.583137622934
2010-08-03,11105.583137622934
2010-08-04,11105.583137622934
2010-08-05,11105.583137622934
2010-08-06,11105.583137622934
2010-08-09,11105.583137622934
2010-08-10,11105.583137622934
2010-08-11,11105.583137622934
2010-08-12,11105.583137622934
2010-08-13,11105.583137622934
2010-08-16,11105.583137622934
2010-08-17,11105.583137622934
2010-08-18,11105.583137622934
2010-08-19,11105.583137622934
2010-08-20,11105.583137622934
2010-08-23,11105.583137622934
2010-08-24,11105.583137622934
2010-08-25,11105.583137622934
2010-08-26,11105.583137622934
2010-08-27,11105.583137622934
2010-08-30,11105.583137622934
2010-08-31,11105.583137622934
2010-09-01,11105.583137622934
2010-09-02,11105.583137622934
2010-09-03,11105.583137622934
2010-09-06,11105.583137622934
2010-09-07,11105.583137622934
2010-09-08,11105.583137622934
2010-09-09,11105.583137622934
2010-09-10,11105.583137622934
2010-09-13,11105.583137622934
2010-09-14,11105.583137622934
2010-09-15,11105.583137622934
2010-09-16,11105.583137622934
2010-09-17,11105.583137622934
2010-09-20,11105.583137622934
2010-09-21,11105.583137622934
2010-09-22,11105.583137622934
2010-09-23,11105.583137622934
2010-09-24,11105.583137622934
2010-09-27,11105.583137622934
2010-09-28,11105.583137622934
2010-09-29,11105.583137622934
2010-09-30,11105.583137622934
2010-10-01,11105.583137622934
2010-10-04,11105.583137622934
2010-10-05,11105.583137622934
2010-10-06,11105.583137622934
2010-10-07,11105.583137622934
2010-10-08,11105.583137622934
2010-10-11,11105.583137622934
2010-10-12,11105.583137622934
2010-10-13,11105.583137622934
2010-10-14,11105.583137622934
2010-10-15,11105.583137622934
2010-10-18,11100.030346054124
2010-10-19,11077.4228147352
2010-10-20,10919.852551611932
2010-10-21,11096.507504483341
2010-10-22,11059.691986133637
2010-10-25,11081.261976007587
2010-10-26,11085.125532838789
2010-10-27,11009.615443385284
2010-10-28,10948.923848919043
2010-10-29,10948.923848919043
2010-11-01,11104.347229476352
2010-11-02,11053.254470880329
2010-11-03,11152.256958654072
2010-11-04,11224.496035279051
2010-11-05,11304.223549899043
2010-11-08,11182.644110977819
2010-11-09,11017.647533684662
2010-11-10,10939.8368113451
2010-11-11,10942.699989137707
2010-11-12,10819.187176770876
2010-11-15,10876.370394297943
2010-11-16,10781.91184928151
2010-11-17,10714.794545400426
2010-11-18,10765.070563920553
2010-11-19,10846.798150443294
2010-11-22,10915.751869365558
2010-11-23,10802.024006122987
2010-11-24,10629.445802024902
2010-11-25,10606.846732786084
2010-11-26,10592.404383602528
2010-11-29,10511.326978922642
2010-11-30,10404.31112320672
2010-12-01,10315.120499981811
2010-12-02,10420.049915900645
2010-12-03,10492.09911216584
2010-12-06,10649.68856134233
2010-12-07,10546.746209166755
2010-12-08,10513.16634534355
2010-12-09,10518.041198867686
2010-12-10,10511.075500282232
2010-12-13,10475.364311085483
2010-12-14,10631.635188901742
2010-12-15,10604.184667583313
2010-12-16,10494.944971783256
2010-12-17,10507.582638932185
2010-12-20,10447.929963742661
2010-12-21,10410.584670093729
2010-12-22,10388.34849088914
2010-12-23,10408.493137888052
2010-12-24,10417.780170727825
2010-12-27,10380.103730838146
2010-12-28,10466.95154684107
2010-12-29,10384.581566223178
2010-12-30,10493.733325369294
2010-12-31,10554.414026282082
2011-01-03,10599.292971350815
2011-01-04,10598.443512887403
2011-01-05,10570.02729879262
2011-01-06,10438.910705302487
2011-01-07,10297.583899154733
2011-01-10,10230.03922245721
2011-01-11,10285.330608327413
2011-01-12,10300.409274490201
2011-01-13,10414.314613177841
2011-01-14,10591.224002692541
2011-01-17,10612.60131332246
2011-01-18,10535.916105289058
2011-01-19,10610.355557362762
2011-01-20,10668.856305149817
2011-01-21,10681.4932748224
2011-01-24,10800.987185680557
2011-01-25,10820.422060243467
2011-01-26,10853.69112285485
2011-01-27,10872.721107029576
2011-01-28,10883.01146552746
2011-01-31,10763.150441439686
2011-02-01,10874.45693148101
2011-02-02,10966.109188688675
2011-02-03,10956.559032081246
2011-02-04,10802.168551964509
2011-02-07,10762.79673259917
2011-02-08,10776.247127418468
2011-02-09,10803.965482237407
2011-02-10,10878.274967822734
2011-02-11,10783.46115171932
2011-02-14,10710.370192646697
2011-02-15,10687.38918489338
2011-02-16,10701.229047754168
2011-02-17,10761.92560445247
2011-02-18,10802.030985511768
2011-02-21,10871.136066245732
2011-02-22,10846.41669139489
2011-02-23,10839.592516011076
2011-02-24,10910.970796140158
2011-02-25,10955.213276804856
2011-02-28,10887.144035848602
2011-03-01,10955.994207571022
2011-03-02,10916.54268785219
2011-03-03,10991.367656063167
2011-03-04,11064.309818453363
2011-03-07,11089.51264616762
2011-03-08,11068.27758139241
2011-03-09,11015.852924851932
2011-03-10,11019.221855386299
2011-03-11,10938.936463190597
2011-03-14,11044.062681557953
2011-03-15,11089.554170977815
2011-03-16,11084.900977840645
2011-03-17,11004.266023319316
2011-03-18,11121.005089127164
2011-03-21,11229.526481402716
2011-03-22,11266.346427499884
2011-03-23,11227.490129616866
2011-03-24,11178.127571063424
2011-03-25,11230.283295097894
2011-03-28,11114.067175313274
2011-03-29,11156.548646646057
2011-03-30,11181.395890900776
2011-03-31,11189.444691183036
2011-04-01,11219.032641905675
2011-04-04,11270.138236288305
2011-04-05,11267.573414698338
2011-04-06,11266.773328593046
2011-04-07,11358.460666303852
2011-04-08,11332.114108498117
2011-04-11,11458.257023097898
2011-04-12,11439.050860539837
2011-04-13,11469.48038458746
2011-04-14,11442.282032787487
2011-04-15,11434.352272649445
2011-04-18,11419.18049246352
2011-04-19,11268.433396948238
2011-04-20,11358.389649910603
2011-04-21,11497.00795798408
2011-04-22,11529.426138851273
2011-04-25,11531.103078720582
2011-04-26,11548.406508209462
2011-04-27,11634.422797322848
2011-04-28,11707.10478597779
2011-04-29,11757.739854504427
2011-05-02,11718.013908924126
2011-05-03,11741.613865268539
2011-05-04,11749.100166028657
2011-05-05,11746.312469047756
2011-05-06,11518.083595580332
2011-05-09,11365.479810219145
2011-05-10,11383.76575317759
2011-05-11,11411.456281523757
2011-05-12,11251.907815164097
2011-05-13,11273.19455357437
2011-05-16,11145.832590333423
2011-05-17,11209.089727074903
2011-05-18,11296.556002374593
2011-05-19,11285.60021687155
2011-05-20,11333.805459136325
2011-05-23,11165.982448879502
2011-05-24,11111.148481197666
2011-05-25,11160.385801290615
2011-05-26,11149.218982402565
2011-05-27,11188.862876151788
2011-05-30,11316.588193591893
2011-05-31,11336.34419784836
2011-06-01,11419.617139810429
2011-06-02,11353.73864672644
2011-06-03,11464.86782320116
2011-06-06,11597.836752652916
2011-06-07,11540.699157926785
2011-06-08,11621.935439019173
2011-06-09,11555.220300697094
2011-06-10,11486.750655647402
2011-06-13,11340.951527391613
2011-06-14,11407.463927640618
2011-06-15,11433.643025637786
2011-06-16,11219.556172491022
2011-06-17,11233.089702027584
2011-06-20,11300.92204399886
2011-06-21,11332.76962575383
2011-06-22,11377.176979002406
2011-06-23,11323.797812863551
2011-06-24,11288.678298208135
2011-06-27,11210.33968118237
2011-06-28,11324.828134682959
2011-06-29,11357.30251578963
2011-06-30,11452.605516938323
2011-07-01,11466.874446044827
2011-07-04,11500.837386682602
2011-07-05,11511.209581598465
2011-07-06,11411.961784454266
2011-07-07,11335.327357428545
2011-07-08,11361.348869572786
2011-07-11,11232.018315498082
2011-07-12,11103.704365849651
2011-07-13,11046.945147209728
2011-07-14,11254.74393352084
2011-07-15,11193.711772348093
2011-07-18,11166.645813051078
2011-07-19,11157.818201724996
2011-07-20,11205.947182163767
2011-07-21,11282.441067584567
2011-07-22,11400.425381989467
2011-07-25,11375.465174001216
2011-07-26,11362.051682953927
2011-07-27,11469.512212149568
2011-07-28,11362.189298239226
2011-07-29,11329.73648833831
2011-08-01,11354.770319364934
2011-08-02,11274.16177381514
2011-08-03,11203.7932692195
2011-08-04,11344.894117086846
2011-08-05,11116.634758955335
2011-08-08,11294.602369776998
2011-08-09,11196.708019897475
2011-08-10,11363.270379312398
2011-08-11,11157.25444915422
2011-08-12,11237.282703744664
2011-08-15,11274.914695286558
2011-08-16,11403.91757366099
2011-08-17,11372.019184278084
2011-08-18,11396.606674392719
2011-08-19,11313.537605638585
2011-08-22,11348.92125802157
2011-08-23,11342.400290083342
2011-08-24,11402.338945859838
2011-08-25,11382.766088705239
2011-08-26,11351.638776790644
2011-08-29,11447.652817033433
2011-08-30,11470.74166043897
2011-08-31,11398.496096585002
2011-09-01,11352.19680869057
2011-09-02,11262.960809372264
2011-09-05,11180.218158486858
2011-09-06,11105.283631095703
2011-09-07,11057.908294571838
2011-09-08,11122.82349788212
2011-09-09,10978.528213599708
2011-09-12,10736.372363945948
2011-09-13,10783.20199286424
2011-09-14,10803.549267471171
2011-09-15,10850.819360620639
2011-09-16,10947.453777877754
2011-09-19,10814.351990572959
2011-09-20,10738.457573716374
2011-09-21,10807.93541413485
2011-09-22,10722.432504653501
2011-09-23,10639.139046110868
2011-09-26,10691.185509535691
2011-09-27,10668.326250047416
2011-09-28,10718.922037305303
2011-09-29,10683.60266258776
2011-09-30,10721.563009635725
2011-10-03,10542.59080088335
2011-10-04,10410.868124849814
2011-10-05,10511.70307969721
2011-10-06,10511.70307969721
2011-10-07,10511.70307969721
2011-10-10,10511.70307969721
2011-10-11,10511.70307969721
2011-10-12,10511.70307969721
2011-10-13,10511.70307969721
2011-10-14,10511.70307969721
2011-10-17,10511.70307969721
2011-10-18,10511.70307969721
2011-10-19,10511.70307969721
2011-10-20,10511.70307969721
2011-10-21,10511.70307969721
2011-10-24,10511.70307969721
2011-10-25,10511.70307969721
2011-10-26,10511.70307969721
2011-10-27,10511.70307969721
2011-10-28,10511.70307969721
2011-10-31,10511.70307969721
2011-11-01,10511.70307969721
2011-11-02,10511.70307969721
2011-11-03,10511.70307969721
2011-11-04,10511.70307969721
2011-11-07,10511.70307969721
2011-11-08,10511.70307969721
2011-11-09,10511.70307969721
2011-11-10,10511.70307969721
2011-11-11,10511.70307969721
2011-11-14,10511.70307969721
2011-11-15,10511.70307969721
2011-11-16,10511.70307969721
2011-11-17,10511.70307969721
2011-11-18,10511.70307969721
2011-11-21,10511.70307969721
2011-11-22,10511.70307969721
2011-11-23,10511.70307969721
2011-11-24,10511.70307969721
2011-11-25,10511.70307969721
2011-11-28,10511.70307969721
2011-11-29,10511.70307969721
2011-11-30,10511.70307969721
2011-12-01,10511.70307969721
2011-12-02,10511.70307969721
2011-12-05,10511.70307969721
2011-12-06,10511.70307969721
2011-12-07,10511.70307969721
2011-12-08,10511.70307969721
2011-12-09,10511.70307969721
2011-12-12,10511.70307969721
2011-12-13,10511.70307969721
2011-12-14,10511.70307969721
2011-12-15,10511.70307969721
2011-12-16,10511.70307969721
2011-12-19,10511.70307969721
2011-12-20,10511.70307969721
2011-12-21,10511.70307969721
2011-12-22,10511.70307969721
2011-12-23,10511.70307969721
2011-12-26,10511.70307969721
2011-12-27,10511.70307969721
2011-12-28,10511.70307969721
2011-12-29,10511.70307969721
2011-12-30,10511.70307969721
2012-01-02,10511.70307969721
2012-01-03,10511.70307969721
2012-01-04,10511.70307969721
2012-01-05,10511.70307969721
2012-01-06,10511.70307969721
2012-01-09,10511.70307969721
2012-01-10,10511.70307969721
2012-01-11,10511.70307969721
2012-01-12,10511.70307969721
2012-01-13,10511.70307969721
2012-01-16,10511.70307969721
2012-01-17,10511.70307969721
2012-01-18,10511.70307969721
2012-01-19,10511.70307969721
2012-01-20,10511.70307969721
2012-01-23,10511.70307969721
2012-01-24,10511.70307969721
2012-01-25,10511.70307969721
2012-01-26,10511.70307969721
2012-01-27,10511.70307969721
2012-01-30,10511.70307969721
2012-01-31,10511.70307969721
2012-02-01,10511.70307969721
2012-02-02,10511.70307969721
2012-02-03,10511.70307969721
2012-02-06,10511.70307969721
2012-02-07,10511.70307969721
2012-02-08,10511.70307969721
2012-02-09,10511.70307969721
2012-02-10,10511.70307969721
2012-02-13,10511.70307969721
2012-02-14,10511.70307969721
2012-02-15,10511.70307969721
2012-02-16,10511.70307969721
2012-02-17,10511.70307969721
2012-02-20,10511.70307969721
2012-02-21,10511.70307969721
2012-02-22,10511.70307969721
2012-02-23,10511.70307969721
2012-02-24,10511.70307969721
2012-02-27,10511.70307969721
2012-02-28,10511.70307969721
2012-02-29,10511.70307969721
2012-03-01,10511.70307969721
2012-03-02,10511.70307969721
2012-03-05,10511.70307969721
2012-03-06,10511.70307969721
2012-03-07,10511.70307969721
2012-03-08,10511.70307969721
2012-03-09,10511.70307969721
2012-03-12,10511.70307969721
2012-03-13,10511.70307969721
2012-03-14,10511.70307969721
2012-03-15,10511.70307969721
2012-03-16,10511.70307969721
2012-03-19,10511.70307969721
2012-03-20,10511.70307969721
2012-03-21,10511.70307969721
2012-03-22,10511.70307969721
2012-03-23,10511.70307969721
2012-03-26,10511.70307969721
2012-03-27,10511.70307969721
2012-03-28,10511.70307969721
2012-03-29,10511.70307969721
2012-03-30,10511.70307969721
2012-04-02,10511.70307969721
2012-04-03,10511.70307969721
2012-04-04,10511.70307969721
2012-04-05,10511.70307969721
2012-04-06,10511.70307969721
2012-04-09,10511.70307969721
2012-04-10,10511.70307969721
2012-04-11,10511.70307969721
2012-04-12,10511.70307969721
2012-04-13,10511.70307969721
2012-04-16,10511.70307969721
2012-04-17,10511.70307969721
2012-04-18,10511.70307969721
2012-04-19,10511.70307969721
2012-04-20,10511.70307969721
2012-04-23,10511.70307969721
2012-04-24,10511.70307969721
2012-04-25,10511.70307969721
2012-04-26,10511.70307969721
2012-04-27,10511.70307969721
2012-04-30,10511.70307969721
2012-05-01,10511.70307969721
2012-05-02,10511.70307969721
2012-05-03,10511.70307969721
2012-05-04,10511.70307969721
2012-05-07,10511.70307969721
2012-05-08,10511.70307969721
2012-05-09,10511.70307969721
2012-05-10,10511.70307969721
2012-05-11,10511.70307969721
2012-05-14,10511.70307969721
2012-05-15,10511.70307969721
2012-05-16,10511.70307969721
2012-05-17,10511.70307969721
2012-05-18,10511.70307969721
2012-05-21,10511.70307969721
2012-05-22,10511.70307969721
2012-05-23,10511.70307969721
2012-05-24,10511.70307969721
2012-05-25,10511.70307969721
2012-05-28,10511.70307969721
2012-05-29,10511.70307969721
2012-05-30,10511.70307969721
2012-05-31,10511.70307969721
2012-06-01,10511.70307969721
2012-06-04,10511.70307969721
2012-06-05,10511.70307969721
2012-06-06,10511.70307969721
2012-06-07,10511.70307969721
2012-06-08,10511.70307969721
2012-06-11,10511.70307969721
2012-06-12,10511.70307969721
2012-06-13,10511.70307969721
2012-06-14,10511.70307969721
2012-06-15,10511.70307969721
2012-06-18,10511.70307969721
2012-06-19,10511.70307969721
2012-06-20,10511.70307969721
2012-06-21,10511.70307969721
2012-06-22,10511.70307969721
2012-06-25,10511.70307969721
2012-06-26,10511.70307969721
2012-06-27,10511.70307969721
2012-06-28,10511.70307969721
2012-06-29,10511.70307969721
2012-07-02,10511.70307969721
2012-07-03,10511.70307969721
2012-07-04,10511.70307969721
2012-07-05,10511.70307969721
2012-07-06,10511.70307969721
2012-07-09,10511.70307969721
2012-07-10,10511.70307969721
2012-07-11,10511.70307969721
2012-07-12,10511.70307969721
2012-07-13,10511.70307969721
2012-07-16,10511.70307969721
2012-07-17,10511.70307969721
2012-07-18,10511.70307969721
2012-07-19,10511.70307969721
2012-07-20,10511.70307969721
2012-07-23,10511.70307969721
2012-07-24,10511.70307969721
2012-07-25,10511.70307969721
2012-07-26,10511.70307969721
2012-07-27,10511.70307969721
2012-07-30,10511.70307969721
2012-07-31,10511.70307969721
2012-08-01,10511.70307969721
2012-08-02,10511.70307969721
2012-08-03,10511.70307969721
2012-08-06,10511.70307969721
2012-08-07,10511.70307969721
2012-08-08,10511.70307969721
2012-08-09,10511.70307969721
2012-08-10,10511.70307969721
2012-08-13,10511.70307969721
2012-08-14,10511.70307969721
2012-08-15,10511.70307969721
2012-08-16,10511.70307969721
2012-08-17,10511.70307969721
2012-08-20,10511.70307969721
2012-08-21,10511.70307969721
2012-08-22,10511.70307969721
2012-08-23,10511.70307969721
2012-08-24,10511.70307969721
2012-08-27,10511.70307969721
2012-08-28,10511.70307969721
2012-08-29,10511.70307969721
2012-08-30,10511.70307969721
2012-08-31,10511.70307969721
2012-09-03,10511.70307969721
2012-09-04,10511.70307969721
2012-09-05,10511.70307969721
2012-09-06,10511.70307969721
2012-09-07,10511.70307969721
2012-09-10,10511.70307969721
2012-09-11,10511.70307969721
2012-09-12,10511.70307969721
2012-09-13,10511.70307969721
2012-09-14,10511.70307969721
2012-09-17,10511.70307969721
2012-09-18,10511.70307969721
2012-09-19,10511.70307969721
2012-09-20,10511.70307969721
2012-09-21,10511.70307969721
2012-09-24,10511.70307969721
2012-09-25,10511.70307969721
2012-09-26,10511.70307969721
2012-09-27,10511.70307969721
2012-09-28,10511.70307969721
2012-10-01,10511.70307969721
2012-10-02,10511.70307969721
2012-10-03,10511.70307969721
2012-10-04,10511.70307969721
2012-10-05,10511.70307969721
2012-10-08,10511.70307969721
2012-10-09,10511.70307969721
2012-10-10,10511.70307969721
2012-10-11,10511.70307969721
2012-10-12,10511.70307969721
2012-10-15,10511.70307969721
2012-10-16,10511.70307969721
2012-10-17,10511.70307969721
2012-10-18,10511.70307969721
2012-10-19,10511.70307969721
2012-10-22,10511.70307969721
2012-10-23,10511.70307969721
2012-10-24,10511.70307969721
2012-10-25,10511.70307969721
2012-10-26,10511.70307969721
2012-10-29,10506.447228157362
2012-10-30,10493.555195515393
2012-10-31,10537.670504765776
2012-11-01,10539.718954188902
2012-11-02,10526.063438114272
2012-11-05,10427.710290629559
2012-11-06,10406.997759576576
2012-11-07,10411.528009275646
2012-11-08,10372.396399296336
2012-11-09,10360.491769879289
2012-11-12,10343.075236496275
2012-11-13,10331.500457481343
2012-11-14,10331.500457481343
2012-11-15,10349.90147307684
2012-11-16,10392.156860532894
2012-11-19,10371.849590333259
2012-11-20,10379.925165589098
2012-11-21,10416.439422383006
2012-11-22,10457.498839734284
2012-11-23,10465.707944690774
2012-11-26,10539.268659883455
2012-11-27,10556.364104569682
2012-11-28,10516.68155149009
2012-11-29,10528.933870286444
2012-11-30,10545.313245028641
2012-12-03,10564.209671794342
2012-12-05,10647.190163304294
2012-12-06,10623.506181058903
2012-12-07,10536.389271586157
2012-12-10,10489.64260413719
2012-12-11,10515.804060367978
2012-12-12,10576.523355999345
2012-12-13,10619.967590837377
2012-12-14,10629.68671029518
2012-12-17,10700.265505457714
2012-12-18,10699.420637328754
2012-12-19,10753.07916502165
2012-12-20,10740.282931271895
2012-12-21,10758.465148540186
2012-12-24,10713.130107077086
2012-12-25,10711.858934085258
2012-12-26,10711.858934085258
2012-12-27,10748.63141538849
2012-12-28,10768.55220114503
2012-12-31,10750.160952956781
2013-01-01,10728.710333997991
2013-01-02,10725.878117859545
2013-01-03,10713.145196050516
2013-01-04,10590.980563283236
2013-01-07,10619.176232975344
2013-01-08,10665.904393280942
2013-01-09,10631.102968344952
2013-01-10,10608.735662241315
2013-01-11,10784.690204465544
2013-01-14,10856.645983760262
2013-01-15,10869.564911409036
2013-01-16,10813.001377871975
2013-01-17,10798.621261336091
2013-01-18,10864.843672119821
2013-01-21,10822.067153625112
2013-01-22,10815.150566949198
2013-01-23,10817.165901697757
2013-01-24,10812.701968901692
2013-01-25,10862.028180957801
2013-01-28,10940.291990492728
2013-01-29,10924.245735867915
2013-01-30,10961.03029344415
2013-01-31,11023.168661818925
2013-02-01,11057.772259086776
2013-02-04,11088.367556599795
2013-02-05,10976.487149996086
2013-02-06,11032.990184724258
2013-02-07,10986.188639433924
2013-02-08,10876.34690381284
2013-02-11,10859.177100839204
2013-02-12,10887.812122106072
2013-02-13,10927.14008027782
2013-02-14,10920.9690492326
2013-02-15,10846.34234445592
2013-02-18,10839.10273282717
2013-02-19,10841.707190174315
2013-02-20,10881.138818108662
2013-02-21,10781.025112950527
2013-02-22,10716.822095226808
2013-02-25,10718.095269919177
2013-02-26,10611.279844889405
2013-02-27,10611.973055440563
2013-02-28,10680.830444310366
2013-03-01,10606.642977309419
2013-03-04,10571.65415308677
2013-03-05,10587.216414236505
2013-03-06,10597.295893181625
2013-03-07,10540.339679187595
2013-03-08,10647.586656427893
2013-03-11,10546.990330351802
2013-03-12,10583.216180223757
2013-03-13,10580.458845205605
2013-03-14,10522.715814318442
2013-03-15,10566.44247760629
2013-03-18,10468.860567839174
2013-03-19,10511.1924938373
2013-03-20,10445.135534657487
2013-03-21,10508.073157224466
2013-03-22,10478.197178398439
2013-03-25,10574.510004294736
2013-03-26,10439.171507204313
2013-03-27,10440.513767559072
2013-03-28,10373.595691611761
2013-03-29,10404.39326425383
2013-04-01,10396.129967964513
2013-04-02,10432.137713938468
2013-04-03,10408.03550992004
2013-04-04,10432.082028684448
2013-04-05,10495.277250310608
2013-04-08,10546.965174046723
2013-04-09,10577.155118898723
2013-04-10,10618.441321631071
2013-04-11,10598.181942040987
2013-04-12,10646.303117753934
2013-04-15,10633.744412039701
2013-04-16,10597.451214341685
2013-04-17,10697.67009932716
2013-04-18,10580.315337234058
2013-04-19,10595.082366115159
2013-04-22,10597.156716718191
2013-04-23,10602.000427706598
2013-04-24,10547.303854572483
2013-04-25,10565.960011921914
2013-04-26,10557.709984494846
2013-04-29,10586.313923093974
2013-04-30,10629.480000298132
2013-05-01,10688.106409254302
2013-05-02,10699.37166901285
2013-05-03,10603.891148114886
2013-05-06,10651.099988998887
2013-05-07,10607.856134181926
2013-05-08,10613.404326468353
2013-05-09,10681.630162151167
2013-05-10,10578.100976
2013-05-13,10521.85827690207
2013-05-14,10540.29104168577
2013-05-15,10498.891874686962
2013-05-16,10454.435754875607
2013-05-17,10449.88280274571
2013-05-20,10449.88280274571
2013-05-21,10449.88280274571
2013-05-22,10449.88280274571
2013-05-23,10449.88280274571
2013-05-24,10449.88280274571
2013-05-27,10449.88280274571
2013-05-28,10449.88280274571
2013-05-29,10449.88280274571
2013-05-30,10449.88280274571
2013-05-31,10449.88280274571
2013-06-03,10449.88280274571
2013-06-04,10449.88280274571
2013-06-05,10449.88280274571
2013-06-06,10449.88280274571
2013-06-07,10449.88280274571
2013-06-10,10449.88280274571
2013-06-11,10449.88280274571
2013-06-12,10449.88280274571
2013-06-13,10449.88280274571
2013-06-14,10449.88280274571
2013-06-17,10449.88280274571
2013-06-18,10449.88280274571
2013-06-19,10444.657861344336
2013-06-20,10367.880863790444
2013-06-21,10323.876235081547
2013-06-24,10221.764143871611
2013-06-25,10242.81819485021
2013-06-26,10201.739330940261
2013-06-27,10149.831249301504
2013-06-28,10167.413904723155
2013-07-01,10150.330736585986
2013-07-02,10192.026258257227
2013-07-03,10122.607374761616
2013-07-04,10147.468883018091
2013-07-05,10061.652060936383
2013-07-08,10061.652060936383
2013-07-09,10061.652060936383
2013-07-10,10061.652060936383
2013-07-11,10061.652060936383
2013-07-12,10061.652060936383
2013-07-15,10061.652060936383
2013-07-16,10061.652060936383
2013-07-17,10061.652060936383
2013-07-18,10061.652060936383
2013-07-19,10061.652060936383
2013-07-22,10061.652060936383
2013-07-23,10061.652060936383
2013-07-24,10061.652060936383
2013-07-25,10061.652060936383
2013-07-26,10056.621234905915
2013-07-29,10066.63834593703
2013-07-30,10048.596502966251
2013-07-31,10049.529397314007
2013-08-01,10077.161599928435
2013-08-02,10009.16538727727
2013-08-05,10059.80899965464
2013-08-06,10043.525603057236
2013-08-07,10081.812501015786
2013-08-08,10106.66470863712
2013-08-09,10136.23637405242
2013-08-12,10105.360808235417
2013-08-13,10070.105445523
2013-08-14,10049.378434708151
2013-08-15,10048.311849263631
2013-08-16,10116.114655579795
2013-08-19,10097.218712045722
2013-08-20,10100.853739533157
2013-08-21,10166.65824231595
2013-08-22,10107.34149021254
2013-08-23,10116.51558079263
2013-08-26,10140.32264575793
2013-08-27,10134.758558175661
2013-08-28,10144.52625710433
2013-08-29,10101.145012832167
2013-08-30,10026.128179881733
2013-09-02,10004.917349099314
2013-09-03,9991.05155830758
2013-09-04,9978.935300321127
2013-09-05,9999.06849315819
2013-09-06,9936.567456807883
2013-09-09,9978.759581636476
2013-09-10,10042.062706838797
2013-09-11,10048.321672713317
2013-09-12,10085.583231682813
2013-09-13,10072.966917962813
2013-09-16,10118.616235102178
2013-09-17,10102.407697002289
2013-09-18,10117.511157325864
2013-09-19,10241.796989415227
2013-09-20,10250.248635037287
2013-09-23,10250.52670711353
2013-09-24,10223.508746211577
2013-09-25,10202.965652532997
2013-09-26,10237.111592316267
2013-09-27,10213.753033306395
2013-09-30,10220.780962155433
2013-10-01,10243.289018671798
2013-10-02,10241.903082558725
2013-10-03,10293.000113847314
2013-10-04,10318.071498042083
2013-10-07,10276.964906374384
2013-10-09,10298.184247689425
2013-10-10,10239.119744495549
2013-10-11,10243.965682487324
2013-10-14,10266.716010157732
2013-10-15,10268.108015932808
2013-10-16,10240.16302033429
2013-10-17,10240.716412784268
2013-10-18,10349.58395508403
2013-10-21,10360.906177041792
2013-10-22,10356.370750981941
2013-10-23,10433.707373924026
2013-10-24,10435.576716786798
2013-10-25,10452.991682617558
2013-10-28,10454.00266638001
2013-10-29,10441.88672666132
2013-10-30,10406.813685893305
2013-10-31,10392.378500920016
2013-11-01,10282.568132491826
2013-11-04,10217.426459562384
2013-11-05,10234.81260250424
2013-11-06,10201.52637170038
2013-11-07,10235.531133646336
2013-11-08,10152.710028058147
2013-11-11,10106.256751599183
2013-11-12,10152.633149939025
2013-11-13,10175.803704214393
2013-11-14,10213.346265672626
2013-11-15,10182.530515165325
2013-11-18,10208.995251473681
2013-11-19,10224.425429362198
2013-11-20,10272.033445484034
2013-11-21,10170.38290454085
2013-11-22,10199.114933179277
2013-11-25,10259.89001470309
2013-11-26,10241.136457099847
2013-11-27,10271.52117483137
2013-11-28,10275.981147854352
2013-11-29,10298.882121781944
2013-12-02,10284.601400845339
2013-12-03,10251.959538427625
2013-12-04,10288.67653191465
2013-12-05,10285.461456426994
2013-12-06,10348.538421856396
2013-12-09,10376.160593808128
2013-12-10,10401.649442941036
2013-12-11,10419.960070951895
2013-12-12,10436.32286991425
2013-12-13,10409.595472377385
2013-12-16,10400.867978991346
2013-12-17,10418.746072858743
2013-12-18,10425.057582074242
2013-12-19,10359.510398239543
2013-12-20,10337.417397413374
2013-12-23,10354.513001669182
2013-12-24,10370.813961375696
2013-12-25,10357.183120635795
2013-12-26,10346.985383867921
2013-12-27,10367.937952207854
2013-12-30,10408.772586032646
2013-12-31,10453.954132522062
2014-01-01,10404.551641103195
2014-01-02,10421.011595874079
2014-01-03,10344.967315679754
2014-01-06,10291.381284514237
2014-01-07,10318.562773496022
2014-01-08,10306.75339366721
2014-01-09,10273.126106749407
2014-01-10,10299.652089217665
2014-01-13,10348.539778223125
2014-01-14,10347.124839359578
2014-01-15,10345.993264716855
2014-01-16,10293.520287713573
2014-01-17,10307.668723734794
2014-01-20,10238.976648542224
2014-01-21,10255.19419357059
2014-01-22,10262.839145093434
2014-01-23,10250.044839086744
2014-01-24,10360.57524985666
2014-01-27,10359.724406383491
2014-01-28,10349.66139380051
2014-01-29,10334.811677444015
2014-01-30,10337.493672965247
2014-01-31,10261.667643625828
2014-02-03,10208.101898441268
2014-02-04,10235.952612078308
2014-02-05,10229.032245629796
2014-02-06,10243.559883623284
2014-02-07,10286.631040605535
2014-02-10,10307.204640315787
2014-02-11,10327.438789408536
2014-02-12,10322.084756498376
2014-02-13,10284.984501823646
2014-02-14,10351.87397431189
2014-02-17,10367.88749827556
2014-02-18,10371.297086794248
2014-02-19,10414.738606812876
2014-02-20,10390.830427817275
2014-02-21,10383.841863001451
2014-02-24,10396.529999500588
2014-02-25,10395.101806380146
2014-02-26,10402.672553340071
2014-02-27,10354.024510996876
2014-02-28,10373.308612316941
2014-03-03,10425.767389970235
2014-03-04,10395.504244395119
2014-03-05,10398.646747325507
2014-03-06,10393.360798985383
2014-03-07,10490.45096136319
2014-03-10,10502.238109741602
2014-03-11,10502.383343267215
2014-03-12,10486.652862482697
2014-03-13,10521.734518773623
2014-03-14,10492.077746037206
2014-03-17,10528.072499924854
2014-03-18,10538.330270586948
2014-03-19,10541.56006127651
2014-03-20,10456.727050520567
2014-03-21,10428.587283740937
2014-03-24,10438.795968599195
2014-03-25,10471.538742652592
2014-03-26,10456.477630928088
2014-03-27,10428.482858195404
2014-03-28,10397.62783675032
2014-03-31,10405.774366230904
2014-04-01,10423.103901662727
2014-04-02,10438.046794310216
2014-04-03,10417.907949326018
2014-04-04,10384.254582416985
2014-04-07,10369.302060788163
2014-04-08,10398.75941668735
2014-04-09,10436.698740766964
2014-04-10,10483.300867979706
2014-04-11,10507.00266330473
2014-04-14,10476.552630723716
2014-04-15,10454.527440030337
2014-04-16,10450.627451740473
2014-04-17,10462.036683799624
2014-04-18,10450.760372325502
2014-04-21,10453.069184028298
2014-04-22,10437.773058788003
2014-04-23,10449.154326447648
2014-04-24,10456.082825378633
2014-04-25,10465.7691833788
2014-04-28,10472.285742620128
2014-04-29,10481.565678144507
2014-04-30,10451.842230553108
2014-05-01,10493.796168081944
2014-05-02,10495.10574053608
2014-05-05,10496.416214843317
2014-05-06,10498.89181864286
2014-05-07,10540.200746349177
2014-05-08,10525.821839242471
2014-05-09,10474.693954393655
2014-05-12,10411.225049518673
2014-05-13,10408.217578755826
2014-05-14,10372.483150305756
2014-05-15,10380.449501184312
2014-05-16,10377.744275910034
2014-05-19,10367.784953664985
2014-05-20,10375.744087014107
2014-05-21,10368.347476638237
2014-05-22,10351.452408064144
2014-05-23,10330.795818419041
2014-05-26,10311.347440009718
2014-05-27,10328.366135079446
2014-05-28,10317.51487107449
2014-05-29,10284.503339589684
2014-05-30,10292.894020335645
2014-06-02,10310.693201713058
2014-06-03,10288.656718921824
2014-06-04,10305.319521806645
2014-06-05,10292.554128228829
2014-06-06,10336.193173248681
2014-06-09,10321.799665302098
2014-06-10,10283.708131163587
2014-06-11,10244.50399772357
2014-06-12,10241.591394637382
2014-06-13,10254.770284594919
2014-06-16,10242.268855090826
2014-06-17,10271.845792871365
2014-06-18,10249.69428574488
2014-06-19,10281.961354549723
2014-06-20,10297.623988784806
2014-06-23,10283.757379005361
2014-06-24,10290.46962590611
2014-06-25,10293.409308460454
2014-06-26,10310.930385165791
2014-06-27,10298.85177546731
2014-06-30,10322.572477238744
2014-07-01,10359.681578049229
2014-07-02,10350.039797812897
2014-07-03,10328.963497386256
2014-07-04,10296.439088711786
2014-07-07,10280.055588730003
2014-07-08,10288.334501386908
2014-07-09,10288.334501386908
2014-07-10,10288.334501386908
2014-07-11,10288.334501386908
2014-07-14,10288.334501386908
2014-07-15,10288.334501386908
2014-07-16,10288.334501386908
2014-07-17,10288.334501386908
2014-07-18,10288.334501386908
2014-07-21,10288.334501386908
2014-07-22,10288.334501386908
2014-07-23,10288.334501386908
2014-07-24,10288.334501386908
2014-07-25,10288.334501386908
2014-07-28,10288.334501386908
2014-07-29,10288.334501386908
2014-07-30,10288.334501386908
2014-07-31,10288.334501386908
2014-08-01,10288.334501386908
2014-08-04,10288.334501386908
2014-08-05,10288.334501386908
2014-08-06,10288.334501386908
2014-08-07,10288.334501386908
2014-08-08,10288.334501386908
2014-08-11,10288.334501386908
2014-08-12,10288.334501386908
2014-08-13,10288.334501386908
2014-08-14,10288.334501386908
2014-08-15,10288.334501386908
2014-08-18,10288.334501386908
2014-08-19,10288.334501386908
2014-08-20,10288.334501386908
2014-08-21,10288.334501386908
2014-08-22,10288.334501386908
2014-08-25,10288.334501386908
2014-08-26,10288.334501386908
2014-08-27,10288.334501386908
2014-08-28,10288.334501386908
2014-08-29,10288.334501386908
2014-09-01,10288.334501386908
2014-09-02,10288.334501386908
2014-09-03,10288.334501386908
2014-09-04,10288.334501386908
2014-09-05,10288.334501386908
2014-09-08,10288.334501386908
2014-09-09,10288.334501386908
2014-09-10,10288.334501386908
2014-09-11,10288.334501386908
2014-09-12,10288.334501386908
2014-09-15,10288.334501386908
2014-09-16,10288.334501386908
2014-09-17,10288.334501386908
2014-09-18,10288.334501386908
2014-09-19,10288.334501386908
2014-09-22,10288.334501386908
2014-09-23,10288.334501386908
2014-09-24,10288.334501386908
2014-09-25,10288.334501386908
2014-09-26,10288.334501386908
2014-09-29,10288.334501386908
2014-09-30,10288.334501386908
2014-10-01,10288.334501386908
2014-10-02,10288.334501386908
2014-10-03,10288.334501386908
2014-10-06,10288.334501386908
2014-10-07,10288.334501386908
2014-10-08,10288.334501386908
2014-10-09,10288.334501386908
2014-10-10,10288.334501386908
2014-10-13,10288.334501386908
2014-10-14,10288.334501386908
2014-10-15,10288.334501386908
2014-10-16,10288.334501386908
2014-10-17,10288.334501386908
2014-10-20,10288.334501386908
2014-10-21,10288.334501386908
2014-10-22,10288.334501386908
2014-10-23,10288.334501386908
2014-10-24,10288.334501386908
2014-10-27,10288.334501386908
2014-10-28,10288.334501386908
2014-10-29,10288.334501386908
2014-10-30,10288.334501386908
2014-10-31,10288.334501386908
2014-11-03,10288.334501386908
2014-11-04,10288.334501386908
2014-11-05,10288.334501386908
2014-11-06,10288.334501386908
2014-11-07,10288.334501386908
2014-11-10,10288.334501386908
2014-11-11,10288.334501386908
2014-11-12,10288.334501386908
2014-11-13,10288.334501386908
2014-11-14,10288.334501386908
2014-11-17,10288.334501386908
2014-11-18,10288.334501386908
2014-11-19,10288.334501386908
2014-11-20,10288.334501386908
2014-11-21,10288.334501386908
2014-11-24,10288.334501386908
2014-11-25,10288.334501386908
2014-11-26,10288.334501386908
2014-11-27,10288.334501386908
2014-11-28,10288.334501386908
2014-12-01,10288.334501386908
2014-12-02,10288.334501386908
2014-12-03,10288.334501386908
2014-12-04,10288.334501386908
2014-12-05,10288.334501386908
2014-12-08,10288.334501386908
2014-12-09,10288.334501386908
2014-12-10,10288.334501386908
2014-12-11,10288.334501386908
2014-12-12,10288.334501386908
2014-12-15,10288.334501386908
2014-12-16,10288.334501386908
2014-12-17,10288.334501386908
2014-12-18,10288.334501386908
2014-12-19,10288.334501386908
2014-12-22,10288.334501386908
2014-12-23,10288.334501386908
2014-12-24,10288.334501386908
2014-12-25,10288.334501386908
2014-12-26,10288.334501386908
2014-12-29,10288.334501386908
2014-12-30,10288.334501386908
2014-12-31,10288.334501386908
2015-01-01,10288.334501386908
2015-01-02,10288.334501386908
2015-01-05,10288.334501386908
2015-01-06,10288.334501386908
2015-01-07,10288.334501386908
2015-01-08,10288.334501386908
2015-01-09,10288.334501386908
2015-01-12,10288.334501386908
2015-01-13,10288.334501386908
2015-01-14,10288.334501386908
2015-01-15,10288.334501386908
2015-01-16,10288.334501386908
2015-01-19,10288.334501386908
2015-01-20,10288.334501386908
2015-01-21,10288.334501386908
2015-01-22,10288.334501386908
2015-01-23,10288.334501386908
2015-01-26,10288.334501386908
2015-01-27,10288.334501386908
2015-01-28,10288.334501386908
2015-01-29,10288.334501386908
2015-01-30,10288.334501386908
2015-02-02,10288.334501386908
2015-02-03,10288.334501386908
2015-02-04,10288.334501386908
2015-02-05,10288.334501386908
2015-02-06,10288.334501386908
2015-02-09,10288.334501386908
2015-02-10,10288.334501386908
2015-02-11,10288.334501386908
2015-02-12,10288.334501386908
2015-02-13,10288.334501386908
2015-02-16,10288.334501386908
2015-02-17,10288.334501386908
2015-02-18,10288.334501386908
2015-02-19,10288.334501386908
2015-02-20,10288.334501386908
2015-02-23,10288.334501386908
2015-02-24,10288.334501386908
2015-02-25,10288.334501386908
2015-02-26,10288.334501386908
2015-02-27,10288.334501386908
2015-03-02,10288.334501386908
2015-03-03,10288.334501386908
2015-03-04,10288.334501386908
2015-03-05,10288.334501386908
2015-03-06,10288.334501386908
2015-03-09,10288.334501386908
2015-03-10,10288.334501386908
2015-03-11,10288.334501386908
2015-03-12,10288.334501386908
2015-03-13,10288.334501386908
2015-03-16,10288.334501386908
2015-03-17,10288.334501386908
2015-03-18,10288.334501386908
2015-03-19,10288.334501386908
2015-03-20,10288.334501386908
2015-03-23,10288.334501386908
2015-03-24,10288.334501386908
2015-03-25,10288.334501386908
2015-03-26,10288.334501386908
2015-03-27,10288.334501386908
2015-03-30,10288.334501386908
2015-03-31,10288.334501386908
2015-04-01,10288.334501386908
2015-04-02,10288.334501386908
2015-04-03,10288.334501386908
2015-04-06,10288.334501386908
2015-04-07,10288.334501386908
2015-04-08,10288.334501386908
2015-04-09,10288.334501386908
2015-04-10,10288.334501386908
2015-04-13,10288.334501386908
2015-04-14,10288.334501386908
2015-04-15,10288.334501386908
2015-04-16,10288.334501386908
2015-04-17,10288.334501386908
2015-04-20,10288.334501386908
2015-04-21,10288.334501386908
2015-04-22,10288.334501386908
2015-04-23,10288.334501386908
2015-04-24,10288.334501386908
2015-04-27,10288.334501386908
2015-04-28,10288.334501386908
2015-04-29,10288.334501386908
2015-04-30,10288.334501386908
2015-05-01,10288.334501386908
2015-05-04,10288.334501386908
2015-05-05,10288.334501386908
2015-05-06,10288.334501386908
2015-05-07,10288.334501386908
2015-05-08,10288.334501386908
2015-05-11,10288.334501386908
2015-05-12,10288.334501386908
2015-05-13,10288.334501386908
2015-05-14,10288.334501386908
2015-05-15,10288.334501386908
2015-05-18,10288.334501386908
2015-05-19,10288.334501386908
2015-05-20,10288.334501386908
2015-05-21,10288.334501386908
2015-05-22,10288.334501386908
2015-05-25,10288.334501386908
2015-05-26,10288.334501386908
2015-05-27,10288.334501386908
2015-05-28,10288.334501386908
2015-05-29,10288.334501386908
2015-06-01,10288.334501386908
2015-06-02,10288.334501386908
2015-06-03,10288.334501386908
2015-06-04,10288.334501386908
2015-06-05,10288.334501386908
2015-06-08,10288.334501386908
2015-06-09,10288.334501386908
2015-06-10,10288.334501386908
2015-06-11,10288.334501386908
2015-06-12,10288.334501386908
2015-06-15,10288.334501386908
2015-06-16,10288.334501386908
2015-06-17,10288.334501386908
2015-06-18,10288.334501386908
2015-06-19,10288.334501386908
2015-06-22,10288.334501386908
2015-06-23,10288.334501386908
2015-06-24,10288.334501386908
2015-06-25,10288.334501386908
2015-06-26,10288.334501386908
2015-06-29,10288.334501386908
2015-06-30,10288.334501386908
2015-07-01,10288.334501386908
2015-07-02,10288.334501386908
2015-07-03,10288.334501386908
2015-07-06,10288.334501386908
2015-07-07,10288.334501386908
2015-07-08,10288.334501386908
2015-07-09,10288.334501386908
2015-07-10,10288.334501386908
2015-07-13,10288.334501386908
2015-07-14,10288.334501386908
2015-07-15,10288.334501386908
2015-07-16,10288.334501386908
2015-07-17,10288.334501386908
2015-07-20,10288.334501386908
2015-07-21,10288.334501386908
2015-07-22,10288.334501386908
2015-07-23,10288.334501386908
2015-07-24,10288.334501386908
2015-07-27,10288.334501386908
2015-07-28,10288.334501386908
2015-07-29,10288.334501386908
2015-07-30,10288.334501386908
2015-07-31,10288.334501386908
2015-08-03,10288.334501386908
2015-08-04,10288.334501386908
2015-08-05,10288.334501386908
2015-08-06,10288.334501386908
2015-08-07,10288.334501386908
2015-08-10,10288.334501386908
2015-08-11,10288.334501386908
2015-08-12,10288.334501386908
2015-08-13,10288.334501386908
2015-08-14,10288.334501386908
2015-08-17,10288.334501386908
2015-08-18,10288.334501386908
2015-08-19,10288.334501386908
2015-08-20,10288.334501386908
2015-08-21,10288.334501386908
2015-08-24,10288.334501386908
2015-08-25,10288.334501386908
2015-08-26,10288.334501386908
2015-08-27,10288.334501386908
2015-08-28,10288.334501386908
2015-08-31,10288.334501386908
2015-09-01,10288.334501386908
2015-09-02,10288.334501386908
2015-09-03,10288.334501386908
2015-09-04,10288.334501386908
2015-09-07,10288.334501386908
2015-09-08,10288.334501386908
2015-09-09,10288.334501386908
2015-09-10,10288.334501386908
2015-09-11,10288.334501386908
2015-09-14,10288.334501386908
2015-09-15,10288.334501386908
2015-09-16,10288.334501386908
2015-09-17,10288.334501386908
2015-09-18,10288.334501386908
2015-09-21,10288.334501386908
2015-09-22,10288.334501386908
2015-09-23,10288.334501386908
2015-09-24,10288.334501386908
2015-09-25,10288.334501386908
2015-09-28,10288.334501386908
2015-09-29,10288.334501386908
2015-09-30,10288.334501386908
2015-10-01,10288.334501386908
2015-10-02,10288.334501386908
2015-10-05,10283.190334136214
2015-10-06,10254.023149920768
2015-10-07,10320.475008847796
2015-10-08,10294.806447147634
2015-10-09,10337.709526304625
2015-10-12,10413.479895876257
2015-10-13,10400.226728091855
2015-10-14,10427.188893621644
2015-10-15,10509.78347463618
2015-10-16,10410.991374428133
2015-10-19,10404.48376917087
2015-10-20,10375.092444446798
2015-10-21,10397.920234905752
2015-10-22,10392.490811365697
2015-10-23,10144.968822634872
2015-10-26,10089.363766095892
2015-10-27,10131.03393457842
2015-10-28,10104.498461441382
2015-10-29,10005.063879363037
2015-10-30,10064.285395635268
2015-11-02,10093.649733499406
2015-11-03,10084.527853693578
2015-11-04,10036.760305793397
2015-11-05,9948.56510752011
2015-11-06,9963.171521275814
2015-11-09,9824.365048404756
2015-11-10,9848.226351677496
2015-11-11,9828.113809125738
2015-11-12,9851.357816409725
2015-11-13,9898.867274946975
2015-11-16,9793.02115819405
2015-11-17,9782.024874821996
2015-11-18,9741.544165687805
2015-11-19,9765.420582157101
2015-11-20,9816.715840981171
2015-11-23,9738.477825708127
2015-11-24,9739.410571842134
2015-11-25,9741.069816235551
2015-11-26,9718.899478864794
2015-11-27,9718.899478864794
2015-11-30,9718.899478864794
2015-12-01,9718.899478864794
2015-12-02,9718.899478864794
2015-12-03,9718.899478864794
2015-12-04,9718.899478864794
2015-12-07,9718.899478864794
2015-12-08,9718.899478864794
2015-12-09,9718.899478864794
2015-12-10,9718.899478864794
2015-12-11,9718.899478864794
2015-12-14,9718.899478864794
2015-12-15,9718.899478864794
2015-12-16,9718.899478864794
2015-12-17,9718.899478864794
2015-12-18,9718.899478864794
2015-12-21,9718.899478864794
2015-12-22,9718.899478864794
2015-12-23,9718.899478864794
2015-12-24,9718.899478864794
2015-12-25,9718.899478864794
2015-12-28,9718.899478864794
2015-12-29,9718.899478864794
2015-12-30,9718.899478864794
2015-12-31,9718.899478864794
2016-01-01,9718.899478864794
2016-01-04,9718.899478864794
2016-01-05,9718.899478864794
2016-01-06,9718.899478864794
2016-01-07,9718.899478864794
2016-01-08,9718.899478864794
2016-01-11,9718.899478864794
2016-01-12,9718.899478864794
2016-01-13,9718.899478864794
2016-01-14,9718.899478864794
2016-01-15,9718.899478864794
2016-01-18,9718.899478864794
2016-01-19,9718.899478864794
2016-01-20,9718.899478864794
2016-01-21,9718.899478864794
2016-01-22,9718.899478864794
2016-01-25,9718.899478864794
2016-01-26,9718.899478864794
2016-01-27,9718.899478864794
2016-01-28,9718.899478864794
2016-01-29,9718.899478864794
2016-02-01,9718.899478864794
2016-02-02,9718.899478864794
2016-02-03,9718.899478864794
2016-02-04,9718.899478864794
2016-02-05,9718.899478864794
2016-02-08,9718.899478864794
2016-02-09,9718.899478864794
2016-02-10,9718.899478864794
2016-02-11,9718.899478864794
2016-02-12,9718.899478864794
2016-02-15,9718.899478864794
2016-02-16,9718.899478864794
2016-02-17,9718.899478864794
2016-02-18,9718.899478864794
2016-02-19,9718.899478864794
2016-02-22,9718.899478864794
2016-02-23,9718.899478864794
2016-02-24,9718.899478864794
2016-02-25,9718.899478864794
2016-02-26,9718.899478864794
2016-02-29,9718.899478864794
2016-03-01,9718.899478864794
2016-03-02,9718.899478864794
2016-03-03,9718.899478864794
2016-03-04,9718.899478864794
2016-03-07,9718.899478864794
2016-03-08,9718.899478864794
2016-03-09,9718.899478864794
2016-03-10,9718.899478864794
2016-03-11,9718.899478864794
2016-03-14,9718.899478864794
2016-03-15,9718.899478864794
2016-03-16,9718.899478864794
2016-03-17,9718.899478864794
2016-03-18,9718.899478864794
2016-03-21,9718.899478864794
2016-03-22,9718.899478864794
2016-03-23,9714.040029125363
2016-03-24,9677.694496841657
2016-03-25,9666.340004542313
2016-03-28,9659.433709545692
2016-03-29,9696.370850581558
2016-03-30,9773.365799305564
2016-03-31,9810.185158976137
2016-04-01,9849.069343412311
2016-04-04,9858.039441769399
2016-04-05,9857.141776483559
2016-04-06,9851.081464970539
2016-04-07,9870.947408533955
2016-04-08,9844.078152028917
2016-04-11,9869.190776832434
2016-04-12,9877.74640498179
2016-04-13,9853.538916432197
2016-04-14,9761.420019734931
2016-04-15,9753.605938684575
2016-04-18,9779.473305089328
2016-04-19,9787.322346356621
2016-04-20,9831.029119323759
2016-04-21,9783.68087645613
2016-04-22,9772.4054795062
2016-04-25,9722.105269279204
2016-04-26,9752.296090951295
2016-04-27,9778.267260326737
2016-04-28,9804.155087767504
2016-04-29,9827.396175059619
2016-05-02,9919.673837605864
2016-05-03,9973.147506350004
2016-05-04,9955.003096576667
2016-05-05,9945.502908180637
2016-05-06,9869.892643709365
2016-05-09,9854.257509157615
2016-05-10,9854.257509157615
2016-05-11,9842.480554818976
2016-05-12,9887.926372220621
2016-05-13,9844.520282645777
2016-05-16,9792.466373786789
2016-05-17,9791.690648972555
2016-05-18,9791.690648972555
2016-05-19,9710.807032882652
2016-05-20,9696.104642830727
2016-05-23,9709.697126065903
2016-05-24,9704.794340600545
2016-05-25,9637.000919442287
2016-05-26,9655.157866661157
2016-05-27,9683.751444598984
2016-05-30,9612.48353069023
2016-05-31,9645.646964002115
2016-06-01,9634.898899499378
2016-06-02,9680.71511545729
2016-06-03,9648.597974099515
2016-06-06,9819.247252646202
2016-06-07,9830.511071582992
2016-06-08,9825.150326058389
2016-06-09,9867.647932289618
2016-06-10,9787.716165118758
2016-06-13,9722.591154906384
2016-06-14,9766.622875264951
2016-06-15,9698.927933915227
2016-06-16,9741.763035996804
2016-06-17,9732.550830649647
2016-06-20,9816.136943116308
2016-06-21,9793.547934515569
2016-06-22,9730.763022850355
2016-06-23,9797.664312772313
2016-06-24,9794.002448856962
2016-06-27,9541.640317487356
2016-06-28,9523.545051239855
2016-06-29,9574.348486206132
2016-06-30,9621.00713026172
2016-07-01,9601.968674903575
2016-07-04,9623.534470240342
2016-07-05,9636.504653968172
2016-07-06,9566.194787851107
2016-07-07,9595.559380120827
2016-07-08,9566.741437854482
2016-07-11,9547.916389505572
2016-07-12,9560.050248123394
2016-07-13,9564.279947454565
2016-07-14,9591.935381692561
2016-07-15,9601.518274229698
2016-07-18,9555.668867091443
2016-07-19,9571.841599416832
2016-07-20,9521.31793045492
2016-07-21,9526.458070497021
2016-07-22,9538.012025305467
2016-07-25,9483.866969232971
2016-07-26,9501.77861366728
2016-07-27,9498.855514642772
2016-07-28,9572.617756419359
2016-07-29,9582.056808857344
2016-08-01,9654.126706649227
2016-08-02,9654.126706649227
2016-08-03,9698.107768993406
2016-08-04,9639.531735075525
2016-08-05,9625.030456628327
2016-08-08,9585.885107818165
2016-08-09,9580.784035490482
2016-08-10,9608.540275068235
2016-08-11,9669.39918824432
2016-08-12,9628.382661059224
2016-08-15,9652.436581360289
2016-08-16,9667.214825409323
2016-08-17,9746.356617817575
2016-08-18,9766.158949133815
2016-08-19,9809.73213085237
2016-08-22,9765.299028932946
2016-08-23,9783.521407520462
2016-08-24,9767.586348393465
2016-08-25,9735.51859103544
2016-08-26,9758.574176196575
2016-08-29,9679.565611125556
2016-08-30,9673.821978179338
2016-08-31,9639.558105821652
2016-09-01,9646.010809075293
2016-09-02,9680.523973295381
2016-09-05,9646.968816704353
2016-09-06,9639.43340667812
2016-09-07,9725.828643990026
2016-09-08,9714.89050262176
2016-09-09,9741.134646998682
2016-09-12,9714.928073683046
2016-09-13,9717.003791189918
2016-09-14,9695.504613906749
2016-09-15,9720.226651312938
2016-09-16,9719.024290461992
2016-09-19,9643.140335018901
2016-09-20,9662.311930042893
2016-09-21,9639.221199567313
2016-09-22,9673.039943568645
2016-09-23,9687.667934816272
2016-09-26,9712.787498716674
2016-09-27,9721.961122612734
2016-09-28,9695.747683116584
2016-09-29,9700.426685292694
2016-09-30,9695.745425110075
2016-10-03,9708.807609185504
2016-10-04,9687.779400946218
2016-10-05,9688.104932864226
2016-10-06,9685.933066615926
2016-10-07,9630.72414887907
2016-10-10,9675.908153531547
2016-10-11,9627.277251953508
2016-10-12,9558.877663870351
2016-10-13,9515.516725167196
2016-10-14,9548.16027914412
2016-10-17,9477.105147187474
2016-10-18,9518.355002614819
2016-10-19,9484.862483681263
2016-10-20,9483.300795021962
2016-10-21,9444.55769938682
2016-10-24,9403.148892219351
2016-10-25,9392.309400775006
2016-10-26,9392.309400775006
2016-10-27,9392.309400775006
2016-10-28,9392.309400775006
2016-10-31,9392.309400775006
2016-11-01,9392.309400775006
2016-11-02,9392.309400775006
2016-11-03,9392.309400775006
2016-11-04,9392.309400775006
2016-11-07,9392.309400775006
2016-11-08,9392.309400775006
2016-11-09,9392.309400775006
2016-11-10,9392.309400775006
2016-11-11,9392.309400775006
2016-11-14,9392.309400775006
2016-11-15,9392.309400775006
2016-11-16,9392.309400775006
2016-11-17,9392.309400775006
2016-11-18,9392.309400775006
2016-11-21,9392.309400775006
2016-11-22,9392.309400775006
2016-11-23,9392.309400775006
2016-11-24,9392.309400775006
2016-11-25,9392.309400775006
2016-11-28,9392.309400775006
2016-11-29,9392.309400775006
2016-11-30,9392.309400775006
2016-12-01,9392.309400775006
2016-12-02,9392.309400775006
2016-12-05,9392.309400775006
2016-12-06,9392.309400775006
2016-12-07,9392.309400775006
2016-12-08,9392.309400775006
2016-12-09,9392.309400775006
2016-12-12,9392.309400775006
2016-12-13,9392.309400775006
2016-12-14,9392.309400775006
2016-12-15,9392.309400775006
2016-12-16,9392.309400775006
2016-12-19,9392.309400775006
2016-12-20,9392.309400775006
2016-12-21,9392.309400775006
2016-12-22,9392.309400775006
2016-12-23,9392.309400775006
2016-12-26,9392.309400775006
2016-12-27,9392.309400775006
2016-12-28,9392.309400775006
2016-12-29,9392.309400775006
2016-12-30,9392.309400775006
2017-01-02,9392.309400775006
2017-01-03,9392.309400775006
2017-01-04,9392.309400775006
2017-01-05,9392.309400775006
2017-01-06,9392.309400775006
2017-01-09,9392.309400775006
2017-01-10,9392.309400775006
2017-01-11,9392.309400775006
2017-01-12,9392.309400775006
2017-01-13,9392.309400775006
2017-01-16,9392.309400775006
2017-01-17,9392.309400775006
2017-01-18,9392.309400775006
2017-01-19,9392.309400775006
2017-01-20,9392.309400775006
2017-01-23,9392.309400775006
2017-01-24,9392.309400775006
2017-01-25,9392.309400775006
2017-01-26,9392.309400775006
2017-01-27,9392.309400775006
2017-01-30,9392.309400775006
2017-01-31,9392.309400775006
2017-02-01,9392.309400775006
2017-02-02,9392.309400775006
2017-02-03,9392.309400775006
2017-02-06,9392.309400775006
2017-02-07,9392.309400775006
2017-02-08,9392.309400775006
2017-02-09,9392.309400775006
2017-02-10,9392.309400775006
2017-02-13,9392.309400775006
2017-02-14,9392.309400775006
2017-02-15,9392.309400775006
2017-02-16,9392.309400775006
2017-02-17,9392.309400775006
2017-02-20,9392.309400775006
2017-02-21,9392.309400775006
2017-02-22,9392.309400775006
2017-02-23,9392.309400775006
2017-02-24,9392.309400775006
2017-02-27,9392.309400775006
2017-02-28,9392.309400775006
2017-03-01,9392.309400775006
2017-03-02,9392.309400775006
2017-03-03,9392.309400775006
2017-03-06,9392.309400775006
2017-03-07,9392.309400775006
2017-03-08,9392.309400775006
2017-03-09,9392.309400775006
2017-03-10,9392.309400775006
2017-03-13,9392.309400775006
2017-03-14,9392.309400775006
2017-03-15,9392.309400775006
2017-03-16,9392.309400775006
2017-03-17,9392.309400775006
2017-03-20,9392.309400775006
2017-03-21,9392.309400775006
2017-03-22,9392.309400775006
2017-03-23,9392.309400775006
2017-03-24,9392.309400775006
2017-03-27,9392.309400775006
2017-03-28,9392.309400775006
2017-03-29,9392.309400775006
2017-03-30,9392.309400775006
2017-03-31,9392.309400775006
2017-04-03,9392.309400775006
2017-04-04,9392.309400775006
2017-04-05,9392.309400775006
2017-04-06,9392.309400775006
2017-04-07,9392.309400775006
2017-04-10,9392.309400775006
2017-04-11,9392.309400775006
2017-04-12,9392.309400775006
2017-04-13,9392.309400775006
2017-04-14,9392.309400775006
2017-04-17,9392.309400775006
2017-04-18,9392.309400775006
2017-04-19,9392.309400775006
2017-04-20,9392.309400775006
2017-04-21,9392.309400775006
2017-04-24,9392.309400775006
2017-04-25,9392.309400775006
2017-04-26,9392.309400775006
2017-04-27,9392.309400775006
2017-04-28,9392.309400775006
2017-05-01,9392.309400775006
2017-05-02,9392.309400775006
2017-05-03,9392.309400775006
2017-05-04,9392.309400775006
2017-05-05,9392.309400775006
2017-05-08,9392.309400775006
2017-05-09,9392.309400775006
2017-05-10,9392.309400775006
2017-05-11,9392.309400775006
2017-05-12,9392.309400775006
2017-05-15,9392.309400775006
2017-05-16,9392.309400775006
2017-05-17,9392.309400775006
2017-05-18,9392.309400775006
2017-05-19,9392.309400775006
2017-05-22,9392.309400775006
2017-05-23,9392.309400775006
2017-05-24,9387.61324607462
2017-05-25,9430.845468381962
2017-05-26,9413.91391982052
2017-05-29,9384.724855295368
2017-05-30,9345.163329040375
2017-05-31,9380.90409304194
2017-06-01,9441.042460279468
2017-06-02,9417.717769301427
2017-06-05,9472.167578761455
2017-06-06,9451.9936957391
2017-06-07,9464.23753783265
2017-06-08,9450.59261254825
2017-06-09,9391.318434909319
2017-06-12,9405.720927425615
2017-06-13,9400.875133456748
2017-06-14,9411.512098905923
2017-06-15,9417.315752213237
2017-06-16,9359.29717792258
2017-06-19,9410.662271597057
2017-06-20,9357.022371793015
2017-06-21,9350.663572832433
2017-06-22,9376.003709336082
2017-06-23,9361.25209267959
2017-06-26,9402.465664727142
2017-06-27,9389.628715847392
2017-06-28,9519.367095815973
2017-06-29,9555.8126065696
2017-06-30,9605.213804988774
2017-07-03,9589.620371635214
2017-07-04,9546.121098582496
2017-07-05,9536.681407520658
2017-07-06,9525.529596418883
2017-07-07,9590.710700874532
2017-07-10,9573.08583536677
2017-07-12,9631.78082945726
2017-07-13,9585.476380362537
2017-07-14,9572.896477732042
2017-07-17,9632.689576598166
2017-07-18,9631.804945169417
2017-07-19,9694.89613623014
2017-07-20,9676.9970616403
2017-07-21,9760.806366998282
2017-07-24,9805.174393976995
2017-07-25,9769.159862810264
2017-07-26,9773.936516230598
2017-07-27,9843.725117758915
2017-07-28,9810.64694396571
2017-07-31,9859.735457601748
2017-08-01,9923.995854639474
2017-08-02,9913.20632162939
2017-08-03,9946.63248841734
2017-08-04,9974.962843525052
2017-08-07,9885.151651809392
2017-08-08,9904.030583296457
2017-08-09,9865.070666691403
2017-08-10,9870.870659974034
2017-08-11,9878.187350893284
2017-08-14,9924.454380286155
2017-08-15,9882.644503221907
2017-08-16,9853.592939022283
2017-08-17,9881.283211297203
2017-08-18,9831.844206895705
2017-08-21,9865.99732674258
2017-08-22,9912.618535487847
2017-08-23,9870.789419775432
2017-08-24,9916.289540537891
2017-08-25,9904.228539168082
2017-08-28,10029.033443656512
2017-08-29,10039.107486198012
2017-08-30,10044.633664405408
2017-08-31,9979.793978074626
2017-09-01,9994.046880013317
2017-09-04,9970.863403185374
2017-09-05,9979.752953131785
2017-09-06,10005.424162860547
2017-09-07,10008.526547423033
2017-09-08,10093.165362456077
2017-09-11,10083.578478857076
2017-09-12,10034.61894830333
2017-09-13,10047.347815076362
2017-09-14,9976.612168160735
2017-09-15,10002.625574534297
2017-09-18,10015.632742980803
2017-09-19,10034.181291470688
2017-09-20,10062.060094661767
2017-09-21,9960.488389292257
2017-09-22,10021.931382344648
2017-09-25,10006.500576035069
2017-09-26,9946.291344824982
2017-09-27,9887.739150383364
2017-09-28,9857.137135969864
2017-09-29,9884.043638051075
2017-10-02,9905.49406514812
2017-10-03,9843.583193319897
2017-10-04,9855.141077532227
2017-10-05,9863.248207898821
2017-10-06,9825.515976342913
2017-10-09,9850.750800794736
2017-10-10,9850.056744090407
2017-10-11,9911.312733357407
2017-10-12,9953.677219161345
2017-10-13,9925.372501254345
2017-10-16,9910.469108485382
2017-10-17,9894.090370064336
2017-10-18,9875.087914364905
2017-10-19,9894.636742119177
2017-10-20,9938.851151953453
2017-10-23,9859.332063268583
2017-10-24,9863.968813351705
2017-10-25,9863.852816670114
2017-10-26,9915.486652564241
2017-10-27,9760.350753565675
2017-10-30,9732.901903041646
2017-10-31,9773.194288079587
2017-11-01,9772.396402596818
2017-11-02,9753.05884415405
2017-11-03,9780.771265064479
2017-11-06,9741.385553052489
2017-11-07,9739.46274489447
2017-11-08,9729.740823112797
2017-11-09,9726.241890206364
2017-11-10,9768.065495430252
2017-11-13,9780.018687729627
2017-11-14,9783.212498469993
2017-11-15,9889.923959542437
2017-11-17,9876.986968665136
2017-11-20,9838.674043239036
2017-11-21,9846.525737097585
2017-11-22,9843.174094562466
2017-11-23,9907.968363632286
2017-11-24,9940.800089880251
2017-11-27,10001.435298260534
2017-11-28,9983.320740744573
2017-11-29,9935.538025392398
2017-11-30,9938.835371205618
2017-12-01,9977.546861713869
2017-12-04,9945.308885408052
2017-12-05,9951.916386368823
2017-12-06,9922.668635073689
2017-12-07,9898.628013465663
2017-12-08,9871.67292904394
2017-12-11,9869.81442259274
2017-12-12,9876.2050534866
2017-12-13,9846.820945488462
2017-12-14,9924.713553812018
2017-12-15,9873.512909881896
2017-12-18,9847.156525506847
2017-12-19,9881.21349237983
2017-12-20,9928.953954951761
2017-12-21,9959.805684541734
2017-12-22,9942.311931208242
2017-12-25,9941.251337485392
2017-12-26,9955.051727149927
2017-12-27,9942.766520031912
2017-12-28,9978.672846628448
2017-12-29,10012.932706636308
2018-01-01,10065.803988544181
2018-01-02,10071.36386977988
2018-01-03,10114.766007376538
2018-01-04,10070.205063235568
2018-01-05,10119.064654623327
2018-01-08,10092.72042403896
2018-01-09,10036.384505551243
2018-01-10,10001.843873571102
2018-01-11,10024.299948180707
2018-01-12,10096.108456064572
2018-01-15,10221.2555502761
2018-01-16,10284.885215378115
2018-01-17,10287.282392189307
2018-01-18,10213.82287172862
2018-01-19,10257.84631919694
2018-01-22,10273.674348086248
2018-01-23,10274.30390065415
2018-01-24,10319.4836269345
2018-01-25,10387.033317010608
2018-01-26,10388.063533349017
2018-01-29,10417.97213932998
2018-01-30,10378.556807646284
2018-01-31,10402.356287176059
2018-02-01,10409.975969505134
2018-02-02,10486.270169963975
2018-02-05,10433.274231955327
2018-02-06,10366.737244436257
2018-02-07,10378.027223896526
2018-02-08,10282.738642812777
2018-02-09,10276.558903468396
2018-02-12,10269.88226482296
2018-02-13,10312.503307746383
2018-02-14,10354.33226622656
2018-02-15,10449.037394210185
2018-02-16,10479.435129770662
2018-02-19,10402.280319084564
2018-02-20,10391.182590446904
2018-02-21,10337.981408539721
2018-02-22,10293.062752614138
2018-02-23,10330.551030077533
2018-02-26,10297.368215366821
2018-02-27,10321.181922796386
2018-02-28,10249.486810702434
2018-03-01,10216.696516341903
2018-03-02,10283.176015416682
2018-03-05,10320.466706524889
2018-03-06,10338.149614657692
2018-03-07,10405.06744038893
2018-03-08,10403.388044082893
2018-03-09,10312.474711242607
2018-03-12,10314.250650499938
2018-03-13,10340.054592977262
2018-03-14,10384.16873020053
2018-03-15,10370.150491425049
2018-03-16,10314.347129448295
2018-03-19,10290.505835669239
2018-03-20,10337.37107407543
2018-03-21,10265.946246376596
2018-03-22,10345.873906726132
2018-03-23,10326.856651318061
2018-03-26,10351.450514362094
2018-03-27,10437.490546706074
2018-03-28,10395.835756068784
2018-03-29,10313.735860209483
2018-03-30,10307.516740802786
2018-04-02,10317.031472298951
2018-04-03,10299.00721133351
2018-04-04,10287.113199155743
2018-04-05,10294.062161182326
2018-04-06,10264.508679925011
2018-04-09,10281.122368023262
2018-04-10,10323.727351568423
2018-04-11,10357.749141429005
2018-04-12,10364.92254448549
2018-04-13,10329.719466302571
2018-04-16,10332.140093855862
2018-04-17,10376.065426684874
2018-04-18,10366.046458674115
2018-04-19,10371.0498181162
2018-04-20,10342.843707059503
2018-04-23,10282.24241477768
2018-04-24,10228.11974618002
2018-04-25,10255.253846856664
2018-04-26,10196.669168567141
2018-04-27,10144.55288364021
2018-04-30,10155.613872712247
2018-05-01,10120.710141213263
2018-05-02,10045.306105951071
2018-05-03,10011.274677607395
2018-05-04,10043.269834509178
2018-05-07,10014.532899757263
2018-05-08,9996.710030431736
2018-05-09,9941.389725748018
2018-05-10,9924.061214580663
2018-05-11,9982.785409024138
2018-05-14,10011.737666456456
2018-05-15,9994.162588702855
2018-05-16,9901.347393895432
2018-05-17,9898.07072678589
2018-05-18,9879.841052453768
2018-05-21,9855.863658712997
2018-05-22,9877.458711747307
2018-05-23,9874.197049157001
2018-05-24,9808.300856179298
2018-05-25,9818.758400412444
2018-05-28,9790.484594110547
2018-05-29,9738.438522221573
2018-05-30,9664.779406718597
2018-05-31,9771.313402422693
2018-06-01,9792.998030531717
2018-06-04,9772.407889596947
2018-06-05,9799.127703414013
2018-06-06,9820.591067362562
2018-06-07,9870.118707734486
2018-06-08,9873.32984510758
2018-06-11,9873.32984510758
2018-06-12,9873.32984510758
2018-06-13,9873.32984510758
2018-06-14,9873.32984510758
2018-06-15,9873.32984510758
2018-06-18,9873.32984510758
2018-06-19,9873.32984510758
2018-06-20,9873.32984510758
2018-06-21,9873.32984510758
2018-06-22,9873.32984510758
2018-06-25,9873.32984510758
2018-06-26,9873.32984510758
2018-06-27,9873.32984510758
2018-06-28,9873.32984510758
2018-06-29,9873.32984510758
2018-07-02,9873.32984510758
2018-07-03,9873.32984510758
2018-07-04,9873.32984510758
2018-07-05,9873.32984510758
2018-07-06,9873.32984510758
2018-07-09,9873.32984510758
2018-07-10,9873.32984510758
2018-07-11,9873.32984510758
2018-07-12,9873.32984510758
2018-07-13,9873.32984510758
2018-07-16,9873.32984510758
2018-07-17,9873.32984510758
2018-07-18,9873.32984510758
2018-07-19,9873.32984510758
2018-07-20,9873.32984510758
2018-07-23,9873.32984510758
2018-07-24,9873.32984510758
2018-07-25,9873.32984510758
2018-07-26,9873.32984510758
2018-07-27,9873.32984510758
2018-07-30,9873.32984510758
2018-07-31,9873.32984510758
2018-08-01,9873.32984510758
2018-08-02,9873.32984510758
2018-08-03,9873.32984510758
2018-08-06,9873.32984510758
2018-08-07,9873.32984510758
2018-08-08,9873.32984510758
2018-08-09,9873.32984510758
2018-08-10,9873.32984510758
2018-08-13,9873.32984510758
2018-08-14,9873.32984510758
2018-08-15,9873.32984510758
2018-08-16,9873.32984510758
2018-08-17,9873.32984510758
2018-08-20,9873.32984510758
2018-08-21,9873.32984510758
2018-08-22,9873.32984510758
2018-08-23,9873.32984510758
2018-08-24,9873.32984510758
2018-08-27,9873.32984510758
2018-08-28,9873.32984510758
2018-08-29,9873.32984510758
2018-08-30,9873.32984510758
2018-08-31,9873.32984510758
2018-09-03,9873.32984510758
2018-09-04,9873.32984510758
2018-09-05,9873.32984510758
2018-09-06,9873.32984510758
2018-09-07,9873.32984510758
2018-09-10,9873.32984510758
2018-09-11,9873.32984510758
2018-09-12,9873.32984510758
2018-09-13,9873.32984510758
2018-09-14,9873.32984510758
2018-09-17,9873.32984510758
2018-09-18,9873.32984510758
2018-09-19,9873.32984510758
2018-09-20,9873.32984510758
2018-09-21,9873.32984510758
2018-09-24,9873.32984510758
2018-09-25,9873.32984510758
2018-09-26,9873.32984510758
2018-09-27,9873.32984510758
2018-09-28,9873.32984510758
2018-10-01,9873.32984510758
2018-10-02,9873.32984510758
2018-10-03,9873.32984510758
2018-10-04,9873.32984510758
2018-10-05,9873.32984510758
2018-10-08,9873.32984510758
2018-10-09,9873.32984510758
2018-10-10,9873.32984510758
2018-10-11,9873.32984510758
2018-10-12,9873.32984510758
2018-10-15,9873.32984510758
2018-10-16,9873.32984510758
2018-10-17,9873.32984510758
2018-10-18,9873.32984510758
2018-10-19,9873.32984510758
2018-10-22,9873.32984510758
2018-10-23,9873.32984510758
2018-10-24,9873.32984510758
2018-10-25,9873.32984510758
2018-10-26,9873.32984510758
2018-10-29,9873.32984510758
2018-10-30,9873.32984510758
2018-10-31,9873.32984510758
2018-11-01,9873.32984510758
2018-11-02,9873.32984510758
2018-11-05,9873.32984510758
2018-11-06,9873.32984510758
2018-11-07,9873.32984510758
2018-11-08,9873.32984510758
2018-11-09,9873.32984510758
2018-11-12,9873.32984510758
2018-11-13,9873.32984510758
2018-11-14,9873.32984510758
2018-11-15,9873.32984510758
2018-11-16,9873.32984510758
2018-11-19,9873.32984510758
2018-11-20,9873.32984510758
2018-11-21,9873.32984510758
2018-11-22,9873.32984510758
2018-11-23,9873.32984510758
2018-11-26,9873.32984510758
2018-11-27,9873.32984510758
2018-11-28,9873.32984510758
2018-11-29,9873.32984510758
2018-11-30,9873.32984510758
2018-12-03,9873.32984510758
2018-12-04,9873.32984510758
2018-12-05,9873.32984510758
2018-12-06,9873.32984510758
2018-12-07,9873.32984510758
2018-12-10,9873.32984510758
2018-12-11,9873.32984510758
2018-12-12,9873.32984510758
2018-12-13,9873.32984510758
2018-12-14,9873.32984510758
2018-12-17,9873.32984510758
2018-12-18,9873.32984510758
2018-12-19,9873.32984510758
2018-12-20,9873.32984510758
2018-12-21,9873.32984510758
2018-12-24,9873.32984510758
2018-12-25,9873.32984510758
2018-12-26,9873.32984510758
2018-12-27,9873.32984510758
2018-12-28,9873.32984510758
2018-12-31,9873.32984510758
2019-01-01,9873.32984510758
2019-01-02,9873.32984510758
2019-01-03,9873.32984510758
2019-01-04,9873.32984510758
2019-01-07,9873.32984510758
2019-01-08,9873.32984510758
2019-01-09,9873.32984510758
2019-01-10,9873.32984510758
2019-01-11,9873.32984510758
2019-01-14,9873.32984510758
2019-01-15,9873.32984510758
2019-01-16,9873.32984510758
2019-01-17,9873.32984510758
2019-01-18,9873.32984510758
2019-01-21,9873.32984510758
2019-01-22,9873.32984510758
2019-01-23,9873.32984510758
2019-01-24,9873.32984510758
2019-01-25,9873.32984510758
2019-01-28,9873.32984510758
2019-01-29,9873.32984510758
2019-01-30,9873.32984510758
2019-01-31,9873.32984510758
2019-02-01,9873.32984510758
2019-02-04,9873.32984510758
2019-02-05,9873.32984510758
2019-02-06,9873.32984510758
2019-02-07,9873.32984510758
2019-02-08,9873.32984510758
2019-02-11,9873.32984510758
2019-02-12,9873.32984510758
2019-02-13,9873.32984510758
2019-02-14,9873.32984510758
2019-02-15,9873.32984510758
2019-02-18,9873.32984510758
2019-02-19,9873.32984510758
2019-02-20,9873.32984510758
2019-02-21,9873.32984510758
2019-02-22,9873.32984510758
2019-02-25,9873.32984510758
2019-02-26,9873.32984510758
2019-02-27,9873.32984510758
2019-02-28,9873.32984510758
2019-03-01,9873.32984510758
2019-03-04,9873.32984510758
2019-03-05,9873.32984510758
2019-03-06,9873.32984510758
2019-03-07,9873.32984510758
2019-03-08,9873.32984510758
2019-03-11,9873.32984510758
2019-03-12,9873.32984510758
2019-03-13,9873.32984510758
2019-03-14,9873.32984510758
2019-03-15,9873.32984510758
2019-03-18,9873.32984510758
2019-03-19,9873.32984510758
2019-03-20,9873.32984510758
2019-03-21,9873.32984510758
2019-03-22,9873.32984510758
2019-03-25,9873.32984510758
2019-03-26,9873.32984510758
2019-03-27,9873.32984510758
2019-03-28,9873.32984510758
2019-03-29,9873.32984510758
2019-04-01,9873.32984510758
2019-04-02,9873.32984510758
2019-04-03,9873.32984510758
2019-04-04,9873.32984510758
2019-04-05,9873.32984510758
2019-04-08,9873.32984510758
2019-04-09,9873.32984510758
2019-04-10,9873.32984510758
2019-04-11,9873.32984510758
2019-04-12,9873.32984510758
2019-04-15,9873.32984510758
2019-04-16,9873.32984510758
2019-04-17,9873.32984510758
2019-04-18,9873.32984510758
2019-04-19,9873.32984510758
2019-04-22,9873.32984510758
2019-04-23,9873.32984510758
2019-04-24,9873.32984510758
2019-04-25,9873.32984510758
2019-04-26,9873.32984510758
2019-04-29,9873.32984510758
2019-04-30,9873.32984510758
2019-05-01,9873.32984510758
2019-05-02,9873.32984510758
2019-05-03,9873.32984510758
2019-05-06,9873.32984510758
2019-05-07,9873.32984510758
2019-05-08,9873.32984510758
2019-05-09,9873.32984510758
2019-05-10,9873.32984510758
2019-05-13,9873.32984510758
2019-05-14,9873.32984510758
2019-05-15,9873.32984510758
2019-05-16,9873.32984510758
2019-05-17,9873.32984510758
2019-05-20,9873.32984510758
2019-05-21,9873.32984510758
2019-05-23,9873.32984510758
2019-05-24,9873.32984510758
2019-05-27,9873.32984510758
2019-05-28,9873.32984510758
2019-05-29,9873.32984510758
2019-05-30,9873.32984510758
2019-05-31,9873.32984510758
2019-06-03,9873.32984510758
2019-06-04,9873.32984510758
2019-06-05,9873.32984510758
2019-06-06,9873.32984510758
2019-06-07,9873.32984510758
2019-06-10,9873.32984510758
2019-06-11,9873.32984510758
2019-06-12,9873.32984510758
2019-06-13,9873.32984510758
2019-06-14,9873.32984510758
2019-06-17,9873.32984510758
2019-06-18,9873.32984510758
2019-06-19,9873.32984510758
2019-06-20,9873.32984510758
2019-06-21,9873.32984510758
2019-06-24,9873.32984510758
2019-06-25,9873.32984510758
2019-06-26,9873.32984510758
2019-06-27,9873.32984510758
2019-06-28,9873.32984510758
2019-07-01,9873.32984510758
2019-07-02,9873.32984510758
2019-07-03,9873.32984510758
2019-07-04,9873.32984510758
2019-07-05,9873.32984510758
2019-07-08,9873.32984510758
2019-07-09,9873.32984510758
2019-07-10,9873.32984510758
2019-07-11,9873.32984510758
2019-07-12,9873.32984510758
2019-07-15,9873.32984510758
2019-07-16,9873.32984510758
2019-07-17,9873.32984510758
2019-07-18,9873.32984510758
2019-07-19,9873.32984510758
2019-07-22,9873.32984510758
2019-07-23,9873.32984510758
2019-07-24,9873.32984510758
2019-07-25,9873.32984510758
2019-07-26,9873.32984510758
2019-07-29,9873.32984510758
2019-07-30,9873.32984510758
2019-07-31,9873.32984510758
2019-08-01,9873.32984510758
2019-08-02,9873.32984510758
2019-08-05,9873.32984510758
2019-08-06,9873.32984510758
2019-08-07,9873.32984510758
2019-08-08,9873.32984510758
2019-08-09,9873.32984510758
2019-08-12,9873.32984510758
2019-08-13,9873.32984510758
2019-08-14,9873.32984510758
2019-08-15,9873.32984510758
2019-08-16,9873.32984510758
2019-08-19,9873.32984510758
2019-08-20,9873.32984510758
2019-08-21,9873.32984510758
2019-08-22,9873.32984510758
2019-08-23,9873.32984510758
2019-08-26,9873.32984510758
2019-08-27,9873.32984510758
2019-08-28,9873.32984510758
2019-08-29,9873.32984510758
2019-08-30,9873.32984510758
2019-09-02,9873.32984510758
2019-09-03,9873.32984510758
2019-09-04,9873.32984510758
2019-09-05,9873.32984510758
2019-09-06,9873.32984510758
2019-09-09,9873.32984510758
2019-09-10,9873.32984510758
2019-09-11,9873.32984510758
2019-09-12,9873.32984510758
2019-09-13,9873.32984510758
2019-09-16,9873.32984510758
2019-09-17,9873.32984510758
2019-09-18,9873.32984510758
2019-09-19,9873.32984510758
2019-09-20,9873.32984510758
2019-09-23,9873.32984510758
2019-09-24,9873.32984510758
2019-09-25,9873.32984510758
2019-09-26,9873.32984510758
2019-09-27,9873.32984510758
2019-09-30,9873.32984510758
2019-10-01,9873.32984510758
2019-10-02,9873.32984510758
2019-10-03,9873.32984510758
2019-10-04,9873.32984510758
2019-10-07,9873.32984510758
2019-10-08,9873.32984510758
2019-10-09,9873.32984510758
2019-10-10,9873.32984510758
2019-10-11,9873.32984510758
2019-10-14,9873.32984510758
2019-10-15,9873.32984510758
2019-10-16,9873.32984510758
2019-10-17,9873.32984510758
2019-10-18,9873.32984510758
2019-10-21,9873.32984510758
2019-10-22,9873.32984510758
2019-10-23,9873.32984510758
2019-10-24,9873.32984510758
2019-10-25,9873.32984510758
2019-10-28,9873.32984510758
2019-10-29,9873.32984510758
2019-10-30,9873.32984510758
2019-10-31,9873.32984510758
2019-11-01,9873.32984510758
2019-11-04,9873.32984510758
2019-11-05,9873.32984510758
2019-11-06,9873.32984510758
2019-11-07,9873.32984510758
2019-11-08,9873.32984510758
2019-11-11,9873.32984510758
2019-11-12,9873.32984510758
2019-11-13,9873.32984510758
2019-11-14,9873.32984510758
2019-11-15,9873.32984510758
2019-11-18,9873.32984510758
2019-11-19,9873.32984510758
2019-11-20,9873.32984510758
2019-11-21,9873.32984510758
2019-11-22,9873.32984510758
2019-11-25,9873.32984510758
2019-11-26,9873.32984510758
2019-11-27,9873.32984510758
2019-11-28,9873.32984510758
2019-11-29,9873.32984510758
2019-12-02,9873.32984510758
2019-12-03,9873.32984510758
2019-12-04,9873.32984510758
2019-12-05,9873.32984510758
2019-12-06,9873.32984510758
2019-12-09,9873.32984510758
2019-12-10,9873.32984510758
2019-12-11,9873.32984510758
2019-12-12,9873.32984510758
2019-12-13,9873.32984510758
2019-12-16,9873.32984510758
2019-12-17,9873.32984510758
2019-12-18,9873.32984510758
2019-12-19,9873.32984510758
2019-12-20,9873.32984510758
2019-12-23,9873.32984510758
2019-12-24,9873.32984510758
2019-12-25,9873.32984510758
2019-12-26,9873.32984510758
2019-12-27,9873.32984510758
2019-12-30,9873.32984510758
2019-12-31,9873.32984510758
2020-01-01,9873.32984510758
2020-01-02,9873.32984510758
2020-01-03,9873.32984510758
2020-01-06,9873.32984510758
2020-01-07,9873.32984510758
2020-01-08,9873.32984510758
2020-01-09,9873.32984510758
2020-01-10,9873.32984510758
2020-01-13,9873.32984510758
2020-01-14,9873.32984510758
2020-01-15,9873.32984510758
2020-01-16,9873.32984510758
2020-01-17,9873.32984510758
2020-01-20,9873.32984510758
2020-01-21,9873.32984510758
2020-01-22,9873.32984510758
2020-01-23,9873.32984510758
2020-01-24,9873.32984510758
2020-01-27,9873.32984510758
2020-01-28,9873.32984510758
2020-01-29,9873.32984510758
2020-01-30,9873.32984510758
2020-01-31,9873.32984510758
2020-02-03,9873.32984510758
2020-02-04,9873.32984510758
2020-02-05,9873.32984510758
2020-02-06,9873.32984510758
2020-02-07,9873.32984510758
2020-02-10,9873.32984510758
2020-02-11,9873.32984510758
2020-02-12,9873.32984510758
2020-02-13,9873.32984510758
2020-02-14,9873.32984510758
2020-02-17,9873.32984510758
2020-02-18,9873.32984510758
2020-02-19,9873.32984510758
2020-02-20,9873.32984510758
2020-02-21,9873.32984510758
2020-02-24,9873.32984510758
2020-02-25,9873.32984510758
2020-02-26,9873.32984510758
2020-02-27,9873.32984510758
2020-02-28,9873.32984510758
2020-03-02,9873.32984510758
2020-03-03,9873.32984510758
2020-03-04,9873.32984510758
2020-03-05,9873.32984510758
2020-03-06,9873.32984510758
2020-03-09,9873.32984510758
2020-03-10,9873.32984510758
2020-03-11,9873.32984510758
2020-03-12,9873.32984510758
2020-03-13,9873.32984510758
2020-03-16,9873.32984510758
2020-03-17,9873.32984510758
2020-03-18,9873.32984510758
2020-03-19,9873.32984510758
2020-03-20,9873.32984510758
2020-03-23,9873.32984510758
2020-03-24,9873.32984510758
2020-03-25,9873.32984510758
2020-03-26,9873.32984510758
2020-03-27,9873.32984510758
2020-03-30,9873.32984510758
2020-03-31,9873.32984510758
2020-04-01,9873.32984510758
2020-04-02,9873.32984510758
2020-04-03,9873.32984510758
2020-04-06,9873.32984510758
2020-04-07,9873.32984510758
2020-04-08,9873.32984510758
2020-04-09,9873.32984510758
2020-04-10,9873.32984510758
2020-04-13,9873.32984510758
2020-04-14,9873.32984510758
2020-04-15,9873.32984510758
2020-04-16,9873.32984510758
2020-04-17,9873.32984510758
2020-04-20,9873.32984510758
2020-04-21,9873.32984510758
2020-04-22,9873.32984510758
2020-04-23,9873.32984510758
2020-04-24,9873.32984510758
2020-04-27,9873.32984510758
2020-04-28,9873.32984510758
2020-04-29,9873.32984510758
2020-04-30,9873.32984510758
2020-05-01,9873.32984510758
2020-05-04,9873.32984510758
2020-05-05,9873.32984510758
2020-05-06,9873.32984510758
2020-05-07,9873.32984510758
2020-05-08,9873.32984510758
2020-05-11,9873.32984510758
2020-05-12,9873.32984510758
2020-05-13,9873.32984510758
2020-05-14,9873.32984510758
2020-05-15,9873.32984510758
2020-05-18,9873.32984510758
2020-05-19,9873.32984510758
2020-05-20,9873.32984510758
2020-05-21,9873.32984510758
2020-05-22,9873.32984510758
2020-05-25,9873.32984510758
2020-05-26,9873.32984510758
2020-05-27,9873.32984510758
2020-05-28,9873.32984510758
2020-05-29,9873.32984510758
2020-06-01,9873.32984510758
2020-06-02,9873.32984510758
2020-06-03,9873.32984510758
2020-06-04,9873.32984510758
2020-06-05,9873.32984510758
2020-06-08,9873.32984510758
2020-06-09,9873.32984510758
2020-06-10,9873.32984510758
2020-06-11,9873.32984510758
2020-06-12,9873.32984510758
2020-06-15,9873.32984510758
2020-06-16,9873.32984510758
2020-06-17,9873.32984510758
2020-06-18,9873.32984510758
2020-06-19,9873.32984510758
2020-06-22,9873.32984510758
2020-06-23,9873.32984510758
2020-06-24,9873.32984510758
2020-06-25,9873.32984510758
2020-06-26,9873.32984510758
2020-06-29,9868.393180185027
2020-06-30,9887.132468406877
2020-07-01,9877.24021808903
2020-07-02,9890.78914745627
2020-07-03,9878.888950255852
2020-07-06,9887.10764116686
2020-07-07,9944.654929177816
2020-07-08,9911.522246834076
2020-07-09,9967.557867130705
2020-07-10,9922.449865842798
2020-07-13,9941.846114305821
2020-07-14,9972.962465717539
2020-07-15,10030.11835322355
2020-07-16,10035.820239756753
2020-07-17,10013.75319584335
2020-07-20,10058.342834461524
2020-07-21,10072.16387962906
2020-07-22,10138.165843270212
2020-07-23,10168.613865692887
2020-07-24,10192.640258912907
2020-07-27,10242.166354086408
2020-07-28,10344.23821030331
2020-07-29,10299.774641279917
2020-07-30,10355.933269052595
2020-07-31,10434.20062159722
2020-08-03,10354.849802801633
2020-08-04,10338.149094844399
2020-08-05,10383.853972694335
2020-08-06,10434.155617886512
2020-08-07,10437.376624874669
2020-08-10,10354.653550961173
2020-08-11,10315.076811670764
2020-08-12,10313.987247172969
2020-08-13,10364.187531029636
2020-08-14,10384.166763506943
2020-08-17,10415.750618463231
2020-08-18,10436.758613173828
2020-08-19,10499.29378698922
2020-08-20,10407.184137037571
2020-08-21,10433.656942751364
2020-08-24,10366.97188591218
2020-08-25,10363.91378996942
2020-08-26,10399.4238017474
2020-08-27,10406.195722178949
2020-08-28,10385.88076737953
2020-08-31,10472.16856860285
2020-09-01,10490.406642320222
2020-09-02,10476.513477298284
2020-09-03,10409.649182895482
2020-09-04,10402.991689774863
2020-09-07,10398.311772318977
2020-09-08,10387.119211084042
2020-09-09,10341.785144049725
2020-09-10,10373.482715913606
2020-09-11,10389.293932589457
2020-09-14,10405.399020313791
2020-09-15,10429.33309026737
2020-09-16,10406.82620869091
2020-09-17,10370.772877965223
2020-09-18,10410.017898658809
2020-09-21,10407.67461943706
2020-09-22,10339.328335426331
2020-09-23,10286.802595599203
2020-09-24,10242.934967326275
2020-09-25,10255.840609837069
2020-09-28,10222.493445631251
2020-09-29,10260.626042185024
2020-09-30,10316.017341702442
2020-10-01,10301.975834699404
2020-10-02,10318.538386816197
2020-10-05,10296.989392375759
2020-10-06,10360.059801236812
2020-10-07,10311.791956869147
2020-10-08,10337.969018587268
2020-10-09,10337.555335421448
2020-10-12,10381.244350158278
2020-10-13,10380.630632458413
2020-10-14,10315.45915635996
2020-10-15,10317.034097334514
2020-10-16,10284.612768784518
2020-10-19,10291.960741504929
2020-10-20,10338.728902240471
2020-10-21,10392.160693938806
2020-10-22,10413.32748411714
2020-10-23,10379.068074705143
2020-10-26,10408.416493917612
2020-10-27,10374.067023916612
2020-10-28,10351.793266308492
2020-10-29,10320.612114291402
2020-10-30,10258.95703853432
2020-11-02,10226.778270226674
2020-11-03,10227.37409210086
2020-11-04,10331.737866065076
2020-11-05,10305.764018176149
2020-11-06,10380.031277044602
2020-11-09,10446.112460433991
2020-11-10,10388.255144872031
2020-11-11,10380.762914055189
2020-11-12,10346.895436128265
2020-11-13,10367.16095891492
2020-11-16,10403.862708113524
2020-11-17,10416.317036740023
2020-11-18,10420.02391806149
2020-11-19,10405.940198739898
2020-11-20,10422.47329132535
2020-11-23,10422.47329132535
2020-11-24,10401.593461894987
2020-11-25,10452.221578340519
2020-11-26,10469.32627656076
2020-11-27,10465.807718388982
2020-11-30,10514.408069849836
2020-12-01,10485.120344928708
2020-12-02,10604.081373203699
2020-12-03,10639.349276686813
2020-12-04,10666.580537126601
2020-12-07,10645.226035384736
2020-12-08,10638.001927679059
2020-12-09,10636.070184574653
2020-12-10,10607.768861207094
2020-12-11,10665.171685245048
2020-12-14,10655.60395271334
2020-12-15,10669.200796201112
2020-12-16,10673.946384782805
2020-12-17,10713.641066671435
2020-12-18,10768.939446661818
2020-12-21,10727.94846578063
2020-12-22,10746.179928210002
2020-12-23,10701.956175719848
2020-12-24,10706.13024198142
2020-12-25,10700.2578375281
2020-12-28,10718.135832519674
2020-12-29,10734.238031279323
2020-12-30,10760.117586569517
2020-12-31,10801.264998254437
2021-01-01,10695.698641619705
2021-01-04,10757.365283193052
2021-01-05,10758.15661936383
2021-01-06,10800.81403563725
2021-01-07,10836.610752886028
2021-01-08,10775.26656706892
2021-01-11,10700.15869031531
2021-01-12,10677.74162975919
2021-01-13,10719.973785463542
2021-01-14,10679.151820913145
2021-01-15,10669.28520924974
2021-01-18,10596.028736731245
2021-01-19,10604.087199718568
2021-01-20,10658.012941773926
2021-01-21,10637.590727246718
2021-01-22,10681.980160616093
2021-01-25,10684.74820449386
2021-01-26,10664.35351975428
2021-01-27,10679.052001583968
2021-01-28,10628.076847890423
2021-01-29,10641.207207211024
2021-02-01,10644.561157656684
2021-02-02,10596.01845432341
2021-02-03,10569.963078135226
2021-02-04,10572.890083496546
2021-02-05,10506.255432577167
2021-02-08,10578.039043428485
2021-02-09,10582.271612478033
2021-02-10,10640.404053964121
2021-02-11,10641.474635224238
2021-02-12,10650.507881449645
2021-02-15,10642.241006455322
2021-02-16,10651.10693759031
2021-02-17,10616.184546507653
2021-02-18,10577.064452308516
2021-02-19,10615.528412421512
2021-02-22,10645.736774109915
2021-02-23,10681.180501225166
2021-02-24,10668.30980776351
2021-02-25,10685.175993338882
2021-02-26,10675.557181815473
2021-03-01,10613.167337321323
2021-03-02,10579.346719504612
2021-03-03,10609.47772567281
2021-03-04,10578.877833365948
2021-03-05,10505.82858986216
2021-03-08,10468.80300737917
2021-03-09,10403.710661036646
2021-03-10,10444.182711353224
2021-03-11,10468.866229705482
2021-03-12,10521.435693053183
2021-03-15,10489.703241045985
2021-03-16,10468.415293003069
2021-03-17,10447.214373931456
2021-03-18,10518.203098211015
2021-03-19,10461.387905257576
2021-03-22,10430.512000659517
2021-03-23,10474.23280773421
2021-03-24,10392.43621023903
2021-03-25,10368.59128995725
2021-03-26,10336.550411705746
2021-03-29,10346.536906928775
2021-03-30,10331.606653073039
2021-03-31,10289.91680060811
2021-04-01,10294.502806188922
2021-04-02,10339.273218795423
2021-04-05,10328.926403388574
2021-04-06,10373.389368082378
2021-04-07,10421.80735312797
2021-04-08,10421.312451157171
2021-04-09,10458.12765358031
2021-04-12,10444.80220472133
2021-04-13,10457.239158445715
2021-04-14,10491.808309691165
2021-04-15,10519.815002566027
2021-04-16,10507.21360239478
2021-04-19,10505.201449351558
2021-04-20,10571.550437986962
2021-04-21,10560.22405087904
2021-04-22,10564.925852156186
2021-04-23,10544.723537960803
2021-04-26,10610.428252243959
2021-04-27,10603.246677174118
2021-04-28,10610.82067761927
2021-04-29,10650.780927926911
2021-04-30,10643.027785231547
2021-05-03,10555.493403297432
2021-05-04,10584.861503507691
2021-05-05,10544.214138729069
2021-05-06,10532.73541809563
2021-05-07,10532.73541809563
2021-05-10,10532.73541809563
2021-05-11,10532.73541809563
2021-05-12,10532.73541809563
2021-05-13,10532.73541809563
2021-05-14,10532.73541809563
2021-05-17,10532.73541809563
2021-05-18,10527.469050386582
2021-05-19,10585.436750714165
2021-05-20,10541.056139743172
2021-05-21,10586.449226495688
2021-05-24,10549.885745061532
2021-05-25,10577.040877332158
2021-05-26,10606.836666176252
2021-05-27,10557.800227982929
2021-05-28,10558.314278927543
2021-05-31,10555.611486963859
2021-06-01,10592.60560408002
2021-06-02,10579.526155875805
2021-06-03,10572.677033057413
2021-06-04,10505.916600858494
2021-06-07,10536.528097337472
2021-06-08,10558.346309888891
2021-06-09,10540.337277689217
2021-06-10,10548.257620531409
2021-06-11,10540.075140105831
2021-06-14,10485.944085367028
2021-06-15,10496.3610889816
2021-06-16,10500.561323061236
2021-06-17,10386.071743068678
2021-06-18,10314.680279121247
2021-06-21,10280.207773155844
2021-06-22,10313.82954435806
2021-06-23,10334.73741181561
2021-06-24,10331.654053453083
2021-06-25,10329.18909214529
2021-06-28,10339.422504767645
2021-06-29,10327.945325517325
2021-06-30,10304.563395084177
2021-07-01,10265.392003626946
2021-07-02,10256.267335417102
2021-07-05,10264.8971660525
2021-07-06,10271.471557836952
2021-07-07,10237.406638131064
2021-07-08,10210.424345130368
2021-07-09,10257.590859962047
2021-07-12,10279.173547926184
2021-07-13,10272.4629002761
2021-07-14,10194.389117183002
2021-07-15,10244.448961583119
2021-07-16,10225.797699052322
2021-07-19,10227.694387134516
2021-07-20,10210.224818724553
2021-07-21,10201.79899038973
2021-07-22,10209.25470446526
2021-07-23,10186.828349001185
2021-07-26,10186.828349001185
2021-07-27,10186.828349001185
2021-07-28,10186.828349001185
2021-07-29,10186.828349001185
2021-07-30,10186.828349001185
2021-08-02,10186.828349001185
2021-08-03,10186.828349001185
2021-08-04,10186.828349001185
2021-08-05,10186.828349001185
2021-08-06,10186.828349001185
2021-08-09,10186.828349001185
2021-08-10,10186.828349001185
2021-08-11,10186.828349001185
2021-08-12,10186.828349001185
2021-08-13,10186.828349001185
2021-08-16,10186.828349001185
2021-08-17,10186.828349001185
2021-08-18,10186.828349001185
2021-08-19,10186.828349001185
2021-08-20,10186.828349001185
2021-08-23,10186.828349001185
2021-08-24,10186.828349001185
2021-08-25,10186.828349001185
2021-08-26,10186.828349001185
2021-08-27,10186.828349001185
2021-08-30,10186.828349001185
2021-08-31,10186.828349001185
2021-09-01,10186.828349001185
2021-09-02,10186.828349001185
2021-09-03,10186.828349001185
2021-09-06,10186.828349001185
2021-09-07,10186.828349001185
2021-09-08,10186.828349001185
2021-09-09,10186.828349001185
2021-09-10,10186.828349001185
2021-09-13,10186.828349001185
2021-09-14,10186.828349001185
2021-09-15,10186.828349001185
2021-09-16,10186.828349001185
2021-09-17,10186.828349001185
2021-09-20,10186.828349001185
2021-09-21,10186.828349001185
2021-09-22,10186.828349001185
2021-09-23,10186.828349001185
2021-09-24,10186.828349001185
2021-09-27,10186.828349001185
2021-09-28,10186.828349001185
2021-09-29,10186.828349001185
2021-09-30,10186.828349001185
2021-10-01,10186.828349001185
2021-10-04,10186.828349001185
2021-10-05,10186.828349001185
2021-10-06,10186.828349001185
2021-10-07,10186.828349001185
2021-10-08,10186.828349001185
2021-10-11,10186.828349001185
2021-10-12,10186.828349001185
2021-10-13,10186.828349001185
2021-10-14,10186.828349001185
2021-10-15,10186.828349001185
2021-10-18,10186.828349001185
2021-10-19,10186.828349001185
2021-10-20,10186.828349001185
2021-10-21,10186.828349001185
2021-10-22,10186.828349001185
2021-10-25,10186.828349001185
2021-10-26,10186.828349001185
2021-10-27,10186.828349001185
2021-10-28,10186.828349001185
2021-10-29,10186.828349001185
2021-11-01,10186.828349001185
2021-11-02,10186.828349001185
2021-11-03,10186.828349001185
2021-11-04,10186.828349001185
2021-11-05,10186.828349001185
2021-11-08,10186.828349001185
2021-11-09,10186.828349001185
2021-11-10,10186.828349001185
2021-11-11,10186.828349001185
2021-11-12,10186.828349001185
2021-11-15,10186.828349001185
2021-11-16,10186.828349001185
2021-11-17,10186.828349001185
2021-11-18,10186.828349001185
2021-11-19,10186.828349001185
2021-11-22,10186.828349001185
2021-11-23,10186.828349001185
2021-11-24,10186.828349001185
2021-11-25,10186.828349001185
2021-11-26,10186.828349001185
2021-11-29,10186.828349001185
2021-11-30,10186.828349001185
2021-12-01,10186.828349001185
2021-12-02,10186.828349001185
2021-12-03,10186.828349001185
2021-12-06,10186.828349001185
2021-12-07,10186.828349001185
2021-12-08,10186.828349001185
2021-12-09,10186.828349001185
2021-12-10,10186.828349001185
2021-12-13,10186.828349001185
2021-12-14,10186.828349001185
2021-12-15,10186.828349001185
2021-12-16,10186.828349001185
2021-12-17,10186.828349001185
2021-12-20,10186.828349001185
2021-12-21,10186.828349001185
2021-12-22,10186.828349001185
2021-12-23,10186.828349001185
2021-12-24,10186.828349001185
2021-12-27,10186.828349001185
2021-12-28,10186.828349001185
2021-12-29,10186.828349001185
2021-12-30,10186.828349001185
2021-12-31,10186.828349001185
2022-01-03,10186.828349001185
2022-01-04,10186.828349001185
2022-01-05,10186.828349001185
2022-01-06,10186.828349001185
2022-01-07,10186.828349001185
2022-01-10,10186.828349001185
2022-01-11,10186.828349001185
2022-01-12,10186.828349001185
2022-01-13,10186.828349001185
2022-01-14,10186.828349001185
2022-01-17,10186.828349001185
2022-01-18,10186.828349001185
2022-01-19,10186.828349001185
2022-01-20,10186.828349001185
2022-01-21,10186.828349001185
2022-01-24,10186.828349001185
2022-01-25,10186.828349001185
2022-01-26,10186.828349001185
2022-01-27,10186.828349001185
2022-01-28,10186.828349001185
2022-01-31,10186.828349001185
2022-02-01,10186.828349001185
2022-02-02,10186.828349001185
2022-02-03,10186.828349001185
2022-02-04,10186.828349001185
2022-02-07,10186.828349001185
2022-02-08,10186.828349001185
2022-02-09,10186.828349001185
2022-02-10,10186.828349001185
2022-02-11,10186.828349001185
2022-02-14,10186.828349001185
2022-02-15,10186.828349001185
2022-02-16,10186.828349001185
2022-02-17,10186.828349001185
2022-02-18,10186.828349001185
2022-02-21,10186.828349001185
2022-02-22,10186.828349001185
2022-02-23,10186.828349001185
2022-02-24,10186.828349001185
2022-02-25,10186.828349001185
2022-02-28,10186.828349001185
2022-03-01,10186.828349001185
2022-03-02,10186.828349001185
2022-03-03,10186.828349001185
2022-03-04,10186.828349001185
2022-03-07,10186.828349001185
2022-03-08,10186.828349001185
2022-03-09,10186.828349001185
2022-03-10,10186.828349001185
2022-03-11,10186.828349001185
2022-03-14,10186.828349001185
2022-03-15,10186.828349001185
2022-03-16,10186.828349001185
2022-03-17,10186.828349001185
2022-03-18,10186.828349001185
2022-03-21,10186.828349001185
2022-03-22,10186.828349001185
2022-03-23,10186.828349001185
2022-03-24,10186.828349001185
2022-03-25,10186.828349001185
2022-03-28,10186.828349001185
2022-03-29,10186.828349001185
2022-03-30,10186.828349001185
2022-03-31,10186.828349001185
2022-04-01,10186.828349001185
2022-04-04,10186.828349001185
2022-04-05,10186.828349001185
2022-04-06,10186.828349001185
2022-04-07,10186.828349001185
2022-04-08,10186.828349001185
2022-04-11,10186.828349001185
2022-04-12,10186.828349001185
2022-04-13,10186.828349001185
2022-04-14,10186.828349001185
2022-04-15,10186.828349001185
2022-04-18,10186.828349001185
2022-04-19,10186.828349001185
2022-04-20,10186.828349001185
2022-04-21,10186.828349001185
2022-04-22,10186.828349001185
2022-04-25,10186.828349001185
2022-04-26,10186.828349001185
2022-04-27,10186.828349001185
2022-04-28,10186.828349001185
2022-04-29,10186.828349001185
2022-05-02,10186.828349001185
2022-05-03,10186.828349001185
2022-05-04,10186.828349001185
2022-05-05,10186.828349001185
2022-05-06,10186.828349001185
2022-05-09,10186.828349001185
2022-05-10,10186.828349001185
2022-05-11,10186.828349001185
2022-05-12,10186.828349001185
2022-05-13,10186.828349001185
2022-05-16,10186.828349001185
2022-05-17,10186.828349001185
2022-05-18,10186.828349001185
2022-05-19,10186.828349001185
2022-05-20,10186.828349001185
2022-05-23,10186.828349001185
2022-05-24,10186.828349001185
2022-05-25,10186.828349001185
2022-05-26,10186.828349001185
2022-05-27,10186.828349001185
2022-05-30,10186.828349001185
2022-05-31,10186.828349001185
2022-06-01,10186.828349001185
2022-06-02,10186.828349001185
2022-06-03,10186.828349001185
2022-06-06,10186.828349001185
2022-06-07,10186.828349001185
2022-06-08,10186.828349001185
2022-06-09,10186.828349001185
2022-06-10,10186.828349001185
2022-06-13,10186.828349001185
2022-06-14,10186.828349001185
2022-06-15,10186.828349001185
2022-06-16,10186.828349001185
2022-06-17,10186.828349001185
2022-06-20,10186.828349001185
2022-06-21,10186.828349001185
2022-06-22,10186.828349001185
2022-06-23,10186.828349001185
2022-06-24,10186.828349001185
2022-06-27,10186.828349001185
2022-06-28,10186.828349001185
2022-06-29,10186.828349001185
2022-06-30,10186.828349001185
2022-07-01,10186.828349001185
2022-07-04,10186.828349001185
2022-07-05,10186.828349001185
2022-07-06,10186.828349001185
2022-07-07,10186.828349001185
2022-07-08,10186.828349001185
2022-07-11,10186.828349001185
2022-07-12,10186.828349001185
2022-07-13,10186.828349001185
2022-07-14,10186.828349001185
2022-07-15,10186.828349001185
2022-07-18,10186.828349001185
2022-07-19,10186.828349001185
2022-07-20,10186.828349001185
2022-07-21,10186.828349001185
2022-07-22,10186.828349001185
2022-07-25,10186.828349001185
2022-07-26,10186.828349001185
2022-07-27,10186.828349001185
2022-07-28,10186.828349001185
2022-07-29,10186.828349001185
2022-08-01,10186.828349001185
2022-08-02,10186.828349001185
2022-08-03,10186.828349001185
2022-08-04,10186.828349001185
2022-08-05,10186.828349001185
2022-08-08,10186.828349001185
2022-08-09,10186.828349001185
2022-08-10,10186.828349001185
2022-08-11,10186.828349001185
2022-08-12,10186.828349001185
2022-08-15,10186.828349001185
2022-08-16,10186.828349001185
2022-08-17,10186.828349001185
2022-08-18,10186.828349001185
2022-08-19,10186.828349001185
2022-08-22,10186.828349001185
2022-08-23,10186.828349001185
2022-08-24,10186.828349001185
2022-08-25,10186.828349001185
2022-08-26,10186.828349001185
2022-08-29,10186.828349001185
2022-08-30,10186.828349001185
2022-08-31,10186.828349001185
2022-09-01,10186.828349001185
2022-09-02,10186.828349001185
2022-09-05,10186.828349001185
2022-09-06,10186.828349001185
2022-09-07,10186.828349001185
2022-09-08,10186.828349001185
2022-09-09,10186.828349001185
2022-09-12,10186.828349001185
2022-09-13,10186.828349001185
2022-09-14,10186.828349001185
2022-09-15,10186.828349001185
2022-09-16,10186.828349001185
2022-09-19,10186.828349001185
2022-09-20,10186.828349001185
2022-09-21,10186.828349001185
2022-09-22,10186.828349001185
2022-09-23,10186.828349001185
2022-09-26,10186.828349001185
2022-09-27,10186.828349001185
2022-09-28,10186.828349001185
2022-09-29,10186.828349001185
2022-09-30,10186.828349001185
2022-10-03,10186.828349001185
2022-10-04,10186.828349001185
2022-10-05,10186.828349001185
2022-10-06,10186.828349001185
2022-10-07,10186.828349001185
2022-10-10,10186.828349001185
2022-10-11,10186.828349001185
2022-10-12,10186.828349001185
2022-10-13,10186.828349001185
2022-10-14,10186.828349001185
2022-10-17,10186.828349001185
2022-10-18,10186.828349001185
2022-10-19,10186.828349001185
2022-10-20,10186.828349001185
2022-10-21,10186.828349001185
2022-10-24,10186.828349001185
2022-10-25,10186.828349001185
2022-10-26,10186.828349001185
2022-10-27,10186.828349001185
2022-10-28,10186.828349001185
2022-10-31,10186.828349001185
2022-11-01,10186.828349001185
2022-11-02,10186.828349001185
2022-11-03,10186.828349001185
2022-11-04,10186.828349001185
2022-11-07,10186.828349001185
2022-11-08,10186.828349001185
2022-11-09,10186.828349001185
2022-11-10,10186.828349001185
2022-11-11,10186.828349001185
2022-11-14,10186.828349001185
2022-11-15,10186.828349001185
2022-11-16,10186.828349001185
2022-11-17,10186.828349001185
2022-11-18,10186.828349001185
2022-11-21,10186.828349001185
2022-11-22,10186.828349001185
2022-11-23,10186.828349001185
2022-11-24,10186.828349001185
2022-11-25,10186.828349001185
2022-11-28,10186.828349001185
2022-11-29,10186.828349001185
2022-11-30,10186.828349001185
2022-12-01,10186.828349001185
2022-12-02,10186.828349001185
2022-12-05,10186.828349001185
2022-12-06,10186.828349001185
2022-12-07,10186.828349001185
2022-12-08,10186.828349001185
2022-12-09,10186.828349001185
2022-12-12,10186.828349001185
2022-12-13,10186.828349001185
2022-12-14,10186.828349001185
2022-12-15,10186.828349001185
2022-12-16,10186.828349001185
2022-12-19,10186.828349001185
2022-12-20,10186.828349001185
2022-12-21,10186.828349001185
2022-12-22,10186.828349001185
2022-12-23,10186.828349001185
2022-12-26,10186.828349001185
2022-12-27,10186.828349001185
2022-12-28,10186.828349001185
2022-12-29,10186.828349001185
2022-12-30,10181.734934826685
2023-01-02,10228.407666605519
2023-01-03,10197.781299471726
2023-01-04,10072.031313876292
2023-01-05,10128.702865040368
2023-01-06,10048.024566875805
2023-01-09,10175.277448894609
2023-01-10,10248.404624421913
2023-01-11,10253.90545021483
2023-01-12,10279.705553505653
2023-01-13,10369.295825796535
2023-01-16,10335.230406002107
2023-01-17,10340.48981634747
2023-01-18,10305.273276591377
2023-01-19,10309.612284226507
2023-01-20,10343.955691597697
2023-01-23,10373.696901553258
2023-01-24,10382.491301236132
2023-01-25,10395.709663928747
2023-01-26,10428.018951244636
2023-01-27,10401.627778162481
2023-01-30,10379.667540546328
2023-01-31,10359.826279014113
2023-02-01,10369.611009952809
2023-02-02,10513.638957835963
2023-02-03,10410.28887027594
2023-02-06,10300.634958829147
2023-02-07,10243.107833991891
2023-02-08,10242.118935063805
2023-02-09,10228.82967031864
2023-02-10,10254.071648428067
2023-02-13,10192.24253413004
2023-02-14,10242.427320442355
2023-02-15,10247.48508407273
2023-02-16,10205.436213614872
2023-02-17,10180.587908716514
2023-02-20,10198.41063131231
2023-02-21,10196.668411627834
2023-02-22,10167.408380200739
2023-02-23,10123.208994496257
2023-02-24,10115.803439379244
2023-02-27,10074.398974054313
2023-02-28,10128.133248027765
2023-03-01,10095.728598636391
2023-03-02,10182.813669023935
2023-03-03,10116.541519879245
2023-03-06,10141.772655463808
2023-03-07,10200.894844188633
2023-03-08,10068.73722058757
2023-03-09,10067.568804724857
2023-03-10,10101.079939616964
2023-03-13,10195.067662432704
2023-03-14,10234.464221008306
2023-03-15,10236.98931110275
2023-03-16,10098.352130751626
2023-03-17,10127.678800238622
2023-03-20,10189.246163936461
2023-03-21,10227.619196076945
2023-03-22,10280.047468318526
2023-03-23,10371.385473698285
2023-03-24,10337.617786518384
2023-03-27,10283.21353365714
2023-03-28,10310.736880572971
2023-03-29,10341.648994254461
2023-03-30,10345.57320545394
2023-03-31,10403.622444762732
2023-04-03,10306.51200518312
2023-04-04,10409.911991219507
2023-04-05,10455.44978175989
2023-04-06,10401.15886449495
2023-04-07,10417.161563940967
2023-04-10,10410.907435620942
2023-04-11,10368.61269654758
2023-04-12,10414.470142920993
2023-04-13,10492.762370697383
2023-04-14,10544.82968837998
2023-04-17,10479.752050539615
2023-04-18,10421.196503160945
2023-04-19,10468.78252524748
2023-04-20,10446.630615445521
2023-04-21,10464.494557546835
2023-04-24,10484.83391411115
2023-04-25,10548.76323722052
2023-04-26,10471.118456217164
2023-04-27,10536.6175765556
2023-04-28,10522.07798025686
2023-05-01,10501.898728286631
2023-05-02,10462.080032546917
2023-05-03,10501.747752870522
2023-05-04,10556.93420310704
2023-05-05,10512.972334811317
2023-05-08,10508.917214392117
2023-05-09,10487.401299390514
2023-05-10,10457.345317716565
2023-05-11,10475.822381741253
2023-05-12,10407.007904594828
2023-05-15,10350.156369589035
2023-05-16,10370.169052097872
2023-05-17,10362.504717417884
2023-05-18,10336.415523612064
2023-05-19,10276.206086775097
2023-05-22,10321.262384443797
2023-05-23,10310.09810660394
2023-05-24,10270.604374923014
2023-05-25,10258.775493760546
2023-05-26,10227.372121595878
2023-05-29,10226.055575086239
2023-05-30,10211.371832309727
2023-05-31,10235.565792200074
2023-06-01,10199.375496147279
2023-06-02,10261.744139366767
2023-06-05,10202.287676071304
2023-06-06,10214.84714572814
2023-06-07,10201.725869698801
2023-06-08,10210.678687263295
2023-06-09,10282.212207734045
2023-06-12,10251.878561899239
2023-06-13,10263.347677071974
2023-06-14,10288.453972886147
2023-06-15,10339.531877594904
2023-06-16,10437.192261645936
2023-06-19,10433.537177261647
2023-06-20,10416.540120316864
2023-06-21,10412.786113051285
2023-06-22,10481.467168637357
2023-06-23,10449.254806079372
2023-06-26,10399.332106679532
2023-06-27,10402.96304077768
2023-06-28,10447.436668859129
2023-06-29,10407.902695676605
2023-06-30,10362.218336382939
2023-07-03,10399.787898853316
2023-07-04,10405.120613941186
2023-07-05,10378.243895705802
2023-07-06,10351.16661516253
2023-07-07,10383.582674219244
2023-07-10,10458.715031257325
2023-07-11,10493.191413809125
2023-07-12,10500.930770556834
2023-07-13,10624.601239951833
2023-07-14,10699.57874763901
2023-07-17,10703.663498965803
2023-07-18,10713.0407690299
2023-07-19,10704.73807540167
2023-07-20,10682.162626969252
2023-07-21,10617.008558421832
2023-07-24,10605.780440806664
2023-07-25,10546.361211660525
2023-07-26,10534.234482975124
2023-07-27,10560.808705227706
2023-07-28,10465.420437814697
2023-07-31,10508.711091760879
2023-08-01,10483.254579412827
2023-08-02,10493.058888615673
2023-08-03,10432.133594787503
2023-08-04,10439.215017450968
2023-08-07,10487.802217135628
2023-08-08,10488.26354832891
2023-08-09,10445.995302492778
2023-08-10,10463.868765189834
2023-08-11,10467.659904099002
2023-08-14,10432.08567396981
2023-08-15,10399.141490371409
2023-08-16,10393.697258095825
2023-08-17,10365.741164525401
2023-08-18,10365.516178405973
2023-08-21,10366.418346417928
2023-08-22,10388.087291351176
2023-08-23,10338.729580091433
2023-08-24,10356.913150377202
2023-08-25,10293.188984769144
2023-08-28,10291.520845616396
2023-08-29,10318.33642606822
2023-08-30,10359.861814694057
2023-08-31,10420.054481469118
2023-09-01,10335.41507604154
2023-09-04,10270.169361901535
2023-09-05,10287.890500804806
2023-09-06,10222.577780917569
2023-09-07,10220.713229350538
2023-09-08,10195.535246882117
2023-09-11,10214.858261550431
2023-09-12,10245.560021352885
2023-09-13,10248.314728942558
2023-09-14,10230.146932284302
2023-09-15,10137.229614232881
2023-09-18,10166.818390168295
2023-09-19,10190.056066790263
2023-09-20,10179.927623350788
2023-09-21,10152.236087563388
2023-09-22,10160.349943570014
2023-09-25,10147.900269931579
2023-09-26,10093.583667237586
2023-09-27,10072.438088555902
2023-09-28,10011.092180041525
2023-09-29,10065.401602430014
2023-10-02,10063.026779497137
2023-10-03,10063.026779497137
2023-10-04,10063.026779497137
2023-10-05,10063.026779497137
2023-10-06,10063.026779497137
2023-10-09,10063.026779497137
2023-10-10,10063.026779497137
2023-10-11,10063.026779497137
2023-10-12,10063.026779497137
2023-10-13,10063.026779497137
2023-10-16,10063.026779497137
2023-10-17,10063.026779497137
2023-10-18,10063.026779497137
2023-10-19,10063.026779497137
2023-10-20,10063.026779497137
2023-10-23,10063.026779497137
2023-10-24,10063.026779497137
2023-10-25,10063.026779497137
2023-10-26,10063.026779497137
2023-10-27,10063.026779497137
2023-10-30,10063.026779497137
2023-10-31,10063.026779497137
2023-11-01,10063.026779497137
2023-11-02,10063.026779497137
2023-11-03,10063.026779497137
2023-11-06,10063.026779497137
2023-11-07,10063.026779497137
2023-11-08,10063.026779497137
2023-11-09,10063.026779497137
2023-11-10,10063.026779497137
2023-11-13,10063.026779497137
2023-11-14,10063.026779497137
2023-11-15,10063.026779497137
2023-11-16,10063.026779497137
2023-11-17,10063.026779497137
2023-11-20,10063.026779497137
2023-11-21,10063.026779497137
2023-11-22,10063.026779497137
2023-11-23,10063.026779497137
2023-11-24,10063.026779497137
2023-11-27,10063.026779497137
2023-11-28,10063.026779497137
2023-11-29,10063.026779497137
2023-11-30,10063.026779497137
2023-12-01,10063.026779497137
2023-12-04,10063.026779497137
2023-12-05,10063.026779497137
2023-12-06,10063.026779497137
2023-12-07,10063.026779497137
2023-12-08,10063.026779497137
2023-12-11,10063.026779497137
2023-12-12,10063.026779497137
2023-12-13,10063.026779497137
2023-12-14,10063.026779497137
2023-12-15,10063.026779497137
2023-12-18,10063.026779497137
2023-12-19,10063.026779497137
2023-12-20,10063.026779497137
2023-12-21,10063.026779497137
2023-12-22,10063.026779497137
2023-12-25,10063.026779497137
2023-12-26,10063.026779497137
2023-12-27,10063.026779497137
2023-12-28,10063.026779497137
2023-12-29,10063.026779497137
2024-01-01,10063.026779497137
2024-01-02,10063.026779497137
2024-01-03,10063.026779497137
2024-01-04,10057.99526610739
2024-01-05,10076.036970314035
2024-01-08,10071.294814362796
2024-01-09,10080.00398356741
2024-01-10,10062.246490071471
2024-01-11,10101.48499749153
2024-01-12,10107.47282889779
2024-01-15,10074.33914893236
2024-01-16,10074.33914893236
2024-01-17,10012.558108104315
2024-01-18,10018.985470596353
2024-01-19,10012.880046041524
2024-01-22,10024.978920660988
2024-01-23,10013.847434787791
2024-01-24,9993.276330629416
2024-01-25,10015.218612696866
2024-01-26,9983.229111412076
2024-01-29,9979.980991898725
2024-01-30,9971.65117604474
2024-01-31,9979.865510712614
2024-02-01,9943.46351162229
2024-02-02,10008.34643292981
2024-02-05,9920.89743396896
2024-02-06,9885.667875938907
2024-02-07,9899.801306976331
2024-02-08,9916.85494357705
2024-02-09,9918.243744528367
2024-02-12,9937.502852984539
2024-02-13,9913.602904739853
2024-02-14,9855.146821340028
2024-02-15,9876.488775638192
2024-02-16,9914.82634614814
2024-02-19,9924.980839019694
2024-02-20,9916.206124878378
2024-02-21,9950.887558355415
2024-02-22,9957.56076655867
2024-02-23,9962.410664458499
2024-02-26,9957.234616812362
2024-02-27,9985.61057992108
2024-02-28,9979.97794633354
2024-02-29,9974.45946740832
2024-03-01,9943.263923245006
2024-03-04,9977.918736057167
2024-03-05,9989.393502186267
2024-03-06,9990.15260773379
2024-03-07,10030.143127288671
2024-03-08,10076.604365157373
2024-03-11,10069.986218375503
2024-03-12,10059.302410562965
2024-03-13,10056.004307014122
2024-03-14,10081.310795879777
2024-03-15,10014.932173636578
2024-03-18,10014.168656023676
2024-03-19,10006.216882381585
2024-03-20,9996.42825720163
2024-03-21,10064.20434347942
2024-03-22,9995.094008228785
2024-03-25,9944.520284480273
2024-03-26,9972.718865710787
2024-03-27,9967.316287658796
2024-03-28,9949.84059171836
2024-03-29,9927.450410512116
2024-04-01,9927.450410512116
2024-04-02,9927.450410512116
2024-04-03,9927.450410512116
2024-04-04,9927.450410512116
2024-04-05,9927.450410512116
2024-04-08,9927.450410512116
2024-04-09,9927.450410512116
2024-04-10,9927.450410512116
2024-04-11,9927.450410512116
2024-04-12,9927.450410512116
2024-04-15,9927.450410512116
2024-04-16,9927.450410512116
2024-04-17,9927.450410512116
2024-04-18,9927.450410512116
2024-04-19,9927.450410512116
2024-04-22,9927.450410512116
2024-04-23,9927.450410512116
2024-04-24,9927.450410512116
2024-04-25,9927.450410512116
2024-04-26,9927.450410512116
2024-04-29,9927.450410512116
2024-04-30,9927.450410512116
2024-05-01,9927.450410512116
2024-05-02,9927.450410512116
2024-05-03,9927.450410512116
2024-05-06,9927.450410512116
2024-05-07,9927.450410512116
2024-05-08,9927.450410512116
2024-05-09,9927.450410512116
2024-05-10,9927.450410512116
2024-05-13,9927.450410512116
2024-05-14,9927.450410512116
2024-05-15,9927.450410512116
2024-05-16,9927.450410512116
2024-05-17,9927.450410512116
2024-05-20,9927.450410512116
2024-05-21,9927.450410512116
2024-05-22,9927.450410512116
2024-05-23,9927.450410512116
2024-05-24,9927.450410512116
2024-05-27,9927.450410512116
2024-05-28,9927.450410512116
2024-05-29,9927.450410512116
2024-05-30,9927.450410512116
2024-05-31,9927.450410512116
2024-06-03,9927.450410512116
2024-06-04,9927.450410512116
2024-06-05,9927.450410512116
2024-06-06,9927.450410512116
2024-06-07,9927.450410512116
2024-06-10,9927.450410512116
2024-06-11,9927.450410512116
2024-06-12,9927.450410512116
2024-06-13,9927.450410512116
2024-06-14,9927.450410512116
2024-06-17,9927.450410512116
2024-06-18,9927.450410512116
2024-06-19,9927.450410512116
2024-06-20,9927.450410512116
2024-06-21,9927.450410512116
2024-06-24,9927.450410512116
2024-06-25,9927.450410512116
2024-06-26,9927.450410512116
2024-06-27,9927.450410512116
2024-06-28,9927.450410512116
2024-07-01,9927.450410512116
2024-07-02,9927.450410512116
2024-07-03,9927.450410512116
2024-07-04,9927.450410512116
2024-07-05,9927.450410512116
2024-07-08,9927.450410512116
2024-07-09,9927.450410512116
2024-07-10,9927.450410512116
2024-07-11,9927.450410512116
2024-07-12,9927.450410512116
2024-07-15,9927.450410512116
2024-07-16,9927.450410512116
2024-07-17,9927.450410512116
2024-07-18,9927.450410512116
2024-07-19,9927.450410512116
2024-07-22,9927.450410512116
2024-07-23,9927.450410512116
2024-07-24,9927.450410512116
2024-07-25,9927.450410512116
2024-07-26,9927.450410512116
2024-07-29,9927.450410512116
2024-07-30,9927.450410512116
2024-07-31,9927.450410512116
2024-08-01,9927.450410512116
2024-08-02,9927.450410512116
2024-08-05,9927.450410512116
2024-08-06,9927.450410512116
2024-08-07,9927.450410512116
2024-08-08,9927.450410512116
2024-08-09,9927.450410512116
2024-08-12,9927.450410512116
2024-08-13,9927.450410512116
2024-08-14,9927.450410512116
2024-08-15,9927.450410512116
2024-08-16,9927.450410512116
2024-08-19,9927.450410512116
2024-08-20,9927.450410512116
2024-08-21,9922.48668530686
2024-08-22,9946.918447867558
2024-08-23,9912.800787412863
2024-08-26,9975.704877366836
2024-08-27,9954.966874025138
2024-08-28,9966.756237485193
2024-08-29,9919.408638902207
2024-08-30,9879.650536125378
2024-09-02,9847.846200424394
2024-09-03,9867.98877388614
2024-09-04,9851.402160986765
2024-09-05,9879.52444672848
2024-09-06,9906.821059691287
2024-09-09,9885.489360757425
2024-09-10,9841.089857074201
2024-09-11,9826.328235475848
2024-09-12,9817.343922940716
2024-09-13,9876.869910718215
2024-09-16,9886.284418760388
2024-09-17,9922.856378540395
2024-09-18,9917.115357880597
2024-09-19,9909.727964855469
2024-09-20,9951.671367770532
2024-09-23,9950.67119023238
2024-09-24,9906.78897926758
2024-09-25,9977.38259528041
2024-09-26,9923.596374883162
2024-09-27,9964.66114080899
2024-09-30,9958.093166879093
2024-10-01,9928.439153399588
2024-10-02,9863.415926212383
2024-10-03,9849.6756964956
2024-10-04,9838.146683078521
2024-10-07,9783.58000154477
2024-10-08,9784.653296641627
2024-10-09,9784.653296641627
2024-10-10,9755.700084873171
2024-10-11,9747.269057063957
2024-10-14,9739.705921876042
2024-10-15,9725.24430631606
2024-10-16,9702.884495112567
2024-10-17,9683.578043324238
2024-10-18,9654.169548076765
2024-10-21,9688.942493376766
2024-10-22,9643.557758630182
2024-10-23,9625.214204410473
2024-10-24,9610.260112262842
2024-10-25,9649.086602189827
2024-10-28,9624.469063910836
2024-10-29,9642.462473634272
2024-10-30,9645.904924661865
2024-10-31,9680.201210844001
2024-11-01,9704.197300730404
2024-11-04,9693.85099862581
2024-11-05,9693.4291118639
2024-11-06,9747.124238098353
2024-11-07,9565.928873816067
2024-11-08,9621.119365994096
2024-11-11,9549.308106793353
2024-11-12,9504.189310785843
2024-11-13,9461.613926481261
2024-11-14,9414.619371696386
2024-11-15,9384.234167481252
2024-11-18,9387.496148416612
2024-11-19,9441.84252126826
2024-11-20,9453.15301561255
2024-11-21,9398.261445989896
2024-11-22,9329.529324131685
2024-11-25,9338.910098113294
2024-11-26,9307.155854908562
2024-11-27,9344.200725595925
2024-11-28,9344.200725595925
2024-11-29,9344.200725595925
2024-12-02,9344.200725595925
2024-12-03,9344.200725595925
2024-12-04,9344.200725595925
2024-12-05,9344.200725595925
2024-12-06,9344.200725595925
2024-12-09,9344.200725595925
2024-12-10,9344.200725595925
2024-12-11,9344.200725595925
2024-12-12,9344.200725595925
2024-12-13,9344.200725595925
2024-12-16,9344.200725595925
2024-12-17,9344.200725595925
2024-12-18,9344.200725595925
2024-12-19,9344.200725595925
2024-12-20,9344.200725595925
2024-12-23,9344.200725595925
2024-12-24,9344.200725595925
2024-12-25,9344.200725595925
2024-12-26,9344.200725595925
2024-12-27,9344.200725595925
2024-12-30,9344.200725595925
2024-12-31,9344.200725595925
