Date,prev_signal,new_signal,trade_cost,equity_before,equity_after
2001-02-06,0,1,0.0005,10000.0,9965.496646518697
2001-02-07,1,0,0.0005,9965.496646518697,9960.513898195439
2001-02-13,0,1,0.0005,9960.513898195439,9873.777501730176
2001-02-14,1,0,0.0005,9873.777501730176,9868.840612979311
2001-02-16,0,1,0.0005,9868.840612979311,9643.869553770528
2001-02-20,1,0,0.0005,9643.869553770528,9639.047618993643
2001-05-18,0,1,0.0005,9639.047618993643,9678.166955559229
2001-05-23,1,0,0.0005,9806.91905483825,9802.015595310831
2001-05-25,0,1,0.0005,9802.015595310831,9680.731331329793
2001-05-29,1,0,0.0005,9680.731331329793,9675.890965664128
2001-06-01,0,1,0.0005,9675.890965664128,9730.785712514673
2001-06-07,1,0,0.0005,9806.480165902825,9801.576925819874
2001-06-08,0,1,0.0005,9801.576925819874,9705.26155962641
2001-06-11,1,0,0.0005,9705.26155962641,9700.408928846597
2001-06-18,0,1,0.0005,9700.408928846597,9648.472631255603
2001-06-19,1,0,0.0005,9648.472631255603,9643.648394939975
2001-06-20,0,1,0.0005,9643.648394939975,9689.366280389633
2001-06-25,1,0,0.0005,9721.6882440999,9716.82739997785
2001-06-29,0,1,0.0005,9716.82739997785,9747.701922876442
2001-07-05,1,0,0.0005,9866.208687765757,9861.275583421875
2001-07-10,0,1,0.0005,9861.275583421875,9736.995590700122
2001-07-11,1,0,0.0005,9736.995590700122,9732.127092904773
2001-08-10,0,1,0.0005,9732.127092904773,9760.767940421616
2001-08-15,1,0,0.0005,9759.132173668337,9754.252607581502
2001-08-17,0,1,0.0005,9754.252607581502,9591.9090727863
2001-08-20,1,0,0.0005,9591.9090727863,9587.113118249908
2001-08-21,0,1,0.0005,9587.113118249908,9417.364592604323
2001-08-22,1,0,0.0005,9417.364592604323,9412.655910308022
2001-08-23,0,1,0.0005,9412.655910308022,9374.104145748941
2001-08-24,1,0,0.0005,9374.104145748941,9369.417093676067
2001-08-27,0,1,0.0005,9369.417093676067,9308.673769888232
2001-08-28,1,0,0.0005,9308.673769888232,9304.019433003288
2002-01-04,0,1,0.0005,9304.019433003288,9361.27637894244
2002-01-08,1,0,0.0005,9294.982046983609,9290.334555960117
2002-01-11,0,1,0.0005,9290.334555960117,9193.999919688795
2002-01-14,1,0,0.0005,9193.999919688795,9189.402919728951
2002-01-16,0,1,0.0005,9189.402919728951,8996.95546791345
2002-01-17,1,0,0.0005,8996.95546791345,8992.456990179495
2002-01-18,0,1,0.0005,8992.456990179495,8946.724787133999
2002-01-22,1,0,0.0005,8946.724787133999,8942.251424740432
2002-01-24,0,1,0.0005,8942.251424740432,8965.367991365623
2002-01-28,1,0,0.0005,8963.006708406057,8958.525205051856
2002-03-22,0,1,0.0005,8958.525205051856,8934.595924893636
2002-03-25,1,0,0.0005,8934.595924893636,8930.12862693119
2002-03-27,0,1,0.0005,8930.12862693119,8949.074294774211
2002-04-01,1,0,0.0005,8945.168650012325,8940.69606568732
2002-04-02,0,1,0.0005,8940.69606568732,8886.927835027309
2002-04-03,1,0,0.0005,8886.927835027309,8882.484371109796
2002-04-08,0,1,0.0005,8882.484371109796,8896.935800658204
2002-04-10,1,0,0.0005,8834.481931776683,8830.064690810796
2002-04-11,0,1,0.0005,8830.064690810796,8603.30890378132
2002-04-12,1,0,0.0005,8603.30890378132,8599.00724932943
2002-04-15,0,1,0.0005,8599.00724932943,8528.861835727183
2002-04-16,1,0,0.0005,8528.861835727183,8524.59740480932
2002-04-17,0,1,0.0005,8524.59740480932,8502.243386166447
2002-04-18,1,0,0.0005,8502.243386166447,8497.992264473363
2002-04-22,0,1,0.0005,8497.992264473363,8351.018125555118
2002-04-23,1,0,0.0005,8351.018125555118,8346.84261649234
2003-05-16,0,1,0.0005,8346.84261649234,8321.577606476965
2003-05-19,1,0,0.0005,8321.577606476965,8317.416817673728
2003-05-22,0,1,0.0005,8317.416817673728,8395.435660268193
2003-05-30,1,0,0.0005,8560.073441667959,8555.793404947126
2003-06-02,0,1,0.0005,8555.793404947126,8586.745354301856
2003-06-09,1,0,0.0005,8754.077176453617,8749.70013786539
2003-06-11,0,1,0.0005,8749.70013786539,8837.408537005558
2003-06-16,1,0,0.0005,8771.675546365364,8767.289708592181
2003-06-17,0,1,0.0005,8767.289708592181,8762.906063737886
2003-06-18,1,0,0.0005,8762.906063737886,8758.524610706017
2003-06-25,0,1,0.0005,8758.524610706017,8665.68739986321
2003-06-26,1,0,0.0005,8665.68739986321,8661.35455616328
2003-06-27,0,1,0.0005,8661.35455616328,8556.50576477004
2003-06-30,1,0,0.0005,8556.50576477004,8552.227511887655
2003-07-02,0,1,0.0005,8552.227511887655,8654.910393551507
2003-07-07,1,0,0.0005,8565.096347224202,8560.813799050591
2003-07-08,0,1,0.0005,8560.813799050591,8594.702961338327
2003-07-10,1,0,0.0005,8546.130979868018,8541.857914378084
2003-07-14,0,1,0.0005,8541.857914378084,8579.245720011253
2003-07-16,1,0,0.0005,8560.490891265714,8556.210645820081
2003-07-21,0,1,0.0005,8556.210645820081,8445.518496185268
2003-07-22,1,0,0.0005,8445.518496185268,8441.295736937176
2003-07-23,0,1,0.0005,8441.295736937176,8443.030462167077
2003-07-25,1,0,0.0005,8378.982263713031,8374.792772581175
2003-07-28,0,1,0.0005,8374.792772581175,8339.63315618685
2003-07-29,1,0,0.0005,8339.63315618685,8335.463339608757
2003-08-01,0,1,0.0005,8335.463339608757,8257.162823360262
2003-08-04,1,0,0.0005,8257.162823360262,8253.034241948582
2003-08-07,0,1,0.0005,8253.034241948582,8335.255940098143
2003-08-14,1,0,0.0005,8423.164366319774,8418.952784136614
2003-08-15,0,1,0.0005,8418.952784136614,8440.989010298592
2003-08-21,1,0,0.0005,8510.868307337498,8506.612873183829
2003-08-22,0,1,0.0005,8506.612873183829,8417.526434593821
2003-08-25,1,0,0.0005,8417.526434593821,8413.317671376524
2003-08-26,0,1,0.0005,8413.317671376524,8424.249987357474
2003-09-08,1,0,0.0005,8651.754558372504,8647.428681093319
2003-09-09,0,1,0.0005,8647.428681093319,8586.204632852186
2003-09-10,1,0,0.0005,8586.204632852186,8581.91153053576
2003-09-12,0,1,0.0005,8581.91153053576,8593.551438563321
2003-09-16,1,0,0.0005,8563.302346004537,8559.020694831535
2003-09-17,0,1,0.0005,8559.020694831535,8538.202771623295
2003-09-18,1,0,0.0005,8538.202771623295,8533.933670237484
2003-09-19,0,1,0.0005,8533.933670237484,8486.147346857746
2003-09-22,1,0,0.0005,8486.147346857746,8481.904273184318
2003-09-24,0,1,0.0005,8481.904273184318,8325.517837678484
2003-09-25,1,0,0.0005,8325.517837678484,8321.355078759645
2003-09-30,0,1,0.0005,8321.355078759645,8236.002695769283
2003-10-01,1,0,0.0005,8236.002695769283,8231.884694421398
2003-10-02,0,1,0.0005,8231.884694421398,8257.55136359151
2003-10-09,1,0,0.0005,8381.958749630368,8377.767770255554
2003-10-10,0,1,0.0005,8377.767770255554,8396.846050231774
2003-10-16,1,0,0.0005,8430.449287922722,8426.234063278762
2003-10-17,0,1,0.0005,8426.234063278762,8329.58846781447
2003-10-20,1,0,0.0005,8329.58846781447,8325.423673580564
2003-10-21,0,1,0.0005,8325.423673580564,8306.982898524053
2003-10-22,1,0,0.0005,8306.982898524053,8302.82940707479
2003-10-27,0,1,0.0005,8302.82940707479,8302.685471702696
2003-11-03,1,0,0.0005,8435.691866991921,8431.474021058426
2003-11-04,0,1,0.0005,8431.474021058426,8408.94053307907
2003-11-05,1,0,0.0005,8408.94053307907,8404.736062812532
2003-11-06,0,1,0.0005,8404.736062812532,8444.888937534695
2003-11-10,1,0,0.0005,8381.956204048647,8377.765225946623
2003-11-13,0,1,0.0005,8377.765225946623,8375.944543838103
2003-11-17,1,0,0.0005,8304.763468340498,8300.611086606328
2003-11-20,0,1,0.0005,8300.611086606328,8221.621361698644
2003-11-21,1,0,0.0005,8221.621361698644,8217.510551017795
2003-11-24,0,1,0.0005,8217.510551017795,8321.504686327013
2003-12-03,1,0,0.0005,8458.009998492329,8453.780993493083
2003-12-05,0,1,0.0005,8453.780993493083,8390.420568237865
2003-12-08,1,0,0.0005,8390.420568237865,8386.225357953746
2003-12-09,0,1,0.0005,8386.225357953746,8317.071021938782
2003-12-10,1,0,0.0005,8317.071021938782,8312.912486427813
2003-12-12,0,1,0.0005,8312.912486427813,8324.914218324277
2003-12-16,1,0,0.0005,8283.240251535277,8279.09863140951
2003-12-17,0,1,0.0005,8279.09863140951,8300.950381176714
2003-12-22,1,0,0.0005,8370.362022259986,8366.176841248856
2003-12-23,0,1,0.0005,8366.176841248856,8367.334212590578
2003-12-26,1,0,0.0005,8358.944727763008,8354.765255399127
2003-12-29,0,1,0.0005,8354.765255399127,8461.05127928893
2004-01-05,1,0,0.0005,8466.37583777511,8462.142649856221
2004-01-06,0,1,0.0005,8462.142649856221,8466.185151615999
2004-01-12,1,0,0.0005,8453.70637022036,8449.47951703525
2004-01-13,0,1,0.0005,8449.47951703525,8395.854933844406
2004-01-14,1,0,0.0005,8395.854933844406,8391.657006377485
2004-01-15,0,1,0.0005,8391.657006377485,8408.134961860409
2004-01-21,1,0,0.0005,8439.105393601256,8434.885840904455
2004-01-22,0,1,0.0005,8434.885840904455,8408.659874795956
2004-01-23,1,0,0.0005,8408.659874795956,8404.455544858558
2004-01-27,0,1,0.0005,8404.455544858558,8313.49581538741
2004-01-28,1,0,0.0005,8313.49581538741,8309.339067479717
2004-01-30,0,1,0.0005,8309.339067479717,8305.184397945977
2004-02-02,1,0,0.0005,8305.184397945977,8301.031805747005
2004-02-03,0,1,0.0005,8301.031805747005,8283.031095605664
2004-02-04,1,0,0.0005,8283.031095605664,8278.889580057861
2004-02-06,0,1,0.0005,8278.889580057861,8367.127919628458
2004-02-13,1,0,0.0005,8454.289481857879,8450.06233711695
2004-02-18,0,1,0.0005,8450.06233711695,8408.663170167112
2004-02-19,1,0,0.0005,8408.663170167112,8404.45883858203
2004-02-26,0,1,0.0005,8404.45883858203,8405.371562108203
2004-03-03,1,0,0.0005,8444.30789455189,8440.085740604614
2004-03-04,0,1,0.0005,8440.085740604614,8457.72191518399
2004-03-09,1,0,0.0005,8381.930490468245,8377.73952522301
2004-03-15,0,1,0.0005,8377.73952522301,8270.21652888518
2004-03-16,1,0,0.0005,8270.21652888518,8266.081420620738
2004-03-17,0,1,0.0005,8266.081420620738,8353.857936424793
2004-03-22,1,0,0.0005,8235.444380521758,8231.326658331498
2004-03-25,0,1,0.0005,8231.326658331498,8335.440548878149
2004-04-07,1,0,0.0005,8626.852011855799,8622.538585849872
2004-04-13,0,1,0.0005,8622.538585849872,8496.468922967037
2004-04-14,1,0,0.0005,8496.468922967037,8492.220688505553
2004-04-15,0,1,0.0005,8492.220688505553,8455.703882885296
2004-04-16,1,0,0.0005,8455.703882885296,8451.476030943853
2004-04-19,0,1,0.0005,8451.476030943853,8447.250292928382
2004-04-20,1,0,0.0005,8447.250292928382,8443.026667781918
2004-04-22,0,1,0.0005,8443.026667781918,8556.382112910394
2004-04-27,1,0,0.0005,8552.622049504176,8548.345738479424
2004-04-28,0,1,0.0005,8548.345738479424,8432.660117971565
2004-04-29,1,0,0.0005,8432.660117971565,8428.44378791258
2004-05-04,0,1,0.0005,8428.44378791258,8417.464452272136
2004-05-05,1,0,0.0005,8417.464452272136,8413.255720046
2004-05-06,0,1,0.0005,8413.255720046,8336.37171538229
2004-05-07,1,0,0.0005,8336.37171538229,8332.2035295246
2004-05-12,0,1,0.0005,8332.2035295246,8381.013474076204
2004-05-14,1,0,0.0005,8346.03658807427,8341.863569780233
2004-05-17,0,1,0.0005,8341.863569780233,8266.127984956684
2004-05-18,1,0,0.0005,8266.127984956684,8261.994920964205
2004-05-19,0,1,0.0005,8261.994920964205,8229.183093695443
2004-05-20,1,0,0.0005,8229.183093695443,8225.068502148595
2004-05-21,0,1,0.0005,8225.068502148595,8235.197812076492
2004-06-01,1,0,0.0005,8462.825622479322,8458.594209668083
2004-06-03,0,1,0.0005,8458.594209668083,8376.245180850376
2004-06-04,1,0,0.0005,8376.245180850376,8372.05705825995
2004-06-07,0,1,0.0005,8372.05705825995,8494.368624846009
2004-06-10,1,0,0.0005,8426.593897504248,8422.380600555496
2004-06-14,0,1,0.0005,8422.380600555496,8334.52763943137
2004-06-15,1,0,0.0005,8334.52763943137,8330.360375611654
2004-06-16,0,1,0.0005,8330.360375611654,8324.735638354276
2004-06-17,1,0,0.0005,8324.735638354276,8320.573270535098
2004-06-21,0,1,0.0005,8320.573270535098,8284.862987888737
2004-06-22,1,0,0.0005,8284.862987888737,8280.720556394794
2004-06-23,0,1,0.0005,8280.720556394794,8347.6062222115
2004-06-25,1,0,0.0005,8321.375608723814,8317.214920919452
2004-06-30,0,1,0.0005,8317.214920919452,8357.474123312788
2004-07-02,1,0,0.0005,8240.635735401363,8236.515417533663
2004-07-08,0,1,0.0005,8236.515417533663,8174.947872331713
2004-07-09,1,0,0.0005,8174.947872331713,8170.860398395548
2004-07-12,0,1,0.0005,8170.860398395548,8170.42869644961
2004-07-15,1,0,0.0005,8151.382860603607,8147.307169173306
2004-07-21,0,1,0.0005,8147.307169173306,7991.49024326046
2004-07-22,1,0,0.0005,7991.49024326046,7987.494498138831
2004-07-23,0,1,0.0005,7987.494498138831,7916.34452871154
2004-07-26,1,0,0.0005,7916.34452871154,7912.386356447185
2004-07-28,0,1,0.0005,7912.386356447185,7932.174757377462
2004-08-04,1,0,0.0005,7939.747761435939,7935.777887555221
2004-08-10,0,1,0.0005,7935.777887555221,8033.503982074952
2004-08-12,1,0,0.0005,8017.177772427119,8013.169183540906
2004-08-16,0,1,0.0005,8013.169183540906,8091.711062736307
2004-08-20,1,0,0.0005,8196.472275438462,8192.374039300743
2004-08-23,0,1,0.0005,8192.374039300743,8167.484334696689
2004-08-24,1,0,0.0005,8167.484334696689,8163.400592529341
2004-08-25,0,1,0.0005,8163.400592529341,8214.611126936072
2004-08-27,1,0,0.0005,8214.611126936072,8210.503821372604
2004-08-30,0,1,0.0005,8210.503821372604,8138.3371346496115
2004-08-31,1,0,0.0005,8138.3371346496115,8134.267966082287
2004-09-01,0,1,0.0005,8134.267966082287,8145.558755483877
2004-09-07,1,0,0.0005,8203.51272879621,8199.410972431811
2004-09-08,0,1,0.0005,8199.410972431811,8174.949215761926
2004-09-09,1,0,0.0005,8174.949215761926,8170.861741154045
2004-09-13,0,1,0.0005,8170.861741154045,8193.474892604083
2004-09-16,1,0,0.0005,8147.715031665089,8143.641174149257
2004-09-17,0,1,0.0005,8143.641174149257,8174.117298730858
2004-09-21,1,0,0.0005,8124.8450947137335,8120.782672166377
2004-09-22,0,1,0.0005,8120.782672166377,8014.719218103224
2004-09-23,1,0,0.0005,8014.719218103224,8010.711858494173
2004-09-27,0,1,0.0005,8010.711858494173,7955.51183599552
2004-09-28,1,0,0.0005,7955.51183599552,7951.534080077523
2004-09-29,0,1,0.0005,7951.534080077523,7987.478610631407
2004-10-01,1,0,0.0005,7981.760281153096,7977.76940101252
2004-10-04,0,1,0.0005,7977.76940101252,7987.105071108787
2004-10-08,1,0,0.0005,7959.089675325523,7955.11013048786
2004-10-12,0,1,0.0005,7955.11013048786,7920.0902316429665
2004-10-13,1,0,0.0005,7920.0902316429665,7916.130186527145
2004-10-18,0,1,0.0005,7916.130186527145,7941.998266575601
2004-10-20,1,0,0.0005,7874.869716545227,7870.932281686954
2004-10-22,0,1,0.0005,7870.932281686954,7778.053184429636
2004-10-25,1,0,0.0005,7778.053184429636,7774.164157837421
2004-10-27,0,1,0.0005,7774.164157837421,7863.115239734783
2004-11-01,1,0,0.0005,7885.37025534876,7881.427570221086
2004-11-02,0,1,0.0005,7881.427570221086,7880.262324121677
2004-11-09,1,0,0.0005,8125.783929809247,8121.721037844342
2004-11-11,0,1,0.0005,8121.721037844342,8179.222692854687
2004-11-17,1,0,0.0005,8204.365703838299,8200.26352098638
2004-11-18,0,1,0.0005,8200.26352098638,8207.2236082207
2004-11-22,1,0,0.0005,8115.47510663291,8111.417369079594
2004-11-23,0,1,0.0005,8111.417369079594,8119.727517950726
2004-11-29,1,0,0.0005,8132.756707448094,8128.69032909437
2004-12-01,0,1,0.0005,8128.69032909437,8216.50062587499
2004-12-06,1,0,0.0005,8217.873268979301,8213.764332344812
2004-12-09,0,1,0.0005,8213.764332344812,8238.645840591449
2004-12-17,1,0,0.0005,8348.852482130125,8344.67805588906
2004-12-21,0,1,0.0005,8344.67805588906,8404.51700151915
2004-12-28,1,0,0.0005,8413.551688536234,8409.344912691966
2004-12-29,0,1,0.0005,8409.344912691966,8417.62241827587
2004-12-31,1,0,0.0005,8401.657785096997,8397.456956204449
2005-01-07,0,1,0.0005,8397.456956204449,8381.214506231136
2005-01-10,1,0,0.0005,8381.214506231136,8377.023898978021
2005-01-11,0,1,0.0005,8377.023898978021,8314.910210970678
2005-01-12,1,0,0.0005,8314.910210970678,8310.752755865193
2005-01-13,0,1,0.0005,8310.752755865193,8239.743936703564
2005-01-14,1,0,0.0005,8239.743936703564,8235.624064735213
2005-01-18,0,1,0.0005,8235.624064735213,8316.739738137094
2005-01-20,1,0,0.0005,8229.262657618747,8225.148026289939
2005-01-26,0,1,0.0005,8225.148026289939,8245.630955324723
2005-01-31,1,0,0.0005,8259.683895780743,8255.554053832853
2005-02-01,0,1,0.0005,8255.554053832853,8303.659050092398
2005-02-04,1,0,0.0005,8307.086280227188,8302.932737087074
2005-02-07,0,1,0.0005,8302.932737087074,8287.723082642795
2005-02-08,1,0,0.0005,8287.723082642795,8283.579221101474
2005-02-09,0,1,0.0005,8283.579221101474,8217.18760798469
2005-02-10,1,0,0.0005,8217.18760798469,8213.079014180697
2005-02-11,0,1,0.0005,8213.079014180697,8279.31579111268
2005-02-15,1,0,0.0005,8273.145773197433,8269.009200310835
2005-02-16,0,1,0.0005,8269.009200310835,8270.333314887097
2005-02-18,1,0,0.0005,8203.195830819915,8199.094232904506
2005-02-22,0,1,0.0005,8199.094232904506,8072.173847714921
2005-02-23,1,0,0.0005,8072.173847714921,8068.1377607910645
2005-02-24,0,1,0.0005,8068.1377607910645,8117.287068976773
2005-03-01,1,0,0.0005,8143.043355978745,8138.971834300756
2005-03-02,0,1,0.0005,8138.971834300756,8130.874326199156
2005-03-03,1,0,0.0005,8130.874326199156,8126.808889036057
2005-03-04,0,1,0.0005,8126.808889036057,8223.35579462183
2005-03-09,1,0,0.0005,8196.49501596989,8192.396768461906
2005-03-11,0,1,0.0005,8192.396768461906,8130.663479578886
2005-03-14,1,0,0.0005,8130.663479578886,8126.598147839097
2005-03-15,0,1,0.0005,8126.598147839097,8055.172030041326
2005-03-16,1,0,0.0005,8055.172030041326,8051.144444026306
2005-03-18,0,1,0.0005,8051.144444026306,8023.180342102186
2005-03-21,1,0,0.0005,8023.180342102186,8019.168751931135
2005-03-24,0,1,0.0005,8019.168751931135,8024.744678450639
2005-03-30,1,0,0.0005,7982.768660026353,7978.77727569634
2005-03-31,0,1,0.0005,7978.77727569634,7959.917823211357
2005-04-01,1,0,0.0005,7959.917823211357,7955.937864299752
2005-04-05,0,1,0.0005,7955.937864299752,7989.746022044152
2005-04-11,1,0,0.0005,7976.301623799065,7972.313472987166
2005-04-12,0,1,0.0005,7972.313472987166,8009.4012097382465
2005-04-14,1,0,0.0005,7914.373847163803,7910.416660240221
2005-04-19,0,1,0.0005,7910.416660240221,7969.079552552017
2005-04-21,1,0,0.0005,7857.126224121367,7853.197661009307
2005-04-22,0,1,0.0005,7853.197661009307,7819.430172128825
2005-04-25,1,0,0.0005,7819.430172128825,7815.52045704276
2005-04-26,0,1,0.0005,7815.52045704276,7735.324832062408
2005-04-27,1,0,0.0005,7735.324832062408,7731.457169646377
2005-04-28,0,1,0.0005,7731.457169646377,7630.044452931309
2005-04-29,1,0,0.0005,7630.044452931309,7626.229430704844
2005-05-02,0,1,0.0005,7626.229430704844,7665.125629998146
2005-05-06,1,0,0.0005,7734.685445449337,7730.818102726613
2005-05-10,0,1,0.0005,7730.818102726613,7646.483695586781
2005-05-11,1,0,0.0005,7646.483695586781,7642.6604537389885
2005-05-12,0,1,0.0005,7642.6604537389885,7554.281639852964
2005-05-13,1,0,0.0005,7554.281639852964,7550.504499033038
2005-05-17,0,1,0.0005,7550.504499033038,7596.98203995036
2005-05-23,1,0,0.0005,7696.007525075801,7692.159521313263
2005-05-24,0,1,0.0005,7692.159521313263,7670.310576167014
2005-05-25,1,0,0.0005,7670.310576167014,7666.475420878931
2005-05-27,0,1,0.0005,7666.475420878931,7675.4035191629955
2005-06-01,1,0,0.0005,7626.098945692119,7622.285896219273
2005-06-02,0,1,0.0005,7622.285896219273,7634.906414567363
2005-06-06,1,0,0.0005,7596.242161198423,7592.4440401178235
2005-06-08,0,1,0.0005,7592.4440401178235,7574.726954455673
2005-06-09,1,0,0.0005,7574.726954455673,7570.939590978445
2005-06-10,0,1,0.0005,7570.939590978445,7549.53733168798
2005-06-13,1,0,0.0005,7549.53733168798,7545.762563022136
2005-06-14,0,1,0.0005,7545.762563022136,7559.493316429726
2005-06-24,1,0,0.0005,7526.349793908328,7522.586619011375
2005-06-28,0,1,0.0005,7522.586619011375,7581.698993068468
2005-06-30,1,0,0.0005,7561.475225471001,7557.694487858266
2005-07-05,0,1,0.0005,7557.694487858266,7614.375248990033
2005-07-07,1,0,0.0005,7550.278805376609,7546.503665973921
2005-07-08,0,1,0.0005,7546.503665973921,7628.433079732682
2005-07-18,1,0,0.0005,7723.812249529539,7719.950343404775
2005-07-20,0,1,0.0005,7719.950343404775,7742.400065068277
2005-07-22,1,0,0.0005,7697.10805238767,7693.259498361476
2005-07-25,0,1,0.0005,7693.259498361476,7667.58667385726
2005-07-26,1,0,0.0005,7667.58667385726,7663.752880520332
2005-07-27,0,1,0.0005,7663.752880520332,7687.829979615162
2005-08-01,1,0,0.0005,7684.397476945988,7680.555278207516
2005-08-03,0,1,0.0005,7680.555278207516,7697.064194375905
2005-08-05,1,0,0.0005,7635.100388825516,7631.282838631104
2005-08-10,0,1,0.0005,7631.282838631104,7623.754969878181
2005-08-11,1,0,0.0005,7623.754969878181,7619.943092393242
2005-08-12,0,1,0.0005,7619.943092393242,7569.213093060206
2005-08-15,1,0,0.0005,7569.213093060206,7565.428486513676
2005-08-16,0,1,0.0005,7565.428486513676,7462.6258293054
2005-08-17,1,0,0.0005,7462.6258293054,7458.894516390747
2005-08-22,0,1,0.0005,7458.894516390747,7455.165069132552
2005-08-23,1,0,0.0005,7455.165069132552,7451.437486597986
2005-08-26,0,1,0.0005,7451.437486597986,7396.674725900252
2005-08-29,1,0,0.0005,7396.674725900252,7392.976388537302
2005-08-30,0,1,0.0005,7392.976388537302,7350.294334513852
2005-08-31,1,0,0.0005,7350.294334513852,7346.619187346595
2005-09-01,0,1,0.0005,7346.619187346595,7337.551157721446
2005-09-02,1,0,0.0005,7337.551157721446,7333.882382142585
2005-09-07,0,1,0.0005,7333.882382142585,7342.654380028279
2005-09-09,1,0,0.0005,7318.322885978229,7314.66372453524
2005-09-12,0,1,0.0005,7314.66372453524,7296.31397850287
2005-09-13,1,0,0.0005,7296.31397850287,7292.6658215136185
2005-09-19,0,1,0.0005,7292.6658215136185,7264.769906177866
2005-09-20,1,0,0.0005,7264.769906177866,7261.137521224778
2005-09-23,0,1,0.0005,7261.137521224778,7263.493902716974
2005-09-28,1,0,0.0005,7270.065648433856,7266.430615609639
2005-09-29,0,1,0.0005,7266.430615609639,7321.683737134081
2005-10-04,1,0,0.0005,7318.021738632959,7314.362727763642
2005-10-10,0,1,0.0005,7314.362727763642,7248.679252179656
2005-10-11,1,0,0.0005,7248.679252179656,7245.054912553566
2005-10-17,0,1,0.0005,7245.054912553566,7268.247745398883
2005-10-19,1,0,0.0005,7189.098533779319,7185.50398451243
2005-10-20,0,1,0.0005,7185.50398451243,7054.205301852528
2005-10-21,1,0,0.0005,7054.205301852528,7050.678199201601
2005-10-24,0,1,0.0005,7050.678199201601,7155.540118298509
2005-10-26,1,0,0.0005,7141.211147035241,7137.640541461724
2005-10-31,0,1,0.0005,7137.640541461724,7153.709820654155
2005-11-07,1,0,0.0005,7271.120323364724,7267.484763203041
2005-11-08,0,1,0.0005,7267.484763203041,7263.85102082144
2005-11-09,1,0,0.0005,7263.85102082144,7260.21909531103
2005-11-10,0,1,0.0005,7260.21909531103,7312.72792921179
2005-11-15,1,0,0.0005,7333.437291987461,7329.770573341468
2005-11-17,0,1,0.0005,7329.770573341468,7394.049767688805
2005-11-29,1,0,0.0005,7487.8371163345855,7484.0931977764185
2005-12-02,0,1,0.0005,7484.0931977764185,7489.796886053855
2005-12-06,1,0,0.0005,7473.834568893512,7470.097651609066
2005-12-07,0,1,0.0005,7470.097651609066,7422.646559344756
2005-12-08,1,0,0.0005,7422.646559344756,7418.935236065084
2005-12-12,0,1,0.0005,7418.935236065084,7422.268045792946
2005-12-16,1,0,0.0005,7480.120090446732,7476.380030401509
2005-12-21,0,1,0.0005,7476.380030401509,7484.5139160721765
2005-12-28,1,0,0.0005,7450.765238086046,7447.039855467004
2005-12-29,0,1,0.0005,7447.039855467004,7410.078702786529
2005-12-30,1,0,0.0005,7410.078702786529,7406.373663435136
2006-01-04,0,1,0.0005,7406.373663435136,7437.66242243477
2006-01-13,1,0,0.0005,7524.914735938968,7521.152278570999
2006-01-20,0,1,0.0005,7521.152278570999,7378.961021205166
2006-01-23,1,0,0.0005,7378.961021205166,7375.271540694564
2006-01-24,0,1,0.0005,7375.271540694564,7379.165207806876
2006-01-31,1,0,0.0005,7488.935360579725,7485.190892899435
2006-02-02,0,1,0.0005,7485.190892899435,7394.073053546052
2006-02-03,1,0,0.0005,7394.073053546052,7390.376017019279
2006-02-07,0,1,0.0005,7390.376017019279,7321.008732536435
2006-02-08,1,0,0.0005,7321.008732536435,7317.348228170167
2006-02-09,0,1,0.0005,7317.348228170167,7301.542484690031
2006-02-10,1,0,0.0005,7301.542484690031,7297.891713447687
2006-02-13,0,1,0.0005,7297.891713447687,7280.974712942302
2006-02-14,1,0,0.0005,7280.974712942302,7277.3342255858315
2006-02-15,0,1,0.0005,7277.3342255858315,7299.283757349652
2006-02-21,1,0,0.0005,7333.7826573968705,7330.115766068173
2006-02-23,0,1,0.0005,7330.115766068173,7315.66669652012
2006-02-24,1,0,0.0005,7315.66669652012,7312.008863171861
2006-02-27,0,1,0.0005,7312.008863171861,7311.177175292842
2006-03-01,1,0,0.0005,7241.380864013851,7237.760173581845
2006-03-02,0,1,0.0005,7237.760173581845,7233.583343130768
2006-03-03,1,0,0.0005,7233.583343130768,7229.966551459203
2006-03-09,0,1,0.0005,7229.966551459203,7177.704014260544
2006-03-10,1,0,0.0005,7177.704014260544,7174.1151622534135
2006-03-13,0,1,0.0005,7174.1151622534135,7183.907406356206
2006-03-21,1,0,0.0005,7300.437467329064,7296.7872485954
2006-03-23,0,1,0.0005,7296.7872485954,7278.011008049393
2006-03-24,1,0,0.0005,7278.011008049393,7274.372002545369
2006-03-27,0,1,0.0005,7274.372002545369,7260.110485698026
2006-03-28,1,0,0.0005,7260.110485698026,7256.480430455178
2006-03-30,0,1,0.0005,7256.480430455178,7240.004907980058
2006-03-31,1,0,0.0005,7240.004907980058,7236.384905526069
2006-04-03,0,1,0.0005,7236.384905526069,7227.191413382861
2006-04-04,1,0,0.0005,7227.191413382861,7223.5778176761705
2006-04-05,0,1,0.0005,7223.5778176761705,7244.8186599815435
2006-04-07,1,0,0.0005,7237.073369394919,7233.454832710222
2006-04-11,0,1,0.0005,7233.454832710222,7168.245071064134
2006-04-12,1,0,0.0005,7168.245071064134,7164.660948528603
2006-04-13,0,1,0.0005,7164.660948528603,7151.622780814657
2006-04-17,1,0,0.0005,7151.622780814657,7148.04696942425
2006-04-19,0,1,0.0005,7148.04696942425,7158.130476989999
2006-04-25,1,0,0.0005,7155.9277335074885,7152.349769640735
2006-04-27,0,1,0.0005,7152.349769640735,7183.246041237957
2006-05-02,1,0,0.0005,7148.427849959631,7144.853636034652
2006-05-03,0,1,0.0005,7144.853636034652,7114.586467929697
2006-05-04,1,0,0.0005,7114.586467929697,7111.029174695733
2006-05-05,0,1,0.0005,7111.029174695733,7169.993867882023
2006-05-09,1,0,0.0005,7161.33453396216,7157.75386669518
2006-05-10,0,1,0.0005,7157.75386669518,7150.393985601657
2006-05-11,1,0,0.0005,7150.393985601657,7146.818788608856
2006-05-16,0,1,0.0005,7146.818788608856,7132.748862927444
2006-05-17,1,0,0.0005,7132.748862927444,7129.182488495981
2006-05-22,0,1,0.0005,7129.182488495981,7071.004079978648
2006-05-23,1,0,0.0005,7071.004079978648,7067.468577938659
2006-05-25,0,1,0.0005,7067.468577938659,7150.78194490643
2006-05-31,1,0,0.0005,7058.29077767901,7054.76163229017
2006-06-01,0,1,0.0005,7054.76163229017,7118.410261822408
2006-06-06,1,0,0.0005,7028.603403314274,7025.089101612617
2006-06-15,0,1,0.0005,7025.089101612617,7169.0525599035955
2006-06-19,1,0,0.0005,7116.619790065465,7113.061480170433
2006-06-21,0,1,0.0005,7113.061480170433,7162.048766072806
2006-06-23,1,0,0.0005,7130.465465503182,7126.90023277043
2006-06-27,0,1,0.0005,7126.90023277043,7061.488620666315
2006-06-28,1,0,0.0005,7061.488620666315,7057.957876355982
2006-06-29,0,1,0.0005,7057.957876355982,7195.581564820222
2006-07-06,1,0,0.0005,7184.095108617831,7180.503061063522
2006-07-07,0,1,0.0005,7180.503061063522,7129.994312841208
2006-07-10,1,0,0.0005,7129.994312841208,7126.429315684788
2006-07-11,0,1,0.0005,7126.429315684788,7154.254654496081
2006-07-13,1,0,0.0005,7077.479867432562,7073.941127498846
2006-07-19,0,1,0.0005,7073.941127498846,7167.874992838111
2006-07-21,1,0,0.0005,7118.665669010802,7115.106336176297
2006-07-25,0,1,0.0005,7115.106336176297,7136.876454987574
2006-07-28,1,0,0.0005,7139.681948568807,7136.112107594523
2006-07-31,0,1,0.0005,7136.112107594523,7125.290765760548
2006-08-01,1,0,0.0005,7125.290765760548,7121.728120377668
2006-08-03,0,1,0.0005,7121.728120377668,7137.0455562064535
2006-08-07,1,0,0.0005,7124.810642804944,7121.248237483542
2006-08-11,0,1,0.0005,7121.248237483542,7097.534858512161
2006-08-14,1,0,0.0005,7097.534858512161,7093.986091082906
2006-08-15,0,1,0.0005,7093.986091082906,7174.7676165222365
2006-08-22,1,0,0.0005,7258.003343523008,7254.374341851247
2006-08-28,0,1,0.0005,7254.374341851247,7285.31149853727
2006-09-01,1,0,0.0005,7297.035267074215,7293.386749440679
2006-09-05,0,1,0.0005,7293.386749440679,7303.600422204728
2006-09-07,1,0,0.0005,7238.970226055609,7235.350740942581
2006-09-11,0,1,0.0005,7235.350740942581,7238.949510821084
2006-09-20,1,0,0.0005,7348.384288952782,7344.710096808306
2006-09-21,0,1,0.0005,7344.710096808306,7305.475379075136
2006-09-22,1,0,0.0005,7305.475379075136,7301.822641385598
2006-09-26,0,1,0.0005,7301.822641385598,7358.549920869503
2006-09-29,1,0,0.0005,7364.601554012275,7360.91925323527
2006-10-04,0,1,0.0005,7360.91925323527,7442.846993984037
2006-10-09,1,0,0.0005,7447.793153865317,7444.069257288385
2006-10-10,0,1,0.0005,7444.069257288385,7450.260840373962
2006-10-12,1,0,0.0005,7441.443525525792,7437.722803763029
2006-10-13,0,1,0.0005,7437.722803763029,7453.076484488063
2006-10-18,1,0,0.0005,7441.035407519891,7437.314889816132
2006-10-19,0,1,0.0005,7437.314889816132,7445.564840060472
2006-10-30,1,0,0.0005,7505.087069235574,7501.334525700957
2006-11-07,0,1,0.0005,7501.334525700957,7526.318669664472
2006-11-10,1,0,0.0005,7502.847296755379,7499.095873107001
2006-11-13,0,1,0.0005,7499.095873107001,7513.767037376446
2006-11-27,1,0,0.0005,7609.387424445224,7605.582730733001
2006-11-29,0,1,0.0005,7605.582730733001,7680.696268917529
2006-12-04,1,0,0.0005,7667.00880820473,7663.175303800627
2006-12-05,0,1,0.0005,7663.175303800627,7692.3536756965195
2006-12-07,1,0,0.0005,7685.850345356404,7682.007420183727
2006-12-11,0,1,0.0005,7682.007420183727,7700.400858731571
2006-12-13,1,0,0.0005,7694.430205029165,7690.582989926651
2006-12-14,0,1,0.0005,7690.582989926651,7754.20384336195
2006-12-19,1,0,0.0005,7733.635042024707,7729.768224503695
2006-12-20,0,1,0.0005,7729.768224503695,7721.559436350311
2006-12-21,1,0,0.0005,7721.559436350311,7717.698656632137
2006-12-27,0,1,0.0005,7717.698656632137,7764.369473510681
2006-12-29,1,0,0.0005,7748.006205698233,7744.132202595385
2007-01-05,0,1,0.0005,7744.132202595385,7678.242105171159
2007-01-08,1,0,0.0005,7678.242105171159,7674.402984118574
2007-01-09,0,1,0.0005,7674.402984118574,7664.042288212049
2007-01-10,1,0,0.0005,7664.042288212049,7660.210267067943
2007-01-11,0,1,0.0005,7660.210267067943,7689.86176783024
2007-01-17,1,0,0.0005,7732.900100986462,7729.0336509359695
2007-01-18,0,1,0.0005,7729.0336509359695,7699.18604819232
2007-01-19,1,0,0.0005,7699.18604819232,7695.336455168224
2007-01-22,0,1,0.0005,7695.336455168224,7667.746043382307
2007-01-23,1,0,0.0005,7667.746043382307,7663.912170360616
2007-01-24,0,1,0.0005,7663.912170360616,7721.552849477173
2007-01-26,1,0,0.0005,7630.363670567183,7626.5484887319
2007-01-31,0,1,0.0005,7626.5484887319,7673.8347741042135
2007-02-09,1,0,0.0005,7741.460782144545,7737.590051753474
2007-02-14,0,1,0.0005,7737.590051753474,7784.365646188071
2007-02-20,1,0,0.0005,7790.774979825251,7786.879592335338
2007-02-21,0,1,0.0005,7786.879592335338,7779.7837518160595
2007-02-22,1,0,0.0005,7779.7837518160595,7775.893859940152
2007-03-01,0,1,0.0005,7775.893859940152,7748.797742558403
2007-03-02,1,0,0.0005,7748.797742558403,7744.9233436871245
2007-03-30,0,1,0.0005,7744.9233436871245,7742.683894654213
2007-04-12,1,0,0.0005,7852.265916672249,7848.339783713913
2007-04-13,0,1,0.0005,7848.339783713913,7880.142962330138
2007-04-20,1,0,0.0005,7983.322946049977,7979.331284576952
2007-04-23,0,1,0.0005,7979.331284576952,7945.216603851956
2007-04-24,1,0,0.0005,7945.216603851956,7941.24399555003
2007-04-25,0,1,0.0005,7941.24399555003,8009.858527850724
2007-04-30,1,0,0.0005,8012.530210015757,8008.523944910749
2007-05-02,0,1,0.0005,8008.523944910749,8051.247315860346
2007-05-09,1,0,0.0005,8116.21111074429,8112.153005188918
2007-05-10,0,1,0.0005,8112.153005188918,8022.857019769113
2007-05-11,1,0,0.0005,8022.857019769113,8018.845591259229
2007-05-14,0,1,0.0005,8018.845591259229,7997.278265447537
2007-05-15,1,0,0.0005,7997.278265447537,7993.279626314814
2007-05-16,0,1,0.0005,7993.279626314814,8043.774356903421
2007-05-18,1,0,0.0005,8027.844284676776,8023.830362534438
2007-05-21,0,1,0.0005,8023.830362534438,8015.615102358591
2007-05-22,1,0,0.0005,8015.615102358591,8011.607294807412
2007-05-24,0,1,0.0005,8011.607294807412,7934.7447547655265
2007-05-25,1,0,0.0005,7934.7447547655265,7930.777382388144
2007-05-29,0,1,0.0005,7930.777382388144,7955.515855172219
2007-06-01,1,0,0.0005,8011.681770743612,8007.675929858241
2007-06-04,0,1,0.0005,8007.675929858241,8004.714875799119
2007-06-06,1,0,0.0005,7972.9633494481695,7968.9768677734455
2007-06-11,0,1,0.0005,7968.9768677734455,7978.703311753951
2007-06-13,1,0,0.0005,7891.211021681352,7887.265416170511
2007-06-14,0,1,0.0005,7887.265416170511,7933.52813471602
2007-06-19,1,0,0.0005,7969.155082469084,7965.17050492785
2007-06-20,0,1,0.0005,7965.17050492785,7849.719802979019
2007-06-21,1,0,0.0005,7849.719802979019,7845.79494307753
2007-06-22,0,1,0.0005,7845.79494307753,7767.696861125827
2007-06-25,1,0,0.0005,7767.696861125827,7763.813012695265
2007-06-28,0,1,0.0005,7763.813012695265,7758.897434688213
2007-06-29,1,0,0.0005,7758.897434688213,7755.01798597087
2007-07-02,0,1,0.0005,7755.01798597087,7820.9371491410275
2007-07-06,1,0,0.0005,7840.974945217862,7837.054457745254
2007-07-09,0,1,0.0005,7837.054457745254,7839.281467525877
2007-07-11,1,0,0.0005,7726.853833422046,7722.990406505335
2007-07-12,0,1,0.0005,7722.990406505335,7840.12594954061
2007-07-17,1,0,0.0005,7862.433796554714,7858.502579656437
2007-07-20,0,1,0.0005,7858.502579656437,7774.606734588587
2007-07-23,1,0,0.0005,7774.606734588587,7770.719431221293
2007-07-24,0,1,0.0005,7770.719431221293,7630.900965481308
2007-07-25,1,0,0.0005,7630.900965481308,7627.085514998568
2007-07-26,0,1,0.0005,7627.085514998568,7440.4915260258795
2007-07-27,1,0,0.0005,7440.4915260258795,7436.771280262867
2007-09-27,0,1,0.0005,7436.771280262867,7476.899333963553
2007-10-01,1,0,0.0005,7451.95364323861,7448.227666416991
2007-10-02,0,1,0.0005,7448.227666416991,7434.360988959899
2007-10-03,1,0,0.0005,7434.360988959899,7430.64380846542
2007-10-05,0,1,0.0005,7430.64380846542,7514.699956481154
2007-10-09,1,0,0.0005,7474.57376131976,7470.8364744391
2007-10-10,0,1,0.0005,7470.8364744391,7454.674586396261
2007-10-11,1,0,0.0005,7454.674586396261,7450.947249103063
2007-10-15,0,1,0.0005,7450.947249103063,7384.042726325388
2007-10-16,1,0,0.0005,7384.042726325388,7380.350704962226
2007-10-18,0,1,0.0005,7380.350704962226,7349.820640308778
2007-10-19,1,0,0.0005,7349.820640308778,7346.145729988624
2007-10-23,0,1,0.0005,7346.145729988624,7401.767392187642
2007-10-25,1,0,0.0005,7388.095743017417,7384.401695145908
2007-10-26,0,1,0.0005,7384.401695145908,7466.774834382506
2007-10-31,1,0,0.0005,7439.330974086996,7435.611308599953
2007-11-01,0,1,0.0005,7435.611308599953,7255.772829644978
2007-11-02,1,0,0.0005,7255.772829644978,7252.144943230156
2007-11-05,0,1,0.0005,7252.144943230156,7193.150976334423
2007-11-06,1,0,0.0005,7193.150976334423,7189.554400846256
2008-05-02,0,1,0.0005,7189.554400846256,7205.802165327701
2008-05-06,1,0,0.0005,7171.093088419737,7167.507541875528
2008-05-07,0,1,0.0005,7167.507541875528,7035.111807275875
2008-05-08,1,0,0.0005,7035.111807275875,7031.5942513722375
2008-05-13,0,1,0.0005,7031.5942513722375,7029.075389252885
2008-05-21,1,0,0.0005,7098.801869921063,7095.252468986103
2008-05-23,0,1,0.0005,7095.252468986103,6995.956623471611
2008-05-27,1,0,0.0005,6995.956623471611,6992.458645159876
2008-05-28,0,1,0.0005,6992.458645159876,7021.165243106539
2008-06-03,1,0,0.0005,7000.514557643377,6997.014300364555
2009-08-05,0,1,0.0005,6997.014300364555,6973.3361543047895
2009-08-06,1,0,0.0005,6973.3361543047895,6969.8494862276375
2009-08-10,0,1,0.0005,6969.8494862276375,6951.885480852472
2009-08-11,1,0,0.0005,6951.885480852472,6948.409538112046
2009-08-13,0,1,0.0005,6948.409538112046,6997.812339324277
2009-08-17,1,0,0.0005,6943.863956918143,6940.392024939684
2009-08-19,0,1,0.0005,6940.392024939684,6997.590488397814
2009-08-25,1,0,0.0005,7205.885852420812,7202.282909494602
2009-08-26,0,1,0.0005,7202.282909494602,7199.379638658925
2009-08-31,1,0,0.0005,7214.016031093651,7210.409023078104
2009-09-04,0,1,0.0005,7210.409023078104,7307.113308406666
2009-09-14,1,0,0.0005,7500.2578855852635,7496.507756642472
2009-09-15,0,1,0.0005,7496.507756642472,7524.024526316688
2009-09-18,1,0,0.0005,7625.64833465881,7621.835510491481
2009-09-21,0,1,0.0005,7621.835510491481,7598.715164348209
2009-09-22,1,0,0.0005,7598.715164348209,7594.9158067660355
2009-09-23,0,1,0.0005,7594.9158067660355,7527.72494029241
2009-09-24,1,0,0.0005,7527.72494029241,7523.961077822264
2009-09-29,0,1,0.0005,7523.961077822264,7497.51696436113
2009-09-30,1,0,0.0005,7497.51696436113,7493.76820587895
2009-10-06,0,1,0.0005,7493.76820587895,7596.601455106809
2009-10-14,1,0,0.0005,7736.528652559461,7732.660388233182
2009-10-15,0,1,0.0005,7732.660388233182,7757.038190138936
2009-10-19,1,0,0.0005,7698.841929126923,7694.99250816236
2009-12-01,0,1,0.0005,7694.99250816236,7785.750192141399
2009-12-03,1,0,0.0005,7782.254676544541,7778.363549206269
2009-12-07,0,1,0.0005,7778.363549206269,7762.552986548463
2009-12-08,1,0,0.0005,7762.552986548463,7758.67171005519
2009-12-10,0,1,0.0005,7758.67171005519,7798.395237401005
2009-12-16,1,0,0.0005,7848.10104027618,7844.1769897560425
2009-12-17,0,1,0.0005,7844.1769897560425,7745.431015320093
2009-12-18,1,0,0.0005,7745.431015320093,7741.558299812434
2009-12-21,0,1,0.0005,7741.558299812434,7815.966676337642
2009-12-30,1,0,0.0005,7902.132674589664,7898.181608252369
2010-01-05,0,1,0.0005,7898.181608252369,7915.111087492444
2010-01-13,1,0,0.0005,7916.727129267647,7912.768765703014
2010-01-14,0,1,0.0005,7912.768765703014,7930.184116339032
2010-01-19,1,0,0.0005,7840.670251201591,7836.749916075991
2010-01-20,0,1,0.0005,7836.749916075991,7752.733993171828
2010-01-21,1,0,0.0005,7752.733993171828,7748.857626175242
2010-01-26,0,1,0.0005,7748.857626175242,7712.44255354374
2010-01-27,1,0,0.0005,7712.44255354374,7708.586332266969
2010-01-28,0,1,0.0005,7708.586332266969,7615.786228646815
2010-01-29,1,0,0.0005,7615.786228646815,7611.978335532493
2010-03-03,0,1,0.0005,7611.978335532493,7614.955695085886
2010-03-19,1,0,0.0005,7934.996662515168,7931.029164183911
2010-03-23,0,1,0.0005,7931.029164183911,7982.651953479436
2010-03-25,1,0,0.0005,7943.804581287515,7939.832678996872
2010-03-30,0,1,0.0005,7939.832678996872,7941.274456243812
2010-04-01,1,0,0.0005,7914.171365675342,7910.214279992505
2010-04-05,0,1,0.0005,7910.214279992505,7970.4611115725365
2010-04-08,1,0,0.0005,7943.463614239089,7939.49188243197
2010-04-09,0,1,0.0005,7939.49188243197,7987.492109291395
2010-04-19,1,0,0.0005,7973.245017613557,7969.258395104751
2010-04-20,0,1,0.0005,7969.258395104751,8036.1287566653955
2010-04-22,1,0,0.0005,8021.4924125211,8017.48166631484
2010-04-23,0,1,0.0005,8017.48166631484,8065.640798336286
2010-04-27,1,0,0.0005,8035.125977660981,8031.108414672151
2010-04-29,0,1,0.0005,8031.108414672151,8126.042640261345
2010-05-03,1,0,0.0005,7987.03076927115,7983.037253886515
2010-09-29,0,1,0.0005,7983.037253886515,7965.107973337662
2010-09-30,1,0,0.0005,7965.107973337662,7961.125419350993
2010-10-04,0,1,0.0005,7961.125419350993,7897.183236863148
2010-10-05,1,0,0.0005,7897.183236863148,7893.234645244716
2010-10-06,0,1,0.0005,7893.234645244716,7888.609413177013
2010-10-07,1,0,0.0005,7888.609413177013,7884.665108470425
2010-10-11,0,1,0.0005,7884.665108470425,7888.161872827315
2010-10-15,1,0,0.0005,7942.597574875327,7938.62627608789
2010-10-18,0,1,0.0005,7938.62627608789,7973.6786177583745
2010-10-20,1,0,0.0005,7868.49739165709,7864.563142961261
2010-10-21,0,1,0.0005,7864.563142961261,7877.960653360095
2010-10-28,1,0,0.0005,7894.552254731048,7890.604978603683
2010-10-29,0,1,0.0005,7890.604978603683,7892.655597589232
2010-11-09,1,0,0.0005,8157.240702375264,8153.162082024077
2010-11-11,0,1,0.0005,8153.162082024077,8118.311471578986
2010-11-12,1,0,0.0005,8118.311471578986,8114.252315843197
2010-11-18,0,1,0.0005,8114.252315843197,8228.753422573283
2010-11-23,1,0,0.0005,8244.496432874234,8240.374184657798
2010-11-26,0,1,0.0005,8240.374184657798,8139.712807452941
2010-11-29,1,0,0.0005,8139.712807452941,8135.642951049215
2010-11-30,0,1,0.0005,8135.642951049215,8085.702998774623
2010-12-01,1,0,0.0005,8085.702998774623,8081.660147275236
2010-12-02,0,1,0.0005,8081.660147275236,8180.478940213806
2010-12-07,1,0,0.0005,8193.793469060734,8189.696572326205
2010-12-08,0,1,0.0005,8189.696572326205,8215.549381465784
2010-12-16,1,0,0.0005,8269.904615619836,8265.769663312027
2010-12-17,0,1,0.0005,8265.769663312027,8270.48497586947
2010-12-27,1,0,0.0005,8356.743302425844,8352.564930774632
2010-12-28,0,1,0.0005,8352.564930774632,8360.346300963867
2010-12-31,1,0,0.0005,8353.025858029994,8348.84934510098
2011-01-03,0,1,0.0005,8348.84934510098,8430.544782438341
2011-01-05,1,0,0.0005,8425.898983327657,8421.686033835995
2011-01-06,0,1,0.0005,8421.686033835995,8400.963029204951
2011-01-07,1,0,0.0005,8400.963029204951,8396.762547690349
2011-01-12,0,1,0.0005,8396.762547690349,8468.000808382489
2011-01-14,1,0,0.0005,8454.157951137104,8449.930872161536
2011-01-18,0,1,0.0005,8449.930872161536,8460.068053859435
2011-01-20,1,0,0.0005,8376.705199966513,8372.51684736653
2011-01-24,0,1,0.0005,8372.51684736653,8415.810725971422
2011-01-31,1,0,0.0005,8324.453267890663,8320.291041256718
2011-02-01,0,1,0.0005,8320.291041256718,8448.273734775661
2011-02-03,1,0,0.0005,8432.10451162397,8427.888459368158
2011-02-04,0,1,0.0005,8427.888459368158,8447.487781567575
2011-02-10,1,0,0.0005,8519.350739163367,8515.091063793785
2011-02-11,0,1,0.0005,8515.091063793785,8561.523110539018
2011-02-16,1,0,0.0005,8555.022438077669,8550.744926858632
2011-02-17,0,1,0.0005,8550.744926858632,8571.98441134539
2011-02-23,1,0,0.0005,8415.693265513619,8411.485418880862
2011-02-28,0,1,0.0005,8411.485418880862,8459.241002633344
2011-03-02,1,0,0.0005,8317.010737200826,8312.852231832227
2011-03-03,0,1,0.0005,8312.852231832227,8450.660855290522
2011-03-07,1,0,0.0005,8387.105518672866,8382.91196591353
2011-03-09,0,1,0.0005,8382.91196591353,8366.696186856732
2011-03-10,1,0,0.0005,8366.696186856732,8362.512838763305
2011-03-14,0,1,0.0005,8362.512838763305,8307.687161479864
2011-03-15,1,0,0.0005,8307.687161479864,8303.533317899124
2011-03-18,0,1,0.0005,8303.533317899124,8329.530438834416
2011-03-23,1,0,0.0005,8428.241532387512,8424.027411621319
2011-03-24,0,1,0.0005,8424.027411621319,8499.993303478323
2011-03-29,1,0,0.0005,8505.125014541807,8500.872452034537
2011-03-30,0,1,0.0005,8500.872452034537,8555.082395046416
2011-04-01,1,0,0.0005,8543.477125095194,8539.205386532647
2011-04-04,0,1,0.0005,8539.205386532647,8541.987216711655
2011-04-06,1,0,0.0005,8540.703884049415,8536.43353210739
2011-04-07,0,1,0.0005,8536.43353210739,8510.420401343297
2011-04-08,1,0,0.0005,8510.420401343297,8506.165191142625
2011-04-15,0,1,0.0005,8506.165191142625,8532.888434346134
2011-04-19,1,0,0.0005,8436.707014284591,8432.48866077745
2011-04-20,0,1,0.0005,8432.48866077745,8542.445772721667
2011-04-26,1,0,0.0005,8576.987293418273,8572.698799771564
2011-04-27,0,1,0.0005,8572.698799771564,8624.204221294343
2011-05-03,1,0,0.0005,8659.084685503625,8654.755143160874
2011-05-09,0,1,0.0005,8654.755143160874,8683.896932504304
2011-05-12,1,0,0.0005,8665.04988021589,8660.717355275783
2011-05-13,0,1,0.0005,8660.717355275783,8589.448892253273
2011-05-16,1,0,0.0005,8589.448892253273,8585.154167807146
2011-05-19,0,1,0.0005,8585.154167807146,8601.284898691174
2011-05-23,1,0,0.0005,8532.67817480708,8528.411835719678
2011-05-26,0,1,0.0005,8528.411835719678,8563.354311524528
2011-06-02,1,0,0.0005,8487.858905220663,8483.614975768052
2011-06-10,0,1,0.0005,8483.614975768052,8360.53599906937
2011-06-13,1,0,0.0005,8360.53599906937,8356.355731069836
2011-06-14,0,1,0.0005,8356.355731069836,8457.521539839358
2011-06-16,1,0,0.0005,8305.748987596908,8301.596113103109
2011-06-17,0,1,0.0005,8301.596113103109,8322.180854083459
2011-06-23,1,0,0.0005,8427.25857050955,8423.044941224296
2011-06-28,0,1,0.0005,8423.044941224296,8528.0666754782
2011-07-06,1,0,0.0005,8802.761817909734,8798.36043700078
2011-07-07,0,1,0.0005,8798.36043700078,8884.77986750172
2011-07-11,1,0,0.0005,8821.53913496956,8817.128365402075
2011-07-14,0,1,0.0005,8817.128365402075,8751.648480263526
2011-07-15,1,0,0.0005,8751.648480263526,8747.272656023395
2011-07-18,0,1,0.0005,8747.272656023395,8670.8634864062
2011-07-19,1,0,0.0005,8670.8634864062,8666.528054662998
2011-07-20,0,1,0.0005,8666.528054662998,8656.967917638738
2011-07-21,1,0,0.0005,8656.967917638738,8652.639433679919
2011-07-22,0,1,0.0005,8652.639433679919,8654.099371501128
2011-07-26,1,0,0.0005,8605.739103156493,8601.436233604914
2012-01-12,0,1,0.0005,8601.436233604914,8617.747293642615
2012-01-17,1,0,0.0005,8573.04755293097,8568.761029154504
2012-01-18,0,1,0.0005,8568.761029154504,8658.693190319062
2012-01-24,1,0,0.0005,8714.104253770765,8709.74720164388
2012-01-26,0,1,0.0005,8709.74720164388,8660.600136953486
2012-01-27,1,0,0.0005,8660.600136953486,8656.26983688501
2012-02-02,0,1,0.0005,8656.26983688501,8665.655270160316
2012-02-07,1,0,0.0005,8780.409921919174,8776.019716958215
2012-02-08,0,1,0.0005,8776.019716958215,8797.640268857474
2012-02-13,1,0,0.0005,8743.377935705079,8739.006246737226
2012-02-14,0,1,0.0005,8739.006246737226,8723.653741370208
2012-02-15,1,0,0.0005,8723.653741370208,8719.291914499523
2012-02-17,0,1,0.0005,8719.291914499523,8737.972356710276
2012-02-23,1,0,0.0005,8713.584951202773,8709.228158727172
2012-02-24,0,1,0.0005,8709.228158727172,8723.975065103597
2012-03-01,1,0,0.0005,8729.596624750006,8725.231826437632
2012-03-02,0,1,0.0005,8725.231826437632,8694.22135480819
2012-03-05,1,0,0.0005,8694.22135480819,8689.874244130788
2012-03-08,0,1,0.0005,8689.874244130788,8771.559937599588
2012-03-15,1,0,0.0005,8953.777753759738,8949.300864882858
2012-03-16,0,1,0.0005,8949.300864882858,8957.208563367602
2012-03-21,1,0,0.0005,8966.040854249008,8961.557833821884
2012-03-26,0,1,0.0005,8961.557833821884,9081.98096914033
2012-03-28,1,0,0.0005,9053.719654561131,9049.192794733852
2012-04-02,0,1,0.0005,9049.192794733852,9110.62387106147
2012-04-04,1,0,0.0005,9073.286842381938,9068.750198960748
2012-04-12,0,1,0.0005,9068.750198960748,9181.93974414345
2012-04-16,1,0,0.0005,9072.126893981836,9067.590830534846
2012-04-18,0,1,0.0005,9067.590830534846,9032.36518719455
2012-04-19,1,0,0.0005,9032.36518719455,9027.849004600952
2012-04-23,0,1,0.0005,9027.849004600952,8947.103471032342
2012-04-24,1,0,0.0005,8947.103471032342,8942.629919296827
2012-04-25,0,1,0.0005,8942.629919296827,9059.768868478097
2012-05-01,1,0,0.0005,9103.73181517703,9099.179949269443
2012-05-02,0,1,0.0005,9099.179949269443,9067.437525758365
2012-05-03,1,0,0.0005,9067.437525758365,9062.903806995486
2012-05-08,0,1,0.0005,9062.903806995486,9021.941323455554
2012-05-09,1,0,0.0005,9021.941323455554,9017.430352793826
2012-05-11,0,1,0.0005,9017.430352793826,8985.697479670756
2012-05-14,1,0,0.0005,8985.697479670756,8981.20463093092
2012-05-22,0,1,0.0005,8981.20463093092,8992.352415181442
2012-05-29,1,0,0.0005,8985.484593330275,8980.99185103361
2012-05-30,0,1,0.0005,8980.99185103361,8845.231650775777
2012-05-31,1,0,0.0005,8845.231650775777,8840.80903495039
2012-07-26,0,1,0.0005,8840.80903495039,8981.048323723786
2012-07-31,1,0,0.0005,9145.087357098648,9140.514813420099
2012-08-06,0,1,0.0005,9140.514813420099,9153.634468350845
2012-08-14,1,0,0.0005,9228.891609986278,9224.277164181285
2012-08-15,0,1,0.0005,9224.277164181285,9230.142189637418
2012-08-22,1,0,0.0005,9282.882258216612,9278.240817087504
2012-08-23,0,1,0.0005,9278.240817087504,9197.401094262086
2012-08-24,1,0,0.0005,9197.401094262086,9192.802393714956
2012-08-27,0,1,0.0005,9192.802393714956,9190.157281353442
2012-08-29,1,0,0.0005,9181.059120157397,9176.468590597318
2012-08-30,0,1,0.0005,9176.468590597318,9105.499202465768
2012-08-31,1,0,0.0005,9105.499202465768,9100.946452864535
2012-09-04,0,1,0.0005,9100.946452864535,9088.006216341797
2012-09-05,1,0,0.0005,9088.006216341797,9083.462213233626
2012-09-07,0,1,0.0005,9083.462213233626,9114.234255675721
2012-09-11,1,0,0.0005,9062.30373244037,9057.77258057415
2012-09-12,0,1,0.0005,9057.77258057415,9083.402536733567
2012-09-18,1,0,0.0005,9230.048987392835,9225.433962899138
2012-09-20,0,1,0.0005,9225.433962899138,9221.451543478606
2012-09-24,1,0,0.0005,9217.593705677737,9212.984908824898
2012-09-28,0,1,0.0005,9212.984908824898,9165.602377605663
2012-10-01,1,0,0.0005,9165.602377605663,9161.01957641686
2012-10-02,0,1,0.0005,9161.01957641686,9165.955525710418
2012-10-09,1,0,0.0005,9237.90197389994,9233.28302291299
2012-10-12,0,1,0.0005,9233.28302291299,9198.346533404334
2012-10-15,1,0,0.0005,9198.346533404334,9193.747360137631
2012-10-16,0,1,0.0005,9193.747360137631,9281.840808185209
2012-10-19,1,0,0.0005,9299.575197168686,9294.925409570102
2012-10-23,0,1,0.0005,9294.925409570102,9160.393583076644
2012-10-24,1,0,0.0005,9160.393583076644,9155.813386285106
2012-10-26,0,1,0.0005,9155.813386285106,9146.056311959383
2012-10-31,1,0,0.0005,9146.056311959383,9141.483283803404
2012-11-02,0,1,0.0005,9141.483283803404,9055.26275670562
2012-11-05,1,0,0.0005,9055.26275670562,9050.735125327268
2012-11-06,0,1,0.0005,9050.735125327268,9116.753337680655
2012-11-08,1,0,0.0005,8907.75659689543,8903.302718596982
2012-11-12,0,1,0.0005,8903.302718596982,8905.931002215739
2012-11-14,1,0,0.0005,8874.96269425895,8870.52521291182
2012-11-19,0,1,0.0005,8870.52521291182,9043.825149522085
2012-11-27,1,0,0.0005,9167.763341927823,9163.179460256859
2012-11-29,0,1,0.0005,9163.179460256859,9201.250523008817
2012-12-04,1,0,0.0005,9157.761913524704,9153.183032567942
2012-12-06,0,1,0.0005,9153.183032567942,9179.600781560084
2012-12-14,1,0,0.0005,9221.195679890236,9216.585082050291
2012-12-18,0,1,0.0005,9216.585082050291,9313.980225321815
2012-12-20,1,0,0.0005,9244.524484299198,9239.90222205705
2012-12-21,0,1,0.0005,9239.90222205705,9151.027894801256
2012-12-24,1,0,0.0005,9151.027894801256,9146.452380853856
2013-01-02,0,1,0.0005,9146.452380853856,9373.351477859402
2013-01-04,1,0,0.0005,9352.146428293192,9347.470355079045
2013-01-07,0,1,0.0005,9347.470355079045,9317.213855940503
2013-01-08,1,0,0.0005,9317.213855940503,9312.555249012534
2013-01-10,0,1,0.0005,9312.555249012534,9381.639386455261
2013-01-14,1,0,0.0005,9380.999393915932,9376.308894218975
2013-01-16,0,1,0.0005,9376.308894218975,9370.345603811222
2013-01-17,1,0,0.0005,9370.345603811222,9365.660431009317
2013-01-18,0,1,0.0005,9365.660431009317,9381.837024232478
2013-01-29,1,0,0.0005,9491.586427056758,9486.84063384323
2013-01-30,0,1,0.0005,9486.84063384323,9444.87346666702
2013-01-31,1,0,0.0005,9444.87346666702,9440.151029933688
2013-02-04,0,1,0.0005,9440.151029933688,9328.72098433577
2013-02-05,1,0,0.0005,9328.72098433577,9324.056623843602
2013-02-06,0,1,0.0005,9324.056623843602,9326.180010475602
2013-02-08,1,0,0.0005,9313.83737001174,9309.180451326736
2013-02-11,0,1,0.0005,9309.180451326736,9302.684505310664
2013-02-12,1,0,0.0005,9302.684505310664,9298.03316305801
2013-02-13,0,1,0.0005,9298.03316305801,9301.332062612144
2013-02-19,1,0,0.0005,9298.881621428518,9294.232180617804
2013-02-20,0,1,0.0005,9294.232180617804,9173.017743572704
2013-02-21,1,0,0.0005,9173.017743572704,9168.431234700918
2013-02-25,0,1,0.0005,9168.431234700918,8987.720167644571
2013-02-26,1,0,0.0005,8987.720167644571,8983.22630756075
2013-02-27,0,1,0.0005,8983.22630756075,9091.19989394313
2013-03-01,1,0,0.0005,9073.228231462157,9068.691617346427
2013-03-04,0,1,0.0005,9068.691617346427,9112.317588104104
2013-03-13,1,0,0.0005,9276.217864542152,9271.57975560988
2013-03-14,0,1,0.0005,9271.57975560988,9316.170463560678
2013-03-18,1,0,0.0005,9303.865545473269,9299.213612700532
2013-03-21,0,1,0.0005,9299.213612700532,9214.784155075424
2013-03-22,1,0,0.0005,9214.784155075424,9210.176762997886
2013-03-25,0,1,0.0005,9210.176762997886,9167.019302796818
2013-03-26,1,0,0.0005,9167.019302796818,9162.43579314542
2013-03-27,0,1,0.0005,9162.43579314542,9157.854575248848
2013-03-28,1,0,0.0005,9157.854575248848,9153.275647961224
2013-04-01,0,1,0.0005,9153.275647961224,9112.399892904883
2013-04-02,1,0,0.0005,9112.399892904883,9107.843692958431
2013-04-03,0,1,0.0005,9107.843692958431,9010.473803648725
2013-04-04,1,0,0.0005,9010.473803648725,9005.968566746902
2013-04-05,0,1,0.0005,9005.968566746902,8960.92216798514
2013-04-08,1,0,0.0005,8960.92216798514,8956.441706901147
2013-04-09,0,1,0.0005,8956.441706901147,8982.867954829133
2013-04-15,1,0,0.0005,9099.603459515922,9095.053657786164
2013-04-17,0,1,0.0005,9095.053657786164,8956.638404005047
2013-04-18,1,0,0.0005,8956.638404005047,8952.160084803045
2013-04-22,0,1,0.0005,8952.160084803045,8987.322236949036
2013-04-29,1,0,0.0005,9105.882164260925,9101.329223178796
2013-04-30,0,1,0.0005,9101.329223178796,9118.462604697499
2013-05-02,1,0,0.0005,9038.165900137832,9033.646817187764
2013-05-03,0,1,0.0005,9033.646817187764,9120.275592022192
2013-05-10,1,0,0.0005,9205.338617404608,9200.735948095906
2013-05-13,0,1,0.0005,9200.735948095906,9203.451988073144
2013-05-17,1,0,0.0005,9304.02466934716,9299.372657012487
2013-05-20,0,1,0.0005,9299.372657012487,9294.16072338701
2013-05-21,1,0,0.0005,9294.16072338701,9289.513643025319
2013-05-22,0,1,0.0005,9289.513643025319,9215.705134825623
2013-05-23,1,0,0.0005,9215.705134825623,9211.09728225821
2013-05-29,0,1,0.0005,9211.09728225821,9146.473425200209
2013-05-30,1,0,0.0005,9146.473425200209,9141.900188487609
2013-05-31,0,1,0.0005,9141.900188487609,9005.172654915974
2013-06-03,1,0,0.0005,9005.172654915974,9000.670068588517
2013-06-04,0,1,0.0005,9000.670068588517,8952.801559590951
2013-06-05,1,0,0.0005,8952.801559590951,8948.325158811156
2013-06-07,0,1,0.0005,8948.325158811156,9056.958769066552
2013-06-11,1,0,0.0005,9056.958769066552,9052.430289682019
2013-06-14,0,1,0.0005,9052.430289682019,8990.939026673168
2013-06-17,1,0,0.0005,8990.939026673168,8986.443557159831
2013-06-18,0,1,0.0005,8986.443557159831,9052.714778836851
2013-06-20,1,0,0.0005,8926.761030795478,8922.297650280081
2013-06-24,0,1,0.0005,8922.297650280081,8804.376580662249
2013-06-25,1,0,0.0005,8804.376580662249,8799.974392371918
2013-06-26,0,1,0.0005,8799.974392371918,8882.276312463317
2013-07-01,1,0,0.0005,8897.580976335348,8893.13218584718
2013-07-02,0,1,0.0005,8893.13218584718,8880.417118793275
2013-07-03,1,0,0.0005,8880.417118793275,8875.97691023388
2013-07-05,0,1,0.0005,8875.97691023388,8966.78290949272
2013-07-17,1,0,0.0005,9212.9497141986,9208.3432393415
2013-07-18,0,1,0.0005,9208.3432393415,9254.042532885787
2013-07-24,1,0,0.0005,9268.787498877602,9264.153105128164
2013-07-26,0,1,0.0005,9264.153105128164,9269.382923664149
2013-07-30,1,0,0.0005,9240.841641671701,9236.221220850866
2013-08-01,0,1,0.0005,9236.221220850866,9337.74709573679
2013-08-06,1,0,0.0005,9339.908597409929,9335.238643111225
2013-08-09,0,1,0.0005,9335.238643111225,9303.591291249688
2013-08-12,1,0,0.0005,9303.591291249688,9298.939495604063
2013-08-14,0,1,0.0005,9298.939495604063,9246.472356325094
2013-08-15,1,0,0.0005,9246.472356325094,9241.849120146931
2013-08-21,0,1,0.0005,9241.849120146931,9180.119095310207
2013-08-22,1,0,0.0005,9180.119095310207,9175.529035762553
2013-08-23,0,1,0.0005,9175.529035762553,9201.834100298875
2013-08-27,1,0,0.0005,9167.52871900074,9162.94495464124
2013-08-29,0,1,0.0005,9162.94495464124,9172.888629123105
2013-09-03,1,0,0.0005,9143.785838371392,9139.213945452208
2013-09-04,0,1,0.0005,9139.213945452208,9209.940524361067
2013-09-13,1,0,0.0005,9386.983578231442,9382.290086442326
2013-09-16,0,1,0.0005,9382.290086442326,9431.741687850674
2013-09-20,1,0,0.0005,9566.688692598218,9561.90534825192
2013-09-27,0,1,0.0005,9561.90534825192,9513.072318471734
2013-09-30,1,0,0.0005,9513.072318471734,9508.315782312498
2013-10-02,0,1,0.0005,9508.315782312498,9494.575081309978
2013-10-03,1,0,0.0005,9494.575081309978,9489.827793769324
2013-10-07,0,1,0.0005,9489.827793769324,9402.685965445247
2013-10-08,1,0,0.0005,9402.685965445247,9397.984622462525
2013-10-10,0,1,0.0005,9397.984622462525,9593.735763326635
2013-10-16,1,0,0.0005,9623.257054073807,9618.44542554677
2013-10-17,0,1,0.0005,9618.44542554677,9677.702486945966
2013-10-24,1,0,0.0005,9752.637493612741,9747.761174865935
2013-10-25,0,1,0.0005,9747.761174865935,9787.308420667368
2013-10-31,1,0,0.0005,9805.945365236515,9801.042392553898
2013-11-04,0,1,0.0005,9801.042392553898,9830.572773067852
2013-11-06,1,0,0.0005,9799.388237624675,9794.488543505862
2013-11-07,0,1,0.0005,9794.488543505862,9664.96795016472
2013-11-08,1,0,0.0005,9664.96795016472,9660.135466189638
2013-11-11,0,1,0.0005,9660.135466189638,9656.940499234253
2013-11-13,1,0,0.0005,9637.309545159147,9632.490890386569
2013-11-14,0,1,0.0005,9632.490890386569,9675.616273901927
2013-11-19,1,0,0.0005,9683.55740101265,9678.715622312144
2013-11-22,0,1,0.0005,9678.715622312144,9722.167094703142
2013-11-26,1,0,0.0005,9712.487135810874,9707.630892242969
2013-11-27,0,1,0.0005,9707.630892242969,9726.386143126603
2013-12-02,1,0,0.0005,9719.945524419103,9715.085551656894
2013-12-09,0,1,0.0005,9715.085551656894,9734.89253040671
2013-12-11,1,0,0.0005,9699.943859945874,9695.093888015901
2013-12-17,0,1,0.0005,9695.093888015901,9659.358104569415
2013-12-18,1,0,0.0005,9659.358104569415,9654.528425517132
2013-12-19,0,1,0.0005,9654.528425517132,9638.535325491477
2013-12-20,1,0,0.0005,9638.535325491477,9633.716057828731
2013-12-23,0,1,0.0005,9633.716057828731,9680.229289013905
2013-12-30,1,0,0.0005,9750.088903771117,9745.213859319232
2014-01-02,0,1,0.0005,9745.213859319232,9646.497022819687
2014-01-03,1,0,0.0005,9646.497022819687,9641.673774308278
2014-01-08,0,1,0.0005,9641.673774308278,9638.957178064627
2014-01-14,1,0,0.0005,9541.939611178648,9537.168641373059
2014-01-15,0,1,0.0005,9537.168641373059,9583.670634011558
2014-01-17,1,0,0.0005,9571.209327622508,9566.423722958698
2014-01-22,0,1,0.0005,9566.423722958698,9567.871048058261
2014-01-24,1,0,0.0005,9489.157338877463,9484.412760208024
2014-01-29,0,1,0.0005,9484.412760208024,9388.13257887563
2014-01-30,1,0,0.0005,9388.13257887563,9383.438512586192
2014-01-31,0,1,0.0005,9383.438512586192,9323.612050938927
2014-02-03,1,0,0.0005,9323.612050938927,9318.950244913458
2014-02-05,0,1,0.0005,9318.950244913458,9302.594147692274
2014-02-06,1,0,0.0005,9302.594147692274,9297.942850618429
2014-02-07,0,1,0.0005,9297.942850618429,9407.840367594108
2014-02-20,1,0,0.0005,9581.651534352393,9576.860708585218
2014-02-21,0,1,0.0005,9576.860708585218,9561.140462444073
2014-02-24,1,0,0.0005,9561.140462444073,9556.359892212851
2014-02-25,0,1,0.0005,9556.359892212851,9547.959986077705
2014-02-26,1,0,0.0005,9547.959986077705,9543.186006084667
2014-02-27,0,1,0.0005,9543.186006084667,9588.360458963649
2014-03-04,1,0,0.0005,9544.749195174461,9539.976820576874
2014-03-05,0,1,0.0005,9539.976820576874,9543.84869452699
2014-03-11,1,0,0.0005,9564.662202032672,9559.879870931656
2014-03-13,0,1,0.0005,9559.879870931656,9447.299440335064
2014-03-14,1,0,0.0005,9447.299440335064,9442.575790614897
2014-03-18,0,1,0.0005,9442.575790614897,9505.011387607818
2014-03-20,1,0,0.0005,9454.22859587111,9449.501481573176
2014-03-21,0,1,0.0005,9449.501481573176,9408.051131883922
2014-03-24,1,0,0.0005,9408.051131883922,9403.34710631798
2014-03-26,0,1,0.0005,9403.34710631798,9330.770006448087
2014-03-27,1,0,0.0005,9330.770006448087,9326.104621444863
2014-03-31,0,1,0.0005,9326.104621444863,9397.554119210812
2014-04-04,1,0,0.0005,9478.69353471122,9473.954187943864
2014-04-09,0,1,0.0005,9473.954187943864,9570.525865638045
2014-04-11,1,0,0.0005,9367.346443141621,9362.66276992005
2014-04-15,0,1,0.0005,9362.66276992005,9422.243812589992
2014-04-24,1,0,0.0005,9587.7786398029,9582.984750483
2014-04-25,0,1,0.0005,9582.984750483,9499.302537940792
2014-04-28,1,0,0.0005,9499.302537940792,9494.552886671821
2014-04-29,0,1,0.0005,9494.552886671821,9533.905940423758
2014-05-05,1,0,0.0005,9549.595139300976,9544.820341731327
2014-05-06,0,1,0.0005,9544.820341731327,9456.60891179159
2014-05-07,1,0,0.0005,9456.60891179159,9451.880607335695
2014-05-08,0,1,0.0005,9451.880607335695,9437.088115571194
2014-05-09,1,0,0.0005,9437.088115571194,9432.369571513409
2014-05-12,0,1,0.0005,9432.369571513409,9519.03988627781
2014-05-15,1,0,0.0005,9482.313086703434,9477.571930160084
2014-05-19,0,1,0.0005,9477.571930160084,9507.546023666027
2014-05-21,1,0,0.0005,9447.411453830047,9442.687748103133
2014-05-22,0,1,0.0005,9442.687748103133,9460.905636111664
2014-05-29,1,0,0.0005,9549.976149261756,9545.201161187126
2014-05-30,0,1,0.0005,9545.201161187126,9555.800457893682
2014-06-04,1,0,0.0005,9561.744557656279,9556.963685377452
2014-06-05,0,1,0.0005,9556.963685377452,9614.311270714148
2014-06-12,1,0,0.0005,9637.376776902514,9632.558088514064
2014-06-16,0,1,0.0005,9632.558088514064,9635.67154596866
2014-06-24,1,0,0.0005,9760.755893545569,9755.875515598796
2014-06-26,0,1,0.0005,9755.875515598796,9744.013653849956
2014-06-27,1,0,0.0005,9744.013653849956,9739.14164702303
2014-06-30,0,1,0.0005,9739.14164702303,9729.29820309594
2014-07-01,1,0,0.0005,9729.29820309594,9724.433553994391
2014-07-02,0,1,0.0005,9724.433553994391,9729.435536647139
2014-07-08,1,0,0.0005,9743.070550392282,9738.199015117087
2014-07-10,0,1,0.0005,9738.199015117087,9694.719925381945
2014-07-11,1,0,0.0005,9694.719925381945,9689.872565419255
2014-07-14,0,1,0.0005,9689.872565419255,9733.695612036894
2014-07-16,1,0,0.0005,9715.452541344175,9710.594815073504
2014-07-17,0,1,0.0005,9710.594815073504,9594.736916340056
2014-07-18,1,0,0.0005,9594.736916340056,9589.939547881886
2014-07-21,0,1,0.0005,9589.939547881886,9567.183646515912
2014-07-22,1,0,0.0005,9567.183646515912,9562.400054692655
2014-07-23,0,1,0.0005,9562.400054692655,9578.827975644235
2014-07-28,1,0,0.0005,9534.357964294519,9529.590785312372
2014-07-29,0,1,0.0005,9529.590785312372,9483.786913534044
2014-07-30,1,0,0.0005,9483.786913534044,9479.045020077278
2014-07-31,0,1,0.0005,9479.045020077278,9285.236946551846
2014-08-01,1,0,0.0005,9285.236946551846,9280.59432807857
2014-08-05,0,1,0.0005,9280.59432807857,9185.528458087983
2014-08-06,1,0,0.0005,9185.528458087983,9180.93569385894
2014-08-07,0,1,0.0005,9180.93569385894,9126.498321361632
2014-08-08,1,0,0.0005,9126.498321361632,9121.935072200951
2014-08-11,0,1,0.0005,9121.935072200951,9143.768387476894
2014-08-13,1,0,0.0005,9131.02057706083,9126.4550667723
2014-08-14,0,1,0.0005,9126.4550667723,9164.88519819344
2014-08-18,1,0,0.0005,9163.014233103446,9158.432725986895
2014-08-19,0,1,0.0005,9158.432725986895,9201.52622592133
2014-08-25,1,0,0.0005,9238.547138896518,9233.92786532707
2014-08-26,0,1,0.0005,9233.92786532707,9235.305959807285
2014-08-28,1,0,0.0005,9231.618376029544,9227.002566841531
2014-09-02,0,1,0.0005,9227.002566841531,9217.79073132043
2014-09-03,1,0,0.0005,9217.79073132043,9213.18183595477
2014-09-08,0,1,0.0005,9213.18183595477,9184.72026210278
2014-09-09,1,0,0.0005,9184.72026210278,9180.12790197173
2014-09-11,0,1,0.0005,9180.12790197173,9186.088723533192
2014-09-15,1,0,0.0005,9132.269874082624,9127.703739145583
2014-09-17,0,1,0.0005,9127.703739145583,9135.425292191198
2014-09-22,1,0,0.0005,9175.713441366916,9171.125584646232
2014-09-25,0,1,0.0005,9171.125584646232,9017.352118993425
2014-09-26,1,0,0.0005,9017.352118993425,9012.843442933929
2014-09-29,0,1,0.0005,9012.843442933929,8991.928245412353
2014-09-30,1,0,0.0005,8991.928245412353,8987.432281289648
2014-10-03,0,1,0.0005,8987.432281289648,9081.344189166268
2014-10-07,1,0,0.0005,9070.706901220736,9066.171547770125
2014-10-09,0,1,0.0005,9066.171547770125,8880.02167485905
2014-10-10,1,0,0.0005,8880.02167485905,8875.581664021622
2014-10-15,0,1,0.0005,8875.581664021622,8810.888980779742
2014-10-16,1,0,0.0005,8810.888980779742,8806.483536289354
2014-11-06,0,1,0.0005,8806.483536289354,8837.262260250938
2014-11-13,1,0,0.0005,8872.44216171522,8868.005940634363
2014-11-14,0,1,0.0005,8868.005940634363,8865.741480804063
2014-11-20,1,0,0.0005,8908.121509876482,8903.667449121545
2014-11-21,0,1,0.0005,8903.667449121545,8946.727430762821
2014-11-26,1,0,0.0005,8965.305726101386,8960.823073238334
2014-11-28,0,1,0.0005,8960.823073238334,8937.33190589617
2014-12-01,1,0,0.0005,8937.33190589617,8932.863239943223
2014-12-03,0,1,0.0005,8932.863239943223,8962.840063716543
2014-12-05,1,0,0.0005,8952.91767990641,8948.441221066458
2014-12-08,0,1,0.0005,8948.441221066458,8883.967924827872
2014-12-09,1,0,0.0005,8883.967924827872,8879.525940865458
2014-12-12,0,1,0.0005,8879.525940865458,8730.406722277605
2014-12-15,1,0,0.0005,8730.406722277605,8726.041518916467
2014-12-18,0,1,0.0005,8726.041518916467,8934.837440451434
2014-12-31,1,0,0.0005,9019.407459228576,9014.897755498961
2015-01-08,0,1,0.0005,9014.897755498961,9168.958411870542
2015-01-12,1,0,0.0005,9095.187239431885,9090.639645812169
2015-01-20,0,1,0.0005,9090.639645812169,9105.46113814253
2015-01-26,1,0,0.0005,9235.340983244761,9230.72331275314
2015-01-27,0,1,0.0005,9230.72331275314,9103.53643855022
2015-01-28,1,0,0.0005,9103.53643855022,9098.984670330945
2015-01-30,0,1,0.0005,9098.984670330945,8979.288963330171
2015-02-02,1,0,0.0005,8979.288963330171,8974.799318848507
2015-02-03,0,1,0.0005,8974.799318848507,9099.167226351592
2015-02-05,1,0,0.0005,9064.454471662395,9059.922244426565
2015-02-06,0,1,0.0005,9059.922244426565,9030.304086397578
2015-02-09,1,0,0.0005,9030.304086397578,9025.78893435438
2015-02-11,0,1,0.0005,9025.78893435438,9026.512590203518
2015-02-20,1,0,0.0005,9159.048267338103,9154.468743204434
2015-02-23,0,1,0.0005,9154.468743204434,9148.5900911206
2015-02-24,1,0,0.0005,9148.5900911206,9144.01579607504
2015-02-25,0,1,0.0005,9144.01579607504,9131.670345867862
2015-02-26,1,0,0.0005,9131.670345867862,9127.10451069493
2015-03-03,0,1,0.0005,9127.10451069493,9085.0044962199
2015-03-04,1,0,0.0005,9085.0044962199,9080.461993971792
2015-03-06,0,1,0.0005,9080.461993971792,8947.302789992338
2015-03-09,1,0,0.0005,8947.302789992338,8942.829138597343
2015-03-10,0,1,0.0005,8942.829138597343,8792.097837010715
2015-03-11,1,0,0.0005,8792.097837010715,8787.70178809221
2015-03-13,0,1,0.0005,8787.70178809221,8729.252578178352
2015-03-16,1,0,0.0005,8729.252578178352,8724.887951889263
2015-03-17,0,1,0.0005,8724.887951889263,8694.55224777824
2015-03-18,1,0,0.0005,8694.55224777824,8690.204971654352
2015-03-19,0,1,0.0005,8690.204971654352,8646.129208458853
2015-03-20,1,0,0.0005,8646.129208458853,8641.806143854625
2015-03-23,0,1,0.0005,8641.806143854625,8620.629249591282
2015-03-24,1,0,0.0005,8620.629249591282,8616.318934966486
2015-03-30,0,1,0.0005,8616.318934966486,8716.489943325998
2015-04-01,1,0,0.0005,8639.977232337342,8635.657243721174
2015-04-06,0,1,0.0005,8635.657243721174,8689.29178159397
2015-04-08,1,0,0.0005,8666.266126470719,8661.932993407483
2015-04-09,0,1,0.0005,8661.932993407483,8695.833870029643
2015-04-14,1,0,0.0005,8703.524901132121,8699.173138681555
2015-04-15,0,1,0.0005,8699.173138681555,8733.77081589238
2015-04-17,1,0,0.0005,8731.2836370584,8726.91799523987
2015-04-21,0,1,0.0005,8726.91799523987,8712.149012732843
2015-04-22,1,0,0.0005,8712.149012732843,8707.792938226477
2015-04-23,0,1,0.0005,8707.792938226477,8725.322122243273
2015-04-28,1,0,0.0005,8709.109337585665,8704.754782916873
2015-04-29,0,1,0.0005,8704.754782916873,8664.513350214886
2015-04-30,1,0,0.0005,8664.513350214886,8660.181093539779
2015-05-04,0,1,0.0005,8660.181093539779,8680.47297659749
2015-05-06,1,0,0.0005,8580.493796696323,8576.203549797974
2015-05-08,0,1,0.0005,8576.203549797974,8684.093054162078
2015-05-12,1,0,0.0005,8642.547946243434,8638.226672270313
2015-05-14,0,1,0.0005,8638.226672270313,8723.515194461621
2015-05-20,1,0,0.0005,8757.175988170267,8752.797400176183
2015-05-22,0,1,0.0005,8752.797400176183,8727.486257643945
2015-05-26,1,0,0.0005,8727.486257643945,8723.122514515124
2015-05-28,0,1,0.0005,8723.122514515124,8708.912044285187
2015-05-29,1,0,0.0005,8708.912044285187,8704.557588263046
2015-06-02,0,1,0.0005,8704.557588263046,8691.559854468636
2015-06-03,1,0,0.0005,8691.559854468636,8687.214074541402
2015-06-04,0,1,0.0005,8687.214074541402,8609.181569522685
2015-06-05,1,0,0.0005,8609.181569522685,8604.876978737924
2015-06-11,0,1,0.0005,8604.876978737924,8628.266751377674
2015-06-15,1,0,0.0005,8561.964902466156,8557.683920014922
2015-06-17,0,1,0.0005,8557.683920014922,8567.23439825566
2015-06-22,1,0,0.0005,8617.358522537392,8613.049843276123
2015-06-23,0,1,0.0005,8613.049843276123,8614.837829128277
2015-06-25,1,0,0.0005,8552.043546528159,8547.767524754896
2015-07-01,0,1,0.0005,8547.767524754896,8611.732922882915
2015-07-06,1,0,0.0005,8603.845040833909,8599.543118313492
2015-07-08,0,1,0.0005,8599.543118313492,8449.743931587718
2015-07-09,1,0,0.0005,8449.743931587718,8445.519059621925
2015-07-10,0,1,0.0005,8445.519059621925,8546.974633863294
2015-07-16,1,0,0.0005,8675.312699511302,8670.975043161547
2015-07-17,0,1,0.0005,8670.975043161547,8673.987716926475
2015-07-22,1,0,0.0005,8644.118469378442,8639.796410143754
2015-07-29,0,1,0.0005,8639.796410143754,8694.706908291451
2015-08-03,1,0,0.0005,8683.559278272245,8679.21749863311
2015-08-06,0,1,0.0005,8679.21749863311,8603.522086675912
2015-08-07,1,0,0.0005,8603.522086675912,8599.220325632574
2015-08-11,0,1,0.0005,8599.220325632574,8516.976358197677
2015-08-12,1,0,0.0005,8516.976358197677,8512.717870018578
2015-08-13,0,1,0.0005,8512.717870018578,8497.862371184223
2015-08-14,1,0,0.0005,8497.862371184223,8493.613439998631
2015-08-17,0,1,0.0005,8493.613439998631,8536.687108109281
2015-08-19,1,0,0.0005,8511.923186466245,8507.667224873012
2015-10-19,0,1,0.0005,8507.667224873012,8507.597853406922
2015-10-21,1,0,0.0005,8496.713149113564,8492.464792539007
2015-10-23,0,1,0.0005,8492.464792539007,8580.805182841472
2015-10-27,1,0,0.0005,8559.69021780071,8555.41037269181
2015-10-29,0,1,0.0005,8555.41037269181,8546.218961161916
2015-10-30,1,0,0.0005,8546.218961161916,8541.945851681336
2015-11-03,0,1,0.0005,8541.945851681336,8562.408238416667
2015-11-05,1,0,0.0005,8536.396346542335,8532.128148369064
2015-11-11,0,1,0.0005,8532.128148369064,8494.253439379132
2015-11-12,1,0,0.0005,8494.253439379132,8490.006312659443
2015-11-17,0,1,0.0005,8490.006312659443,8479.564702332142
2015-11-18,1,0,0.0005,8479.564702332142,8475.324919980976
2015-11-19,0,1,0.0005,8475.324919980976,8463.776211560173
2015-11-20,1,0,0.0005,8463.776211560173,8459.544323454393
2015-11-23,0,1,0.0005,8459.544323454393,8445.607542184203
2015-11-24,1,0,0.0005,8445.607542184203,8441.384738413111
2015-11-25,0,1,0.0005,8441.384738413111,8435.953840484033
2015-11-27,1,0,0.0005,8435.953840484033,8431.735863563792
2015-11-30,0,1,0.0005,8431.735863563792,8392.441995243948
2015-12-01,1,0,0.0005,8392.441995243948,8388.245774246327
2015-12-02,0,1,0.0005,8388.245774246327,8298.010439814045
2015-12-03,1,0,0.0005,8298.010439814045,8293.861434594139
2015-12-07,0,1,0.0005,8293.861434594139,8239.3127065653
2015-12-08,1,0,0.0005,8239.3127065653,8235.193050212018
2015-12-11,0,1,0.0005,8235.193050212018,8069.901232714693
2015-12-14,1,0,0.0005,8069.901232714693,8065.866282098336
2015-12-15,0,1,0.0005,8065.866282098336,8146.063645474211
2015-12-18,1,0,0.0005,8137.491992928438,8133.423246931974
2016-03-14,0,1,0.0005,8133.423246931974,8118.922613474584
2016-03-15,1,0,0.0005,8118.922613474584,8114.863152167847
2016-03-17,0,1,0.0005,8114.863152167847,8162.125781552635
2016-03-23,1,0,0.0005,8201.343970827676,8197.243298842262
2016-03-29,0,1,0.0005,8197.243298842262,8268.620429395907
2016-04-01,1,0,0.0005,8284.641708957666,8280.499388103188
2016-04-04,0,1,0.0005,8280.499388103188,8249.5037565254
2016-04-05,1,0,0.0005,8249.5037565254,8245.379004647139
2016-04-07,0,1,0.0005,8245.379004647139,8141.996832389527
2016-04-08,1,0,0.0005,8141.996832389527,8137.925833973333
2016-04-11,0,1,0.0005,8137.925833973333,8114.733138152719
2016-04-12,1,0,0.0005,8114.733138152719,8110.675771583643
2016-04-13,0,1,0.0005,8110.675771583643,8188.13886773494
2016-04-18,1,0,0.0005,8179.472658650249,8175.382922320925
2016-04-19,0,1,0.0005,8175.382922320925,8197.045393717914
2016-04-22,1,0,0.0005,8160.606239589602,8156.525936469808
2016-04-27,0,1,0.0005,8156.525936469808,8169.218101751728
2016-04-29,1,0,0.0005,8094.7373669716,8090.689998288114
2016-05-03,0,1,0.0005,8090.689998288114,8015.91982372328
2016-05-04,1,0,0.0005,8015.91982372328,8011.91186381142
2016-05-09,0,1,0.0005,8011.91186381142,8014.523059164411
2016-05-12,1,0,0.0005,8037.301156135573,8033.282505557506
2016-05-13,0,1,0.0005,8033.282505557506,7958.954458373912
2016-05-16,1,0,0.0005,7958.954458373912,7954.9749811447255
2016-05-17,0,1,0.0005,7954.9749811447255,7876.402928479178
2016-05-18,1,0,0.0005,7876.402928479178,7872.464727014939
2016-05-19,0,1,0.0005,7872.464727014939,7841.20352068862
2016-05-20,1,0,0.0005,7841.20352068862,7837.282918928277
2016-05-23,0,1,0.0005,7837.282918928277,7822.677807162937
2016-05-24,1,0,0.0005,7822.677807162937,7818.766468259356
2016-05-25,0,1,0.0005,7818.766468259356,7867.715401899082
2016-06-01,1,0,0.0005,7888.678700570018,7884.734361219734
2016-06-02,0,1,0.0005,7884.734361219734,7904.752169257811
2016-06-06,1,0,0.0005,7881.1057742161565,7877.165221329049
2016-06-07,0,1,0.0005,7877.165221329049,7885.514658668401
2016-06-10,1,0,0.0005,7900.367482675967,7896.41729893463
2016-06-17,0,1,0.0005,7896.41729893463,7863.007263991736
2016-06-20,1,0,0.0005,7863.007263991736,7859.07576035974
2016-06-21,0,1,0.0005,7859.07576035974,7877.421072389949
2016-06-23,1,0,0.0005,7864.56292618572,7860.630644722628
2016-06-24,0,1,0.0005,7860.630644722628,7569.23875464694
2016-06-27,1,0,0.0005,7569.23875464694,7565.454135269617
2016-07-27,0,1,0.0005,7565.454135269617,7553.639829898174
2016-07-28,1,0,0.0005,7553.639829898174,7549.863009983225
2016-07-29,0,1,0.0005,7549.863009983225,7558.265011768068
2016-08-02,1,0,0.0005,7551.99736801633,7548.221369332323
2016-08-04,0,1,0.0005,7548.221369332323,7552.473139030633
2016-08-09,1,0,0.0005,7609.454564348731,7605.649837066557
2016-08-10,0,1,0.0005,7605.649837066557,7583.001983758916
2016-08-11,1,0,0.0005,7583.001983758916,7579.210482767037
2016-08-12,0,1,0.0005,7579.210482767037,7568.831620358674
2016-08-15,1,0,0.0005,7568.831620358674,7565.047204548495
2016-08-16,0,1,0.0005,7565.047204548495,7522.145628553091
2016-08-17,1,0,0.0005,7522.145628553091,7518.384555738815
2016-08-18,0,1,0.0005,7518.384555738815,7531.4796423501675
2016-08-22,1,0,0.0005,7520.460145565065,7516.699915492283
2016-08-24,0,1,0.0005,7516.699915492283,7474.396294651917
2016-08-25,1,0,0.0005,7474.396294651917,7470.659096504592
2016-08-30,0,1,0.0005,7470.659096504592,7454.598471032251
2016-08-31,1,0,0.0005,7454.598471032251,7450.871171796735
2016-09-02,0,1,0.0005,7450.871171796735,7480.656435281633
2016-09-08,1,0,0.0005,7502.5468874552025,7498.795614011476
2016-09-13,0,1,0.0005,7498.795614011476,7386.466254832493
2016-09-14,1,0,0.0005,7386.466254832493,7382.773021705078
2016-09-16,0,1,0.0005,7382.773021705078,7350.489446850863
2016-09-19,1,0,0.0005,7350.489446850863,7346.814202127438
2016-09-20,0,1,0.0005,7346.814202127438,7343.485828572358
2016-09-26,1,0,0.0005,7431.195438731124,7427.479841011759
2016-09-28,0,1,0.0005,7427.479841011759,7460.542293758021
2016-09-30,1,0,0.0005,7392.73799181256,7389.041622816654
2016-10-03,0,1,0.0005,7389.041622816654,7367.560775428128
2016-10-04,1,0,0.0005,7367.560775428128,7363.876995040415
2016-10-06,0,1,0.0005,7363.876995040415,7365.316646356247
2016-10-10,1,0,0.0005,7340.016734506691,7336.346726139438
2016-10-11,0,1,0.0005,7336.346726139438,7239.433572587913
2016-10-12,1,0,0.0005,7239.433572587913,7235.813855801619
2016-10-13,0,1,0.0005,7235.813855801619,7208.457508976757
2016-10-14,1,0,0.0005,7208.457508976757,7204.853280222269
2016-10-17,0,1,0.0005,7204.853280222269,7176.18971324111
2016-10-18,1,0,0.0005,7176.18971324111,7172.60161838449
2016-10-19,0,1,0.0005,7172.60161838449,7188.121187490756
2016-10-21,1,0,0.0005,7174.6919519186795,7171.104605942721
2016-10-24,0,1,0.0005,7171.104605942721,7197.952465015759
2016-10-26,1,0,0.0005,7173.794449989566,7170.207552764571
2016-11-01,0,1,0.0005,7170.207552764571,7114.480687227871
2016-11-02,1,0,0.0005,7114.480687227871,7110.923446884258
2016-11-08,0,1,0.0005,7110.923446884258,7139.323109494977
2016-11-14,1,0,0.0005,7215.908265519036,7212.300311386277
2016-11-15,0,1,0.0005,7212.300311386277,7264.751937324415
2016-11-17,1,0,0.0005,7251.094283102467,7247.468735960916
2016-11-18,0,1,0.0005,7247.468735960916,7227.60907368823
2016-11-21,1,0,0.0005,7227.60907368823,7223.995269151386
2016-11-22,0,1,0.0005,7223.995269151386,7234.479145619589
2016-11-29,1,0,0.0005,7231.069639795061,7227.454104975164
2016-11-30,0,1,0.0005,7227.454104975164,7206.477801557216
2016-12-01,1,0,0.0005,7206.477801557216,7202.874562656438
2016-12-05,0,1,0.0005,7202.874562656438,7242.423782999152
2016-12-13,1,0,0.0005,7413.653049523684,7409.946222998922
2016-12-14,0,1,0.0005,7409.946222998922,7344.82346546155
2016-12-15,1,0,0.0005,7344.82346546155,7341.1510537288195
2016-12-16,0,1,0.0005,7341.1510537288195,7323.108438514242
2016-12-19,1,0,0.0005,7323.108438514242,7319.4468842949855
2016-12-20,0,1,0.0005,7319.4468842949855,7343.967573068041
2016-12-22,1,0,0.0005,7323.502538983884,7319.840787714393
2016-12-27,0,1,0.0005,7319.840787714393,7334.318978259175
2016-12-29,1,0,0.0005,7273.452213494852,7269.815487388105
2017-01-04,0,1,0.0005,7269.815487388105,7309.30080379383
2017-01-06,1,0,0.0005,7303.493444060451,7299.841697338421
2017-01-09,0,1,0.0005,7299.841697338421,7272.0549557088525
2017-01-10,1,0,0.0005,7272.0549557088525,7268.418928230998
2017-01-12,0,1,0.0005,7268.418928230998,7246.519671563991
2017-01-13,1,0,0.0005,7246.519671563991,7242.896411728209
2017-01-17,0,1,0.0005,7242.896411728209,7213.709195538772
2017-01-18,1,0,0.0005,7213.709195538772,7210.102340941004
2017-01-19,0,1,0.0005,7210.102340941004,7179.737128629676
2017-01-20,1,0,0.0005,7179.737128629676,7176.1472600653615
2017-01-23,0,1,0.0005,7176.1472600653615,7153.861113635504
2017-01-24,1,0,0.0005,7153.861113635504,7150.2841830786865
2017-01-25,0,1,0.0005,7150.2841830786865,7208.3332364260505
2017-01-27,1,0,0.0005,7200.792985177306,7197.1925886847175
2017-02-02,0,1,0.0005,7197.1925886847175,7198.334939450462
2017-02-07,1,0,0.0005,7234.814369954494,7231.196962769518
2017-02-08,0,1,0.0005,7231.196962769518,7237.05226573066
2017-02-17,1,0,0.0005,7409.598527341964,7405.893728078293
2017-02-21,0,1,0.0005,7405.893728078293,7446.164090736971
2017-02-23,1,0,0.0005,7439.547943228674,7435.82816925706
2017-02-24,0,1,0.0005,7435.82816925706,7441.539887708419
2017-03-01,1,0,0.0005,7433.016225656363,7429.299717543535
2017-03-02,0,1,0.0005,7429.299717543535,7378.65380215887
2017-03-03,1,0,0.0005,7378.65380215887,7374.9644752577915
2017-03-06,0,1,0.0005,7374.9644752577915,7349.28494165825
2017-03-07,1,0,0.0005,7349.28494165825,7345.610299187421
2017-03-10,0,1,0.0005,7345.610299187421,7367.631263079376
2017-03-15,1,0,0.0005,7343.0880352237255,7339.416491206114
2017-03-16,0,1,0.0005,7339.416491206114,7321.297575948795
2017-03-17,1,0,0.0005,7321.297575948795,7317.636927160821
2017-03-23,0,1,0.0005,7317.636927160821,7306.163143579904
2017-03-24,1,0,0.0005,7306.163143579904,7302.510062008114
2017-03-29,0,1,0.0005,7302.510062008114,7305.680273391999
2017-04-03,1,0,0.0005,7311.829333015982,7308.173418349475
2017-04-05,0,1,0.0005,7308.173418349475,7282.762639215614
2017-04-06,1,0,0.0005,7282.762639215614,7279.121257896007
2017-04-07,0,1,0.0005,7279.121257896007,7268.057019103645
2017-04-10,1,0,0.0005,7268.057019103645,7264.422990594094
2017-04-11,0,1,0.0005,7264.422990594094,7252.143537832154
2017-04-12,1,0,0.0005,7252.143537832154,7248.517466063238
2017-04-18,0,1,0.0005,7248.517466063238,7223.23135344197
2017-04-19,1,0,0.0005,7223.23135344197,7219.61973776525
2017-04-21,0,1,0.0005,7219.61973776525,7192.96416309054
2017-04-24,1,0,0.0005,7192.96416309054,7189.367681008995
2017-04-25,0,1,0.0005,7189.367681008995,7227.48436879683
2017-04-27,1,0,0.0005,7222.938749309852,7219.327279935197
2017-04-28,0,1,0.0005,7219.327279935197,7199.967942614199
2017-05-01,1,0,0.0005,7199.967942614199,7196.3679586428925
2017-05-02,0,1,0.0005,7196.3679586428925,7195.484564910638
2017-05-04,1,0,0.0005,7186.739474500737,7183.146104763487
2017-05-05,0,1,0.0005,7183.146104763487,7207.778526470099
2017-05-09,1,0,0.0005,7206.577252102051,7202.973963476
2017-05-11,0,1,0.0005,7202.973963476,7184.642649328927
2017-05-12,1,0,0.0005,7184.642649328927,7181.050328004263
2017-05-16,0,1,0.0005,7181.050328004263,7170.883162135502
2017-05-17,1,0,0.0005,7170.883162135502,7167.297720554435
2017-05-19,0,1,0.0005,7167.297720554435,7210.180425095978
2017-05-30,1,0,0.0005,7312.832920790182,7309.176504329786
2017-06-02,0,1,0.0005,7309.176504329786,7329.809753669245
2017-06-06,1,0,0.0005,7324.405027959476,7320.742825445496
2017-06-08,0,1,0.0005,7320.742825445496,7320.687864816193
2017-06-12,1,0,0.0005,7309.567486754581,7305.912703011204
2017-06-14,0,1,0.0005,7305.912703011204,7292.992225435094
2017-06-15,1,0,0.0005,7292.992225435094,7289.345729322377
2017-06-19,0,1,0.0005,7289.345729322377,7346.134028538856
2017-06-21,1,0,0.0005,7296.423542609895,7292.77533083859
2017-06-26,0,1,0.0005,7292.77533083859,7293.926126617291
2017-06-28,1,0,0.0005,7234.928545220833,7231.311080948223
2017-06-29,0,1,0.0005,7231.311080948223,7163.86016128418
2017-06-30,1,0,0.0005,7163.86016128418,7160.278231203539
2017-07-03,0,1,0.0005,7160.278231203539,7168.827505226501
2017-07-07,1,0,0.0005,7119.375023049836,7115.815335538312
2017-07-10,0,1,0.0005,7115.815335538312,7119.894407797528
2017-07-12,1,0,0.0005,7114.605031895817,7111.047729379869
2017-07-13,0,1,0.0005,7111.047729379869,7119.431242796435
2017-07-18,1,0,0.0005,7151.685742849961,7148.109899978536
2017-07-19,0,1,0.0005,7148.109899978536,7183.130130905954
2017-07-24,1,0,0.0005,7179.9266672895865,7176.336703955942
2017-07-26,0,1,0.0005,7176.336703955942,7173.037410112824
2017-07-28,1,0,0.0005,7166.367640798613,7162.784456978215
2017-08-02,0,1,0.0005,7162.784456978215,7162.675741788035
2017-08-04,1,0,0.0005,7148.770081262506,7145.195696221876
2017-08-07,0,1,0.0005,7145.195696221876,7154.897944299503
2017-08-09,1,0,0.0005,7137.2677136275515,7133.6990797707385
2017-08-14,0,1,0.0005,7133.6990797707385,7200.50153360567
2017-08-16,1,0,0.0005,7199.626783300526,7196.026969908876
2017-08-17,0,1,0.0005,7196.026969908876,7079.353743184197
2017-08-18,1,0,0.0005,7079.353743184197,7075.814066312605
2017-08-22,0,1,0.0005,7075.814066312605,7145.884293819508
2017-08-24,1,0,0.0005,7120.217032614638,7116.656924098331
2017-08-28,0,1,0.0005,7116.656924098331,7113.390951251032
2017-09-06,1,0,0.0005,7156.319911256789,7152.7417513011615
2017-09-07,0,1,0.0005,7152.7417513011615,7148.296185836217
2017-09-08,1,0,0.0005,7148.296185836217,7144.7220377433
2017-09-12,0,1,0.0005,7144.7220377433,7165.192042638204
2017-09-15,1,0,0.0005,7166.337432111679,7162.754263395624
2017-09-18,0,1,0.0005,7162.754263395624,7174.390872459575
2017-09-22,1,0,0.0005,7164.878820477715,7161.296381067476
2017-09-25,0,1,0.0005,7161.296381067476,7143.058976506006
2017-09-26,1,0,0.0005,7143.058976506006,7139.487447017753
2017-09-27,0,1,0.0005,7139.487447017753,7163.666986571709
2017-10-09,1,0,0.0005,7287.1591581023,7283.51557852325
2017-10-11,0,1,0.0005,7283.51557852325,7291.308306473158
2017-10-13,1,0,0.0005,7280.434126556355,7276.793909493077
2017-10-16,0,1,0.0005,7276.793909493077,7282.85461121136
2017-10-24,1,0,0.0005,7306.088688799585,7302.435644455186
2017-10-25,0,1,0.0005,7302.435644455186,7262.547448551718
2017-10-26,1,0,0.0005,7262.547448551718,7258.916174827443
2017-10-27,0,1,0.0005,7258.916174827443,7314.39652954478
2017-10-31,1,0,0.0005,7287.098344495962,7283.454795323714
2017-11-01,0,1,0.0005,7283.454795323714,7289.43608255325
2017-11-08,1,0,0.0005,7322.791280662439,7319.129885022108
2017-11-09,0,1,0.0005,7319.129885022108,7288.871648390851
2017-11-10,1,0,0.0005,7288.871648390851,7285.227212566656
2017-11-14,0,1,0.0005,7285.227212566656,7264.644948747059
2017-11-15,1,0,0.0005,7264.644948747059,7261.012626272686
2017-11-17,0,1,0.0005,7261.012626272686,7236.010587826176
2017-11-20,1,0,0.0005,7236.010587826176,7232.392582532263
2017-11-21,0,1,0.0005,7232.392582532263,7275.9422066394145
2017-11-24,1,0,0.0005,7269.5035127056035,7265.868760949251
2017-11-27,0,1,0.0005,7265.868760949251,7258.608497786749
2017-11-28,1,0,0.0005,7258.608497786749,7254.979193537855
2017-11-29,0,1,0.0005,7254.979193537855,7246.934767430245
2017-11-30,1,0,0.0005,7246.934767430245,7243.311300046531
2017-12-01,0,1,0.0005,7243.311300046531,7224.639779405069
2017-12-04,1,0,0.0005,7224.639779405069,7221.027459515367
2017-12-07,0,1,0.0005,7221.027459515367,7240.151867351247
2017-12-14,1,0,0.0005,7313.478300434713,7309.821561284496
2017-12-18,0,1,0.0005,7309.821561284496,7352.373255002668
2017-12-20,1,0,0.0005,7324.082390930152,7320.420349734687
2017-12-22,0,1,0.0005,7320.420349734687,7314.846615582176
2017-12-26,1,0,0.0005,7314.846615582176,7311.189192274385
2017-12-28,0,1,0.0005,7311.189192274385,7322.561067289975
2018-01-02,1,0,0.0005,7294.898376801756,7291.250927613356
2018-01-03,0,1,0.0005,7291.250927613356,7333.574911886697
2018-01-11,1,0,0.0005,7432.274688041666,7428.558550697646
2018-01-12,0,1,0.0005,7428.558550697646,7473.111885602966
2018-01-17,1,0,0.0005,7447.523833736154,7443.800071819287
2018-01-18,0,1,0.0005,7443.800071819287,7427.556261227734
2018-01-19,1,0,0.0005,7427.556261227734,7423.84248309712
2018-01-22,0,1,0.0005,7423.84248309712,7480.248448031919
2018-01-25,1,0,0.0005,7493.1962916547145,7489.449693508887
2018-01-26,0,1,0.0005,7489.449693508887,7571.922024234861
2018-01-30,1,0,0.0005,7521.549540143395,7517.788765373323
2018-02-01,0,1,0.0005,7517.788765373323,7505.490950957497
2018-02-02,1,0,0.0005,7505.490950957497,7501.738205482019
2018-05-02,0,1,0.0005,7501.738205482019,7447.4264887053505
2018-05-03,1,0,0.0005,7447.4264887053505,7443.702775460998
2018-05-07,0,1,0.0005,7443.702775460998,7465.123905692976
2018-05-09,1,0,0.0005,7465.123905692976,7461.39134374013
2018-05-10,0,1,0.0005,7461.39134374013,7527.104299183124
2018-05-16,1,0,0.0005,7501.4316873773605,7497.680971533672
2018-05-17,0,1,0.0005,7497.680971533672,7487.594129377914
2018-05-18,1,0,0.0005,7487.594129377914,7483.850332313225
2018-05-22,0,1,0.0005,7483.850332313225,7459.2748483506275
2018-05-23,1,0,0.0005,7459.2748483506275,7455.5452109264525
2018-05-24,0,1,0.0005,7455.5452109264525,7436.526265551807
2018-05-25,1,0,0.0005,7436.526265551807,7432.808002419032
2018-05-31,0,1,0.0005,7432.808002419032,7383.416709933143
2018-06-01,1,0,0.0005,7383.416709933143,7379.7250015781765
2018-06-04,0,1,0.0005,7379.7250015781765,7411.017358016568
2018-06-08,1,0,0.0005,7477.347608609907,7473.608934805603
2018-06-11,0,1,0.0005,7473.608934805603,7479.80376451842
2018-06-14,1,0,0.0005,7465.529307148816,7461.796542495242
2018-06-15,0,1,0.0005,7461.796542495242,7448.537298863641
2018-06-18,1,0,0.0005,7448.537298863641,7444.81303021421
2018-06-21,0,1,0.0005,7444.81303021421,7394.272044209399
2018-06-22,1,0,0.0005,7394.272044209399,7390.574908187295
2018-06-25,0,1,0.0005,7390.574908187295,7285.582182660969
2018-06-26,1,0,0.0005,7285.582182660969,7281.939391569639
2018-06-27,0,1,0.0005,7281.939391569639,7217.723162330535
2018-06-28,1,0,0.0005,7217.723162330535,7214.11430074937
2018-06-29,0,1,0.0005,7214.11430074937,7220.882333425811
2018-07-05,1,0,0.0005,7210.707208933673,7207.101855329207
2018-07-06,0,1,0.0005,7207.101855329207,7264.204051602744
2018-07-12,1,0,0.0005,7301.647720168565,7297.996896308481
2018-07-13,0,1,0.0005,7297.996896308481,7300.091336657437
2018-07-17,1,0,0.0005,7293.560569595624,7289.913789310826
2018-07-18,0,1,0.0005,7289.913789310826,7301.587931028502
2018-07-20,1,0,0.0005,7273.9966835650075,7270.359685223226
2018-07-24,0,1,0.0005,7270.359685223226,7303.220802810817
2018-07-27,1,0,0.0005,7347.802924775053,7344.129023312666
2018-08-01,0,1,0.0005,7344.129023312666,7328.1756689318445
2018-08-02,1,0,0.0005,7328.1756689318445,7324.511581097379
2018-08-03,0,1,0.0005,7324.511581097379,7352.166347108733
2018-08-09,1,0,0.0005,7400.292849485488,7396.592703060745
2018-08-15,0,1,0.0005,7396.592703060745,7337.4502492074425
2018-08-16,1,0,0.0005,7337.4502492074425,7333.7815240828395
2018-08-17,0,1,0.0005,7333.7815240828395,7355.883990387453
2018-08-23,1,0,0.0005,7384.489518205084,7380.797273445982
2018-08-27,0,1,0.0005,7380.797273445982,7435.152191474892
2018-08-31,1,0,0.0005,7448.322236618993,7444.598075500684
2018-09-04,0,1,0.0005,7444.598075500684,7428.042228188501
2018-09-05,1,0,0.0005,7428.042228188501,7424.328207074407
2018-09-11,0,1,0.0005,7424.328207074407,7445.056529409845
2018-09-18,1,0,0.0005,7452.292854499157,7448.566708071909
2018-09-19,0,1,0.0005,7448.566708071909,7452.777080330922
2018-09-24,1,0,0.0005,7506.061271774977,7502.308241139091
2018-09-28,0,1,0.0005,7502.308241139091,7499.3334612805
2018-10-03,1,0,0.0005,7520.953465779675,7517.192989046785
2018-10-04,0,1,0.0005,7517.192989046785,7454.447368950922
2018-10-05,1,0,0.0005,7454.447368950922,7450.720145266448
2018-10-15,0,1,0.0005,7450.720145266448,7405.022749534803
2018-10-16,1,0,0.0005,7405.022749534803,7401.320238160036
2019-02-04,0,1,0.0005,7401.320238160036,7449.510209532177
2019-02-07,1,0,0.0005,7470.8060608424985,7467.070657812078
2019-02-11,0,1,0.0005,7467.070657812078,7467.47716935262
2019-02-15,1,0,0.0005,7570.561840139815,7566.776559219746
2019-02-19,0,1,0.0005,7566.776559219746,7576.079145395657
2019-02-22,1,0,0.0005,7564.288958632779,7560.506814153463
2019-02-25,0,1,0.0005,7560.506814153463,7567.009617722633
2019-02-27,1,0,0.0005,7561.595947303251,7557.8151493296
2019-03-04,0,1,0.0005,7557.8151493296,7526.494935280214
2019-03-05,1,0,0.0005,7526.494935280214,7522.731687812575
2019-03-12,0,1,0.0005,7522.731687812575,7547.286837932659
2019-03-15,1,0,0.0005,7592.216374810821,7588.420266623417
2019-03-18,0,1,0.0005,7588.420266623417,7612.088491266579
2019-03-21,1,0,0.0005,7591.025030814673,7587.229518299267
2019-03-22,0,1,0.0005,7587.229518299267,7435.985585061067
2019-03-25,1,0,0.0005,7435.985585061067,7432.267592268537
2019-03-27,0,1,0.0005,7432.267592268537,7389.58406908262
2019-03-28,1,0,0.0005,7389.58406908262,7385.889277048079
2019-03-29,0,1,0.0005,7385.889277048079,7428.621102116378
2019-04-10,1,0,0.0005,7554.894765660369,7551.117318277539
2019-04-11,0,1,0.0005,7551.117318277539,7545.243337966949
2019-04-12,1,0,0.0005,7545.243337966949,7541.470716297966
2019-04-15,0,1,0.0005,7541.470716297966,7532.760527957584
2019-04-16,1,0,0.0005,7532.760527957584,7528.994147693606
2019-04-17,0,1,0.0005,7528.994147693606,7506.787259951674
2019-04-18,1,0,0.0005,7506.787259951674,7503.033866321699
2019-04-22,0,1,0.0005,7503.033866321699,7505.746676313198
2019-04-25,1,0,0.0005,7556.1093942932375,7552.331339596091
2019-04-29,0,1,0.0005,7552.331339596091,7560.388095051344
2019-05-02,1,0,0.0005,7507.175202076847,7503.421614475809
2019-05-06,0,1,0.0005,7503.421614475809,7468.726909760712
2019-05-07,1,0,0.0005,7468.726909760712,7464.992546305833
2019-05-13,0,1,0.0005,7464.992546305833,7271.264161243489
2019-05-14,1,0,0.0005,7271.264161243489,7267.628529162867
2019-05-15,0,1,0.0005,7267.628529162867,7306.442135330568
2019-05-20,1,0,0.0005,7325.969850439229,7322.30686551401
2019-05-22,0,1,0.0005,7322.30686551401,7296.120378248815
2019-05-23,1,0,0.0005,7296.120378248815,7292.47231805969
2019-05-28,0,1,0.0005,7292.47231805969,7220.686573866211
2019-05-29,1,0,0.0005,7220.686573866211,7217.076230579278
2019-05-31,0,1,0.0005,7217.076230579278,7115.5543583386725
2019-06-03,1,0,0.0005,7115.5543583386725,7111.996581159504
2019-06-05,0,1,0.0005,7111.996581159504,7169.780203463229
2019-06-12,1,0,0.0005,7319.702591292734,7316.042739997088
2019-06-14,0,1,0.0005,7316.042739997088,7304.296282262305
2019-06-17,1,0,0.0005,7304.296282262305,7300.644134121174
2019-06-18,0,1,0.0005,7300.644134121174,7373.040291307182
2019-06-24,1,0,0.0005,7449.082518083272,7445.357976824231
2019-06-28,0,1,0.0005,7445.357976824231,7479.8506198379455
2019-07-08,1,0,0.0005,7618.656508434943,7614.847180180726
2019-07-10,0,1,0.0005,7614.847180180726,7647.33661409185
2019-07-17,1,0,0.0005,7677.160978204792,7673.3223977156895
2019-07-19,0,1,0.0005,7673.3223977156895,7626.7429092192015
2019-07-22,1,0,0.0005,7626.7429092192015,7622.929537764592
2019-07-23,0,1,0.0005,7622.929537764592,7673.424978655773
2019-07-26,1,0,0.0005,7672.485319893267,7668.649077233321
2019-07-29,0,1,0.0005,7668.649077233321,7650.835603682631
2019-07-30,1,0,0.0005,7650.835603682631,7647.01018588079
2019-08-07,0,1,0.0005,7647.01018588079,7647.702990796691
2019-08-12,1,0,0.0005,7743.010279136784,7739.138773997216
2019-09-13,0,1,0.0005,7739.138773997216,7730.126894911118
2019-09-16,1,0,0.0005,7730.126894911118,7726.261831463663
2019-09-18,0,1,0.0005,7726.261831463663,7727.020121742397
2019-09-20,1,0,0.0005,7726.505665094904,7722.642412262357
2019-09-26,0,1,0.0005,7722.642412262357,7702.676247439888
2019-09-27,1,0,0.0005,7702.676247439888,7698.8249093161685
2019-10-01,0,1,0.0005,7698.8249093161685,7602.85086833654
2019-10-02,1,0,0.0005,7602.85086833654,7599.049442902372
2019-10-04,0,1,0.0005,7599.049442902372,7697.393123423435
2019-10-08,1,0,0.0005,7664.10960072058,7660.277545920219
2019-10-10,0,1,0.0005,7660.277545920219,7708.0827081666475
2019-10-15,1,0,0.0005,7778.902330523231,7775.01287935797
2019-10-16,0,1,0.0005,7775.01287935797,7758.628712003403
2019-10-17,1,0,0.0005,7758.628712003403,7754.749397647402
2019-10-18,0,1,0.0005,7754.749397647402,7716.8537357652285
2019-10-21,1,0,0.0005,7716.8537357652285,7712.995308897346
2019-10-22,0,1,0.0005,7712.995308897346,7683.9030096371425
2019-10-23,1,0,0.0005,7683.9030096371425,7680.061058132324
2019-10-24,0,1,0.0005,7680.061058132324,7688.757594201913
2019-10-30,1,0,0.0005,7761.266580036035,7757.385946746017
2019-10-31,0,1,0.0005,7757.385946746017,7732.82046310549
2019-11-01,1,0,0.0005,7732.82046310549,7728.954052873937
2019-11-04,0,1,0.0005,7728.954052873937,7756.080008595691
2019-11-06,1,0,0.0005,7747.495287368168,7743.621539724484
2019-11-07,0,1,0.0005,7743.621539724484,7766.932571333289
2019-11-12,1,0,0.0005,7771.182048168334,7767.296457144251
2019-11-13,0,1,0.0005,7767.296457144251,7765.928708497659
2019-11-20,1,0,0.0005,7836.817355457396,7832.898946779667
2019-11-25,0,1,0.0005,7832.898946779667,7889.455967309296
2019-12-02,1,0,0.0005,7912.968833095763,7909.012348679216
2019-12-05,0,1,0.0005,7909.012348679216,7919.264910800508
2019-12-10,1,0,0.0005,7966.107737348272,7962.124683479598
2019-12-12,0,1,0.0005,7962.124683479598,8026.477654381389
2019-12-30,1,0,0.0005,8211.211671706538,8207.106065870685
2020-01-02,0,1,0.0005,8207.106065870685,8279.398214110335
2020-01-06,1,0,0.0005,8216.467307538182,8212.359073884412
2020-01-07,0,1,0.0005,8212.359073884412,8185.128016567672
2020-01-08,1,0,0.0005,8185.128016567672,8181.035452559388
2020-01-09,0,1,0.0005,8181.035452559388,8232.228830712193
2020-01-13,1,0,0.0005,8208.505782763332,8204.401529871951
2020-01-14,0,1,0.0005,8204.401529871951,8187.78371512703
2020-01-15,1,0,0.0005,8187.78371512703,8183.689823269467
2020-01-16,0,1,0.0005,8183.689823269467,8247.39284980022
2020-01-22,1,0,0.0005,8256.808499627217,8252.680095377404
2020-01-23,0,1,0.0005,8252.680095377404,8258.013706730288
2020-01-27,1,0,0.0005,8184.245992693118,8180.153869696772
2020-01-29,0,1,0.0005,8180.153869696772,8169.304765991977
2020-01-30,1,0,0.0005,8169.304765991977,8165.220113608981
2020-01-31,0,1,0.0005,8165.220113608981,8011.514463590637
2020-02-03,1,0,0.0005,8011.514463590637,8007.508706358843
2020-02-04,0,1,0.0005,8007.508706358843,8124.630740247863
2020-02-10,1,0,0.0005,8201.456277870966,8197.35554973203
2020-02-11,0,1,0.0005,8197.35554973203,8207.450295059407
2020-02-14,1,0,0.0005,8251.340863023766,8247.215192592255
2020-02-18,0,1,0.0005,8247.215192592255,8221.810174801236
2020-02-19,1,0,0.0005,8221.810174801236,8217.699269713836
2020-02-20,0,1,0.0005,8217.699269713836,8179.7596862760065
2020-02-21,1,0,0.0005,8179.7596862760065,8175.669806432869
2020-07-28,0,1,0.0005,8175.669806432869,8119.562712803903
2020-07-29,1,0,0.0005,8119.562712803903,8115.502931447501
2020-07-30,0,1,0.0005,8115.502931447501,8082.438620806465
2020-07-31,1,0,0.0005,8082.438620806465,8078.397401496062
2020-08-03,0,1,0.0005,8078.397401496062,8130.327159458455
2020-08-12,1,0,0.0005,8228.761726790308,8224.647345926913
2020-08-13,0,1,0.0005,8224.647345926913,8205.652976990254
2020-08-14,1,0,0.0005,8205.652976990254,8201.550150501758
2020-08-17,0,1,0.0005,8201.550150501758,8223.459879701064
2020-08-20,1,0,0.0005,8206.821334168166,8202.717923501083
2020-08-21,0,1,0.0005,8202.717923501083,8227.663980880561
2020-09-01,1,0,0.0005,8464.756745463292,8460.52436709056
2020-09-02,0,1,0.0005,8460.52436709056,8577.792554188245
2020-09-04,1,0,0.0005,8277.394184271543,8273.255487179407
2020-12-02,0,1,0.0005,8273.255487179407,8286.50421918296
2020-12-04,1,0,0.0005,8284.247549834583,8280.105426059667
2020-12-07,0,1,0.0005,8280.105426059667,8258.935182368512
2020-12-08,1,0,0.0005,8258.935182368512,8254.805714777329
2020-12-09,0,1,0.0005,8254.805714777329,8176.307018867178
2020-12-10,1,0,0.0005,8176.307018867178,8172.218865357745
2020-12-16,0,1,0.0005,8172.218865357745,8180.947399804335
2020-12-21,1,0,0.0005,8193.653302189303,8189.556475538208
2020-12-24,0,1,0.0005,8189.556475538208,8217.26332918087
2020-12-30,1,0,0.0005,8271.726745091555,8267.59088171901
2020-12-31,0,1,0.0005,8267.59088171901,8305.355521909447
2021-01-05,1,0,0.0005,8191.511762127971,8187.416006246908
2021-01-06,0,1,0.0005,8187.416006246908,8232.124849768317
2021-01-12,1,0,0.0005,8344.173456988514,8340.00137026002
2021-01-13,0,1,0.0005,8340.00137026002,8358.25940338171
2021-01-15,1,0,0.0005,8328.937557148263,8324.77308836969
2021-01-20,0,1,0.0005,8324.77308836969,8435.02326225285
2021-01-25,1,0,0.0005,8412.773336022636,8408.566949354625
2021-01-26,0,1,0.0005,8408.566949354625,8391.22673034709
2021-01-27,1,0,0.0005,8391.22673034709,8387.031116981918
2021-01-29,0,1,0.0005,8387.031116981918,8213.230415979124
2021-02-01,1,0,0.0005,8213.230415979124,8209.123800771134
2021-02-02,0,1,0.0005,8209.123800771134,8320.283563736384
2021-02-10,1,0,0.0005,8509.173731177116,8504.919144311527
2021-02-12,0,1,0.0005,8504.919144311527,8542.574104772755
2021-02-17,1,0,0.0005,8535.172681096743,8530.905094756195
2021-02-18,0,1,0.0005,8530.905094756195,8490.256417834904
2021-02-19,1,0,0.0005,8490.256417834904,8486.011289625987
2021-02-24,0,1,0.0005,8486.011289625987,8574.766225273992
2021-02-25,1,0,0.0005,8574.766225273992,8570.478842161356
2021-04-01,0,1,0.0005,8570.478842161356,8658.252691327318
2021-04-07,1,0,0.0005,8776.45382224564,8772.065595334518
2021-04-08,0,1,0.0005,8772.065595334518,8809.220610143424
2021-04-15,1,0,0.0005,8872.080363835681,8867.644323653763
2021-04-16,0,1,0.0005,8867.644323653763,8892.79963423189
2021-04-20,1,0,0.0005,8849.000888265342,8844.57638782121
2021-04-22,0,1,0.0005,8844.57638782121,8759.003543143064
2021-04-23,1,0,0.0005,8759.003543143064,8754.624041371493
2021-04-26,0,1,0.0005,8754.624041371493,8768.504974083107
2021-04-28,1,0,0.0005,8766.616492388586,8762.233184142393
2021-04-30,0,1,0.0005,8762.233184142393,8700.089309021436
2021-05-03,1,0,0.0005,8700.089309021436,8695.739264366926
2021-05-04,0,1,0.0005,8695.739264366926,8637.578539864942
2021-05-05,1,0,0.0005,8637.578539864942,8633.25975059501
2021-05-06,0,1,0.0005,8633.25975059501,8697.611245118538
2021-05-11,1,0,0.0005,8673.499427733983,8669.162678020117
2021-05-14,0,1,0.0005,8669.162678020117,8796.933334436782
2021-05-18,1,0,0.0005,8774.519899201976,8770.132639252375
2021-05-21,0,1,0.0005,8770.132639252375,8758.562156378997
2021-05-24,1,0,0.0005,8758.562156378997,8754.182875300809
2021-05-25,0,1,0.0005,8754.182875300809,8730.361210282548
2021-05-26,1,0,0.0005,8730.361210282548,8725.996029677408
2021-05-27,0,1,0.0005,8725.996029677408,8726.213149833067
2021-06-02,1,0,0.0005,8734.105673815307,8729.7386209784
2021-06-03,0,1,0.0005,8729.7386209784,8692.914370216398
2021-06-04,1,0,0.0005,8692.914370216398,8688.567913031291
2021-06-07,0,1,0.0005,8688.567913031291,8675.788951881586
2021-06-08,1,0,0.0005,8675.788951881586,8671.451057405646
2021-06-09,0,1,0.0005,8671.451057405646,8654.171247359056
2021-06-10,1,0,0.0005,8654.171247359056,8649.844161735376
2021-06-11,0,1,0.0005,8649.844161735376,8659.802777435403
2021-06-16,1,0,0.0005,8663.237120270256,8658.905501710122
2021-06-22,0,1,0.0005,8658.905501710122,8700.74404859934
2021-06-24,1,0,0.0005,8690.251293599265,8685.906167952466
2021-06-25,0,1,0.0005,8685.906167952466,8712.360238602101
2021-07-07,1,0,0.0005,8841.003724437765,8836.583222575548
2021-07-08,0,1,0.0005,8836.583222575548,8759.867913542865
2021-07-09,1,0,0.0005,8759.867913542865,8755.487979586094
2021-07-12,0,1,0.0005,8755.487979586094,8782.414823382718
2021-07-14,1,0,0.0005,8752.425043239482,8748.048830717862
2021-07-15,0,1,0.0005,8748.048830717862,8713.745405396076
2021-07-16,1,0,0.0005,8713.745405396076,8709.388532693378
2021-07-21,0,1,0.0005,8709.388532693378,8775.263792224807
2021-07-28,1,0,0.0005,8864.728963269736,8860.296598788102
2021-07-30,0,1,0.0005,8860.296598788102,8812.733621067548
2021-08-02,1,0,0.0005,8812.733621067548,8808.327254257014
2021-08-04,0,1,0.0005,8808.327254257014,8760.48638835658
2021-08-05,1,0,0.0005,8760.48638835658,8756.106145162401
2021-08-06,0,1,0.0005,8756.106145162401,8766.18404322595
2021-08-10,1,0,0.0005,8759.050257815648,8754.670732686742
2021-08-11,0,1,0.0005,8754.670732686742,8772.023350458017
2021-08-18,1,0,0.0005,8776.893605123318,8772.505158320757
2021-08-20,0,1,0.0005,8772.505158320757,8837.64808353389
2021-08-27,1,0,0.0005,8894.927005999903,8890.479542496903
2021-08-30,0,1,0.0005,8890.479542496903,8925.043809814435
2021-09-01,1,0,0.0005,8911.81139347188,8907.355487775145
2021-09-02,0,1,0.0005,8907.355487775145,8930.264082439897
2021-09-07,1,0,0.0005,8928.096083851418,8923.632035809493
2021-09-14,0,1,0.0005,8923.632035809493,8870.885470338071
2021-09-15,1,0,0.0005,8870.885470338071,8866.450027602903
2021-09-16,0,1,0.0005,8866.450027602903,8847.95117030409
2021-09-17,1,0,0.0005,8847.95117030409,8843.527194718938
2021-09-23,0,1,0.0005,8843.527194718938,8945.906561713751
2021-09-28,1,0,0.0005,8934.959050399519,8930.49157087432
2021-09-30,0,1,0.0005,8930.49157087432,8816.202596054181
2021-10-01,1,0,0.0005,8816.202596054181,8811.794494756155
2021-10-04,0,1,0.0005,8811.794494756155,8693.012683392997
2021-10-05,1,0,0.0005,8693.012683392997,8688.666177051302
2021-10-06,0,1,0.0005,8688.666177051302,8720.35812716692
2021-10-11,1,0,0.0005,8779.371700714391,8774.982014864036
2021-10-14,0,1,0.0005,8774.982014864036,8916.967175590426
2021-10-25,1,0,0.0005,9130.298913072815,9125.73376361628
2021-10-26,0,1,0.0005,9125.73376361628,9129.382891999227
2021-10-28,1,0,0.0005,9088.845887356238,9084.30146441256
2021-10-29,0,1,0.0005,9084.30146441256,9098.172679723764
2021-11-10,1,0,0.0005,9258.764068942584,9254.134686908114
2021-11-12,0,1,0.0005,9254.134686908114,9319.085403281826
2021-11-18,1,0,0.0005,9336.33528200703,9331.667114366028
2021-11-19,0,1,0.0005,9331.667114366028,9310.300205035262
2021-11-22,1,0,0.0005,9310.300205035262,9305.645054932746
2021-11-24,0,1,0.0005,9305.645054932746,9325.803027266194
2021-11-29,1,0,0.0005,9115.454392198744,9110.896665002645
2021-11-30,0,1,0.0005,9110.896665002645,8927.316335798821
2021-12-01,1,0,0.0005,8927.316335798821,8922.852677630923
2021-12-03,0,1,0.0005,8922.852677630923,8840.410578498015
2021-12-06,1,0,0.0005,8840.410578498015,8835.990373208766
2022-01-04,0,1,0.0005,8835.990373208766,8828.61362119202
2022-01-05,1,0,0.0005,8828.61362119202,8824.199314381425
2022-01-12,0,1,0.0005,8824.199314381425,8843.610562252512
2022-01-14,1,0,0.0005,8720.911691022331,8716.551235176821
2022-01-18,0,1,0.0005,8716.551235176821,8556.443744591705
2022-01-19,1,0,0.0005,8556.443744591705,8552.16552271941
2022-01-25,0,1,0.0005,8552.16552271941,8442.834029502781
2022-01-26,1,0,0.0005,8442.834029502781,8438.61261248803
2023-04-10,0,1,0.0005,8438.61261248803,8443.048975872192
2023-04-13,1,0,0.0005,8410.823177310209,8406.617765721554
2023-04-14,0,1,0.0005,8406.617765721554,8381.85255291123
2023-04-17,1,0,0.0005,8381.85255291123,8377.661626634776
2023-04-18,0,1,0.0005,8377.661626634776,8378.934641048054
2023-04-20,1,0,0.0005,8377.519064675662,8373.330305143325
2023-04-24,0,1,0.0005,8373.330305143325,8377.873792009625
2023-04-26,1,0,0.0005,8243.817857284894,8239.695948356251
2023-04-28,0,1,0.0005,8239.695948356251,8305.60407565444
2023-05-02,1,0,0.0005,8297.213089007964,8293.06448246346
2023-05-08,0,1,0.0005,8293.06448246346,8291.12821270761
2023-05-10,1,0,0.0005,8254.689215412202,8250.561870804497
2023-05-11,0,1,0.0005,8250.561870804497,8232.03583521525
2023-05-12,1,0,0.0005,8232.03583521525,8227.919817297643
2023-05-16,0,1,0.0005,8227.919817297643,8168.636518295183
2023-05-17,1,0,0.0005,8168.636518295183,8164.552200036036
2023-05-18,0,1,0.0005,8164.552200036036,8238.744672657813
2023-05-22,1,0,0.0005,8226.747894771735,8222.63452082435
2023-05-23,0,1,0.0005,8222.63452082435,8125.719318848819
2023-05-24,1,0,0.0005,8125.719318848819,8121.656459189395
2023-05-26,0,1,0.0005,8121.656459189395,8222.10042498829
2023-06-01,1,0,0.0005,8179.4964696215575,8175.406721386747
2023-06-02,0,1,0.0005,8175.406721386747,8288.69772392284
2023-06-06,1,0,0.0005,8272.799399027823,8268.66299932831
2023-06-07,0,1,0.0005,8268.66299932831,8235.888761293521
2023-06-08,1,0,0.0005,8235.888761293521,8231.770816912875
2023-06-09,0,1,0.0005,8231.770816912875,8242.409449419221
2023-06-20,1,0,0.0005,8455.784486742172,8451.556594498801
2023-06-23,0,1,0.0005,8451.556594498801,8383.19499324943
2023-06-26,1,0,0.0005,8383.19499324943,8379.003395752805
2023-06-28,0,1,0.0005,8379.003395752805,8379.038731033736
2023-07-06,1,0,0.0005,8507.792024882441,8503.538128870001
2023-07-11,0,1,0.0005,8503.538128870001,8553.271413845043
2023-07-17,1,0,0.0005,8684.560441610303,8680.218161389499
2023-07-18,0,1,0.0005,8680.218161389499,8740.137925679062
2023-07-21,1,0,0.0005,8701.2435154393,8696.892893681581
2023-07-25,0,1,0.0005,8696.892893681581,8716.256205052488
2023-07-28,1,0,0.0005,8659.605690595095,8655.275887749798
2023-07-31,0,1,0.0005,8655.275887749798,8667.41431327098
2023-08-02,1,0,0.0005,8642.575445157734,8638.254157435156
2023-08-08,0,1,0.0005,8638.254157435156,8596.288088494044
2023-08-09,1,0,0.0005,8596.288088494044,8591.989944449797
2023-08-11,0,1,0.0005,8591.989944449797,8582.68199710875
2023-08-14,1,0,0.0005,8582.68199710875,8578.390656110196
2023-08-15,0,1,0.0005,8578.390656110196,8473.585582875921
2023-08-16,1,0,0.0005,8473.585582875921,8469.348790084483
2023-08-21,0,1,0.0005,8469.348790084483,8520.04052345089
2023-08-23,1,0,0.0005,8496.93110278242,8492.68263723103
2023-08-24,0,1,0.0005,8492.68263723103,8369.91167561847
2023-08-25,1,0,0.0005,8369.91167561847,8365.726719780661
2023-08-28,0,1,0.0005,8365.726719780661,8414.42674580326
2023-09-01,1,0,0.0005,8557.716469736797,8553.43761150193
2023-09-05,0,1,0.0005,8553.43761150193,8512.114158393353
2023-09-06,1,0,0.0005,8512.114158393353,8507.858101314157
2023-09-11,0,1,0.0005,8507.858101314157,8559.373960235907
2023-09-13,1,0,0.0005,8512.290690721864,8508.034545376504
2023-09-14,0,1,0.0005,8508.034545376504,8576.826440321092
2023-09-18,1,0,0.0005,8472.863248100832,8468.626816476783
2023-09-19,0,1,0.0005,8468.626816476783,8446.812068164147
2023-09-20,1,0,0.0005,8446.812068164147,8442.588662130065
2023-09-26,0,1,0.0005,8442.588662130065,8313.414837971866
2023-09-27,1,0,0.0005,8313.414837971866,8309.25813055288
2023-09-28,0,1,0.0005,8309.25813055288,8353.13630063087
2023-10-02,1,0,0.0005,8332.839048544743,8328.672629020472
2023-10-05,0,1,0.0005,8328.672629020472,8321.368336154399
2023-10-06,1,0,0.0005,8321.368336154399,8317.207651986322
2023-10-09,0,1,0.0005,8317.207651986322,8366.12967219845
2023-10-13,1,0,0.0005,8392.301843439978,8388.105692518258
2023-10-17,0,1,0.0005,8388.105692518258,8383.526197614221
2023-10-18,1,0,0.0005,8383.526197614221,8379.334434515415
2023-10-25,0,1,0.0005,8379.334434515415,8254.011461564674
2023-10-26,1,0,0.0005,8254.011461564674,8249.884455833893
2023-10-31,0,1,0.0005,8249.884455833893,8297.408761625968
2023-11-10,1,0,0.0005,8605.029045829435,8600.72653130652
2023-11-13,0,1,0.0005,8600.72653130652,8588.224961409998
2023-11-14,1,0,0.0005,8588.224961409998,8583.930848929294
2023-11-15,0,1,0.0005,8583.930848929294,8597.792389778384
2023-11-22,1,0,0.0005,8666.1461022926,8661.813029241453
2023-11-24,0,1,0.0005,8661.813029241453,8662.810661542837
2023-11-28,1,0,0.0005,8647.195869119001,8642.872271184442
2023-11-29,0,1,0.0005,8642.872271184442,8632.469012026855
2023-11-30,1,0,0.0005,8632.469012026855,8628.152777520841
2023-12-01,0,1,0.0005,8628.152777520841,8674.732082609982
2023-12-05,1,0,0.0005,8629.075789118513,8624.761251223954
2023-12-08,0,1,0.0005,8624.761251223954,8657.44815994502
2023-12-18,1,0,0.0005,8863.962743170778,8859.530761799193
2023-12-19,0,1,0.0005,8859.530761799193,8908.811405916163
2023-12-21,1,0,0.0005,8784.495152352003,8780.102904775827
2023-12-22,0,1,0.0005,8780.102904775827,8793.340576642975
2024-01-02,1,0,0.0005,8824.027440240352,8819.615426520233
2024-01-08,0,1,0.0005,8819.615426520233,8940.223246034931
2024-01-10,1,0,0.0005,8926.651099686494,8922.187774136652
2024-01-11,0,1,0.0005,8922.187774136652,8913.79366252565
2024-01-12,1,0,0.0005,8913.79366252565,8909.336765694388
2024-01-16,0,1,0.0005,8909.336765694388,8872.112526282894
2024-01-17,1,0,0.0005,8872.112526282894,8867.676470019753
2024-01-19,0,1,0.0005,8867.676470019753,8973.104832191915
2024-01-29,1,0,0.0005,9065.529187281281,9060.996422687642
2024-01-30,0,1,0.0005,9060.996422687642,9049.45525946497
2024-01-31,1,0,0.0005,9049.45525946497,9044.930531835238
2024-02-02,0,1,0.0005,9044.930531835238,9135.129494330584
2024-02-06,1,0,0.0005,9101.805622546775,9097.254719735502
2024-02-07,0,1,0.0005,9097.254719735502,9168.266039313321
2024-02-13,1,0,0.0005,9221.12278614663,9216.512224753558
2024-02-15,0,1,0.0005,9216.512224753558,9275.276728429864
2024-02-20,1,0,0.0005,9228.970594168482,9224.3561088714
2024-02-22,0,1,0.0005,9224.3561088714,9408.698656669798
2024-02-27,1,0,0.0005,9380.638005674353,9375.947686671516
2024-02-28,0,1,0.0005,9375.947686671516,9358.860205291241
2024-02-29,1,0,0.0005,9358.860205291241,9354.180775188595
2024-03-01,0,1,0.0005,9354.180775188595,9436.914692570526
2024-03-05,1,0,0.0005,9426.787940571083,9422.074546600797
2024-03-07,0,1,0.0005,9422.074546600797,9510.429869146705
2024-03-11,1,0,0.0005,9453.175031569048,9448.448444053263
2024-03-13,0,1,0.0005,9448.448444053263,9428.90329123061
2024-03-14,1,0,0.0005,9428.90329123061,9424.188839584995
2024-03-19,0,1,0.0005,9424.188839584995,9471.702026976694
2024-03-25,1,0,0.0005,9572.244431472718,9567.458309256983
2024-03-28,0,1,0.0005,9567.458309256983,9560.845181532311
2024-04-01,1,0,0.0005,9560.845181532311,9556.064758941546
2024-04-04,0,1,0.0005,9556.064758941546,9433.926792088787
2024-04-05,1,0,0.0005,9433.926792088787,9429.209828692743
2024-04-08,0,1,0.0005,9429.209828692743,9429.768401939975
2024-04-11,1,0,0.0005,9345.661796064998,9340.988965166965
2024-04-12,0,1,0.0005,9340.988965166965,9206.484774050447
2024-04-15,1,0,0.0005,9206.484774050447,9201.88153166342
2024-04-23,0,1,0.0005,9201.88153166342,9305.832271323432
2024-04-25,1,0,0.0005,9301.41444201113,9296.763734790125
2024-04-29,0,1,0.0005,9296.763734790125,9324.981105276673
2024-05-01,1,0,0.0005,9176.079392935,9171.491353238533
2024-05-03,0,1,0.0005,9171.491353238533,9279.891149184132
2024-05-17,1,0,0.0005,9594.18490979582,9589.387817340923
2024-05-20,0,1,0.0005,9589.387817340923,9595.634684669118
2024-05-23,1,0,0.0005,9591.40428786411,9586.608585720178
2024-05-28,0,1,0.0005,9586.608585720178,9588.512839370398
2024-05-30,1,0,0.0005,9521.131133025867,9516.370567459355
2024-06-03,0,1,0.0005,9516.370567459355,9519.368667912679
2024-06-07,1,0,0.0005,9642.420671647353,9637.599461311529
2024-06-11,0,1,0.0005,9637.599461311529,9655.962793567922
2024-06-21,1,0,0.0005,9835.967970115786,9831.049986130729
2024-06-26,0,1,0.0005,9831.049986130729,9838.397305785064
2024-07-01,1,0,0.0005,9815.04280008981,9810.135278689766
2024-07-02,0,1,0.0005,9810.135278689766,9871.027246833713
2024-07-12,1,0,0.0005,10004.200590351018,9999.198490055844
2024-07-15,0,1,0.0005,9999.198490055844,10021.66046525496
2024-07-18,1,0,0.0005,9938.567008420257,9933.597724916048
2024-07-23,0,1,0.0005,9933.597724916048,9913.035954576266
2024-07-24,1,0,0.0005,9913.035954576266,9908.079436598979
2024-07-29,0,1,0.0005,9908.079436598979,9908.948311086466
2024-07-31,1,0,0.0005,9858.61757925775,9853.688270468123
2024-08-01,0,1,0.0005,9853.688270468123,9708.22750539681
2024-08-02,1,0,0.0005,9708.22750539681,9703.373391644112
2024-09-10,0,1,0.0005,9703.373391644112,9740.695236560825
2024-09-19,1,0,0.0005,9963.462418895038,9958.480687685591
2024-09-20,0,1,0.0005,9958.480687685591,9936.269995703771
2024-09-23,1,0,0.0005,9936.269995703771,9931.30186070592
2024-09-24,0,1,0.0005,9931.30186070592,9954.711971823172
2024-09-26,1,0,0.0005,9932.732511264721,9927.766145009089
2024-09-27,0,1,0.0005,9927.766145009089,9908.393022040596
2024-09-30,1,0,0.0005,9908.393022040596,9903.438825529576
2024-10-01,0,1,0.0005,9903.438825529576,9809.368109766352
2024-10-02,1,0,0.0005,9809.368109766352,9804.46342571147
2024-10-03,0,1,0.0005,9804.46342571147,9781.62083057253
2024-10-04,1,0,0.0005,9781.62083057253,9776.730020157245
2024-10-07,0,1,0.0005,9776.730020157245,9683.05436748463
2024-10-08,1,0,0.0005,9683.05436748463,9678.212840300888
2024-10-09,0,1,0.0005,9678.212840300888,9740.179608928473
2024-10-11,1,0,0.0005,9723.118314987654,9718.256755830162
2024-10-14,0,1,0.0005,9718.256755830162,9792.555258676695
2024-10-16,1,0,0.0005,9716.17163858725,9711.313552767957
2024-10-17,0,1,0.0005,9711.313552767957,9707.290334358438
2024-10-22,1,0,0.0005,9728.542595783207,9723.678324485316
2024-10-25,0,1,0.0005,9723.678324485316,9715.456896516089
2024-10-28,1,0,0.0005,9715.456896516089,9710.59916806783
2024-10-29,0,1,0.0005,9710.59916806783,9721.446572496649
2024-10-31,1,0,0.0005,9691.992682212067,9687.146685870961
2024-11-04,0,1,0.0005,9687.146685870961,9661.416158258038
2024-11-05,1,0,0.0005,9661.416158258038,9656.585450178909
2024-11-06,0,1,0.0005,9656.585450178909,9888.935815338109
2024-11-13,1,0,0.0005,9986.543258554017,9981.54998692474
2024-11-14,0,1,0.0005,9981.54998692474,9912.168287701596
2024-11-15,1,0,0.0005,9912.168287701596,9907.212203557745
2024-11-19,0,1,0.0005,9907.212203557745,9938.4092060874
2024-11-29,1,0,0.0005,10081.587933555853,10076.547139589076
2024-12-02,0,1,0.0005,10076.547139589076,10089.55353831355
2024-12-06,1,0,0.0005,10139.990803399536,10134.920807997836
2024-12-09,0,1,0.0005,10134.920807997836,10077.526267119138
2024-12-10,1,0,0.0005,10077.526267119138,10072.487503985578
2024-12-12,0,1,0.0005,10072.487503985578,10015.417511928332
2024-12-13,1,0,0.0005,10015.417511928332,10010.409803172368
2024-12-17,0,1,0.0005,10010.409803172368,9964.075086901445
2024-12-18,1,0,0.0005,9964.075086901445,9959.093049357994
2024-12-23,0,1,0.0005,9959.093049357994,10013.574408931805
2024-12-30,1,0,0.0005,10017.789772915947,10012.780878029489
