Date,prev_signal,new_signal,trade_cost,equity_before,equity_after
2015-04-06,0,1,0.0005,10000.0,9995.0
2015-04-07,1,0,0.0005,9995.0,9899.14349303517
2015-04-12,0,1,0.0005,9899.14349303517,9894.193921288652
2015-04-13,1,0,0.0005,9894.193921288652,9392.392912187815
2015-04-16,0,1,0.0005,9392.392912187815,9387.696715731721
2015-04-18,1,0,0.0005,9151.003543137705,9165.868646201205
2015-04-19,0,1,0.0005,9165.868646201205,9161.285711878105
2015-04-20,1,0,0.0005,9161.285711878105,9239.709635943243
2015-04-21,0,1,0.0005,9239.709635943243,9235.089781125273
2015-04-23,1,0,0.0005,9192.085838340725,9276.787184092784
2015-04-24,0,1,0.0005,9276.787184092784,9272.148790500738
2015-04-25,1,0,0.0005,9272.148790500738,9069.848479069624
2015-04-28,0,1,0.0005,9069.848479069624,9065.313554830089
2015-04-29,1,0,0.0005,9065.313554830089,9058.894344647257
2015-05-01,0,1,0.0005,9058.894344647257,9054.364897474934
2015-05-02,1,0,0.0005,9054.364897474934,9160.389318610069
2015-05-03,0,1,0.0005,9160.389318610069,9155.809123950765
2015-05-05,1,0,0.0005,9104.62265458187,8989.04410814324
2015-05-08,0,1,0.0005,8989.04410814324,8984.54958608917
2015-05-10,1,0,0.0005,8909.408689271771,8848.18541875345
2015-05-12,0,1,0.0005,8848.18541875345,8843.761326044074
2015-05-13,1,0,0.0005,8843.761326044074,8663.936082735865
2015-05-15,0,1,0.0005,8663.936082735865,8659.604114694497
2015-05-17,1,0,0.0005,8606.523222255139,8625.840198999813
2015-05-18,0,1,0.0005,8625.840198999813,8621.527278900314
2015-05-19,1,0,0.0005,8621.527278900314,8573.429843303238
2015-05-21,0,1,0.0005,8573.429843303238,8569.143128381587
2015-05-24,1,0,0.0005,8695.537679687613,8766.615763906218
2015-05-25,0,1,0.0005,8766.615763906218,8762.232456024265
2015-05-26,1,0,0.0005,8762.232456024265,8758.072940954944
2015-05-27,0,1,0.0005,8758.072940954944,8753.693904484468
2015-05-30,1,0,0.0005,8746.786003862477,8602.927240909476
2015-06-03,0,1,0.0005,8602.927240909476,8598.625777289022
2015-06-05,1,0,0.0005,8539.417083737011,8559.019908721782
2015-06-06,0,1,0.0005,8559.019908721782,8554.740398767422
2015-06-08,1,0,0.0005,8450.288998142572,8656.054213243071
2015-06-09,0,1,0.0005,8656.054213243071,8651.72618613645
2015-06-11,1,0,0.0005,8642.466567187657,8672.149471691202
2015-06-12,0,1,0.0005,8672.149471691202,8667.813396955356
2015-06-18,1,0,0.0005,9378.504680812015,9363.388675763366
2015-06-21,0,1,0.0005,9363.388675763366,9358.706981425485
2015-06-22,1,0,0.0005,9358.706981425485,9470.161511764112
2015-06-23,0,1,0.0005,9470.161511764112,9465.42643100823
2015-06-24,1,0,0.0005,9465.42643100823,9313.050376040523
2015-06-26,0,1,0.0005,9313.050376040523,9308.393850852503
2015-06-29,1,0,0.0005,9510.920550139654,9808.878521876699
2015-06-30,0,1,0.0005,9808.878521876699,9803.974082615761
2015-07-02,1,0,0.0005,9636.678612014113,9511.539205427149
2015-07-04,0,1,0.0005,9511.539205427149,9506.783435824436
2015-07-07,1,0,0.0005,9794.821257790767,9686.601327575969
2015-07-09,0,1,0.0005,9686.601327575969,9681.75802691218
2015-07-10,1,0,0.0005,9681.75802691218,10224.504142149593
2015-07-11,0,1,0.0005,10224.504142149593,10219.39189007852
2015-07-14,1,0,0.0005,10144.820845846652,9979.043621109739
2015-07-18,0,1,0.0005,9979.043621109739,9974.054099299185
2015-07-19,1,0,0.0005,9974.054099299185,9922.262502766309
2015-07-21,0,1,0.0005,9922.262502766309,9917.301371514926
2015-07-22,1,0,0.0005,9917.301371514926,9962.15669287439
2015-07-23,0,1,0.0005,9962.15669287439,9957.175614527954
2015-07-24,1,0,0.0005,9957.175614527954,10383.80990125528
2015-07-25,0,1,0.0005,10383.80990125528,10378.617996304652
2015-07-30,1,0,0.0005,10408.214111911297,10335.653941311522
2015-08-03,0,1,0.0005,10335.653941311522,10330.486114340867
2015-08-04,1,0,0.0005,10330.486114340867,10470.89414414849
2015-08-05,0,1,0.0005,10470.89414414849,10465.658697076417
2015-08-06,1,0,0.0005,10465.658697076417,10336.993726414103
2015-08-08,0,1,0.0005,10336.993726414103,10331.825229550896
2015-08-09,1,0,0.0005,10331.825229550896,10487.154565923827
2015-08-10,0,1,0.0005,10487.154565923827,10481.910988640866
2015-08-11,1,0,0.0005,10481.910988640866,10708.558092013149
2015-08-12,0,1,0.0005,10708.558092013149,10703.203812967144
2015-08-13,1,0,0.0005,10703.203812967144,10605.196348109444
2015-08-15,0,1,0.0005,10605.196348109444,10599.89374993539
2015-08-16,1,0,0.0005,10599.89374993539,10470.505669135238
2015-08-20,0,1,0.0005,10470.505669135238,10465.270416300671
2015-08-22,1,0,0.0005,10340.871447060734,10238.357902648242
2015-08-26,0,1,0.0005,10238.357902648242,10233.238723696919
2015-08-28,1,0,0.0005,10185.002222845931,10475.85854958911
2015-08-29,0,1,0.0005,10475.85854958911,10470.620620314316
2015-08-30,1,0,0.0005,10470.620620314316,10418.848356624869
2015-09-01,0,1,0.0005,10418.848356624869,10413.638932446556
2015-09-02,1,0,0.0005,10413.638932446556,10461.387501461611
2015-09-03,0,1,0.0005,10461.387501461611,10456.15680771088
2015-09-04,1,0,0.0005,10456.15680771088,10593.323666234923
2015-09-05,0,1,0.0005,10593.323666234923,10588.027004401805
2015-09-10,1,0,0.0005,10723.652407287751,10732.19472590148
2015-09-11,0,1,0.0005,10732.19472590148,10726.82862853853
2015-09-13,1,0,0.0005,10506.659284529429,10288.576433385135
2015-09-15,0,1,0.0005,10288.576433385135,10283.432145168443
2015-09-16,1,0,0.0005,10283.432145168443,10223.985067900181
2015-09-18,0,1,0.0005,10223.985067900181,10218.873075366231
2015-09-20,1,0,0.0005,10153.66073669579,10136.251713816077
2015-09-23,0,1,0.0005,10136.251713816077,10131.183587959169
2015-09-24,1,0,0.0005,10131.183587959169,10311.217448349273
2015-09-25,0,1,0.0005,10311.217448349273,10306.0618396251
2015-09-27,1,0,0.0005,10270.763125547614,10196.01220892565
2015-09-29,0,1,0.0005,10196.01220892565,10190.914202821186
2015-09-30,1,0,0.0005,10190.914202821186,10158.78654525516
2015-10-02,0,1,0.0005,10158.78654525516,10153.707151982533
2015-10-03,1,0,0.0005,10153.707151982533,10209.933578744025
2015-10-04,0,1,0.0005,10209.933578744025,10204.828611954654
2015-10-05,1,0,0.0005,10204.828611954654,10290.295458485523
2015-10-06,0,1,0.0005,10290.295458485523,10285.15031075628
2015-10-08,1,0,0.0005,10155.004322368082,10122.095005983827
2015-10-10,0,1,0.0005,10122.095005983827,10117.033958480835
2015-10-13,1,0,0.0005,10131.567577469195,10298.499365945925
2015-10-14,0,1,0.0005,10298.499365945925,10293.350116262953
2015-10-19,1,0,0.0005,10670.849172505612,10738.43080824513
2015-10-20,0,1,0.0005,10738.43080824513,10733.061592841008
2015-10-22,1,0,0.0005,10605.2009686108,10904.201112186967
2015-10-23,0,1,0.0005,10904.201112186967,10898.749011630875
2015-11-01,1,0,0.0005,12338.93597893929,12767.454832605703
2015-11-02,0,1,0.0005,12767.454832605703,12761.071105189401
2015-11-06,1,0,0.0005,13541.677706589839,13111.832876917077
2015-11-08,0,1,0.0005,13111.832876917077,13105.276960478619
2015-11-09,1,0,0.0005,13105.276960478619,13338.324831553853
2015-11-10,0,1,0.0005,13338.324831553853,13331.655669138077
2015-11-11,1,0,0.0005,13331.655669138077,12265.354189773616
2015-11-13,0,1,0.0005,12265.354189773616,12259.22151267873
2015-11-14,1,0,0.0005,12259.22151267873,12112.239442265394
2015-11-17,0,1,0.0005,12112.239442265394,12106.183322544262
2015-11-19,1,0,0.0005,12087.961322219458,11773.050601270845
2015-11-22,0,1,0.0005,11773.050601270845,11767.16407597021
2015-11-23,1,0,0.0005,11767.16407597021,11707.130287205173
2015-11-26,0,1,0.0005,11707.130287205173,11701.276722061571
2015-11-29,1,0,0.0005,11855.758935156831,12302.623185384537
2015-11-30,0,1,0.0005,12302.623185384537,12296.471873791845
2015-12-02,1,0,0.0005,11803.32268405451,11689.44172896471
2015-12-04,0,1,0.0005,11689.44172896471,11683.597008100229
2015-12-07,1,0,0.0005,12479.076821844983,12687.733399252334
2015-12-08,0,1,0.0005,12687.733399252334,12681.389532552708
2015-12-11,1,0,0.0005,12678.521760376136,13738.609674767265
2015-12-12,0,1,0.0005,13738.609674767265,13731.740369929883
2015-12-13,1,0,0.0005,13731.740369929883,13685.611526594006
2015-12-15,0,1,0.0005,13685.611526594006,13678.76872083071
2015-12-17,1,0,0.0005,13369.96793980205,13396.861916253154
2015-12-18,0,1,0.0005,13396.861916253154,13390.163485295028
2015-12-20,1,0,0.0005,13352.737722348791,12766.510504442509
2015-12-24,0,1,0.0005,12766.510504442509,12760.12724919029
2015-12-27,1,0,0.0005,11654.456296387527,11802.591409643614
2015-12-28,0,1,0.0005,11802.591409643614,11796.690113938792
2015-12-29,1,0,0.0005,11796.690113938792,12086.089545725265
2015-12-30,0,1,0.0005,12086.089545725265,12080.046500952403
2015-12-31,1,0,0.0005,12080.046500952403,12185.254484123674
2016-01-01,0,1,0.0005,12185.254484123674,12179.161856881612
2016-01-03,1,0,0.0005,12154.010418563983,12051.455132925143
2016-01-05,0,1,0.0005,12051.455132925143,12045.42940535868
2016-01-06,1,0,0.0005,12045.42940535868,11959.529813502542
2016-01-08,0,1,0.0005,11959.529813502542,11953.550048595791
2016-01-09,1,0,0.0005,11953.550048595791,11798.450197760389
2016-01-11,0,1,0.0005,11798.450197760389,11792.55097266151
2016-01-13,1,0,0.0005,11452.723064904574,11359.418121507615
2016-01-17,0,1,0.0005,11359.418121507615,11353.738412446863
2016-01-18,1,0,0.0005,11353.738412446863,11491.75049571244
2016-01-19,0,1,0.0005,11491.75049571244,11486.004620464584
2016-01-20,1,0,0.0005,11486.004620464584,12631.60677735475
2016-01-21,0,1,0.0005,12631.60677735475,12625.290973966072
2016-01-22,1,0,0.0005,12625.290973966072,11734.094227482803
2016-01-24,0,1,0.0005,11734.094227482803,11728.227180369062
2016-01-26,1,0,0.0005,11396.29524415318,11403.012891910625
2016-01-27,0,1,0.0005,11403.012891910625,11397.31138546467
2016-01-29,1,0,0.0005,10965.54311581242,10936.534724204837
2016-02-02,0,1,0.0005,10936.534724204837,10931.066456842736
2016-02-04,1,0,0.0005,10798.934303718226,11352.27152510007
2016-02-05,0,1,0.0005,11352.27152510007,11346.59538933752
2016-02-06,1,0,0.0005,11346.59538933752,11042.708818660658
2016-02-08,0,1,0.0005,11042.708818660658,11037.187464251328
2016-02-09,1,0,0.0005,11037.187464251328,11107.717041560842
2016-02-10,0,1,0.0005,11107.717041560842,11102.163183040062
2016-02-12,1,0,0.0005,11043.976593300258,11171.721447756086
2016-02-13,0,1,0.0005,11171.721447756086,11166.13558703221
2016-02-16,1,0,0.0005,11393.376800324393,11593.724392148059
2016-02-17,0,1,0.0005,11593.724392148059,11587.927529951985
2016-02-20,1,0,0.0005,11710.860284034117,12152.200343433959
2016-02-21,0,1,0.0005,12152.200343433959,12146.124243262242
2016-02-23,1,0,0.0005,12117.02443765332,11630.67337822207
2016-02-25,0,1,0.0005,11630.67337822207,11624.85804153296
2016-02-26,1,0,0.0005,11624.85804153296,11825.523204281119
2016-02-27,0,1,0.0005,11825.523204281119,11819.610442678979
2016-03-02,1,0,0.0005,11889.984497868787,11575.837155099647
2016-03-07,0,1,0.0005,11575.837155099647,11570.049236522098
2016-03-09,1,0,0.0005,11560.298365231043,11579.289351549363
2016-03-10,0,1,0.0005,11579.289351549363,11573.49970687359
2016-03-13,1,0,0.0005,11416.647778852455,11478.442418613444
2016-03-14,0,1,0.0005,11478.442418613444,11472.703197404138
2016-03-19,1,0,0.0005,11278.376934309645,11297.38526836628
2016-03-20,0,1,0.0005,11297.38526836628,11291.736575732099
2016-03-22,1,0,0.0005,11279.503692695918,11403.619156075974
2016-03-23,0,1,0.0005,11403.619156075974,11397.917346497938
2016-03-24,1,0,0.0005,11397.917346497938,11347.224870918626
2016-03-26,0,1,0.0005,11347.224870918626,11341.551258483167
2016-03-29,1,0,0.0005,11509.44993371858,11292.459584208815
2016-04-01,0,1,0.0005,11292.459584208815,11286.81335441671
2016-04-07,1,0,0.0005,11433.560014614039,11409.790787198575
2016-04-11,0,1,0.0005,11409.790787198575,11404.085891804976
2016-04-14,1,0,0.0005,11437.554589036421,11446.618146266233
2016-04-15,0,1,0.0005,11446.618146266233,11440.8948371931
2016-04-18,1,0,0.0005,11378.949577818019,11404.951841782258
2016-04-19,0,1,0.0005,11404.951841782258,11399.249365861368
2016-04-23,1,0,0.0005,11663.648396958386,11776.144180786678
2016-04-24,0,1,0.0005,11776.144180786678,11770.256108696285
2016-04-28,1,0,0.0005,11400.484661024824,11505.10309676153
2016-04-29,0,1,0.0005,11505.10309676153,11499.35054521315
2016-05-01,1,0,0.0005,11326.771017678746,11410.620907505454
2016-05-02,0,1,0.0005,11410.620907505454,11404.915597051702
2016-05-03,1,0,0.0005,11404.915597051702,11542.831578131067
2016-05-04,0,1,0.0005,11542.831578131067,11537.060162342003
2016-05-05,1,0,0.0005,11537.060162342003,11563.632846128594
2016-05-06,0,1,0.0005,11563.632846128594,11557.85102970553
2016-05-08,1,0,0.0005,11530.987838708586,11525.52394386172
2016-05-09,0,1,0.0005,11525.52394386172,11519.761181889791
2016-05-11,1,0,0.0005,11277.368469540857,11317.482346244657
2016-05-12,0,1,0.0005,11317.482346244657,11311.823605071535
2016-05-17,1,0,0.0005,11296.388528870004,11281.284523079446
2016-05-19,0,1,0.0005,11281.284523079446,11275.643880817908
2016-05-20,1,0,0.0005,11275.643880817908,11371.35292994518
2016-05-21,0,1,0.0005,11371.35292994518,11365.667253480207
2016-05-23,1,0,0.0005,11266.113877990598,11383.717423476302
2016-05-24,0,1,0.0005,11383.717423476302,11378.025564764564
2016-05-30,1,0,0.0005,13332.66382081713,13517.949513755499
2016-05-31,0,1,0.0005,13517.949513755499,13511.190538998622
2016-06-01,1,0,0.0005,13511.190538998622,13644.416471920535
2016-06-02,0,1,0.0005,13644.416471920535,13637.594263684576
2016-06-08,1,0,0.0005,14589.812294280908,14709.69347796694
2016-06-09,0,1,0.0005,14709.69347796694,14702.338631227956
2016-06-10,1,0,0.0005,14702.338631227956,14767.471143273322
2016-06-11,0,1,0.0005,14767.471143273322,14760.087407701687
2016-06-15,1,0,0.0005,16571.573448889925,16777.275094940815
2016-06-16,0,1,0.0005,16777.275094940815,16768.886457393346
2016-06-18,1,0,0.0005,16383.760811724542,16534.886355756393
2016-06-19,0,1,0.0005,16534.886355756393,16526.618912578517
2016-06-21,1,0,0.0005,15941.798144194885,14329.66189166595
2016-06-24,0,1,0.0005,14329.66189166595,14322.497060720118
2016-06-26,1,0,0.0005,14318.707100602047,13520.333145174955
2016-06-28,0,1,0.0005,13520.333145174955,13513.572978602368
2016-06-29,1,0,0.0005,13513.572978602368,13357.471016066098
2016-07-01,0,1,0.0005,13357.471016066098,13350.792280558066
2016-07-04,1,0,0.0005,12963.021868130578,13439.413979571611
2016-07-05,0,1,0.0005,13439.413979571611,13432.694272581826
2016-07-06,1,0,0.0005,13432.694272581826,13559.592250077965
2016-07-07,0,1,0.0005,13559.592250077965,13552.812453952927
2016-07-08,1,0,0.0005,13552.812453952927,14084.472057002931
2016-07-09,0,1,0.0005,14084.472057002931,14077.42982097443
2016-07-10,1,0,0.0005,14077.42982097443,14035.746688557841
2016-07-13,0,1,0.0005,14035.746688557841,14028.728815213562
2016-07-14,1,0,0.0005,14028.728815213562,14098.882995651358
2016-07-15,0,1,0.0005,14098.882995651358,14091.833554153533
2016-07-17,1,0,0.0005,14038.873429474732,14423.476021057566
2016-07-18,0,1,0.0005,14423.476021057566,14416.264283047038
2016-07-19,1,0,0.0005,14416.264283047038,14403.872084002762
2016-07-24,0,1,0.0005,14403.872084002762,14396.670147960762
2016-07-26,1,0,0.0005,14239.325544360334,14181.7641828017
2016-07-28,0,1,0.0005,14181.7641828017,14174.673300710301
2016-07-31,1,0,0.0005,14174.808118113442,13494.901874224528
2016-08-04,0,1,0.0005,13494.901874224528,13488.154423287417
2016-08-06,1,0,0.0005,13412.23130369444,13699.313126091847
2016-08-07,0,1,0.0005,13699.313126091847,13692.463469528802
2016-08-09,1,0,0.0005,13654.616271240147,13572.430329124103
2016-08-11,0,1,0.0005,13572.430329124103,13565.644113959543
2016-08-12,1,0,0.0005,13565.644113959543,13522.869094319603
2016-08-17,0,1,0.0005,13522.869094319603,13516.107659772444
2016-08-18,1,0,0.0005,13516.107659772444,13535.308952979118
2016-08-19,0,1,0.0005,13535.308952979118,13528.541298502629
2016-08-22,1,0,0.0005,13661.237243103877,13781.773392670935
2016-08-23,0,1,0.0005,13781.773392670935,13774.882505974601
2016-08-24,1,0,0.0005,13774.882505974601,13691.449811542
2016-08-27,0,1,0.0005,13691.449811542,13684.60408663623
2016-08-28,1,0,0.0005,13684.60408663623,13772.632226430564
2016-08-29,0,1,0.0005,13772.632226430564,13765.74591031735
2016-09-01,1,0,0.0005,13798.150311854173,13715.057664908612
2016-09-03,0,1,0.0005,13715.057664908612,13708.200136076159
2016-09-06,1,0,0.0005,13898.057180388654,13978.947479628927
2016-09-07,0,1,0.0005,13978.947479628927,13971.958005889113
2016-09-10,1,0,0.0005,14158.314838926137,14165.95662296241
2016-09-11,0,1,0.0005,14165.95662296241,14158.87364465093
2016-09-12,1,0,0.0005,14158.87364465093,14187.314575591125
2016-09-13,0,1,0.0005,14187.314575591125,14180.22091830333
2016-09-16,1,0,0.0005,14131.391109168364,14120.088612069301
2016-09-19,0,1,0.0005,14120.088612069301,14113.028567763267
2016-09-20,1,0,0.0005,14113.028567763267,14084.760226253922
2016-09-24,0,1,0.0005,14084.760226253922,14077.717846140797
2016-09-25,1,0,0.0005,14077.717846140797,14028.59004199952
2016-09-27,0,1,0.0005,14028.59004199952,14021.57574697852
2016-09-28,1,0,0.0005,14021.57574697852,13981.262505923143
2016-09-30,0,1,0.0005,13981.262505923143,13974.271874670183
2016-10-03,1,0,0.0005,14000.274903776271,14021.686093841561
2016-10-04,0,1,0.0005,14021.686093841561,14014.67525079464
2016-10-05,1,0,0.0005,14014.67525079464,14060.553484832184
2016-10-06,0,1,0.0005,14060.553484832184,14053.52320808977
2016-10-10,1,0,0.0005,14138.56824390804,14182.802004386753
2016-10-11,0,1,0.0005,14182.802004386753,14175.71060338456
2016-10-13,1,0,0.0005,14067.388640957206,14073.483134010881
2016-10-14,0,1,0.0005,14073.483134010881,14066.446392443877
2016-10-16,1,0,0.0005,14028.350117874537,14086.750686998726
2016-10-17,0,1,0.0005,14086.750686998726,14079.707311655227
2016-10-18,1,0,0.0005,14079.707311655227,14045.482181550702
2016-10-21,0,1,0.0005,14045.482181550702,14038.459440459928
2016-10-24,1,0,0.0005,14566.031966020042,14485.187069010737
2016-10-26,0,1,0.0005,14485.187069010737,14477.944475476232
2016-10-31,1,0,0.0005,14967.642698887183,14941.123765382648
2016-11-02,0,1,0.0005,14941.123765382648,14933.653203499958
2016-11-04,1,0,0.0005,13844.033810439334,14126.248821240959
2016-11-05,0,1,0.0005,14126.248821240959,14119.18569683034
2016-11-08,1,0,0.0005,14111.504139602446,14238.616362955505
2016-11-09,0,1,0.0005,14238.616362955505,14231.497054774029
2016-11-11,1,0,0.0005,14078.399645723835,14088.605462046584
2016-11-12,0,1,0.0005,14088.605462046584,14081.56115931556
2016-11-13,1,0,0.0005,14081.56115931556,14014.01405736087
2016-11-15,0,1,0.0005,14014.01405736087,14007.00705033219
2016-11-18,1,0,0.0005,14570.547067460977,14770.378730090812
2016-11-19,0,1,0.0005,14770.378730090812,14762.993540725767
2016-11-21,1,0,0.0005,14352.928304439916,14506.280817170917
2016-11-22,0,1,0.0005,14506.280817170917,14499.027676762333
2016-11-24,1,0,0.0005,14368.123495573234,14277.626688104347
2016-11-26,0,1,0.0005,14277.626688104347,14270.487874760296
2016-11-27,1,0,0.0005,14270.487874760296,14198.2531246894
2016-11-29,0,1,0.0005,14198.2531246894,14191.153998127056
2016-11-30,1,0,0.0005,14191.153998127056,14377.332591721983
2016-12-01,0,1,0.0005,14377.332591721983,14370.143925426122
2016-12-04,1,0,0.0005,14637.183695735248,14681.345078118544
2016-12-05,0,1,0.0005,14681.345078118544,14674.004405579486
2016-12-06,1,0,0.0005,14674.004405579486,14773.11967778636
2016-12-07,0,1,0.0005,14773.11967778636,14765.733117947468
2016-12-12,1,0,0.0005,14795.988330241249,14986.328264826681
2016-12-13,0,1,0.0005,14986.328264826681,14978.835100694268
2016-12-16,1,0,0.0005,14931.32173087384,15054.140398703528
2016-12-17,0,1,0.0005,15054.140398703528,15046.613328504178
2016-12-19,1,0,0.0005,15040.924312889212,15074.899409124024
2016-12-20,0,1,0.0005,15074.899409124024,15067.361959419462
2016-12-25,1,0,0.0005,16846.842580133816,16788.8822593819
2016-12-27,0,1,0.0005,16788.8822593819,16780.487818252208
2016-12-30,1,0,0.0005,17488.054423593196,17257.68881964778
2017-01-01,0,1,0.0005,17257.68881964778,17249.059975237957
2017-01-06,1,0,0.0005,17255.124261281017,15241.291802035616
2017-01-08,0,1,0.0005,15241.291802035616,15233.671156134598
2017-01-10,1,0,0.0005,15093.076185307555,15166.40962834104
2017-01-11,0,1,0.0005,15166.40962834104,15158.82642352687
2017-01-12,1,0,0.0005,15158.82642352687,15670.010321995573
2017-01-13,0,1,0.0005,15670.010321995573,15662.175316834575
2017-01-15,1,0,0.0005,15555.903367330453,15612.351523523534
2017-01-16,0,1,0.0005,15612.351523523534,15604.545347761772
2017-01-19,1,0,0.0005,16572.85821871027,16795.763616385037
2017-01-20,0,1,0.0005,16795.763616385037,16787.365734576844
2017-01-21,1,0,0.0005,16787.365734576844,17273.58793506093
2017-01-22,0,1,0.0005,17273.58793506093,17264.9511410934
2017-01-24,1,0,0.0005,17196.46036309256,16650.69522026189
2017-01-26,0,1,0.0005,16650.69522026189,16642.369872651758
2017-01-30,1,0,0.0005,16676.888617032917,16684.61266643722
2017-01-31,0,1,0.0005,16684.61266643722,16676.270360104
2017-02-06,1,0,0.0005,17640.938243542536,17816.77257124908
2017-02-07,0,1,0.0005,17816.77257124908,17807.864184963455
2017-02-10,1,0,0.0005,16645.319552961286,16541.156852835666
2017-02-12,0,1,0.0005,16541.156852835666,16532.886274409248
2017-02-13,1,0,0.0005,16532.886274409248,16382.722584597112
2017-02-15,0,1,0.0005,16382.722584597112,16374.531223304813
2017-02-20,1,0,0.0005,17024.147384666412,17529.474753427825
2017-02-21,0,1,0.0005,17529.474753427825,17520.71001605111
2017-02-26,1,0,0.0005,17946.39021148522,18269.45594233562
2017-02-27,0,1,0.0005,18269.45594233562,18260.321214364452
2017-03-01,1,0,0.0005,18260.321214364452,18897.769905198267
2017-03-02,0,1,0.0005,18897.769905198267,18888.32102024567
2017-03-05,1,0,0.0005,18945.101110183496,19115.445951076163
2017-03-06,0,1,0.0005,19115.445951076163,19105.888228100626
2017-03-08,1,0,0.0005,18351.312541793694,17204.605342509458
2017-03-10,0,1,0.0005,17204.605342509458,17196.003039838204
2017-03-11,1,0,0.0005,17196.003039838204,18074.348270185303
2017-03-12,0,1,0.0005,18074.348270185303,18065.311096050213
2017-03-17,1,0,0.0005,17543.86688919959,16191.37345886854
2017-03-20,0,1,0.0005,16191.37345886854,16183.277772139107
2017-03-23,1,0,0.0005,16039.957461073149,15869.82477958347
2017-03-26,0,1,0.0005,15869.82477958347,15861.88986719368
2017-03-27,1,0,0.0005,15861.88986719368,17100.61953718009
2017-03-28,0,1,0.0005,17100.61953718009,17092.0692274115
2017-03-30,1,0,0.0005,16974.4694157054,16743.531354948635
2017-04-01,0,1,0.0005,16743.531354948635,16735.15958927116
2017-04-05,1,0,0.0005,17536.2234965427,17395.89646488086
2017-04-07,0,1,0.0005,17395.89646488086,17387.198516648423
2017-04-08,1,0,0.0005,17387.198516648423,17364.4631271047
2017-04-10,0,1,0.0005,17364.4631271047,17355.78089554115
2017-04-11,1,0,0.0005,17355.78089554115,17606.55874300973
2017-04-12,0,1,0.0005,17606.55874300973,17597.755463638227
2017-04-13,1,0,0.0005,17597.755463638227,17127.162644893724
2017-04-16,0,1,0.0005,17127.162644893724,17118.599063571277
2017-04-20,1,0,0.0005,17511.745111051056,17772.772621593213
2017-04-21,0,1,0.0005,17772.772621593213,17763.886235282418
2017-04-22,1,0,0.0005,17763.886235282418,17894.870021140294
2017-04-23,0,1,0.0005,17894.870021140294,17885.922586129724
2017-04-24,1,0,0.0005,17885.922586129724,18502.122737910428
2017-04-25,0,1,0.0005,18502.122737910428,18492.871676541472
2017-04-29,1,0,0.0005,19229.049839317337,19296.840218726407
2017-04-30,0,1,0.0005,19296.840218726407,19287.191798617045
2017-05-13,1,0,0.0005,24455.312217485607,25561.288549182078
2017-05-14,0,1,0.0005,25561.288549182078,25548.50790490749
2017-05-16,1,0,0.0005,24533.15821283657,24464.6590383587
2017-05-18,0,1,0.0005,24464.6590383587,24452.42670883952
2017-05-22,1,0,0.0005,26359.129593784928,28000.11379123399
2017-05-23,0,1,0.0005,28000.11379123399,27986.113734338374
2017-05-26,1,0,0.0005,27714.685120983548,26439.386379654086
2017-05-29,0,1,0.0005,26439.386379654086,26426.16668646426
2017-05-31,1,0,0.0005,25470.179645003947,26724.28401165449
2017-06-01,0,1,0.0005,26724.28401165449,26710.921869648664
2017-06-05,1,0,0.0005,27847.41779125094,29709.045684576704
2017-06-06,0,1,0.0005,29709.045684576704,29694.191161734416
2017-06-08,1,0,0.0005,28303.095794654888,29039.88530175093
2017-06-09,0,1,0.0005,29039.88530175093,29025.365359100055
2017-06-13,1,0,0.0005,27147.22215631822,27713.207189444325
2017-06-14,0,1,0.0005,27713.207189444325,27699.350585849603
2017-06-15,1,0,0.0005,27699.350585849603,27219.761295862398
2017-06-17,0,1,0.0005,27219.761295862398,27206.151415214466
2017-06-19,1,0,0.0005,26081.083344572864,26487.450096623565
2017-06-20,0,1,0.0005,26487.450096623565,26474.206371575256
2017-06-22,1,0,0.0005,26154.314167926303,26299.387912491762
2017-06-23,0,1,0.0005,26299.387912491762,26286.238218535516
2017-06-25,1,0,0.0005,24948.56869366198,24750.735231979867
2017-06-28,0,1,0.0005,24750.735231979867,24738.35986436388
2017-06-30,1,0,0.0005,24395.19831659169,23814.614365956342
2017-07-03,0,1,0.0005,23814.614365956342,23802.707058773365
2017-07-08,1,0,0.0005,23364.0039187972,23835.961910358645
2017-07-09,0,1,0.0005,23835.961910358645,23824.043929403466
2017-07-10,1,0,0.0005,23824.043929403466,22390.549460059476
2017-07-13,0,1,0.0005,22390.549460059476,22379.35418532945
2017-07-14,1,0,0.0005,22379.35418532945,21153.567830682023
2017-07-18,0,1,0.0005,21153.567830682023,21142.99104676668
2017-07-20,1,0,0.0005,20724.474297537396,25161.497599978593
2017-07-21,0,1,0.0005,25161.497599978593,25148.916851178605
2017-07-22,1,0,0.0005,25148.916851178605,26443.785693289476
2017-07-23,0,1,0.0005,26443.785693289476,26430.563800442833
2017-07-24,1,0,0.0005,26430.563800442833,26653.071636494595
2017-07-25,0,1,0.0005,26653.071636494595,26639.745100676348
2017-07-26,1,0,0.0005,26639.745100676348,26135.66117838699
2017-07-28,0,1,0.0005,26135.66117838699,26122.593347797796
2017-07-30,1,0,0.0005,25343.311122989177,25614.687670955347
2017-07-31,0,1,0.0005,25614.687670955347,25601.88032711987
2017-08-02,1,0,0.0005,24163.592666660174,24083.94547018413
2017-08-04,0,1,0.0005,24083.94547018413,24071.903497449042
2017-08-07,1,0,0.0005,26546.590226773755,27862.35744817577
2017-08-08,0,1,0.0005,27862.35744817577,27848.426269451684
2017-08-10,1,0,0.0005,27210.33683625802,27510.85592741659
2017-08-11,0,1,0.0005,27510.85592741659,27497.10049945288
2017-08-16,1,0,0.0005,31333.936513027194,32744.154497888798
2017-08-17,0,1,0.0005,32744.154497888798,32727.782420639855
2017-08-18,1,0,0.0005,32727.782420639855,31392.697610283733
2017-08-20,0,1,0.0005,31392.697610283733,31377.001261478592
2017-08-21,1,0,0.0005,31377.001261478592,30694.758773306177
2017-08-23,0,1,0.0005,30694.758773306177,30679.411393919527
2017-08-27,1,0,0.0005,32133.309993870807,32341.48953590773
2017-08-28,0,1,0.0005,32341.48953590773,32325.31879113978
2017-08-29,1,0,0.0005,32325.31879113978,33725.94653919132
2017-08-30,0,1,0.0005,33725.94653919132,33709.08356592173
2017-08-31,1,0,0.0005,33709.08356592173,34696.73840568294
2017-09-01,0,1,0.0005,34696.73840568294,34679.3900364801
2017-09-03,1,0,0.0005,32384.557463279125,32397.986098498804
2017-09-04,0,1,0.0005,32397.986098498804,32381.787105449555
2017-09-05,1,0,0.0005,32381.787105449555,33420.06062468593
2017-09-06,0,1,0.0005,33420.06062468593,33403.35059437359
2017-09-09,1,0,0.0005,30611.69592304165,30576.91153668918
2017-09-12,0,1,0.0005,30576.91153668918,30561.623080920835
2017-09-13,1,0,0.0005,30561.623080920835,28652.406443619704
2017-09-16,0,1,0.0005,28652.406443619704,28638.080240397896
2017-09-17,1,0,0.0005,28638.080240397896,28288.740911421613
2017-09-19,0,1,0.0005,28288.740911421613,28274.596540965904
2017-09-20,1,0,0.0005,28274.596540965904,28123.110261650687
2017-09-24,0,1,0.0005,28123.110261650687,28109.04870651986
2017-09-25,1,0,0.0005,28109.04870651986,29892.700674025855
2017-09-26,0,1,0.0005,29892.700674025855,29877.754323688845
2017-09-27,1,0,0.0005,29877.754323688845,32140.42367859127
2017-09-28,0,1,0.0005,32140.42367859127,32124.353466751974
2017-09-29,1,0,0.0005,32124.353466751974,32018.441393447636
2017-10-01,0,1,0.0005,32018.441393447636,32002.432172750912
2017-10-04,1,0,0.0005,31368.496288879058,30705.95458892518
2017-10-06,0,1,0.0005,30705.95458892518,30690.60161163072
2017-10-16,1,0,0.0005,39482.37535190859,39790.85367545028
2017-10-17,0,1,0.0005,39790.85367545028,39770.95824861256
2017-10-18,1,0,0.0005,39770.95824861256,39645.787231556445
2017-10-20,0,1,0.0005,39645.787231556445,39625.96433794067
2017-10-23,1,0,0.0005,39605.47391967022,39067.48658844904
2017-10-26,0,1,0.0005,39067.48658844904,39047.95284515482
2017-10-28,1,0,0.0005,38219.69460111283,38016.27836383997
2017-10-30,0,1,0.0005,38016.27836383997,37997.27022465805
2017-10-31,1,0,0.0005,37997.27022465805,40016.73380784076
2017-11-01,0,1,0.0005,40016.73380784076,39996.72544093685
2017-11-07,1,0,0.0005,41386.36200328171,42076.26220604125
2017-11-08,0,1,0.0005,42076.26220604125,42055.224074938225
2017-11-10,1,0,0.0005,40234.241773528476,37140.24154350314
2017-11-14,0,1,0.0005,37140.24154350314,37121.67142273139
2017-11-18,1,0,0.0005,42814.099064904105,43241.07944766468
2017-11-19,0,1,0.0005,43241.07944766468,43219.45890794085
2017-11-22,1,0,0.0005,43392.145690215744,44339.56165338262
2017-11-23,0,1,0.0005,44339.56165338262,44317.39187255593
2017-11-24,1,0,0.0005,44317.39187255593,45464.518147494025
2017-11-25,0,1,0.0005,45464.518147494025,45441.78588842028
2017-11-30,1,0,0.0005,50942.5228338681,52664.01131965354
2017-12-01,0,1,0.0005,52664.01131965354,52637.679313993714
2017-12-09,1,0,0.0005,76279.43407295158,69551.78298767515
2017-12-11,0,1,0.0005,69551.78298767515,69517.00709618132
2017-12-14,1,0,0.0005,67197.38170652419,67798.83210163319
2017-12-15,0,1,0.0005,67798.83210163319,67764.93268558237
2017-12-18,1,0,0.0005,72921.14741925045,72783.27177439675
2017-12-24,0,1,0.0005,72783.27177439675,72746.88013850956
2017-12-25,1,0,0.0005,72746.88013850956,73235.17744223401
2017-12-26,0,1,0.0005,73235.17744223401,73198.5598535129
2017-12-28,1,0,0.0005,72000.80065664684,66134.38783494387
2017-12-30,0,1,0.0005,66134.38783494387,66101.32064102641
2017-12-31,1,0,0.0005,66101.32064102641,71944.75494111358
2018-01-01,0,1,0.0005,71944.75494111358,71908.78256364304
2018-01-02,1,0,0.0005,71908.78256364304,78530.80911673026
2018-01-03,0,1,0.0005,78530.80911673026,78491.5437121719
2018-01-08,1,0,0.0005,84399.81300250061,77379.81639368211
2018-01-11,0,1,0.0005,77379.81639368211,77341.12648548526
2018-01-12,1,0,0.0005,77341.12648548526,80549.48327237392
2018-01-13,0,1,0.0005,80549.48327237392,80509.20853073774
2018-01-15,1,0,0.0005,77142.07518517006,77370.7849949289
2018-01-16,0,1,0.0005,77370.7849949289,77332.09960243144
2018-01-17,1,0,0.0005,77332.09960243144,75234.44790769024
2018-01-19,0,1,0.0005,75234.44790769024,75196.83068373639
2018-01-22,1,0,0.0005,74307.21053888649,69858.12073502185
2018-01-25,0,1,0.0005,69858.12073502185,69823.19167465434
2018-01-26,1,0,0.0005,69823.19167465434,69240.41979943936
2018-01-28,0,1,0.0005,69240.41979943936,69205.79958953965
2018-01-30,1,0,0.0005,66267.75747525893,58857.35535465511
2018-02-01,0,1,0.0005,58857.35535465511,58827.92667697779
2018-02-02,1,0,0.0005,58827.92667697779,56577.3921159557
2018-02-04,0,1,0.0005,56577.3921159557,56549.10341989772
2018-02-05,1,0,0.0005,56549.10341989772,46682.29623510843
2018-02-07,0,1,0.0005,46682.29623510843,46658.95508699088
2018-02-08,1,0,0.0005,46658.95508699088,50422.19400870719
2018-02-09,0,1,0.0005,50422.19400870719,50396.98291170284
2018-02-11,1,0,0.0005,49728.76314050781,46782.42028416864
2018-02-13,0,1,0.0005,46782.42028416864,46759.02907402656
2018-02-14,1,0,0.0005,46759.02907402656,51372.30952798894
2018-02-15,0,1,0.0005,51372.30952798894,51346.623373224946
2018-02-19,1,0,0.0005,53047.00035731937,56302.69098782702
2018-02-20,0,1,0.0005,56302.69098782702,56274.53964233311
2018-02-22,1,0,0.0005,52639.67133361731,49125.38312933211
2018-02-24,0,1,0.0005,49125.38312933211,49100.82043776745
2018-02-25,1,0,0.0005,49100.82043776745,48328.36743450025
2018-02-27,0,1,0.0005,48328.36743450025,48304.203250783
2018-03-01,1,0,0.0005,46805.349394395045,49207.721760992186
2018-03-02,0,1,0.0005,49207.721760992186,49183.11790011169
2018-03-07,1,0,0.0005,47666.43078674083,43898.53568044664
2018-03-12,0,1,0.0005,43898.53568044664,43876.58641260642
2018-03-13,1,0,0.0005,43876.58641260642,43805.665987686414
2018-03-16,0,1,0.0005,43805.665987686414,43783.76315469258
2018-03-18,1,0,0.0005,41512.781051239406,43070.36489928634
2018-03-19,0,1,0.0005,43070.36489928634,43048.8297168367
2018-03-23,1,0,0.0005,43503.09495992774,44228.235480029005
2018-03-24,0,1,0.0005,44228.235480029005,44206.12136228899
2018-03-25,1,0,0.0005,44206.12136228899,43296.25597279395
2018-03-29,0,1,0.0005,43296.25597279395,43274.60784480756
2018-03-30,1,0,0.0005,43274.60784480756,41558.370470418056
2018-04-01,0,1,0.0005,41558.370470418056,41537.59128518285
2018-04-02,1,0,0.0005,41537.59128518285,42945.902574809435
2018-04-03,0,1,0.0005,42945.902574809435,42924.42962352203
2018-04-05,1,0,0.0005,39309.130020323784,39045.71683125346
2018-04-08,0,1,0.0005,39045.71683125346,39026.19397283784
2018-04-10,1,0,0.0005,37595.66491882095,37930.733086724125
2018-04-11,0,1,0.0005,37930.733086724125,37911.76772018077
2018-04-17,1,0,0.0005,43468.41532004128,42593.77607149071
2018-04-19,0,1,0.0005,42593.77607149071,42572.47918345497
2018-04-23,1,0,0.0005,45087.75971317613,45718.25331538496
2018-04-24,0,1,0.0005,45718.25331538496,45695.39418872727
2018-04-26,1,0,0.0005,41494.52033732644,43469.17029047881
2018-04-27,0,1,0.0005,43469.17029047881,43447.43570533358
2018-04-28,1,0,0.0005,43447.43570533358,45138.808874797556
2018-04-29,0,1,0.0005,45138.808874797556,45116.23947036016
2018-05-01,1,0,0.0005,44252.89326143971,43644.85113130954
2018-05-03,0,1,0.0005,43644.85113130954,43623.02870574388
2018-05-05,1,0,0.0005,43429.640389025415,44106.89762160076
2018-05-06,0,1,0.0005,44106.89762160076,44084.84417278996
2018-05-07,1,0,0.0005,44084.84417278996,42756.967970351936
2018-05-10,0,1,0.0005,42756.967970351936,42735.58948636676
2018-05-11,1,0,0.0005,42735.58948636676,39768.19653931861
2018-05-13,0,1,0.0005,39768.19653931861,39748.312441048954
2018-05-15,1,0,0.0005,39715.72023086928,38744.09601809792
2018-05-19,0,1,0.0005,38744.09601809792,38724.72397008887
2018-05-20,1,0,0.0005,38724.72397008887,39934.96792119021
2018-05-21,0,1,0.0005,39934.96792119021,39915.00043722962
2018-05-22,1,0,0.0005,39915.00043722962,38065.36041610895
2018-05-25,0,1,0.0005,38065.36041610895,38046.3277359009
2018-05-26,1,0,0.0005,38046.3277359009,37389.96964100344
2018-05-28,0,1,0.0005,37389.96964100344,37371.27465618294
2018-05-29,1,0,0.0005,37371.27465618294,39075.05392328584
2018-05-30,0,1,0.0005,39075.05392328584,39055.5163963242
2018-05-31,1,0,0.0005,39055.5163963242,39495.46423217239
2018-06-01,0,1,0.0005,39495.46423217239,39475.7165000563
2018-06-05,1,0,0.0005,39314.40535736951,39913.94851095596
2018-06-06,0,1,0.0005,39913.94851095596,39893.99153670049
2018-06-09,1,0,0.0005,39741.35697117103,39234.10355540387
2018-06-12,0,1,0.0005,39234.10355540387,39214.48650362617
2018-06-13,1,0,0.0005,39214.48650362617,37784.950887196304
2018-06-15,0,1,0.0005,37784.950887196304,37766.05841175271
2018-06-16,1,0,0.0005,37766.05841175271,38290.6184921552
2018-06-17,0,1,0.0005,38290.6184921552,38271.473182909125
2018-06-18,1,0,0.0005,38271.473182909125,39614.84748977264
2018-06-19,0,1,0.0005,39614.84748977264,39595.04006602776
2018-06-22,1,0,0.0005,39358.95720539716,35366.96967300302
2018-06-24,0,1,0.0005,35366.96967300302,35349.28618816652
2018-06-27,1,0,0.0005,34879.85371805246,35223.776965546094
2018-06-28,0,1,0.0005,35223.776965546094,35206.16507706332
2018-06-29,1,0,0.0005,35206.16507706332,37017.9202464893
2018-06-30,0,1,0.0005,37017.9202464893,36999.41128636606
2018-07-02,1,0,0.0005,36894.22508933173,38172.092586055864
2018-07-03,0,1,0.0005,38172.092586055864,38153.006539762835
2018-07-04,1,0,0.0005,38153.006539762835,38528.9742073639
2018-07-05,0,1,0.0005,38528.9742073639,38509.709720260216
2018-07-09,1,0,0.0005,39273.60765501935,39067.244993861124
2018-07-12,0,1,0.0005,39067.244993861124,39047.711371364196
2018-07-13,1,0,0.0005,39047.711371364196,39086.0675285495
2018-07-14,0,1,0.0005,39086.0675285495,39066.524494785226
2018-07-21,1,0,0.0005,45540.68245505044,45919.64133332204
2018-07-22,0,1,0.0005,45919.64133332204,45896.681512655385
2018-07-23,1,0,0.0005,45896.681512655385,47649.318093976115
2018-07-24,0,1,0.0005,47649.318093976115,47625.49343492913
2018-07-26,1,0,0.0005,46232.22436852289,44891.88659641188
2018-07-28,0,1,0.0005,44891.88659641188,44869.44065311368
2018-07-31,1,0,0.0005,44804.80836456766,42535.985082568644
2018-08-06,0,1,0.0005,42535.985082568644,42514.71709002736
2018-08-07,1,0,0.0005,42514.71709002736,41260.70498925828
2018-08-10,0,1,0.0005,41260.70498925828,41240.07463676365
2018-08-11,1,0,0.0005,41240.07463676365,41953.17787910693
2018-08-12,0,1,0.0005,41953.17787910693,41932.20129016738
2018-08-14,1,0,0.0005,41765.27236461549,41090.291003996834
2018-08-16,0,1,0.0005,41090.291003996834,41069.74585849484
2018-08-19,1,0,0.0005,41605.19509945997,42114.10904351051
2018-08-20,0,1,0.0005,42114.10904351051,42093.05198898875
2018-08-21,1,0,0.0005,42093.05198898875,43257.714599383304
2018-08-22,0,1,0.0005,43257.714599383304,43236.08574208361
2018-08-23,1,0,0.0005,43236.08574208361,44273.82452594032
2018-08-24,0,1,0.0005,44273.82452594032,44251.68761367735
2018-08-27,1,0,0.0005,44165.61986492798,45296.364679759594
2018-08-28,0,1,0.0005,45296.364679759594,45273.716497419715
2018-08-30,1,0,0.0005,44959.24744269008,44494.84445700397
2018-09-01,0,1,0.0005,44494.84445700397,44472.59703477547
2018-09-04,1,0,0.0005,44882.89552116096,45484.20830950197
2018-09-05,0,1,0.0005,45484.20830950197,45461.46620534722
2018-09-06,1,0,0.0005,45461.46620534722,43639.01431026173
2018-09-10,0,1,0.0005,43639.01431026173,43617.1948031066
2018-09-12,1,0,0.0005,43558.58297309165,43747.152961832624
2018-09-13,0,1,0.0005,43747.152961832624,43725.27938535171
2018-09-15,1,0,0.0005,43694.405977133705,43876.643374172905
2018-09-16,0,1,0.0005,43876.643374172905,43854.70505248582
2018-09-17,1,0,0.0005,43854.70505248582,42215.38469485984
2018-09-19,0,1,0.0005,42215.38469485984,42194.27700251241
2018-09-23,1,0,0.0005,44296.48906538912,44199.482755075886
2018-09-27,0,1,0.0005,44199.482755075886,44177.38301369835
2018-09-29,1,0,0.0005,43961.01978482124,43659.13191287178
2018-10-01,0,1,0.0005,43659.13191287178,43637.30234691535
2018-10-02,1,0,0.0005,43637.30234691535,43392.943374904
2018-10-05,0,1,0.0005,43392.943374904,43371.24690321655
2018-10-07,1,0,0.0005,43146.885541207106,43221.084079355074
2018-10-08,0,1,0.0005,43221.084079355074,43199.473537315396
2018-10-10,1,0,0.0005,43137.15231574603,42743.10693359708
2018-10-13,0,1,0.0005,42743.10693359708,42721.73538013029
2018-10-17,1,0,0.0005,44780.529665685,44405.907954639624
2018-10-21,0,1,0.0005,44405.907954639624,44383.70500066231
2018-10-22,1,0,0.0005,44383.70500066231,44394.43470453068
2018-10-23,0,1,0.0005,44394.43470453068,44372.23748717841
2018-10-24,1,0,0.0005,44372.23748717841,44487.56204161435
2018-10-25,0,1,0.0005,44487.56204161435,44465.31826059354
2018-10-26,1,0,0.0005,44465.31826059354,44432.51064730296
2018-10-28,0,1,0.0005,44432.51064730296,44410.29439197931
2018-10-30,1,0,0.0005,43344.867293839125,43334.41962858279
2018-10-31,0,1,0.0005,43334.41962858279,43312.752418768505
2018-11-01,1,0,0.0005,43312.752418768505,43701.66153371995
2018-11-02,0,1,0.0005,43701.66153371995,43679.81070295309
2018-11-04,1,0,0.0005,43493.574672488365,43573.380065615725
2018-11-05,0,1,0.0005,43573.380065615725,43551.59337558292
2018-11-09,1,0,0.0005,43776.24230930473,43289.96984196678
2018-11-11,0,1,0.0005,43289.96984196678,43268.324857045794
2018-11-13,1,0,0.0005,42997.52756037019,42896.45746363551
2018-11-19,0,1,0.0005,42896.45746363551,42875.00923490369
2018-11-20,1,0,0.0005,42875.00923490369,38991.57807842941
2018-11-22,0,1,0.0005,38991.57807842941,38972.0822893902
2018-11-23,1,0,0.0005,38972.0822893902,38784.148112831244
2018-11-26,0,1,0.0005,38784.148112831244,38764.75603877483
2018-11-27,1,0,0.0005,38764.75603877483,39169.65722858756
2018-11-28,0,1,0.0005,39169.65722858756,39150.072399973265
2018-12-01,1,0,0.0005,36864.577439404944,38614.521742931785
2018-12-02,0,1,0.0005,38614.521742931785,38595.21448206032
2018-12-03,1,0,0.0005,38595.21448206032,36214.05223252017
2018-12-05,0,1,0.0005,36214.05223252017,36195.94520640391
2018-12-06,1,0,0.0005,36195.94520640391,33859.6193380766
2018-12-09,0,1,0.0005,33859.6193380766,33842.68952840756
2018-12-11,1,0,0.0005,32781.43346397868,32026.138495657346
2018-12-13,0,1,0.0005,32026.138495657346,32010.12542640952
2018-12-14,1,0,0.0005,32010.12542640952,31298.906718110888
2018-12-17,0,1,0.0005,31298.906718110888,31283.257264751835
2018-12-22,1,0,0.0005,34126.203216314665,35124.18357859642
2018-12-23,0,1,0.0005,35124.18357859642,35106.621486807126
2018-12-24,1,0,0.0005,35106.621486807126,35781.16685306722
2018-12-25,0,1,0.0005,35781.16685306722,35763.276269640686
2018-12-26,1,0,0.0005,35763.276269640686,36135.12673464367
2018-12-27,0,1,0.0005,36135.12673464367,36117.059171276356
2018-12-28,1,0,0.0005,36117.059171276356,38664.766857331124
2018-12-29,0,1,0.0005,38664.766857331124,38645.43447390246
2018-12-30,1,0,0.0005,38645.43447390246,39084.0881846945
2018-12-31,0,1,0.0005,39084.0881846945,39064.54614060215
2019-01-01,1,0,0.0005,39064.54614060215,40083.397356142996
2019-01-02,0,1,0.0005,40083.397356142996,40063.35565746493
2019-01-04,1,0,0.0005,38964.72542599,39157.69166758384
2019-01-05,0,1,0.0005,39157.69166758384,39138.112821750045
2019-01-06,1,0,0.0005,39138.112821750045,41406.05253087294
2019-01-07,0,1,0.0005,41406.05253087294,41385.349504607504
2019-01-08,1,0,0.0005,41385.349504607504,41422.18887090544
2019-01-09,0,1,0.0005,41422.18887090544,41401.47777646999
2019-01-11,1,0,0.0005,37573.52684710846,37640.849969406205
2019-01-12,0,1,0.0005,37640.849969406205,37622.0295444215
2019-01-13,1,0,0.0005,37622.0295444215,36473.074139314595
2019-01-15,0,1,0.0005,36473.074139314595,36454.83760224494
2019-01-16,1,0,0.0005,36454.83760224494,36680.10303133363
2019-01-17,0,1,0.0005,36680.10303133363,36661.76297981796
2019-01-19,1,0,0.0005,36454.630764022964,37134.57193087726
2019-01-20,0,1,0.0005,37134.57193087726,37116.00464491182
2019-01-21,1,0,0.0005,37116.00464491182,36839.065658326
2019-01-23,0,1,0.0005,36839.065658326,36820.64612549684
2019-01-24,1,0,0.0005,36820.64612549684,36963.56292669331
2019-01-25,0,1,0.0005,36963.56292669331,36945.08114522997
2019-01-26,1,0,0.0005,36945.08114522997,36954.25324671192
2019-01-27,0,1,0.0005,36954.25324671192,36935.77612008857
2019-01-28,1,0,0.0005,36935.77612008857,35728.50947725257
2019-01-31,0,1,0.0005,35728.50947725257,35710.645222513944
2019-02-01,1,0,0.0005,35710.645222513944,36002.84338224805
2019-02-02,0,1,0.0005,36002.84338224805,35984.84196055693
2019-02-04,1,0,0.0005,35397.04978217586,35329.66083234045
2019-02-06,0,1,0.0005,35329.66083234045,35311.99600192428
2019-02-07,1,0,0.0005,35311.99600192428,35146.15027118221
2019-02-09,0,1,0.0005,35146.15027118221,35128.57719604662
2019-02-12,1,0,0.0005,34907.929441145876,34939.21778529832
2019-02-13,0,1,0.0005,34939.21778529832,34921.74817640567
2019-02-14,1,0,0.0005,34921.74817640567,34757.93467040678
2019-02-16,0,1,0.0005,34757.93467040678,34740.55570307158
2019-02-22,1,0,0.0005,37761.24379186867,38230.14219981406
2019-02-23,0,1,0.0005,38230.14219981406,38211.02712871415
2019-02-25,1,0,0.0005,35017.9391460224,35658.36287525546
2019-02-26,0,1,0.0005,35658.36287525546,35640.53369381783
2019-02-27,1,0,0.0005,35640.53369381783,35592.088259178636
2019-03-01,0,1,0.0005,35592.088259178636,35574.29221504905
2019-03-04,1,0,0.0005,35459.54321945602,34643.74983041673
2019-03-06,0,1,0.0005,34643.74983041673,34626.427955501524
2019-03-09,1,0,0.0005,34601.309092057025,35131.18698984032
2019-03-10,0,1,0.0005,35131.18698984032,35113.6213963454
2019-03-11,1,0,0.0005,35113.6213963454,34681.56459903285
2019-03-13,0,1,0.0005,34681.56459903285,34664.223816733334
2019-03-14,1,0,0.0005,34664.223816733334,34803.16348418941
2019-03-15,0,1,0.0005,34803.16348418941,34785.76190244732
2019-03-18,1,0,0.0005,35341.641538716045,35387.81690178067
2019-03-19,0,1,0.0005,35387.81690178067,35370.12299332979
2019-03-22,1,0,0.0005,35002.51250007397,34938.43006738882
2019-03-24,0,1,0.0005,34938.43006738882,34920.96085235513
2019-03-25,1,0,0.0005,34920.96085235513,34386.600456918175
2019-03-27,0,1,0.0005,34386.600456918175,34369.40715668972
2019-03-29,1,0,0.0005,34218.05170655079,34446.177496579476
2019-03-30,0,1,0.0005,34446.177496579476,34428.95440783119
2019-04-01,1,0,0.0005,34418.42406537019,34840.87574849442
2019-04-02,0,1,0.0005,34840.87574849442,34823.45531062018
2019-04-05,1,0,0.0005,35121.72208244591,35907.39947963242
2019-04-06,0,1,0.0005,35907.39947963242,35889.4457798926
2019-04-10,1,0,0.0005,36895.25661308798,37714.95125845726
2019-04-11,0,1,0.0005,37714.95125845726,37696.09378282803
2019-04-12,1,0,0.0005,37696.09378282803,37863.248183053016
2019-04-13,0,1,0.0005,37863.248183053016,37844.316558961495
2019-04-16,1,0,0.0005,37614.48049205967,38825.795012214774
2019-04-17,0,1,0.0005,38825.795012214774,38806.38211470867
2019-04-22,1,0,0.0005,39266.167261738374,39868.37610907808
2019-04-23,0,1,0.0005,39868.37610907808,39848.44192102354
2019-04-25,1,0,0.0005,39072.22031033252,37190.46660856809
2019-04-27,0,1,0.0005,37190.46660856809,37171.87137526381
2019-04-28,1,0,0.0005,37171.87137526381,37271.97246039475
2019-04-29,0,1,0.0005,37271.97246039475,37253.33647416455
2019-04-30,1,0,0.0005,37253.33647416455,37961.47347287053
2019-05-01,0,1,0.0005,37961.47347287053,37942.492736134096
2019-05-06,1,0,0.0005,40649.36197977148,40284.60263065456
2019-05-08,0,1,0.0005,40284.60263065456,40264.460329339236
2019-05-13,1,0,0.0005,46533.62701349687,51818.85446707628
2019-05-14,0,1,0.0005,51818.85446707628,51792.94503984274
2019-05-17,1,0,0.0005,51024.929187280846,47372.49958401454
2019-05-20,0,1,0.0005,47372.49958401454,47348.81333422254
2019-05-21,1,0,0.0005,47348.81333422254,47236.14507091215
2019-05-24,0,1,0.0005,47236.14507091215,47212.52699837669
2019-05-29,1,0,0.0005,51397.52508258791,51014.13284448165
2019-06-01,0,1,0.0005,51014.13284448165,50988.62577805942
2019-06-02,1,0,0.0005,50988.62577805942,52017.53892172707
2019-06-03,0,1,0.0005,52017.53892172707,51991.53015226621
2019-06-04,1,0,0.0005,51991.53015226621,48689.991126298206
2019-06-06,0,1,0.0005,48689.991126298206,48665.64613073506
2019-06-07,1,0,0.0005,48665.64613073506,50002.83837107552
2019-06-08,0,1,0.0005,50002.83837107552,49977.836951889985
2019-06-09,1,0,0.0005,49977.836951889985,48252.585836774706
2019-06-11,0,1,0.0005,48252.585836774706,48228.45954385632
2019-06-12,1,0,0.0005,48228.45954385632,49513.49429407867
2019-06-13,0,1,0.0005,49513.49429407867,49488.73754693163
2019-06-19,1,0,0.0005,54457.68239858414,55568.34050756635
2019-06-20,0,1,0.0005,55568.34050756635,55540.55633731257
2019-06-28,1,0,0.0005,63701.058189694544,70288.39183358064
2019-06-29,0,1,0.0005,70288.39183358064,70253.24763766385
2019-06-30,1,0,0.0005,70253.24763766385,63165.97089857399
2019-07-03,0,1,0.0005,63165.97089857399,63134.38791312471
2019-07-05,1,0,0.0005,59069.62470275334,57778.59840708265
2019-07-07,0,1,0.0005,57778.59840708265,57749.70910787911
2019-07-11,1,0,0.0005,61111.845094599565,56932.74724568706
2019-07-13,0,1,0.0005,56932.74724568706,56904.28087206422
2019-07-14,1,0,0.0005,56904.28087206422,50896.554425570925
2019-07-16,0,1,0.0005,50896.554425570925,50871.10614835814
2019-07-17,1,0,0.0005,50871.10614835814,51992.87909575336
2019-07-18,0,1,0.0005,51992.87909575336,51966.88265620548
2019-07-20,1,0,0.0005,51301.266836655435,52414.55518351712
2019-07-21,0,1,0.0005,52414.55518351712,52388.347905925366
2019-07-22,1,0,0.0005,52388.347905925366,51081.29247158278
2019-07-26,0,1,0.0005,51081.29247158278,51055.751825347
2019-07-27,1,0,0.0005,51055.751825347,48957.80447963982
2019-07-29,0,1,0.0005,48957.80447963982,48933.3255774
2019-07-30,1,0,0.0005,48933.3255774,49360.56380615502
2019-07-31,0,1,0.0005,49360.56380615502,49335.88352425194
2019-08-07,1,0,0.0005,55924.44505916775,58111.76769630811
2019-08-08,0,1,0.0005,58111.76769630811,58082.71181245996
2019-08-10,1,0,0.0005,57578.300372119695,55024.8923642711
2019-08-12,0,1,0.0005,55024.8923642711,54997.37991808897
2019-08-13,1,0,0.0005,54997.37991808897,52566.102858008424
2019-08-16,0,1,0.0005,52566.102858008424,52539.81980657942
2019-08-18,1,0,0.0005,51812.65386947777,52361.17378999276
2019-08-19,0,1,0.0005,52361.17378999276,52334.993203097765
2019-08-21,1,0,0.0005,51597.142929439986,48483.75750414888
2019-08-24,0,1,0.0005,48483.75750414888,48459.51562539681
2019-08-25,1,0,0.0005,48459.51562539681,48332.90034204363
2019-08-27,0,1,0.0005,48332.90034204363,48308.73389187261
2019-08-28,1,0,0.0005,48308.73389187261,46195.50058247482
2019-08-31,0,1,0.0005,46195.50058247482,46172.40283218359
2019-09-05,1,0,0.0005,50687.56767377964,50571.43188587117
2019-09-08,0,1,0.0005,50571.43188587117,50546.14616992824
2019-09-09,1,0,0.0005,50546.14616992824,50003.62953038352
2019-09-12,0,1,0.0005,50003.62953038352,49978.627715618335
2019-09-14,1,0,0.0005,49740.026985224715,49703.16263376101
2019-09-20,0,1,0.0005,49703.16263376101,49678.31105244413
2019-09-21,1,0,0.0005,49678.31105244413,48857.05782037236
2019-09-23,0,1,0.0005,48857.05782037236,48832.62929146218
2019-09-24,1,0,0.0005,48832.62929146218,42899.77494311354
2019-09-28,0,1,0.0005,42899.77494311354,42878.32505564198
2019-09-29,1,0,0.0005,42878.32505564198,42113.49285702415
2019-10-01,0,1,0.0005,42113.49285702415,42092.43611059564
2019-10-04,1,0,0.0005,41666.150126969835,41371.76102309039
2019-10-08,0,1,0.0005,41371.76102309039,41351.07514257885
2019-10-09,1,0,0.0005,41351.07514257885,43134.48929385546
2019-10-10,0,1,0.0005,43134.48929385546,43112.92204920854
2019-10-11,1,0,0.0005,43112.92204920854,41741.2956023267
2019-10-13,0,1,0.0005,41741.2956023267,41720.424954525544
2019-10-14,1,0,0.0005,41720.424954525544,41967.84805521041
2019-10-15,0,1,0.0005,41967.84805521041,41946.8641311828
2019-10-16,1,0,0.0005,41946.8641311828,41111.119342928265
2019-10-18,0,1,0.0005,41111.119342928265,41090.5637832568
2019-10-19,1,0,0.0005,41090.5637832568,41149.06547677094
2019-10-20,0,1,0.0005,41149.06547677094,41128.49094403256
2019-10-23,1,0,0.0005,40400.235083548956,37458.60901734628
2019-10-26,0,1,0.0005,37458.60901734628,37439.87971283761
2019-10-29,1,0,0.0005,37446.69871005413,38115.60204608181
2019-10-30,0,1,0.0005,38115.60204608181,38096.54424505877
2019-10-31,1,0,0.0005,38096.54424505877,38052.071376993124
2019-11-02,0,1,0.0005,38052.071376993124,38033.04534130463
2019-11-04,1,0,0.0005,37666.79849235178,38364.068406495106
2019-11-05,0,1,0.0005,38364.068406495106,38344.88637229186
2019-11-06,1,0,0.0005,38344.88637229186,38400.965057665024
2019-11-07,0,1,0.0005,38400.965057665024,38381.76457513619
2019-11-08,1,0,0.0005,38381.76457513619,36396.88678526495
2019-11-10,0,1,0.0005,36396.88678526495,36378.688341872316
2019-11-12,1,0,0.0005,35162.4815558413,35376.49987189717
2019-11-13,0,1,0.0005,35376.49987189717,35358.81162196122
2019-11-14,1,0,0.0005,35358.81162196122,34936.72633873287
2019-11-17,0,1,0.0005,34936.72633873287,34919.25797556351
2019-11-19,1,0,0.0005,33807.97915065857,33368.80082895742
2019-11-24,0,1,0.0005,33368.80082895742,33352.11642854294
2019-11-25,1,0,0.0005,33352.11642854294,33797.0126695888
2019-11-26,0,1,0.0005,33797.0126695888,33780.11416325401
2019-11-29,1,0,0.0005,34893.29895921099,36242.65458764905
2019-11-30,0,1,0.0005,36242.65458764905,36224.53326035522
2019-12-01,1,0,0.0005,36224.53326035522,35504.14385333565
2019-12-06,0,1,0.0005,35504.14385333565,35486.39178140898
2019-12-10,1,0,0.0005,34790.9643126424,34191.55081797845
2019-12-13,0,1,0.0005,34191.55081797845,34174.45504256946
2019-12-15,1,0,0.0005,33485.875446343634,33598.73230538503
2019-12-16,0,1,0.0005,33598.73230538503,33581.932939232334
2019-12-17,1,0,0.0005,33581.932939232334,32120.173865895664
2019-12-19,0,1,0.0005,32120.173865895664,32104.113778962717
2019-12-20,1,0,0.0005,32104.113778962717,32159.17315924504
2019-12-21,0,1,0.0005,32159.17315924504,32143.09357266542
2019-12-22,1,0,0.0005,32143.09357266542,33528.2904936714
2019-12-23,0,1,0.0005,33528.2904936714,33511.526348424566
2019-12-24,1,0,0.0005,33511.526348424566,33343.64732167514
2019-12-28,0,1,0.0005,33343.64732167514,33326.975498014304
2019-12-31,1,0,0.0005,33204.60994916219,32732.350915130562
2020-01-02,0,1,0.0005,32732.350915130562,32715.984739673
2020-01-03,1,0,0.0005,32715.984739673,34341.04482249429
2020-01-04,0,1,0.0005,34341.04482249429,34323.87430008304
2020-01-09,1,0,0.0005,37336.73164301547,36378.4899842985
2020-01-11,0,1,0.0005,36378.4899842985,36360.30073930635
2020-01-12,1,0,0.0005,36360.30073930635,37036.44304024368
2020-01-13,0,1,0.0005,37036.44304024368,37017.92481872356
2020-01-14,1,0,0.0005,37017.92481872356,39982.93127008035
2020-01-15,0,1,0.0005,39982.93127008035,39962.93980444531
2020-01-16,1,0,0.0005,39962.93980444531,39563.52035870426
2020-01-18,0,1,0.0005,39563.52035870426,39543.73859852491
2020-01-20,1,0,0.0005,38483.60645656333,38248.92835201713
2020-01-22,0,1,0.0005,38248.92835201713,38229.803887841124
2020-01-23,1,0,0.0005,38229.803887841124,36982.92477605354
2020-01-25,0,1,0.0005,36982.92477605354,36964.43331366552
2020-01-26,1,0,0.0005,36964.43331366552,37943.87391873838
2020-01-27,0,1,0.0005,37943.87391873838,37924.90198177902
2020-01-30,1,0,0.0005,39609.76037789163,40399.46163286196
2020-01-31,0,1,0.0005,40399.46163286196,40379.26190204553
2020-02-01,1,0,0.0005,40379.26190204553,40541.52484150283
2020-02-02,0,1,0.0005,40541.52484150283,40521.254079082086
2020-02-03,1,0,0.0005,40521.254079082086,40279.910702275556
2020-02-06,0,1,0.0005,40279.910702275556,40259.77074692442
2020-02-11,1,0,0.0005,40755.76282475373,42163.974149359674
2020-02-12,0,1,0.0005,42163.974149359674,42142.892162284996
2020-02-14,1,0,0.0005,41684.64035585718,42060.76149775638
2020-02-15,0,1,0.0005,42060.76149775638,42039.731117007505
2020-02-16,1,0,0.0005,42039.731117007505,42209.608563500835
2020-02-17,0,1,0.0005,42209.608563500835,42188.503759219086
2020-02-18,1,0,0.0005,42188.503759219086,44090.17978076609
2020-02-19,0,1,0.0005,44090.17978076609,44068.13469087571
2020-02-20,1,0,0.0005,44068.13469087571,43931.99651530783
2020-02-22,0,1,0.0005,43931.99651530783,43910.03051705018
2020-02-23,1,0,0.0005,43910.03051705018,45059.81754118312
2020-02-24,0,1,0.0005,45059.81754118312,45037.28763241253
2020-02-25,1,0,0.0005,45037.28763241253,43551.63192719453
2020-03-03,0,1,0.0005,43551.63192719453,43529.85611123094
2020-03-04,1,0,0.0005,43529.85611123094,43346.6065749934
2020-03-06,0,1,0.0005,43346.6065749934,43324.93327170591
2020-03-08,1,0,0.0005,42303.33868742039,38292.832901133166
2020-03-12,0,1,0.0005,38292.832901133166,38273.6864846826
2020-03-13,1,0,0.0005,38273.6864846826,42567.466780972376
2020-03-14,0,1,0.0005,42567.466780972376,42546.18304758189
2020-03-15,1,0,0.0005,42546.18304758189,44067.02753126372
2020-03-16,0,1,0.0005,44067.02753126372,44044.99401749809
2020-03-17,1,0,0.0005,44044.99401749809,45839.630451881494
2020-03-18,0,1,0.0005,45839.630451881494,45816.71063665555
2020-03-22,1,0,0.0005,53419.796086358976,50237.203620190536
2020-03-24,0,1,0.0005,50237.203620190536,50212.08501838044
2020-03-26,1,0,0.0005,49809.807889557334,50047.95910894888
2020-03-27,0,1,0.0005,50047.95910894888,50022.93512939441
2020-03-28,1,0,0.0005,50022.93512939441,48206.44024097864
2020-03-31,0,1,0.0005,48206.44024097864,48182.337020858155
2020-04-04,1,0,0.0005,50350.29230029186,51318.31714356486
2020-04-05,0,1,0.0005,51318.31714356486,51292.657984993086
2020-04-06,1,0,0.0005,51292.657984993086,54774.60957538269
2020-04-07,0,1,0.0005,54774.60957538269,54747.222270595
2020-04-08,1,0,0.0005,54747.222270595,55909.7590664121
2020-04-09,0,1,0.0005,55909.7590664121,55881.8041868789
2020-04-10,1,0,0.0005,55881.8041868789,52408.6021824586
2020-04-13,0,1,0.0005,52408.6021824586,52382.397881367375
2020-04-14,1,0,0.0005,52382.397881367375,52336.23061013648
2020-04-17,0,1,0.0005,52336.23061013648,52310.062494831414
2020-04-18,1,0,0.0005,52310.062494831414,53460.931053425884
2020-04-19,0,1,0.0005,53460.931053425884,53434.20058789918
2020-04-20,1,0,0.0005,53434.20058789918,51071.9871861242
2020-04-23,0,1,0.0005,51071.9871861242,51046.45119253114
2020-05-01,1,0,0.0005,59066.18019184609,60426.882495346625
2020-05-02,0,1,0.0005,60426.882495346625,60396.66905409895
2020-05-04,1,0,0.0005,59781.23229901335,59853.28493422957
2020-05-05,0,1,0.0005,59853.28493422957,59823.35829176245
2020-05-09,1,0,0.0005,65213.66817721164,63511.624206729066
2020-05-13,0,1,0.0005,63511.624206729066,63479.86839462571
2020-05-16,1,0,0.0005,63745.37272187787,64046.223049074055
2020-05-17,0,1,0.0005,64046.223049074055,64014.19993754952
2020-05-21,1,0,0.0005,63020.442586395955,59999.25636271529
2020-05-23,0,1,0.0005,59999.25636271529,59969.25673453394
2020-05-25,1,0,0.0005,57177.33713011712,57901.97658852599
2020-05-26,0,1,0.0005,57901.97658852599,57873.02560023173
2020-05-27,1,0,0.0005,57873.02560023173,60067.04820833239
2020-05-28,0,1,0.0005,60067.04820833239,60037.01468422823
2020-05-30,1,0,0.0005,59488.54180181015,61083.155349251174
2020-05-31,0,1,0.0005,61083.155349251174,61052.61377157655
2020-06-01,1,0,0.0005,61052.61377157655,65417.223394682514
2020-06-02,0,1,0.0005,65417.223394682514,65384.51478298518
2020-06-03,1,0,0.0005,65384.51478298518,66216.83971330032
2020-06-04,0,1,0.0005,66216.83971330032,66183.73129344366
2020-06-06,1,0,0.0005,65265.02993753361,65152.30925814647
2020-06-08,0,1,0.0005,65152.30925814647,65119.73310351741
2020-06-12,1,0,0.0005,62015.38573648463,63033.652558862945
2020-06-13,0,1,0.0005,63033.652558862945,63002.13573258352
2020-06-14,1,0,0.0005,63002.13573258352,62379.49546490205
2020-06-16,0,1,0.0005,62379.49546490205,62348.305717169605
2020-06-18,1,0,0.0005,61969.52870824567,61489.72071015844
2020-06-21,0,1,0.0005,61489.72071015844,61458.97584980337
2020-06-22,1,0,0.0005,61458.97584980337,63666.606803858056
2020-06-23,0,1,0.0005,63666.606803858056,63634.77350045613
2020-06-24,1,0,0.0005,63634.77350045613,61479.404969677824
2020-06-29,0,1,0.0005,61479.404969677824,61448.66526719299
2020-07-01,1,0,0.0005,61094.22213748157,61664.64573550922
2020-07-02,0,1,0.0005,61664.64573550922,61633.813412641466
2020-07-03,1,0,0.0005,61633.813412641466,61358.59303601169
2020-07-05,0,1,0.0005,61358.59303601169,61327.91373949369
2020-07-06,1,0,0.0005,61327.91373949369,63302.08160947273
2020-07-07,0,1,0.0005,63302.08160947273,63270.430568667995
2020-07-08,1,0,0.0005,63270.430568667995,64431.41671583031
2020-07-09,0,1,0.0005,64431.41671583031,64399.201007472395
2020-07-10,1,0,0.0005,64399.201007472395,64372.830573445
2020-07-11,0,1,0.0005,64372.830573445,64340.64415815828
2020-07-12,1,0,0.0005,64340.64415815828,64559.71865258657
2020-07-13,0,1,0.0005,64559.71865258657,64527.43879326028
2020-07-14,1,0,0.0005,64527.43879326028,64492.37998306955
2020-07-18,0,1,0.0005,64492.37998306955,64460.13379307802
2020-07-21,1,0,0.0005,64496.217155535574,65929.74699689524
2020-07-22,0,1,0.0005,65929.74699689524,65896.78212339678
2020-07-25,1,0,0.0005,65974.71791416123,66904.69326469944
2020-07-26,0,1,0.0005,66904.69326469944,66871.2409180671
2020-07-29,1,0,0.0005,73300.29336786043,74513.3184588118
2020-07-30,0,1,0.0005,74513.3184588118,74476.0617995824
2020-08-03,1,0,0.0005,73877.4340337761,75117.54458328913
2020-08-04,0,1,0.0005,75117.54458328913,75079.98581099749
2020-08-05,1,0,0.0005,75079.98581099749,78583.22079473556
2020-08-06,0,1,0.0005,78583.22079473556,78543.9291843382
2020-08-08,1,0,0.0005,77345.98486986035,78317.87351648837
2020-08-09,0,1,0.0005,78317.87351648837,78278.71457973013
2020-08-10,1,0,0.0005,78278.71457973013,79584.73238033142
2020-08-11,0,1,0.0005,79584.73238033142,79544.94001414126
2020-08-12,1,0,0.0005,79544.94001414126,80711.80866280859
2020-08-13,0,1,0.0005,80711.80866280859,80671.45275847719
2020-08-15,1,0,0.0005,80566.87341490039,81186.7335285597
2020-08-16,0,1,0.0005,81186.7335285597,81146.14016179541
2020-08-19,1,0,0.0005,81762.2106217531,80117.32770830038
2020-08-21,0,1,0.0005,80117.32770830038,80077.26904444624
2020-08-22,1,0,0.0005,80077.26904444624,80651.96929300019
2020-08-23,0,1,0.0005,80651.96929300019,80611.6433083537
2020-08-24,1,0,0.0005,80611.6433083537,81326.22188597891
2020-08-25,0,1,0.0005,81326.22188597891,81285.55877503593
2020-08-26,1,0,0.0005,81285.55877503593,82114.37354378217
2020-08-27,0,1,0.0005,82114.37354378217,82073.31635701029
2020-08-28,1,0,0.0005,82073.31635701029,83605.1917110218
2020-08-29,0,1,0.0005,83605.1917110218,83563.3891151663
2020-08-30,1,0,0.0005,83563.3891151663,84994.65709549455
2020-08-31,0,1,0.0005,84994.65709549455,84952.1597669468
2020-09-01,1,0,0.0005,84952.1597669468,86990.6112936126
2020-09-02,0,1,0.0005,86990.6112936126,86947.1159879658
2020-09-03,1,0,0.0005,86947.1159879658,77511.18823931515
2020-09-05,0,1,0.0005,77511.18823931515,77472.4326451955
2020-09-06,1,0,0.0005,77472.4326451955,78273.09377652137
2020-09-07,0,1,0.0005,78273.09377652137,78233.95722963312
2020-09-09,1,0,0.0005,76417.0591929913,77210.25571283745
2020-09-10,0,1,0.0005,77210.25571283745,77171.65058498103
2020-09-14,1,0,0.0005,76872.2304011806,79447.73077458038
2020-09-15,0,1,0.0005,79447.73077458038,79408.0069091931
2020-09-18,1,0,0.0005,80515.33516999606,80442.68321094598
2020-09-20,0,1,0.0005,80442.68321094598,80402.4618693405
2020-09-21,1,0,0.0005,80402.4618693405,76784.88891111276
2020-09-23,0,1,0.0005,76784.88891111276,76746.49646665722
2020-09-24,1,0,0.0005,76746.49646665722,80463.80024043364
2020-09-25,0,1,0.0005,80463.80024043364,80423.56834031343
2020-09-26,1,0,0.0005,80423.56834031343,80818.46659632027
2020-09-27,0,1,0.0005,80818.46659632027,80778.05736302212
2020-09-29,1,0,0.0005,80284.64664020787,81250.11634669415
2020-09-30,0,1,0.0005,81250.11634669415,81209.4912885208
2020-10-01,1,0,0.0005,81209.4912885208,79916.50012872665
2020-10-05,0,1,0.0005,79916.50012872665,79876.54187866229
2020-10-07,1,0,0.0005,78465.94898263073,78902.98960222398
2020-10-08,0,1,0.0005,78902.98960222398,78863.53810742288
2020-10-14,1,0,0.0005,82507.87798533397,82492.66958874995
2020-10-15,0,1,0.0005,82492.66958874995,82451.42325395558
2020-10-17,1,0,0.0005,81199.4834577365,81416.50368099613
2020-10-18,0,1,0.0005,81416.50368099613,81375.79542915564
2020-10-24,1,0,0.0005,91365.18514675969,92558.25757702907
2020-10-25,0,1,0.0005,92558.25757702907,92511.97844824057
2020-10-26,1,0,0.0005,92511.97844824057,92778.08981969427
2020-10-27,0,1,0.0005,92778.08981969427,92731.70077478443
2020-10-29,1,0,0.0005,90093.86877822765,91172.75217783666
2020-10-30,0,1,0.0005,91172.75217783666,91127.16580174775
2020-11-02,1,0,0.0005,92395.31691912372,91085.31485354589
2020-11-04,0,1,0.0005,91085.31485354589,91039.77219611913
2020-11-07,1,0,0.0005,99818.87447143333,94960.07683582045
2020-11-09,0,1,0.0005,94960.07683582045,94912.59679740254
2020-11-10,1,0,0.0005,94912.59679740254,94608.43162190584
2020-11-12,0,1,0.0005,94608.43162190584,94561.12740609489
2020-11-15,1,0,0.0005,93339.99968790814,92637.22034221627
2020-11-17,0,1,0.0005,92637.22034221627,92590.90173204517
2020-11-23,1,0,0.0005,96287.41734877617,96208.44384377726
2020-11-25,0,1,0.0005,96208.44384377726,96160.33962185538
2020-11-26,1,0,0.0005,96160.33962185538,87630.41230714934
2020-11-29,0,1,0.0005,87630.41230714934,87586.59710099577
2020-12-02,1,0,0.0005,90262.28866080916,92108.2259498195
2020-12-03,0,1,0.0005,92108.2259498195,92062.1718368446
2020-12-05,1,0,0.0005,88462.58993889957,90542.57658782278
2020-12-06,0,1,0.0005,90542.57658782278,90497.30529952887
2020-12-08,1,0,0.0005,89776.40769659652,85564.23694297881
2020-12-10,0,1,0.0005,85564.23694297881,85521.45482450732
2020-12-11,1,0,0.0005,85521.45482450732,84508.25165822415
2020-12-13,0,1,0.0005,84508.25165822415,84465.99753239505
2020-12-21,1,0,0.0005,102866.29373322272,99817.53460581413
2020-12-23,0,1,0.0005,99817.53460581413,99767.62583851123
2020-12-24,1,0,0.0005,99767.62583851123,101818.63957676597
2020-12-25,0,1,0.0005,101818.63957676597,101767.7302569776
2020-12-28,1,0,0.0005,108149.01941871966,111388.9524246954
2020-12-29,0,1,0.0005,111388.9524246954,111333.25794848305
2021-01-05,1,0,0.0005,129343.65720270299,137205.16620251202
2021-01-06,0,1,0.0005,137205.16620251202,137136.56361941076
2021-01-10,1,0,0.0005,149484.12825030045,142189.2301488472
2021-01-14,0,1,0.0005,142189.2301488472,142118.13553377276
2021-01-16,1,0,0.0005,133283.14860716616,130853.15061493995
2021-01-19,0,1,0.0005,130853.15061493995,130787.72403963249
2021-01-20,1,0,0.0005,130787.72403963249,128815.54757112823
2021-01-23,0,1,0.0005,128815.54757112823,128751.13979734268
2021-01-24,1,0,0.0005,128751.13979734268,129573.96867815043
2021-01-25,0,1,0.0005,129573.96867815043,129509.18169381136
2021-01-28,1,0,0.0005,121475.30127042411,132957.17827507522
2021-01-29,0,1,0.0005,132957.17827507522,132890.6996859377
2021-01-31,1,0,0.0005,132709.0969284653,128092.22396777314
2021-02-02,0,1,0.0005,128092.22396777314,128028.17785578927
2021-02-05,1,0,0.0005,132932.41133758222,137180.77877145627
2021-02-06,0,1,0.0005,137180.77877145627,137112.18838207054
2021-02-08,1,0,0.0005,135840.25507552468,159112.48390208956
2021-02-09,0,1,0.0005,159112.48390208956,159032.92766013852
2021-02-11,1,0,0.0005,153593.49208336946,163418.50161402638
2021-02-12,0,1,0.0005,163418.50161402638,163336.79236321937
2021-02-13,1,0,0.0005,163336.79236321937,161876.27637565802
2021-02-15,0,1,0.0005,161876.27637565802,161795.3382374702
2021-02-16,1,0,0.0005,161795.3382374702,165894.4653183541
2021-02-17,0,1,0.0005,165894.4653183541,165811.51808569493
2021-02-19,1,0,0.0005,164312.87601411992,177093.97532891
2021-02-20,0,1,0.0005,177093.97532891,177005.42834124554
2021-02-23,1,0,0.0005,170664.40626942416,152730.0954089822
2021-02-25,0,1,0.0005,152730.0954089822,152653.7303612777
2021-02-26,1,0,0.0005,152653.7303612777,150113.25546182998
2021-03-02,0,1,0.0005,150113.25546182998,150038.19883409908
2021-03-03,1,0,0.0005,150038.19883409908,156514.5568304564
2021-03-04,0,1,0.0005,156514.5568304564,156436.29955204116
2021-03-05,1,0,0.0005,156436.29955204116,157533.14017906296
2021-03-06,0,1,0.0005,157533.14017906296,157454.37360897343
2021-03-07,1,0,0.0005,157454.37360897343,164593.29560489638
2021-03-08,0,1,0.0005,164593.29560489638,164510.99895709395
2021-03-13,1,0,0.0005,180186.71570840146,191987.22683337776
2021-03-14,0,1,0.0005,191987.22683337776,191891.23321996108
2021-03-15,1,0,0.0005,191891.23321996108,180482.29995550733
2021-03-17,0,1,0.0005,180482.29995550733,180392.05880552958
2021-03-19,1,0,0.0005,177264.21349334987,178663.5937509165
2021-03-20,0,1,0.0005,178663.5937509165,178574.26195404105
2021-03-21,1,0,0.0005,178574.26195404105,176048.52471111927
2021-03-24,0,1,0.0005,176048.52471111927,175960.50044876372
2021-03-25,1,0,0.0005,175960.50044876372,172267.89317080844
2021-03-27,0,1,0.0005,172267.89317080844,172181.75922422306
2021-03-29,1,0,0.0005,172111.71497299446,177473.8605119123
2021-03-30,0,1,0.0005,177473.8605119123,177385.12358165634
2021-04-04,1,0,0.0005,173344.80142993128,176698.44144204914
2021-04-05,0,1,0.0005,176698.44144204914,176610.09222132812
2021-04-07,1,0,0.0005,174002.63891354323,167385.51503019032
2021-04-09,0,1,0.0005,167385.51503019032,167301.82227267523
2021-04-10,1,0,0.0005,167301.82227267523,171607.2005089733
2021-04-11,0,1,0.0005,171607.2005089733,171521.39690871883
2021-04-13,1,0,0.0005,170631.6092515271,180532.87411871544
2021-04-14,0,1,0.0005,180532.87411871544,180442.60768165608
2021-04-15,1,0,0.0005,180442.60768165608,180935.62219804444
2021-04-16,0,1,0.0005,180935.62219804444,180845.15438694542
2021-04-17,1,0,0.0005,180845.15438694542,178124.7140937054
2021-04-21,0,1,0.0005,178124.7140937054,178035.65173665856
2021-04-22,1,0,0.0005,178035.65173665856,170721.61178922612
2021-04-27,0,1,0.0005,170721.61178922612,170636.25098333153
2021-04-29,1,0,0.0005,169988.8134710838,165921.03661079935
2021-05-01,0,1,0.0005,165921.03661079935,165838.07609249395
2021-05-03,1,0,0.0005,162369.39900067213,163912.08725560724
2021-05-04,0,1,0.0005,163912.08725560724,163830.13121197946
2021-05-05,1,0,0.0005,163830.13121197946,175854.78551967
2021-05-06,0,1,0.0005,175854.78551967,175766.85812691017
2021-05-07,1,0,0.0005,175766.85812691017,178645.40897342333
2021-05-08,0,1,0.0005,178645.40897342333,178556.08626893663
2021-05-10,1,0,0.0005,176812.3739472223,169369.36138218018
2021-05-12,0,1,0.0005,169369.36138218018,169284.6767014891
2021-05-13,1,0,0.0005,169284.6767014891,171137.1467487738
2021-05-14,0,1,0.0005,171137.1467487738,171051.57817539942
2021-05-16,1,0,0.0005,160001.86804576192,158877.81378782273
2021-05-21,0,1,0.0005,158877.81378782273,158798.37488092884
2021-05-22,1,0,0.0005,158798.37488092884,159703.24572564883
2021-05-23,0,1,0.0005,159703.24572564883,159623.394102786
2021-05-24,1,0,0.0005,159623.394102786,176658.79169597483
2021-05-25,0,1,0.0005,176658.79169597483,176570.46230012685
2021-05-26,1,0,0.0005,176570.46230012685,180536.5113596721
2021-05-27,0,1,0.0005,180536.5113596721,180446.24310399225
2021-05-28,1,0,0.0005,180446.24310399225,167014.52643228712
2021-05-31,0,1,0.0005,167014.52643228712,166931.019169071
2021-06-02,1,0,0.0005,164008.4153286478,167858.97024913513
2021-06-03,0,1,0.0005,167858.97024913513,167775.04076401057
2021-06-05,1,0,0.0005,157567.5423101704,151648.55814514865
2021-06-07,0,1,0.0005,151648.55814514865,151572.73386607607
2021-06-08,1,0,0.0005,151572.73386607607,151098.64844878964
2021-06-10,0,1,0.0005,151098.64844878964,151023.09912456525
2021-06-11,1,0,0.0005,151023.09912456525,153525.18616193673
2021-06-12,0,1,0.0005,153525.18616193673,153448.42356885577
2021-06-13,1,0,0.0005,153448.42356885577,167958.0156652345
2021-06-14,0,1,0.0005,167958.0156652345,167874.03665740188
2021-06-17,1,0,0.0005,159834.17163854794,158525.9671779912
2021-06-21,0,1,0.0005,158525.9671779912,158446.7041944022
2021-06-22,1,0,0.0005,158446.7041944022,162460.64209531044
2021-06-23,0,1,0.0005,162460.64209531044,162379.4117742628
2021-06-26,1,0,0.0005,151607.54913432692,154137.61205766018
2021-06-27,0,1,0.0005,154137.61205766018,154060.54325163137
2021-06-29,1,0,0.0005,153100.24345146766,159267.90530304532
2021-06-30,0,1,0.0005,159267.90530304532,159188.2713503938
2021-07-01,1,0,0.0005,159188.2713503938,152292.5147152588
2021-07-03,0,1,0.0005,152292.5147152588,152216.36845790118
2021-07-06,1,0,0.0005,147990.5747056045,150046.490859195
2021-07-07,0,1,0.0005,150046.490859195,149971.46761376542
2021-07-08,1,0,0.0005,149971.46761376542,145500.55143425037
2021-07-10,0,1,0.0005,145500.55143425037,145427.80115853326
2021-07-11,1,0,0.0005,145427.80115853326,148444.30135596957
2021-07-12,0,1,0.0005,148444.30135596957,148370.07920529158
2021-07-13,1,0,0.0005,148370.07920529158,146251.04491107873
2021-07-15,0,1,0.0005,146251.04491107873,146177.9193886232
2021-07-16,1,0,0.0005,146177.9193886232,144443.2945973688
2021-07-18,0,1,0.0005,144443.2945973688,144371.07295007014
2021-07-20,1,0,0.0005,139856.2281397557,135123.69536907185
2021-07-22,0,1,0.0005,135123.69536907185,135056.13352138732
2021-08-01,1,0,0.0005,172962.66211421083,165874.99057798996
2021-08-05,0,1,0.0005,165874.99057798996,165792.05308270096
2021-08-09,1,0,0.0005,177322.1583904188,187334.2483668065
2021-08-10,0,1,0.0005,187334.2483668065,187240.58124262313
2021-08-11,1,0,0.0005,187240.58124262313,187182.30459128268
2021-08-12,0,1,0.0005,187182.30459128268,187088.71343898703
2021-08-13,1,0,0.0005,187088.71343898703,200654.4187117296
2021-08-14,0,1,0.0005,200654.4187117296,200554.09150237375
2021-08-15,1,0,0.0005,200554.09150237375,200241.0348912557
2021-08-19,0,1,0.0005,200241.0348912557,200140.91437381008
2021-08-22,1,0,0.0005,209204.73141592712,210872.8201948632
2021-08-23,0,1,0.0005,210872.8201948632,210767.38378476576
2021-08-25,1,0,0.0005,202790.9144170206,207953.995828517
2021-08-26,0,1,0.0005,207953.995828517,207850.01883060276
2021-08-27,1,0,0.0005,207850.01883060276,216912.16123993244
2021-08-28,0,1,0.0005,216912.16123993244,216803.7051593125
2021-08-29,1,0,0.0005,216803.7051593125,216373.33142863464
2021-09-01,0,1,0.0005,216373.33142863464,216265.14476292033
2021-09-05,1,0,0.0005,221092.2190880598,228847.1248513751
2021-09-06,0,1,0.0005,228847.1248513751,228732.7012889494
2021-09-08,1,0,0.0005,201917.79596075427,198688.1624956487
2021-09-10,0,1,0.0005,198688.1624956487,198588.81841440088
2021-09-11,1,0,0.0005,198588.81841440088,199889.56314258938
2021-09-12,0,1,0.0005,199889.56314258938,199789.6183610181
2021-09-14,1,0,0.0005,194959.84497861913,203883.54832440062
2021-09-15,0,1,0.0005,203883.54832440062,203781.60655023842
2021-09-17,1,0,0.0005,202112.48450914846,199817.68324979133
2021-09-19,0,1,0.0005,199817.68324979133,199717.77440816644
2021-09-20,1,0,0.0005,199717.77440816644,180024.01641794117
2021-09-23,0,1,0.0005,180024.01641794117,179934.0044097322
2021-09-25,1,0,0.0005,171501.90195579408,170922.4051345381
2021-09-27,0,1,0.0005,170922.4051345381,170836.94393197083
2021-09-28,1,0,0.0005,170836.94393197083,165822.48107390493
2021-09-30,0,1,0.0005,165822.48107390493,165739.56983336798
2021-10-03,1,0,0.0005,179818.99756212378,181560.69473458806
2021-10-04,0,1,0.0005,181560.69473458806,181469.91438722078
2021-10-08,1,0,0.0005,198018.22144655028,198514.01169603807
2021-10-09,0,1,0.0005,198514.01169603807,198414.75469019005
2021-10-11,1,0,0.0005,197703.66868652756,207163.58415665946
2021-10-12,0,1,0.0005,207163.58415665946,207060.00236458113
2021-10-13,1,0,0.0005,207060.00236458113,211921.52581599978
2021-10-14,0,1,0.0005,211921.52581599978,211815.5650530918
2021-10-15,1,0,0.0005,211815.5650530918,226936.53988640726
2021-10-16,0,1,0.0005,226936.53988640726,226823.07161646406
2021-10-17,1,0,0.0005,226823.07161646406,229160.22594060522
2021-10-18,0,1,0.0005,229160.22594060522,229045.64582763493
2021-10-22,1,0,0.0005,229089.17921816453,223315.6162031776
2021-10-24,0,1,0.0005,223315.6162031776,223203.958395076
2021-10-25,1,0,0.0005,223203.958395076,230687.37851741942
2021-10-26,0,1,0.0005,230687.37851741942,230572.03482816071
2021-10-27,1,0,0.0005,230572.03482816071,223155.95190061614
2021-10-29,0,1,0.0005,223155.95190061614,223044.37392466585
2021-10-31,1,0,0.0005,221825.49209739506,219662.53857120755
2021-11-03,0,1,0.0005,219662.53857120755,219552.70730192197
2021-11-04,1,0,0.0005,219552.70730192197,214086.05692211926
2021-11-07,0,1,0.0005,214086.05692211926,213979.0138936582
2021-11-10,1,0,0.0005,225830.7230662663,218952.33354609518
2021-11-14,0,1,0.0005,218952.33354609518,218842.85737932214
2021-11-16,1,0,0.0005,212366.66130566955,200596.77973489455
2021-11-18,0,1,0.0005,200596.77973489455,200496.4813450271
2021-11-19,1,0,0.0005,200496.4813450271,204499.7891839224
2021-11-20,0,1,0.0005,204499.7891839224,204397.53928933045
2021-11-22,1,0,0.0005,201060.49281094008,192424.03696164963
2021-11-24,0,1,0.0005,192424.03696164963,192327.82494316882
2021-11-25,1,0,0.0005,192327.82494316882,195599.67477491687
2021-11-26,0,1,0.0005,195599.67477491687,195501.8749375294
2021-11-27,1,0,0.0005,195501.8749375294,199896.84889525667
2021-11-28,0,1,0.0005,199896.84889525667,199796.90047080905
2021-12-01,1,0,0.0005,198919.86517240838,199601.9177738891
2021-12-02,0,1,0.0005,199601.9177738891,199502.11681500214
2021-12-03,1,0,0.0005,199502.11681500214,188962.10364007333
2021-12-06,0,1,0.0005,188962.10364007333,188867.6225882533
2021-12-09,1,0,0.0005,188575.11008525267,177595.97378933453
2021-12-12,0,1,0.0005,177595.97378933453,177507.17580243986
2021-12-14,1,0,0.0005,165180.83427518426,164656.4136001623
2021-12-16,0,1,0.0005,164656.4136001623,164574.08539336224
2021-12-17,1,0,0.0005,164574.08539336224,159360.3630205731
2021-12-19,0,1,0.0005,159360.3630205731,159280.68283906282
2021-12-20,1,0,0.0005,159280.68283906282,159790.80795674393
2021-12-21,0,1,0.0005,159790.80795674393,159710.91255276557
2021-12-23,1,0,0.0005,158702.20487617305,165507.6631971447
2021-12-24,0,1,0.0005,165507.6631971447,165424.90936554613
2021-12-26,1,0,0.0005,164142.91144604477,165291.945463947
2021-12-27,0,1,0.0005,165291.945463947,165209.29949121503
2021-12-28,1,0,0.0005,165209.29949121503,154858.70120504606
2021-12-31,0,1,0.0005,154858.70120504606,154781.27185444353
2022-01-01,1,0,0.0005,154781.27185444353,159250.38499424115
2022-01-02,0,1,0.0005,159250.38499424115,159170.75980174405
2022-01-03,1,0,0.0005,159170.75980174405,156080.51732760452
2022-01-09,0,1,0.0005,156080.51732760452,156002.47706894073
2022-01-11,1,0,0.0005,155665.85308836482,158955.60348390852
2022-01-12,0,1,0.0005,158955.60348390852,158876.12568216657
2022-01-14,1,0,0.0005,153891.25569707146,155639.4087614093
2022-01-15,0,1,0.0005,155639.4087614093,155561.58905702858
2022-01-17,1,0,0.0005,155332.56936219288,152112.90239354054
2022-01-19,0,1,0.0005,152112.90239354054,152036.8459423438
2022-01-20,1,0,0.0005,152036.8459423438,148035.73132661323
2022-01-24,0,1,0.0005,148035.73132661323,147961.71346094992
2022-01-27,1,0,0.0005,148754.6672717033,149830.7344202446
2022-01-28,0,1,0.0005,149830.7344202446,149755.8190530345
2022-01-31,1,0,0.0005,150274.99810948185,152424.59300461624
2022-02-01,0,1,0.0005,152424.59300461624,152348.38070811395
2022-02-03,1,0,0.0005,145140.66608523892,145857.8374423651
2022-02-04,0,1,0.0005,145857.8374423651,145784.9085236439
2022-02-06,1,0,0.0005,145575.00398877743,148874.73462823706
2022-02-07,0,1,0.0005,148874.73462823706,148800.29726092293
2022-02-11,1,0,0.0005,147838.36953626556,143784.47496942055
2022-02-15,0,1,0.0005,143784.47496942055,143712.58273193587
2022-02-17,1,0,0.0005,141721.40249580194,130159.44016741413
2022-02-20,0,1,0.0005,130159.44016741413,130094.36044733043
2022-02-21,1,0,0.0005,130094.36044733043,125355.8280569498
2022-02-23,0,1,0.0005,125355.8280569498,125293.15014292134
2022-02-24,1,0,0.0005,125293.15014292134,128663.48325257239
2022-02-25,0,1,0.0005,128663.48325257239,128599.15151094612
2022-02-27,1,0,0.0005,128240.9678530857,123517.27362405536
2022-03-01,0,1,0.0005,123517.27362405536,123455.51498724334
2022-03-03,1,0,0.0005,122251.36496339836,118022.14272794369
2022-03-06,0,1,0.0005,118022.14272794369,117963.13165657973
2022-03-07,1,0,0.0005,117963.13165657973,116799.97798812264
2022-03-09,0,1,0.0005,116799.97798812264,116741.57799912858
2022-03-11,1,0,0.0005,109439.75923734916,107587.43853048481
2022-03-13,0,1,0.0005,107587.43853048481,107533.64481121958
2022-03-14,1,0,0.0005,107533.64481121958,112522.27032425537
2022-03-15,0,1,0.0005,112522.27032425537,112466.00918909325
2022-03-16,1,0,0.0005,112466.00918909325,117455.6162842183
2022-03-17,0,1,0.0005,117455.6162842183,117396.8884760762
2022-03-18,1,0,0.0005,117396.8884760762,119749.34813600565
2022-03-19,0,1,0.0005,119749.34813600565,119689.47346193765
2022-03-21,1,0,0.0005,116984.45271564658,116443.31049284841
2022-03-23,0,1,0.0005,116443.31049284841,116385.08883760199
2022-03-31,1,0,0.0005,127485.53273205168,123225.21998267068
2022-04-02,0,1,0.0005,123225.21998267068,123163.60737267935
2022-04-03,1,0,0.0005,123163.60737267935,124661.87310328895
2022-04-04,0,1,0.0005,124661.87310328895,124599.54216673732
2022-04-06,1,0,0.0005,121715.70313172971,115210.52155604218
2022-04-08,0,1,0.0005,115210.52155604218,115152.91629526416
2022-04-09,1,0,0.0005,115152.91629526416,116434.01958337087
2022-04-10,0,1,0.0005,116434.01958337087,116375.80257357919
2022-04-11,1,0,0.0005,116375.80257357919,108666.25541417112
2022-04-13,0,1,0.0005,108666.25541417112,108611.92228646403
2022-04-15,1,0,0.0005,105313.98932740347,106878.44751398597
2022-04-16,0,1,0.0005,106878.44751398597,106825.00829022899
2022-04-17,1,0,0.0005,106825.00829022899,104885.3307578355
2022-04-19,0,1,0.0005,104885.3307578355,104832.88809245659
2022-04-21,1,0,0.0005,104508.12965920956,102294.1834874148
2022-04-26,0,1,0.0005,102294.1834874148,102243.03639567111
2022-04-27,1,0,0.0005,102243.03639567111,105162.35471891177
2022-04-28,0,1,0.0005,105162.35471891177,105109.77354155232
2022-04-30,1,0,0.0005,101987.76587461149,99544.93669565949
2022-05-02,0,1,0.0005,99544.93669565949,99495.16422731166
2022-05-04,1,0,0.0005,97463.24992146142,102318.15536111656
2022-05-05,0,1,0.0005,102318.15536111656,102266.996283436
2022-05-06,1,0,0.0005,102266.996283436,100711.12868971127
2022-05-11,0,1,0.0005,100711.12868971127,100660.77312536642
2022-05-12,1,0,0.0005,100660.77312536642,100997.21320176938
2022-05-13,0,1,0.0005,100997.21320176938,100946.7145951685
2022-05-17,1,0,0.0005,102712.000215746,104578.82276020973
2022-05-18,0,1,0.0005,104578.82276020973,104526.53334882963
2022-05-19,1,0,0.0005,104526.53334882963,110120.52922398488
2022-05-20,0,1,0.0005,110120.52922398488,110065.4689593729
2022-05-21,1,0,0.0005,110065.4689593729,110879.53035523774
2022-05-22,0,1,0.0005,110879.53035523774,110824.09059006014
2022-05-24,1,0,0.0005,106254.85651911648,108215.23543358543
2022-05-25,0,1,0.0005,108215.23543358543,108161.12781586865
2022-05-26,1,0,0.0005,108161.12781586865,107021.79099302177
2022-05-29,0,1,0.0005,107021.79099302177,106968.28009752526
2022-06-02,1,0,0.0005,107727.93648913348,110063.76189801317
2022-06-03,0,1,0.0005,110063.76189801317,110008.73001706417
2022-06-04,1,0,0.0005,110008.73001706417,110428.67903374498
2022-06-05,0,1,0.0005,110428.67903374498,110373.46469422811
2022-06-08,1,0,0.0005,114852.40520767054,111272.11726921234
2022-06-16,0,1,0.0005,111272.11726921234,111216.48121057774
2022-06-17,1,0,0.0005,111216.48121057774,111649.98202136061
2022-06-18,0,1,0.0005,111649.98202136061,111594.15703034995
2022-06-19,1,0,0.0005,111594.15703034995,120203.98320648466
2022-06-20,0,1,0.0005,120203.98320648466,120143.88121488142
2022-06-23,1,0,0.0005,116494.35566122958,122670.88053319449
2022-06-24,0,1,0.0005,122670.88053319449,122609.5450929279
2022-06-27,1,0,0.0005,121388.97308416311,119631.84574620567
2022-07-04,0,1,0.0005,119631.84574620567,119572.02982333257
2022-07-06,1,0,0.0005,119328.5957432974,121367.02042509681
2022-07-07,0,1,0.0005,121367.02042509681,121306.33691488426
2022-07-10,1,0,0.0005,121048.2967398252,116814.332394859
2022-07-14,0,1,0.0005,116814.332394859,116755.92522866158
2022-07-18,1,0,0.0005,117895.48338262043,127140.80925427098
2022-07-19,0,1,0.0005,127140.80925427098,127077.23884964385
2022-07-21,1,0,0.0005,126217.53036818892,125789.3220269001
2022-07-25,0,1,0.0005,125789.3220269001,125726.42736588666
2022-07-26,1,0,0.0005,125726.42736588666,124943.77484534183
2022-07-28,0,1,0.0005,124943.77484534183,124881.30295791916
2022-07-30,1,0,0.0005,124675.54294204043,123833.39911349257
2022-08-06,0,1,0.0005,123833.39911349257,123771.48241393584
2022-08-07,1,0,0.0005,123771.48241393584,124861.07405439804
2022-08-08,0,1,0.0005,124861.07405439804,124798.64351737085
2022-08-10,1,0,0.0005,121370.30079294872,125346.00286165132
2022-08-11,0,1,0.0005,125346.00286165132,125283.3298602205
2022-08-15,1,0,0.0005,127152.82034122577,126132.18103160661
2022-08-21,0,1,0.0005,126132.18103160661,126069.11494109081
2022-08-23,1,0,0.0005,125275.0304756977,125966.37248902362
2022-08-24,0,1,0.0005,125966.37248902362,125903.38930277912
2022-08-25,1,0,0.0005,125903.38930277912,127046.216464144
2022-08-26,0,1,0.0005,127046.216464144,126982.69335591194
2022-08-27,1,0,0.0005,126982.69335591194,125543.66835621886
2022-08-30,0,1,0.0005,125543.66835621886,125480.89652204076
2022-08-31,1,0,0.0005,125480.89652204076,127011.3398572834
2022-09-01,0,1,0.0005,127011.3398572834,126947.83418735476
2022-09-03,1,0,0.0005,125951.35974106447,125016.99235787944
2022-09-05,0,1,0.0005,125016.99235787944,124954.4838617005
2022-09-06,1,0,0.0005,124954.4838617005,118588.29473681313
2022-09-08,0,1,0.0005,118588.29473681313,118529.00058944472
2022-09-14,1,0,0.0005,123182.45621104506,122782.85618174085
2022-09-17,0,1,0.0005,122782.85618174085,122721.46475364998
2022-09-19,1,0,0.0005,118326.46473856232,119024.22549110801
2022-09-20,0,1,0.0005,119024.22549110801,118964.71337836246
2022-09-21,1,0,0.0005,118964.71337836246,116722.84553985517
2022-09-23,0,1,0.0005,116722.84553985517,116664.48411708526
2022-09-24,1,0,0.0005,116664.48411708526,114405.3416315155
2022-09-27,0,1,0.0005,114405.3416315155,114348.13896069975
2022-09-28,1,0,0.0005,114348.13896069975,116167.3148418657
2022-09-29,0,1,0.0005,116167.3148418657,116109.23118444477
2022-10-01,1,0,0.0005,115268.21446259727,114498.37073598553
2022-10-04,0,1,0.0005,114498.37073598553,114441.12155061755
2022-10-06,1,0,0.0005,113445.68909191329,112227.9583278681
2022-10-10,0,1,0.0005,112227.9583278681,112171.84434870417
2022-10-11,1,0,0.0005,112171.84434870417,111586.71072338265
2022-10-13,0,1,0.0005,111586.71072338265,111530.91736802096
2022-10-15,1,0,0.0005,110390.1204543363,109653.75800332145
2022-10-17,0,1,0.0005,109653.75800332145,109598.93112431979
2022-10-19,1,0,0.0005,108379.38794056297,107227.24764605337
2022-10-22,0,1,0.0005,107227.24764605337,107173.63402223034
2022-10-25,1,0,0.0005,107914.86839775869,111967.0852601872
2022-10-26,0,1,0.0005,111967.0852601872,111911.10171755712
2022-10-28,1,0,0.0005,109269.10618279365,110869.07825923481
2022-10-29,0,1,0.0005,110869.07825923481,110813.6437201052
2022-10-31,1,0,0.0005,109835.93729971869,109034.2207554547
2022-11-04,0,1,0.0005,109034.2207554547,108979.70364507698
2022-11-07,1,0,0.0005,107824.40141854544,106089.73755847188
2022-11-11,0,1,0.0005,106089.73755847188,106036.69268969266
2022-11-12,1,0,0.0005,106036.69268969266,104509.96156999638
2022-11-15,0,1,0.0005,104509.96156999638,104457.70658921139
2022-11-17,1,0,0.0005,103117.96543223783,103178.17801487158
2022-11-18,0,1,0.0005,103178.17801487158,103126.58892586414
2022-11-21,1,0,0.0005,100586.3021584436,97371.65823235955
2022-11-23,0,1,0.0005,97371.65823235955,97322.97240324337
2022-11-25,1,0,0.0005,97286.39223733386,96752.44804454333
2022-11-30,0,1,0.0005,96752.44804454333,96704.07182052106
2022-12-02,1,0,0.0005,95562.76373144395,96197.01246082812
2022-12-03,0,1,0.0005,96197.01246082812,96148.91395459771
2022-12-04,1,0,0.0005,96148.91395459771,97356.43301797722
2022-12-05,0,1,0.0005,97356.43301797722,97307.75480146824
2022-12-06,1,0,0.0005,97307.75480146824,97914.27746732387
2022-12-07,0,1,0.0005,97914.27746732387,97865.32032859021
2022-12-08,1,0,0.0005,97865.32032859021,100029.5336033317
2022-12-09,0,1,0.0005,100029.5336033317,99979.51883653004
2022-12-10,1,0,0.0005,99979.51883653004,99903.68795022789
2022-12-13,0,1,0.0005,99903.68795022789,99853.73610625278
2022-12-16,1,0,0.0005,97482.3211359231,93320.81946755736
2022-12-18,0,1,0.0005,93320.81946755736,93274.15905782359
2022-12-19,1,0,0.0005,93274.15905782359,91438.85455408941
2022-12-21,0,1,0.0005,91438.85455408941,91393.13512681237
2022-12-22,1,0,0.0005,91393.13512681237,91417.00842217429
2022-12-23,0,1,0.0005,91417.00842217429,91371.2999179632
2022-12-24,1,0,0.0005,91371.2999179632,91601.55158755669
2022-12-25,0,1,0.0005,91601.55158755669,91555.75081176292
2022-12-26,1,0,0.0005,91555.75081176292,91932.03176216774
2022-12-27,0,1,0.0005,91932.03176216774,91886.06574628667
2022-12-28,1,0,0.0005,91886.06574628667,90930.90547096192
2022-12-30,0,1,0.0005,90930.90547096192,90885.44001822645
2022-12-31,1,0,0.0005,90885.44001822645,90537.92448318379
2023-01-02,0,1,0.0005,90537.92448318379,90492.6555209422
2023-01-04,1,0,0.0005,90445.9382441609,91389.66508904123
2023-01-05,0,1,0.0005,91389.66508904123,91343.97025649672
2023-01-06,1,0,0.0005,91343.97025649672,91921.33651445857
2023-01-07,0,1,0.0005,91921.33651445857,91875.37584620135
2023-01-16,1,0,0.0005,112640.65233060202,114131.75774139632
2023-01-17,0,1,0.0005,114131.75774139632,114074.69186252562
2023-01-18,1,0,0.0005,114074.69186252562,111440.38426447952
2023-01-20,0,1,0.0005,111440.38426447952,111384.6640723473
2023-01-23,1,0,0.0005,111598.66173913525,112589.14921083863
2023-01-24,0,1,0.0005,112589.14921083863,112532.85463623321
2023-01-25,1,0,0.0005,112532.85463623321,114844.63785399255
2023-01-26,0,1,0.0005,114844.63785399255,114787.21553506557
2023-01-27,1,0,0.0005,114787.21553506557,114958.59818249941
2023-01-28,0,1,0.0005,114958.59818249941,114901.11888340817
2023-01-29,1,0,0.0005,114901.11888340817,118494.23030812807
2023-01-30,0,1,0.0005,118494.23030812807,118434.98319297402
2023-01-31,1,0,0.0005,118434.98319297402,119916.87587585702
2023-02-01,0,1,0.0005,119916.87587585702,119856.9174379191
2023-02-03,1,0,0.0005,118577.47482319694,118404.21697657541
2023-02-08,0,1,0.0005,118404.21697657541,118345.01486808712
2023-02-09,1,0,0.0005,118345.01486808712,112359.95859443952
2023-02-12,0,1,0.0005,112359.95859443952,112303.7786151423
2023-02-13,1,0,0.0005,112303.7786151423,112350.14320703576
2023-02-14,0,1,0.0005,112350.14320703576,112293.96813543224
2023-02-17,1,0,0.0005,118879.81233412716,123469.3160208265
2023-02-18,0,1,0.0005,123469.3160208265,123407.5813628161
2023-02-20,1,0,0.0005,121826.76491143422,124251.7321180516
2023-02-21,0,1,0.0005,124251.7321180516,124189.60625199258
2023-02-22,1,0,0.0005,124189.60625199258,122863.2119687258
2023-02-27,0,1,0.0005,122863.2119687258,122801.78036274144
2023-02-28,1,0,0.0005,122801.78036274144,120764.16347019895
2023-03-02,0,1,0.0005,120764.16347019895,120703.78138846386
2023-03-03,1,0,0.0005,120703.78138846386,114781.7610787898
2023-03-06,0,1,0.0005,114781.7610787898,114724.37019825041
2023-03-07,1,0,0.0005,114724.37019825041,113587.89464427494
2023-03-12,0,1,0.0005,113587.89464427494,113531.10069695281
2023-03-16,1,0,0.0005,124362.85909605063,127706.69307477605
2023-03-17,0,1,0.0005,127706.69307477605,127642.83972823867
2023-03-19,1,0,0.0005,125492.86765584952,130325.91327717592
2023-03-20,0,1,0.0005,130325.91327717592,130260.75032053734
2023-03-21,1,0,0.0005,130260.75032053734,132098.37252241312
2023-03-22,0,1,0.0005,132098.37252241312,132032.32333615192
2023-03-23,1,0,0.0005,132032.32333615192,136838.6208657936
2023-03-24,0,1,0.0005,136838.6208657936,136770.20155536072
2023-03-25,1,0,0.0005,136770.20155536072,136708.88963993292
2023-03-26,0,1,0.0005,136708.88963993292,136640.53519511296
2023-03-28,1,0,0.0005,132405.02839617812,132962.99643877713
2023-03-29,0,1,0.0005,132962.99643877713,132896.51494055774
2023-03-31,1,0,0.0005,131412.11419455014,133415.67780892912
2023-04-01,0,1,0.0005,133415.67780892912,133348.96997002466
2023-04-02,1,0,0.0005,133348.96997002466,132284.82227431328
2023-04-05,0,1,0.0005,132284.82227431328,132218.67986317613
2023-04-07,1,0,0.0005,131589.15270232255,130967.18329521698
2023-04-09,0,1,0.0005,130967.18329521698,130901.69970356938
2023-04-13,1,0,0.0005,139078.92805199386,140204.09518428368
2023-04-14,0,1,0.0005,140204.09518428368,140133.99313669154
2023-04-16,1,0,0.0005,139363.2930062044,139279.17428103284
2023-04-19,0,1,0.0005,139279.17428103284,139209.53469389235
2023-04-20,1,0,0.0005,139209.53469389235,136326.34839423595
2023-04-23,0,1,0.0005,136326.34839423595,136258.18522003884
2023-04-24,1,0,0.0005,136258.18522003884,135863.50676990993
2023-04-26,0,1,0.0005,135863.50676990993,135795.575016525
2023-04-29,1,0,0.0005,140087.7535420088,139578.84229875435
2023-05-01,0,1,0.0005,139578.84229875435,139509.05287760496
2023-05-02,1,0,0.0005,139509.05287760496,142334.00939738177
2023-05-03,0,1,0.0005,142334.00939738177,142262.8423926831
2023-05-05,1,0,0.0005,141482.858216065,144740.43362905798
2023-05-06,0,1,0.0005,144740.43362905798,144668.06341224347
2023-05-07,1,0,0.0005,144668.06341224347,142327.5638328253
2023-05-15,0,1,0.0005,142327.5638328253,142256.4000509089
2023-05-17,1,0,0.0005,141437.72253360177,143248.96682311443
2023-05-18,0,1,0.0005,143248.96682311443,143177.34233970288
2023-05-19,1,0,0.0005,143177.34233970288,143414.4827380904
2023-05-20,0,1,0.0005,143414.4827380904,143342.77549672136
2023-05-22,1,0,0.0005,141343.52122665476,141786.75974887912
2023-05-23,0,1,0.0005,141786.75974887912,141715.86636900468
2023-05-25,1,0,0.0005,137000.92278193354,137665.99735170646
2023-05-26,0,1,0.0005,137665.99735170646,137597.16435303062
2023-05-30,1,0,0.0005,142734.79731148653,142439.29354310862
2023-06-03,0,1,0.0005,142439.29354310862,142368.07389633707
2023-06-04,1,0,0.0005,142368.07389633707,142527.7374098061
2023-06-05,0,1,0.0005,142527.7374098061,142456.4735411012
2023-06-06,1,0,0.0005,142456.4735411012,150336.47026499952
2023-06-07,0,1,0.0005,150336.47026499952,150261.30202986702
2023-06-08,1,0,0.0005,150261.30202986702,151108.53025592028
2023-06-09,0,1,0.0005,151108.53025592028,151032.97599079233
2023-06-10,1,0,0.0005,151032.97599079233,147325.82406842327
2023-06-12,0,1,0.0005,147325.82406842327,147252.16115638908
2023-06-13,1,0,0.0005,147252.16115638908,147270.76307366858
2023-06-14,0,1,0.0005,147270.76307366858,147197.12769213176
2023-06-15,1,0,0.0005,147197.12769213176,149746.49000592262
2023-06-16,0,1,0.0005,149746.49000592262,149671.61676091966
2023-06-19,1,0,0.0005,149714.49901944163,152538.00176613423
2023-06-20,0,1,0.0005,152538.00176613423,152461.73276525116
2023-06-23,1,0,0.0005,160727.11770843502,164800.89208825998
2023-06-24,0,1,0.0005,164800.89208825998,164718.49164221587
2023-06-25,1,0,0.0005,164718.49164221587,164266.7247049311
2023-06-28,0,1,0.0005,164266.7247049311,164184.59134257864
2023-06-29,1,0,0.0005,164184.59134257864,166050.58165583867
2023-06-30,0,1,0.0005,166050.58165583867,165967.55636501077
2023-07-05,1,0,0.0005,167564.2557945717,166040.1694890217
2023-07-08,0,1,0.0005,166040.1694890217,165957.1494042772
2023-07-09,1,0,0.0005,165957.1494042772,165208.2603348113
2023-07-11,0,1,0.0005,165208.2603348113,165125.6562046439
2023-07-13,1,0,0.0005,163884.46121454836,169548.1636479408
2023-07-14,0,1,0.0005,169548.1636479408,169463.38956611682
2023-07-15,1,0,0.0005,169463.38956611682,169164.77118887744
2023-07-20,0,1,0.0005,169164.77118887744,169080.188803283
2023-07-21,1,0,0.0005,169080.188803283,169656.8297286342
2023-07-22,0,1,0.0005,169656.8297286342,169572.0013137699
2023-07-23,1,0,0.0005,169572.0013137699,171259.18486605873
2023-07-24,0,1,0.0005,171259.18486605873,171173.5552736257
2023-07-25,1,0,0.0005,171173.5552736257,171383.83436567383
2023-07-26,0,1,0.0005,171383.83436567383,171298.142448491
2023-07-28,1,0,0.0005,170454.11563160102,171001.17860515372
2023-07-29,0,1,0.0005,171001.17860515372,170915.67801585115
2023-07-31,1,0,0.0005,170439.88743152822,170091.32715428085
2023-08-02,0,1,0.0005,170091.32715428085,170006.28149070372
2023-08-03,1,0,0.0005,170006.28149070372,170077.03483739917
2023-08-04,0,1,0.0005,170077.03483739917,169991.99631998048
2023-08-05,1,0,0.0005,169991.99631998048,169720.0037048372
2023-08-08,0,1,0.0005,169720.0037048372,169635.1437029848
2023-08-10,1,0,0.0005,168468.54561584152,167630.92860073328
2023-08-13,0,1,0.0005,167630.92860073328,167547.11313643292
2023-08-14,1,0,0.0005,167547.11313643292,168180.04146919516
2023-08-15,0,1,0.0005,168180.04146919516,168095.95144846058
2023-08-16,1,0,0.0005,168095.95144846058,165289.82742191307
2023-08-20,0,1,0.0005,165289.82742191307,165207.18250820212
2023-08-22,1,0,0.0005,164793.840933429,164127.00767913138
2023-08-24,0,1,0.0005,164127.00767913138,164044.9441752918
2023-08-25,1,0,0.0005,164044.9441752918,163242.1094591798
2023-08-28,0,1,0.0005,163242.1094591798,163160.4884044502
2023-08-31,1,0,0.0005,170286.3006650319,161460.50721979147
2023-09-03,0,1,0.0005,161460.50721979147,161379.77696618158
2023-09-05,1,0,0.0005,160400.2481160317,160118.37653153855
2023-09-08,0,1,0.0005,160118.37653153855,160038.3173432728
2023-09-09,1,0,0.0005,160038.3173432728,159896.65373522107
2023-09-13,0,1,0.0005,159896.65373522107,159816.70540835347
2023-09-17,1,0,0.0005,161876.244981319,161587.44575121615
2023-09-19,0,1,0.0005,161587.44575121615,161506.65202834056
2023-09-21,1,0,0.0005,161036.42881884862,157570.84955124024
2023-09-23,0,1,0.0005,157570.84955124024,157492.06412646463
2023-09-24,1,0,0.0005,157492.06412646463,155490.3199780635
2023-09-26,0,1,0.0005,155490.3199780635,155412.57481807447
2023-09-27,1,0,0.0005,155412.57481807447,156135.8311938707
2023-09-28,0,1,0.0005,156135.8311938707,156057.76327827375
2023-09-30,1,0,0.0005,155422.19079427284,155668.6838798977
2023-10-01,0,1,0.0005,155668.6838798977,155590.84953795775
2023-10-03,1,0,0.0005,153051.7397809888,152413.77160208722
2023-10-05,0,1,0.0005,152413.77160208722,152337.56471628617
2023-10-06,1,0,0.0005,152337.56471628617,155181.99402123934
2023-10-07,0,1,0.0005,155181.99402123934,155104.40302422873
2023-10-09,1,0,0.0005,154917.125519148,152878.51099874574
2023-10-14,0,1,0.0005,152878.51099874574,152802.07174324637
2023-10-15,1,0,0.0005,152802.07174324637,154411.19373654298
2023-10-16,0,1,0.0005,154411.19373654298,154333.9881396747
2023-10-18,1,0,0.0005,153771.6877748288,153221.0744554707
2023-10-20,0,1,0.0005,153221.0744554707,153144.46391824295
2023-10-27,1,0,0.0005,175338.0366804173,173978.61120491903
2023-10-29,0,1,0.0005,173978.61120491903,173891.62189931658
2023-10-31,1,0,0.0005,173709.68678541592,174453.67474317906
2023-11-01,0,1,0.0005,174453.67474317906,174366.44790580746
2023-11-03,1,0,0.0005,171893.64518377904,170791.59945023156
2023-11-05,0,1,0.0005,170791.59945023156,170706.20365050645
2023-11-06,1,0,0.0005,170706.20365050645,170562.4712440781
2023-11-08,0,1,0.0005,170562.4712440781,170477.19000845606
2023-11-12,1,0,0.0005,177468.31591956865,176979.9687959077
2023-11-16,0,1,0.0005,176979.9687959077,176891.47881150976
2023-11-17,1,0,0.0005,176891.47881150976,178952.0428887468
2023-11-18,0,1,0.0005,178952.0428887468,178862.56686730243
2023-11-19,1,0,0.0005,178862.56686730243,182646.11674953558
2023-11-20,0,1,0.0005,182646.11674953558,182554.79369116083
2023-11-22,1,0,0.0005,174268.1529610987,181883.91338549214
2023-11-23,0,1,0.0005,181883.91338549214,181792.9714287994
2023-11-24,1,0,0.0005,181792.9714287994,183789.58198675522
2023-11-25,0,1,0.0005,183789.58198675522,183697.68719576186
2023-11-27,1,0,0.0005,182147.232820599,180959.60066919244
2023-11-29,0,1,0.0005,180959.60066919244,180869.12086885786
2023-12-01,1,0,0.0005,180171.47448567912,184684.90146737447
2023-12-02,0,1,0.0005,184684.90146737447,184592.5590166408
2023-12-07,1,0,0.0005,204065.55086002534,201835.69392774205
2023-12-09,0,1,0.0005,201835.69392774205,201734.7760807782
2023-12-10,1,0,0.0005,201734.7760807782,201881.57611026158
2023-12-11,0,1,0.0005,201881.57611026158,201780.63532220645
2023-12-12,1,0,0.0005,201780.63532220645,202686.96899586022
2023-12-13,0,1,0.0005,202686.96899586022,202585.6255113623
2023-12-16,1,0,0.0005,197978.80478669645,199339.83553021136
2023-12-17,0,1,0.0005,199339.83553021136,199240.16561244626
2023-12-18,1,0,0.0005,199240.16561244626,205113.6998481754
2023-12-19,0,1,0.0005,205113.6998481754,205011.1429982513
2023-12-20,1,0,0.0005,205011.1429982513,211502.7669735369
2023-12-21,0,1,0.0005,211502.7669735369,211397.01559005014
2023-12-24,1,0,0.0005,210767.8799203338,207147.37196217154
2023-12-26,0,1,0.0005,207147.37196217154,207043.79827619047
2023-12-27,1,0,0.0005,207043.79827619047,211383.93137208847
2023-12-28,0,1,0.0005,211383.93137208847,211278.23940640243
2023-12-29,1,0,0.0005,211278.23940640243,208537.0353795192
2023-12-31,0,1,0.0005,208537.0353795192,208432.76686182944
2024-01-04,1,0,0.0005,210824.35276758298,217171.7169720827
2024-01-05,0,1,0.0005,217171.7169720827,217063.13111359667
2024-01-06,1,0,0.0005,217063.13111359667,216100.1730491072
2024-01-09,0,1,0.0005,216100.1730491072,215992.12296258265
2024-01-10,1,0,0.0005,215992.12296258265,218156.80309307648
2024-01-11,0,1,0.0005,218156.80309307648,218047.72469152996
2024-01-12,1,0,0.0005,218047.72469152996,200747.24500345113
2024-01-16,0,1,0.0005,200747.24500345113,200646.87138094942
2024-01-18,1,0,0.0005,198720.71903628475,191615.67712673853
2024-01-20,0,1,0.0005,191615.67712673853,191519.86928817516
2024-01-22,1,0,0.0005,190968.40028780026,181265.5039710227
2024-01-24,0,1,0.0005,181265.5039710227,181174.8712190372
2024-01-26,1,0,0.0005,180526.0555082982,188753.8147254276
2024-01-27,0,1,0.0005,188753.8147254276,188659.4378180649
2024-01-29,1,0,0.0005,188280.75002628274,193715.36387029948
2024-01-30,0,1,0.0005,193715.36387029948,193618.50618836435
2024-01-31,1,0,0.0005,193618.50618836435,191846.59620417276
2024-02-02,0,1,0.0005,191846.59620417276,191750.6729060707
2024-02-04,1,0,0.0005,190889.0900594186,188970.44735510455
2024-02-06,0,1,0.0005,188970.44735510455,188875.96213142702
2024-02-14,1,0,0.0005,217600.62628892288,226423.64613643056
2024-02-15,0,1,0.0005,226423.64613643056,226310.43431336235
2024-02-18,1,0,0.0005,225097.32341860258,226978.19935012065
2024-02-19,0,1,0.0005,226978.19935012065,226864.71025044558
2024-02-20,1,0,0.0005,226864.71025044558,228956.33013190856
2024-02-21,0,1,0.0005,228956.33013190856,228841.85196684263
2024-02-22,1,0,0.0005,228841.85196684263,226356.9618152316
2024-02-25,0,1,0.0005,226356.9618152316,226243.783334324
2024-03-01,1,0,0.0005,265913.5081425698,271124.2071940575
2024-03-02,0,1,0.0005,271124.2071940575,270988.6450904605
2024-03-03,1,0,0.0005,270988.6450904605,275777.6118867676
2024-03-04,0,1,0.0005,275777.6118867676,275639.72308082425
2024-03-06,1,0,0.0005,256735.52896530242,265721.1955099989
2024-03-07,0,1,0.0005,265721.1955099989,265588.3349122439
2024-03-13,1,0,0.0005,283322.6143132245,289461.3368001191
2024-03-14,0,1,0.0005,289461.3368001191,289316.606131719
2024-03-15,1,0,0.0005,289316.606131719,280981.70621856843
2024-03-18,0,1,0.0005,280981.70621856843,280841.21536545915
2024-03-19,1,0,0.0005,280841.21536545915,256233.70253952598
2024-03-21,0,1,0.0005,256233.70253952598,256105.58568825622
2024-03-22,1,0,0.0005,256105.58568825622,249191.13269573182
2024-03-24,0,1,0.0005,249191.13269573182,249066.53712938397
2024-03-28,1,0,0.0005,257089.510096746,261690.68989872522
2024-03-29,0,1,0.0005,261690.68989872522,261559.84455377588
2024-03-30,1,0,0.0005,261559.84455377588,260501.11384933116
2024-04-01,0,1,0.0005,260501.11384933116,260370.86329240652
2024-04-02,1,0,0.0005,260370.86329240652,243839.68171040376
2024-04-04,0,1,0.0005,243839.68171040376,243717.7618695486
2024-04-06,1,0,0.0005,241318.2068598086,244933.7560163064
2024-04-07,0,1,0.0005,244933.7560163064,244811.28913829828
2024-04-10,1,0,0.0005,243742.00553956907,248675.17341514395
2024-04-11,0,1,0.0005,248675.17341514395,248550.8358284364
2024-04-12,1,0,0.0005,248550.8358284364,238049.81897695013
2024-04-15,0,1,0.0005,238049.81897695013,237930.79406746168
2024-04-16,1,0,0.0005,237930.79406746168,239254.14615176962
2024-04-17,0,1,0.0005,239254.14615176962,239134.51907869373
2024-04-18,1,0,0.0005,239134.51907869373,247585.82044322757
2024-04-19,0,1,0.0005,247585.82044322757,247462.02753300598
2024-04-22,1,0,0.0005,251620.27141903178,258793.68901755929
2024-04-23,0,1,0.0005,258793.68901755929,258664.29217305052
2024-04-24,1,0,0.0005,258664.29217305052,250100.87417660933
2024-04-26,0,1,0.0005,250100.87417660933,249975.82373952103
2024-04-27,1,0,0.0005,249975.82373952103,248529.23415646778
2024-04-30,0,1,0.0005,248529.23415646778,248404.96953938957
2024-05-01,1,0,0.0005,248404.96953938957,238322.2308335708
2024-05-03,0,1,0.0005,238322.2308335708,238203.06971815403
2024-05-07,1,0,0.0005,239181.0638622278,235908.60529018054
2024-05-10,0,1,0.0005,235908.60529018054,235790.65098753545
2024-05-11,1,0,0.0005,235790.65098753545,235676.37666765152
2024-05-12,0,1,0.0005,235676.37666765152,235558.5384793177
2024-05-15,1,0,0.0005,235839.06548893673,253127.08254574737
2024-05-16,0,1,0.0005,253127.08254574737,253000.5190044745
2024-05-17,1,0,0.0005,253000.5190044745,259837.3102604238
2024-05-18,0,1,0.0005,259837.3102604238,259707.3916052936
2024-05-19,1,0,0.0005,259707.3916052936,256994.70646282617
2024-05-21,0,1,0.0005,256994.70646282617,256866.20910959478
2024-05-22,1,0,0.0005,256866.20910959478,252996.29632157378
2024-05-25,0,1,0.0005,252996.29632157378,252869.798173413
2024-05-27,1,0,0.0005,250124.7642486601,253178.92493707087
2024-05-28,0,1,0.0005,253178.92493707087,253052.33547460235
2024-05-29,1,0,0.0005,253052.33547460235,250250.91223246467
2024-05-31,0,1,0.0005,250250.91223246467,250125.78677634845
2024-06-01,1,0,0.0005,250125.78677634845,250798.1894498832
2024-06-02,0,1,0.0005,250798.1894498832,250672.79035515827
2024-06-07,1,0,0.0005,261670.1536175412,256255.00568739887
2024-06-10,0,1,0.0005,256255.00568739887,256126.8781845552
2024-06-11,1,0,0.0005,256126.8781845552,247836.72349180965
2024-06-13,0,1,0.0005,247836.72349180965,247712.80513006376
2024-06-14,1,0,0.0005,247712.80513006376,244807.79422780688
2024-06-16,0,1,0.0005,244807.79422780688,244685.390330693
2024-06-18,1,0,0.0005,244138.59927872967,239010.27955440842
2024-06-23,0,1,0.0005,239010.27955440842,238890.77441463122
2024-06-24,1,0,0.0005,238890.77441463122,227533.2060950012
2024-06-26,0,1,0.0005,227533.2060950012,227419.4394919537
2024-06-27,1,0,0.0005,227419.4394919537,230254.1199805819
2024-06-28,0,1,0.0005,230254.1199805819,230138.9929205916
2024-06-29,1,0,0.0005,230138.9929205916,232178.0060016369
2024-06-30,0,1,0.0005,232178.0060016369,232061.9169986361
2024-07-03,1,0,0.0005,229637.01232747323,222549.67871299604
2024-07-07,0,1,0.0005,222549.67871299604,222438.40387363956
2024-07-08,1,0,0.0005,222438.40387363956,225710.59153016185
2024-07-09,0,1,0.0005,225710.59153016185,225597.73623439678
2024-07-11,1,0,0.0005,224558.02995511558,222894.2242747827
2024-07-13,0,1,0.0005,222894.2242747827,222782.7771626453
2024-07-18,1,0,0.0005,240566.38984711995,239902.49537455398
2024-07-20,0,1,0.0005,239902.49537455398,239782.5441268667
2024-07-23,1,0,0.0005,241253.5540910209,235142.2388300104
2024-07-26,0,1,0.0005,235142.2388300104,235024.66771059541
2024-07-28,1,0,0.0005,234682.7540834448,236091.91269752735
2024-07-29,0,1,0.0005,236091.91269752735,235973.86674117862
2024-07-30,1,0,0.0005,235973.86674117862,233660.06127639062
2024-08-02,0,1,0.0005,233660.06127639062,233543.23124575245
2024-08-03,1,0,0.0005,233543.23124575245,230614.71898216548
2024-08-07,0,1,0.0005,230614.71898216548,230499.4116226744
2024-08-08,1,0,0.0005,230499.4116226744,256803.0496177882
2024-08-09,0,1,0.0005,256803.0496177882,256674.64809297933
2024-08-10,1,0,0.0005,256674.64809297933,256823.15373777205
2024-08-11,0,1,0.0005,256823.15373777205,256694.74216090317
2024-08-12,1,0,0.0005,256694.74216090317,259327.55736109664
2024-08-13,0,1,0.0005,259327.55736109664,259197.89358241612
2024-08-15,1,0,0.0005,251064.70395750253,245856.4012964459
2024-08-17,0,1,0.0005,245856.4012964459,245733.4730957977
2024-08-19,1,0,0.0005,241587.89093817328,245601.55087742515
2024-08-20,0,1,0.0005,245601.55087742515,245478.75010198646
2024-08-21,1,0,0.0005,245478.75010198646,254190.17424519203
2024-08-22,0,1,0.0005,254190.17424519203,254063.07915806945
2024-08-23,1,0,0.0005,254063.07915806945,269095.14750093117
2024-08-24,0,1,0.0005,269095.14750093117,268960.59992718074
2024-08-27,1,0,0.0005,263448.9981716775,248776.76537295844
2024-08-30,0,1,0.0005,248776.76537295844,248652.37699027197
2024-08-31,1,0,0.0005,248652.37699027197,247898.13847955657
2024-09-03,0,1,0.0005,247898.13847955657,247774.18941031682
2024-09-04,1,0,0.0005,247774.18941031682,249971.33916763106
2024-09-05,0,1,0.0005,249971.33916763106,249846.35349804725
2024-09-06,1,0,0.0005,249846.35349804725,239682.88868619013
2024-09-08,0,1,0.0005,239682.88868619013,239563.04724184703
2024-09-12,1,0,0.0005,250287.13399984574,253560.06317169103
2024-09-13,0,1,0.0005,253560.06317169103,253433.2831401052
2024-09-15,1,0,0.0005,251053.21862309147,247463.57339628896
2024-09-18,0,1,0.0005,247463.57339628896,247339.84160959083
2024-09-24,1,0,0.0005,254018.16589582385,257760.9315763039
2024-09-25,0,1,0.0005,257760.9315763039,257632.05111051578
2024-09-26,1,0,0.0005,257632.05111051578,265686.6674543062
2024-09-27,0,1,0.0005,265686.6674543062,265553.82412057905
2024-09-30,1,0,0.0005,264924.4974594923,255317.67895049913
2024-10-04,0,1,0.0005,255317.67895049913,255190.02011102388
2024-10-08,1,0,0.0005,255857.13900406501,255298.45791692476
2024-10-12,0,1,0.0005,255298.45791692476,255170.80868796632
2024-10-14,1,0,0.0005,253787.5037150042,266243.5337998406
2024-10-15,0,1,0.0005,266243.5337998406,266110.4120329407
2024-10-18,1,0,0.0005,267523.40668437496,271403.8061567076
2024-10-19,0,1,0.0005,271403.8061567076,271268.1042536292
2024-10-20,1,0,0.0005,271268.1042536292,273656.1669432026
2024-10-21,0,1,0.0005,273656.1669432026,273519.33885973104
2024-10-22,1,0,0.0005,273519.33885973104,273356.40940886375
2024-10-25,0,1,0.0005,273356.40940886375,273219.7312041593
2024-10-26,1,0,0.0005,273219.7312041593,274605.14806161326
2024-10-27,0,1,0.0005,274605.14806161326,274467.8454875825
2024-10-31,1,0,0.0005,291943.76095308084,283096.0488441577
2024-11-06,0,1,0.0005,283096.0488441577,282954.50081973564
2024-11-13,1,0,0.0005,327190.8259190774,336661.3154562722
2024-11-14,0,1,0.0005,336661.3154562722,336492.9847985441
2024-11-15,1,0,0.0005,336492.9847985441,350727.3508457272
2024-11-16,0,1,0.0005,350727.3508457272,350551.98717030435
2024-11-17,1,0,0.0005,350551.98717030435,347607.2276305239
2024-11-19,0,1,0.0005,347607.2276305239,347433.4240167087
2024-11-24,1,0,0.0005,367426.8377513352,368130.91587486485
2024-11-25,0,1,0.0005,368130.91587486485,367946.8504169274
2024-11-26,1,0,0.0005,367946.8504169274,363321.8127667335
2024-11-28,0,1,0.0005,363321.8127667335,363140.15186035016
2024-11-29,1,0,0.0005,363140.15186035016,369762.43482782354
2024-11-30,0,1,0.0005,369762.43482782354,369577.55361040967
2024-12-01,1,0,0.0005,369577.55361040967,372562.37710123183
2024-12-02,0,1,0.0005,372562.37710123183,372376.09591268125
2024-12-03,1,0,0.0005,372376.09591268125,372721.1408947629
2024-12-04,0,1,0.0005,372721.1408947629,372534.78032431554
2024-12-06,1,0,0.0005,364239.59854671586,376392.38054821343
2024-12-07,0,1,0.0005,376392.38054821343,376204.18435793935
2024-12-10,1,0,0.0005,366520.3336428796,363477.190979304
2024-12-12,0,1,0.0005,363477.190979304,363295.4523838144
2024-12-13,1,0,0.0005,363295.4523838144,368220.73001825094
2024-12-14,0,1,0.0005,368220.73001825094,368036.6196532418
2024-12-15,1,0,0.0005,368036.6196532418,378324.1182519429
2024-12-16,0,1,0.0005,378324.1182519429,378134.95619281696
2024-12-19,1,0,0.0005,356129.0953804683,346753.6746031793
2024-12-21,0,1,0.0005,346753.6746031793,346580.2977658777
2024-12-22,1,0,0.0005,346580.2977658777,338766.9290161911
2024-12-25,0,1,0.0005,338766.9290161911,338597.54555168306
2024-12-27,1,0,0.0005,326434.58222907956,320666.8732945007
2024-12-29,0,1,0.0005,320666.8732945007,320506.53985785344
2024-12-30,1,0,0.0005,320506.53985785344,317292.1832337406
