2025-12-07 17:44:17 | INFO | backtest_engine | Registered Strategy: TrendFollowingStrategy
2025-12-07 17:44:17 | INFO | backtest_engine | Registered Strategy: RegimeAware(TrendFollowingStrategy)
2025-12-07 17:44:19 | INFO | backtest_engine | Processed 0/6090 days...
2025-12-07 17:44:19 | INFO | backtest_engine | Processed 250/6090 days...
2025-12-07 17:44:19 | INFO | backtest_engine | Processed 500/6090 days...
2025-12-07 17:44:20 | INFO | backtest_engine | Processed 750/6090 days...
2025-12-07 17:44:20 | INFO | backtest_engine | Processed 1000/6090 days...
2025-12-07 17:44:20 | INFO | backtest_engine | Processed 1250/6090 days...
2025-12-07 17:44:20 | INFO | backtest_engine | Processed 1500/6090 days...
2025-12-07 17:44:20 | INFO | backtest_engine | Processed 1750/6090 days...
2025-12-07 17:44:20 | INFO | backtest_engine | Processed 2000/6090 days...
2025-12-07 17:44:20 | INFO | backtest_engine | Processed 2250/6090 days...
2025-12-07 17:44:20 | INFO | backtest_engine | Processed 2500/6090 days...
2025-12-07 17:44:20 | INFO | backtest_engine | Processed 2750/6090 days...
2025-12-07 17:44:20 | INFO | backtest_engine | Processed 3000/6090 days...
2025-12-07 17:44:20 | INFO | backtest_engine | Processed 3250/6090 days...
2025-12-07 17:44:20 | INFO | backtest_engine | Processed 3500/6090 days...
2025-12-07 17:44:21 | INFO | backtest_engine | Processed 3750/6090 days...
2025-12-07 17:44:21 | INFO | backtest_engine | Processed 4000/6090 days...
2025-12-07 17:44:21 | INFO | backtest_engine | Processed 4250/6090 days...
2025-12-07 17:44:21 | INFO | backtest_engine | Processed 4500/6090 days...
2025-12-07 17:44:21 | INFO | backtest_engine | Processed 4750/6090 days...
2025-12-07 17:44:21 | INFO | backtest_engine | Processed 5000/6090 days...
2025-12-07 17:44:21 | INFO | backtest_engine | Processed 5250/6090 days...
2025-12-07 17:44:21 | INFO | backtest_engine | Processed 5500/6090 days...
2025-12-07 17:44:21 | INFO | backtest_engine | Processed 5750/6090 days...
2025-12-07 17:44:21 | INFO | backtest_engine | Processed 6000/6090 days...
2025-12-07 17:44:21 | INFO | backtest_engine | Benchmark Complete.
2025-12-07 17:45:00 | INFO | backtest_engine | Registered Strategy: TrendFollowingStrategy
2025-12-07 17:45:00 | INFO | backtest_engine | Registered Strategy: RegimeAware(TrendFollowingStrategy)
2025-12-07 17:45:02 | INFO | backtest_engine | Processed 0/6090 days...
2025-12-07 17:45:02 | INFO | backtest_engine | Processed 250/6090 days...
2025-12-07 17:45:02 | INFO | backtest_engine | Processed 500/6090 days...
2025-12-07 17:45:02 | INFO | backtest_engine | Processed 750/6090 days...
2025-12-07 17:45:02 | INFO | backtest_engine | Processed 1000/6090 days...
2025-12-07 17:45:02 | INFO | backtest_engine | Processed 1250/6090 days...
2025-12-07 17:45:02 | INFO | backtest_engine | Processed 1500/6090 days...
2025-12-07 17:45:02 | INFO | backtest_engine | Processed 1750/6090 days...
2025-12-07 17:45:02 | INFO | backtest_engine | Processed 2000/6090 days...
2025-12-07 17:45:02 | INFO | backtest_engine | Processed 2250/6090 days...
2025-12-07 17:45:02 | INFO | backtest_engine | Processed 2500/6090 days...
2025-12-07 17:45:02 | INFO | backtest_engine | Processed 2750/6090 days...
2025-12-07 17:45:03 | INFO | backtest_engine | Processed 3000/6090 days...
2025-12-07 17:45:03 | INFO | backtest_engine | Processed 3250/6090 days...
2025-12-07 17:45:03 | INFO | backtest_engine | Processed 3500/6090 days...
2025-12-07 17:45:03 | INFO | backtest_engine | Processed 3750/6090 days...
2025-12-07 17:45:03 | INFO | backtest_engine | Processed 4000/6090 days...
2025-12-07 17:45:03 | INFO | backtest_engine | Processed 4250/6090 days...
2025-12-07 17:45:03 | INFO | backtest_engine | Processed 4500/6090 days...
2025-12-07 17:45:03 | INFO | backtest_engine | Processed 4750/6090 days...
2025-12-07 17:45:03 | INFO | backtest_engine | Processed 5000/6090 days...
2025-12-07 17:45:03 | INFO | backtest_engine | Processed 5250/6090 days...
2025-12-07 17:45:03 | INFO | backtest_engine | Processed 5500/6090 days...
2025-12-07 17:45:03 | INFO | backtest_engine | Processed 5750/6090 days...
2025-12-07 17:45:04 | INFO | backtest_engine | Processed 6000/6090 days...
2025-12-07 17:45:04 | INFO | backtest_engine | Benchmark Complete.
2025-12-07 17:45:48 | INFO | backtest_engine | Registered Strategy: TrendFollowingStrategy
2025-12-07 17:45:48 | INFO | backtest_engine | Registered Strategy: RegimeAware(TrendFollowingStrategy)
2025-12-07 17:45:50 | INFO | backtest_engine | Processed 0/6090 days...
2025-12-07 17:45:50 | INFO | backtest_engine | Processed 250/6090 days...
2025-12-07 17:45:50 | INFO | backtest_engine | Processed 500/6090 days...
2025-12-07 17:45:50 | INFO | backtest_engine | Processed 750/6090 days...
2025-12-07 17:45:50 | INFO | backtest_engine | Processed 1000/6090 days...
2025-12-07 17:45:50 | INFO | backtest_engine | Processed 1250/6090 days...
2025-12-07 17:45:50 | INFO | backtest_engine | Processed 1500/6090 days...
2025-12-07 17:45:50 | INFO | backtest_engine | Processed 1750/6090 days...
2025-12-07 17:45:50 | INFO | backtest_engine | Processed 2000/6090 days...
2025-12-07 17:45:50 | INFO | backtest_engine | Processed 2250/6090 days...
2025-12-07 17:45:51 | INFO | backtest_engine | Processed 2500/6090 days...
2025-12-07 17:45:51 | INFO | backtest_engine | Processed 2750/6090 days...
2025-12-07 17:45:51 | INFO | backtest_engine | Processed 3000/6090 days...
2025-12-07 17:45:51 | INFO | backtest_engine | Processed 3250/6090 days...
2025-12-07 17:45:51 | INFO | backtest_engine | Processed 3500/6090 days...
2025-12-07 17:45:51 | INFO | backtest_engine | Processed 3750/6090 days...
2025-12-07 17:45:51 | INFO | backtest_engine | Processed 4000/6090 days...
2025-12-07 17:45:51 | INFO | backtest_engine | Processed 4250/6090 days...
2025-12-07 17:45:51 | INFO | backtest_engine | Processed 4500/6090 days...
2025-12-07 17:45:51 | INFO | backtest_engine | Processed 4750/6090 days...
2025-12-07 17:45:51 | INFO | backtest_engine | Processed 5000/6090 days...
2025-12-07 17:45:51 | INFO | backtest_engine | Processed 5250/6090 days...
2025-12-07 17:45:52 | INFO | backtest_engine | Processed 5500/6090 days...
2025-12-07 17:45:52 | INFO | backtest_engine | Processed 5750/6090 days...
2025-12-07 17:45:52 | INFO | backtest_engine | Processed 6000/6090 days...
2025-12-07 17:45:52 | INFO | backtest_engine | Benchmark Complete.
2025-12-07 17:49:20 | INFO | backtest_engine | Registered Strategy: TrendFollowingStrategy
2025-12-07 17:49:20 | INFO | backtest_engine | Registered Strategy: RegimeAware(TrendFollowingStrategy)
2025-12-07 17:49:22 | INFO | backtest_engine | Processed 0/6090 days...
2025-12-07 17:49:22 | INFO | backtest_engine | Processed 250/6090 days...
2025-12-07 17:49:22 | INFO | backtest_engine | Processed 500/6090 days...
2025-12-07 17:49:22 | INFO | backtest_engine | Processed 750/6090 days...
2025-12-07 17:49:22 | INFO | backtest_engine | Processed 1000/6090 days...
2025-12-07 17:49:22 | INFO | backtest_engine | Processed 1250/6090 days...
2025-12-07 17:49:22 | INFO | backtest_engine | Processed 1500/6090 days...
2025-12-07 17:49:22 | INFO | backtest_engine | Processed 1750/6090 days...
2025-12-07 17:49:22 | INFO | backtest_engine | Processed 2000/6090 days...
2025-12-07 17:49:22 | INFO | backtest_engine | Processed 2250/6090 days...
2025-12-07 17:49:22 | INFO | backtest_engine | Processed 2500/6090 days...
2025-12-07 17:49:22 | INFO | backtest_engine | Processed 2750/6090 days...
2025-12-07 17:49:22 | INFO | backtest_engine | Processed 3000/6090 days...
2025-12-07 17:49:22 | INFO | backtest_engine | Processed 3250/6090 days...
2025-12-07 17:49:22 | INFO | backtest_engine | Processed 3500/6090 days...
2025-12-07 17:49:22 | INFO | backtest_engine | Processed 3750/6090 days...
2025-12-07 17:49:22 | INFO | backtest_engine | Processed 4000/6090 days...
2025-12-07 17:49:22 | INFO | backtest_engine | Processed 4250/6090 days...
2025-12-07 17:49:22 | INFO | backtest_engine | Processed 4500/6090 days...
2025-12-07 17:49:22 | INFO | backtest_engine | Processed 4750/6090 days...
2025-12-07 17:49:22 | INFO | backtest_engine | Processed 5000/6090 days...
2025-12-07 17:49:22 | INFO | backtest_engine | Processed 5250/6090 days...
2025-12-07 17:49:22 | INFO | backtest_engine | Processed 5500/6090 days...
2025-12-07 17:49:22 | INFO | backtest_engine | Processed 5750/6090 days...
2025-12-07 17:49:22 | INFO | backtest_engine | Processed 6000/6090 days...
2025-12-07 17:49:22 | INFO | backtest_engine | Benchmark Complete.
2025-12-07 17:51:46 | INFO | backtest_engine | Registered Strategy: TrendFollowingStrategy
2025-12-07 17:51:46 | INFO | backtest_engine | Registered Strategy: RegimeAware(TrendFollowingStrategy)
2025-12-07 17:51:48 | INFO | backtest_engine | Processed 0/6090 days...
2025-12-07 17:51:48 | INFO | backtest_engine | Processed 250/6090 days...
2025-12-07 17:51:48 | INFO | backtest_engine | Processed 500/6090 days...
2025-12-07 17:51:48 | INFO | backtest_engine | Processed 750/6090 days...
2025-12-07 17:51:48 | INFO | backtest_engine | Processed 1000/6090 days...
2025-12-07 17:51:48 | INFO | backtest_engine | Processed 1250/6090 days...
2025-12-07 17:51:48 | INFO | backtest_engine | Processed 1500/6090 days...
2025-12-07 17:51:48 | INFO | backtest_engine | Processed 1750/6090 days...
2025-12-07 17:51:48 | INFO | backtest_engine | Processed 2000/6090 days...
2025-12-07 17:51:48 | INFO | backtest_engine | Processed 2250/6090 days...
2025-12-07 17:51:48 | INFO | backtest_engine | Processed 2500/6090 days...
2025-12-07 17:51:48 | INFO | backtest_engine | Processed 2750/6090 days...
2025-12-07 17:51:48 | INFO | backtest_engine | Processed 3000/6090 days...
2025-12-07 17:51:48 | INFO | backtest_engine | Processed 3250/6090 days...
2025-12-07 17:51:48 | INFO | backtest_engine | Processed 3500/6090 days...
2025-12-07 17:51:48 | INFO | backtest_engine | Processed 3750/6090 days...
2025-12-07 17:51:48 | INFO | backtest_engine | Processed 4000/6090 days...
2025-12-07 17:51:48 | INFO | backtest_engine | Processed 4250/6090 days...
2025-12-07 17:51:48 | INFO | backtest_engine | Processed 4500/6090 days...
2025-12-07 17:51:48 | INFO | backtest_engine | Processed 4750/6090 days...
2025-12-07 17:51:48 | INFO | backtest_engine | Processed 5000/6090 days...
2025-12-07 17:51:48 | INFO | backtest_engine | Processed 5250/6090 days...
2025-12-07 17:51:48 | INFO | backtest_engine | Processed 5500/6090 days...
2025-12-07 17:51:48 | INFO | backtest_engine | Processed 5750/6090 days...
2025-12-07 17:51:48 | INFO | backtest_engine | Processed 6000/6090 days...
2025-12-07 17:51:48 | INFO | backtest_engine | Benchmark Complete.
2025-12-07 17:52:52 | INFO | backtest_engine | Registered Strategy: TrendFollowingStrategy
2025-12-07 17:52:52 | INFO | backtest_engine | Registered Strategy: RegimeAware(TrendFollowingStrategy)
2025-12-07 17:52:52 | INFO | backtest_engine | Starting Benchmark on 6090 data points...
2025-12-07 17:52:54 | INFO | backtest_engine | Processed 0/6090 days...
2025-12-07 17:52:54 | INFO | backtest_engine | Processed 250/6090 days...
2025-12-07 17:52:54 | INFO | backtest_engine | Processed 500/6090 days...
2025-12-07 17:52:54 | INFO | backtest_engine | Processed 750/6090 days...
2025-12-07 17:52:54 | INFO | backtest_engine | Processed 1000/6090 days...
2025-12-07 17:52:54 | INFO | backtest_engine | Processed 1250/6090 days...
2025-12-07 17:52:54 | INFO | backtest_engine | Processed 1500/6090 days...
2025-12-07 17:52:54 | INFO | backtest_engine | Processed 1750/6090 days...
2025-12-07 17:52:54 | INFO | backtest_engine | Processed 2000/6090 days...
2025-12-07 17:52:54 | INFO | backtest_engine | Processed 2250/6090 days...
2025-12-07 17:52:54 | INFO | backtest_engine | Processed 2500/6090 days...
2025-12-07 17:52:54 | INFO | backtest_engine | Processed 2750/6090 days...
2025-12-07 17:52:54 | INFO | backtest_engine | Processed 3000/6090 days...
2025-12-07 17:52:54 | INFO | backtest_engine | Processed 3250/6090 days...
2025-12-07 17:52:54 | INFO | backtest_engine | Processed 3500/6090 days...
2025-12-07 17:52:54 | INFO | backtest_engine | Processed 3750/6090 days...
2025-12-07 17:52:54 | INFO | backtest_engine | Processed 4000/6090 days...
2025-12-07 17:52:54 | INFO | backtest_engine | Processed 4250/6090 days...
2025-12-07 17:52:54 | INFO | backtest_engine | Processed 4500/6090 days...
2025-12-07 17:52:54 | INFO | backtest_engine | Processed 4750/6090 days...
2025-12-07 17:52:54 | INFO | backtest_engine | Processed 5000/6090 days...
2025-12-07 17:52:54 | INFO | backtest_engine | Processed 5250/6090 days...
2025-12-07 17:52:54 | INFO | backtest_engine | Processed 5500/6090 days...
2025-12-07 17:52:54 | INFO | backtest_engine | Processed 5750/6090 days...
2025-12-07 17:52:54 | INFO | backtest_engine | Processed 6000/6090 days...
2025-12-07 17:52:54 | INFO | backtest_engine | Benchmark Complete.
2025-12-07 17:57:37 | INFO | backtest_engine | Registered Strategy: MeanReversionStrategy
2025-12-07 17:57:37 | INFO | backtest_engine | Registered Strategy: RegimeAware(MeanReversionStrategy)
2025-12-07 17:57:37 | INFO | backtest_engine | Starting Benchmark on 6090 data points...
2025-12-07 17:57:39 | INFO | backtest_engine | Processed 0/6090 days...
2025-12-07 17:57:39 | INFO | backtest_engine | Processed 250/6090 days...
2025-12-07 17:57:39 | INFO | backtest_engine | Processed 500/6090 days...
2025-12-07 17:57:39 | INFO | backtest_engine | Processed 750/6090 days...
2025-12-07 17:57:39 | INFO | backtest_engine | Processed 1000/6090 days...
2025-12-07 17:57:39 | INFO | backtest_engine | Processed 1250/6090 days...
2025-12-07 17:57:39 | INFO | backtest_engine | Processed 1500/6090 days...
2025-12-07 17:57:39 | INFO | backtest_engine | Processed 1750/6090 days...
2025-12-07 17:57:39 | INFO | backtest_engine | Processed 2000/6090 days...
2025-12-07 17:57:39 | INFO | backtest_engine | Processed 2250/6090 days...
2025-12-07 17:57:39 | INFO | backtest_engine | Processed 2500/6090 days...
2025-12-07 17:57:39 | INFO | backtest_engine | Processed 2750/6090 days...
2025-12-07 17:57:39 | INFO | backtest_engine | Processed 3000/6090 days...
2025-12-07 17:57:40 | INFO | backtest_engine | Processed 3250/6090 days...
2025-12-07 17:57:40 | INFO | backtest_engine | Processed 3500/6090 days...
2025-12-07 17:57:40 | INFO | backtest_engine | Processed 3750/6090 days...
2025-12-07 17:57:40 | INFO | backtest_engine | Processed 4000/6090 days...
2025-12-07 17:57:40 | INFO | backtest_engine | Processed 4250/6090 days...
2025-12-07 17:57:40 | INFO | backtest_engine | Processed 4500/6090 days...
2025-12-07 17:57:40 | INFO | backtest_engine | Processed 4750/6090 days...
2025-12-07 17:57:40 | INFO | backtest_engine | Processed 5000/6090 days...
2025-12-07 17:57:40 | INFO | backtest_engine | Processed 5250/6090 days...
2025-12-07 17:57:40 | INFO | backtest_engine | Processed 5500/6090 days...
2025-12-07 17:57:40 | INFO | backtest_engine | Processed 5750/6090 days...
2025-12-07 17:57:40 | INFO | backtest_engine | Processed 6000/6090 days...
2025-12-07 17:57:40 | INFO | backtest_engine | Benchmark Complete.
2025-12-07 17:58:23 | INFO | backtest_engine | Registered Strategy: MeanReversionStrategy
2025-12-07 17:58:23 | INFO | backtest_engine | Registered Strategy: RegimeAware(MeanReversionStrategy)
2025-12-07 17:58:23 | INFO | backtest_engine | Starting Benchmark on 6090 data points...
2025-12-07 17:58:25 | INFO | backtest_engine | Processed 0/6090 days...
2025-12-07 17:58:25 | INFO | backtest_engine | Processed 250/6090 days...
2025-12-07 17:58:25 | INFO | backtest_engine | Processed 500/6090 days...
2025-12-07 17:58:25 | INFO | backtest_engine | Processed 750/6090 days...
2025-12-07 17:58:25 | INFO | backtest_engine | Processed 1000/6090 days...
2025-12-07 17:58:25 | INFO | backtest_engine | Processed 1250/6090 days...
2025-12-07 17:58:25 | INFO | backtest_engine | Processed 1500/6090 days...
2025-12-07 17:58:25 | INFO | backtest_engine | Processed 1750/6090 days...
2025-12-07 17:58:25 | INFO | backtest_engine | Processed 2000/6090 days...
2025-12-07 17:58:25 | INFO | backtest_engine | Processed 2250/6090 days...
2025-12-07 17:58:25 | INFO | backtest_engine | Processed 2500/6090 days...
2025-12-07 17:58:25 | INFO | backtest_engine | Processed 2750/6090 days...
2025-12-07 17:58:25 | INFO | backtest_engine | Processed 3000/6090 days...
2025-12-07 17:58:25 | INFO | backtest_engine | Processed 3250/6090 days...
2025-12-07 17:58:25 | INFO | backtest_engine | Processed 3500/6090 days...
2025-12-07 17:58:25 | INFO | backtest_engine | Processed 3750/6090 days...
2025-12-07 17:58:25 | INFO | backtest_engine | Processed 4000/6090 days...
2025-12-07 17:58:25 | INFO | backtest_engine | Processed 4250/6090 days...
2025-12-07 17:58:25 | INFO | backtest_engine | Processed 4500/6090 days...
2025-12-07 17:58:25 | INFO | backtest_engine | Processed 4750/6090 days...
2025-12-07 17:58:25 | INFO | backtest_engine | Processed 5000/6090 days...
2025-12-07 17:58:25 | INFO | backtest_engine | Processed 5250/6090 days...
2025-12-07 17:58:25 | INFO | backtest_engine | Processed 5500/6090 days...
2025-12-07 17:58:25 | INFO | backtest_engine | Processed 5750/6090 days...
2025-12-07 17:58:25 | INFO | backtest_engine | Processed 6000/6090 days...
2025-12-07 17:58:25 | INFO | backtest_engine | Benchmark Complete.
2025-12-07 18:30:58 | INFO | backtest_engine | Registered Strategy: MeanReversionStrategy
2025-12-07 18:30:58 | INFO | backtest_engine | Registered Strategy: RegimeAware(MeanReversionStrategy)
2025-12-07 18:30:58 | INFO | backtest_engine | Starting Benchmark on 6090 data points...
2025-12-07 18:31:01 | INFO | backtest_engine | Processed 0/6090 days...
2025-12-07 18:31:01 | INFO | backtest_engine | Processed 250/6090 days...
2025-12-07 18:31:01 | INFO | backtest_engine | Processed 500/6090 days...
2025-12-07 18:31:01 | INFO | backtest_engine | Processed 750/6090 days...
2025-12-07 18:31:01 | INFO | backtest_engine | Processed 1000/6090 days...
2025-12-07 18:31:01 | INFO | backtest_engine | Processed 1250/6090 days...
2025-12-07 18:31:01 | INFO | backtest_engine | Processed 1500/6090 days...
2025-12-07 18:31:02 | INFO | backtest_engine | Processed 1750/6090 days...
2025-12-07 18:31:02 | INFO | backtest_engine | Processed 2000/6090 days...
2025-12-07 18:31:02 | INFO | backtest_engine | Processed 2250/6090 days...
2025-12-07 18:31:02 | INFO | backtest_engine | Processed 2500/6090 days...
2025-12-07 18:31:02 | INFO | backtest_engine | Processed 2750/6090 days...
2025-12-07 18:31:02 | INFO | backtest_engine | Processed 3000/6090 days...
2025-12-07 18:31:02 | INFO | backtest_engine | Processed 3250/6090 days...
2025-12-07 18:31:02 | INFO | backtest_engine | Processed 3500/6090 days...
2025-12-07 18:31:02 | INFO | backtest_engine | Processed 3750/6090 days...
2025-12-07 18:31:02 | INFO | backtest_engine | Processed 4000/6090 days...
2025-12-07 18:31:02 | INFO | backtest_engine | Processed 4250/6090 days...
2025-12-07 18:31:02 | INFO | backtest_engine | Processed 4500/6090 days...
2025-12-07 18:31:02 | INFO | backtest_engine | Processed 4750/6090 days...
2025-12-07 18:31:02 | INFO | backtest_engine | Processed 5000/6090 days...
2025-12-07 18:31:02 | INFO | backtest_engine | Processed 5250/6090 days...
2025-12-07 18:31:02 | INFO | backtest_engine | Processed 5500/6090 days...
2025-12-07 18:31:02 | INFO | backtest_engine | Processed 5750/6090 days...
2025-12-07 18:31:02 | INFO | backtest_engine | Processed 6000/6090 days...
2025-12-07 18:31:02 | INFO | backtest_engine | Benchmark Complete.
2025-12-07 18:31:35 | INFO | backtest_engine | Registered Strategy: MeanReversionStrategy
2025-12-07 18:31:35 | INFO | backtest_engine | Registered Strategy: RegimeAware(MeanReversionStrategy)
2025-12-07 18:31:35 | INFO | backtest_engine | Starting Benchmark on 3774 data points...
2025-12-07 18:31:35 | INFO | backtest_engine | Processed 0/3774 days...
2025-12-07 18:31:35 | INFO | backtest_engine | Processed 250/3774 days...
2025-12-07 18:31:35 | INFO | backtest_engine | Processed 500/3774 days...
2025-12-07 18:31:35 | INFO | backtest_engine | Processed 750/3774 days...
2025-12-07 18:31:35 | INFO | backtest_engine | Processed 1000/3774 days...
2025-12-07 18:31:35 | INFO | backtest_engine | Processed 1250/3774 days...
2025-12-07 18:31:35 | INFO | backtest_engine | Processed 1500/3774 days...
2025-12-07 18:31:35 | INFO | backtest_engine | Processed 1750/3774 days...
2025-12-07 18:31:35 | INFO | backtest_engine | Processed 2000/3774 days...
2025-12-07 18:31:35 | INFO | backtest_engine | Processed 2250/3774 days...
2025-12-07 18:31:35 | INFO | backtest_engine | Processed 2500/3774 days...
2025-12-07 18:31:35 | INFO | backtest_engine | Processed 2750/3774 days...
2025-12-07 18:31:35 | INFO | backtest_engine | Processed 3000/3774 days...
2025-12-07 18:31:35 | INFO | backtest_engine | Processed 3250/3774 days...
2025-12-07 18:31:35 | INFO | backtest_engine | Processed 3500/3774 days...
2025-12-07 18:31:35 | INFO | backtest_engine | Processed 3750/3774 days...
2025-12-07 18:31:36 | INFO | backtest_engine | Benchmark Complete.
2025-12-08 12:47:24 | INFO | backtest_engine | Registered Strategy: MeanReversionStrategy
2025-12-08 12:47:24 | INFO | backtest_engine | Registered Strategy: RegimeAware(MeanReversionStrategy)
2025-12-08 12:47:24 | INFO | backtest_engine | Starting Benchmark on 6090 data points...
2025-12-08 12:47:27 | INFO | backtest_engine | Processed 0/6090 days...
2025-12-08 12:47:27 | INFO | backtest_engine | Processed 250/6090 days...
2025-12-08 12:47:27 | INFO | backtest_engine | Processed 500/6090 days...
2025-12-08 12:47:27 | INFO | backtest_engine | Processed 750/6090 days...
2025-12-08 12:47:27 | INFO | backtest_engine | Processed 1000/6090 days...
2025-12-08 12:47:27 | INFO | backtest_engine | Processed 1250/6090 days...
2025-12-08 12:47:27 | INFO | backtest_engine | Processed 1500/6090 days...
2025-12-08 12:47:27 | INFO | backtest_engine | Processed 1750/6090 days...
2025-12-08 12:47:27 | INFO | backtest_engine | Processed 2000/6090 days...
2025-12-08 12:47:27 | INFO | backtest_engine | Processed 2250/6090 days...
2025-12-08 12:47:27 | INFO | backtest_engine | Processed 2500/6090 days...
2025-12-08 12:47:27 | INFO | backtest_engine | Processed 2750/6090 days...
2025-12-08 12:47:27 | INFO | backtest_engine | Processed 3000/6090 days...
2025-12-08 12:47:27 | INFO | backtest_engine | Processed 3250/6090 days...
2025-12-08 12:47:27 | INFO | backtest_engine | Processed 3500/6090 days...
2025-12-08 12:47:27 | INFO | backtest_engine | Processed 3750/6090 days...
2025-12-08 12:47:27 | INFO | backtest_engine | Processed 4000/6090 days...
2025-12-08 12:47:27 | INFO | backtest_engine | Processed 4250/6090 days...
2025-12-08 12:47:27 | INFO | backtest_engine | Processed 4500/6090 days...
2025-12-08 12:47:27 | INFO | backtest_engine | Processed 4750/6090 days...
2025-12-08 12:47:27 | INFO | backtest_engine | Processed 5000/6090 days...
2025-12-08 12:47:27 | INFO | backtest_engine | Processed 5250/6090 days...
2025-12-08 12:47:27 | INFO | backtest_engine | Processed 5500/6090 days...
2025-12-08 12:47:27 | INFO | backtest_engine | Processed 5750/6090 days...
2025-12-08 12:47:27 | INFO | backtest_engine | Processed 6000/6090 days...
2025-12-08 12:47:27 | INFO | backtest_engine | Benchmark Complete.
2025-12-10 14:59:13 | INFO | backtest_engine | Registered Strategy: MeanReversionStrategy
2025-12-10 14:59:13 | INFO | backtest_engine | Registered Strategy: RegimeAware(MeanReversionStrategy)
2025-12-10 14:59:13 | INFO | backtest_engine | Starting Benchmark on 6090 data points...
2025-12-10 14:59:16 | INFO | backtest_engine | Processed 0/6090 days...
2025-12-10 14:59:16 | INFO | backtest_engine | Processed 250/6090 days...
2025-12-10 14:59:16 | INFO | backtest_engine | Processed 500/6090 days...
2025-12-10 14:59:16 | INFO | backtest_engine | Processed 750/6090 days...
2025-12-10 14:59:16 | INFO | backtest_engine | Processed 1000/6090 days...
2025-12-10 14:59:16 | INFO | backtest_engine | Processed 1250/6090 days...
2025-12-10 14:59:16 | INFO | backtest_engine | Processed 1500/6090 days...
2025-12-10 14:59:16 | INFO | backtest_engine | Processed 1750/6090 days...
2025-12-10 14:59:16 | INFO | backtest_engine | Processed 2000/6090 days...
2025-12-10 14:59:16 | INFO | backtest_engine | Processed 2250/6090 days...
2025-12-10 14:59:16 | INFO | backtest_engine | Processed 2500/6090 days...
2025-12-10 14:59:16 | INFO | backtest_engine | Processed 2750/6090 days...
2025-12-10 14:59:16 | INFO | backtest_engine | Processed 3000/6090 days...
2025-12-10 14:59:16 | INFO | backtest_engine | Processed 3250/6090 days...
2025-12-10 14:59:16 | INFO | backtest_engine | Processed 3500/6090 days...
2025-12-10 14:59:16 | INFO | backtest_engine | Processed 3750/6090 days...
2025-12-10 14:59:16 | INFO | backtest_engine | Processed 4000/6090 days...
2025-12-10 14:59:16 | INFO | backtest_engine | Processed 4250/6090 days...
2025-12-10 14:59:16 | INFO | backtest_engine | Processed 4500/6090 days...
2025-12-10 14:59:16 | INFO | backtest_engine | Processed 4750/6090 days...
2025-12-10 14:59:16 | INFO | backtest_engine | Processed 5000/6090 days...
2025-12-10 14:59:16 | INFO | backtest_engine | Processed 5250/6090 days...
2025-12-10 14:59:16 | INFO | backtest_engine | Processed 5500/6090 days...
2025-12-10 14:59:16 | INFO | backtest_engine | Processed 5750/6090 days...
2025-12-10 14:59:16 | INFO | backtest_engine | Processed 6000/6090 days...
2025-12-10 14:59:17 | INFO | backtest_engine | Benchmark Complete.
2025-12-10 15:01:20 | INFO | backtest_engine | Registered Strategy: MeanReversionStrategy
2025-12-10 15:01:20 | INFO | backtest_engine | Registered Strategy: RegimeAware(MeanReversionStrategy)
2025-12-10 15:01:20 | INFO | backtest_engine | Starting Benchmark on 6090 data points...
2025-12-10 15:01:22 | INFO | backtest_engine | Processed 0/6090 days...
2025-12-10 15:01:22 | INFO | backtest_engine | Processed 250/6090 days...
2025-12-10 15:01:22 | INFO | backtest_engine | Processed 500/6090 days...
2025-12-10 15:01:22 | INFO | backtest_engine | Processed 750/6090 days...
2025-12-10 15:01:22 | INFO | backtest_engine | Processed 1000/6090 days...
2025-12-10 15:01:22 | INFO | backtest_engine | Processed 1250/6090 days...
2025-12-10 15:01:22 | INFO | backtest_engine | Processed 1500/6090 days...
2025-12-10 15:01:22 | INFO | backtest_engine | Processed 1750/6090 days...
2025-12-10 15:01:22 | INFO | backtest_engine | Processed 2000/6090 days...
2025-12-10 15:01:22 | INFO | backtest_engine | Processed 2250/6090 days...
2025-12-10 15:01:22 | INFO | backtest_engine | Processed 2500/6090 days...
2025-12-10 15:01:22 | INFO | backtest_engine | Processed 2750/6090 days...
2025-12-10 15:01:22 | INFO | backtest_engine | Processed 3000/6090 days...
2025-12-10 15:01:22 | INFO | backtest_engine | Processed 3250/6090 days...
2025-12-10 15:01:22 | INFO | backtest_engine | Processed 3500/6090 days...
2025-12-10 15:01:22 | INFO | backtest_engine | Processed 3750/6090 days...
2025-12-10 15:01:22 | INFO | backtest_engine | Processed 4000/6090 days...
2025-12-10 15:01:22 | INFO | backtest_engine | Processed 4250/6090 days...
2025-12-10 15:01:22 | INFO | backtest_engine | Processed 4500/6090 days...
2025-12-10 15:01:22 | INFO | backtest_engine | Processed 4750/6090 days...
2025-12-10 15:01:22 | INFO | backtest_engine | Processed 5000/6090 days...
2025-12-10 15:01:22 | INFO | backtest_engine | Processed 5250/6090 days...
2025-12-10 15:01:22 | INFO | backtest_engine | Processed 5500/6090 days...
2025-12-10 15:01:22 | INFO | backtest_engine | Processed 5750/6090 days...
2025-12-10 15:01:22 | INFO | backtest_engine | Processed 6000/6090 days...
2025-12-10 15:01:22 | INFO | backtest_engine | Benchmark Complete.
2025-12-10 15:04:25 | INFO | backtest_engine | Registered Strategy: MeanReversionStrategy
2025-12-10 15:04:25 | INFO | backtest_engine | Registered Strategy: RegimeAware(MeanReversionStrategy)
2025-12-10 15:04:25 | INFO | backtest_engine | Starting Benchmark on 6090 data points...
2025-12-10 15:04:27 | INFO | backtest_engine | Processed 0/6090 days...
2025-12-10 15:04:27 | INFO | backtest_engine | Processed 250/6090 days...
2025-12-10 15:04:27 | INFO | backtest_engine | Processed 500/6090 days...
2025-12-10 15:04:27 | INFO | backtest_engine | Processed 750/6090 days...
2025-12-10 15:04:27 | INFO | backtest_engine | Processed 1000/6090 days...
2025-12-10 15:04:27 | INFO | backtest_engine | Processed 1250/6090 days...
2025-12-10 15:04:27 | INFO | backtest_engine | Processed 1500/6090 days...
2025-12-10 15:04:27 | INFO | backtest_engine | Processed 1750/6090 days...
2025-12-10 15:04:27 | INFO | backtest_engine | Processed 2000/6090 days...
2025-12-10 15:04:27 | INFO | backtest_engine | Processed 2250/6090 days...
2025-12-10 15:04:27 | INFO | backtest_engine | Processed 2500/6090 days...
2025-12-10 15:04:27 | INFO | backtest_engine | Processed 2750/6090 days...
2025-12-10 15:04:27 | INFO | backtest_engine | Processed 3000/6090 days...
2025-12-10 15:04:27 | INFO | backtest_engine | Processed 3250/6090 days...
2025-12-10 15:04:27 | INFO | backtest_engine | Processed 3500/6090 days...
2025-12-10 15:04:27 | INFO | backtest_engine | Processed 3750/6090 days...
2025-12-10 15:04:28 | INFO | backtest_engine | Processed 4000/6090 days...
2025-12-10 15:04:28 | INFO | backtest_engine | Processed 4250/6090 days...
2025-12-10 15:04:28 | INFO | backtest_engine | Processed 4500/6090 days...
2025-12-10 15:04:28 | INFO | backtest_engine | Processed 4750/6090 days...
2025-12-10 15:04:28 | INFO | backtest_engine | Processed 5000/6090 days...
2025-12-10 15:04:28 | INFO | backtest_engine | Processed 5250/6090 days...
2025-12-10 15:04:28 | INFO | backtest_engine | Processed 5500/6090 days...
2025-12-10 15:04:28 | INFO | backtest_engine | Processed 5750/6090 days...
2025-12-10 15:04:28 | INFO | backtest_engine | Processed 6000/6090 days...
2025-12-10 15:04:28 | INFO | backtest_engine | Benchmark Complete.
2025-12-13 10:10:36 | INFO | backtest_engine | Registered Strategy: MeanReversionStrategy
2025-12-13 10:10:36 | INFO | backtest_engine | Registered Strategy: RegimeAware(MeanReversionStrategy)
2025-12-13 10:10:36 | INFO | backtest_engine | Starting Benchmark on 6090 data points...
2025-12-13 10:10:39 | INFO | backtest_engine | Processed 0/6090 days...
2025-12-13 10:10:39 | INFO | backtest_engine | Processed 250/6090 days...
2025-12-13 10:10:40 | INFO | backtest_engine | Processed 500/6090 days...
2025-12-13 10:10:40 | INFO | backtest_engine | Processed 750/6090 days...
2025-12-13 10:10:40 | INFO | backtest_engine | Processed 1000/6090 days...
2025-12-13 10:10:40 | INFO | backtest_engine | Processed 1250/6090 days...
2025-12-13 10:10:40 | INFO | backtest_engine | Processed 1500/6090 days...
2025-12-13 10:10:40 | INFO | backtest_engine | Processed 1750/6090 days...
2025-12-13 10:10:40 | INFO | backtest_engine | Processed 2000/6090 days...
2025-12-13 10:10:40 | INFO | backtest_engine | Processed 2250/6090 days...
2025-12-13 10:10:40 | INFO | backtest_engine | Processed 2500/6090 days...
2025-12-13 10:10:40 | INFO | backtest_engine | Processed 2750/6090 days...
2025-12-13 10:10:40 | INFO | backtest_engine | Processed 3000/6090 days...
2025-12-13 10:10:40 | INFO | backtest_engine | Processed 3250/6090 days...
2025-12-13 10:10:40 | INFO | backtest_engine | Processed 3500/6090 days...
2025-12-13 10:10:40 | INFO | backtest_engine | Processed 3750/6090 days...
2025-12-13 10:10:40 | INFO | backtest_engine | Processed 4000/6090 days...
2025-12-13 10:10:40 | INFO | backtest_engine | Processed 4250/6090 days...
2025-12-13 10:10:40 | INFO | backtest_engine | Processed 4500/6090 days...
2025-12-13 10:10:40 | INFO | backtest_engine | Processed 4750/6090 days...
2025-12-13 10:10:40 | INFO | backtest_engine | Processed 5000/6090 days...
2025-12-13 10:10:40 | INFO | backtest_engine | Processed 5250/6090 days...
2025-12-13 10:10:40 | INFO | backtest_engine | Processed 5500/6090 days...
2025-12-13 10:10:40 | INFO | backtest_engine | Processed 5750/6090 days...
2025-12-13 10:10:40 | INFO | backtest_engine | Processed 6000/6090 days...
2025-12-13 10:10:40 | INFO | backtest_engine | Benchmark Complete.
2025-12-27 11:11:16 | INFO | backtest_engine | Registered Strategy: MeanReversionStrategy
2025-12-27 11:11:16 | INFO | backtest_engine | Registered Strategy: RegimeAware(MeanReversionStrategy)
2025-12-27 11:11:16 | INFO | backtest_engine | Starting Benchmark on 6090 data points...
2025-12-27 11:11:19 | INFO | backtest_engine | Processed 0/6090 days...
2025-12-27 11:11:19 | INFO | backtest_engine | Processed 250/6090 days...
2025-12-27 11:11:19 | INFO | backtest_engine | Processed 500/6090 days...
2025-12-27 11:11:19 | INFO | backtest_engine | Processed 750/6090 days...
2025-12-27 11:11:19 | INFO | backtest_engine | Processed 1000/6090 days...
2025-12-27 11:11:19 | INFO | backtest_engine | Processed 1250/6090 days...
2025-12-27 11:11:19 | INFO | backtest_engine | Processed 1500/6090 days...
2025-12-27 11:11:19 | INFO | backtest_engine | Processed 1750/6090 days...
2025-12-27 11:11:19 | INFO | backtest_engine | Processed 2000/6090 days...
2025-12-27 11:11:19 | INFO | backtest_engine | Processed 2250/6090 days...
2025-12-27 11:11:19 | INFO | backtest_engine | Processed 2500/6090 days...
2025-12-27 11:11:19 | INFO | backtest_engine | Processed 2750/6090 days...
2025-12-27 11:11:19 | INFO | backtest_engine | Processed 3000/6090 days...
2025-12-27 11:11:19 | INFO | backtest_engine | Processed 3250/6090 days...
2025-12-27 11:11:19 | INFO | backtest_engine | Processed 3500/6090 days...
2025-12-27 11:11:19 | INFO | backtest_engine | Processed 3750/6090 days...
2025-12-27 11:11:19 | INFO | backtest_engine | Processed 4000/6090 days...
2025-12-27 11:11:19 | INFO | backtest_engine | Processed 4250/6090 days...
2025-12-27 11:11:19 | INFO | backtest_engine | Processed 4500/6090 days...
2025-12-27 11:11:20 | INFO | backtest_engine | Processed 4750/6090 days...
2025-12-27 11:11:20 | INFO | backtest_engine | Processed 5000/6090 days...
2025-12-27 11:11:20 | INFO | backtest_engine | Processed 5250/6090 days...
2025-12-27 11:11:20 | INFO | backtest_engine | Processed 5500/6090 days...
2025-12-27 11:11:20 | INFO | backtest_engine | Processed 5750/6090 days...
2025-12-27 11:11:20 | INFO | backtest_engine | Processed 6000/6090 days...
2025-12-27 11:11:20 | INFO | backtest_engine | Benchmark Complete.
2026-03-13 12:40:42 | INFO | backtest_engine | Registered Strategy: MomentumStrategy
2026-03-13 12:40:42 | INFO | backtest_engine | Registered Strategy: RegimeAware(MomentumStrategy)
2026-03-13 12:40:42 | INFO | backtest_engine | Starting Benchmark on 6090 data points...
2026-03-13 12:40:42 | INFO | backtest_engine | Processed 0/6090 days...
2026-03-13 12:40:42 | INFO | backtest_engine | Processed 250/6090 days...
2026-03-13 12:40:42 | INFO | backtest_engine | Processed 500/6090 days...
2026-03-13 12:40:42 | INFO | backtest_engine | Processed 750/6090 days...
2026-03-13 12:40:42 | INFO | backtest_engine | Processed 1000/6090 days...
2026-03-13 12:40:42 | INFO | backtest_engine | Processed 1250/6090 days...
2026-03-13 12:40:42 | INFO | backtest_engine | Processed 1500/6090 days...
2026-03-13 12:40:42 | INFO | backtest_engine | Processed 1750/6090 days...
2026-03-13 12:40:42 | INFO | backtest_engine | Processed 2000/6090 days...
2026-03-13 12:40:42 | INFO | backtest_engine | Processed 2250/6090 days...
2026-03-13 12:40:42 | INFO | backtest_engine | Processed 2500/6090 days...
2026-03-13 12:40:42 | INFO | backtest_engine | Processed 2750/6090 days...
2026-03-13 12:40:42 | INFO | backtest_engine | Processed 3000/6090 days...
2026-03-13 12:40:42 | INFO | backtest_engine | Processed 3250/6090 days...
2026-03-13 12:40:42 | INFO | backtest_engine | Processed 3500/6090 days...
2026-03-13 12:40:42 | INFO | backtest_engine | Processed 3750/6090 days...
2026-03-13 12:40:42 | INFO | backtest_engine | Processed 4000/6090 days...
2026-03-13 12:40:42 | INFO | backtest_engine | Processed 4250/6090 days...
2026-03-13 12:40:42 | INFO | backtest_engine | Processed 4500/6090 days...
2026-03-13 12:40:42 | INFO | backtest_engine | Processed 4750/6090 days...
2026-03-13 12:40:42 | INFO | backtest_engine | Processed 5000/6090 days...
2026-03-13 12:40:42 | INFO | backtest_engine | Processed 5250/6090 days...
2026-03-13 12:40:43 | INFO | backtest_engine | Processed 5500/6090 days...
2026-03-13 12:40:43 | INFO | backtest_engine | Processed 5750/6090 days...
2026-03-13 12:40:43 | INFO | backtest_engine | Processed 6000/6090 days...
2026-03-13 12:40:43 | INFO | backtest_engine | Benchmark Complete.
2026-03-13 12:58:08 | INFO | backtest_engine | Registered Strategy: MeanReversionStrategy
2026-03-13 12:58:08 | INFO | backtest_engine | Registered Strategy: RegimeAware(MeanReversionStrategy)
2026-03-13 12:58:08 | INFO | backtest_engine | Starting Benchmark on 6090 data points...
2026-03-13 12:58:10 | INFO | backtest_engine | Processed 0/6090 days...
2026-03-13 12:58:10 | INFO | backtest_engine | Processed 250/6090 days...
2026-03-13 12:58:10 | INFO | backtest_engine | Processed 500/6090 days...
2026-03-13 12:58:10 | INFO | backtest_engine | Processed 750/6090 days...
2026-03-13 12:58:10 | INFO | backtest_engine | Processed 1000/6090 days...
2026-03-13 12:58:10 | INFO | backtest_engine | Processed 1250/6090 days...
2026-03-13 12:58:10 | INFO | backtest_engine | Processed 1500/6090 days...
2026-03-13 12:58:10 | INFO | backtest_engine | Processed 1750/6090 days...
2026-03-13 12:58:10 | INFO | backtest_engine | Processed 2000/6090 days...
2026-03-13 12:58:10 | INFO | backtest_engine | Processed 2250/6090 days...
2026-03-13 12:58:10 | INFO | backtest_engine | Processed 2500/6090 days...
2026-03-13 12:58:10 | INFO | backtest_engine | Processed 2750/6090 days...
2026-03-13 12:58:10 | INFO | backtest_engine | Processed 3000/6090 days...
2026-03-13 12:58:10 | INFO | backtest_engine | Processed 3250/6090 days...
2026-03-13 12:58:10 | INFO | backtest_engine | Processed 3500/6090 days...
2026-03-13 12:58:10 | INFO | backtest_engine | Processed 3750/6090 days...
2026-03-13 12:58:10 | INFO | backtest_engine | Processed 4000/6090 days...
2026-03-13 12:58:11 | INFO | backtest_engine | Processed 4250/6090 days...
2026-03-13 12:58:11 | INFO | backtest_engine | Processed 4500/6090 days...
2026-03-13 12:58:11 | INFO | backtest_engine | Processed 4750/6090 days...
2026-03-13 12:58:11 | INFO | backtest_engine | Processed 5000/6090 days...
2026-03-13 12:58:11 | INFO | backtest_engine | Processed 5250/6090 days...
2026-03-13 12:58:11 | INFO | backtest_engine | Processed 5500/6090 days...
2026-03-13 12:58:11 | INFO | backtest_engine | Processed 5750/6090 days...
2026-03-13 12:58:11 | INFO | backtest_engine | Processed 6000/6090 days...
2026-03-13 12:58:11 | INFO | backtest_engine | Benchmark Complete.
2026-03-13 13:01:48 | INFO | backtest_engine | Registered Strategy: BreakoutStrategy
2026-03-13 13:01:48 | INFO | backtest_engine | Registered Strategy: RegimeAware(BreakoutStrategy)
2026-03-13 13:01:48 | INFO | backtest_engine | Starting Benchmark on 6090 data points...
2026-03-13 13:01:50 | INFO | backtest_engine | Processed 0/6090 days...
2026-03-13 13:01:50 | INFO | backtest_engine | Processed 250/6090 days...
2026-03-13 13:01:50 | INFO | backtest_engine | Processed 500/6090 days...
2026-03-13 13:01:50 | INFO | backtest_engine | Processed 750/6090 days...
2026-03-13 13:01:50 | INFO | backtest_engine | Processed 1000/6090 days...
2026-03-13 13:01:50 | INFO | backtest_engine | Processed 1250/6090 days...
2026-03-13 13:01:50 | INFO | backtest_engine | Processed 1500/6090 days...
2026-03-13 13:01:50 | INFO | backtest_engine | Processed 1750/6090 days...
2026-03-13 13:01:50 | INFO | backtest_engine | Processed 2000/6090 days...
2026-03-13 13:01:51 | INFO | backtest_engine | Processed 2250/6090 days...
2026-03-13 13:01:51 | INFO | backtest_engine | Processed 2500/6090 days...
2026-03-13 13:01:51 | INFO | backtest_engine | Processed 2750/6090 days...
2026-03-13 13:01:51 | INFO | backtest_engine | Processed 3000/6090 days...
2026-03-13 13:01:51 | INFO | backtest_engine | Processed 3250/6090 days...
2026-03-13 13:01:51 | INFO | backtest_engine | Processed 3500/6090 days...
2026-03-13 13:01:51 | INFO | backtest_engine | Processed 3750/6090 days...
2026-03-13 13:01:51 | INFO | backtest_engine | Processed 4000/6090 days...
2026-03-13 13:01:51 | INFO | backtest_engine | Processed 4250/6090 days...
2026-03-13 13:01:51 | INFO | backtest_engine | Processed 4500/6090 days...
2026-03-13 13:01:51 | INFO | backtest_engine | Processed 4750/6090 days...
2026-03-13 13:01:51 | INFO | backtest_engine | Processed 5000/6090 days...
2026-03-13 13:01:51 | INFO | backtest_engine | Processed 5250/6090 days...
2026-03-13 13:01:51 | INFO | backtest_engine | Processed 5500/6090 days...
2026-03-13 13:01:51 | INFO | backtest_engine | Processed 5750/6090 days...
2026-03-13 13:01:51 | INFO | backtest_engine | Processed 6000/6090 days...
2026-03-13 13:01:51 | INFO | backtest_engine | Benchmark Complete.
2026-03-13 13:11:26 | INFO | backtest_engine | Registered Strategy: MeanReversionStrategy
2026-03-13 13:11:26 | INFO | backtest_engine | Starting Benchmark on 6090 data points...
2026-03-13 13:11:26 | INFO | backtest_engine | Processed 0/6090 days...
2026-03-13 13:11:26 | INFO | backtest_engine | Processed 250/6090 days...
2026-03-13 13:11:26 | INFO | backtest_engine | Processed 500/6090 days...
2026-03-13 13:11:26 | INFO | backtest_engine | Processed 750/6090 days...
2026-03-13 13:11:26 | INFO | backtest_engine | Processed 1000/6090 days...
2026-03-13 13:11:26 | INFO | backtest_engine | Processed 1250/6090 days...
2026-03-13 13:11:26 | INFO | backtest_engine | Processed 1500/6090 days...
2026-03-13 13:11:26 | INFO | backtest_engine | Processed 1750/6090 days...
2026-03-13 13:11:26 | INFO | backtest_engine | Processed 2000/6090 days...
2026-03-13 13:11:26 | INFO | backtest_engine | Processed 2250/6090 days...
2026-03-13 13:11:26 | INFO | backtest_engine | Processed 2500/6090 days...
2026-03-13 13:11:26 | INFO | backtest_engine | Processed 2750/6090 days...
2026-03-13 13:11:26 | INFO | backtest_engine | Processed 3000/6090 days...
2026-03-13 13:11:26 | INFO | backtest_engine | Processed 3250/6090 days...
2026-03-13 13:11:26 | INFO | backtest_engine | Processed 3500/6090 days...
2026-03-13 13:11:26 | INFO | backtest_engine | Processed 3750/6090 days...
2026-03-13 13:11:26 | INFO | backtest_engine | Processed 4000/6090 days...
2026-03-13 13:11:26 | INFO | backtest_engine | Processed 4250/6090 days...
2026-03-13 13:11:26 | INFO | backtest_engine | Processed 4500/6090 days...
2026-03-13 13:11:26 | INFO | backtest_engine | Processed 4750/6090 days...
2026-03-13 13:11:26 | INFO | backtest_engine | Processed 5000/6090 days...
2026-03-13 13:11:26 | INFO | backtest_engine | Processed 5250/6090 days...
2026-03-13 13:11:26 | INFO | backtest_engine | Processed 5500/6090 days...
2026-03-13 13:11:26 | INFO | backtest_engine | Processed 5750/6090 days...
2026-03-13 13:11:26 | INFO | backtest_engine | Processed 6000/6090 days...
2026-03-13 13:11:26 | INFO | backtest_engine | Benchmark Complete.
2026-03-13 13:11:26 | INFO | backtest_engine | Registered Strategy: MeanReversionStrategy
2026-03-13 13:11:26 | INFO | backtest_engine | Registered Strategy: RegimeAware(MeanReversionStrategy)
2026-03-13 13:11:26 | INFO | backtest_engine | Starting Benchmark on 6090 data points...
2026-03-13 13:11:28 | INFO | backtest_engine | Processed 0/6090 days...
2026-03-13 13:11:28 | INFO | backtest_engine | Processed 250/6090 days...
2026-03-13 13:11:28 | INFO | backtest_engine | Processed 500/6090 days...
2026-03-13 13:11:28 | INFO | backtest_engine | Processed 750/6090 days...
2026-03-13 13:11:28 | INFO | backtest_engine | Processed 1000/6090 days...
2026-03-13 13:11:28 | INFO | backtest_engine | Processed 1250/6090 days...
2026-03-13 13:11:28 | INFO | backtest_engine | Processed 1500/6090 days...
2026-03-13 13:11:28 | INFO | backtest_engine | Processed 1750/6090 days...
2026-03-13 13:11:28 | INFO | backtest_engine | Processed 2000/6090 days...
2026-03-13 13:11:28 | INFO | backtest_engine | Processed 2250/6090 days...
2026-03-13 13:11:28 | INFO | backtest_engine | Processed 2500/6090 days...
2026-03-13 13:11:28 | INFO | backtest_engine | Processed 2750/6090 days...
2026-03-13 13:11:28 | INFO | backtest_engine | Processed 3000/6090 days...
2026-03-13 13:11:28 | INFO | backtest_engine | Processed 3250/6090 days...
2026-03-13 13:11:28 | INFO | backtest_engine | Processed 3500/6090 days...
2026-03-13 13:11:28 | INFO | backtest_engine | Processed 3750/6090 days...
2026-03-13 13:11:28 | INFO | backtest_engine | Processed 4000/6090 days...
2026-03-13 13:11:28 | INFO | backtest_engine | Processed 4250/6090 days...
2026-03-13 13:11:28 | INFO | backtest_engine | Processed 4500/6090 days...
2026-03-13 13:11:28 | INFO | backtest_engine | Processed 4750/6090 days...
2026-03-13 13:11:28 | INFO | backtest_engine | Processed 5000/6090 days...
2026-03-13 13:11:28 | INFO | backtest_engine | Processed 5250/6090 days...
2026-03-13 13:11:28 | INFO | backtest_engine | Processed 5500/6090 days...
2026-03-13 13:11:28 | INFO | backtest_engine | Processed 5750/6090 days...
2026-03-13 13:11:28 | INFO | backtest_engine | Processed 6000/6090 days...
2026-03-13 13:11:28 | INFO | backtest_engine | Benchmark Complete.
2026-03-13 13:11:29 | INFO | backtest_engine | Registered Strategy: MeanReversionStrategy
2026-03-13 13:11:29 | INFO | backtest_engine | Registered Strategy: RegimeAware(MeanReversionStrategy)
2026-03-13 13:11:29 | INFO | backtest_engine | Starting Benchmark on 6090 data points...
2026-03-13 13:11:29 | INFO | backtest_engine | Processed 0/6090 days...
2026-03-13 13:11:29 | INFO | backtest_engine | Processed 250/6090 days...
2026-03-13 13:11:29 | INFO | backtest_engine | Processed 500/6090 days...
2026-03-13 13:11:29 | INFO | backtest_engine | Processed 750/6090 days...
2026-03-13 13:11:29 | INFO | backtest_engine | Processed 1000/6090 days...
2026-03-13 13:11:29 | INFO | backtest_engine | Processed 1250/6090 days...
2026-03-13 13:11:29 | INFO | backtest_engine | Processed 1500/6090 days...
2026-03-13 13:11:29 | INFO | backtest_engine | Processed 1750/6090 days...
2026-03-13 13:11:29 | INFO | backtest_engine | Processed 2000/6090 days...
2026-03-13 13:11:29 | INFO | backtest_engine | Processed 2250/6090 days...
2026-03-13 13:11:29 | INFO | backtest_engine | Processed 2500/6090 days...
2026-03-13 13:11:29 | INFO | backtest_engine | Processed 2750/6090 days...
2026-03-13 13:11:29 | INFO | backtest_engine | Processed 3000/6090 days...
2026-03-13 13:11:29 | INFO | backtest_engine | Processed 3250/6090 days...
2026-03-13 13:11:29 | INFO | backtest_engine | Processed 3500/6090 days...
2026-03-13 13:11:29 | INFO | backtest_engine | Processed 3750/6090 days...
2026-03-13 13:11:29 | INFO | backtest_engine | Processed 4000/6090 days...
2026-03-13 13:11:29 | INFO | backtest_engine | Processed 4250/6090 days...
2026-03-13 13:11:29 | INFO | backtest_engine | Processed 4500/6090 days...
2026-03-13 13:11:29 | INFO | backtest_engine | Processed 4750/6090 days...
2026-03-13 13:11:29 | INFO | backtest_engine | Processed 5000/6090 days...
2026-03-13 13:11:29 | INFO | backtest_engine | Processed 5250/6090 days...
2026-03-13 13:11:29 | INFO | backtest_engine | Processed 5500/6090 days...
2026-03-13 13:11:29 | INFO | backtest_engine | Processed 5750/6090 days...
2026-03-13 13:11:29 | INFO | backtest_engine | Processed 6000/6090 days...
2026-03-13 13:11:29 | INFO | backtest_engine | Benchmark Complete.
2026-03-13 13:11:29 | INFO | backtest_engine | Registered Strategy: MeanReversionStrategy
2026-03-13 13:11:29 | INFO | backtest_engine | Registered Strategy: RegimeAware(MeanReversionStrategy)
2026-03-13 13:11:29 | INFO | backtest_engine | Starting Benchmark on 6090 data points...
2026-03-13 13:11:29 | INFO | backtest_engine | Processed 0/6090 days...
2026-03-13 13:11:29 | INFO | backtest_engine | Processed 250/6090 days...
2026-03-13 13:11:29 | INFO | backtest_engine | Processed 500/6090 days...
2026-03-13 13:11:30 | INFO | backtest_engine | Processed 750/6090 days...
2026-03-13 13:11:30 | INFO | backtest_engine | Processed 1000/6090 days...
2026-03-13 13:11:30 | INFO | backtest_engine | Processed 1250/6090 days...
2026-03-13 13:11:30 | INFO | backtest_engine | Processed 1500/6090 days...
2026-03-13 13:11:30 | INFO | backtest_engine | Processed 1750/6090 days...
2026-03-13 13:11:30 | INFO | backtest_engine | Processed 2000/6090 days...
2026-03-13 13:11:30 | INFO | backtest_engine | Processed 2250/6090 days...
2026-03-13 13:11:30 | INFO | backtest_engine | Processed 2500/6090 days...
2026-03-13 13:11:30 | INFO | backtest_engine | Processed 2750/6090 days...
2026-03-13 13:11:30 | INFO | backtest_engine | Processed 3000/6090 days...
2026-03-13 13:11:30 | INFO | backtest_engine | Processed 3250/6090 days...
2026-03-13 13:11:30 | INFO | backtest_engine | Processed 3500/6090 days...
2026-03-13 13:11:30 | INFO | backtest_engine | Processed 3750/6090 days...
2026-03-13 13:11:30 | INFO | backtest_engine | Processed 4000/6090 days...
2026-03-13 13:11:30 | INFO | backtest_engine | Processed 4250/6090 days...
2026-03-13 13:11:30 | INFO | backtest_engine | Processed 4500/6090 days...
2026-03-13 13:11:30 | INFO | backtest_engine | Processed 4750/6090 days...
2026-03-13 13:11:30 | INFO | backtest_engine | Processed 5000/6090 days...
2026-03-13 13:11:30 | INFO | backtest_engine | Processed 5250/6090 days...
2026-03-13 13:11:30 | INFO | backtest_engine | Processed 5500/6090 days...
2026-03-13 13:11:30 | INFO | backtest_engine | Processed 5750/6090 days...
2026-03-13 13:11:30 | INFO | backtest_engine | Processed 6000/6090 days...
2026-03-13 13:11:30 | INFO | backtest_engine | Benchmark Complete.
2026-03-13 13:11:30 | INFO | backtest_engine | Registered Strategy: TrendFollowingStrategy
2026-03-13 13:11:30 | INFO | backtest_engine | Starting Benchmark on 6090 data points...
2026-03-13 13:11:30 | INFO | backtest_engine | Processed 0/6090 days...
2026-03-13 13:11:30 | INFO | backtest_engine | Processed 250/6090 days...
2026-03-13 13:11:30 | INFO | backtest_engine | Processed 500/6090 days...
2026-03-13 13:11:30 | INFO | backtest_engine | Processed 750/6090 days...
2026-03-13 13:11:30 | INFO | backtest_engine | Processed 1000/6090 days...
2026-03-13 13:11:30 | INFO | backtest_engine | Processed 1250/6090 days...
2026-03-13 13:11:30 | INFO | backtest_engine | Processed 1500/6090 days...
2026-03-13 13:11:30 | INFO | backtest_engine | Processed 1750/6090 days...
2026-03-13 13:11:30 | INFO | backtest_engine | Processed 2000/6090 days...
2026-03-13 13:11:30 | INFO | backtest_engine | Processed 2250/6090 days...
2026-03-13 13:11:30 | INFO | backtest_engine | Processed 2500/6090 days...
2026-03-13 13:11:30 | INFO | backtest_engine | Processed 2750/6090 days...
2026-03-13 13:11:30 | INFO | backtest_engine | Processed 3000/6090 days...
2026-03-13 13:11:30 | INFO | backtest_engine | Processed 3250/6090 days...
2026-03-13 13:11:31 | INFO | backtest_engine | Processed 3500/6090 days...
2026-03-13 13:11:31 | INFO | backtest_engine | Processed 3750/6090 days...
2026-03-13 13:11:31 | INFO | backtest_engine | Processed 4000/6090 days...
2026-03-13 13:11:31 | INFO | backtest_engine | Processed 4250/6090 days...
2026-03-13 13:11:31 | INFO | backtest_engine | Processed 4500/6090 days...
2026-03-13 13:11:31 | INFO | backtest_engine | Processed 4750/6090 days...
2026-03-13 13:11:31 | INFO | backtest_engine | Processed 5000/6090 days...
2026-03-13 13:11:31 | INFO | backtest_engine | Processed 5250/6090 days...
2026-03-13 13:11:31 | INFO | backtest_engine | Processed 5500/6090 days...
2026-03-13 13:11:31 | INFO | backtest_engine | Processed 5750/6090 days...
2026-03-13 13:11:31 | INFO | backtest_engine | Processed 6000/6090 days...
2026-03-13 13:11:31 | INFO | backtest_engine | Benchmark Complete.
2026-03-13 13:11:31 | INFO | backtest_engine | Registered Strategy: TrendFollowingStrategy
2026-03-13 13:11:31 | INFO | backtest_engine | Registered Strategy: RegimeAware(TrendFollowingStrategy)
2026-03-13 13:11:31 | INFO | backtest_engine | Starting Benchmark on 6090 data points...
2026-03-13 13:11:31 | INFO | backtest_engine | Processed 0/6090 days...
2026-03-13 13:11:31 | INFO | backtest_engine | Processed 250/6090 days...
2026-03-13 13:11:31 | INFO | backtest_engine | Processed 500/6090 days...
2026-03-13 13:11:31 | INFO | backtest_engine | Processed 750/6090 days...
2026-03-13 13:11:31 | INFO | backtest_engine | Processed 1000/6090 days...
2026-03-13 13:11:31 | INFO | backtest_engine | Processed 1250/6090 days...
2026-03-13 13:11:31 | INFO | backtest_engine | Processed 1500/6090 days...
2026-03-13 13:11:31 | INFO | backtest_engine | Processed 1750/6090 days...
2026-03-13 13:11:31 | INFO | backtest_engine | Processed 2000/6090 days...
2026-03-13 13:11:31 | INFO | backtest_engine | Processed 2250/6090 days...
2026-03-13 13:11:31 | INFO | backtest_engine | Processed 2500/6090 days...
2026-03-13 13:11:31 | INFO | backtest_engine | Processed 2750/6090 days...
2026-03-13 13:11:31 | INFO | backtest_engine | Processed 3000/6090 days...
2026-03-13 13:11:31 | INFO | backtest_engine | Processed 3250/6090 days...
2026-03-13 13:11:31 | INFO | backtest_engine | Processed 3500/6090 days...
2026-03-13 13:11:31 | INFO | backtest_engine | Processed 3750/6090 days...
2026-03-13 13:11:31 | INFO | backtest_engine | Processed 4000/6090 days...
2026-03-13 13:11:31 | INFO | backtest_engine | Processed 4250/6090 days...
2026-03-13 13:11:31 | INFO | backtest_engine | Processed 4500/6090 days...
2026-03-13 13:11:31 | INFO | backtest_engine | Processed 4750/6090 days...
2026-03-13 13:11:31 | INFO | backtest_engine | Processed 5000/6090 days...
2026-03-13 13:11:31 | INFO | backtest_engine | Processed 5250/6090 days...
2026-03-13 13:11:31 | INFO | backtest_engine | Processed 5500/6090 days...
2026-03-13 13:11:31 | INFO | backtest_engine | Processed 5750/6090 days...
2026-03-13 13:11:31 | INFO | backtest_engine | Processed 6000/6090 days...
2026-03-13 13:11:31 | INFO | backtest_engine | Benchmark Complete.
2026-03-13 13:11:32 | INFO | backtest_engine | Registered Strategy: TrendFollowingStrategy
2026-03-13 13:11:32 | INFO | backtest_engine | Registered Strategy: RegimeAware(TrendFollowingStrategy)
2026-03-13 13:11:32 | INFO | backtest_engine | Starting Benchmark on 6090 data points...
2026-03-13 13:11:32 | INFO | backtest_engine | Processed 0/6090 days...
2026-03-13 13:11:32 | INFO | backtest_engine | Processed 250/6090 days...
2026-03-13 13:11:32 | INFO | backtest_engine | Processed 500/6090 days...
2026-03-13 13:11:32 | INFO | backtest_engine | Processed 750/6090 days...
2026-03-13 13:11:32 | INFO | backtest_engine | Processed 1000/6090 days...
2026-03-13 13:11:32 | INFO | backtest_engine | Processed 1250/6090 days...
2026-03-13 13:11:32 | INFO | backtest_engine | Processed 1500/6090 days...
2026-03-13 13:11:32 | INFO | backtest_engine | Processed 1750/6090 days...
2026-03-13 13:11:32 | INFO | backtest_engine | Processed 2000/6090 days...
2026-03-13 13:11:32 | INFO | backtest_engine | Processed 2250/6090 days...
2026-03-13 13:11:32 | INFO | backtest_engine | Processed 2500/6090 days...
2026-03-13 13:11:32 | INFO | backtest_engine | Processed 2750/6090 days...
2026-03-13 13:11:32 | INFO | backtest_engine | Processed 3000/6090 days...
2026-03-13 13:11:32 | INFO | backtest_engine | Processed 3250/6090 days...
2026-03-13 13:11:32 | INFO | backtest_engine | Processed 3500/6090 days...
2026-03-13 13:11:32 | INFO | backtest_engine | Processed 3750/6090 days...
2026-03-13 13:11:32 | INFO | backtest_engine | Processed 4000/6090 days...
2026-03-13 13:11:32 | INFO | backtest_engine | Processed 4250/6090 days...
2026-03-13 13:11:32 | INFO | backtest_engine | Processed 4500/6090 days...
2026-03-13 13:11:32 | INFO | backtest_engine | Processed 4750/6090 days...
2026-03-13 13:11:32 | INFO | backtest_engine | Processed 5000/6090 days...
2026-03-13 13:11:32 | INFO | backtest_engine | Processed 5250/6090 days...
2026-03-13 13:11:32 | INFO | backtest_engine | Processed 5500/6090 days...
2026-03-13 13:11:32 | INFO | backtest_engine | Processed 5750/6090 days...
2026-03-13 13:11:32 | INFO | backtest_engine | Processed 6000/6090 days...
2026-03-13 13:11:32 | INFO | backtest_engine | Benchmark Complete.
2026-03-13 13:11:32 | INFO | backtest_engine | Registered Strategy: TrendFollowingStrategy
2026-03-13 13:11:32 | INFO | backtest_engine | Registered Strategy: RegimeAware(TrendFollowingStrategy)
2026-03-13 13:11:32 | INFO | backtest_engine | Starting Benchmark on 6090 data points...
2026-03-13 13:11:32 | INFO | backtest_engine | Processed 0/6090 days...
2026-03-13 13:11:32 | INFO | backtest_engine | Processed 250/6090 days...
2026-03-13 13:11:33 | INFO | backtest_engine | Processed 500/6090 days...
2026-03-13 13:11:33 | INFO | backtest_engine | Processed 750/6090 days...
2026-03-13 13:11:33 | INFO | backtest_engine | Processed 1000/6090 days...
2026-03-13 13:11:33 | INFO | backtest_engine | Processed 1250/6090 days...
2026-03-13 13:11:33 | INFO | backtest_engine | Processed 1500/6090 days...
2026-03-13 13:11:33 | INFO | backtest_engine | Processed 1750/6090 days...
2026-03-13 13:11:33 | INFO | backtest_engine | Processed 2000/6090 days...
2026-03-13 13:11:33 | INFO | backtest_engine | Processed 2250/6090 days...
2026-03-13 13:11:33 | INFO | backtest_engine | Processed 2500/6090 days...
2026-03-13 13:11:33 | INFO | backtest_engine | Processed 2750/6090 days...
2026-03-13 13:11:33 | INFO | backtest_engine | Processed 3000/6090 days...
2026-03-13 13:11:33 | INFO | backtest_engine | Processed 3250/6090 days...
2026-03-13 13:11:33 | INFO | backtest_engine | Processed 3500/6090 days...
2026-03-13 13:11:33 | INFO | backtest_engine | Processed 3750/6090 days...
2026-03-13 13:11:33 | INFO | backtest_engine | Processed 4000/6090 days...
2026-03-13 13:11:33 | INFO | backtest_engine | Processed 4250/6090 days...
2026-03-13 13:11:33 | INFO | backtest_engine | Processed 4500/6090 days...
2026-03-13 13:11:33 | INFO | backtest_engine | Processed 4750/6090 days...
2026-03-13 13:11:33 | INFO | backtest_engine | Processed 5000/6090 days...
2026-03-13 13:11:33 | INFO | backtest_engine | Processed 5250/6090 days...
2026-03-13 13:11:33 | INFO | backtest_engine | Processed 5500/6090 days...
2026-03-13 13:11:33 | INFO | backtest_engine | Processed 5750/6090 days...
2026-03-13 13:11:33 | INFO | backtest_engine | Processed 6000/6090 days...
2026-03-13 13:11:33 | INFO | backtest_engine | Benchmark Complete.
2026-03-13 13:11:33 | INFO | backtest_engine | Registered Strategy: MomentumStrategy
2026-03-13 13:11:33 | INFO | backtest_engine | Starting Benchmark on 6090 data points...
2026-03-13 13:11:33 | INFO | backtest_engine | Processed 0/6090 days...
2026-03-13 13:11:33 | INFO | backtest_engine | Processed 250/6090 days...
2026-03-13 13:11:33 | INFO | backtest_engine | Processed 500/6090 days...
2026-03-13 13:11:33 | INFO | backtest_engine | Processed 750/6090 days...
2026-03-13 13:11:33 | INFO | backtest_engine | Processed 1000/6090 days...
2026-03-13 13:11:33 | INFO | backtest_engine | Processed 1250/6090 days...
2026-03-13 13:11:33 | INFO | backtest_engine | Processed 1500/6090 days...
2026-03-13 13:11:33 | INFO | backtest_engine | Processed 1750/6090 days...
2026-03-13 13:11:34 | INFO | backtest_engine | Processed 2000/6090 days...
2026-03-13 13:11:34 | INFO | backtest_engine | Processed 2250/6090 days...
2026-03-13 13:11:34 | INFO | backtest_engine | Processed 2500/6090 days...
2026-03-13 13:11:34 | INFO | backtest_engine | Processed 2750/6090 days...
2026-03-13 13:11:34 | INFO | backtest_engine | Processed 3000/6090 days...
2026-03-13 13:11:34 | INFO | backtest_engine | Processed 3250/6090 days...
2026-03-13 13:11:34 | INFO | backtest_engine | Processed 3500/6090 days...
2026-03-13 13:11:34 | INFO | backtest_engine | Processed 3750/6090 days...
2026-03-13 13:11:34 | INFO | backtest_engine | Processed 4000/6090 days...
2026-03-13 13:11:34 | INFO | backtest_engine | Processed 4250/6090 days...
2026-03-13 13:11:34 | INFO | backtest_engine | Processed 4500/6090 days...
2026-03-13 13:11:34 | INFO | backtest_engine | Processed 4750/6090 days...
2026-03-13 13:11:34 | INFO | backtest_engine | Processed 5000/6090 days...
2026-03-13 13:11:34 | INFO | backtest_engine | Processed 5250/6090 days...
2026-03-13 13:11:34 | INFO | backtest_engine | Processed 5500/6090 days...
2026-03-13 13:11:34 | INFO | backtest_engine | Processed 5750/6090 days...
2026-03-13 13:11:34 | INFO | backtest_engine | Processed 6000/6090 days...
2026-03-13 13:11:34 | INFO | backtest_engine | Benchmark Complete.
2026-03-13 13:11:34 | INFO | backtest_engine | Registered Strategy: MomentumStrategy
2026-03-13 13:11:34 | INFO | backtest_engine | Registered Strategy: RegimeAware(MomentumStrategy)
2026-03-13 13:11:34 | INFO | backtest_engine | Starting Benchmark on 6090 data points...
2026-03-13 13:11:34 | INFO | backtest_engine | Processed 0/6090 days...
2026-03-13 13:11:34 | INFO | backtest_engine | Processed 250/6090 days...
2026-03-13 13:11:34 | INFO | backtest_engine | Processed 500/6090 days...
2026-03-13 13:11:34 | INFO | backtest_engine | Processed 750/6090 days...
2026-03-13 13:11:34 | INFO | backtest_engine | Processed 1000/6090 days...
2026-03-13 13:11:34 | INFO | backtest_engine | Processed 1250/6090 days...
2026-03-13 13:11:34 | INFO | backtest_engine | Processed 1500/6090 days...
2026-03-13 13:11:34 | INFO | backtest_engine | Processed 1750/6090 days...
2026-03-13 13:11:34 | INFO | backtest_engine | Processed 2000/6090 days...
2026-03-13 13:11:34 | INFO | backtest_engine | Processed 2250/6090 days...
2026-03-13 13:11:34 | INFO | backtest_engine | Processed 2500/6090 days...
2026-03-13 13:11:34 | INFO | backtest_engine | Processed 2750/6090 days...
2026-03-13 13:11:34 | INFO | backtest_engine | Processed 3000/6090 days...
2026-03-13 13:11:34 | INFO | backtest_engine | Processed 3250/6090 days...
2026-03-13 13:11:34 | INFO | backtest_engine | Processed 3500/6090 days...
2026-03-13 13:11:34 | INFO | backtest_engine | Processed 3750/6090 days...
2026-03-13 13:11:34 | INFO | backtest_engine | Processed 4000/6090 days...
2026-03-13 13:11:34 | INFO | backtest_engine | Processed 4250/6090 days...
2026-03-13 13:11:34 | INFO | backtest_engine | Processed 4500/6090 days...
2026-03-13 13:11:34 | INFO | backtest_engine | Processed 4750/6090 days...
2026-03-13 13:11:34 | INFO | backtest_engine | Processed 5000/6090 days...
2026-03-13 13:11:34 | INFO | backtest_engine | Processed 5250/6090 days...
2026-03-13 13:11:34 | INFO | backtest_engine | Processed 5500/6090 days...
2026-03-13 13:11:34 | INFO | backtest_engine | Processed 5750/6090 days...
2026-03-13 13:11:34 | INFO | backtest_engine | Processed 6000/6090 days...
2026-03-13 13:11:35 | INFO | backtest_engine | Benchmark Complete.
2026-03-13 13:11:35 | INFO | backtest_engine | Registered Strategy: MomentumStrategy
2026-03-13 13:11:35 | INFO | backtest_engine | Registered Strategy: RegimeAware(MomentumStrategy)
2026-03-13 13:11:35 | INFO | backtest_engine | Starting Benchmark on 6090 data points...
2026-03-13 13:11:35 | INFO | backtest_engine | Processed 0/6090 days...
2026-03-13 13:11:35 | INFO | backtest_engine | Processed 250/6090 days...
2026-03-13 13:11:35 | INFO | backtest_engine | Processed 500/6090 days...
2026-03-13 13:11:35 | INFO | backtest_engine | Processed 750/6090 days...
2026-03-13 13:11:35 | INFO | backtest_engine | Processed 1000/6090 days...
2026-03-13 13:11:35 | INFO | backtest_engine | Processed 1250/6090 days...
2026-03-13 13:11:35 | INFO | backtest_engine | Processed 1500/6090 days...
2026-03-13 13:11:35 | INFO | backtest_engine | Processed 1750/6090 days...
2026-03-13 13:11:35 | INFO | backtest_engine | Processed 2000/6090 days...
2026-03-13 13:11:35 | INFO | backtest_engine | Processed 2250/6090 days...
2026-03-13 13:11:35 | INFO | backtest_engine | Processed 2500/6090 days...
2026-03-13 13:11:35 | INFO | backtest_engine | Processed 2750/6090 days...
2026-03-13 13:11:35 | INFO | backtest_engine | Processed 3000/6090 days...
2026-03-13 13:11:35 | INFO | backtest_engine | Processed 3250/6090 days...
2026-03-13 13:11:35 | INFO | backtest_engine | Processed 3500/6090 days...
2026-03-13 13:11:35 | INFO | backtest_engine | Processed 3750/6090 days...
2026-03-13 13:11:35 | INFO | backtest_engine | Processed 4000/6090 days...
2026-03-13 13:11:35 | INFO | backtest_engine | Processed 4250/6090 days...
2026-03-13 13:11:35 | INFO | backtest_engine | Processed 4500/6090 days...
2026-03-13 13:11:35 | INFO | backtest_engine | Processed 4750/6090 days...
2026-03-13 13:11:35 | INFO | backtest_engine | Processed 5000/6090 days...
2026-03-13 13:11:35 | INFO | backtest_engine | Processed 5250/6090 days...
2026-03-13 13:11:35 | INFO | backtest_engine | Processed 5500/6090 days...
2026-03-13 13:11:35 | INFO | backtest_engine | Processed 5750/6090 days...
2026-03-13 13:11:35 | INFO | backtest_engine | Processed 6000/6090 days...
2026-03-13 13:11:35 | INFO | backtest_engine | Benchmark Complete.
2026-03-13 13:11:36 | INFO | backtest_engine | Registered Strategy: MomentumStrategy
2026-03-13 13:11:36 | INFO | backtest_engine | Registered Strategy: RegimeAware(MomentumStrategy)
2026-03-13 13:11:36 | INFO | backtest_engine | Starting Benchmark on 6090 data points...
2026-03-13 13:11:36 | INFO | backtest_engine | Processed 0/6090 days...
2026-03-13 13:11:36 | INFO | backtest_engine | Processed 250/6090 days...
2026-03-13 13:11:36 | INFO | backtest_engine | Processed 500/6090 days...
2026-03-13 13:11:36 | INFO | backtest_engine | Processed 750/6090 days...
2026-03-13 13:11:36 | INFO | backtest_engine | Processed 1000/6090 days...
2026-03-13 13:11:36 | INFO | backtest_engine | Processed 1250/6090 days...
2026-03-13 13:11:36 | INFO | backtest_engine | Processed 1500/6090 days...
2026-03-13 13:11:36 | INFO | backtest_engine | Processed 1750/6090 days...
2026-03-13 13:11:36 | INFO | backtest_engine | Processed 2000/6090 days...
2026-03-13 13:11:36 | INFO | backtest_engine | Processed 2250/6090 days...
2026-03-13 13:11:36 | INFO | backtest_engine | Processed 2500/6090 days...
2026-03-13 13:11:36 | INFO | backtest_engine | Processed 2750/6090 days...
2026-03-13 13:11:36 | INFO | backtest_engine | Processed 3000/6090 days...
2026-03-13 13:11:36 | INFO | backtest_engine | Processed 3250/6090 days...
2026-03-13 13:11:36 | INFO | backtest_engine | Processed 3500/6090 days...
2026-03-13 13:11:36 | INFO | backtest_engine | Processed 3750/6090 days...
2026-03-13 13:11:36 | INFO | backtest_engine | Processed 4000/6090 days...
2026-03-13 13:11:36 | INFO | backtest_engine | Processed 4250/6090 days...
2026-03-13 13:11:36 | INFO | backtest_engine | Processed 4500/6090 days...
2026-03-13 13:11:36 | INFO | backtest_engine | Processed 4750/6090 days...
2026-03-13 13:11:36 | INFO | backtest_engine | Processed 5000/6090 days...
2026-03-13 13:11:36 | INFO | backtest_engine | Processed 5250/6090 days...
2026-03-13 13:11:36 | INFO | backtest_engine | Processed 5500/6090 days...
2026-03-13 13:11:36 | INFO | backtest_engine | Processed 5750/6090 days...
2026-03-13 13:11:36 | INFO | backtest_engine | Processed 6000/6090 days...
2026-03-13 13:11:36 | INFO | backtest_engine | Benchmark Complete.
2026-03-13 13:11:36 | INFO | backtest_engine | Registered Strategy: BreakoutStrategy
2026-03-13 13:11:36 | INFO | backtest_engine | Starting Benchmark on 6090 data points...
2026-03-13 13:11:36 | INFO | backtest_engine | Processed 0/6090 days...
2026-03-13 13:11:36 | INFO | backtest_engine | Processed 250/6090 days...
2026-03-13 13:11:36 | INFO | backtest_engine | Processed 500/6090 days...
2026-03-13 13:11:36 | INFO | backtest_engine | Processed 750/6090 days...
2026-03-13 13:11:36 | INFO | backtest_engine | Processed 1000/6090 days...
2026-03-13 13:11:37 | INFO | backtest_engine | Processed 1250/6090 days...
2026-03-13 13:11:37 | INFO | backtest_engine | Processed 1500/6090 days...
2026-03-13 13:11:37 | INFO | backtest_engine | Processed 1750/6090 days...
2026-03-13 13:11:37 | INFO | backtest_engine | Processed 2000/6090 days...
2026-03-13 13:11:37 | INFO | backtest_engine | Processed 2250/6090 days...
2026-03-13 13:11:37 | INFO | backtest_engine | Processed 2500/6090 days...
2026-03-13 13:11:37 | INFO | backtest_engine | Processed 2750/6090 days...
2026-03-13 13:11:37 | INFO | backtest_engine | Processed 3000/6090 days...
2026-03-13 13:11:37 | INFO | backtest_engine | Processed 3250/6090 days...
2026-03-13 13:11:37 | INFO | backtest_engine | Processed 3500/6090 days...
2026-03-13 13:11:37 | INFO | backtest_engine | Processed 3750/6090 days...
2026-03-13 13:11:37 | INFO | backtest_engine | Processed 4000/6090 days...
2026-03-13 13:11:37 | INFO | backtest_engine | Processed 4250/6090 days...
2026-03-13 13:11:37 | INFO | backtest_engine | Processed 4500/6090 days...
2026-03-13 13:11:37 | INFO | backtest_engine | Processed 4750/6090 days...
2026-03-13 13:11:37 | INFO | backtest_engine | Processed 5000/6090 days...
2026-03-13 13:11:37 | INFO | backtest_engine | Processed 5250/6090 days...
2026-03-13 13:11:37 | INFO | backtest_engine | Processed 5500/6090 days...
2026-03-13 13:11:37 | INFO | backtest_engine | Processed 5750/6090 days...
2026-03-13 13:11:37 | INFO | backtest_engine | Processed 6000/6090 days...
2026-03-13 13:11:37 | INFO | backtest_engine | Benchmark Complete.
2026-03-13 13:11:37 | INFO | backtest_engine | Registered Strategy: BreakoutStrategy
2026-03-13 13:11:37 | INFO | backtest_engine | Registered Strategy: RegimeAware(BreakoutStrategy)
2026-03-13 13:11:37 | INFO | backtest_engine | Starting Benchmark on 6090 data points...
2026-03-13 13:11:37 | INFO | backtest_engine | Processed 0/6090 days...
2026-03-13 13:11:37 | INFO | backtest_engine | Processed 250/6090 days...
2026-03-13 13:11:37 | INFO | backtest_engine | Processed 500/6090 days...
2026-03-13 13:11:37 | INFO | backtest_engine | Processed 750/6090 days...
2026-03-13 13:11:37 | INFO | backtest_engine | Processed 1000/6090 days...
2026-03-13 13:11:37 | INFO | backtest_engine | Processed 1250/6090 days...
2026-03-13 13:11:37 | INFO | backtest_engine | Processed 1500/6090 days...
2026-03-13 13:11:37 | INFO | backtest_engine | Processed 1750/6090 days...
2026-03-13 13:11:37 | INFO | backtest_engine | Processed 2000/6090 days...
2026-03-13 13:11:37 | INFO | backtest_engine | Processed 2250/6090 days...
2026-03-13 13:11:37 | INFO | backtest_engine | Processed 2500/6090 days...
2026-03-13 13:11:37 | INFO | backtest_engine | Processed 2750/6090 days...
2026-03-13 13:11:37 | INFO | backtest_engine | Processed 3000/6090 days...
2026-03-13 13:11:37 | INFO | backtest_engine | Processed 3250/6090 days...
2026-03-13 13:11:37 | INFO | backtest_engine | Processed 3500/6090 days...
2026-03-13 13:11:37 | INFO | backtest_engine | Processed 3750/6090 days...
2026-03-13 13:11:37 | INFO | backtest_engine | Processed 4000/6090 days...
2026-03-13 13:11:37 | INFO | backtest_engine | Processed 4250/6090 days...
2026-03-13 13:11:37 | INFO | backtest_engine | Processed 4500/6090 days...
2026-03-13 13:11:37 | INFO | backtest_engine | Processed 4750/6090 days...
2026-03-13 13:11:38 | INFO | backtest_engine | Processed 5000/6090 days...
2026-03-13 13:11:38 | INFO | backtest_engine | Processed 5250/6090 days...
2026-03-13 13:11:38 | INFO | backtest_engine | Processed 5500/6090 days...
2026-03-13 13:11:38 | INFO | backtest_engine | Processed 5750/6090 days...
2026-03-13 13:11:38 | INFO | backtest_engine | Processed 6000/6090 days...
2026-03-13 13:11:38 | INFO | backtest_engine | Benchmark Complete.
2026-03-13 13:11:38 | INFO | backtest_engine | Registered Strategy: BreakoutStrategy
2026-03-13 13:11:38 | INFO | backtest_engine | Registered Strategy: RegimeAware(BreakoutStrategy)
2026-03-13 13:11:38 | INFO | backtest_engine | Starting Benchmark on 6090 data points...
2026-03-13 13:11:38 | INFO | backtest_engine | Processed 0/6090 days...
2026-03-13 13:11:38 | INFO | backtest_engine | Processed 250/6090 days...
2026-03-13 13:11:38 | INFO | backtest_engine | Processed 500/6090 days...
2026-03-13 13:11:38 | INFO | backtest_engine | Processed 750/6090 days...
2026-03-13 13:11:38 | INFO | backtest_engine | Processed 1000/6090 days...
2026-03-13 13:11:38 | INFO | backtest_engine | Processed 1250/6090 days...
2026-03-13 13:11:38 | INFO | backtest_engine | Processed 1500/6090 days...
2026-03-13 13:11:38 | INFO | backtest_engine | Processed 1750/6090 days...
2026-03-13 13:11:38 | INFO | backtest_engine | Processed 2000/6090 days...
2026-03-13 13:11:38 | INFO | backtest_engine | Processed 2250/6090 days...
2026-03-13 13:11:38 | INFO | backtest_engine | Processed 2500/6090 days...
2026-03-13 13:11:38 | INFO | backtest_engine | Processed 2750/6090 days...
2026-03-13 13:11:38 | INFO | backtest_engine | Processed 3000/6090 days...
2026-03-13 13:11:38 | INFO | backtest_engine | Processed 3250/6090 days...
2026-03-13 13:11:38 | INFO | backtest_engine | Processed 3500/6090 days...
2026-03-13 13:11:38 | INFO | backtest_engine | Processed 3750/6090 days...
2026-03-13 13:11:38 | INFO | backtest_engine | Processed 4000/6090 days...
2026-03-13 13:11:38 | INFO | backtest_engine | Processed 4250/6090 days...
2026-03-13 13:11:38 | INFO | backtest_engine | Processed 4500/6090 days...
2026-03-13 13:11:38 | INFO | backtest_engine | Processed 4750/6090 days...
2026-03-13 13:11:38 | INFO | backtest_engine | Processed 5000/6090 days...
2026-03-13 13:11:38 | INFO | backtest_engine | Processed 5250/6090 days...
2026-03-13 13:11:38 | INFO | backtest_engine | Processed 5500/6090 days...
2026-03-13 13:11:38 | INFO | backtest_engine | Processed 5750/6090 days...
2026-03-13 13:11:38 | INFO | backtest_engine | Processed 6000/6090 days...
2026-03-13 13:11:38 | INFO | backtest_engine | Benchmark Complete.
2026-03-13 13:11:39 | INFO | backtest_engine | Registered Strategy: BreakoutStrategy
2026-03-13 13:11:39 | INFO | backtest_engine | Registered Strategy: RegimeAware(BreakoutStrategy)
2026-03-13 13:11:39 | INFO | backtest_engine | Starting Benchmark on 6090 data points...
2026-03-13 13:11:39 | INFO | backtest_engine | Processed 0/6090 days...
2026-03-13 13:11:39 | INFO | backtest_engine | Processed 250/6090 days...
2026-03-13 13:11:39 | INFO | backtest_engine | Processed 500/6090 days...
2026-03-13 13:11:39 | INFO | backtest_engine | Processed 750/6090 days...
2026-03-13 13:11:39 | INFO | backtest_engine | Processed 1000/6090 days...
2026-03-13 13:11:39 | INFO | backtest_engine | Processed 1250/6090 days...
2026-03-13 13:11:39 | INFO | backtest_engine | Processed 1500/6090 days...
2026-03-13 13:11:39 | INFO | backtest_engine | Processed 1750/6090 days...
2026-03-13 13:11:39 | INFO | backtest_engine | Processed 2000/6090 days...
2026-03-13 13:11:39 | INFO | backtest_engine | Processed 2250/6090 days...
2026-03-13 13:11:39 | INFO | backtest_engine | Processed 2500/6090 days...
2026-03-13 13:11:39 | INFO | backtest_engine | Processed 2750/6090 days...
2026-03-13 13:11:39 | INFO | backtest_engine | Processed 3000/6090 days...
2026-03-13 13:11:39 | INFO | backtest_engine | Processed 3250/6090 days...
2026-03-13 13:11:39 | INFO | backtest_engine | Processed 3500/6090 days...
2026-03-13 13:11:39 | INFO | backtest_engine | Processed 3750/6090 days...
2026-03-13 13:11:39 | INFO | backtest_engine | Processed 4000/6090 days...
2026-03-13 13:11:39 | INFO | backtest_engine | Processed 4250/6090 days...
2026-03-13 13:11:39 | INFO | backtest_engine | Processed 4500/6090 days...
2026-03-13 13:11:39 | INFO | backtest_engine | Processed 4750/6090 days...
2026-03-13 13:11:39 | INFO | backtest_engine | Processed 5000/6090 days...
2026-03-13 13:11:39 | INFO | backtest_engine | Processed 5250/6090 days...
2026-03-13 13:11:39 | INFO | backtest_engine | Processed 5500/6090 days...
2026-03-13 13:11:39 | INFO | backtest_engine | Processed 5750/6090 days...
2026-03-13 13:11:39 | INFO | backtest_engine | Processed 6000/6090 days...
2026-03-13 13:11:39 | INFO | backtest_engine | Benchmark Complete.
2026-03-13 13:11:40 | INFO | backtest_engine | Registered Strategy: MovingAverageCrossStrategy
2026-03-13 13:11:40 | INFO | backtest_engine | Starting Benchmark on 6090 data points...
2026-03-13 13:11:40 | INFO | backtest_engine | Processed 0/6090 days...
2026-03-13 13:11:40 | INFO | backtest_engine | Processed 250/6090 days...
2026-03-13 13:11:40 | INFO | backtest_engine | Processed 500/6090 days...
2026-03-13 13:11:40 | INFO | backtest_engine | Processed 750/6090 days...
2026-03-13 13:11:40 | INFO | backtest_engine | Processed 1000/6090 days...
2026-03-13 13:11:40 | INFO | backtest_engine | Processed 1250/6090 days...
2026-03-13 13:11:40 | INFO | backtest_engine | Processed 1500/6090 days...
2026-03-13 13:11:40 | INFO | backtest_engine | Processed 1750/6090 days...
2026-03-13 13:11:40 | INFO | backtest_engine | Processed 2000/6090 days...
2026-03-13 13:11:40 | INFO | backtest_engine | Processed 2250/6090 days...
2026-03-13 13:11:40 | INFO | backtest_engine | Processed 2500/6090 days...
2026-03-13 13:11:40 | INFO | backtest_engine | Processed 2750/6090 days...
2026-03-13 13:11:40 | INFO | backtest_engine | Processed 3000/6090 days...
2026-03-13 13:11:40 | INFO | backtest_engine | Processed 3250/6090 days...
2026-03-13 13:11:40 | INFO | backtest_engine | Processed 3500/6090 days...
2026-03-13 13:11:40 | INFO | backtest_engine | Processed 3750/6090 days...
2026-03-13 13:11:40 | INFO | backtest_engine | Processed 4000/6090 days...
2026-03-13 13:11:40 | INFO | backtest_engine | Processed 4250/6090 days...
2026-03-13 13:11:40 | INFO | backtest_engine | Processed 4500/6090 days...
2026-03-13 13:11:40 | INFO | backtest_engine | Processed 4750/6090 days...
2026-03-13 13:11:40 | INFO | backtest_engine | Processed 5000/6090 days...
2026-03-13 13:11:40 | INFO | backtest_engine | Processed 5250/6090 days...
2026-03-13 13:11:40 | INFO | backtest_engine | Processed 5500/6090 days...
2026-03-13 13:11:40 | INFO | backtest_engine | Processed 5750/6090 days...
2026-03-13 13:11:40 | INFO | backtest_engine | Processed 6000/6090 days...
2026-03-13 13:11:40 | INFO | backtest_engine | Benchmark Complete.
2026-03-13 13:11:40 | INFO | backtest_engine | Registered Strategy: MovingAverageCrossStrategy
2026-03-13 13:11:40 | INFO | backtest_engine | Registered Strategy: RegimeAware(MovingAverageCrossStrategy)
2026-03-13 13:11:40 | INFO | backtest_engine | Starting Benchmark on 6090 data points...
2026-03-13 13:11:40 | INFO | backtest_engine | Processed 0/6090 days...
2026-03-13 13:11:40 | INFO | backtest_engine | Processed 250/6090 days...
2026-03-13 13:11:40 | INFO | backtest_engine | Processed 500/6090 days...
2026-03-13 13:11:40 | INFO | backtest_engine | Processed 750/6090 days...
2026-03-13 13:11:40 | INFO | backtest_engine | Processed 1000/6090 days...
2026-03-13 13:11:40 | INFO | backtest_engine | Processed 1250/6090 days...
2026-03-13 13:11:40 | INFO | backtest_engine | Processed 1500/6090 days...
2026-03-13 13:11:40 | INFO | backtest_engine | Processed 1750/6090 days...
2026-03-13 13:11:40 | INFO | backtest_engine | Processed 2000/6090 days...
2026-03-13 13:11:40 | INFO | backtest_engine | Processed 2250/6090 days...
2026-03-13 13:11:40 | INFO | backtest_engine | Processed 2500/6090 days...
2026-03-13 13:11:40 | INFO | backtest_engine | Processed 2750/6090 days...
2026-03-13 13:11:40 | INFO | backtest_engine | Processed 3000/6090 days...
2026-03-13 13:11:40 | INFO | backtest_engine | Processed 3250/6090 days...
2026-03-13 13:11:40 | INFO | backtest_engine | Processed 3500/6090 days...
2026-03-13 13:11:40 | INFO | backtest_engine | Processed 3750/6090 days...
2026-03-13 13:11:40 | INFO | backtest_engine | Processed 4000/6090 days...
2026-03-13 13:11:41 | INFO | backtest_engine | Processed 4250/6090 days...
2026-03-13 13:11:41 | INFO | backtest_engine | Processed 4500/6090 days...
2026-03-13 13:11:41 | INFO | backtest_engine | Processed 4750/6090 days...
2026-03-13 13:11:41 | INFO | backtest_engine | Processed 5000/6090 days...
2026-03-13 13:11:41 | INFO | backtest_engine | Processed 5250/6090 days...
2026-03-13 13:11:41 | INFO | backtest_engine | Processed 5500/6090 days...
2026-03-13 13:11:41 | INFO | backtest_engine | Processed 5750/6090 days...
2026-03-13 13:11:41 | INFO | backtest_engine | Processed 6000/6090 days...
2026-03-13 13:11:41 | INFO | backtest_engine | Benchmark Complete.
2026-03-13 13:11:41 | INFO | backtest_engine | Registered Strategy: MovingAverageCrossStrategy
2026-03-13 13:11:41 | INFO | backtest_engine | Registered Strategy: RegimeAware(MovingAverageCrossStrategy)
2026-03-13 13:11:41 | INFO | backtest_engine | Starting Benchmark on 6090 data points...
2026-03-13 13:11:41 | INFO | backtest_engine | Processed 0/6090 days...
2026-03-13 13:11:41 | INFO | backtest_engine | Processed 250/6090 days...
2026-03-13 13:11:41 | INFO | backtest_engine | Processed 500/6090 days...
2026-03-13 13:11:41 | INFO | backtest_engine | Processed 750/6090 days...
2026-03-13 13:11:41 | INFO | backtest_engine | Processed 1000/6090 days...
2026-03-13 13:11:41 | INFO | backtest_engine | Processed 1250/6090 days...
2026-03-13 13:11:41 | INFO | backtest_engine | Processed 1500/6090 days...
2026-03-13 13:11:41 | INFO | backtest_engine | Processed 1750/6090 days...
2026-03-13 13:11:41 | INFO | backtest_engine | Processed 2000/6090 days...
2026-03-13 13:11:41 | INFO | backtest_engine | Processed 2250/6090 days...
2026-03-13 13:11:41 | INFO | backtest_engine | Processed 2500/6090 days...
2026-03-13 13:11:41 | INFO | backtest_engine | Processed 2750/6090 days...
2026-03-13 13:11:41 | INFO | backtest_engine | Processed 3000/6090 days...
2026-03-13 13:11:41 | INFO | backtest_engine | Processed 3250/6090 days...
2026-03-13 13:11:41 | INFO | backtest_engine | Processed 3500/6090 days...
2026-03-13 13:11:41 | INFO | backtest_engine | Processed 3750/6090 days...
2026-03-13 13:11:41 | INFO | backtest_engine | Processed 4000/6090 days...
2026-03-13 13:11:41 | INFO | backtest_engine | Processed 4250/6090 days...
2026-03-13 13:11:41 | INFO | backtest_engine | Processed 4500/6090 days...
2026-03-13 13:11:41 | INFO | backtest_engine | Processed 4750/6090 days...
2026-03-13 13:11:41 | INFO | backtest_engine | Processed 5000/6090 days...
2026-03-13 13:11:41 | INFO | backtest_engine | Processed 5250/6090 days...
2026-03-13 13:11:41 | INFO | backtest_engine | Processed 5500/6090 days...
2026-03-13 13:11:41 | INFO | backtest_engine | Processed 5750/6090 days...
2026-03-13 13:11:41 | INFO | backtest_engine | Processed 6000/6090 days...
2026-03-13 13:11:41 | INFO | backtest_engine | Benchmark Complete.
2026-03-13 13:11:42 | INFO | backtest_engine | Registered Strategy: MovingAverageCrossStrategy
2026-03-13 13:11:42 | INFO | backtest_engine | Registered Strategy: RegimeAware(MovingAverageCrossStrategy)
2026-03-13 13:11:42 | INFO | backtest_engine | Starting Benchmark on 6090 data points...
2026-03-13 13:11:42 | INFO | backtest_engine | Processed 0/6090 days...
2026-03-13 13:11:42 | INFO | backtest_engine | Processed 250/6090 days...
2026-03-13 13:11:42 | INFO | backtest_engine | Processed 500/6090 days...
2026-03-13 13:11:42 | INFO | backtest_engine | Processed 750/6090 days...
2026-03-13 13:11:42 | INFO | backtest_engine | Processed 1000/6090 days...
2026-03-13 13:11:42 | INFO | backtest_engine | Processed 1250/6090 days...
2026-03-13 13:11:42 | INFO | backtest_engine | Processed 1500/6090 days...
2026-03-13 13:11:42 | INFO | backtest_engine | Processed 1750/6090 days...
2026-03-13 13:11:42 | INFO | backtest_engine | Processed 2000/6090 days...
2026-03-13 13:11:42 | INFO | backtest_engine | Processed 2250/6090 days...
2026-03-13 13:11:42 | INFO | backtest_engine | Processed 2500/6090 days...
2026-03-13 13:11:42 | INFO | backtest_engine | Processed 2750/6090 days...
2026-03-13 13:11:42 | INFO | backtest_engine | Processed 3000/6090 days...
2026-03-13 13:11:42 | INFO | backtest_engine | Processed 3250/6090 days...
2026-03-13 13:11:42 | INFO | backtest_engine | Processed 3500/6090 days...
2026-03-13 13:11:42 | INFO | backtest_engine | Processed 3750/6090 days...
2026-03-13 13:11:42 | INFO | backtest_engine | Processed 4000/6090 days...
2026-03-13 13:11:42 | INFO | backtest_engine | Processed 4250/6090 days...
2026-03-13 13:11:42 | INFO | backtest_engine | Processed 4500/6090 days...
2026-03-13 13:11:42 | INFO | backtest_engine | Processed 4750/6090 days...
2026-03-13 13:11:42 | INFO | backtest_engine | Processed 5000/6090 days...
2026-03-13 13:11:42 | INFO | backtest_engine | Processed 5250/6090 days...
2026-03-13 13:11:42 | INFO | backtest_engine | Processed 5500/6090 days...
2026-03-13 13:11:42 | INFO | backtest_engine | Processed 5750/6090 days...
2026-03-13 13:11:42 | INFO | backtest_engine | Processed 6000/6090 days...
2026-03-13 13:11:42 | INFO | backtest_engine | Benchmark Complete.
2026-03-13 13:11:43 | INFO | backtest_engine | Registered Strategy: VolatilityBreakoutStrategy
2026-03-13 13:11:43 | INFO | backtest_engine | Starting Benchmark on 6090 data points...
2026-03-13 13:11:43 | INFO | backtest_engine | Processed 0/6090 days...
2026-03-13 13:11:43 | INFO | backtest_engine | Processed 250/6090 days...
2026-03-13 13:11:43 | INFO | backtest_engine | Processed 500/6090 days...
2026-03-13 13:11:43 | INFO | backtest_engine | Processed 750/6090 days...
2026-03-13 13:11:43 | INFO | backtest_engine | Processed 1000/6090 days...
2026-03-13 13:11:43 | INFO | backtest_engine | Processed 1250/6090 days...
2026-03-13 13:11:43 | INFO | backtest_engine | Processed 1500/6090 days...
2026-03-13 13:11:43 | INFO | backtest_engine | Processed 1750/6090 days...
2026-03-13 13:11:43 | INFO | backtest_engine | Processed 2000/6090 days...
2026-03-13 13:11:43 | INFO | backtest_engine | Processed 2250/6090 days...
2026-03-13 13:11:43 | INFO | backtest_engine | Processed 2500/6090 days...
2026-03-13 13:11:43 | INFO | backtest_engine | Processed 2750/6090 days...
2026-03-13 13:11:43 | INFO | backtest_engine | Processed 3000/6090 days...
2026-03-13 13:11:43 | INFO | backtest_engine | Processed 3250/6090 days...
2026-03-13 13:11:43 | INFO | backtest_engine | Processed 3500/6090 days...
2026-03-13 13:11:43 | INFO | backtest_engine | Processed 3750/6090 days...
2026-03-13 13:11:43 | INFO | backtest_engine | Processed 4000/6090 days...
2026-03-13 13:11:43 | INFO | backtest_engine | Processed 4250/6090 days...
2026-03-13 13:11:43 | INFO | backtest_engine | Processed 4500/6090 days...
2026-03-13 13:11:43 | INFO | backtest_engine | Processed 4750/6090 days...
2026-03-13 13:11:43 | INFO | backtest_engine | Processed 5000/6090 days...
2026-03-13 13:11:43 | INFO | backtest_engine | Processed 5250/6090 days...
2026-03-13 13:11:43 | INFO | backtest_engine | Processed 5500/6090 days...
2026-03-13 13:11:43 | INFO | backtest_engine | Processed 5750/6090 days...
2026-03-13 13:11:43 | INFO | backtest_engine | Processed 6000/6090 days...
2026-03-13 13:11:43 | INFO | backtest_engine | Benchmark Complete.
2026-03-13 13:11:43 | INFO | backtest_engine | Registered Strategy: VolatilityBreakoutStrategy
2026-03-13 13:11:43 | INFO | backtest_engine | Registered Strategy: RegimeAware(VolatilityBreakoutStrategy)
2026-03-13 13:11:43 | INFO | backtest_engine | Starting Benchmark on 6090 data points...
2026-03-13 13:11:43 | INFO | backtest_engine | Processed 0/6090 days...
2026-03-13 13:11:43 | INFO | backtest_engine | Processed 250/6090 days...
2026-03-13 13:11:43 | INFO | backtest_engine | Processed 500/6090 days...
2026-03-13 13:11:43 | INFO | backtest_engine | Processed 750/6090 days...
2026-03-13 13:11:43 | INFO | backtest_engine | Processed 1000/6090 days...
2026-03-13 13:11:43 | INFO | backtest_engine | Processed 1250/6090 days...
2026-03-13 13:11:43 | INFO | backtest_engine | Processed 1500/6090 days...
2026-03-13 13:11:43 | INFO | backtest_engine | Processed 1750/6090 days...
2026-03-13 13:11:43 | INFO | backtest_engine | Processed 2000/6090 days...
2026-03-13 13:11:43 | INFO | backtest_engine | Processed 2250/6090 days...
2026-03-13 13:11:43 | INFO | backtest_engine | Processed 2500/6090 days...
2026-03-13 13:11:43 | INFO | backtest_engine | Processed 2750/6090 days...
2026-03-13 13:11:43 | INFO | backtest_engine | Processed 3000/6090 days...
2026-03-13 13:11:43 | INFO | backtest_engine | Processed 3250/6090 days...
2026-03-13 13:11:43 | INFO | backtest_engine | Processed 3500/6090 days...
2026-03-13 13:11:44 | INFO | backtest_engine | Processed 3750/6090 days...
2026-03-13 13:11:44 | INFO | backtest_engine | Processed 4000/6090 days...
2026-03-13 13:11:44 | INFO | backtest_engine | Processed 4250/6090 days...
2026-03-13 13:11:44 | INFO | backtest_engine | Processed 4500/6090 days...
2026-03-13 13:11:44 | INFO | backtest_engine | Processed 4750/6090 days...
2026-03-13 13:11:44 | INFO | backtest_engine | Processed 5000/6090 days...
2026-03-13 13:11:44 | INFO | backtest_engine | Processed 5250/6090 days...
2026-03-13 13:11:44 | INFO | backtest_engine | Processed 5500/6090 days...
2026-03-13 13:11:44 | INFO | backtest_engine | Processed 5750/6090 days...
2026-03-13 13:11:44 | INFO | backtest_engine | Processed 6000/6090 days...
2026-03-13 13:11:44 | INFO | backtest_engine | Benchmark Complete.
2026-03-13 13:11:44 | INFO | backtest_engine | Registered Strategy: VolatilityBreakoutStrategy
2026-03-13 13:11:44 | INFO | backtest_engine | Registered Strategy: RegimeAware(VolatilityBreakoutStrategy)
2026-03-13 13:11:44 | INFO | backtest_engine | Starting Benchmark on 6090 data points...
2026-03-13 13:11:44 | INFO | backtest_engine | Processed 0/6090 days...
2026-03-13 13:11:44 | INFO | backtest_engine | Processed 250/6090 days...
2026-03-13 13:11:44 | INFO | backtest_engine | Processed 500/6090 days...
2026-03-13 13:11:44 | INFO | backtest_engine | Processed 750/6090 days...
2026-03-13 13:11:44 | INFO | backtest_engine | Processed 1000/6090 days...
2026-03-13 13:11:44 | INFO | backtest_engine | Processed 1250/6090 days...
2026-03-13 13:11:44 | INFO | backtest_engine | Processed 1500/6090 days...
2026-03-13 13:11:44 | INFO | backtest_engine | Processed 1750/6090 days...
2026-03-13 13:11:44 | INFO | backtest_engine | Processed 2000/6090 days...
2026-03-13 13:11:44 | INFO | backtest_engine | Processed 2250/6090 days...
2026-03-13 13:11:44 | INFO | backtest_engine | Processed 2500/6090 days...
2026-03-13 13:11:44 | INFO | backtest_engine | Processed 2750/6090 days...
2026-03-13 13:11:44 | INFO | backtest_engine | Processed 3000/6090 days...
2026-03-13 13:11:44 | INFO | backtest_engine | Processed 3250/6090 days...
2026-03-13 13:11:44 | INFO | backtest_engine | Processed 3500/6090 days...
2026-03-13 13:11:44 | INFO | backtest_engine | Processed 3750/6090 days...
2026-03-13 13:11:44 | INFO | backtest_engine | Processed 4000/6090 days...
2026-03-13 13:11:44 | INFO | backtest_engine | Processed 4250/6090 days...
2026-03-13 13:11:44 | INFO | backtest_engine | Processed 4500/6090 days...
2026-03-13 13:11:44 | INFO | backtest_engine | Processed 4750/6090 days...
2026-03-13 13:11:44 | INFO | backtest_engine | Processed 5000/6090 days...
2026-03-13 13:11:44 | INFO | backtest_engine | Processed 5250/6090 days...
2026-03-13 13:11:44 | INFO | backtest_engine | Processed 5500/6090 days...
2026-03-13 13:11:44 | INFO | backtest_engine | Processed 5750/6090 days...
2026-03-13 13:11:45 | INFO | backtest_engine | Processed 6000/6090 days...
2026-03-13 13:11:45 | INFO | backtest_engine | Benchmark Complete.
2026-03-13 13:11:45 | INFO | backtest_engine | Registered Strategy: VolatilityBreakoutStrategy
2026-03-13 13:11:45 | INFO | backtest_engine | Registered Strategy: RegimeAware(VolatilityBreakoutStrategy)
2026-03-13 13:11:45 | INFO | backtest_engine | Starting Benchmark on 6090 data points...
2026-03-13 13:11:45 | INFO | backtest_engine | Processed 0/6090 days...
2026-03-13 13:11:45 | INFO | backtest_engine | Processed 250/6090 days...
2026-03-13 13:11:45 | INFO | backtest_engine | Processed 500/6090 days...
2026-03-13 13:11:45 | INFO | backtest_engine | Processed 750/6090 days...
2026-03-13 13:11:45 | INFO | backtest_engine | Processed 1000/6090 days...
2026-03-13 13:11:45 | INFO | backtest_engine | Processed 1250/6090 days...
2026-03-13 13:11:45 | INFO | backtest_engine | Processed 1500/6090 days...
2026-03-13 13:11:45 | INFO | backtest_engine | Processed 1750/6090 days...
2026-03-13 13:11:45 | INFO | backtest_engine | Processed 2000/6090 days...
2026-03-13 13:11:45 | INFO | backtest_engine | Processed 2250/6090 days...
2026-03-13 13:11:45 | INFO | backtest_engine | Processed 2500/6090 days...
2026-03-13 13:11:45 | INFO | backtest_engine | Processed 2750/6090 days...
2026-03-13 13:11:45 | INFO | backtest_engine | Processed 3000/6090 days...
2026-03-13 13:11:45 | INFO | backtest_engine | Processed 3250/6090 days...
2026-03-13 13:11:45 | INFO | backtest_engine | Processed 3500/6090 days...
2026-03-13 13:11:45 | INFO | backtest_engine | Processed 3750/6090 days...
2026-03-13 13:11:45 | INFO | backtest_engine | Processed 4000/6090 days...
2026-03-13 13:11:45 | INFO | backtest_engine | Processed 4250/6090 days...
2026-03-13 13:11:45 | INFO | backtest_engine | Processed 4500/6090 days...
2026-03-13 13:11:45 | INFO | backtest_engine | Processed 4750/6090 days...
2026-03-13 13:11:45 | INFO | backtest_engine | Processed 5000/6090 days...
2026-03-13 13:11:45 | INFO | backtest_engine | Processed 5250/6090 days...
2026-03-13 13:11:45 | INFO | backtest_engine | Processed 5500/6090 days...
2026-03-13 13:11:45 | INFO | backtest_engine | Processed 5750/6090 days...
2026-03-13 13:11:45 | INFO | backtest_engine | Processed 6000/6090 days...
2026-03-13 13:11:45 | INFO | backtest_engine | Benchmark Complete.
2026-03-13 13:11:47 | INFO | backtest_engine | Registered Strategy: MeanReversionStrategy
2026-03-13 13:11:47 | INFO | backtest_engine | Starting Benchmark on 4864 data points...
2026-03-13 13:11:47 | INFO | backtest_engine | Processed 0/4864 days...
2026-03-13 13:11:47 | INFO | backtest_engine | Processed 250/4864 days...
2026-03-13 13:11:47 | INFO | backtest_engine | Processed 500/4864 days...
2026-03-13 13:11:47 | INFO | backtest_engine | Processed 750/4864 days...
2026-03-13 13:11:47 | INFO | backtest_engine | Processed 1000/4864 days...
2026-03-13 13:11:47 | INFO | backtest_engine | Processed 1250/4864 days...
2026-03-13 13:11:47 | INFO | backtest_engine | Processed 1500/4864 days...
2026-03-13 13:11:48 | INFO | backtest_engine | Processed 1750/4864 days...
2026-03-13 13:11:48 | INFO | backtest_engine | Processed 2000/4864 days...
2026-03-13 13:11:48 | INFO | backtest_engine | Processed 2250/4864 days...
2026-03-13 13:11:48 | INFO | backtest_engine | Processed 2500/4864 days...
2026-03-13 13:11:48 | INFO | backtest_engine | Processed 2750/4864 days...
2026-03-13 13:11:48 | INFO | backtest_engine | Processed 3000/4864 days...
2026-03-13 13:11:48 | INFO | backtest_engine | Processed 3250/4864 days...
2026-03-13 13:11:48 | INFO | backtest_engine | Processed 3500/4864 days...
2026-03-13 13:11:48 | INFO | backtest_engine | Processed 3750/4864 days...
2026-03-13 13:11:48 | INFO | backtest_engine | Processed 4000/4864 days...
2026-03-13 13:11:48 | INFO | backtest_engine | Processed 4250/4864 days...
2026-03-13 13:11:48 | INFO | backtest_engine | Processed 4500/4864 days...
2026-03-13 13:11:48 | INFO | backtest_engine | Processed 4750/4864 days...
2026-03-13 13:11:48 | INFO | backtest_engine | Benchmark Complete.
2026-03-13 13:11:48 | INFO | backtest_engine | Registered Strategy: MeanReversionStrategy
2026-03-13 13:11:48 | INFO | backtest_engine | Registered Strategy: RegimeAware(MeanReversionStrategy)
2026-03-13 13:11:48 | INFO | backtest_engine | Starting Benchmark on 4864 data points...
2026-03-13 13:11:48 | INFO | backtest_engine | Processed 0/4864 days...
2026-03-13 13:11:48 | INFO | backtest_engine | Processed 250/4864 days...
2026-03-13 13:11:48 | INFO | backtest_engine | Processed 500/4864 days...
2026-03-13 13:11:48 | INFO | backtest_engine | Processed 750/4864 days...
2026-03-13 13:11:48 | INFO | backtest_engine | Processed 1000/4864 days...
2026-03-13 13:11:48 | INFO | backtest_engine | Processed 1250/4864 days...
2026-03-13 13:11:48 | INFO | backtest_engine | Processed 1500/4864 days...
2026-03-13 13:11:48 | INFO | backtest_engine | Processed 1750/4864 days...
2026-03-13 13:11:48 | INFO | backtest_engine | Processed 2000/4864 days...
2026-03-13 13:11:48 | INFO | backtest_engine | Processed 2250/4864 days...
2026-03-13 13:11:48 | INFO | backtest_engine | Processed 2500/4864 days...
2026-03-13 13:11:48 | INFO | backtest_engine | Processed 2750/4864 days...
2026-03-13 13:11:48 | INFO | backtest_engine | Processed 3000/4864 days...
2026-03-13 13:11:48 | INFO | backtest_engine | Processed 3250/4864 days...
2026-03-13 13:11:48 | INFO | backtest_engine | Processed 3500/4864 days...
2026-03-13 13:11:48 | INFO | backtest_engine | Processed 3750/4864 days...
2026-03-13 13:11:48 | INFO | backtest_engine | Processed 4000/4864 days...
2026-03-13 13:11:48 | INFO | backtest_engine | Processed 4250/4864 days...
2026-03-13 13:11:48 | INFO | backtest_engine | Processed 4500/4864 days...
2026-03-13 13:11:48 | INFO | backtest_engine | Processed 4750/4864 days...
2026-03-13 13:11:48 | INFO | backtest_engine | Benchmark Complete.
2026-03-13 13:11:49 | INFO | backtest_engine | Registered Strategy: MeanReversionStrategy
2026-03-13 13:11:49 | INFO | backtest_engine | Registered Strategy: RegimeAware(MeanReversionStrategy)
2026-03-13 13:11:49 | INFO | backtest_engine | Starting Benchmark on 4864 data points...
2026-03-13 13:11:49 | INFO | backtest_engine | Processed 0/4864 days...
2026-03-13 13:11:49 | INFO | backtest_engine | Processed 250/4864 days...
2026-03-13 13:11:49 | INFO | backtest_engine | Processed 500/4864 days...
2026-03-13 13:11:49 | INFO | backtest_engine | Processed 750/4864 days...
2026-03-13 13:11:49 | INFO | backtest_engine | Processed 1000/4864 days...
2026-03-13 13:11:49 | INFO | backtest_engine | Processed 1250/4864 days...
2026-03-13 13:11:49 | INFO | backtest_engine | Processed 1500/4864 days...
2026-03-13 13:11:49 | INFO | backtest_engine | Processed 1750/4864 days...
2026-03-13 13:11:49 | INFO | backtest_engine | Processed 2000/4864 days...
2026-03-13 13:11:49 | INFO | backtest_engine | Processed 2250/4864 days...
2026-03-13 13:11:49 | INFO | backtest_engine | Processed 2500/4864 days...
2026-03-13 13:11:49 | INFO | backtest_engine | Processed 2750/4864 days...
2026-03-13 13:11:49 | INFO | backtest_engine | Processed 3000/4864 days...
2026-03-13 13:11:49 | INFO | backtest_engine | Processed 3250/4864 days...
2026-03-13 13:11:49 | INFO | backtest_engine | Processed 3500/4864 days...
2026-03-13 13:11:49 | INFO | backtest_engine | Processed 3750/4864 days...
2026-03-13 13:11:49 | INFO | backtest_engine | Processed 4000/4864 days...
2026-03-13 13:11:49 | INFO | backtest_engine | Processed 4250/4864 days...
2026-03-13 13:11:49 | INFO | backtest_engine | Processed 4500/4864 days...
2026-03-13 13:11:49 | INFO | backtest_engine | Processed 4750/4864 days...
2026-03-13 13:11:49 | INFO | backtest_engine | Benchmark Complete.
2026-03-13 13:11:49 | INFO | backtest_engine | Registered Strategy: MeanReversionStrategy
2026-03-13 13:11:49 | INFO | backtest_engine | Registered Strategy: RegimeAware(MeanReversionStrategy)
2026-03-13 13:11:49 | INFO | backtest_engine | Starting Benchmark on 4864 data points...
2026-03-13 13:11:49 | INFO | backtest_engine | Processed 0/4864 days...
2026-03-13 13:11:49 | INFO | backtest_engine | Processed 250/4864 days...
2026-03-13 13:11:49 | INFO | backtest_engine | Processed 500/4864 days...
2026-03-13 13:11:49 | INFO | backtest_engine | Processed 750/4864 days...
2026-03-13 13:11:49 | INFO | backtest_engine | Processed 1000/4864 days...
2026-03-13 13:11:49 | INFO | backtest_engine | Processed 1250/4864 days...
2026-03-13 13:11:49 | INFO | backtest_engine | Processed 1500/4864 days...
2026-03-13 13:11:49 | INFO | backtest_engine | Processed 1750/4864 days...
2026-03-13 13:11:49 | INFO | backtest_engine | Processed 2000/4864 days...
2026-03-13 13:11:49 | INFO | backtest_engine | Processed 2250/4864 days...
2026-03-13 13:11:49 | INFO | backtest_engine | Processed 2500/4864 days...
2026-03-13 13:11:49 | INFO | backtest_engine | Processed 2750/4864 days...
2026-03-13 13:11:49 | INFO | backtest_engine | Processed 3000/4864 days...
2026-03-13 13:11:49 | INFO | backtest_engine | Processed 3250/4864 days...
2026-03-13 13:11:49 | INFO | backtest_engine | Processed 3500/4864 days...
2026-03-13 13:11:50 | INFO | backtest_engine | Processed 3750/4864 days...
2026-03-13 13:11:50 | INFO | backtest_engine | Processed 4000/4864 days...
2026-03-13 13:11:50 | INFO | backtest_engine | Processed 4250/4864 days...
2026-03-13 13:11:50 | INFO | backtest_engine | Processed 4500/4864 days...
2026-03-13 13:11:50 | INFO | backtest_engine | Processed 4750/4864 days...
2026-03-13 13:11:50 | INFO | backtest_engine | Benchmark Complete.
2026-03-13 13:11:50 | INFO | backtest_engine | Registered Strategy: TrendFollowingStrategy
2026-03-13 13:11:50 | INFO | backtest_engine | Starting Benchmark on 4864 data points...
2026-03-13 13:11:50 | INFO | backtest_engine | Processed 0/4864 days...
2026-03-13 13:11:50 | INFO | backtest_engine | Processed 250/4864 days...
2026-03-13 13:11:50 | INFO | backtest_engine | Processed 500/4864 days...
2026-03-13 13:11:50 | INFO | backtest_engine | Processed 750/4864 days...
2026-03-13 13:11:50 | INFO | backtest_engine | Processed 1000/4864 days...
2026-03-13 13:11:50 | INFO | backtest_engine | Processed 1250/4864 days...
2026-03-13 13:11:50 | INFO | backtest_engine | Processed 1500/4864 days...
2026-03-13 13:11:50 | INFO | backtest_engine | Processed 1750/4864 days...
2026-03-13 13:11:50 | INFO | backtest_engine | Processed 2000/4864 days...
2026-03-13 13:11:50 | INFO | backtest_engine | Processed 2250/4864 days...
2026-03-13 13:11:50 | INFO | backtest_engine | Processed 2500/4864 days...
2026-03-13 13:11:50 | INFO | backtest_engine | Processed 2750/4864 days...
2026-03-13 13:11:50 | INFO | backtest_engine | Processed 3000/4864 days...
2026-03-13 13:11:50 | INFO | backtest_engine | Processed 3250/4864 days...
2026-03-13 13:11:50 | INFO | backtest_engine | Processed 3500/4864 days...
2026-03-13 13:11:50 | INFO | backtest_engine | Processed 3750/4864 days...
2026-03-13 13:11:50 | INFO | backtest_engine | Processed 4000/4864 days...
2026-03-13 13:11:50 | INFO | backtest_engine | Processed 4250/4864 days...
2026-03-13 13:11:50 | INFO | backtest_engine | Processed 4500/4864 days...
2026-03-13 13:11:50 | INFO | backtest_engine | Processed 4750/4864 days...
2026-03-13 13:11:50 | INFO | backtest_engine | Benchmark Complete.
2026-03-13 13:11:50 | INFO | backtest_engine | Registered Strategy: TrendFollowingStrategy
2026-03-13 13:11:50 | INFO | backtest_engine | Registered Strategy: RegimeAware(TrendFollowingStrategy)
2026-03-13 13:11:50 | INFO | backtest_engine | Starting Benchmark on 4864 data points...
2026-03-13 13:11:50 | INFO | backtest_engine | Processed 0/4864 days...
2026-03-13 13:11:50 | INFO | backtest_engine | Processed 250/4864 days...
2026-03-13 13:11:50 | INFO | backtest_engine | Processed 500/4864 days...
2026-03-13 13:11:50 | INFO | backtest_engine | Processed 750/4864 days...
2026-03-13 13:11:50 | INFO | backtest_engine | Processed 1000/4864 days...
2026-03-13 13:11:50 | INFO | backtest_engine | Processed 1250/4864 days...
2026-03-13 13:11:50 | INFO | backtest_engine | Processed 1500/4864 days...
2026-03-13 13:11:50 | INFO | backtest_engine | Processed 1750/4864 days...
2026-03-13 13:11:51 | INFO | backtest_engine | Processed 2000/4864 days...
2026-03-13 13:11:51 | INFO | backtest_engine | Processed 2250/4864 days...
2026-03-13 13:11:51 | INFO | backtest_engine | Processed 2500/4864 days...
2026-03-13 13:11:51 | INFO | backtest_engine | Processed 2750/4864 days...
2026-03-13 13:11:51 | INFO | backtest_engine | Processed 3000/4864 days...
2026-03-13 13:11:51 | INFO | backtest_engine | Processed 3250/4864 days...
2026-03-13 13:11:51 | INFO | backtest_engine | Processed 3500/4864 days...
2026-03-13 13:11:51 | INFO | backtest_engine | Processed 3750/4864 days...
2026-03-13 13:11:51 | INFO | backtest_engine | Processed 4000/4864 days...
2026-03-13 13:11:51 | INFO | backtest_engine | Processed 4250/4864 days...
2026-03-13 13:11:51 | INFO | backtest_engine | Processed 4500/4864 days...
2026-03-13 13:11:51 | INFO | backtest_engine | Processed 4750/4864 days...
2026-03-13 13:11:51 | INFO | backtest_engine | Benchmark Complete.
2026-03-13 13:11:51 | INFO | backtest_engine | Registered Strategy: TrendFollowingStrategy
2026-03-13 13:11:51 | INFO | backtest_engine | Registered Strategy: RegimeAware(TrendFollowingStrategy)
2026-03-13 13:11:51 | INFO | backtest_engine | Starting Benchmark on 4864 data points...
2026-03-13 13:11:51 | INFO | backtest_engine | Processed 0/4864 days...
2026-03-13 13:11:51 | INFO | backtest_engine | Processed 250/4864 days...
2026-03-13 13:11:51 | INFO | backtest_engine | Processed 500/4864 days...
2026-03-13 13:11:51 | INFO | backtest_engine | Processed 750/4864 days...
2026-03-13 13:11:51 | INFO | backtest_engine | Processed 1000/4864 days...
2026-03-13 13:11:51 | INFO | backtest_engine | Processed 1250/4864 days...
2026-03-13 13:11:51 | INFO | backtest_engine | Processed 1500/4864 days...
2026-03-13 13:11:51 | INFO | backtest_engine | Processed 1750/4864 days...
2026-03-13 13:11:51 | INFO | backtest_engine | Processed 2000/4864 days...
2026-03-13 13:11:51 | INFO | backtest_engine | Processed 2250/4864 days...
2026-03-13 13:11:51 | INFO | backtest_engine | Processed 2500/4864 days...
2026-03-13 13:11:51 | INFO | backtest_engine | Processed 2750/4864 days...
2026-03-13 13:11:51 | INFO | backtest_engine | Processed 3000/4864 days...
2026-03-13 13:11:51 | INFO | backtest_engine | Processed 3250/4864 days...
2026-03-13 13:11:51 | INFO | backtest_engine | Processed 3500/4864 days...
2026-03-13 13:11:51 | INFO | backtest_engine | Processed 3750/4864 days...
2026-03-13 13:11:51 | INFO | backtest_engine | Processed 4000/4864 days...
2026-03-13 13:11:51 | INFO | backtest_engine | Processed 4250/4864 days...
2026-03-13 13:11:51 | INFO | backtest_engine | Processed 4500/4864 days...
2026-03-13 13:11:51 | INFO | backtest_engine | Processed 4750/4864 days...
2026-03-13 13:11:52 | INFO | backtest_engine | Benchmark Complete.
2026-03-13 13:11:52 | INFO | backtest_engine | Registered Strategy: TrendFollowingStrategy
2026-03-13 13:11:52 | INFO | backtest_engine | Registered Strategy: RegimeAware(TrendFollowingStrategy)
2026-03-13 13:11:52 | INFO | backtest_engine | Starting Benchmark on 4864 data points...
2026-03-13 13:11:52 | INFO | backtest_engine | Processed 0/4864 days...
2026-03-13 13:11:52 | INFO | backtest_engine | Processed 250/4864 days...
2026-03-13 13:11:52 | INFO | backtest_engine | Processed 500/4864 days...
2026-03-13 13:11:52 | INFO | backtest_engine | Processed 750/4864 days...
2026-03-13 13:11:52 | INFO | backtest_engine | Processed 1000/4864 days...
2026-03-13 13:11:52 | INFO | backtest_engine | Processed 1250/4864 days...
2026-03-13 13:11:52 | INFO | backtest_engine | Processed 1500/4864 days...
2026-03-13 13:11:52 | INFO | backtest_engine | Processed 1750/4864 days...
2026-03-13 13:11:52 | INFO | backtest_engine | Processed 2000/4864 days...
2026-03-13 13:11:52 | INFO | backtest_engine | Processed 2250/4864 days...
2026-03-13 13:11:52 | INFO | backtest_engine | Processed 2500/4864 days...
2026-03-13 13:11:52 | INFO | backtest_engine | Processed 2750/4864 days...
2026-03-13 13:11:52 | INFO | backtest_engine | Processed 3000/4864 days...
2026-03-13 13:11:52 | INFO | backtest_engine | Processed 3250/4864 days...
2026-03-13 13:11:52 | INFO | backtest_engine | Processed 3500/4864 days...
2026-03-13 13:11:52 | INFO | backtest_engine | Processed 3750/4864 days...
2026-03-13 13:11:52 | INFO | backtest_engine | Processed 4000/4864 days...
2026-03-13 13:11:52 | INFO | backtest_engine | Processed 4250/4864 days...
2026-03-13 13:11:52 | INFO | backtest_engine | Processed 4500/4864 days...
2026-03-13 13:11:52 | INFO | backtest_engine | Processed 4750/4864 days...
2026-03-13 13:11:52 | INFO | backtest_engine | Benchmark Complete.
2026-03-13 13:11:52 | INFO | backtest_engine | Registered Strategy: MomentumStrategy
2026-03-13 13:11:52 | INFO | backtest_engine | Starting Benchmark on 4864 data points...
2026-03-13 13:11:52 | INFO | backtest_engine | Processed 0/4864 days...
2026-03-13 13:11:52 | INFO | backtest_engine | Processed 250/4864 days...
2026-03-13 13:11:52 | INFO | backtest_engine | Processed 500/4864 days...
2026-03-13 13:11:53 | INFO | backtest_engine | Processed 750/4864 days...
2026-03-13 13:11:53 | INFO | backtest_engine | Processed 1000/4864 days...
2026-03-13 13:11:53 | INFO | backtest_engine | Processed 1250/4864 days...
2026-03-13 13:11:53 | INFO | backtest_engine | Processed 1500/4864 days...
2026-03-13 13:11:53 | INFO | backtest_engine | Processed 1750/4864 days...
2026-03-13 13:11:53 | INFO | backtest_engine | Processed 2000/4864 days...
2026-03-13 13:11:53 | INFO | backtest_engine | Processed 2250/4864 days...
2026-03-13 13:11:53 | INFO | backtest_engine | Processed 2500/4864 days...
2026-03-13 13:11:53 | INFO | backtest_engine | Processed 2750/4864 days...
2026-03-13 13:11:53 | INFO | backtest_engine | Processed 3000/4864 days...
2026-03-13 13:11:53 | INFO | backtest_engine | Processed 3250/4864 days...
2026-03-13 13:11:53 | INFO | backtest_engine | Processed 3500/4864 days...
2026-03-13 13:11:53 | INFO | backtest_engine | Processed 3750/4864 days...
2026-03-13 13:11:53 | INFO | backtest_engine | Processed 4000/4864 days...
2026-03-13 13:11:53 | INFO | backtest_engine | Processed 4250/4864 days...
2026-03-13 13:11:53 | INFO | backtest_engine | Processed 4500/4864 days...
2026-03-13 13:11:53 | INFO | backtest_engine | Processed 4750/4864 days...
2026-03-13 13:11:53 | INFO | backtest_engine | Benchmark Complete.
2026-03-13 13:11:53 | INFO | backtest_engine | Registered Strategy: MomentumStrategy
2026-03-13 13:11:53 | INFO | backtest_engine | Registered Strategy: RegimeAware(MomentumStrategy)
2026-03-13 13:11:53 | INFO | backtest_engine | Starting Benchmark on 4864 data points...
2026-03-13 13:11:53 | INFO | backtest_engine | Processed 0/4864 days...
2026-03-13 13:11:53 | INFO | backtest_engine | Processed 250/4864 days...
2026-03-13 13:11:53 | INFO | backtest_engine | Processed 500/4864 days...
2026-03-13 13:11:53 | INFO | backtest_engine | Processed 750/4864 days...
2026-03-13 13:11:53 | INFO | backtest_engine | Processed 1000/4864 days...
2026-03-13 13:11:53 | INFO | backtest_engine | Processed 1250/4864 days...
2026-03-13 13:11:53 | INFO | backtest_engine | Processed 1500/4864 days...
2026-03-13 13:11:53 | INFO | backtest_engine | Processed 1750/4864 days...
2026-03-13 13:11:53 | INFO | backtest_engine | Processed 2000/4864 days...
2026-03-13 13:11:53 | INFO | backtest_engine | Processed 2250/4864 days...
2026-03-13 13:11:53 | INFO | backtest_engine | Processed 2500/4864 days...
2026-03-13 13:11:53 | INFO | backtest_engine | Processed 2750/4864 days...
2026-03-13 13:11:53 | INFO | backtest_engine | Processed 3000/4864 days...
2026-03-13 13:11:53 | INFO | backtest_engine | Processed 3250/4864 days...
2026-03-13 13:11:53 | INFO | backtest_engine | Processed 3500/4864 days...
2026-03-13 13:11:53 | INFO | backtest_engine | Processed 3750/4864 days...
2026-03-13 13:11:53 | INFO | backtest_engine | Processed 4000/4864 days...
2026-03-13 13:11:53 | INFO | backtest_engine | Processed 4250/4864 days...
2026-03-13 13:11:53 | INFO | backtest_engine | Processed 4500/4864 days...
2026-03-13 13:11:53 | INFO | backtest_engine | Processed 4750/4864 days...
2026-03-13 13:11:53 | INFO | backtest_engine | Benchmark Complete.
2026-03-13 13:11:54 | INFO | backtest_engine | Registered Strategy: MomentumStrategy
2026-03-13 13:11:54 | INFO | backtest_engine | Registered Strategy: RegimeAware(MomentumStrategy)
2026-03-13 13:11:54 | INFO | backtest_engine | Starting Benchmark on 4864 data points...
2026-03-13 13:11:54 | INFO | backtest_engine | Processed 0/4864 days...
2026-03-13 13:11:54 | INFO | backtest_engine | Processed 250/4864 days...
2026-03-13 13:11:54 | INFO | backtest_engine | Processed 500/4864 days...
2026-03-13 13:11:54 | INFO | backtest_engine | Processed 750/4864 days...
2026-03-13 13:11:54 | INFO | backtest_engine | Processed 1000/4864 days...
2026-03-13 13:11:54 | INFO | backtest_engine | Processed 1250/4864 days...
2026-03-13 13:11:54 | INFO | backtest_engine | Processed 1500/4864 days...
2026-03-13 13:11:54 | INFO | backtest_engine | Processed 1750/4864 days...
2026-03-13 13:11:54 | INFO | backtest_engine | Processed 2000/4864 days...
2026-03-13 13:11:54 | INFO | backtest_engine | Processed 2250/4864 days...
2026-03-13 13:11:54 | INFO | backtest_engine | Processed 2500/4864 days...
2026-03-13 13:11:54 | INFO | backtest_engine | Processed 2750/4864 days...
2026-03-13 13:11:54 | INFO | backtest_engine | Processed 3000/4864 days...
2026-03-13 13:11:54 | INFO | backtest_engine | Processed 3250/4864 days...
2026-03-13 13:11:54 | INFO | backtest_engine | Processed 3500/4864 days...
2026-03-13 13:11:54 | INFO | backtest_engine | Processed 3750/4864 days...
2026-03-13 13:11:54 | INFO | backtest_engine | Processed 4000/4864 days...
2026-03-13 13:11:54 | INFO | backtest_engine | Processed 4250/4864 days...
2026-03-13 13:11:54 | INFO | backtest_engine | Processed 4500/4864 days...
2026-03-13 13:11:54 | INFO | backtest_engine | Processed 4750/4864 days...
2026-03-13 13:11:54 | INFO | backtest_engine | Benchmark Complete.
2026-03-13 13:11:54 | INFO | backtest_engine | Registered Strategy: MomentumStrategy
2026-03-13 13:11:54 | INFO | backtest_engine | Registered Strategy: RegimeAware(MomentumStrategy)
2026-03-13 13:11:54 | INFO | backtest_engine | Starting Benchmark on 4864 data points...
2026-03-13 13:11:54 | INFO | backtest_engine | Processed 0/4864 days...
2026-03-13 13:11:54 | INFO | backtest_engine | Processed 250/4864 days...
2026-03-13 13:11:54 | INFO | backtest_engine | Processed 500/4864 days...
2026-03-13 13:11:54 | INFO | backtest_engine | Processed 750/4864 days...
2026-03-13 13:11:54 | INFO | backtest_engine | Processed 1000/4864 days...
2026-03-13 13:11:54 | INFO | backtest_engine | Processed 1250/4864 days...
2026-03-13 13:11:54 | INFO | backtest_engine | Processed 1500/4864 days...
2026-03-13 13:11:55 | INFO | backtest_engine | Processed 1750/4864 days...
2026-03-13 13:11:55 | INFO | backtest_engine | Processed 2000/4864 days...
2026-03-13 13:11:55 | INFO | backtest_engine | Processed 2250/4864 days...
2026-03-13 13:11:55 | INFO | backtest_engine | Processed 2500/4864 days...
2026-03-13 13:11:55 | INFO | backtest_engine | Processed 2750/4864 days...
2026-03-13 13:11:55 | INFO | backtest_engine | Processed 3000/4864 days...
2026-03-13 13:11:55 | INFO | backtest_engine | Processed 3250/4864 days...
2026-03-13 13:11:55 | INFO | backtest_engine | Processed 3500/4864 days...
2026-03-13 13:11:55 | INFO | backtest_engine | Processed 3750/4864 days...
2026-03-13 13:11:55 | INFO | backtest_engine | Processed 4000/4864 days...
2026-03-13 13:11:55 | INFO | backtest_engine | Processed 4250/4864 days...
2026-03-13 13:11:55 | INFO | backtest_engine | Processed 4500/4864 days...
2026-03-13 13:11:55 | INFO | backtest_engine | Processed 4750/4864 days...
2026-03-13 13:11:55 | INFO | backtest_engine | Benchmark Complete.
2026-03-13 13:11:55 | INFO | backtest_engine | Registered Strategy: BreakoutStrategy
2026-03-13 13:11:55 | INFO | backtest_engine | Starting Benchmark on 4864 data points...
2026-03-13 13:11:55 | INFO | backtest_engine | Processed 0/4864 days...
2026-03-13 13:11:55 | INFO | backtest_engine | Processed 250/4864 days...
2026-03-13 13:11:55 | INFO | backtest_engine | Processed 500/4864 days...
2026-03-13 13:11:55 | INFO | backtest_engine | Processed 750/4864 days...
2026-03-13 13:11:55 | INFO | backtest_engine | Processed 1000/4864 days...
2026-03-13 13:11:55 | INFO | backtest_engine | Processed 1250/4864 days...
2026-03-13 13:11:55 | INFO | backtest_engine | Processed 1500/4864 days...
2026-03-13 13:11:55 | INFO | backtest_engine | Processed 1750/4864 days...
2026-03-13 13:11:55 | INFO | backtest_engine | Processed 2000/4864 days...
2026-03-13 13:11:55 | INFO | backtest_engine | Processed 2250/4864 days...
2026-03-13 13:11:55 | INFO | backtest_engine | Processed 2500/4864 days...
2026-03-13 13:11:55 | INFO | backtest_engine | Processed 2750/4864 days...
2026-03-13 13:11:55 | INFO | backtest_engine | Processed 3000/4864 days...
2026-03-13 13:11:55 | INFO | backtest_engine | Processed 3250/4864 days...
2026-03-13 13:11:55 | INFO | backtest_engine | Processed 3500/4864 days...
2026-03-13 13:11:55 | INFO | backtest_engine | Processed 3750/4864 days...
2026-03-13 13:11:55 | INFO | backtest_engine | Processed 4000/4864 days...
2026-03-13 13:11:55 | INFO | backtest_engine | Processed 4250/4864 days...
2026-03-13 13:11:55 | INFO | backtest_engine | Processed 4500/4864 days...
2026-03-13 13:11:55 | INFO | backtest_engine | Processed 4750/4864 days...
2026-03-13 13:11:55 | INFO | backtest_engine | Benchmark Complete.
2026-03-13 13:11:55 | INFO | backtest_engine | Registered Strategy: BreakoutStrategy
2026-03-13 13:11:55 | INFO | backtest_engine | Registered Strategy: RegimeAware(BreakoutStrategy)
2026-03-13 13:11:55 | INFO | backtest_engine | Starting Benchmark on 4864 data points...
2026-03-13 13:11:55 | INFO | backtest_engine | Processed 0/4864 days...
2026-03-13 13:11:55 | INFO | backtest_engine | Processed 250/4864 days...
2026-03-13 13:11:56 | INFO | backtest_engine | Processed 500/4864 days...
2026-03-13 13:11:56 | INFO | backtest_engine | Processed 750/4864 days...
2026-03-13 13:11:56 | INFO | backtest_engine | Processed 1000/4864 days...
2026-03-13 13:11:56 | INFO | backtest_engine | Processed 1250/4864 days...
2026-03-13 13:11:56 | INFO | backtest_engine | Processed 1500/4864 days...
2026-03-13 13:11:56 | INFO | backtest_engine | Processed 1750/4864 days...
2026-03-13 13:11:56 | INFO | backtest_engine | Processed 2000/4864 days...
2026-03-13 13:11:56 | INFO | backtest_engine | Processed 2250/4864 days...
2026-03-13 13:11:56 | INFO | backtest_engine | Processed 2500/4864 days...
2026-03-13 13:11:56 | INFO | backtest_engine | Processed 2750/4864 days...
2026-03-13 13:11:56 | INFO | backtest_engine | Processed 3000/4864 days...
2026-03-13 13:11:56 | INFO | backtest_engine | Processed 3250/4864 days...
2026-03-13 13:11:56 | INFO | backtest_engine | Processed 3500/4864 days...
2026-03-13 13:11:56 | INFO | backtest_engine | Processed 3750/4864 days...
2026-03-13 13:11:56 | INFO | backtest_engine | Processed 4000/4864 days...
2026-03-13 13:11:56 | INFO | backtest_engine | Processed 4250/4864 days...
2026-03-13 13:11:56 | INFO | backtest_engine | Processed 4500/4864 days...
2026-03-13 13:11:56 | INFO | backtest_engine | Processed 4750/4864 days...
2026-03-13 13:11:56 | INFO | backtest_engine | Benchmark Complete.
2026-03-13 13:11:56 | INFO | backtest_engine | Registered Strategy: BreakoutStrategy
2026-03-13 13:11:56 | INFO | backtest_engine | Registered Strategy: RegimeAware(BreakoutStrategy)
2026-03-13 13:11:56 | INFO | backtest_engine | Starting Benchmark on 4864 data points...
2026-03-13 13:11:56 | INFO | backtest_engine | Processed 0/4864 days...
2026-03-13 13:11:56 | INFO | backtest_engine | Processed 250/4864 days...
2026-03-13 13:11:56 | INFO | backtest_engine | Processed 500/4864 days...
2026-03-13 13:11:56 | INFO | backtest_engine | Processed 750/4864 days...
2026-03-13 13:11:56 | INFO | backtest_engine | Processed 1000/4864 days...
2026-03-13 13:11:56 | INFO | backtest_engine | Processed 1250/4864 days...
2026-03-13 13:11:56 | INFO | backtest_engine | Processed 1500/4864 days...
2026-03-13 13:11:56 | INFO | backtest_engine | Processed 1750/4864 days...
2026-03-13 13:11:56 | INFO | backtest_engine | Processed 2000/4864 days...
2026-03-13 13:11:56 | INFO | backtest_engine | Processed 2250/4864 days...
2026-03-13 13:11:56 | INFO | backtest_engine | Processed 2500/4864 days...
2026-03-13 13:11:56 | INFO | backtest_engine | Processed 2750/4864 days...
2026-03-13 13:11:56 | INFO | backtest_engine | Processed 3000/4864 days...
2026-03-13 13:11:56 | INFO | backtest_engine | Processed 3250/4864 days...
2026-03-13 13:11:57 | INFO | backtest_engine | Processed 3500/4864 days...
2026-03-13 13:11:57 | INFO | backtest_engine | Processed 3750/4864 days...
2026-03-13 13:11:57 | INFO | backtest_engine | Processed 4000/4864 days...
2026-03-13 13:11:57 | INFO | backtest_engine | Processed 4250/4864 days...
2026-03-13 13:11:57 | INFO | backtest_engine | Processed 4500/4864 days...
2026-03-13 13:11:57 | INFO | backtest_engine | Processed 4750/4864 days...
2026-03-13 13:11:57 | INFO | backtest_engine | Benchmark Complete.
2026-03-13 13:11:57 | INFO | backtest_engine | Registered Strategy: BreakoutStrategy
2026-03-13 13:11:57 | INFO | backtest_engine | Registered Strategy: RegimeAware(BreakoutStrategy)
2026-03-13 13:11:57 | INFO | backtest_engine | Starting Benchmark on 4864 data points...
2026-03-13 13:11:57 | INFO | backtest_engine | Processed 0/4864 days...
2026-03-13 13:11:57 | INFO | backtest_engine | Processed 250/4864 days...
2026-03-13 13:11:57 | INFO | backtest_engine | Processed 500/4864 days...
2026-03-13 13:11:57 | INFO | backtest_engine | Processed 750/4864 days...
2026-03-13 13:11:57 | INFO | backtest_engine | Processed 1000/4864 days...
2026-03-13 13:11:57 | INFO | backtest_engine | Processed 1250/4864 days...
2026-03-13 13:11:57 | INFO | backtest_engine | Processed 1500/4864 days...
2026-03-13 13:11:57 | INFO | backtest_engine | Processed 1750/4864 days...
2026-03-13 13:11:57 | INFO | backtest_engine | Processed 2000/4864 days...
2026-03-13 13:11:57 | INFO | backtest_engine | Processed 2250/4864 days...
2026-03-13 13:11:57 | INFO | backtest_engine | Processed 2500/4864 days...
2026-03-13 13:11:57 | INFO | backtest_engine | Processed 2750/4864 days...
2026-03-13 13:11:57 | INFO | backtest_engine | Processed 3000/4864 days...
2026-03-13 13:11:57 | INFO | backtest_engine | Processed 3250/4864 days...
2026-03-13 13:11:57 | INFO | backtest_engine | Processed 3500/4864 days...
2026-03-13 13:11:57 | INFO | backtest_engine | Processed 3750/4864 days...
2026-03-13 13:11:57 | INFO | backtest_engine | Processed 4000/4864 days...
2026-03-13 13:11:57 | INFO | backtest_engine | Processed 4250/4864 days...
2026-03-13 13:11:57 | INFO | backtest_engine | Processed 4500/4864 days...
2026-03-13 13:11:57 | INFO | backtest_engine | Processed 4750/4864 days...
2026-03-13 13:11:57 | INFO | backtest_engine | Benchmark Complete.
2026-03-13 13:11:58 | INFO | backtest_engine | Registered Strategy: MovingAverageCrossStrategy
2026-03-13 13:11:58 | INFO | backtest_engine | Starting Benchmark on 4864 data points...
2026-03-13 13:11:58 | INFO | backtest_engine | Processed 0/4864 days...
2026-03-13 13:11:58 | INFO | backtest_engine | Processed 250/4864 days...
2026-03-13 13:11:58 | INFO | backtest_engine | Processed 500/4864 days...
2026-03-13 13:11:58 | INFO | backtest_engine | Processed 750/4864 days...
2026-03-13 13:11:58 | INFO | backtest_engine | Processed 1000/4864 days...
2026-03-13 13:11:58 | INFO | backtest_engine | Processed 1250/4864 days...
2026-03-13 13:11:58 | INFO | backtest_engine | Processed 1500/4864 days...
2026-03-13 13:11:58 | INFO | backtest_engine | Processed 1750/4864 days...
2026-03-13 13:11:58 | INFO | backtest_engine | Processed 2000/4864 days...
2026-03-13 13:11:58 | INFO | backtest_engine | Processed 2250/4864 days...
2026-03-13 13:11:58 | INFO | backtest_engine | Processed 2500/4864 days...
2026-03-13 13:11:58 | INFO | backtest_engine | Processed 2750/4864 days...
2026-03-13 13:11:58 | INFO | backtest_engine | Processed 3000/4864 days...
2026-03-13 13:11:58 | INFO | backtest_engine | Processed 3250/4864 days...
2026-03-13 13:11:58 | INFO | backtest_engine | Processed 3500/4864 days...
2026-03-13 13:11:58 | INFO | backtest_engine | Processed 3750/4864 days...
2026-03-13 13:11:58 | INFO | backtest_engine | Processed 4000/4864 days...
2026-03-13 13:11:58 | INFO | backtest_engine | Processed 4250/4864 days...
2026-03-13 13:11:58 | INFO | backtest_engine | Processed 4500/4864 days...
2026-03-13 13:11:58 | INFO | backtest_engine | Processed 4750/4864 days...
2026-03-13 13:11:58 | INFO | backtest_engine | Benchmark Complete.
2026-03-13 13:11:58 | INFO | backtest_engine | Registered Strategy: MovingAverageCrossStrategy
2026-03-13 13:11:58 | INFO | backtest_engine | Registered Strategy: RegimeAware(MovingAverageCrossStrategy)
2026-03-13 13:11:58 | INFO | backtest_engine | Starting Benchmark on 4864 data points...
2026-03-13 13:11:58 | INFO | backtest_engine | Processed 0/4864 days...
2026-03-13 13:11:58 | INFO | backtest_engine | Processed 250/4864 days...
2026-03-13 13:11:58 | INFO | backtest_engine | Processed 500/4864 days...
2026-03-13 13:11:58 | INFO | backtest_engine | Processed 750/4864 days...
2026-03-13 13:11:58 | INFO | backtest_engine | Processed 1000/4864 days...
2026-03-13 13:11:58 | INFO | backtest_engine | Processed 1250/4864 days...
2026-03-13 13:11:58 | INFO | backtest_engine | Processed 1500/4864 days...
2026-03-13 13:11:58 | INFO | backtest_engine | Processed 1750/4864 days...
2026-03-13 13:11:58 | INFO | backtest_engine | Processed 2000/4864 days...
2026-03-13 13:11:58 | INFO | backtest_engine | Processed 2250/4864 days...
2026-03-13 13:11:58 | INFO | backtest_engine | Processed 2500/4864 days...
2026-03-13 13:11:58 | INFO | backtest_engine | Processed 2750/4864 days...
2026-03-13 13:11:58 | INFO | backtest_engine | Processed 3000/4864 days...
2026-03-13 13:11:58 | INFO | backtest_engine | Processed 3250/4864 days...
2026-03-13 13:11:58 | INFO | backtest_engine | Processed 3500/4864 days...
2026-03-13 13:11:58 | INFO | backtest_engine | Processed 3750/4864 days...
2026-03-13 13:11:58 | INFO | backtest_engine | Processed 4000/4864 days...
2026-03-13 13:11:58 | INFO | backtest_engine | Processed 4250/4864 days...
2026-03-13 13:11:58 | INFO | backtest_engine | Processed 4500/4864 days...
2026-03-13 13:11:58 | INFO | backtest_engine | Processed 4750/4864 days...
2026-03-13 13:11:59 | INFO | backtest_engine | Benchmark Complete.
2026-03-13 13:11:59 | INFO | backtest_engine | Registered Strategy: MovingAverageCrossStrategy
2026-03-13 13:11:59 | INFO | backtest_engine | Registered Strategy: RegimeAware(MovingAverageCrossStrategy)
2026-03-13 13:11:59 | INFO | backtest_engine | Starting Benchmark on 4864 data points...
2026-03-13 13:11:59 | INFO | backtest_engine | Processed 0/4864 days...
2026-03-13 13:11:59 | INFO | backtest_engine | Processed 250/4864 days...
2026-03-13 13:11:59 | INFO | backtest_engine | Processed 500/4864 days...
2026-03-13 13:11:59 | INFO | backtest_engine | Processed 750/4864 days...
2026-03-13 13:11:59 | INFO | backtest_engine | Processed 1000/4864 days...
2026-03-13 13:11:59 | INFO | backtest_engine | Processed 1250/4864 days...
2026-03-13 13:11:59 | INFO | backtest_engine | Processed 1500/4864 days...
2026-03-13 13:11:59 | INFO | backtest_engine | Processed 1750/4864 days...
2026-03-13 13:11:59 | INFO | backtest_engine | Processed 2000/4864 days...
2026-03-13 13:11:59 | INFO | backtest_engine | Processed 2250/4864 days...
2026-03-13 13:11:59 | INFO | backtest_engine | Processed 2500/4864 days...
2026-03-13 13:11:59 | INFO | backtest_engine | Processed 2750/4864 days...
2026-03-13 13:11:59 | INFO | backtest_engine | Processed 3000/4864 days...
2026-03-13 13:11:59 | INFO | backtest_engine | Processed 3250/4864 days...
2026-03-13 13:11:59 | INFO | backtest_engine | Processed 3500/4864 days...
2026-03-13 13:11:59 | INFO | backtest_engine | Processed 3750/4864 days...
2026-03-13 13:11:59 | INFO | backtest_engine | Processed 4000/4864 days...
2026-03-13 13:11:59 | INFO | backtest_engine | Processed 4250/4864 days...
2026-03-13 13:11:59 | INFO | backtest_engine | Processed 4500/4864 days...
2026-03-13 13:11:59 | INFO | backtest_engine | Processed 4750/4864 days...
2026-03-13 13:11:59 | INFO | backtest_engine | Benchmark Complete.
2026-03-13 13:11:59 | INFO | backtest_engine | Registered Strategy: MovingAverageCrossStrategy
2026-03-13 13:11:59 | INFO | backtest_engine | Registered Strategy: RegimeAware(MovingAverageCrossStrategy)
2026-03-13 13:11:59 | INFO | backtest_engine | Starting Benchmark on 4864 data points...
2026-03-13 13:11:59 | INFO | backtest_engine | Processed 0/4864 days...
2026-03-13 13:11:59 | INFO | backtest_engine | Processed 250/4864 days...
2026-03-13 13:11:59 | INFO | backtest_engine | Processed 500/4864 days...
2026-03-13 13:12:00 | INFO | backtest_engine | Processed 750/4864 days...
2026-03-13 13:12:00 | INFO | backtest_engine | Processed 1000/4864 days...
2026-03-13 13:12:00 | INFO | backtest_engine | Processed 1250/4864 days...
2026-03-13 13:12:00 | INFO | backtest_engine | Processed 1500/4864 days...
2026-03-13 13:12:00 | INFO | backtest_engine | Processed 1750/4864 days...
2026-03-13 13:12:00 | INFO | backtest_engine | Processed 2000/4864 days...
2026-03-13 13:12:00 | INFO | backtest_engine | Processed 2250/4864 days...
2026-03-13 13:12:00 | INFO | backtest_engine | Processed 2500/4864 days...
2026-03-13 13:12:00 | INFO | backtest_engine | Processed 2750/4864 days...
2026-03-13 13:12:00 | INFO | backtest_engine | Processed 3000/4864 days...
2026-03-13 13:12:00 | INFO | backtest_engine | Processed 3250/4864 days...
2026-03-13 13:12:00 | INFO | backtest_engine | Processed 3500/4864 days...
2026-03-13 13:12:00 | INFO | backtest_engine | Processed 3750/4864 days...
2026-03-13 13:12:00 | INFO | backtest_engine | Processed 4000/4864 days...
2026-03-13 13:12:00 | INFO | backtest_engine | Processed 4250/4864 days...
2026-03-13 13:12:00 | INFO | backtest_engine | Processed 4500/4864 days...
2026-03-13 13:12:00 | INFO | backtest_engine | Processed 4750/4864 days...
2026-03-13 13:12:00 | INFO | backtest_engine | Benchmark Complete.
2026-03-13 13:12:00 | INFO | backtest_engine | Registered Strategy: VolatilityBreakoutStrategy
2026-03-13 13:12:00 | INFO | backtest_engine | Starting Benchmark on 4864 data points...
2026-03-13 13:12:00 | INFO | backtest_engine | Processed 0/4864 days...
2026-03-13 13:12:00 | INFO | backtest_engine | Processed 250/4864 days...
2026-03-13 13:12:00 | INFO | backtest_engine | Processed 500/4864 days...
2026-03-13 13:12:00 | INFO | backtest_engine | Processed 750/4864 days...
2026-03-13 13:12:00 | INFO | backtest_engine | Processed 1000/4864 days...
2026-03-13 13:12:00 | INFO | backtest_engine | Processed 1250/4864 days...
2026-03-13 13:12:00 | INFO | backtest_engine | Processed 1500/4864 days...
2026-03-13 13:12:00 | INFO | backtest_engine | Processed 1750/4864 days...
2026-03-13 13:12:00 | INFO | backtest_engine | Processed 2000/4864 days...
2026-03-13 13:12:00 | INFO | backtest_engine | Processed 2250/4864 days...
2026-03-13 13:12:00 | INFO | backtest_engine | Processed 2500/4864 days...
2026-03-13 13:12:00 | INFO | backtest_engine | Processed 2750/4864 days...
2026-03-13 13:12:00 | INFO | backtest_engine | Processed 3000/4864 days...
2026-03-13 13:12:00 | INFO | backtest_engine | Processed 3250/4864 days...
2026-03-13 13:12:00 | INFO | backtest_engine | Processed 3500/4864 days...
2026-03-13 13:12:00 | INFO | backtest_engine | Processed 3750/4864 days...
2026-03-13 13:12:00 | INFO | backtest_engine | Processed 4000/4864 days...
2026-03-13 13:12:00 | INFO | backtest_engine | Processed 4250/4864 days...
2026-03-13 13:12:00 | INFO | backtest_engine | Processed 4500/4864 days...
2026-03-13 13:12:00 | INFO | backtest_engine | Processed 4750/4864 days...
2026-03-13 13:12:00 | INFO | backtest_engine | Benchmark Complete.
2026-03-13 13:12:00 | INFO | backtest_engine | Registered Strategy: VolatilityBreakoutStrategy
2026-03-13 13:12:00 | INFO | backtest_engine | Registered Strategy: RegimeAware(VolatilityBreakoutStrategy)
2026-03-13 13:12:00 | INFO | backtest_engine | Starting Benchmark on 4864 data points...
2026-03-13 13:12:01 | INFO | backtest_engine | Processed 0/4864 days...
2026-03-13 13:12:01 | INFO | backtest_engine | Processed 250/4864 days...
2026-03-13 13:12:01 | INFO | backtest_engine | Processed 500/4864 days...
2026-03-13 13:12:01 | INFO | backtest_engine | Processed 750/4864 days...
2026-03-13 13:12:01 | INFO | backtest_engine | Processed 1000/4864 days...
2026-03-13 13:12:01 | INFO | backtest_engine | Processed 1250/4864 days...
2026-03-13 13:12:01 | INFO | backtest_engine | Processed 1500/4864 days...
2026-03-13 13:12:01 | INFO | backtest_engine | Processed 1750/4864 days...
2026-03-13 13:12:01 | INFO | backtest_engine | Processed 2000/4864 days...
2026-03-13 13:12:01 | INFO | backtest_engine | Processed 2250/4864 days...
2026-03-13 13:12:01 | INFO | backtest_engine | Processed 2500/4864 days...
2026-03-13 13:12:01 | INFO | backtest_engine | Processed 2750/4864 days...
2026-03-13 13:12:01 | INFO | backtest_engine | Processed 3000/4864 days...
2026-03-13 13:12:01 | INFO | backtest_engine | Processed 3250/4864 days...
2026-03-13 13:12:01 | INFO | backtest_engine | Processed 3500/4864 days...
2026-03-13 13:12:01 | INFO | backtest_engine | Processed 3750/4864 days...
2026-03-13 13:12:01 | INFO | backtest_engine | Processed 4000/4864 days...
2026-03-13 13:12:01 | INFO | backtest_engine | Processed 4250/4864 days...
2026-03-13 13:12:01 | INFO | backtest_engine | Processed 4500/4864 days...
2026-03-13 13:12:01 | INFO | backtest_engine | Processed 4750/4864 days...
2026-03-13 13:12:01 | INFO | backtest_engine | Benchmark Complete.
2026-03-13 13:12:01 | INFO | backtest_engine | Registered Strategy: VolatilityBreakoutStrategy
2026-03-13 13:12:01 | INFO | backtest_engine | Registered Strategy: RegimeAware(VolatilityBreakoutStrategy)
2026-03-13 13:12:01 | INFO | backtest_engine | Starting Benchmark on 4864 data points...
2026-03-13 13:12:01 | INFO | backtest_engine | Processed 0/4864 days...
2026-03-13 13:12:01 | INFO | backtest_engine | Processed 250/4864 days...
2026-03-13 13:12:01 | INFO | backtest_engine | Processed 500/4864 days...
2026-03-13 13:12:01 | INFO | backtest_engine | Processed 750/4864 days...
2026-03-13 13:12:01 | INFO | backtest_engine | Processed 1000/4864 days...
2026-03-13 13:12:01 | INFO | backtest_engine | Processed 1250/4864 days...
2026-03-13 13:12:01 | INFO | backtest_engine | Processed 1500/4864 days...
2026-03-13 13:12:01 | INFO | backtest_engine | Processed 1750/4864 days...
2026-03-13 13:12:02 | INFO | backtest_engine | Processed 2000/4864 days...
2026-03-13 13:12:02 | INFO | backtest_engine | Processed 2250/4864 days...
2026-03-13 13:12:02 | INFO | backtest_engine | Processed 2500/4864 days...
2026-03-13 13:12:02 | INFO | backtest_engine | Processed 2750/4864 days...
2026-03-13 13:12:02 | INFO | backtest_engine | Processed 3000/4864 days...
2026-03-13 13:12:02 | INFO | backtest_engine | Processed 3250/4864 days...
2026-03-13 13:12:02 | INFO | backtest_engine | Processed 3500/4864 days...
2026-03-13 13:12:02 | INFO | backtest_engine | Processed 3750/4864 days...
2026-03-13 13:12:02 | INFO | backtest_engine | Processed 4000/4864 days...
2026-03-13 13:12:02 | INFO | backtest_engine | Processed 4250/4864 days...
2026-03-13 13:12:02 | INFO | backtest_engine | Processed 4500/4864 days...
2026-03-13 13:12:02 | INFO | backtest_engine | Processed 4750/4864 days...
2026-03-13 13:12:02 | INFO | backtest_engine | Benchmark Complete.
2026-03-13 13:12:02 | INFO | backtest_engine | Registered Strategy: VolatilityBreakoutStrategy
2026-03-13 13:12:02 | INFO | backtest_engine | Registered Strategy: RegimeAware(VolatilityBreakoutStrategy)
2026-03-13 13:12:02 | INFO | backtest_engine | Starting Benchmark on 4864 data points...
2026-03-13 13:12:02 | INFO | backtest_engine | Processed 0/4864 days...
2026-03-13 13:12:02 | INFO | backtest_engine | Processed 250/4864 days...
2026-03-13 13:12:02 | INFO | backtest_engine | Processed 500/4864 days...
2026-03-13 13:12:02 | INFO | backtest_engine | Processed 750/4864 days...
2026-03-13 13:12:02 | INFO | backtest_engine | Processed 1000/4864 days...
2026-03-13 13:12:02 | INFO | backtest_engine | Processed 1250/4864 days...
2026-03-13 13:12:02 | INFO | backtest_engine | Processed 1500/4864 days...
2026-03-13 13:12:02 | INFO | backtest_engine | Processed 1750/4864 days...
2026-03-13 13:12:02 | INFO | backtest_engine | Processed 2000/4864 days...
2026-03-13 13:12:02 | INFO | backtest_engine | Processed 2250/4864 days...
2026-03-13 13:12:02 | INFO | backtest_engine | Processed 2500/4864 days...
2026-03-13 13:12:02 | INFO | backtest_engine | Processed 2750/4864 days...
2026-03-13 13:12:02 | INFO | backtest_engine | Processed 3000/4864 days...
2026-03-13 13:12:02 | INFO | backtest_engine | Processed 3250/4864 days...
2026-03-13 13:12:02 | INFO | backtest_engine | Processed 3500/4864 days...
2026-03-13 13:12:02 | INFO | backtest_engine | Processed 3750/4864 days...
2026-03-13 13:12:02 | INFO | backtest_engine | Processed 4000/4864 days...
2026-03-13 13:12:02 | INFO | backtest_engine | Processed 4250/4864 days...
2026-03-13 13:12:02 | INFO | backtest_engine | Processed 4500/4864 days...
2026-03-13 13:12:02 | INFO | backtest_engine | Processed 4750/4864 days...
2026-03-13 13:12:03 | INFO | backtest_engine | Benchmark Complete.
2026-03-13 13:12:03 | INFO | backtest_engine | Registered Strategy: MeanReversionStrategy
2026-03-13 13:12:03 | INFO | backtest_engine | Starting Benchmark on 3560 data points...
2026-03-13 13:12:03 | INFO | backtest_engine | Processed 0/3560 days...
2026-03-13 13:12:03 | INFO | backtest_engine | Processed 250/3560 days...
2026-03-13 13:12:03 | INFO | backtest_engine | Processed 500/3560 days...
2026-03-13 13:12:03 | INFO | backtest_engine | Processed 750/3560 days...
2026-03-13 13:12:04 | INFO | backtest_engine | Processed 1000/3560 days...
2026-03-13 13:12:04 | INFO | backtest_engine | Processed 1250/3560 days...
2026-03-13 13:12:04 | INFO | backtest_engine | Processed 1500/3560 days...
2026-03-13 13:12:04 | INFO | backtest_engine | Processed 1750/3560 days...
2026-03-13 13:12:04 | INFO | backtest_engine | Processed 2000/3560 days...
2026-03-13 13:12:04 | INFO | backtest_engine | Processed 2250/3560 days...
2026-03-13 13:12:04 | INFO | backtest_engine | Processed 2500/3560 days...
2026-03-13 13:12:04 | INFO | backtest_engine | Processed 2750/3560 days...
2026-03-13 13:12:04 | INFO | backtest_engine | Processed 3000/3560 days...
2026-03-13 13:12:04 | INFO | backtest_engine | Processed 3250/3560 days...
2026-03-13 13:12:04 | INFO | backtest_engine | Processed 3500/3560 days...
2026-03-13 13:12:04 | INFO | backtest_engine | Benchmark Complete.
2026-03-13 13:12:04 | INFO | backtest_engine | Registered Strategy: MeanReversionStrategy
2026-03-13 13:12:04 | INFO | backtest_engine | Registered Strategy: RegimeAware(MeanReversionStrategy)
2026-03-13 13:12:04 | INFO | backtest_engine | Starting Benchmark on 3560 data points...
2026-03-13 13:12:04 | INFO | backtest_engine | Processed 0/3560 days...
2026-03-13 13:12:04 | INFO | backtest_engine | Processed 250/3560 days...
2026-03-13 13:12:04 | INFO | backtest_engine | Processed 500/3560 days...
2026-03-13 13:12:04 | INFO | backtest_engine | Processed 750/3560 days...
2026-03-13 13:12:04 | INFO | backtest_engine | Processed 1000/3560 days...
2026-03-13 13:12:04 | INFO | backtest_engine | Processed 1250/3560 days...
2026-03-13 13:12:04 | INFO | backtest_engine | Processed 1500/3560 days...
2026-03-13 13:12:04 | INFO | backtest_engine | Processed 1750/3560 days...
2026-03-13 13:12:04 | INFO | backtest_engine | Processed 2000/3560 days...
2026-03-13 13:12:04 | INFO | backtest_engine | Processed 2250/3560 days...
2026-03-13 13:12:04 | INFO | backtest_engine | Processed 2500/3560 days...
2026-03-13 13:12:04 | INFO | backtest_engine | Processed 2750/3560 days...
2026-03-13 13:12:04 | INFO | backtest_engine | Processed 3000/3560 days...
2026-03-13 13:12:04 | INFO | backtest_engine | Processed 3250/3560 days...
2026-03-13 13:12:04 | INFO | backtest_engine | Processed 3500/3560 days...
2026-03-13 13:12:04 | INFO | backtest_engine | Benchmark Complete.
2026-03-13 13:12:04 | INFO | backtest_engine | Registered Strategy: MeanReversionStrategy
2026-03-13 13:12:04 | INFO | backtest_engine | Registered Strategy: RegimeAware(MeanReversionStrategy)
2026-03-13 13:12:04 | INFO | backtest_engine | Starting Benchmark on 3560 data points...
2026-03-13 13:12:04 | INFO | backtest_engine | Processed 0/3560 days...
2026-03-13 13:12:04 | INFO | backtest_engine | Processed 250/3560 days...
2026-03-13 13:12:04 | INFO | backtest_engine | Processed 500/3560 days...
2026-03-13 13:12:04 | INFO | backtest_engine | Processed 750/3560 days...
2026-03-13 13:12:04 | INFO | backtest_engine | Processed 1000/3560 days...
2026-03-13 13:12:05 | INFO | backtest_engine | Processed 1250/3560 days...
2026-03-13 13:12:05 | INFO | backtest_engine | Processed 1500/3560 days...
2026-03-13 13:12:05 | INFO | backtest_engine | Processed 1750/3560 days...
2026-03-13 13:12:05 | INFO | backtest_engine | Processed 2000/3560 days...
2026-03-13 13:12:05 | INFO | backtest_engine | Processed 2250/3560 days...
2026-03-13 13:12:05 | INFO | backtest_engine | Processed 2500/3560 days...
2026-03-13 13:12:05 | INFO | backtest_engine | Processed 2750/3560 days...
2026-03-13 13:12:05 | INFO | backtest_engine | Processed 3000/3560 days...
2026-03-13 13:12:05 | INFO | backtest_engine | Processed 3250/3560 days...
2026-03-13 13:12:05 | INFO | backtest_engine | Processed 3500/3560 days...
2026-03-13 13:12:05 | INFO | backtest_engine | Benchmark Complete.
2026-03-13 13:12:05 | INFO | backtest_engine | Registered Strategy: MeanReversionStrategy
2026-03-13 13:12:05 | INFO | backtest_engine | Registered Strategy: RegimeAware(MeanReversionStrategy)
2026-03-13 13:12:05 | INFO | backtest_engine | Starting Benchmark on 3560 data points...
2026-03-13 13:12:05 | INFO | backtest_engine | Processed 0/3560 days...
2026-03-13 13:12:05 | INFO | backtest_engine | Processed 250/3560 days...
2026-03-13 13:12:05 | INFO | backtest_engine | Processed 500/3560 days...
2026-03-13 13:12:05 | INFO | backtest_engine | Processed 750/3560 days...
2026-03-13 13:12:05 | INFO | backtest_engine | Processed 1000/3560 days...
2026-03-13 13:12:05 | INFO | backtest_engine | Processed 1250/3560 days...
2026-03-13 13:12:05 | INFO | backtest_engine | Processed 1500/3560 days...
2026-03-13 13:12:05 | INFO | backtest_engine | Processed 1750/3560 days...
2026-03-13 13:12:05 | INFO | backtest_engine | Processed 2000/3560 days...
2026-03-13 13:12:05 | INFO | backtest_engine | Processed 2250/3560 days...
2026-03-13 13:12:05 | INFO | backtest_engine | Processed 2500/3560 days...
2026-03-13 13:12:05 | INFO | backtest_engine | Processed 2750/3560 days...
2026-03-13 13:12:05 | INFO | backtest_engine | Processed 3000/3560 days...
2026-03-13 13:12:05 | INFO | backtest_engine | Processed 3250/3560 days...
2026-03-13 13:12:05 | INFO | backtest_engine | Processed 3500/3560 days...
2026-03-13 13:12:05 | INFO | backtest_engine | Benchmark Complete.
2026-03-13 13:12:05 | INFO | backtest_engine | Registered Strategy: TrendFollowingStrategy
2026-03-13 13:12:05 | INFO | backtest_engine | Starting Benchmark on 3560 data points...
2026-03-13 13:12:05 | INFO | backtest_engine | Processed 0/3560 days...
2026-03-13 13:12:06 | INFO | backtest_engine | Processed 250/3560 days...
2026-03-13 13:12:06 | INFO | backtest_engine | Processed 500/3560 days...
2026-03-13 13:12:06 | INFO | backtest_engine | Processed 750/3560 days...
2026-03-13 13:12:06 | INFO | backtest_engine | Processed 1000/3560 days...
2026-03-13 13:12:06 | INFO | backtest_engine | Processed 1250/3560 days...
2026-03-13 13:12:06 | INFO | backtest_engine | Processed 1500/3560 days...
2026-03-13 13:12:06 | INFO | backtest_engine | Processed 1750/3560 days...
2026-03-13 13:12:06 | INFO | backtest_engine | Processed 2000/3560 days...
2026-03-13 13:12:06 | INFO | backtest_engine | Processed 2250/3560 days...
2026-03-13 13:12:06 | INFO | backtest_engine | Processed 2500/3560 days...
2026-03-13 13:12:06 | INFO | backtest_engine | Processed 2750/3560 days...
2026-03-13 13:12:06 | INFO | backtest_engine | Processed 3000/3560 days...
2026-03-13 13:12:06 | INFO | backtest_engine | Processed 3250/3560 days...
2026-03-13 13:12:06 | INFO | backtest_engine | Processed 3500/3560 days...
2026-03-13 13:12:06 | INFO | backtest_engine | Benchmark Complete.
2026-03-13 13:12:06 | INFO | backtest_engine | Registered Strategy: TrendFollowingStrategy
2026-03-13 13:12:06 | INFO | backtest_engine | Registered Strategy: RegimeAware(TrendFollowingStrategy)
2026-03-13 13:12:06 | INFO | backtest_engine | Starting Benchmark on 3560 data points...
2026-03-13 13:12:06 | INFO | backtest_engine | Processed 0/3560 days...
2026-03-13 13:12:06 | INFO | backtest_engine | Processed 250/3560 days...
2026-03-13 13:12:06 | INFO | backtest_engine | Processed 500/3560 days...
2026-03-13 13:12:06 | INFO | backtest_engine | Processed 750/3560 days...
2026-03-13 13:12:06 | INFO | backtest_engine | Processed 1000/3560 days...
2026-03-13 13:12:06 | INFO | backtest_engine | Processed 1250/3560 days...
2026-03-13 13:12:06 | INFO | backtest_engine | Processed 1500/3560 days...
2026-03-13 13:12:06 | INFO | backtest_engine | Processed 1750/3560 days...
2026-03-13 13:12:06 | INFO | backtest_engine | Processed 2000/3560 days...
2026-03-13 13:12:06 | INFO | backtest_engine | Processed 2250/3560 days...
2026-03-13 13:12:06 | INFO | backtest_engine | Processed 2500/3560 days...
2026-03-13 13:12:06 | INFO | backtest_engine | Processed 2750/3560 days...
2026-03-13 13:12:06 | INFO | backtest_engine | Processed 3000/3560 days...
2026-03-13 13:12:06 | INFO | backtest_engine | Processed 3250/3560 days...
2026-03-13 13:12:06 | INFO | backtest_engine | Processed 3500/3560 days...
2026-03-13 13:12:06 | INFO | backtest_engine | Benchmark Complete.
2026-03-13 13:12:06 | INFO | backtest_engine | Registered Strategy: TrendFollowingStrategy
2026-03-13 13:12:06 | INFO | backtest_engine | Registered Strategy: RegimeAware(TrendFollowingStrategy)
2026-03-13 13:12:06 | INFO | backtest_engine | Starting Benchmark on 3560 data points...
2026-03-13 13:12:06 | INFO | backtest_engine | Processed 0/3560 days...
2026-03-13 13:12:06 | INFO | backtest_engine | Processed 250/3560 days...
2026-03-13 13:12:06 | INFO | backtest_engine | Processed 500/3560 days...
2026-03-13 13:12:06 | INFO | backtest_engine | Processed 750/3560 days...
2026-03-13 13:12:06 | INFO | backtest_engine | Processed 1000/3560 days...
2026-03-13 13:12:07 | INFO | backtest_engine | Processed 1250/3560 days...
2026-03-13 13:12:07 | INFO | backtest_engine | Processed 1500/3560 days...
2026-03-13 13:12:07 | INFO | backtest_engine | Processed 1750/3560 days...
2026-03-13 13:12:07 | INFO | backtest_engine | Processed 2000/3560 days...
2026-03-13 13:12:07 | INFO | backtest_engine | Processed 2250/3560 days...
2026-03-13 13:12:07 | INFO | backtest_engine | Processed 2500/3560 days...
2026-03-13 13:12:07 | INFO | backtest_engine | Processed 2750/3560 days...
2026-03-13 13:12:07 | INFO | backtest_engine | Processed 3000/3560 days...
2026-03-13 13:12:07 | INFO | backtest_engine | Processed 3250/3560 days...
2026-03-13 13:12:07 | INFO | backtest_engine | Processed 3500/3560 days...
2026-03-13 13:12:07 | INFO | backtest_engine | Benchmark Complete.
2026-03-13 13:12:07 | INFO | backtest_engine | Registered Strategy: TrendFollowingStrategy
2026-03-13 13:12:07 | INFO | backtest_engine | Registered Strategy: RegimeAware(TrendFollowingStrategy)
2026-03-13 13:12:07 | INFO | backtest_engine | Starting Benchmark on 3560 data points...
2026-03-13 13:12:07 | INFO | backtest_engine | Processed 0/3560 days...
2026-03-13 13:12:07 | INFO | backtest_engine | Processed 250/3560 days...
2026-03-13 13:12:07 | INFO | backtest_engine | Processed 500/3560 days...
2026-03-13 13:12:07 | INFO | backtest_engine | Processed 750/3560 days...
2026-03-13 13:12:07 | INFO | backtest_engine | Processed 1000/3560 days...
2026-03-13 13:12:07 | INFO | backtest_engine | Processed 1250/3560 days...
2026-03-13 13:12:07 | INFO | backtest_engine | Processed 1500/3560 days...
2026-03-13 13:12:07 | INFO | backtest_engine | Processed 1750/3560 days...
2026-03-13 13:12:07 | INFO | backtest_engine | Processed 2000/3560 days...
2026-03-13 13:12:07 | INFO | backtest_engine | Processed 2250/3560 days...
2026-03-13 13:12:07 | INFO | backtest_engine | Processed 2500/3560 days...
2026-03-13 13:12:07 | INFO | backtest_engine | Processed 2750/3560 days...
2026-03-13 13:12:07 | INFO | backtest_engine | Processed 3000/3560 days...
2026-03-13 13:12:07 | INFO | backtest_engine | Processed 3250/3560 days...
2026-03-13 13:12:07 | INFO | backtest_engine | Processed 3500/3560 days...
2026-03-13 13:12:07 | INFO | backtest_engine | Benchmark Complete.
2026-03-13 13:12:08 | INFO | backtest_engine | Registered Strategy: MomentumStrategy
2026-03-13 13:12:08 | INFO | backtest_engine | Starting Benchmark on 3560 data points...
2026-03-13 13:12:08 | INFO | backtest_engine | Processed 0/3560 days...
2026-03-13 13:12:08 | INFO | backtest_engine | Processed 250/3560 days...
2026-03-13 13:12:08 | INFO | backtest_engine | Processed 500/3560 days...
2026-03-13 13:12:08 | INFO | backtest_engine | Processed 750/3560 days...
2026-03-13 13:12:08 | INFO | backtest_engine | Processed 1000/3560 days...
2026-03-13 13:12:08 | INFO | backtest_engine | Processed 1250/3560 days...
2026-03-13 13:12:08 | INFO | backtest_engine | Processed 1500/3560 days...
2026-03-13 13:12:08 | INFO | backtest_engine | Processed 1750/3560 days...
2026-03-13 13:12:08 | INFO | backtest_engine | Processed 2000/3560 days...
2026-03-13 13:12:08 | INFO | backtest_engine | Processed 2250/3560 days...
2026-03-13 13:12:08 | INFO | backtest_engine | Processed 2500/3560 days...
2026-03-13 13:12:08 | INFO | backtest_engine | Processed 2750/3560 days...
2026-03-13 13:12:08 | INFO | backtest_engine | Processed 3000/3560 days...
2026-03-13 13:12:08 | INFO | backtest_engine | Processed 3250/3560 days...
2026-03-13 13:12:08 | INFO | backtest_engine | Processed 3500/3560 days...
2026-03-13 13:12:08 | INFO | backtest_engine | Benchmark Complete.
2026-03-13 13:12:08 | INFO | backtest_engine | Registered Strategy: MomentumStrategy
2026-03-13 13:12:08 | INFO | backtest_engine | Registered Strategy: RegimeAware(MomentumStrategy)
2026-03-13 13:12:08 | INFO | backtest_engine | Starting Benchmark on 3560 data points...
2026-03-13 13:12:08 | INFO | backtest_engine | Processed 0/3560 days...
2026-03-13 13:12:08 | INFO | backtest_engine | Processed 250/3560 days...
2026-03-13 13:12:08 | INFO | backtest_engine | Processed 500/3560 days...
2026-03-13 13:12:08 | INFO | backtest_engine | Processed 750/3560 days...
2026-03-13 13:12:08 | INFO | backtest_engine | Processed 1000/3560 days...
2026-03-13 13:12:08 | INFO | backtest_engine | Processed 1250/3560 days...
2026-03-13 13:12:08 | INFO | backtest_engine | Processed 1500/3560 days...
2026-03-13 13:12:08 | INFO | backtest_engine | Processed 1750/3560 days...
2026-03-13 13:12:08 | INFO | backtest_engine | Processed 2000/3560 days...
2026-03-13 13:12:08 | INFO | backtest_engine | Processed 2250/3560 days...
2026-03-13 13:12:08 | INFO | backtest_engine | Processed 2500/3560 days...
2026-03-13 13:12:08 | INFO | backtest_engine | Processed 2750/3560 days...
2026-03-13 13:12:08 | INFO | backtest_engine | Processed 3000/3560 days...
2026-03-13 13:12:08 | INFO | backtest_engine | Processed 3250/3560 days...
2026-03-13 13:12:08 | INFO | backtest_engine | Processed 3500/3560 days...
2026-03-13 13:12:08 | INFO | backtest_engine | Benchmark Complete.
2026-03-13 13:12:08 | INFO | backtest_engine | Registered Strategy: MomentumStrategy
2026-03-13 13:12:09 | INFO | backtest_engine | Registered Strategy: RegimeAware(MomentumStrategy)
2026-03-13 13:12:09 | INFO | backtest_engine | Starting Benchmark on 3560 data points...
2026-03-13 13:12:09 | INFO | backtest_engine | Processed 0/3560 days...
2026-03-13 13:12:09 | INFO | backtest_engine | Processed 250/3560 days...
2026-03-13 13:12:09 | INFO | backtest_engine | Processed 500/3560 days...
2026-03-13 13:12:09 | INFO | backtest_engine | Processed 750/3560 days...
2026-03-13 13:12:09 | INFO | backtest_engine | Processed 1000/3560 days...
2026-03-13 13:12:09 | INFO | backtest_engine | Processed 1250/3560 days...
2026-03-13 13:12:09 | INFO | backtest_engine | Processed 1500/3560 days...
2026-03-13 13:12:09 | INFO | backtest_engine | Processed 1750/3560 days...
2026-03-13 13:12:09 | INFO | backtest_engine | Processed 2000/3560 days...
2026-03-13 13:12:09 | INFO | backtest_engine | Processed 2250/3560 days...
2026-03-13 13:12:09 | INFO | backtest_engine | Processed 2500/3560 days...
2026-03-13 13:12:09 | INFO | backtest_engine | Processed 2750/3560 days...
2026-03-13 13:12:09 | INFO | backtest_engine | Processed 3000/3560 days...
2026-03-13 13:12:09 | INFO | backtest_engine | Processed 3250/3560 days...
2026-03-13 13:12:09 | INFO | backtest_engine | Processed 3500/3560 days...
2026-03-13 13:12:09 | INFO | backtest_engine | Benchmark Complete.
2026-03-13 13:12:09 | INFO | backtest_engine | Registered Strategy: MomentumStrategy
2026-03-13 13:12:09 | INFO | backtest_engine | Registered Strategy: RegimeAware(MomentumStrategy)
2026-03-13 13:12:09 | INFO | backtest_engine | Starting Benchmark on 3560 data points...
2026-03-13 13:12:09 | INFO | backtest_engine | Processed 0/3560 days...
2026-03-13 13:12:09 | INFO | backtest_engine | Processed 250/3560 days...
2026-03-13 13:12:09 | INFO | backtest_engine | Processed 500/3560 days...
2026-03-13 13:12:09 | INFO | backtest_engine | Processed 750/3560 days...
2026-03-13 13:12:09 | INFO | backtest_engine | Processed 1000/3560 days...
2026-03-13 13:12:09 | INFO | backtest_engine | Processed 1250/3560 days...
2026-03-13 13:12:09 | INFO | backtest_engine | Processed 1500/3560 days...
2026-03-13 13:12:09 | INFO | backtest_engine | Processed 1750/3560 days...
2026-03-13 13:12:09 | INFO | backtest_engine | Processed 2000/3560 days...
2026-03-13 13:12:09 | INFO | backtest_engine | Processed 2250/3560 days...
2026-03-13 13:12:09 | INFO | backtest_engine | Processed 2500/3560 days...
2026-03-13 13:12:09 | INFO | backtest_engine | Processed 2750/3560 days...
2026-03-13 13:12:09 | INFO | backtest_engine | Processed 3000/3560 days...
2026-03-13 13:12:09 | INFO | backtest_engine | Processed 3250/3560 days...
2026-03-13 13:12:09 | INFO | backtest_engine | Processed 3500/3560 days...
2026-03-13 13:12:10 | INFO | backtest_engine | Benchmark Complete.
2026-03-13 13:12:10 | INFO | backtest_engine | Registered Strategy: BreakoutStrategy
2026-03-13 13:12:10 | INFO | backtest_engine | Starting Benchmark on 3560 data points...
2026-03-13 13:12:10 | INFO | backtest_engine | Processed 0/3560 days...
2026-03-13 13:12:10 | INFO | backtest_engine | Processed 250/3560 days...
2026-03-13 13:12:10 | INFO | backtest_engine | Processed 500/3560 days...
2026-03-13 13:12:10 | INFO | backtest_engine | Processed 750/3560 days...
2026-03-13 13:12:10 | INFO | backtest_engine | Processed 1000/3560 days...
2026-03-13 13:12:10 | INFO | backtest_engine | Processed 1250/3560 days...
2026-03-13 13:12:10 | INFO | backtest_engine | Processed 1500/3560 days...
2026-03-13 13:12:10 | INFO | backtest_engine | Processed 1750/3560 days...
2026-03-13 13:12:10 | INFO | backtest_engine | Processed 2000/3560 days...
2026-03-13 13:12:10 | INFO | backtest_engine | Processed 2250/3560 days...
2026-03-13 13:12:10 | INFO | backtest_engine | Processed 2500/3560 days...
2026-03-13 13:12:10 | INFO | backtest_engine | Processed 2750/3560 days...
2026-03-13 13:12:10 | INFO | backtest_engine | Processed 3000/3560 days...
2026-03-13 13:12:10 | INFO | backtest_engine | Processed 3250/3560 days...
2026-03-13 13:12:10 | INFO | backtest_engine | Processed 3500/3560 days...
2026-03-13 13:12:10 | INFO | backtest_engine | Benchmark Complete.
2026-03-13 13:12:10 | INFO | backtest_engine | Registered Strategy: BreakoutStrategy
2026-03-13 13:12:10 | INFO | backtest_engine | Registered Strategy: RegimeAware(BreakoutStrategy)
2026-03-13 13:12:10 | INFO | backtest_engine | Starting Benchmark on 3560 data points...
2026-03-13 13:12:10 | INFO | backtest_engine | Processed 0/3560 days...
2026-03-13 13:12:10 | INFO | backtest_engine | Processed 250/3560 days...
2026-03-13 13:12:10 | INFO | backtest_engine | Processed 500/3560 days...
2026-03-13 13:12:10 | INFO | backtest_engine | Processed 750/3560 days...
2026-03-13 13:12:10 | INFO | backtest_engine | Processed 1000/3560 days...
2026-03-13 13:12:10 | INFO | backtest_engine | Processed 1250/3560 days...
2026-03-13 13:12:10 | INFO | backtest_engine | Processed 1500/3560 days...
2026-03-13 13:12:10 | INFO | backtest_engine | Processed 1750/3560 days...
2026-03-13 13:12:10 | INFO | backtest_engine | Processed 2000/3560 days...
2026-03-13 13:12:10 | INFO | backtest_engine | Processed 2250/3560 days...
2026-03-13 13:12:10 | INFO | backtest_engine | Processed 2500/3560 days...
2026-03-13 13:12:10 | INFO | backtest_engine | Processed 2750/3560 days...
2026-03-13 13:12:10 | INFO | backtest_engine | Processed 3000/3560 days...
2026-03-13 13:12:10 | INFO | backtest_engine | Processed 3250/3560 days...
2026-03-13 13:12:10 | INFO | backtest_engine | Processed 3500/3560 days...
2026-03-13 13:12:10 | INFO | backtest_engine | Benchmark Complete.
2026-03-13 13:12:11 | INFO | backtest_engine | Registered Strategy: BreakoutStrategy
2026-03-13 13:12:11 | INFO | backtest_engine | Registered Strategy: RegimeAware(BreakoutStrategy)
2026-03-13 13:12:11 | INFO | backtest_engine | Starting Benchmark on 3560 data points...
2026-03-13 13:12:11 | INFO | backtest_engine | Processed 0/3560 days...
2026-03-13 13:12:11 | INFO | backtest_engine | Processed 250/3560 days...
2026-03-13 13:12:11 | INFO | backtest_engine | Processed 500/3560 days...
2026-03-13 13:12:11 | INFO | backtest_engine | Processed 750/3560 days...
2026-03-13 13:12:11 | INFO | backtest_engine | Processed 1000/3560 days...
2026-03-13 13:12:11 | INFO | backtest_engine | Processed 1250/3560 days...
2026-03-13 13:12:11 | INFO | backtest_engine | Processed 1500/3560 days...
2026-03-13 13:12:11 | INFO | backtest_engine | Processed 1750/3560 days...
2026-03-13 13:12:11 | INFO | backtest_engine | Processed 2000/3560 days...
2026-03-13 13:12:11 | INFO | backtest_engine | Processed 2250/3560 days...
2026-03-13 13:12:11 | INFO | backtest_engine | Processed 2500/3560 days...
2026-03-13 13:12:11 | INFO | backtest_engine | Processed 2750/3560 days...
2026-03-13 13:12:11 | INFO | backtest_engine | Processed 3000/3560 days...
2026-03-13 13:12:11 | INFO | backtest_engine | Processed 3250/3560 days...
2026-03-13 13:12:11 | INFO | backtest_engine | Processed 3500/3560 days...
2026-03-13 13:12:11 | INFO | backtest_engine | Benchmark Complete.
2026-03-13 13:12:11 | INFO | backtest_engine | Registered Strategy: BreakoutStrategy
2026-03-13 13:12:11 | INFO | backtest_engine | Registered Strategy: RegimeAware(BreakoutStrategy)
2026-03-13 13:12:11 | INFO | backtest_engine | Starting Benchmark on 3560 data points...
2026-03-13 13:12:11 | INFO | backtest_engine | Processed 0/3560 days...
2026-03-13 13:12:11 | INFO | backtest_engine | Processed 250/3560 days...
2026-03-13 13:12:11 | INFO | backtest_engine | Processed 500/3560 days...
2026-03-13 13:12:11 | INFO | backtest_engine | Processed 750/3560 days...
2026-03-13 13:12:11 | INFO | backtest_engine | Processed 1000/3560 days...
2026-03-13 13:12:11 | INFO | backtest_engine | Processed 1250/3560 days...
2026-03-13 13:12:11 | INFO | backtest_engine | Processed 1500/3560 days...
2026-03-13 13:12:11 | INFO | backtest_engine | Processed 1750/3560 days...
2026-03-13 13:12:11 | INFO | backtest_engine | Processed 2000/3560 days...
2026-03-13 13:12:11 | INFO | backtest_engine | Processed 2250/3560 days...
2026-03-13 13:12:11 | INFO | backtest_engine | Processed 2500/3560 days...
2026-03-13 13:12:11 | INFO | backtest_engine | Processed 2750/3560 days...
2026-03-13 13:12:11 | INFO | backtest_engine | Processed 3000/3560 days...
2026-03-13 13:12:11 | INFO | backtest_engine | Processed 3250/3560 days...
2026-03-13 13:12:11 | INFO | backtest_engine | Processed 3500/3560 days...
2026-03-13 13:12:12 | INFO | backtest_engine | Benchmark Complete.
2026-03-13 13:12:12 | INFO | backtest_engine | Registered Strategy: MovingAverageCrossStrategy
2026-03-13 13:12:12 | INFO | backtest_engine | Starting Benchmark on 3560 data points...
2026-03-13 13:12:12 | INFO | backtest_engine | Processed 0/3560 days...
2026-03-13 13:12:12 | INFO | backtest_engine | Processed 250/3560 days...
2026-03-13 13:12:12 | INFO | backtest_engine | Processed 500/3560 days...
2026-03-13 13:12:12 | INFO | backtest_engine | Processed 750/3560 days...
2026-03-13 13:12:12 | INFO | backtest_engine | Processed 1000/3560 days...
2026-03-13 13:12:12 | INFO | backtest_engine | Processed 1250/3560 days...
2026-03-13 13:12:12 | INFO | backtest_engine | Processed 1500/3560 days...
2026-03-13 13:12:12 | INFO | backtest_engine | Processed 1750/3560 days...
2026-03-13 13:12:12 | INFO | backtest_engine | Processed 2000/3560 days...
2026-03-13 13:12:12 | INFO | backtest_engine | Processed 2250/3560 days...
2026-03-13 13:12:12 | INFO | backtest_engine | Processed 2500/3560 days...
2026-03-13 13:12:12 | INFO | backtest_engine | Processed 2750/3560 days...
2026-03-13 13:12:12 | INFO | backtest_engine | Processed 3000/3560 days...
2026-03-13 13:12:12 | INFO | backtest_engine | Processed 3250/3560 days...
2026-03-13 13:12:12 | INFO | backtest_engine | Processed 3500/3560 days...
2026-03-13 13:12:12 | INFO | backtest_engine | Benchmark Complete.
2026-03-13 13:12:12 | INFO | backtest_engine | Registered Strategy: MovingAverageCrossStrategy
2026-03-13 13:12:12 | INFO | backtest_engine | Registered Strategy: RegimeAware(MovingAverageCrossStrategy)
2026-03-13 13:12:12 | INFO | backtest_engine | Starting Benchmark on 3560 data points...
2026-03-13 13:12:12 | INFO | backtest_engine | Processed 0/3560 days...
2026-03-13 13:12:12 | INFO | backtest_engine | Processed 250/3560 days...
2026-03-13 13:12:12 | INFO | backtest_engine | Processed 500/3560 days...
2026-03-13 13:12:12 | INFO | backtest_engine | Processed 750/3560 days...
2026-03-13 13:12:12 | INFO | backtest_engine | Processed 1000/3560 days...
2026-03-13 13:12:12 | INFO | backtest_engine | Processed 1250/3560 days...
2026-03-13 13:12:12 | INFO | backtest_engine | Processed 1500/3560 days...
2026-03-13 13:12:12 | INFO | backtest_engine | Processed 1750/3560 days...
2026-03-13 13:12:12 | INFO | backtest_engine | Processed 2000/3560 days...
2026-03-13 13:12:12 | INFO | backtest_engine | Processed 2250/3560 days...
2026-03-13 13:12:12 | INFO | backtest_engine | Processed 2500/3560 days...
2026-03-13 13:12:12 | INFO | backtest_engine | Processed 2750/3560 days...
2026-03-13 13:12:12 | INFO | backtest_engine | Processed 3000/3560 days...
2026-03-13 13:12:12 | INFO | backtest_engine | Processed 3250/3560 days...
2026-03-13 13:12:12 | INFO | backtest_engine | Processed 3500/3560 days...
2026-03-13 13:12:13 | INFO | backtest_engine | Benchmark Complete.
2026-03-13 13:12:13 | INFO | backtest_engine | Registered Strategy: MovingAverageCrossStrategy
2026-03-13 13:12:13 | INFO | backtest_engine | Registered Strategy: RegimeAware(MovingAverageCrossStrategy)
2026-03-13 13:12:13 | INFO | backtest_engine | Starting Benchmark on 3560 data points...
2026-03-13 13:12:13 | INFO | backtest_engine | Processed 0/3560 days...
2026-03-13 13:12:13 | INFO | backtest_engine | Processed 250/3560 days...
2026-03-13 13:12:13 | INFO | backtest_engine | Processed 500/3560 days...
2026-03-13 13:12:13 | INFO | backtest_engine | Processed 750/3560 days...
2026-03-13 13:12:13 | INFO | backtest_engine | Processed 1000/3560 days...
2026-03-13 13:12:13 | INFO | backtest_engine | Processed 1250/3560 days...
2026-03-13 13:12:13 | INFO | backtest_engine | Processed 1500/3560 days...
2026-03-13 13:12:13 | INFO | backtest_engine | Processed 1750/3560 days...
2026-03-13 13:12:13 | INFO | backtest_engine | Processed 2000/3560 days...
2026-03-13 13:12:13 | INFO | backtest_engine | Processed 2250/3560 days...
2026-03-13 13:12:13 | INFO | backtest_engine | Processed 2500/3560 days...
2026-03-13 13:12:13 | INFO | backtest_engine | Processed 2750/3560 days...
2026-03-13 13:12:13 | INFO | backtest_engine | Processed 3000/3560 days...
2026-03-13 13:12:13 | INFO | backtest_engine | Processed 3250/3560 days...
2026-03-13 13:12:13 | INFO | backtest_engine | Processed 3500/3560 days...
2026-03-13 13:12:13 | INFO | backtest_engine | Benchmark Complete.
2026-03-13 13:12:13 | INFO | backtest_engine | Registered Strategy: MovingAverageCrossStrategy
2026-03-13 13:12:13 | INFO | backtest_engine | Registered Strategy: RegimeAware(MovingAverageCrossStrategy)
2026-03-13 13:12:13 | INFO | backtest_engine | Starting Benchmark on 3560 data points...
2026-03-13 13:12:13 | INFO | backtest_engine | Processed 0/3560 days...
2026-03-13 13:12:13 | INFO | backtest_engine | Processed 250/3560 days...
2026-03-13 13:12:13 | INFO | backtest_engine | Processed 500/3560 days...
2026-03-13 13:12:13 | INFO | backtest_engine | Processed 750/3560 days...
2026-03-13 13:12:13 | INFO | backtest_engine | Processed 1000/3560 days...
2026-03-13 13:12:13 | INFO | backtest_engine | Processed 1250/3560 days...
2026-03-13 13:12:13 | INFO | backtest_engine | Processed 1500/3560 days...
2026-03-13 13:12:13 | INFO | backtest_engine | Processed 1750/3560 days...
2026-03-13 13:12:13 | INFO | backtest_engine | Processed 2000/3560 days...
2026-03-13 13:12:13 | INFO | backtest_engine | Processed 2250/3560 days...
2026-03-13 13:12:13 | INFO | backtest_engine | Processed 2500/3560 days...
2026-03-13 13:12:13 | INFO | backtest_engine | Processed 2750/3560 days...
2026-03-13 13:12:14 | INFO | backtest_engine | Processed 3000/3560 days...
2026-03-13 13:12:14 | INFO | backtest_engine | Processed 3250/3560 days...
2026-03-13 13:12:14 | INFO | backtest_engine | Processed 3500/3560 days...
2026-03-13 13:12:14 | INFO | backtest_engine | Benchmark Complete.
2026-03-13 13:12:14 | INFO | backtest_engine | Registered Strategy: VolatilityBreakoutStrategy
2026-03-13 13:12:14 | INFO | backtest_engine | Starting Benchmark on 3560 data points...
2026-03-13 13:12:14 | INFO | backtest_engine | Processed 0/3560 days...
2026-03-13 13:12:14 | INFO | backtest_engine | Processed 250/3560 days...
2026-03-13 13:12:14 | INFO | backtest_engine | Processed 500/3560 days...
2026-03-13 13:12:14 | INFO | backtest_engine | Processed 750/3560 days...
2026-03-13 13:12:14 | INFO | backtest_engine | Processed 1000/3560 days...
2026-03-13 13:12:14 | INFO | backtest_engine | Processed 1250/3560 days...
2026-03-13 13:12:14 | INFO | backtest_engine | Processed 1500/3560 days...
2026-03-13 13:12:14 | INFO | backtest_engine | Processed 1750/3560 days...
2026-03-13 13:12:14 | INFO | backtest_engine | Processed 2000/3560 days...
2026-03-13 13:12:14 | INFO | backtest_engine | Processed 2250/3560 days...
2026-03-13 13:12:14 | INFO | backtest_engine | Processed 2500/3560 days...
2026-03-13 13:12:14 | INFO | backtest_engine | Processed 2750/3560 days...
2026-03-13 13:12:14 | INFO | backtest_engine | Processed 3000/3560 days...
2026-03-13 13:12:14 | INFO | backtest_engine | Processed 3250/3560 days...
2026-03-13 13:12:14 | INFO | backtest_engine | Processed 3500/3560 days...
2026-03-13 13:12:14 | INFO | backtest_engine | Benchmark Complete.
2026-03-13 13:12:14 | INFO | backtest_engine | Registered Strategy: VolatilityBreakoutStrategy
2026-03-13 13:12:14 | INFO | backtest_engine | Registered Strategy: RegimeAware(VolatilityBreakoutStrategy)
2026-03-13 13:12:14 | INFO | backtest_engine | Starting Benchmark on 3560 data points...
2026-03-13 13:12:14 | INFO | backtest_engine | Processed 0/3560 days...
2026-03-13 13:12:14 | INFO | backtest_engine | Processed 250/3560 days...
2026-03-13 13:12:14 | INFO | backtest_engine | Processed 500/3560 days...
2026-03-13 13:12:14 | INFO | backtest_engine | Processed 750/3560 days...
2026-03-13 13:12:14 | INFO | backtest_engine | Processed 1000/3560 days...
2026-03-13 13:12:14 | INFO | backtest_engine | Processed 1250/3560 days...
2026-03-13 13:12:14 | INFO | backtest_engine | Processed 1500/3560 days...
2026-03-13 13:12:14 | INFO | backtest_engine | Processed 1750/3560 days...
2026-03-13 13:12:14 | INFO | backtest_engine | Processed 2000/3560 days...
2026-03-13 13:12:14 | INFO | backtest_engine | Processed 2250/3560 days...
2026-03-13 13:12:15 | INFO | backtest_engine | Processed 2500/3560 days...
2026-03-13 13:12:15 | INFO | backtest_engine | Processed 2750/3560 days...
2026-03-13 13:12:15 | INFO | backtest_engine | Processed 3000/3560 days...
2026-03-13 13:12:15 | INFO | backtest_engine | Processed 3250/3560 days...
2026-03-13 13:12:15 | INFO | backtest_engine | Processed 3500/3560 days...
2026-03-13 13:12:15 | INFO | backtest_engine | Benchmark Complete.
2026-03-13 13:12:15 | INFO | backtest_engine | Registered Strategy: VolatilityBreakoutStrategy
2026-03-13 13:12:15 | INFO | backtest_engine | Registered Strategy: RegimeAware(VolatilityBreakoutStrategy)
2026-03-13 13:12:15 | INFO | backtest_engine | Starting Benchmark on 3560 data points...
2026-03-13 13:12:15 | INFO | backtest_engine | Processed 0/3560 days...
2026-03-13 13:12:15 | INFO | backtest_engine | Processed 250/3560 days...
2026-03-13 13:12:15 | INFO | backtest_engine | Processed 500/3560 days...
2026-03-13 13:12:15 | INFO | backtest_engine | Processed 750/3560 days...
2026-03-13 13:12:15 | INFO | backtest_engine | Processed 1000/3560 days...
2026-03-13 13:12:15 | INFO | backtest_engine | Processed 1250/3560 days...
2026-03-13 13:12:15 | INFO | backtest_engine | Processed 1500/3560 days...
2026-03-13 13:12:15 | INFO | backtest_engine | Processed 1750/3560 days...
2026-03-13 13:12:15 | INFO | backtest_engine | Processed 2000/3560 days...
2026-03-13 13:12:15 | INFO | backtest_engine | Processed 2250/3560 days...
2026-03-13 13:12:15 | INFO | backtest_engine | Processed 2500/3560 days...
2026-03-13 13:12:15 | INFO | backtest_engine | Processed 2750/3560 days...
2026-03-13 13:12:15 | INFO | backtest_engine | Processed 3000/3560 days...
2026-03-13 13:12:15 | INFO | backtest_engine | Processed 3250/3560 days...
2026-03-13 13:12:15 | INFO | backtest_engine | Processed 3500/3560 days...
2026-03-13 13:12:15 | INFO | backtest_engine | Benchmark Complete.
2026-03-13 13:12:15 | INFO | backtest_engine | Registered Strategy: VolatilityBreakoutStrategy
2026-03-13 13:12:15 | INFO | backtest_engine | Registered Strategy: RegimeAware(VolatilityBreakoutStrategy)
2026-03-13 13:12:15 | INFO | backtest_engine | Starting Benchmark on 3560 data points...
2026-03-13 13:12:15 | INFO | backtest_engine | Processed 0/3560 days...
2026-03-13 13:12:15 | INFO | backtest_engine | Processed 250/3560 days...
2026-03-13 13:12:15 | INFO | backtest_engine | Processed 500/3560 days...
2026-03-13 13:12:16 | INFO | backtest_engine | Processed 750/3560 days...
2026-03-13 13:12:16 | INFO | backtest_engine | Processed 1000/3560 days...
2026-03-13 13:12:16 | INFO | backtest_engine | Processed 1250/3560 days...
2026-03-13 13:12:16 | INFO | backtest_engine | Processed 1500/3560 days...
2026-03-13 13:12:16 | INFO | backtest_engine | Processed 1750/3560 days...
2026-03-13 13:12:16 | INFO | backtest_engine | Processed 2000/3560 days...
2026-03-13 13:12:16 | INFO | backtest_engine | Processed 2250/3560 days...
2026-03-13 13:12:16 | INFO | backtest_engine | Processed 2500/3560 days...
2026-03-13 13:12:16 | INFO | backtest_engine | Processed 2750/3560 days...
2026-03-13 13:12:16 | INFO | backtest_engine | Processed 3000/3560 days...
2026-03-13 13:12:16 | INFO | backtest_engine | Processed 3250/3560 days...
2026-03-13 13:12:16 | INFO | backtest_engine | Processed 3500/3560 days...
2026-03-13 13:12:16 | INFO | backtest_engine | Benchmark Complete.
2026-03-13 13:12:17 | INFO | backtest_engine | Registered Strategy: MeanReversionStrategy
2026-03-13 13:12:17 | INFO | backtest_engine | Starting Benchmark on 5274 data points...
2026-03-13 13:12:17 | INFO | backtest_engine | Processed 0/5274 days...
2026-03-13 13:12:17 | INFO | backtest_engine | Processed 250/5274 days...
2026-03-13 13:12:17 | INFO | backtest_engine | Processed 500/5274 days...
2026-03-13 13:12:17 | INFO | backtest_engine | Processed 750/5274 days...
2026-03-13 13:12:17 | INFO | backtest_engine | Processed 1000/5274 days...
2026-03-13 13:12:17 | INFO | backtest_engine | Processed 1250/5274 days...
2026-03-13 13:12:17 | INFO | backtest_engine | Processed 1500/5274 days...
2026-03-13 13:12:17 | INFO | backtest_engine | Processed 1750/5274 days...
2026-03-13 13:12:17 | INFO | backtest_engine | Processed 2000/5274 days...
2026-03-13 13:12:17 | INFO | backtest_engine | Processed 2250/5274 days...
2026-03-13 13:12:17 | INFO | backtest_engine | Processed 2500/5274 days...
2026-03-13 13:12:17 | INFO | backtest_engine | Processed 2750/5274 days...
2026-03-13 13:12:17 | INFO | backtest_engine | Processed 3000/5274 days...
2026-03-13 13:12:17 | INFO | backtest_engine | Processed 3250/5274 days...
2026-03-13 13:12:17 | INFO | backtest_engine | Processed 3500/5274 days...
2026-03-13 13:12:17 | INFO | backtest_engine | Processed 3750/5274 days...
2026-03-13 13:12:17 | INFO | backtest_engine | Processed 4000/5274 days...
2026-03-13 13:12:17 | INFO | backtest_engine | Processed 4250/5274 days...
2026-03-13 13:12:17 | INFO | backtest_engine | Processed 4500/5274 days...
2026-03-13 13:12:17 | INFO | backtest_engine | Processed 4750/5274 days...
2026-03-13 13:12:17 | INFO | backtest_engine | Processed 5000/5274 days...
2026-03-13 13:12:17 | INFO | backtest_engine | Processed 5250/5274 days...
2026-03-13 13:12:17 | INFO | backtest_engine | Benchmark Complete.
2026-03-13 13:12:17 | INFO | backtest_engine | Registered Strategy: MeanReversionStrategy
2026-03-13 13:12:17 | INFO | backtest_engine | Registered Strategy: RegimeAware(MeanReversionStrategy)
2026-03-13 13:12:17 | INFO | backtest_engine | Starting Benchmark on 5274 data points...
2026-03-13 13:12:17 | INFO | backtest_engine | Processed 0/5274 days...
2026-03-13 13:12:17 | INFO | backtest_engine | Processed 250/5274 days...
2026-03-13 13:12:17 | INFO | backtest_engine | Processed 500/5274 days...
2026-03-13 13:12:17 | INFO | backtest_engine | Processed 750/5274 days...
2026-03-13 13:12:17 | INFO | backtest_engine | Processed 1000/5274 days...
2026-03-13 13:12:17 | INFO | backtest_engine | Processed 1250/5274 days...
2026-03-13 13:12:17 | INFO | backtest_engine | Processed 1500/5274 days...
2026-03-13 13:12:17 | INFO | backtest_engine | Processed 1750/5274 days...
2026-03-13 13:12:17 | INFO | backtest_engine | Processed 2000/5274 days...
2026-03-13 13:12:17 | INFO | backtest_engine | Processed 2250/5274 days...
2026-03-13 13:12:18 | INFO | backtest_engine | Processed 2500/5274 days...
2026-03-13 13:12:18 | INFO | backtest_engine | Processed 2750/5274 days...
2026-03-13 13:12:18 | INFO | backtest_engine | Processed 3000/5274 days...
2026-03-13 13:12:18 | INFO | backtest_engine | Processed 3250/5274 days...
2026-03-13 13:12:18 | INFO | backtest_engine | Processed 3500/5274 days...
2026-03-13 13:12:18 | INFO | backtest_engine | Processed 3750/5274 days...
2026-03-13 13:12:18 | INFO | backtest_engine | Processed 4000/5274 days...
2026-03-13 13:12:18 | INFO | backtest_engine | Processed 4250/5274 days...
2026-03-13 13:12:18 | INFO | backtest_engine | Processed 4500/5274 days...
2026-03-13 13:12:18 | INFO | backtest_engine | Processed 4750/5274 days...
2026-03-13 13:12:18 | INFO | backtest_engine | Processed 5000/5274 days...
2026-03-13 13:12:18 | INFO | backtest_engine | Processed 5250/5274 days...
2026-03-13 13:12:18 | INFO | backtest_engine | Benchmark Complete.
2026-03-13 13:12:18 | INFO | backtest_engine | Registered Strategy: MeanReversionStrategy
2026-03-13 13:12:18 | INFO | backtest_engine | Registered Strategy: RegimeAware(MeanReversionStrategy)
2026-03-13 13:12:18 | INFO | backtest_engine | Starting Benchmark on 5274 data points...
2026-03-13 13:12:18 | INFO | backtest_engine | Processed 0/5274 days...
2026-03-13 13:12:18 | INFO | backtest_engine | Processed 250/5274 days...
2026-03-13 13:12:18 | INFO | backtest_engine | Processed 500/5274 days...
2026-03-13 13:12:18 | INFO | backtest_engine | Processed 750/5274 days...
2026-03-13 13:12:18 | INFO | backtest_engine | Processed 1000/5274 days...
2026-03-13 13:12:18 | INFO | backtest_engine | Processed 1250/5274 days...
2026-03-13 13:12:18 | INFO | backtest_engine | Processed 1500/5274 days...
2026-03-13 13:12:18 | INFO | backtest_engine | Processed 1750/5274 days...
2026-03-13 13:12:18 | INFO | backtest_engine | Processed 2000/5274 days...
2026-03-13 13:12:18 | INFO | backtest_engine | Processed 2250/5274 days...
2026-03-13 13:12:18 | INFO | backtest_engine | Processed 2500/5274 days...
2026-03-13 13:12:18 | INFO | backtest_engine | Processed 2750/5274 days...
2026-03-13 13:12:18 | INFO | backtest_engine | Processed 3000/5274 days...
2026-03-13 13:12:18 | INFO | backtest_engine | Processed 3250/5274 days...
2026-03-13 13:12:18 | INFO | backtest_engine | Processed 3500/5274 days...
2026-03-13 13:12:18 | INFO | backtest_engine | Processed 3750/5274 days...
2026-03-13 13:12:18 | INFO | backtest_engine | Processed 4000/5274 days...
2026-03-13 13:12:18 | INFO | backtest_engine | Processed 4250/5274 days...
2026-03-13 13:12:18 | INFO | backtest_engine | Processed 4500/5274 days...
2026-03-13 13:12:18 | INFO | backtest_engine | Processed 4750/5274 days...
2026-03-13 13:12:18 | INFO | backtest_engine | Processed 5000/5274 days...
2026-03-13 13:12:18 | INFO | backtest_engine | Processed 5250/5274 days...
2026-03-13 13:12:19 | INFO | backtest_engine | Benchmark Complete.
2026-03-13 13:12:19 | INFO | backtest_engine | Registered Strategy: MeanReversionStrategy
2026-03-13 13:12:19 | INFO | backtest_engine | Registered Strategy: RegimeAware(MeanReversionStrategy)
2026-03-13 13:12:19 | INFO | backtest_engine | Starting Benchmark on 5274 data points...
2026-03-13 13:12:19 | INFO | backtest_engine | Processed 0/5274 days...
2026-03-13 13:12:19 | INFO | backtest_engine | Processed 250/5274 days...
2026-03-13 13:12:19 | INFO | backtest_engine | Processed 500/5274 days...
2026-03-13 13:12:19 | INFO | backtest_engine | Processed 750/5274 days...
2026-03-13 13:12:19 | INFO | backtest_engine | Processed 1000/5274 days...
2026-03-13 13:12:19 | INFO | backtest_engine | Processed 1250/5274 days...
2026-03-13 13:12:19 | INFO | backtest_engine | Processed 1500/5274 days...
2026-03-13 13:12:19 | INFO | backtest_engine | Processed 1750/5274 days...
2026-03-13 13:12:19 | INFO | backtest_engine | Processed 2000/5274 days...
2026-03-13 13:12:19 | INFO | backtest_engine | Processed 2250/5274 days...
2026-03-13 13:12:19 | INFO | backtest_engine | Processed 2500/5274 days...
2026-03-13 13:12:19 | INFO | backtest_engine | Processed 2750/5274 days...
2026-03-13 13:12:19 | INFO | backtest_engine | Processed 3000/5274 days...
2026-03-13 13:12:19 | INFO | backtest_engine | Processed 3250/5274 days...
2026-03-13 13:12:19 | INFO | backtest_engine | Processed 3500/5274 days...
2026-03-13 13:12:19 | INFO | backtest_engine | Processed 3750/5274 days...
2026-03-13 13:12:19 | INFO | backtest_engine | Processed 4000/5274 days...
2026-03-13 13:12:19 | INFO | backtest_engine | Processed 4250/5274 days...
2026-03-13 13:12:19 | INFO | backtest_engine | Processed 4500/5274 days...
2026-03-13 13:12:19 | INFO | backtest_engine | Processed 4750/5274 days...
2026-03-13 13:12:19 | INFO | backtest_engine | Processed 5000/5274 days...
2026-03-13 13:12:19 | INFO | backtest_engine | Processed 5250/5274 days...
2026-03-13 13:12:19 | INFO | backtest_engine | Benchmark Complete.
2026-03-13 13:12:19 | INFO | backtest_engine | Registered Strategy: TrendFollowingStrategy
2026-03-13 13:12:19 | INFO | backtest_engine | Starting Benchmark on 5274 data points...
2026-03-13 13:12:19 | INFO | backtest_engine | Processed 0/5274 days...
2026-03-13 13:12:20 | INFO | backtest_engine | Processed 250/5274 days...
2026-03-13 13:12:20 | INFO | backtest_engine | Processed 500/5274 days...
2026-03-13 13:12:20 | INFO | backtest_engine | Processed 750/5274 days...
2026-03-13 13:12:20 | INFO | backtest_engine | Processed 1000/5274 days...
2026-03-13 13:12:20 | INFO | backtest_engine | Processed 1250/5274 days...
2026-03-13 13:12:20 | INFO | backtest_engine | Processed 1500/5274 days...
2026-03-13 13:12:20 | INFO | backtest_engine | Processed 1750/5274 days...
2026-03-13 13:12:20 | INFO | backtest_engine | Processed 2000/5274 days...
2026-03-13 13:12:20 | INFO | backtest_engine | Processed 2250/5274 days...
2026-03-13 13:12:20 | INFO | backtest_engine | Processed 2500/5274 days...
2026-03-13 13:12:20 | INFO | backtest_engine | Processed 2750/5274 days...
2026-03-13 13:12:20 | INFO | backtest_engine | Processed 3000/5274 days...
2026-03-13 13:12:20 | INFO | backtest_engine | Processed 3250/5274 days...
2026-03-13 13:12:20 | INFO | backtest_engine | Processed 3500/5274 days...
2026-03-13 13:12:20 | INFO | backtest_engine | Processed 3750/5274 days...
2026-03-13 13:12:20 | INFO | backtest_engine | Processed 4000/5274 days...
2026-03-13 13:12:20 | INFO | backtest_engine | Processed 4250/5274 days...
2026-03-13 13:12:20 | INFO | backtest_engine | Processed 4500/5274 days...
2026-03-13 13:12:20 | INFO | backtest_engine | Processed 4750/5274 days...
2026-03-13 13:12:20 | INFO | backtest_engine | Processed 5000/5274 days...
2026-03-13 13:12:20 | INFO | backtest_engine | Processed 5250/5274 days...
2026-03-13 13:12:20 | INFO | backtest_engine | Benchmark Complete.
2026-03-13 13:12:20 | INFO | backtest_engine | Registered Strategy: TrendFollowingStrategy
2026-03-13 13:12:20 | INFO | backtest_engine | Registered Strategy: RegimeAware(TrendFollowingStrategy)
2026-03-13 13:12:20 | INFO | backtest_engine | Starting Benchmark on 5274 data points...
2026-03-13 13:12:20 | INFO | backtest_engine | Processed 0/5274 days...
2026-03-13 13:12:20 | INFO | backtest_engine | Processed 250/5274 days...
2026-03-13 13:12:20 | INFO | backtest_engine | Processed 500/5274 days...
2026-03-13 13:12:20 | INFO | backtest_engine | Processed 750/5274 days...
2026-03-13 13:12:20 | INFO | backtest_engine | Processed 1000/5274 days...
2026-03-13 13:12:20 | INFO | backtest_engine | Processed 1250/5274 days...
2026-03-13 13:12:20 | INFO | backtest_engine | Processed 1500/5274 days...
2026-03-13 13:12:20 | INFO | backtest_engine | Processed 1750/5274 days...
2026-03-13 13:12:20 | INFO | backtest_engine | Processed 2000/5274 days...
2026-03-13 13:12:20 | INFO | backtest_engine | Processed 2250/5274 days...
2026-03-13 13:12:20 | INFO | backtest_engine | Processed 2500/5274 days...
2026-03-13 13:12:20 | INFO | backtest_engine | Processed 2750/5274 days...
2026-03-13 13:12:20 | INFO | backtest_engine | Processed 3000/5274 days...
2026-03-13 13:12:20 | INFO | backtest_engine | Processed 3250/5274 days...
2026-03-13 13:12:20 | INFO | backtest_engine | Processed 3500/5274 days...
2026-03-13 13:12:20 | INFO | backtest_engine | Processed 3750/5274 days...
2026-03-13 13:12:20 | INFO | backtest_engine | Processed 4000/5274 days...
2026-03-13 13:12:20 | INFO | backtest_engine | Processed 4250/5274 days...
2026-03-13 13:12:20 | INFO | backtest_engine | Processed 4500/5274 days...
2026-03-13 13:12:20 | INFO | backtest_engine | Processed 4750/5274 days...
2026-03-13 13:12:20 | INFO | backtest_engine | Processed 5000/5274 days...
2026-03-13 13:12:21 | INFO | backtest_engine | Processed 5250/5274 days...
2026-03-13 13:12:21 | INFO | backtest_engine | Benchmark Complete.
2026-03-13 13:12:21 | INFO | backtest_engine | Registered Strategy: TrendFollowingStrategy
2026-03-13 13:12:21 | INFO | backtest_engine | Registered Strategy: RegimeAware(TrendFollowingStrategy)
2026-03-13 13:12:21 | INFO | backtest_engine | Starting Benchmark on 5274 data points...
2026-03-13 13:12:21 | INFO | backtest_engine | Processed 0/5274 days...
2026-03-13 13:12:21 | INFO | backtest_engine | Processed 250/5274 days...
2026-03-13 13:12:21 | INFO | backtest_engine | Processed 500/5274 days...
2026-03-13 13:12:21 | INFO | backtest_engine | Processed 750/5274 days...
2026-03-13 13:12:21 | INFO | backtest_engine | Processed 1000/5274 days...
2026-03-13 13:12:21 | INFO | backtest_engine | Processed 1250/5274 days...
2026-03-13 13:12:21 | INFO | backtest_engine | Processed 1500/5274 days...
2026-03-13 13:12:21 | INFO | backtest_engine | Processed 1750/5274 days...
2026-03-13 13:12:21 | INFO | backtest_engine | Processed 2000/5274 days...
2026-03-13 13:12:21 | INFO | backtest_engine | Processed 2250/5274 days...
2026-03-13 13:12:21 | INFO | backtest_engine | Processed 2500/5274 days...
2026-03-13 13:12:21 | INFO | backtest_engine | Processed 2750/5274 days...
2026-03-13 13:12:21 | INFO | backtest_engine | Processed 3000/5274 days...
2026-03-13 13:12:21 | INFO | backtest_engine | Processed 3250/5274 days...
2026-03-13 13:12:21 | INFO | backtest_engine | Processed 3500/5274 days...
2026-03-13 13:12:21 | INFO | backtest_engine | Processed 3750/5274 days...
2026-03-13 13:12:21 | INFO | backtest_engine | Processed 4000/5274 days...
2026-03-13 13:12:21 | INFO | backtest_engine | Processed 4250/5274 days...
2026-03-13 13:12:21 | INFO | backtest_engine | Processed 4500/5274 days...
2026-03-13 13:12:21 | INFO | backtest_engine | Processed 4750/5274 days...
2026-03-13 13:12:21 | INFO | backtest_engine | Processed 5000/5274 days...
2026-03-13 13:12:21 | INFO | backtest_engine | Processed 5250/5274 days...
2026-03-13 13:12:21 | INFO | backtest_engine | Benchmark Complete.
2026-03-13 13:12:22 | INFO | backtest_engine | Registered Strategy: TrendFollowingStrategy
2026-03-13 13:12:22 | INFO | backtest_engine | Registered Strategy: RegimeAware(TrendFollowingStrategy)
2026-03-13 13:12:22 | INFO | backtest_engine | Starting Benchmark on 5274 data points...
2026-03-13 13:12:22 | INFO | backtest_engine | Processed 0/5274 days...
2026-03-13 13:12:22 | INFO | backtest_engine | Processed 250/5274 days...
2026-03-13 13:12:22 | INFO | backtest_engine | Processed 500/5274 days...
2026-03-13 13:12:22 | INFO | backtest_engine | Processed 750/5274 days...
2026-03-13 13:12:22 | INFO | backtest_engine | Processed 1000/5274 days...
2026-03-13 13:12:22 | INFO | backtest_engine | Processed 1250/5274 days...
2026-03-13 13:12:22 | INFO | backtest_engine | Processed 1500/5274 days...
2026-03-13 13:12:22 | INFO | backtest_engine | Processed 1750/5274 days...
2026-03-13 13:12:22 | INFO | backtest_engine | Processed 2000/5274 days...
2026-03-13 13:12:22 | INFO | backtest_engine | Processed 2250/5274 days...
2026-03-13 13:12:22 | INFO | backtest_engine | Processed 2500/5274 days...
2026-03-13 13:12:22 | INFO | backtest_engine | Processed 2750/5274 days...
2026-03-13 13:12:22 | INFO | backtest_engine | Processed 3000/5274 days...
2026-03-13 13:12:22 | INFO | backtest_engine | Processed 3250/5274 days...
2026-03-13 13:12:22 | INFO | backtest_engine | Processed 3500/5274 days...
2026-03-13 13:12:22 | INFO | backtest_engine | Processed 3750/5274 days...
2026-03-13 13:12:22 | INFO | backtest_engine | Processed 4000/5274 days...
2026-03-13 13:12:22 | INFO | backtest_engine | Processed 4250/5274 days...
2026-03-13 13:12:22 | INFO | backtest_engine | Processed 4500/5274 days...
2026-03-13 13:12:22 | INFO | backtest_engine | Processed 4750/5274 days...
2026-03-13 13:12:22 | INFO | backtest_engine | Processed 5000/5274 days...
2026-03-13 13:12:22 | INFO | backtest_engine | Processed 5250/5274 days...
2026-03-13 13:12:22 | INFO | backtest_engine | Benchmark Complete.
2026-03-13 13:12:22 | INFO | backtest_engine | Registered Strategy: MomentumStrategy
2026-03-13 13:12:22 | INFO | backtest_engine | Starting Benchmark on 5274 data points...
2026-03-13 13:12:22 | INFO | backtest_engine | Processed 0/5274 days...
2026-03-13 13:12:22 | INFO | backtest_engine | Processed 250/5274 days...
2026-03-13 13:12:22 | INFO | backtest_engine | Processed 500/5274 days...
2026-03-13 13:12:22 | INFO | backtest_engine | Processed 750/5274 days...
2026-03-13 13:12:22 | INFO | backtest_engine | Processed 1000/5274 days...
2026-03-13 13:12:22 | INFO | backtest_engine | Processed 1250/5274 days...
2026-03-13 13:12:22 | INFO | backtest_engine | Processed 1500/5274 days...
2026-03-13 13:12:22 | INFO | backtest_engine | Processed 1750/5274 days...
2026-03-13 13:12:22 | INFO | backtest_engine | Processed 2000/5274 days...
2026-03-13 13:12:22 | INFO | backtest_engine | Processed 2250/5274 days...
2026-03-13 13:12:23 | INFO | backtest_engine | Processed 2500/5274 days...
2026-03-13 13:12:23 | INFO | backtest_engine | Processed 2750/5274 days...
2026-03-13 13:12:23 | INFO | backtest_engine | Processed 3000/5274 days...
2026-03-13 13:12:23 | INFO | backtest_engine | Processed 3250/5274 days...
2026-03-13 13:12:23 | INFO | backtest_engine | Processed 3500/5274 days...
2026-03-13 13:12:23 | INFO | backtest_engine | Processed 3750/5274 days...
2026-03-13 13:12:23 | INFO | backtest_engine | Processed 4000/5274 days...
2026-03-13 13:12:23 | INFO | backtest_engine | Processed 4250/5274 days...
2026-03-13 13:12:23 | INFO | backtest_engine | Processed 4500/5274 days...
2026-03-13 13:12:23 | INFO | backtest_engine | Processed 4750/5274 days...
2026-03-13 13:12:23 | INFO | backtest_engine | Processed 5000/5274 days...
2026-03-13 13:12:23 | INFO | backtest_engine | Processed 5250/5274 days...
2026-03-13 13:12:23 | INFO | backtest_engine | Benchmark Complete.
2026-03-13 13:12:23 | INFO | backtest_engine | Registered Strategy: MomentumStrategy
2026-03-13 13:12:23 | INFO | backtest_engine | Registered Strategy: RegimeAware(MomentumStrategy)
2026-03-13 13:12:23 | INFO | backtest_engine | Starting Benchmark on 5274 data points...
2026-03-13 13:12:23 | INFO | backtest_engine | Processed 0/5274 days...
2026-03-13 13:12:23 | INFO | backtest_engine | Processed 250/5274 days...
2026-03-13 13:12:23 | INFO | backtest_engine | Processed 500/5274 days...
2026-03-13 13:12:23 | INFO | backtest_engine | Processed 750/5274 days...
2026-03-13 13:12:23 | INFO | backtest_engine | Processed 1000/5274 days...
2026-03-13 13:12:23 | INFO | backtest_engine | Processed 1250/5274 days...
2026-03-13 13:12:23 | INFO | backtest_engine | Processed 1500/5274 days...
2026-03-13 13:12:23 | INFO | backtest_engine | Processed 1750/5274 days...
2026-03-13 13:12:23 | INFO | backtest_engine | Processed 2000/5274 days...
2026-03-13 13:12:23 | INFO | backtest_engine | Processed 2250/5274 days...
2026-03-13 13:12:23 | INFO | backtest_engine | Processed 2500/5274 days...
2026-03-13 13:12:23 | INFO | backtest_engine | Processed 2750/5274 days...
2026-03-13 13:12:23 | INFO | backtest_engine | Processed 3000/5274 days...
2026-03-13 13:12:23 | INFO | backtest_engine | Processed 3250/5274 days...
2026-03-13 13:12:23 | INFO | backtest_engine | Processed 3500/5274 days...
2026-03-13 13:12:23 | INFO | backtest_engine | Processed 3750/5274 days...
2026-03-13 13:12:23 | INFO | backtest_engine | Processed 4000/5274 days...
2026-03-13 13:12:23 | INFO | backtest_engine | Processed 4250/5274 days...
2026-03-13 13:12:23 | INFO | backtest_engine | Processed 4500/5274 days...
2026-03-13 13:12:23 | INFO | backtest_engine | Processed 4750/5274 days...
2026-03-13 13:12:23 | INFO | backtest_engine | Processed 5000/5274 days...
2026-03-13 13:12:23 | INFO | backtest_engine | Processed 5250/5274 days...
2026-03-13 13:12:23 | INFO | backtest_engine | Benchmark Complete.
2026-03-13 13:12:24 | INFO | backtest_engine | Registered Strategy: MomentumStrategy
2026-03-13 13:12:24 | INFO | backtest_engine | Registered Strategy: RegimeAware(MomentumStrategy)
2026-03-13 13:12:24 | INFO | backtest_engine | Starting Benchmark on 5274 data points...
2026-03-13 13:12:24 | INFO | backtest_engine | Processed 0/5274 days...
2026-03-13 13:12:24 | INFO | backtest_engine | Processed 250/5274 days...
2026-03-13 13:12:24 | INFO | backtest_engine | Processed 500/5274 days...
2026-03-13 13:12:24 | INFO | backtest_engine | Processed 750/5274 days...
2026-03-13 13:12:24 | INFO | backtest_engine | Processed 1000/5274 days...
2026-03-13 13:12:24 | INFO | backtest_engine | Processed 1250/5274 days...
2026-03-13 13:12:24 | INFO | backtest_engine | Processed 1500/5274 days...
2026-03-13 13:12:24 | INFO | backtest_engine | Processed 1750/5274 days...
2026-03-13 13:12:24 | INFO | backtest_engine | Processed 2000/5274 days...
2026-03-13 13:12:24 | INFO | backtest_engine | Processed 2250/5274 days...
2026-03-13 13:12:24 | INFO | backtest_engine | Processed 2500/5274 days...
2026-03-13 13:12:24 | INFO | backtest_engine | Processed 2750/5274 days...
2026-03-13 13:12:24 | INFO | backtest_engine | Processed 3000/5274 days...
2026-03-13 13:12:24 | INFO | backtest_engine | Processed 3250/5274 days...
2026-03-13 13:12:24 | INFO | backtest_engine | Processed 3500/5274 days...
2026-03-13 13:12:24 | INFO | backtest_engine | Processed 3750/5274 days...
2026-03-13 13:12:24 | INFO | backtest_engine | Processed 4000/5274 days...
2026-03-13 13:12:24 | INFO | backtest_engine | Processed 4250/5274 days...
2026-03-13 13:12:24 | INFO | backtest_engine | Processed 4500/5274 days...
2026-03-13 13:12:24 | INFO | backtest_engine | Processed 4750/5274 days...
2026-03-13 13:12:24 | INFO | backtest_engine | Processed 5000/5274 days...
2026-03-13 13:12:24 | INFO | backtest_engine | Processed 5250/5274 days...
2026-03-13 13:12:24 | INFO | backtest_engine | Benchmark Complete.
2026-03-13 13:12:24 | INFO | backtest_engine | Registered Strategy: MomentumStrategy
2026-03-13 13:12:24 | INFO | backtest_engine | Registered Strategy: RegimeAware(MomentumStrategy)
2026-03-13 13:12:24 | INFO | backtest_engine | Starting Benchmark on 5274 data points...
2026-03-13 13:12:24 | INFO | backtest_engine | Processed 0/5274 days...
2026-03-13 13:12:24 | INFO | backtest_engine | Processed 250/5274 days...
2026-03-13 13:12:24 | INFO | backtest_engine | Processed 500/5274 days...
2026-03-13 13:12:24 | INFO | backtest_engine | Processed 750/5274 days...
2026-03-13 13:12:24 | INFO | backtest_engine | Processed 1000/5274 days...
2026-03-13 13:12:24 | INFO | backtest_engine | Processed 1250/5274 days...
2026-03-13 13:12:24 | INFO | backtest_engine | Processed 1500/5274 days...
2026-03-13 13:12:24 | INFO | backtest_engine | Processed 1750/5274 days...
2026-03-13 13:12:25 | INFO | backtest_engine | Processed 2000/5274 days...
2026-03-13 13:12:25 | INFO | backtest_engine | Processed 2250/5274 days...
2026-03-13 13:12:25 | INFO | backtest_engine | Processed 2500/5274 days...
2026-03-13 13:12:25 | INFO | backtest_engine | Processed 2750/5274 days...
2026-03-13 13:12:25 | INFO | backtest_engine | Processed 3000/5274 days...
2026-03-13 13:12:25 | INFO | backtest_engine | Processed 3250/5274 days...
2026-03-13 13:12:25 | INFO | backtest_engine | Processed 3500/5274 days...
2026-03-13 13:12:25 | INFO | backtest_engine | Processed 3750/5274 days...
2026-03-13 13:12:25 | INFO | backtest_engine | Processed 4000/5274 days...
2026-03-13 13:12:25 | INFO | backtest_engine | Processed 4250/5274 days...
2026-03-13 13:12:25 | INFO | backtest_engine | Processed 4500/5274 days...
2026-03-13 13:12:25 | INFO | backtest_engine | Processed 4750/5274 days...
2026-03-13 13:12:25 | INFO | backtest_engine | Processed 5000/5274 days...
2026-03-13 13:12:25 | INFO | backtest_engine | Processed 5250/5274 days...
2026-03-13 13:12:25 | INFO | backtest_engine | Benchmark Complete.
2026-03-13 13:12:25 | INFO | backtest_engine | Registered Strategy: BreakoutStrategy
2026-03-13 13:12:25 | INFO | backtest_engine | Starting Benchmark on 5274 data points...
2026-03-13 13:12:25 | INFO | backtest_engine | Processed 0/5274 days...
2026-03-13 13:12:25 | INFO | backtest_engine | Processed 250/5274 days...
2026-03-13 13:12:25 | INFO | backtest_engine | Processed 500/5274 days...
2026-03-13 13:12:25 | INFO | backtest_engine | Processed 750/5274 days...
2026-03-13 13:12:25 | INFO | backtest_engine | Processed 1000/5274 days...
2026-03-13 13:12:25 | INFO | backtest_engine | Processed 1250/5274 days...
2026-03-13 13:12:25 | INFO | backtest_engine | Processed 1500/5274 days...
2026-03-13 13:12:25 | INFO | backtest_engine | Processed 1750/5274 days...
2026-03-13 13:12:25 | INFO | backtest_engine | Processed 2000/5274 days...
2026-03-13 13:12:25 | INFO | backtest_engine | Processed 2250/5274 days...
2026-03-13 13:12:25 | INFO | backtest_engine | Processed 2500/5274 days...
2026-03-13 13:12:25 | INFO | backtest_engine | Processed 2750/5274 days...
2026-03-13 13:12:25 | INFO | backtest_engine | Processed 3000/5274 days...
2026-03-13 13:12:25 | INFO | backtest_engine | Processed 3250/5274 days...
2026-03-13 13:12:25 | INFO | backtest_engine | Processed 3500/5274 days...
2026-03-13 13:12:25 | INFO | backtest_engine | Processed 3750/5274 days...
2026-03-13 13:12:25 | INFO | backtest_engine | Processed 4000/5274 days...
2026-03-13 13:12:25 | INFO | backtest_engine | Processed 4250/5274 days...
2026-03-13 13:12:25 | INFO | backtest_engine | Processed 4500/5274 days...
2026-03-13 13:12:25 | INFO | backtest_engine | Processed 4750/5274 days...
2026-03-13 13:12:25 | INFO | backtest_engine | Processed 5000/5274 days...
2026-03-13 13:12:25 | INFO | backtest_engine | Processed 5250/5274 days...
2026-03-13 13:12:25 | INFO | backtest_engine | Benchmark Complete.
2026-03-13 13:12:26 | INFO | backtest_engine | Registered Strategy: BreakoutStrategy
2026-03-13 13:12:26 | INFO | backtest_engine | Registered Strategy: RegimeAware(BreakoutStrategy)
2026-03-13 13:12:26 | INFO | backtest_engine | Starting Benchmark on 5274 data points...
2026-03-13 13:12:26 | INFO | backtest_engine | Processed 0/5274 days...
2026-03-13 13:12:26 | INFO | backtest_engine | Processed 250/5274 days...
2026-03-13 13:12:26 | INFO | backtest_engine | Processed 500/5274 days...
2026-03-13 13:12:26 | INFO | backtest_engine | Processed 750/5274 days...
2026-03-13 13:12:26 | INFO | backtest_engine | Processed 1000/5274 days...
2026-03-13 13:12:26 | INFO | backtest_engine | Processed 1250/5274 days...
2026-03-13 13:12:26 | INFO | backtest_engine | Processed 1500/5274 days...
2026-03-13 13:12:26 | INFO | backtest_engine | Processed 1750/5274 days...
2026-03-13 13:12:26 | INFO | backtest_engine | Processed 2000/5274 days...
2026-03-13 13:12:26 | INFO | backtest_engine | Processed 2250/5274 days...
2026-03-13 13:12:26 | INFO | backtest_engine | Processed 2500/5274 days...
2026-03-13 13:12:26 | INFO | backtest_engine | Processed 2750/5274 days...
2026-03-13 13:12:26 | INFO | backtest_engine | Processed 3000/5274 days...
2026-03-13 13:12:26 | INFO | backtest_engine | Processed 3250/5274 days...
2026-03-13 13:12:26 | INFO | backtest_engine | Processed 3500/5274 days...
2026-03-13 13:12:26 | INFO | backtest_engine | Processed 3750/5274 days...
2026-03-13 13:12:26 | INFO | backtest_engine | Processed 4000/5274 days...
2026-03-13 13:12:26 | INFO | backtest_engine | Processed 4250/5274 days...
2026-03-13 13:12:26 | INFO | backtest_engine | Processed 4500/5274 days...
2026-03-13 13:12:26 | INFO | backtest_engine | Processed 4750/5274 days...
2026-03-13 13:12:26 | INFO | backtest_engine | Processed 5000/5274 days...
2026-03-13 13:12:26 | INFO | backtest_engine | Processed 5250/5274 days...
2026-03-13 13:12:26 | INFO | backtest_engine | Benchmark Complete.
2026-03-13 13:12:26 | INFO | backtest_engine | Registered Strategy: BreakoutStrategy
2026-03-13 13:12:26 | INFO | backtest_engine | Registered Strategy: RegimeAware(BreakoutStrategy)
2026-03-13 13:12:26 | INFO | backtest_engine | Starting Benchmark on 5274 data points...
2026-03-13 13:12:26 | INFO | backtest_engine | Processed 0/5274 days...
2026-03-13 13:12:26 | INFO | backtest_engine | Processed 250/5274 days...
2026-03-13 13:12:26 | INFO | backtest_engine | Processed 500/5274 days...
2026-03-13 13:12:26 | INFO | backtest_engine | Processed 750/5274 days...
2026-03-13 13:12:26 | INFO | backtest_engine | Processed 1000/5274 days...
2026-03-13 13:12:26 | INFO | backtest_engine | Processed 1250/5274 days...
2026-03-13 13:12:26 | INFO | backtest_engine | Processed 1500/5274 days...
2026-03-13 13:12:26 | INFO | backtest_engine | Processed 1750/5274 days...
2026-03-13 13:12:26 | INFO | backtest_engine | Processed 2000/5274 days...
2026-03-13 13:12:27 | INFO | backtest_engine | Processed 2250/5274 days...
2026-03-13 13:12:27 | INFO | backtest_engine | Processed 2500/5274 days...
2026-03-13 13:12:27 | INFO | backtest_engine | Processed 2750/5274 days...
2026-03-13 13:12:27 | INFO | backtest_engine | Processed 3000/5274 days...
2026-03-13 13:12:27 | INFO | backtest_engine | Processed 3250/5274 days...
2026-03-13 13:12:27 | INFO | backtest_engine | Processed 3500/5274 days...
2026-03-13 13:12:27 | INFO | backtest_engine | Processed 3750/5274 days...
2026-03-13 13:12:27 | INFO | backtest_engine | Processed 4000/5274 days...
2026-03-13 13:12:27 | INFO | backtest_engine | Processed 4250/5274 days...
2026-03-13 13:12:27 | INFO | backtest_engine | Processed 4500/5274 days...
2026-03-13 13:12:27 | INFO | backtest_engine | Processed 4750/5274 days...
2026-03-13 13:12:27 | INFO | backtest_engine | Processed 5000/5274 days...
2026-03-13 13:12:27 | INFO | backtest_engine | Processed 5250/5274 days...
2026-03-13 13:12:27 | INFO | backtest_engine | Benchmark Complete.
2026-03-13 13:12:27 | INFO | backtest_engine | Registered Strategy: BreakoutStrategy
2026-03-13 13:12:27 | INFO | backtest_engine | Registered Strategy: RegimeAware(BreakoutStrategy)
2026-03-13 13:12:27 | INFO | backtest_engine | Starting Benchmark on 5274 data points...
2026-03-13 13:12:27 | INFO | backtest_engine | Processed 0/5274 days...
2026-03-13 13:12:27 | INFO | backtest_engine | Processed 250/5274 days...
2026-03-13 13:12:27 | INFO | backtest_engine | Processed 500/5274 days...
2026-03-13 13:12:27 | INFO | backtest_engine | Processed 750/5274 days...
2026-03-13 13:12:27 | INFO | backtest_engine | Processed 1000/5274 days...
2026-03-13 13:12:27 | INFO | backtest_engine | Processed 1250/5274 days...
2026-03-13 13:12:27 | INFO | backtest_engine | Processed 1500/5274 days...
2026-03-13 13:12:27 | INFO | backtest_engine | Processed 1750/5274 days...
2026-03-13 13:12:27 | INFO | backtest_engine | Processed 2000/5274 days...
2026-03-13 13:12:27 | INFO | backtest_engine | Processed 2250/5274 days...
2026-03-13 13:12:27 | INFO | backtest_engine | Processed 2500/5274 days...
2026-03-13 13:12:27 | INFO | backtest_engine | Processed 2750/5274 days...
2026-03-13 13:12:27 | INFO | backtest_engine | Processed 3000/5274 days...
2026-03-13 13:12:27 | INFO | backtest_engine | Processed 3250/5274 days...
2026-03-13 13:12:27 | INFO | backtest_engine | Processed 3500/5274 days...
2026-03-13 13:12:27 | INFO | backtest_engine | Processed 3750/5274 days...
2026-03-13 13:12:27 | INFO | backtest_engine | Processed 4000/5274 days...
2026-03-13 13:12:27 | INFO | backtest_engine | Processed 4250/5274 days...
2026-03-13 13:12:27 | INFO | backtest_engine | Processed 4500/5274 days...
2026-03-13 13:12:28 | INFO | backtest_engine | Processed 4750/5274 days...
2026-03-13 13:12:28 | INFO | backtest_engine | Processed 5000/5274 days...
2026-03-13 13:12:28 | INFO | backtest_engine | Processed 5250/5274 days...
2026-03-13 13:12:28 | INFO | backtest_engine | Benchmark Complete.
2026-03-13 13:12:28 | INFO | backtest_engine | Registered Strategy: MovingAverageCrossStrategy
2026-03-13 13:12:28 | INFO | backtest_engine | Starting Benchmark on 5274 data points...
2026-03-13 13:12:28 | INFO | backtest_engine | Processed 0/5274 days...
2026-03-13 13:12:28 | INFO | backtest_engine | Processed 250/5274 days...
2026-03-13 13:12:28 | INFO | backtest_engine | Processed 500/5274 days...
2026-03-13 13:12:28 | INFO | backtest_engine | Processed 750/5274 days...
2026-03-13 13:12:28 | INFO | backtest_engine | Processed 1000/5274 days...
2026-03-13 13:12:28 | INFO | backtest_engine | Processed 1250/5274 days...
2026-03-13 13:12:28 | INFO | backtest_engine | Processed 1500/5274 days...
2026-03-13 13:12:28 | INFO | backtest_engine | Processed 1750/5274 days...
2026-03-13 13:12:28 | INFO | backtest_engine | Processed 2000/5274 days...
2026-03-13 13:12:28 | INFO | backtest_engine | Processed 2250/5274 days...
2026-03-13 13:12:28 | INFO | backtest_engine | Processed 2500/5274 days...
2026-03-13 13:12:28 | INFO | backtest_engine | Processed 2750/5274 days...
2026-03-13 13:12:28 | INFO | backtest_engine | Processed 3000/5274 days...
2026-03-13 13:12:28 | INFO | backtest_engine | Processed 3250/5274 days...
2026-03-13 13:12:28 | INFO | backtest_engine | Processed 3500/5274 days...
2026-03-13 13:12:28 | INFO | backtest_engine | Processed 3750/5274 days...
2026-03-13 13:12:28 | INFO | backtest_engine | Processed 4000/5274 days...
2026-03-13 13:12:28 | INFO | backtest_engine | Processed 4250/5274 days...
2026-03-13 13:12:28 | INFO | backtest_engine | Processed 4500/5274 days...
2026-03-13 13:12:28 | INFO | backtest_engine | Processed 4750/5274 days...
2026-03-13 13:12:28 | INFO | backtest_engine | Processed 5000/5274 days...
2026-03-13 13:12:28 | INFO | backtest_engine | Processed 5250/5274 days...
2026-03-13 13:12:28 | INFO | backtest_engine | Benchmark Complete.
2026-03-13 13:12:28 | INFO | backtest_engine | Registered Strategy: MovingAverageCrossStrategy
2026-03-13 13:12:28 | INFO | backtest_engine | Registered Strategy: RegimeAware(MovingAverageCrossStrategy)
2026-03-13 13:12:28 | INFO | backtest_engine | Starting Benchmark on 5274 data points...
2026-03-13 13:12:28 | INFO | backtest_engine | Processed 0/5274 days...
2026-03-13 13:12:28 | INFO | backtest_engine | Processed 250/5274 days...
2026-03-13 13:12:28 | INFO | backtest_engine | Processed 500/5274 days...
2026-03-13 13:12:28 | INFO | backtest_engine | Processed 750/5274 days...
2026-03-13 13:12:28 | INFO | backtest_engine | Processed 1000/5274 days...
2026-03-13 13:12:28 | INFO | backtest_engine | Processed 1250/5274 days...
2026-03-13 13:12:28 | INFO | backtest_engine | Processed 1500/5274 days...
2026-03-13 13:12:28 | INFO | backtest_engine | Processed 1750/5274 days...
2026-03-13 13:12:28 | INFO | backtest_engine | Processed 2000/5274 days...
2026-03-13 13:12:29 | INFO | backtest_engine | Processed 2250/5274 days...
2026-03-13 13:12:29 | INFO | backtest_engine | Processed 2500/5274 days...
2026-03-13 13:12:29 | INFO | backtest_engine | Processed 2750/5274 days...
2026-03-13 13:12:29 | INFO | backtest_engine | Processed 3000/5274 days...
2026-03-13 13:12:29 | INFO | backtest_engine | Processed 3250/5274 days...
2026-03-13 13:12:29 | INFO | backtest_engine | Processed 3500/5274 days...
2026-03-13 13:12:29 | INFO | backtest_engine | Processed 3750/5274 days...
2026-03-13 13:12:29 | INFO | backtest_engine | Processed 4000/5274 days...
2026-03-13 13:12:29 | INFO | backtest_engine | Processed 4250/5274 days...
2026-03-13 13:12:29 | INFO | backtest_engine | Processed 4500/5274 days...
2026-03-13 13:12:29 | INFO | backtest_engine | Processed 4750/5274 days...
2026-03-13 13:12:29 | INFO | backtest_engine | Processed 5000/5274 days...
2026-03-13 13:12:29 | INFO | backtest_engine | Processed 5250/5274 days...
2026-03-13 13:12:29 | INFO | backtest_engine | Benchmark Complete.
2026-03-13 13:12:29 | INFO | backtest_engine | Registered Strategy: MovingAverageCrossStrategy
2026-03-13 13:12:29 | INFO | backtest_engine | Registered Strategy: RegimeAware(MovingAverageCrossStrategy)
2026-03-13 13:12:29 | INFO | backtest_engine | Starting Benchmark on 5274 data points...
2026-03-13 13:12:29 | INFO | backtest_engine | Processed 0/5274 days...
2026-03-13 13:12:29 | INFO | backtest_engine | Processed 250/5274 days...
2026-03-13 13:12:29 | INFO | backtest_engine | Processed 500/5274 days...
2026-03-13 13:12:29 | INFO | backtest_engine | Processed 750/5274 days...
2026-03-13 13:12:29 | INFO | backtest_engine | Processed 1000/5274 days...
2026-03-13 13:12:29 | INFO | backtest_engine | Processed 1250/5274 days...
2026-03-13 13:12:29 | INFO | backtest_engine | Processed 1500/5274 days...
2026-03-13 13:12:29 | INFO | backtest_engine | Processed 1750/5274 days...
2026-03-13 13:12:29 | INFO | backtest_engine | Processed 2000/5274 days...
2026-03-13 13:12:29 | INFO | backtest_engine | Processed 2250/5274 days...
2026-03-13 13:12:29 | INFO | backtest_engine | Processed 2500/5274 days...
2026-03-13 13:12:29 | INFO | backtest_engine | Processed 2750/5274 days...
2026-03-13 13:12:29 | INFO | backtest_engine | Processed 3000/5274 days...
2026-03-13 13:12:29 | INFO | backtest_engine | Processed 3250/5274 days...
2026-03-13 13:12:29 | INFO | backtest_engine | Processed 3500/5274 days...
2026-03-13 13:12:29 | INFO | backtest_engine | Processed 3750/5274 days...
2026-03-13 13:12:29 | INFO | backtest_engine | Processed 4000/5274 days...
2026-03-13 13:12:29 | INFO | backtest_engine | Processed 4250/5274 days...
2026-03-13 13:12:29 | INFO | backtest_engine | Processed 4500/5274 days...
2026-03-13 13:12:29 | INFO | backtest_engine | Processed 4750/5274 days...
2026-03-13 13:12:29 | INFO | backtest_engine | Processed 5000/5274 days...
2026-03-13 13:12:29 | INFO | backtest_engine | Processed 5250/5274 days...
2026-03-13 13:12:30 | INFO | backtest_engine | Benchmark Complete.
2026-03-13 13:12:30 | INFO | backtest_engine | Registered Strategy: MovingAverageCrossStrategy
2026-03-13 13:12:30 | INFO | backtest_engine | Registered Strategy: RegimeAware(MovingAverageCrossStrategy)
2026-03-13 13:12:30 | INFO | backtest_engine | Starting Benchmark on 5274 data points...
2026-03-13 13:12:30 | INFO | backtest_engine | Processed 0/5274 days...
2026-03-13 13:12:30 | INFO | backtest_engine | Processed 250/5274 days...
2026-03-13 13:12:30 | INFO | backtest_engine | Processed 500/5274 days...
2026-03-13 13:12:30 | INFO | backtest_engine | Processed 750/5274 days...
2026-03-13 13:12:30 | INFO | backtest_engine | Processed 1000/5274 days...
2026-03-13 13:12:30 | INFO | backtest_engine | Processed 1250/5274 days...
2026-03-13 13:12:30 | INFO | backtest_engine | Processed 1500/5274 days...
2026-03-13 13:12:30 | INFO | backtest_engine | Processed 1750/5274 days...
2026-03-13 13:12:30 | INFO | backtest_engine | Processed 2000/5274 days...
2026-03-13 13:12:30 | INFO | backtest_engine | Processed 2250/5274 days...
2026-03-13 13:12:30 | INFO | backtest_engine | Processed 2500/5274 days...
2026-03-13 13:12:30 | INFO | backtest_engine | Processed 2750/5274 days...
2026-03-13 13:12:30 | INFO | backtest_engine | Processed 3000/5274 days...
2026-03-13 13:12:30 | INFO | backtest_engine | Processed 3250/5274 days...
2026-03-13 13:12:30 | INFO | backtest_engine | Processed 3500/5274 days...
2026-03-13 13:12:30 | INFO | backtest_engine | Processed 3750/5274 days...
2026-03-13 13:12:30 | INFO | backtest_engine | Processed 4000/5274 days...
2026-03-13 13:12:30 | INFO | backtest_engine | Processed 4250/5274 days...
2026-03-13 13:12:30 | INFO | backtest_engine | Processed 4500/5274 days...
2026-03-13 13:12:30 | INFO | backtest_engine | Processed 4750/5274 days...
2026-03-13 13:12:30 | INFO | backtest_engine | Processed 5000/5274 days...
2026-03-13 13:12:30 | INFO | backtest_engine | Processed 5250/5274 days...
2026-03-13 13:12:30 | INFO | backtest_engine | Benchmark Complete.
2026-03-13 13:12:31 | INFO | backtest_engine | Registered Strategy: VolatilityBreakoutStrategy
2026-03-13 13:12:31 | INFO | backtest_engine | Starting Benchmark on 5274 data points...
2026-03-13 13:12:31 | INFO | backtest_engine | Processed 0/5274 days...
2026-03-13 13:12:31 | INFO | backtest_engine | Processed 250/5274 days...
2026-03-13 13:12:31 | INFO | backtest_engine | Processed 500/5274 days...
2026-03-13 13:12:31 | INFO | backtest_engine | Processed 750/5274 days...
2026-03-13 13:12:31 | INFO | backtest_engine | Processed 1000/5274 days...
2026-03-13 13:12:31 | INFO | backtest_engine | Processed 1250/5274 days...
2026-03-13 13:12:31 | INFO | backtest_engine | Processed 1500/5274 days...
2026-03-13 13:12:31 | INFO | backtest_engine | Processed 1750/5274 days...
2026-03-13 13:12:31 | INFO | backtest_engine | Processed 2000/5274 days...
2026-03-13 13:12:31 | INFO | backtest_engine | Processed 2250/5274 days...
2026-03-13 13:12:31 | INFO | backtest_engine | Processed 2500/5274 days...
2026-03-13 13:12:31 | INFO | backtest_engine | Processed 2750/5274 days...
2026-03-13 13:12:31 | INFO | backtest_engine | Processed 3000/5274 days...
2026-03-13 13:12:31 | INFO | backtest_engine | Processed 3250/5274 days...
2026-03-13 13:12:31 | INFO | backtest_engine | Processed 3500/5274 days...
2026-03-13 13:12:31 | INFO | backtest_engine | Processed 3750/5274 days...
2026-03-13 13:12:31 | INFO | backtest_engine | Processed 4000/5274 days...
2026-03-13 13:12:31 | INFO | backtest_engine | Processed 4250/5274 days...
2026-03-13 13:12:31 | INFO | backtest_engine | Processed 4500/5274 days...
2026-03-13 13:12:31 | INFO | backtest_engine | Processed 4750/5274 days...
2026-03-13 13:12:31 | INFO | backtest_engine | Processed 5000/5274 days...
2026-03-13 13:12:31 | INFO | backtest_engine | Processed 5250/5274 days...
2026-03-13 13:12:31 | INFO | backtest_engine | Benchmark Complete.
2026-03-13 13:12:31 | INFO | backtest_engine | Registered Strategy: VolatilityBreakoutStrategy
2026-03-13 13:12:31 | INFO | backtest_engine | Registered Strategy: RegimeAware(VolatilityBreakoutStrategy)
2026-03-13 13:12:31 | INFO | backtest_engine | Starting Benchmark on 5274 data points...
2026-03-13 13:12:31 | INFO | backtest_engine | Processed 0/5274 days...
2026-03-13 13:12:31 | INFO | backtest_engine | Processed 250/5274 days...
2026-03-13 13:12:31 | INFO | backtest_engine | Processed 500/5274 days...
2026-03-13 13:12:31 | INFO | backtest_engine | Processed 750/5274 days...
2026-03-13 13:12:31 | INFO | backtest_engine | Processed 1000/5274 days...
2026-03-13 13:12:31 | INFO | backtest_engine | Processed 1250/5274 days...
2026-03-13 13:12:31 | INFO | backtest_engine | Processed 1500/5274 days...
2026-03-13 13:12:31 | INFO | backtest_engine | Processed 1750/5274 days...
2026-03-13 13:12:31 | INFO | backtest_engine | Processed 2000/5274 days...
2026-03-13 13:12:31 | INFO | backtest_engine | Processed 2250/5274 days...
2026-03-13 13:12:31 | INFO | backtest_engine | Processed 2500/5274 days...
2026-03-13 13:12:31 | INFO | backtest_engine | Processed 2750/5274 days...
2026-03-13 13:12:31 | INFO | backtest_engine | Processed 3000/5274 days...
2026-03-13 13:12:31 | INFO | backtest_engine | Processed 3250/5274 days...
2026-03-13 13:12:31 | INFO | backtest_engine | Processed 3500/5274 days...
2026-03-13 13:12:31 | INFO | backtest_engine | Processed 3750/5274 days...
2026-03-13 13:12:31 | INFO | backtest_engine | Processed 4000/5274 days...
2026-03-13 13:12:31 | INFO | backtest_engine | Processed 4250/5274 days...
2026-03-13 13:12:31 | INFO | backtest_engine | Processed 4500/5274 days...
2026-03-13 13:12:31 | INFO | backtest_engine | Processed 4750/5274 days...
2026-03-13 13:12:32 | INFO | backtest_engine | Processed 5000/5274 days...
2026-03-13 13:12:32 | INFO | backtest_engine | Processed 5250/5274 days...
2026-03-13 13:12:32 | INFO | backtest_engine | Benchmark Complete.
2026-03-13 13:12:32 | INFO | backtest_engine | Registered Strategy: VolatilityBreakoutStrategy
2026-03-13 13:12:32 | INFO | backtest_engine | Registered Strategy: RegimeAware(VolatilityBreakoutStrategy)
2026-03-13 13:12:32 | INFO | backtest_engine | Starting Benchmark on 5274 data points...
2026-03-13 13:12:32 | INFO | backtest_engine | Processed 0/5274 days...
2026-03-13 13:12:32 | INFO | backtest_engine | Processed 250/5274 days...
2026-03-13 13:12:32 | INFO | backtest_engine | Processed 500/5274 days...
2026-03-13 13:12:32 | INFO | backtest_engine | Processed 750/5274 days...
2026-03-13 13:12:32 | INFO | backtest_engine | Processed 1000/5274 days...
2026-03-13 13:12:32 | INFO | backtest_engine | Processed 1250/5274 days...
2026-03-13 13:12:32 | INFO | backtest_engine | Processed 1500/5274 days...
2026-03-13 13:12:32 | INFO | backtest_engine | Processed 1750/5274 days...
2026-03-13 13:12:32 | INFO | backtest_engine | Processed 2000/5274 days...
2026-03-13 13:12:32 | INFO | backtest_engine | Processed 2250/5274 days...
2026-03-13 13:12:32 | INFO | backtest_engine | Processed 2500/5274 days...
2026-03-13 13:12:32 | INFO | backtest_engine | Processed 2750/5274 days...
2026-03-13 13:12:32 | INFO | backtest_engine | Processed 3000/5274 days...
2026-03-13 13:12:32 | INFO | backtest_engine | Processed 3250/5274 days...
2026-03-13 13:12:32 | INFO | backtest_engine | Processed 3500/5274 days...
2026-03-13 13:12:32 | INFO | backtest_engine | Processed 3750/5274 days...
2026-03-13 13:12:32 | INFO | backtest_engine | Processed 4000/5274 days...
2026-03-13 13:12:32 | INFO | backtest_engine | Processed 4250/5274 days...
2026-03-13 13:12:32 | INFO | backtest_engine | Processed 4500/5274 days...
2026-03-13 13:12:32 | INFO | backtest_engine | Processed 4750/5274 days...
2026-03-13 13:12:32 | INFO | backtest_engine | Processed 5000/5274 days...
2026-03-13 13:12:32 | INFO | backtest_engine | Processed 5250/5274 days...
2026-03-13 13:12:32 | INFO | backtest_engine | Benchmark Complete.
2026-03-13 13:12:33 | INFO | backtest_engine | Registered Strategy: VolatilityBreakoutStrategy
2026-03-13 13:12:33 | INFO | backtest_engine | Registered Strategy: RegimeAware(VolatilityBreakoutStrategy)
2026-03-13 13:12:33 | INFO | backtest_engine | Starting Benchmark on 5274 data points...
2026-03-13 13:12:33 | INFO | backtest_engine | Processed 0/5274 days...
2026-03-13 13:12:33 | INFO | backtest_engine | Processed 250/5274 days...
2026-03-13 13:12:33 | INFO | backtest_engine | Processed 500/5274 days...
2026-03-13 13:12:33 | INFO | backtest_engine | Processed 750/5274 days...
2026-03-13 13:12:33 | INFO | backtest_engine | Processed 1000/5274 days...
2026-03-13 13:12:33 | INFO | backtest_engine | Processed 1250/5274 days...
2026-03-13 13:12:33 | INFO | backtest_engine | Processed 1500/5274 days...
2026-03-13 13:12:33 | INFO | backtest_engine | Processed 1750/5274 days...
2026-03-13 13:12:33 | INFO | backtest_engine | Processed 2000/5274 days...
2026-03-13 13:12:33 | INFO | backtest_engine | Processed 2250/5274 days...
2026-03-13 13:12:33 | INFO | backtest_engine | Processed 2500/5274 days...
2026-03-13 13:12:33 | INFO | backtest_engine | Processed 2750/5274 days...
2026-03-13 13:12:33 | INFO | backtest_engine | Processed 3000/5274 days...
2026-03-13 13:12:33 | INFO | backtest_engine | Processed 3250/5274 days...
2026-03-13 13:12:33 | INFO | backtest_engine | Processed 3500/5274 days...
2026-03-13 13:12:33 | INFO | backtest_engine | Processed 3750/5274 days...
2026-03-13 13:12:33 | INFO | backtest_engine | Processed 4000/5274 days...
2026-03-13 13:12:33 | INFO | backtest_engine | Processed 4250/5274 days...
2026-03-13 13:12:33 | INFO | backtest_engine | Processed 4500/5274 days...
2026-03-13 13:12:33 | INFO | backtest_engine | Processed 4750/5274 days...
2026-03-13 13:12:33 | INFO | backtest_engine | Processed 5000/5274 days...
2026-03-13 13:12:33 | INFO | backtest_engine | Processed 5250/5274 days...
2026-03-13 13:12:33 | INFO | backtest_engine | Benchmark Complete.
2026-03-13 13:15:09 | INFO | backtest_engine | Registered Strategy: MovingAverageCrossStrategy
2026-03-13 13:15:09 | INFO | backtest_engine | Registered Strategy: RegimeAware(MovingAverageCrossStrategy)
2026-03-13 13:15:09 | INFO | backtest_engine | Starting Benchmark on 6090 data points...
2026-03-13 13:15:11 | INFO | backtest_engine | Processed 0/6090 days...
2026-03-13 13:15:11 | INFO | backtest_engine | Processed 250/6090 days...
2026-03-13 13:15:11 | INFO | backtest_engine | Processed 500/6090 days...
2026-03-13 13:15:11 | INFO | backtest_engine | Processed 750/6090 days...
2026-03-13 13:15:11 | INFO | backtest_engine | Processed 1000/6090 days...
2026-03-13 13:15:11 | INFO | backtest_engine | Processed 1250/6090 days...
2026-03-13 13:15:11 | INFO | backtest_engine | Processed 1500/6090 days...
2026-03-13 13:15:11 | INFO | backtest_engine | Processed 1750/6090 days...
2026-03-13 13:15:11 | INFO | backtest_engine | Processed 2000/6090 days...
2026-03-13 13:15:11 | INFO | backtest_engine | Processed 2250/6090 days...
2026-03-13 13:15:11 | INFO | backtest_engine | Processed 2500/6090 days...
2026-03-13 13:15:11 | INFO | backtest_engine | Processed 2750/6090 days...
2026-03-13 13:15:11 | INFO | backtest_engine | Processed 3000/6090 days...
2026-03-13 13:15:11 | INFO | backtest_engine | Processed 3250/6090 days...
2026-03-13 13:15:11 | INFO | backtest_engine | Processed 3500/6090 days...
2026-03-13 13:15:11 | INFO | backtest_engine | Processed 3750/6090 days...
2026-03-13 13:15:11 | INFO | backtest_engine | Processed 4000/6090 days...
2026-03-13 13:15:11 | INFO | backtest_engine | Processed 4250/6090 days...
2026-03-13 13:15:12 | INFO | backtest_engine | Processed 4500/6090 days...
2026-03-13 13:15:12 | INFO | backtest_engine | Processed 4750/6090 days...
2026-03-13 13:15:12 | INFO | backtest_engine | Processed 5000/6090 days...
2026-03-13 13:15:12 | INFO | backtest_engine | Processed 5250/6090 days...
2026-03-13 13:15:12 | INFO | backtest_engine | Processed 5500/6090 days...
2026-03-13 13:15:12 | INFO | backtest_engine | Processed 5750/6090 days...
2026-03-13 13:15:12 | INFO | backtest_engine | Processed 6000/6090 days...
2026-03-13 13:15:12 | INFO | backtest_engine | Benchmark Complete.
2026-03-13 13:15:53 | INFO | backtest_engine | Registered Strategy: MeanReversionStrategy
2026-03-13 13:15:53 | INFO | backtest_engine | Registered Strategy: RegimeAware(MeanReversionStrategy)
2026-03-13 13:15:53 | INFO | backtest_engine | Starting Benchmark on 6090 data points...
2026-03-13 13:15:53 | INFO | backtest_engine | Processed 0/6090 days...
2026-03-13 13:15:53 | INFO | backtest_engine | Processed 250/6090 days...
2026-03-13 13:15:53 | INFO | backtest_engine | Processed 500/6090 days...
2026-03-13 13:15:53 | INFO | backtest_engine | Processed 750/6090 days...
2026-03-13 13:15:53 | INFO | backtest_engine | Processed 1000/6090 days...
2026-03-13 13:15:53 | INFO | backtest_engine | Processed 1250/6090 days...
2026-03-13 13:15:54 | INFO | backtest_engine | Processed 1500/6090 days...
2026-03-13 13:15:54 | INFO | backtest_engine | Processed 1750/6090 days...
2026-03-13 13:15:54 | INFO | backtest_engine | Processed 2000/6090 days...
2026-03-13 13:15:54 | INFO | backtest_engine | Processed 2250/6090 days...
2026-03-13 13:15:54 | INFO | backtest_engine | Processed 2500/6090 days...
2026-03-13 13:15:54 | INFO | backtest_engine | Processed 2750/6090 days...
2026-03-13 13:15:54 | INFO | backtest_engine | Processed 3000/6090 days...
2026-03-13 13:15:54 | INFO | backtest_engine | Processed 3250/6090 days...
2026-03-13 13:15:54 | INFO | backtest_engine | Processed 3500/6090 days...
2026-03-13 13:15:54 | INFO | backtest_engine | Processed 3750/6090 days...
2026-03-13 13:15:54 | INFO | backtest_engine | Processed 4000/6090 days...
2026-03-13 13:15:54 | INFO | backtest_engine | Processed 4250/6090 days...
2026-03-13 13:15:54 | INFO | backtest_engine | Processed 4500/6090 days...
2026-03-13 13:15:54 | INFO | backtest_engine | Processed 4750/6090 days...
2026-03-13 13:15:54 | INFO | backtest_engine | Processed 5000/6090 days...
2026-03-13 13:15:54 | INFO | backtest_engine | Processed 5250/6090 days...
2026-03-13 13:15:54 | INFO | backtest_engine | Processed 5500/6090 days...
2026-03-13 13:15:54 | INFO | backtest_engine | Processed 5750/6090 days...
2026-03-13 13:15:54 | INFO | backtest_engine | Processed 6000/6090 days...
2026-03-13 13:15:54 | INFO | backtest_engine | Benchmark Complete.
2026-03-13 13:16:20 | INFO | backtest_engine | Registered Strategy: MomentumStrategy
2026-03-13 13:16:20 | INFO | backtest_engine | Registered Strategy: RegimeAware(MomentumStrategy)
2026-03-13 13:16:20 | INFO | backtest_engine | Starting Benchmark on 6090 data points...
2026-03-13 13:16:20 | INFO | backtest_engine | Processed 0/6090 days...
2026-03-13 13:16:20 | INFO | backtest_engine | Processed 250/6090 days...
2026-03-13 13:16:20 | INFO | backtest_engine | Processed 500/6090 days...
2026-03-13 13:16:20 | INFO | backtest_engine | Processed 750/6090 days...
2026-03-13 13:16:20 | INFO | backtest_engine | Processed 1000/6090 days...
2026-03-13 13:16:20 | INFO | backtest_engine | Processed 1250/6090 days...
2026-03-13 13:16:20 | INFO | backtest_engine | Processed 1500/6090 days...
2026-03-13 13:16:20 | INFO | backtest_engine | Processed 1750/6090 days...
2026-03-13 13:16:20 | INFO | backtest_engine | Processed 2000/6090 days...
2026-03-13 13:16:20 | INFO | backtest_engine | Processed 2250/6090 days...
2026-03-13 13:16:20 | INFO | backtest_engine | Processed 2500/6090 days...
2026-03-13 13:16:20 | INFO | backtest_engine | Processed 2750/6090 days...
2026-03-13 13:16:20 | INFO | backtest_engine | Processed 3000/6090 days...
2026-03-13 13:16:20 | INFO | backtest_engine | Processed 3250/6090 days...
2026-03-13 13:16:20 | INFO | backtest_engine | Processed 3500/6090 days...
2026-03-13 13:16:21 | INFO | backtest_engine | Processed 3750/6090 days...
2026-03-13 13:16:21 | INFO | backtest_engine | Processed 4000/6090 days...
2026-03-13 13:16:21 | INFO | backtest_engine | Processed 4250/6090 days...
2026-03-13 13:16:21 | INFO | backtest_engine | Processed 4500/6090 days...
2026-03-13 13:16:21 | INFO | backtest_engine | Processed 4750/6090 days...
2026-03-13 13:16:21 | INFO | backtest_engine | Processed 5000/6090 days...
2026-03-13 13:16:21 | INFO | backtest_engine | Processed 5250/6090 days...
2026-03-13 13:16:21 | INFO | backtest_engine | Processed 5500/6090 days...
2026-03-13 13:16:21 | INFO | backtest_engine | Processed 5750/6090 days...
2026-03-13 13:16:21 | INFO | backtest_engine | Processed 6000/6090 days...
2026-03-13 13:16:21 | INFO | backtest_engine | Benchmark Complete.
2026-03-13 13:17:24 | INFO | backtest_engine | Registered Strategy: MomentumStrategy
2026-03-13 13:17:24 | INFO | backtest_engine | Registered Strategy: RegimeAware(MomentumStrategy)
2026-03-13 13:17:24 | INFO | backtest_engine | Starting Benchmark on 6090 data points...
2026-03-13 13:17:24 | INFO | backtest_engine | Processed 0/6090 days...
2026-03-13 13:17:24 | INFO | backtest_engine | Processed 250/6090 days...
2026-03-13 13:17:24 | INFO | backtest_engine | Processed 500/6090 days...
2026-03-13 13:17:25 | INFO | backtest_engine | Processed 750/6090 days...
2026-03-13 13:17:25 | INFO | backtest_engine | Processed 1000/6090 days...
2026-03-13 13:17:25 | INFO | backtest_engine | Processed 1250/6090 days...
2026-03-13 13:17:25 | INFO | backtest_engine | Processed 1500/6090 days...
2026-03-13 13:17:25 | INFO | backtest_engine | Processed 1750/6090 days...
2026-03-13 13:17:25 | INFO | backtest_engine | Processed 2000/6090 days...
2026-03-13 13:17:25 | INFO | backtest_engine | Processed 2250/6090 days...
2026-03-13 13:17:25 | INFO | backtest_engine | Processed 2500/6090 days...
2026-03-13 13:17:25 | INFO | backtest_engine | Processed 2750/6090 days...
2026-03-13 13:17:25 | INFO | backtest_engine | Processed 3000/6090 days...
2026-03-13 13:17:25 | INFO | backtest_engine | Processed 3250/6090 days...
2026-03-13 13:17:25 | INFO | backtest_engine | Processed 3500/6090 days...
2026-03-13 13:17:25 | INFO | backtest_engine | Processed 3750/6090 days...
2026-03-13 13:17:25 | INFO | backtest_engine | Processed 4000/6090 days...
2026-03-13 13:17:25 | INFO | backtest_engine | Processed 4250/6090 days...
2026-03-13 13:17:25 | INFO | backtest_engine | Processed 4500/6090 days...
2026-03-13 13:17:25 | INFO | backtest_engine | Processed 4750/6090 days...
2026-03-13 13:17:25 | INFO | backtest_engine | Processed 5000/6090 days...
2026-03-13 13:17:25 | INFO | backtest_engine | Processed 5250/6090 days...
2026-03-13 13:17:25 | INFO | backtest_engine | Processed 5500/6090 days...
2026-03-13 13:17:25 | INFO | backtest_engine | Processed 5750/6090 days...
2026-03-13 13:17:25 | INFO | backtest_engine | Processed 6000/6090 days...
2026-03-13 13:17:25 | INFO | backtest_engine | Benchmark Complete.
2026-03-13 13:17:33 | INFO | backtest_engine | Registered Strategy: MomentumStrategy
2026-03-13 13:17:33 | INFO | backtest_engine | Registered Strategy: RegimeAware(MomentumStrategy)
2026-03-13 13:17:33 | INFO | backtest_engine | Starting Benchmark on 6090 data points...
2026-03-13 13:17:33 | INFO | backtest_engine | Processed 0/6090 days...
2026-03-13 13:17:33 | INFO | backtest_engine | Processed 250/6090 days...
2026-03-13 13:17:33 | INFO | backtest_engine | Processed 500/6090 days...
2026-03-13 13:17:33 | INFO | backtest_engine | Processed 750/6090 days...
2026-03-13 13:17:33 | INFO | backtest_engine | Processed 1000/6090 days...
2026-03-13 13:17:33 | INFO | backtest_engine | Processed 1250/6090 days...
2026-03-13 13:17:33 | INFO | backtest_engine | Processed 1500/6090 days...
2026-03-13 13:17:33 | INFO | backtest_engine | Processed 1750/6090 days...
2026-03-13 13:17:33 | INFO | backtest_engine | Processed 2000/6090 days...
2026-03-13 13:17:33 | INFO | backtest_engine | Processed 2250/6090 days...
2026-03-13 13:17:33 | INFO | backtest_engine | Processed 2500/6090 days...
2026-03-13 13:17:33 | INFO | backtest_engine | Processed 2750/6090 days...
2026-03-13 13:17:33 | INFO | backtest_engine | Processed 3000/6090 days...
2026-03-13 13:17:33 | INFO | backtest_engine | Processed 3250/6090 days...
2026-03-13 13:17:33 | INFO | backtest_engine | Processed 3500/6090 days...
2026-03-13 13:17:33 | INFO | backtest_engine | Processed 3750/6090 days...
2026-03-13 13:17:33 | INFO | backtest_engine | Processed 4000/6090 days...
2026-03-13 13:17:33 | INFO | backtest_engine | Processed 4250/6090 days...
2026-03-13 13:17:33 | INFO | backtest_engine | Processed 4500/6090 days...
2026-03-13 13:17:33 | INFO | backtest_engine | Processed 4750/6090 days...
2026-03-13 13:17:33 | INFO | backtest_engine | Processed 5000/6090 days...
2026-03-13 13:17:33 | INFO | backtest_engine | Processed 5250/6090 days...
2026-03-13 13:17:34 | INFO | backtest_engine | Processed 5500/6090 days...
2026-03-13 13:17:34 | INFO | backtest_engine | Processed 5750/6090 days...
2026-03-13 13:17:34 | INFO | backtest_engine | Processed 6000/6090 days...
2026-03-13 13:17:34 | INFO | backtest_engine | Benchmark Complete.
2026-03-13 13:17:45 | INFO | backtest_engine | Registered Strategy: TrendFollowingStrategy
2026-03-13 13:17:45 | INFO | backtest_engine | Registered Strategy: RegimeAware(TrendFollowingStrategy)
2026-03-13 13:17:45 | INFO | backtest_engine | Starting Benchmark on 6090 data points...
2026-03-13 13:17:45 | INFO | backtest_engine | Processed 0/6090 days...
2026-03-13 13:17:45 | INFO | backtest_engine | Processed 250/6090 days...
2026-03-13 13:17:45 | INFO | backtest_engine | Processed 500/6090 days...
2026-03-13 13:17:45 | INFO | backtest_engine | Processed 750/6090 days...
2026-03-13 13:17:45 | INFO | backtest_engine | Processed 1000/6090 days...
2026-03-13 13:17:45 | INFO | backtest_engine | Processed 1250/6090 days...
2026-03-13 13:17:45 | INFO | backtest_engine | Processed 1500/6090 days...
2026-03-13 13:17:45 | INFO | backtest_engine | Processed 1750/6090 days...
2026-03-13 13:17:45 | INFO | backtest_engine | Processed 2000/6090 days...
2026-03-13 13:17:45 | INFO | backtest_engine | Processed 2250/6090 days...
2026-03-13 13:17:45 | INFO | backtest_engine | Processed 2500/6090 days...
2026-03-13 13:17:45 | INFO | backtest_engine | Processed 2750/6090 days...
2026-03-13 13:17:45 | INFO | backtest_engine | Processed 3000/6090 days...
2026-03-13 13:17:45 | INFO | backtest_engine | Processed 3250/6090 days...
2026-03-13 13:17:45 | INFO | backtest_engine | Processed 3500/6090 days...
2026-03-13 13:17:45 | INFO | backtest_engine | Processed 3750/6090 days...
2026-03-13 13:17:45 | INFO | backtest_engine | Processed 4000/6090 days...
2026-03-13 13:17:45 | INFO | backtest_engine | Processed 4250/6090 days...
2026-03-13 13:17:45 | INFO | backtest_engine | Processed 4500/6090 days...
2026-03-13 13:17:45 | INFO | backtest_engine | Processed 4750/6090 days...
2026-03-13 13:17:45 | INFO | backtest_engine | Processed 5000/6090 days...
2026-03-13 13:17:45 | INFO | backtest_engine | Processed 5250/6090 days...
2026-03-13 13:17:46 | INFO | backtest_engine | Processed 5500/6090 days...
2026-03-13 13:17:46 | INFO | backtest_engine | Processed 5750/6090 days...
2026-03-13 13:17:46 | INFO | backtest_engine | Processed 6000/6090 days...
2026-03-13 13:17:46 | INFO | backtest_engine | Benchmark Complete.
2026-03-13 13:35:11 | INFO | backtest_engine | Registered Strategy: MeanReversionStrategy
2026-03-13 13:35:11 | INFO | backtest_engine | Registered Strategy: RegimeAware(MeanReversionStrategy)
2026-03-13 13:35:11 | INFO | backtest_engine | Starting Benchmark on 6090 data points...
2026-03-13 13:35:12 | INFO | backtest_engine | Processed 0/6090 days...
2026-03-13 13:35:12 | INFO | backtest_engine | Processed 250/6090 days...
2026-03-13 13:35:12 | INFO | backtest_engine | Processed 500/6090 days...
2026-03-13 13:35:13 | INFO | backtest_engine | Processed 750/6090 days...
2026-03-13 13:35:13 | INFO | backtest_engine | Processed 1000/6090 days...
2026-03-13 13:35:13 | INFO | backtest_engine | Processed 1250/6090 days...
2026-03-13 13:35:13 | INFO | backtest_engine | Processed 1500/6090 days...
2026-03-13 13:35:13 | INFO | backtest_engine | Processed 1750/6090 days...
2026-03-13 13:35:13 | INFO | backtest_engine | Processed 2000/6090 days...
2026-03-13 13:35:13 | INFO | backtest_engine | Processed 2250/6090 days...
2026-03-13 13:35:13 | INFO | backtest_engine | Processed 2500/6090 days...
2026-03-13 13:35:13 | INFO | backtest_engine | Processed 2750/6090 days...
2026-03-13 13:35:13 | INFO | backtest_engine | Processed 3000/6090 days...
2026-03-13 13:35:13 | INFO | backtest_engine | Processed 3250/6090 days...
2026-03-13 13:35:13 | INFO | backtest_engine | Processed 3500/6090 days...
2026-03-13 13:35:13 | INFO | backtest_engine | Processed 3750/6090 days...
2026-03-13 13:35:13 | INFO | backtest_engine | Processed 4000/6090 days...
2026-03-13 13:35:13 | INFO | backtest_engine | Processed 4250/6090 days...
2026-03-13 13:35:13 | INFO | backtest_engine | Processed 4500/6090 days...
2026-03-13 13:35:13 | INFO | backtest_engine | Processed 4750/6090 days...
2026-03-13 13:35:13 | INFO | backtest_engine | Processed 5000/6090 days...
2026-03-13 13:35:13 | INFO | backtest_engine | Processed 5250/6090 days...
2026-03-13 13:35:13 | INFO | backtest_engine | Processed 5500/6090 days...
2026-03-13 13:35:13 | INFO | backtest_engine | Processed 5750/6090 days...
2026-03-13 13:35:13 | INFO | backtest_engine | Processed 6000/6090 days...
2026-03-13 13:35:13 | INFO | backtest_engine | Benchmark Complete.
2026-03-13 13:37:31 | INFO | backtest_engine | Registered Strategy: MeanReversionStrategy
2026-03-13 13:37:31 | INFO | backtest_engine | Starting Benchmark on 6090 data points...
2026-03-13 13:37:31 | INFO | backtest_engine | Processed 0/6090 days...
2026-03-13 13:37:31 | INFO | backtest_engine | Processed 250/6090 days...
2026-03-13 13:37:31 | INFO | backtest_engine | Processed 500/6090 days...
2026-03-13 13:37:31 | INFO | backtest_engine | Processed 750/6090 days...
2026-03-13 13:37:31 | INFO | backtest_engine | Processed 1000/6090 days...
2026-03-13 13:37:31 | INFO | backtest_engine | Processed 1250/6090 days...
2026-03-13 13:37:31 | INFO | backtest_engine | Processed 1500/6090 days...
2026-03-13 13:37:31 | INFO | backtest_engine | Processed 1750/6090 days...
2026-03-13 13:37:31 | INFO | backtest_engine | Processed 2000/6090 days...
2026-03-13 13:37:31 | INFO | backtest_engine | Processed 2250/6090 days...
2026-03-13 13:37:31 | INFO | backtest_engine | Processed 2500/6090 days...
2026-03-13 13:37:31 | INFO | backtest_engine | Processed 2750/6090 days...
2026-03-13 13:37:31 | INFO | backtest_engine | Processed 3000/6090 days...
2026-03-13 13:37:31 | INFO | backtest_engine | Processed 3250/6090 days...
2026-03-13 13:37:31 | INFO | backtest_engine | Processed 3500/6090 days...
2026-03-13 13:37:31 | INFO | backtest_engine | Processed 3750/6090 days...
2026-03-13 13:37:31 | INFO | backtest_engine | Processed 4000/6090 days...
2026-03-13 13:37:31 | INFO | backtest_engine | Processed 4250/6090 days...
2026-03-13 13:37:31 | INFO | backtest_engine | Processed 4500/6090 days...
2026-03-13 13:37:31 | INFO | backtest_engine | Processed 4750/6090 days...
2026-03-13 13:37:31 | INFO | backtest_engine | Processed 5000/6090 days...
2026-03-13 13:37:31 | INFO | backtest_engine | Processed 5250/6090 days...
2026-03-13 13:37:31 | INFO | backtest_engine | Processed 5500/6090 days...
2026-03-13 13:37:31 | INFO | backtest_engine | Processed 5750/6090 days...
2026-03-13 13:37:31 | INFO | backtest_engine | Processed 6000/6090 days...
2026-03-13 13:37:31 | INFO | backtest_engine | Benchmark Complete.
2026-03-13 13:37:31 | INFO | backtest_engine | Registered Strategy: MeanReversionStrategy
2026-03-13 13:37:31 | INFO | backtest_engine | Registered Strategy: RegimeAware(MeanReversionStrategy)
2026-03-13 13:37:31 | INFO | backtest_engine | Starting Benchmark on 6090 data points...
2026-03-13 13:37:33 | INFO | backtest_engine | Processed 0/6090 days...
2026-03-13 13:37:33 | INFO | backtest_engine | Processed 250/6090 days...
2026-03-13 13:37:33 | INFO | backtest_engine | Processed 500/6090 days...
2026-03-13 13:37:33 | INFO | backtest_engine | Processed 750/6090 days...
2026-03-13 13:37:33 | INFO | backtest_engine | Processed 1000/6090 days...
2026-03-13 13:37:33 | INFO | backtest_engine | Processed 1250/6090 days...
2026-03-13 13:37:33 | INFO | backtest_engine | Processed 1500/6090 days...
2026-03-13 13:37:33 | INFO | backtest_engine | Processed 1750/6090 days...
2026-03-13 13:37:33 | INFO | backtest_engine | Processed 2000/6090 days...
2026-03-13 13:37:33 | INFO | backtest_engine | Processed 2250/6090 days...
2026-03-13 13:37:33 | INFO | backtest_engine | Processed 2500/6090 days...
2026-03-13 13:37:33 | INFO | backtest_engine | Processed 2750/6090 days...
2026-03-13 13:37:33 | INFO | backtest_engine | Processed 3000/6090 days...
2026-03-13 13:37:33 | INFO | backtest_engine | Processed 3250/6090 days...
2026-03-13 13:37:33 | INFO | backtest_engine | Processed 3500/6090 days...
2026-03-13 13:37:33 | INFO | backtest_engine | Processed 3750/6090 days...
2026-03-13 13:37:33 | INFO | backtest_engine | Processed 4000/6090 days...
2026-03-13 13:37:33 | INFO | backtest_engine | Processed 4250/6090 days...
2026-03-13 13:37:33 | INFO | backtest_engine | Processed 4500/6090 days...
2026-03-13 13:37:33 | INFO | backtest_engine | Processed 4750/6090 days...
2026-03-13 13:37:33 | INFO | backtest_engine | Processed 5000/6090 days...
2026-03-13 13:37:33 | INFO | backtest_engine | Processed 5250/6090 days...
2026-03-13 13:37:33 | INFO | backtest_engine | Processed 5500/6090 days...
2026-03-13 13:37:33 | INFO | backtest_engine | Processed 5750/6090 days...
2026-03-13 13:37:34 | INFO | backtest_engine | Processed 6000/6090 days...
2026-03-13 13:37:34 | INFO | backtest_engine | Benchmark Complete.
2026-03-13 13:37:34 | INFO | backtest_engine | Registered Strategy: MeanReversionStrategy
2026-03-13 13:37:34 | INFO | backtest_engine | Registered Strategy: RegimeAware(MeanReversionStrategy)
2026-03-13 13:37:34 | INFO | backtest_engine | Starting Benchmark on 6090 data points...
2026-03-13 13:37:34 | INFO | backtest_engine | Processed 0/6090 days...
2026-03-13 13:37:34 | INFO | backtest_engine | Processed 250/6090 days...
2026-03-13 13:37:34 | INFO | backtest_engine | Processed 500/6090 days...
2026-03-13 13:37:34 | INFO | backtest_engine | Processed 750/6090 days...
2026-03-13 13:37:34 | INFO | backtest_engine | Processed 1000/6090 days...
2026-03-13 13:37:34 | INFO | backtest_engine | Processed 1250/6090 days...
2026-03-13 13:37:34 | INFO | backtest_engine | Processed 1500/6090 days...
2026-03-13 13:37:34 | INFO | backtest_engine | Processed 1750/6090 days...
2026-03-13 13:37:34 | INFO | backtest_engine | Processed 2000/6090 days...
2026-03-13 13:37:34 | INFO | backtest_engine | Processed 2250/6090 days...
2026-03-13 13:37:34 | INFO | backtest_engine | Processed 2500/6090 days...
2026-03-13 13:37:34 | INFO | backtest_engine | Processed 2750/6090 days...
2026-03-13 13:37:34 | INFO | backtest_engine | Processed 3000/6090 days...
2026-03-13 13:37:34 | INFO | backtest_engine | Processed 3250/6090 days...
2026-03-13 13:37:34 | INFO | backtest_engine | Processed 3500/6090 days...
2026-03-13 13:37:34 | INFO | backtest_engine | Processed 3750/6090 days...
2026-03-13 13:37:34 | INFO | backtest_engine | Processed 4000/6090 days...
2026-03-13 13:37:34 | INFO | backtest_engine | Processed 4250/6090 days...
2026-03-13 13:37:34 | INFO | backtest_engine | Processed 4500/6090 days...
2026-03-13 13:37:34 | INFO | backtest_engine | Processed 4750/6090 days...
2026-03-13 13:37:34 | INFO | backtest_engine | Processed 5000/6090 days...
2026-03-13 13:37:34 | INFO | backtest_engine | Processed 5250/6090 days...
2026-03-13 13:37:34 | INFO | backtest_engine | Processed 5500/6090 days...
2026-03-13 13:37:34 | INFO | backtest_engine | Processed 5750/6090 days...
2026-03-13 13:37:34 | INFO | backtest_engine | Processed 6000/6090 days...
2026-03-13 13:37:34 | INFO | backtest_engine | Benchmark Complete.
2026-03-13 13:37:35 | INFO | backtest_engine | Registered Strategy: MeanReversionStrategy
2026-03-13 13:37:35 | INFO | backtest_engine | Registered Strategy: RegimeAware(MeanReversionStrategy)
2026-03-13 13:37:35 | INFO | backtest_engine | Starting Benchmark on 6090 data points...
2026-03-13 13:37:35 | INFO | backtest_engine | Processed 0/6090 days...
2026-03-13 13:37:35 | INFO | backtest_engine | Processed 250/6090 days...
2026-03-13 13:37:35 | INFO | backtest_engine | Processed 500/6090 days...
2026-03-13 13:37:35 | INFO | backtest_engine | Processed 750/6090 days...
2026-03-13 13:37:35 | INFO | backtest_engine | Processed 1000/6090 days...
2026-03-13 13:37:35 | INFO | backtest_engine | Processed 1250/6090 days...
2026-03-13 13:37:35 | INFO | backtest_engine | Processed 1500/6090 days...
2026-03-13 13:37:35 | INFO | backtest_engine | Processed 1750/6090 days...
2026-03-13 13:37:35 | INFO | backtest_engine | Processed 2000/6090 days...
2026-03-13 13:37:35 | INFO | backtest_engine | Processed 2250/6090 days...
2026-03-13 13:37:35 | INFO | backtest_engine | Processed 2500/6090 days...
2026-03-13 13:37:35 | INFO | backtest_engine | Processed 2750/6090 days...
2026-03-13 13:37:35 | INFO | backtest_engine | Processed 3000/6090 days...
2026-03-13 13:37:35 | INFO | backtest_engine | Processed 3250/6090 days...
2026-03-13 13:37:35 | INFO | backtest_engine | Processed 3500/6090 days...
2026-03-13 13:37:35 | INFO | backtest_engine | Processed 3750/6090 days...
2026-03-13 13:37:35 | INFO | backtest_engine | Processed 4000/6090 days...
2026-03-13 13:37:35 | INFO | backtest_engine | Processed 4250/6090 days...
2026-03-13 13:37:35 | INFO | backtest_engine | Processed 4500/6090 days...
2026-03-13 13:37:35 | INFO | backtest_engine | Processed 4750/6090 days...
2026-03-13 13:37:35 | INFO | backtest_engine | Processed 5000/6090 days...
2026-03-13 13:37:35 | INFO | backtest_engine | Processed 5250/6090 days...
2026-03-13 13:37:35 | INFO | backtest_engine | Processed 5500/6090 days...
2026-03-13 13:37:35 | INFO | backtest_engine | Processed 5750/6090 days...
2026-03-13 13:37:35 | INFO | backtest_engine | Processed 6000/6090 days...
2026-03-13 13:37:35 | INFO | backtest_engine | Benchmark Complete.
2026-03-13 13:37:35 | INFO | backtest_engine | Registered Strategy: TrendFollowingStrategy
2026-03-13 13:37:35 | INFO | backtest_engine | Starting Benchmark on 6090 data points...
2026-03-13 13:37:35 | INFO | backtest_engine | Processed 0/6090 days...
2026-03-13 13:37:35 | INFO | backtest_engine | Processed 250/6090 days...
2026-03-13 13:37:35 | INFO | backtest_engine | Processed 500/6090 days...
2026-03-13 13:37:35 | INFO | backtest_engine | Processed 750/6090 days...
2026-03-13 13:37:35 | INFO | backtest_engine | Processed 1000/6090 days...
2026-03-13 13:37:36 | INFO | backtest_engine | Processed 1250/6090 days...
2026-03-13 13:37:36 | INFO | backtest_engine | Processed 1500/6090 days...
2026-03-13 13:37:36 | INFO | backtest_engine | Processed 1750/6090 days...
2026-03-13 13:37:36 | INFO | backtest_engine | Processed 2000/6090 days...
2026-03-13 13:37:36 | INFO | backtest_engine | Processed 2250/6090 days...
2026-03-13 13:37:36 | INFO | backtest_engine | Processed 2500/6090 days...
2026-03-13 13:37:36 | INFO | backtest_engine | Processed 2750/6090 days...
2026-03-13 13:37:36 | INFO | backtest_engine | Processed 3000/6090 days...
2026-03-13 13:37:36 | INFO | backtest_engine | Processed 3250/6090 days...
2026-03-13 13:37:36 | INFO | backtest_engine | Processed 3500/6090 days...
2026-03-13 13:37:36 | INFO | backtest_engine | Processed 3750/6090 days...
2026-03-13 13:37:36 | INFO | backtest_engine | Processed 4000/6090 days...
2026-03-13 13:37:36 | INFO | backtest_engine | Processed 4250/6090 days...
2026-03-13 13:37:36 | INFO | backtest_engine | Processed 4500/6090 days...
2026-03-13 13:37:36 | INFO | backtest_engine | Processed 4750/6090 days...
2026-03-13 13:37:36 | INFO | backtest_engine | Processed 5000/6090 days...
2026-03-13 13:37:36 | INFO | backtest_engine | Processed 5250/6090 days...
2026-03-13 13:37:36 | INFO | backtest_engine | Processed 5500/6090 days...
2026-03-13 13:37:36 | INFO | backtest_engine | Processed 5750/6090 days...
2026-03-13 13:37:36 | INFO | backtest_engine | Processed 6000/6090 days...
2026-03-13 13:37:36 | INFO | backtest_engine | Benchmark Complete.
2026-03-13 13:37:36 | INFO | backtest_engine | Registered Strategy: TrendFollowingStrategy
2026-03-13 13:37:36 | INFO | backtest_engine | Registered Strategy: RegimeAware(TrendFollowingStrategy)
2026-03-13 13:37:36 | INFO | backtest_engine | Starting Benchmark on 6090 data points...
2026-03-13 13:37:36 | INFO | backtest_engine | Processed 0/6090 days...
2026-03-13 13:37:36 | INFO | backtest_engine | Processed 250/6090 days...
2026-03-13 13:37:36 | INFO | backtest_engine | Processed 500/6090 days...
2026-03-13 13:37:36 | INFO | backtest_engine | Processed 750/6090 days...
2026-03-13 13:37:36 | INFO | backtest_engine | Processed 1000/6090 days...
2026-03-13 13:37:36 | INFO | backtest_engine | Processed 1250/6090 days...
2026-03-13 13:37:36 | INFO | backtest_engine | Processed 1500/6090 days...
2026-03-13 13:37:36 | INFO | backtest_engine | Processed 1750/6090 days...
2026-03-13 13:37:36 | INFO | backtest_engine | Processed 2000/6090 days...
2026-03-13 13:37:36 | INFO | backtest_engine | Processed 2250/6090 days...
2026-03-13 13:37:36 | INFO | backtest_engine | Processed 2500/6090 days...
2026-03-13 13:37:36 | INFO | backtest_engine | Processed 2750/6090 days...
2026-03-13 13:37:36 | INFO | backtest_engine | Processed 3000/6090 days...
2026-03-13 13:37:36 | INFO | backtest_engine | Processed 3250/6090 days...
2026-03-13 13:37:36 | INFO | backtest_engine | Processed 3500/6090 days...
2026-03-13 13:37:36 | INFO | backtest_engine | Processed 3750/6090 days...
2026-03-13 13:37:36 | INFO | backtest_engine | Processed 4000/6090 days...
2026-03-13 13:37:36 | INFO | backtest_engine | Processed 4250/6090 days...
2026-03-13 13:37:36 | INFO | backtest_engine | Processed 4500/6090 days...
2026-03-13 13:37:36 | INFO | backtest_engine | Processed 4750/6090 days...
2026-03-13 13:37:36 | INFO | backtest_engine | Processed 5000/6090 days...
2026-03-13 13:37:36 | INFO | backtest_engine | Processed 5250/6090 days...
2026-03-13 13:37:37 | INFO | backtest_engine | Processed 5500/6090 days...
2026-03-13 13:37:37 | INFO | backtest_engine | Processed 5750/6090 days...
2026-03-13 13:37:37 | INFO | backtest_engine | Processed 6000/6090 days...
2026-03-13 13:37:37 | INFO | backtest_engine | Benchmark Complete.
2026-03-13 13:37:37 | INFO | backtest_engine | Registered Strategy: TrendFollowingStrategy
2026-03-13 13:37:37 | INFO | backtest_engine | Registered Strategy: RegimeAware(TrendFollowingStrategy)
2026-03-13 13:37:37 | INFO | backtest_engine | Starting Benchmark on 6090 data points...
2026-03-13 13:37:37 | INFO | backtest_engine | Processed 0/6090 days...
2026-03-13 13:37:37 | INFO | backtest_engine | Processed 250/6090 days...
2026-03-13 13:37:37 | INFO | backtest_engine | Processed 500/6090 days...
2026-03-13 13:37:37 | INFO | backtest_engine | Processed 750/6090 days...
2026-03-13 13:37:37 | INFO | backtest_engine | Processed 1000/6090 days...
2026-03-13 13:37:37 | INFO | backtest_engine | Processed 1250/6090 days...
2026-03-13 13:37:37 | INFO | backtest_engine | Processed 1500/6090 days...
2026-03-13 13:37:37 | INFO | backtest_engine | Processed 1750/6090 days...
2026-03-13 13:37:37 | INFO | backtest_engine | Processed 2000/6090 days...
2026-03-13 13:37:37 | INFO | backtest_engine | Processed 2250/6090 days...
2026-03-13 13:37:37 | INFO | backtest_engine | Processed 2500/6090 days...
2026-03-13 13:37:37 | INFO | backtest_engine | Processed 2750/6090 days...
2026-03-13 13:37:37 | INFO | backtest_engine | Processed 3000/6090 days...
2026-03-13 13:37:37 | INFO | backtest_engine | Processed 3250/6090 days...
2026-03-13 13:37:37 | INFO | backtest_engine | Processed 3500/6090 days...
2026-03-13 13:37:37 | INFO | backtest_engine | Processed 3750/6090 days...
2026-03-13 13:37:37 | INFO | backtest_engine | Processed 4000/6090 days...
2026-03-13 13:37:37 | INFO | backtest_engine | Processed 4250/6090 days...
2026-03-13 13:37:37 | INFO | backtest_engine | Processed 4500/6090 days...
2026-03-13 13:37:37 | INFO | backtest_engine | Processed 4750/6090 days...
2026-03-13 13:37:37 | INFO | backtest_engine | Processed 5000/6090 days...
2026-03-13 13:37:37 | INFO | backtest_engine | Processed 5250/6090 days...
2026-03-13 13:37:37 | INFO | backtest_engine | Processed 5500/6090 days...
2026-03-13 13:37:37 | INFO | backtest_engine | Processed 5750/6090 days...
2026-03-13 13:37:37 | INFO | backtest_engine | Processed 6000/6090 days...
2026-03-13 13:37:37 | INFO | backtest_engine | Benchmark Complete.
2026-03-13 13:37:38 | INFO | backtest_engine | Registered Strategy: TrendFollowingStrategy
2026-03-13 13:37:38 | INFO | backtest_engine | Registered Strategy: RegimeAware(TrendFollowingStrategy)
2026-03-13 13:37:38 | INFO | backtest_engine | Starting Benchmark on 6090 data points...
2026-03-13 13:37:38 | INFO | backtest_engine | Processed 0/6090 days...
2026-03-13 13:37:38 | INFO | backtest_engine | Processed 250/6090 days...
2026-03-13 13:37:38 | INFO | backtest_engine | Processed 500/6090 days...
2026-03-13 13:37:38 | INFO | backtest_engine | Processed 750/6090 days...
2026-03-13 13:37:38 | INFO | backtest_engine | Processed 1000/6090 days...
2026-03-13 13:37:38 | INFO | backtest_engine | Processed 1250/6090 days...
2026-03-13 13:37:38 | INFO | backtest_engine | Processed 1500/6090 days...
2026-03-13 13:37:38 | INFO | backtest_engine | Processed 1750/6090 days...
2026-03-13 13:37:38 | INFO | backtest_engine | Processed 2000/6090 days...
2026-03-13 13:37:38 | INFO | backtest_engine | Processed 2250/6090 days...
2026-03-13 13:37:38 | INFO | backtest_engine | Processed 2500/6090 days...
2026-03-13 13:37:38 | INFO | backtest_engine | Processed 2750/6090 days...
2026-03-13 13:37:38 | INFO | backtest_engine | Processed 3000/6090 days...
2026-03-13 13:37:38 | INFO | backtest_engine | Processed 3250/6090 days...
2026-03-13 13:37:38 | INFO | backtest_engine | Processed 3500/6090 days...
2026-03-13 13:37:38 | INFO | backtest_engine | Processed 3750/6090 days...
2026-03-13 13:37:38 | INFO | backtest_engine | Processed 4000/6090 days...
2026-03-13 13:37:38 | INFO | backtest_engine | Processed 4250/6090 days...
2026-03-13 13:37:38 | INFO | backtest_engine | Processed 4500/6090 days...
2026-03-13 13:37:38 | INFO | backtest_engine | Processed 4750/6090 days...
2026-03-13 13:37:38 | INFO | backtest_engine | Processed 5000/6090 days...
2026-03-13 13:37:38 | INFO | backtest_engine | Processed 5250/6090 days...
2026-03-13 13:37:38 | INFO | backtest_engine | Processed 5500/6090 days...
2026-03-13 13:37:38 | INFO | backtest_engine | Processed 5750/6090 days...
2026-03-13 13:37:38 | INFO | backtest_engine | Processed 6000/6090 days...
2026-03-13 13:37:38 | INFO | backtest_engine | Benchmark Complete.
2026-03-13 13:37:38 | INFO | backtest_engine | Registered Strategy: MomentumStrategy
2026-03-13 13:37:38 | INFO | backtest_engine | Starting Benchmark on 6090 data points...
2026-03-13 13:37:38 | INFO | backtest_engine | Processed 0/6090 days...
2026-03-13 13:37:39 | INFO | backtest_engine | Processed 250/6090 days...
2026-03-13 13:37:39 | INFO | backtest_engine | Processed 500/6090 days...
2026-03-13 13:37:39 | INFO | backtest_engine | Processed 750/6090 days...
2026-03-13 13:37:39 | INFO | backtest_engine | Processed 1000/6090 days...
2026-03-13 13:37:39 | INFO | backtest_engine | Processed 1250/6090 days...
2026-03-13 13:37:39 | INFO | backtest_engine | Processed 1500/6090 days...
2026-03-13 13:37:39 | INFO | backtest_engine | Processed 1750/6090 days...
2026-03-13 13:37:39 | INFO | backtest_engine | Processed 2000/6090 days...
2026-03-13 13:37:39 | INFO | backtest_engine | Processed 2250/6090 days...
2026-03-13 13:37:39 | INFO | backtest_engine | Processed 2500/6090 days...
2026-03-13 13:37:39 | INFO | backtest_engine | Processed 2750/6090 days...
2026-03-13 13:37:39 | INFO | backtest_engine | Processed 3000/6090 days...
2026-03-13 13:37:39 | INFO | backtest_engine | Processed 3250/6090 days...
2026-03-13 13:37:39 | INFO | backtest_engine | Processed 3500/6090 days...
2026-03-13 13:37:39 | INFO | backtest_engine | Processed 3750/6090 days...
2026-03-13 13:37:39 | INFO | backtest_engine | Processed 4000/6090 days...
2026-03-13 13:37:39 | INFO | backtest_engine | Processed 4250/6090 days...
2026-03-13 13:37:39 | INFO | backtest_engine | Processed 4500/6090 days...
2026-03-13 13:37:39 | INFO | backtest_engine | Processed 4750/6090 days...
2026-03-13 13:37:39 | INFO | backtest_engine | Processed 5000/6090 days...
2026-03-13 13:37:39 | INFO | backtest_engine | Processed 5250/6090 days...
2026-03-13 13:37:39 | INFO | backtest_engine | Processed 5500/6090 days...
2026-03-13 13:37:39 | INFO | backtest_engine | Processed 5750/6090 days...
2026-03-13 13:37:39 | INFO | backtest_engine | Processed 6000/6090 days...
2026-03-13 13:37:39 | INFO | backtest_engine | Benchmark Complete.
2026-03-13 13:37:39 | INFO | backtest_engine | Registered Strategy: MomentumStrategy
2026-03-13 13:37:39 | INFO | backtest_engine | Registered Strategy: RegimeAware(MomentumStrategy)
2026-03-13 13:37:39 | INFO | backtest_engine | Starting Benchmark on 6090 data points...
2026-03-13 13:37:39 | INFO | backtest_engine | Processed 0/6090 days...
2026-03-13 13:37:39 | INFO | backtest_engine | Processed 250/6090 days...
2026-03-13 13:37:39 | INFO | backtest_engine | Processed 500/6090 days...
2026-03-13 13:37:39 | INFO | backtest_engine | Processed 750/6090 days...
2026-03-13 13:37:39 | INFO | backtest_engine | Processed 1000/6090 days...
2026-03-13 13:37:39 | INFO | backtest_engine | Processed 1250/6090 days...
2026-03-13 13:37:39 | INFO | backtest_engine | Processed 1500/6090 days...
2026-03-13 13:37:39 | INFO | backtest_engine | Processed 1750/6090 days...
2026-03-13 13:37:39 | INFO | backtest_engine | Processed 2000/6090 days...
2026-03-13 13:37:39 | INFO | backtest_engine | Processed 2250/6090 days...
2026-03-13 13:37:39 | INFO | backtest_engine | Processed 2500/6090 days...
2026-03-13 13:37:39 | INFO | backtest_engine | Processed 2750/6090 days...
2026-03-13 13:37:39 | INFO | backtest_engine | Processed 3000/6090 days...
2026-03-13 13:37:39 | INFO | backtest_engine | Processed 3250/6090 days...
2026-03-13 13:37:39 | INFO | backtest_engine | Processed 3500/6090 days...
2026-03-13 13:37:39 | INFO | backtest_engine | Processed 3750/6090 days...
2026-03-13 13:37:39 | INFO | backtest_engine | Processed 4000/6090 days...
2026-03-13 13:37:39 | INFO | backtest_engine | Processed 4250/6090 days...
2026-03-13 13:37:39 | INFO | backtest_engine | Processed 4500/6090 days...
2026-03-13 13:37:39 | INFO | backtest_engine | Processed 4750/6090 days...
2026-03-13 13:37:39 | INFO | backtest_engine | Processed 5000/6090 days...
2026-03-13 13:37:40 | INFO | backtest_engine | Processed 5250/6090 days...
2026-03-13 13:37:40 | INFO | backtest_engine | Processed 5500/6090 days...
2026-03-13 13:37:40 | INFO | backtest_engine | Processed 5750/6090 days...
2026-03-13 13:37:40 | INFO | backtest_engine | Processed 6000/6090 days...
2026-03-13 13:37:40 | INFO | backtest_engine | Benchmark Complete.
2026-03-13 13:37:40 | INFO | backtest_engine | Registered Strategy: MomentumStrategy
2026-03-13 13:37:40 | INFO | backtest_engine | Registered Strategy: RegimeAware(MomentumStrategy)
2026-03-13 13:37:40 | INFO | backtest_engine | Starting Benchmark on 6090 data points...
2026-03-13 13:37:40 | INFO | backtest_engine | Processed 0/6090 days...
2026-03-13 13:37:40 | INFO | backtest_engine | Processed 250/6090 days...
2026-03-13 13:37:40 | INFO | backtest_engine | Processed 500/6090 days...
2026-03-13 13:37:40 | INFO | backtest_engine | Processed 750/6090 days...
2026-03-13 13:37:40 | INFO | backtest_engine | Processed 1000/6090 days...
2026-03-13 13:37:40 | INFO | backtest_engine | Processed 1250/6090 days...
2026-03-13 13:37:40 | INFO | backtest_engine | Processed 1500/6090 days...
2026-03-13 13:37:40 | INFO | backtest_engine | Processed 1750/6090 days...
2026-03-13 13:37:40 | INFO | backtest_engine | Processed 2000/6090 days...
2026-03-13 13:37:40 | INFO | backtest_engine | Processed 2250/6090 days...
2026-03-13 13:37:40 | INFO | backtest_engine | Processed 2500/6090 days...
2026-03-13 13:37:40 | INFO | backtest_engine | Processed 2750/6090 days...
2026-03-13 13:37:40 | INFO | backtest_engine | Processed 3000/6090 days...
2026-03-13 13:37:40 | INFO | backtest_engine | Processed 3250/6090 days...
2026-03-13 13:37:40 | INFO | backtest_engine | Processed 3500/6090 days...
2026-03-13 13:37:40 | INFO | backtest_engine | Processed 3750/6090 days...
2026-03-13 13:37:40 | INFO | backtest_engine | Processed 4000/6090 days...
2026-03-13 13:37:40 | INFO | backtest_engine | Processed 4250/6090 days...
2026-03-13 13:37:40 | INFO | backtest_engine | Processed 4500/6090 days...
2026-03-13 13:37:40 | INFO | backtest_engine | Processed 4750/6090 days...
2026-03-13 13:37:40 | INFO | backtest_engine | Processed 5000/6090 days...
2026-03-13 13:37:40 | INFO | backtest_engine | Processed 5250/6090 days...
2026-03-13 13:37:40 | INFO | backtest_engine | Processed 5500/6090 days...
2026-03-13 13:37:40 | INFO | backtest_engine | Processed 5750/6090 days...
2026-03-13 13:37:40 | INFO | backtest_engine | Processed 6000/6090 days...
2026-03-13 13:37:41 | INFO | backtest_engine | Benchmark Complete.
2026-03-13 13:37:41 | INFO | backtest_engine | Registered Strategy: MomentumStrategy
2026-03-13 13:37:41 | INFO | backtest_engine | Registered Strategy: RegimeAware(MomentumStrategy)
2026-03-13 13:37:41 | INFO | backtest_engine | Starting Benchmark on 6090 data points...
2026-03-13 13:37:41 | INFO | backtest_engine | Processed 0/6090 days...
2026-03-13 13:37:41 | INFO | backtest_engine | Processed 250/6090 days...
2026-03-13 13:37:41 | INFO | backtest_engine | Processed 500/6090 days...
2026-03-13 13:37:41 | INFO | backtest_engine | Processed 750/6090 days...
2026-03-13 13:37:41 | INFO | backtest_engine | Processed 1000/6090 days...
2026-03-13 13:37:41 | INFO | backtest_engine | Processed 1250/6090 days...
2026-03-13 13:37:41 | INFO | backtest_engine | Processed 1500/6090 days...
2026-03-13 13:37:41 | INFO | backtest_engine | Processed 1750/6090 days...
2026-03-13 13:37:41 | INFO | backtest_engine | Processed 2000/6090 days...
2026-03-13 13:37:41 | INFO | backtest_engine | Processed 2250/6090 days...
2026-03-13 13:37:41 | INFO | backtest_engine | Processed 2500/6090 days...
2026-03-13 13:37:41 | INFO | backtest_engine | Processed 2750/6090 days...
2026-03-13 13:37:41 | INFO | backtest_engine | Processed 3000/6090 days...
2026-03-13 13:37:41 | INFO | backtest_engine | Processed 3250/6090 days...
2026-03-13 13:37:41 | INFO | backtest_engine | Processed 3500/6090 days...
2026-03-13 13:37:41 | INFO | backtest_engine | Processed 3750/6090 days...
2026-03-13 13:37:41 | INFO | backtest_engine | Processed 4000/6090 days...
2026-03-13 13:37:41 | INFO | backtest_engine | Processed 4250/6090 days...
2026-03-13 13:37:41 | INFO | backtest_engine | Processed 4500/6090 days...
2026-03-13 13:37:41 | INFO | backtest_engine | Processed 4750/6090 days...
2026-03-13 13:37:41 | INFO | backtest_engine | Processed 5000/6090 days...
2026-03-13 13:37:41 | INFO | backtest_engine | Processed 5250/6090 days...
2026-03-13 13:37:41 | INFO | backtest_engine | Processed 5500/6090 days...
2026-03-13 13:37:41 | INFO | backtest_engine | Processed 5750/6090 days...
2026-03-13 13:37:41 | INFO | backtest_engine | Processed 6000/6090 days...
2026-03-13 13:37:41 | INFO | backtest_engine | Benchmark Complete.
2026-03-13 13:37:42 | INFO | backtest_engine | Registered Strategy: BreakoutStrategy
2026-03-13 13:37:42 | INFO | backtest_engine | Starting Benchmark on 6090 data points...
2026-03-13 13:37:42 | INFO | backtest_engine | Processed 0/6090 days...
2026-03-13 13:37:42 | INFO | backtest_engine | Processed 250/6090 days...
2026-03-13 13:37:42 | INFO | backtest_engine | Processed 500/6090 days...
2026-03-13 13:37:42 | INFO | backtest_engine | Processed 750/6090 days...
2026-03-13 13:37:42 | INFO | backtest_engine | Processed 1000/6090 days...
2026-03-13 13:37:42 | INFO | backtest_engine | Processed 1250/6090 days...
2026-03-13 13:37:42 | INFO | backtest_engine | Processed 1500/6090 days...
2026-03-13 13:37:42 | INFO | backtest_engine | Processed 1750/6090 days...
2026-03-13 13:37:42 | INFO | backtest_engine | Processed 2000/6090 days...
2026-03-13 13:37:42 | INFO | backtest_engine | Processed 2250/6090 days...
2026-03-13 13:37:42 | INFO | backtest_engine | Processed 2500/6090 days...
2026-03-13 13:37:42 | INFO | backtest_engine | Processed 2750/6090 days...
2026-03-13 13:37:42 | INFO | backtest_engine | Processed 3000/6090 days...
2026-03-13 13:37:42 | INFO | backtest_engine | Processed 3250/6090 days...
2026-03-13 13:37:42 | INFO | backtest_engine | Processed 3500/6090 days...
2026-03-13 13:37:42 | INFO | backtest_engine | Processed 3750/6090 days...
2026-03-13 13:37:42 | INFO | backtest_engine | Processed 4000/6090 days...
2026-03-13 13:37:42 | INFO | backtest_engine | Processed 4250/6090 days...
2026-03-13 13:37:42 | INFO | backtest_engine | Processed 4500/6090 days...
2026-03-13 13:37:42 | INFO | backtest_engine | Processed 4750/6090 days...
2026-03-13 13:37:42 | INFO | backtest_engine | Processed 5000/6090 days...
2026-03-13 13:37:42 | INFO | backtest_engine | Processed 5250/6090 days...
2026-03-13 13:37:42 | INFO | backtest_engine | Processed 5500/6090 days...
2026-03-13 13:37:42 | INFO | backtest_engine | Processed 5750/6090 days...
2026-03-13 13:37:42 | INFO | backtest_engine | Processed 6000/6090 days...
2026-03-13 13:37:42 | INFO | backtest_engine | Benchmark Complete.
2026-03-13 13:37:42 | INFO | backtest_engine | Registered Strategy: BreakoutStrategy
2026-03-13 13:37:42 | INFO | backtest_engine | Registered Strategy: RegimeAware(BreakoutStrategy)
2026-03-13 13:37:42 | INFO | backtest_engine | Starting Benchmark on 6090 data points...
2026-03-13 13:37:42 | INFO | backtest_engine | Processed 0/6090 days...
2026-03-13 13:37:42 | INFO | backtest_engine | Processed 250/6090 days...
2026-03-13 13:37:42 | INFO | backtest_engine | Processed 500/6090 days...
2026-03-13 13:37:42 | INFO | backtest_engine | Processed 750/6090 days...
2026-03-13 13:37:42 | INFO | backtest_engine | Processed 1000/6090 days...
2026-03-13 13:37:42 | INFO | backtest_engine | Processed 1250/6090 days...
2026-03-13 13:37:42 | INFO | backtest_engine | Processed 1500/6090 days...
2026-03-13 13:37:42 | INFO | backtest_engine | Processed 1750/6090 days...
2026-03-13 13:37:42 | INFO | backtest_engine | Processed 2000/6090 days...
2026-03-13 13:37:42 | INFO | backtest_engine | Processed 2250/6090 days...
2026-03-13 13:37:42 | INFO | backtest_engine | Processed 2500/6090 days...
2026-03-13 13:37:42 | INFO | backtest_engine | Processed 2750/6090 days...
2026-03-13 13:37:42 | INFO | backtest_engine | Processed 3000/6090 days...
2026-03-13 13:37:42 | INFO | backtest_engine | Processed 3250/6090 days...
2026-03-13 13:37:42 | INFO | backtest_engine | Processed 3500/6090 days...
2026-03-13 13:37:42 | INFO | backtest_engine | Processed 3750/6090 days...
2026-03-13 13:37:43 | INFO | backtest_engine | Processed 4000/6090 days...
2026-03-13 13:37:43 | INFO | backtest_engine | Processed 4250/6090 days...
2026-03-13 13:37:43 | INFO | backtest_engine | Processed 4500/6090 days...
2026-03-13 13:37:43 | INFO | backtest_engine | Processed 4750/6090 days...
2026-03-13 13:37:43 | INFO | backtest_engine | Processed 5000/6090 days...
2026-03-13 13:37:43 | INFO | backtest_engine | Processed 5250/6090 days...
2026-03-13 13:37:43 | INFO | backtest_engine | Processed 5500/6090 days...
2026-03-13 13:37:43 | INFO | backtest_engine | Processed 5750/6090 days...
2026-03-13 13:37:43 | INFO | backtest_engine | Processed 6000/6090 days...
2026-03-13 13:37:43 | INFO | backtest_engine | Benchmark Complete.
2026-03-13 13:37:43 | INFO | backtest_engine | Registered Strategy: BreakoutStrategy
2026-03-13 13:37:43 | INFO | backtest_engine | Registered Strategy: RegimeAware(BreakoutStrategy)
2026-03-13 13:37:43 | INFO | backtest_engine | Starting Benchmark on 6090 data points...
2026-03-13 13:37:43 | INFO | backtest_engine | Processed 0/6090 days...
2026-03-13 13:37:43 | INFO | backtest_engine | Processed 250/6090 days...
2026-03-13 13:37:43 | INFO | backtest_engine | Processed 500/6090 days...
2026-03-13 13:37:43 | INFO | backtest_engine | Processed 750/6090 days...
2026-03-13 13:37:43 | INFO | backtest_engine | Processed 1000/6090 days...
2026-03-13 13:37:43 | INFO | backtest_engine | Processed 1250/6090 days...
2026-03-13 13:37:43 | INFO | backtest_engine | Processed 1500/6090 days...
2026-03-13 13:37:43 | INFO | backtest_engine | Processed 1750/6090 days...
2026-03-13 13:37:43 | INFO | backtest_engine | Processed 2000/6090 days...
2026-03-13 13:37:43 | INFO | backtest_engine | Processed 2250/6090 days...
2026-03-13 13:37:43 | INFO | backtest_engine | Processed 2500/6090 days...
2026-03-13 13:37:43 | INFO | backtest_engine | Processed 2750/6090 days...
2026-03-13 13:37:43 | INFO | backtest_engine | Processed 3000/6090 days...
2026-03-13 13:37:43 | INFO | backtest_engine | Processed 3250/6090 days...
2026-03-13 13:37:43 | INFO | backtest_engine | Processed 3500/6090 days...
2026-03-13 13:37:43 | INFO | backtest_engine | Processed 3750/6090 days...
2026-03-13 13:37:43 | INFO | backtest_engine | Processed 4000/6090 days...
2026-03-13 13:37:43 | INFO | backtest_engine | Processed 4250/6090 days...
2026-03-13 13:37:43 | INFO | backtest_engine | Processed 4500/6090 days...
2026-03-13 13:37:43 | INFO | backtest_engine | Processed 4750/6090 days...
2026-03-13 13:37:43 | INFO | backtest_engine | Processed 5000/6090 days...
2026-03-13 13:37:43 | INFO | backtest_engine | Processed 5250/6090 days...
2026-03-13 13:37:43 | INFO | backtest_engine | Processed 5500/6090 days...
2026-03-13 13:37:43 | INFO | backtest_engine | Processed 5750/6090 days...
2026-03-13 13:37:43 | INFO | backtest_engine | Processed 6000/6090 days...
2026-03-13 13:37:44 | INFO | backtest_engine | Benchmark Complete.
2026-03-13 13:37:44 | INFO | backtest_engine | Registered Strategy: BreakoutStrategy
2026-03-13 13:37:44 | INFO | backtest_engine | Registered Strategy: RegimeAware(BreakoutStrategy)
2026-03-13 13:37:44 | INFO | backtest_engine | Starting Benchmark on 6090 data points...
2026-03-13 13:37:44 | INFO | backtest_engine | Processed 0/6090 days...
2026-03-13 13:37:44 | INFO | backtest_engine | Processed 250/6090 days...
2026-03-13 13:37:44 | INFO | backtest_engine | Processed 500/6090 days...
2026-03-13 13:37:44 | INFO | backtest_engine | Processed 750/6090 days...
2026-03-13 13:37:44 | INFO | backtest_engine | Processed 1000/6090 days...
2026-03-13 13:37:44 | INFO | backtest_engine | Processed 1250/6090 days...
2026-03-13 13:37:44 | INFO | backtest_engine | Processed 1500/6090 days...
2026-03-13 13:37:44 | INFO | backtest_engine | Processed 1750/6090 days...
2026-03-13 13:37:44 | INFO | backtest_engine | Processed 2000/6090 days...
2026-03-13 13:37:44 | INFO | backtest_engine | Processed 2250/6090 days...
2026-03-13 13:37:44 | INFO | backtest_engine | Processed 2500/6090 days...
2026-03-13 13:37:44 | INFO | backtest_engine | Processed 2750/6090 days...
2026-03-13 13:37:44 | INFO | backtest_engine | Processed 3000/6090 days...
2026-03-13 13:37:44 | INFO | backtest_engine | Processed 3250/6090 days...
2026-03-13 13:37:44 | INFO | backtest_engine | Processed 3500/6090 days...
2026-03-13 13:37:44 | INFO | backtest_engine | Processed 3750/6090 days...
2026-03-13 13:37:44 | INFO | backtest_engine | Processed 4000/6090 days...
2026-03-13 13:37:44 | INFO | backtest_engine | Processed 4250/6090 days...
2026-03-13 13:37:44 | INFO | backtest_engine | Processed 4500/6090 days...
2026-03-13 13:37:44 | INFO | backtest_engine | Processed 4750/6090 days...
2026-03-13 13:37:44 | INFO | backtest_engine | Processed 5000/6090 days...
2026-03-13 13:37:44 | INFO | backtest_engine | Processed 5250/6090 days...
2026-03-13 13:37:44 | INFO | backtest_engine | Processed 5500/6090 days...
2026-03-13 13:37:44 | INFO | backtest_engine | Processed 5750/6090 days...
2026-03-13 13:37:44 | INFO | backtest_engine | Processed 6000/6090 days...
2026-03-13 13:37:44 | INFO | backtest_engine | Benchmark Complete.
2026-03-13 13:37:45 | INFO | backtest_engine | Registered Strategy: MovingAverageCrossStrategy
2026-03-13 13:37:45 | INFO | backtest_engine | Starting Benchmark on 6090 data points...
2026-03-13 13:37:45 | INFO | backtest_engine | Processed 0/6090 days...
2026-03-13 13:37:45 | INFO | backtest_engine | Processed 250/6090 days...
2026-03-13 13:37:45 | INFO | backtest_engine | Processed 500/6090 days...
2026-03-13 13:37:45 | INFO | backtest_engine | Processed 750/6090 days...
2026-03-13 13:37:45 | INFO | backtest_engine | Processed 1000/6090 days...
2026-03-13 13:37:45 | INFO | backtest_engine | Processed 1250/6090 days...
2026-03-13 13:37:45 | INFO | backtest_engine | Processed 1500/6090 days...
2026-03-13 13:37:45 | INFO | backtest_engine | Processed 1750/6090 days...
2026-03-13 13:37:45 | INFO | backtest_engine | Processed 2000/6090 days...
2026-03-13 13:37:45 | INFO | backtest_engine | Processed 2250/6090 days...
2026-03-13 13:37:45 | INFO | backtest_engine | Processed 2500/6090 days...
2026-03-13 13:37:45 | INFO | backtest_engine | Processed 2750/6090 days...
2026-03-13 13:37:45 | INFO | backtest_engine | Processed 3000/6090 days...
2026-03-13 13:37:45 | INFO | backtest_engine | Processed 3250/6090 days...
2026-03-13 13:37:45 | INFO | backtest_engine | Processed 3500/6090 days...
2026-03-13 13:37:45 | INFO | backtest_engine | Processed 3750/6090 days...
2026-03-13 13:37:45 | INFO | backtest_engine | Processed 4000/6090 days...
2026-03-13 13:37:45 | INFO | backtest_engine | Processed 4250/6090 days...
2026-03-13 13:37:45 | INFO | backtest_engine | Processed 4500/6090 days...
2026-03-13 13:37:45 | INFO | backtest_engine | Processed 4750/6090 days...
2026-03-13 13:37:45 | INFO | backtest_engine | Processed 5000/6090 days...
2026-03-13 13:37:45 | INFO | backtest_engine | Processed 5250/6090 days...
2026-03-13 13:37:45 | INFO | backtest_engine | Processed 5500/6090 days...
2026-03-13 13:37:45 | INFO | backtest_engine | Processed 5750/6090 days...
2026-03-13 13:37:45 | INFO | backtest_engine | Processed 6000/6090 days...
2026-03-13 13:37:45 | INFO | backtest_engine | Benchmark Complete.
2026-03-13 13:37:45 | INFO | backtest_engine | Registered Strategy: MovingAverageCrossStrategy
2026-03-13 13:37:45 | INFO | backtest_engine | Registered Strategy: RegimeAware(MovingAverageCrossStrategy)
2026-03-13 13:37:45 | INFO | backtest_engine | Starting Benchmark on 6090 data points...
2026-03-13 13:37:45 | INFO | backtest_engine | Processed 0/6090 days...
2026-03-13 13:37:45 | INFO | backtest_engine | Processed 250/6090 days...
2026-03-13 13:37:45 | INFO | backtest_engine | Processed 500/6090 days...
2026-03-13 13:37:45 | INFO | backtest_engine | Processed 750/6090 days...
2026-03-13 13:37:45 | INFO | backtest_engine | Processed 1000/6090 days...
2026-03-13 13:37:45 | INFO | backtest_engine | Processed 1250/6090 days...
2026-03-13 13:37:45 | INFO | backtest_engine | Processed 1500/6090 days...
2026-03-13 13:37:45 | INFO | backtest_engine | Processed 1750/6090 days...
2026-03-13 13:37:45 | INFO | backtest_engine | Processed 2000/6090 days...
2026-03-13 13:37:45 | INFO | backtest_engine | Processed 2250/6090 days...
2026-03-13 13:37:45 | INFO | backtest_engine | Processed 2500/6090 days...
2026-03-13 13:37:45 | INFO | backtest_engine | Processed 2750/6090 days...
2026-03-13 13:37:45 | INFO | backtest_engine | Processed 3000/6090 days...
2026-03-13 13:37:45 | INFO | backtest_engine | Processed 3250/6090 days...
2026-03-13 13:37:46 | INFO | backtest_engine | Processed 3500/6090 days...
2026-03-13 13:37:46 | INFO | backtest_engine | Processed 3750/6090 days...
2026-03-13 13:37:46 | INFO | backtest_engine | Processed 4000/6090 days...
2026-03-13 13:37:46 | INFO | backtest_engine | Processed 4250/6090 days...
2026-03-13 13:37:46 | INFO | backtest_engine | Processed 4500/6090 days...
2026-03-13 13:37:46 | INFO | backtest_engine | Processed 4750/6090 days...
2026-03-13 13:37:46 | INFO | backtest_engine | Processed 5000/6090 days...
2026-03-13 13:37:46 | INFO | backtest_engine | Processed 5250/6090 days...
2026-03-13 13:37:46 | INFO | backtest_engine | Processed 5500/6090 days...
2026-03-13 13:37:46 | INFO | backtest_engine | Processed 5750/6090 days...
2026-03-13 13:37:46 | INFO | backtest_engine | Processed 6000/6090 days...
2026-03-13 13:37:46 | INFO | backtest_engine | Benchmark Complete.
2026-03-13 13:37:46 | INFO | backtest_engine | Registered Strategy: MovingAverageCrossStrategy
2026-03-13 13:37:46 | INFO | backtest_engine | Registered Strategy: RegimeAware(MovingAverageCrossStrategy)
2026-03-13 13:37:46 | INFO | backtest_engine | Starting Benchmark on 6090 data points...
2026-03-13 13:37:46 | INFO | backtest_engine | Processed 0/6090 days...
2026-03-13 13:37:46 | INFO | backtest_engine | Processed 250/6090 days...
2026-03-13 13:37:46 | INFO | backtest_engine | Processed 500/6090 days...
2026-03-13 13:37:46 | INFO | backtest_engine | Processed 750/6090 days...
2026-03-13 13:37:46 | INFO | backtest_engine | Processed 1000/6090 days...
2026-03-13 13:37:46 | INFO | backtest_engine | Processed 1250/6090 days...
2026-03-13 13:37:46 | INFO | backtest_engine | Processed 1500/6090 days...
2026-03-13 13:37:46 | INFO | backtest_engine | Processed 1750/6090 days...
2026-03-13 13:37:46 | INFO | backtest_engine | Processed 2000/6090 days...
2026-03-13 13:37:46 | INFO | backtest_engine | Processed 2250/6090 days...
2026-03-13 13:37:46 | INFO | backtest_engine | Processed 2500/6090 days...
2026-03-13 13:37:46 | INFO | backtest_engine | Processed 2750/6090 days...
2026-03-13 13:37:46 | INFO | backtest_engine | Processed 3000/6090 days...
2026-03-13 13:37:46 | INFO | backtest_engine | Processed 3250/6090 days...
2026-03-13 13:37:46 | INFO | backtest_engine | Processed 3500/6090 days...
2026-03-13 13:37:46 | INFO | backtest_engine | Processed 3750/6090 days...
2026-03-13 13:37:46 | INFO | backtest_engine | Processed 4000/6090 days...
2026-03-13 13:37:46 | INFO | backtest_engine | Processed 4250/6090 days...
2026-03-13 13:37:46 | INFO | backtest_engine | Processed 4500/6090 days...
2026-03-13 13:37:46 | INFO | backtest_engine | Processed 4750/6090 days...
2026-03-13 13:37:46 | INFO | backtest_engine | Processed 5000/6090 days...
2026-03-13 13:37:46 | INFO | backtest_engine | Processed 5250/6090 days...
2026-03-13 13:37:46 | INFO | backtest_engine | Processed 5500/6090 days...
2026-03-13 13:37:46 | INFO | backtest_engine | Processed 5750/6090 days...
2026-03-13 13:37:46 | INFO | backtest_engine | Processed 6000/6090 days...
2026-03-13 13:37:47 | INFO | backtest_engine | Benchmark Complete.
2026-03-13 13:37:47 | INFO | backtest_engine | Registered Strategy: MovingAverageCrossStrategy
2026-03-13 13:37:47 | INFO | backtest_engine | Registered Strategy: RegimeAware(MovingAverageCrossStrategy)
2026-03-13 13:37:47 | INFO | backtest_engine | Starting Benchmark on 6090 data points...
2026-03-13 13:37:47 | INFO | backtest_engine | Processed 0/6090 days...
2026-03-13 13:37:47 | INFO | backtest_engine | Processed 250/6090 days...
2026-03-13 13:37:47 | INFO | backtest_engine | Processed 500/6090 days...
2026-03-13 13:37:47 | INFO | backtest_engine | Processed 750/6090 days...
2026-03-13 13:37:47 | INFO | backtest_engine | Processed 1000/6090 days...
2026-03-13 13:37:47 | INFO | backtest_engine | Processed 1250/6090 days...
2026-03-13 13:37:47 | INFO | backtest_engine | Processed 1500/6090 days...
2026-03-13 13:37:47 | INFO | backtest_engine | Processed 1750/6090 days...
2026-03-13 13:37:47 | INFO | backtest_engine | Processed 2000/6090 days...
2026-03-13 13:37:47 | INFO | backtest_engine | Processed 2250/6090 days...
2026-03-13 13:37:47 | INFO | backtest_engine | Processed 2500/6090 days...
2026-03-13 13:37:47 | INFO | backtest_engine | Processed 2750/6090 days...
2026-03-13 13:37:47 | INFO | backtest_engine | Processed 3000/6090 days...
2026-03-13 13:37:47 | INFO | backtest_engine | Processed 3250/6090 days...
2026-03-13 13:37:47 | INFO | backtest_engine | Processed 3500/6090 days...
2026-03-13 13:37:47 | INFO | backtest_engine | Processed 3750/6090 days...
2026-03-13 13:37:47 | INFO | backtest_engine | Processed 4000/6090 days...
2026-03-13 13:37:47 | INFO | backtest_engine | Processed 4250/6090 days...
2026-03-13 13:37:47 | INFO | backtest_engine | Processed 4500/6090 days...
2026-03-13 13:37:47 | INFO | backtest_engine | Processed 4750/6090 days...
2026-03-13 13:37:47 | INFO | backtest_engine | Processed 5000/6090 days...
2026-03-13 13:37:47 | INFO | backtest_engine | Processed 5250/6090 days...
2026-03-13 13:37:47 | INFO | backtest_engine | Processed 5500/6090 days...
2026-03-13 13:37:47 | INFO | backtest_engine | Processed 5750/6090 days...
2026-03-13 13:37:47 | INFO | backtest_engine | Processed 6000/6090 days...
2026-03-13 13:37:47 | INFO | backtest_engine | Benchmark Complete.
2026-03-13 13:37:48 | INFO | backtest_engine | Registered Strategy: VolatilityBreakoutStrategy
2026-03-13 13:37:48 | INFO | backtest_engine | Starting Benchmark on 6090 data points...
2026-03-13 13:37:48 | INFO | backtest_engine | Processed 0/6090 days...
2026-03-13 13:37:48 | INFO | backtest_engine | Processed 250/6090 days...
2026-03-13 13:37:48 | INFO | backtest_engine | Processed 500/6090 days...
2026-03-13 13:37:48 | INFO | backtest_engine | Processed 750/6090 days...
2026-03-13 13:37:48 | INFO | backtest_engine | Processed 1000/6090 days...
2026-03-13 13:37:48 | INFO | backtest_engine | Processed 1250/6090 days...
2026-03-13 13:37:48 | INFO | backtest_engine | Processed 1500/6090 days...
2026-03-13 13:37:48 | INFO | backtest_engine | Processed 1750/6090 days...
2026-03-13 13:37:48 | INFO | backtest_engine | Processed 2000/6090 days...
2026-03-13 13:37:48 | INFO | backtest_engine | Processed 2250/6090 days...
2026-03-13 13:37:48 | INFO | backtest_engine | Processed 2500/6090 days...
2026-03-13 13:37:48 | INFO | backtest_engine | Processed 2750/6090 days...
2026-03-13 13:37:48 | INFO | backtest_engine | Processed 3000/6090 days...
2026-03-13 13:37:48 | INFO | backtest_engine | Processed 3250/6090 days...
2026-03-13 13:37:48 | INFO | backtest_engine | Processed 3500/6090 days...
2026-03-13 13:37:48 | INFO | backtest_engine | Processed 3750/6090 days...
2026-03-13 13:37:48 | INFO | backtest_engine | Processed 4000/6090 days...
2026-03-13 13:37:48 | INFO | backtest_engine | Processed 4250/6090 days...
2026-03-13 13:37:48 | INFO | backtest_engine | Processed 4500/6090 days...
2026-03-13 13:37:48 | INFO | backtest_engine | Processed 4750/6090 days...
2026-03-13 13:37:48 | INFO | backtest_engine | Processed 5000/6090 days...
2026-03-13 13:37:48 | INFO | backtest_engine | Processed 5250/6090 days...
2026-03-13 13:37:48 | INFO | backtest_engine | Processed 5500/6090 days...
2026-03-13 13:37:48 | INFO | backtest_engine | Processed 5750/6090 days...
2026-03-13 13:37:48 | INFO | backtest_engine | Processed 6000/6090 days...
2026-03-13 13:37:48 | INFO | backtest_engine | Benchmark Complete.
2026-03-13 13:37:48 | INFO | backtest_engine | Registered Strategy: VolatilityBreakoutStrategy
2026-03-13 13:37:48 | INFO | backtest_engine | Registered Strategy: RegimeAware(VolatilityBreakoutStrategy)
2026-03-13 13:37:48 | INFO | backtest_engine | Starting Benchmark on 6090 data points...
2026-03-13 13:37:48 | INFO | backtest_engine | Processed 0/6090 days...
2026-03-13 13:37:48 | INFO | backtest_engine | Processed 250/6090 days...
2026-03-13 13:37:48 | INFO | backtest_engine | Processed 500/6090 days...
2026-03-13 13:37:48 | INFO | backtest_engine | Processed 750/6090 days...
2026-03-13 13:37:48 | INFO | backtest_engine | Processed 1000/6090 days...
2026-03-13 13:37:48 | INFO | backtest_engine | Processed 1250/6090 days...
2026-03-13 13:37:48 | INFO | backtest_engine | Processed 1500/6090 days...
2026-03-13 13:37:48 | INFO | backtest_engine | Processed 1750/6090 days...
2026-03-13 13:37:48 | INFO | backtest_engine | Processed 2000/6090 days...
2026-03-13 13:37:48 | INFO | backtest_engine | Processed 2250/6090 days...
2026-03-13 13:37:48 | INFO | backtest_engine | Processed 2500/6090 days...
2026-03-13 13:37:48 | INFO | backtest_engine | Processed 2750/6090 days...
2026-03-13 13:37:49 | INFO | backtest_engine | Processed 3000/6090 days...
2026-03-13 13:37:49 | INFO | backtest_engine | Processed 3250/6090 days...
2026-03-13 13:37:49 | INFO | backtest_engine | Processed 3500/6090 days...
2026-03-13 13:37:49 | INFO | backtest_engine | Processed 3750/6090 days...
2026-03-13 13:37:49 | INFO | backtest_engine | Processed 4000/6090 days...
2026-03-13 13:37:49 | INFO | backtest_engine | Processed 4250/6090 days...
2026-03-13 13:37:49 | INFO | backtest_engine | Processed 4500/6090 days...
2026-03-13 13:37:49 | INFO | backtest_engine | Processed 4750/6090 days...
2026-03-13 13:37:49 | INFO | backtest_engine | Processed 5000/6090 days...
2026-03-13 13:37:49 | INFO | backtest_engine | Processed 5250/6090 days...
2026-03-13 13:37:49 | INFO | backtest_engine | Processed 5500/6090 days...
2026-03-13 13:37:49 | INFO | backtest_engine | Processed 5750/6090 days...
2026-03-13 13:37:49 | INFO | backtest_engine | Processed 6000/6090 days...
2026-03-13 13:37:49 | INFO | backtest_engine | Benchmark Complete.
2026-03-13 13:37:49 | INFO | backtest_engine | Registered Strategy: VolatilityBreakoutStrategy
2026-03-13 13:37:49 | INFO | backtest_engine | Registered Strategy: RegimeAware(VolatilityBreakoutStrategy)
2026-03-13 13:37:49 | INFO | backtest_engine | Starting Benchmark on 6090 data points...
2026-03-13 13:37:49 | INFO | backtest_engine | Processed 0/6090 days...
2026-03-13 13:37:49 | INFO | backtest_engine | Processed 250/6090 days...
2026-03-13 13:37:49 | INFO | backtest_engine | Processed 500/6090 days...
2026-03-13 13:37:49 | INFO | backtest_engine | Processed 750/6090 days...
2026-03-13 13:37:49 | INFO | backtest_engine | Processed 1000/6090 days...
2026-03-13 13:37:49 | INFO | backtest_engine | Processed 1250/6090 days...
2026-03-13 13:37:49 | INFO | backtest_engine | Processed 1500/6090 days...
2026-03-13 13:37:49 | INFO | backtest_engine | Processed 1750/6090 days...
2026-03-13 13:37:49 | INFO | backtest_engine | Processed 2000/6090 days...
2026-03-13 13:37:49 | INFO | backtest_engine | Processed 2250/6090 days...
2026-03-13 13:37:49 | INFO | backtest_engine | Processed 2500/6090 days...
2026-03-13 13:37:49 | INFO | backtest_engine | Processed 2750/6090 days...
2026-03-13 13:37:49 | INFO | backtest_engine | Processed 3000/6090 days...
2026-03-13 13:37:49 | INFO | backtest_engine | Processed 3250/6090 days...
2026-03-13 13:37:49 | INFO | backtest_engine | Processed 3500/6090 days...
2026-03-13 13:37:49 | INFO | backtest_engine | Processed 3750/6090 days...
2026-03-13 13:37:49 | INFO | backtest_engine | Processed 4000/6090 days...
2026-03-13 13:37:49 | INFO | backtest_engine | Processed 4250/6090 days...
2026-03-13 13:37:49 | INFO | backtest_engine | Processed 4500/6090 days...
2026-03-13 13:37:49 | INFO | backtest_engine | Processed 4750/6090 days...
2026-03-13 13:37:49 | INFO | backtest_engine | Processed 5000/6090 days...
2026-03-13 13:37:50 | INFO | backtest_engine | Processed 5250/6090 days...
2026-03-13 13:37:50 | INFO | backtest_engine | Processed 5500/6090 days...
2026-03-13 13:37:50 | INFO | backtest_engine | Processed 5750/6090 days...
2026-03-13 13:37:50 | INFO | backtest_engine | Processed 6000/6090 days...
2026-03-13 13:37:50 | INFO | backtest_engine | Benchmark Complete.
2026-03-13 13:37:50 | INFO | backtest_engine | Registered Strategy: VolatilityBreakoutStrategy
2026-03-13 13:37:50 | INFO | backtest_engine | Registered Strategy: RegimeAware(VolatilityBreakoutStrategy)
2026-03-13 13:37:50 | INFO | backtest_engine | Starting Benchmark on 6090 data points...
2026-03-13 13:37:50 | INFO | backtest_engine | Processed 0/6090 days...
2026-03-13 13:37:50 | INFO | backtest_engine | Processed 250/6090 days...
2026-03-13 13:37:50 | INFO | backtest_engine | Processed 500/6090 days...
2026-03-13 13:37:50 | INFO | backtest_engine | Processed 750/6090 days...
2026-03-13 13:37:50 | INFO | backtest_engine | Processed 1000/6090 days...
2026-03-13 13:37:50 | INFO | backtest_engine | Processed 1250/6090 days...
2026-03-13 13:37:50 | INFO | backtest_engine | Processed 1500/6090 days...
2026-03-13 13:37:50 | INFO | backtest_engine | Processed 1750/6090 days...
2026-03-13 13:37:50 | INFO | backtest_engine | Processed 2000/6090 days...
2026-03-13 13:37:50 | INFO | backtest_engine | Processed 2250/6090 days...
2026-03-13 13:37:50 | INFO | backtest_engine | Processed 2500/6090 days...
2026-03-13 13:37:50 | INFO | backtest_engine | Processed 2750/6090 days...
2026-03-13 13:37:50 | INFO | backtest_engine | Processed 3000/6090 days...
2026-03-13 13:37:50 | INFO | backtest_engine | Processed 3250/6090 days...
2026-03-13 13:37:50 | INFO | backtest_engine | Processed 3500/6090 days...
2026-03-13 13:37:50 | INFO | backtest_engine | Processed 3750/6090 days...
2026-03-13 13:37:50 | INFO | backtest_engine | Processed 4000/6090 days...
2026-03-13 13:37:50 | INFO | backtest_engine | Processed 4250/6090 days...
2026-03-13 13:37:50 | INFO | backtest_engine | Processed 4500/6090 days...
2026-03-13 13:37:50 | INFO | backtest_engine | Processed 4750/6090 days...
2026-03-13 13:37:50 | INFO | backtest_engine | Processed 5000/6090 days...
2026-03-13 13:37:50 | INFO | backtest_engine | Processed 5250/6090 days...
2026-03-13 13:37:50 | INFO | backtest_engine | Processed 5500/6090 days...
2026-03-13 13:37:50 | INFO | backtest_engine | Processed 5750/6090 days...
2026-03-13 13:37:51 | INFO | backtest_engine | Processed 6000/6090 days...
2026-03-13 13:37:51 | INFO | backtest_engine | Benchmark Complete.
2026-03-13 13:37:51 | INFO | backtest_engine | Registered Strategy: MeanReversionStrategy
2026-03-13 13:37:51 | INFO | backtest_engine | Starting Benchmark on 4864 data points...
2026-03-13 13:37:51 | INFO | backtest_engine | Processed 0/4864 days...
2026-03-13 13:37:51 | INFO | backtest_engine | Processed 250/4864 days...
2026-03-13 13:37:51 | INFO | backtest_engine | Processed 500/4864 days...
2026-03-13 13:37:51 | INFO | backtest_engine | Processed 750/4864 days...
2026-03-13 13:37:51 | INFO | backtest_engine | Processed 1000/4864 days...
2026-03-13 13:37:51 | INFO | backtest_engine | Processed 1250/4864 days...
2026-03-13 13:37:51 | INFO | backtest_engine | Processed 1500/4864 days...
2026-03-13 13:37:51 | INFO | backtest_engine | Processed 1750/4864 days...
2026-03-13 13:37:51 | INFO | backtest_engine | Processed 2000/4864 days...
2026-03-13 13:37:51 | INFO | backtest_engine | Processed 2250/4864 days...
2026-03-13 13:37:51 | INFO | backtest_engine | Processed 2500/4864 days...
2026-03-13 13:37:51 | INFO | backtest_engine | Processed 2750/4864 days...
2026-03-13 13:37:51 | INFO | backtest_engine | Processed 3000/4864 days...
2026-03-13 13:37:51 | INFO | backtest_engine | Processed 3250/4864 days...
2026-03-13 13:37:51 | INFO | backtest_engine | Processed 3500/4864 days...
2026-03-13 13:37:51 | INFO | backtest_engine | Processed 3750/4864 days...
2026-03-13 13:37:51 | INFO | backtest_engine | Processed 4000/4864 days...
2026-03-13 13:37:51 | INFO | backtest_engine | Processed 4250/4864 days...
2026-03-13 13:37:51 | INFO | backtest_engine | Processed 4500/4864 days...
2026-03-13 13:37:51 | INFO | backtest_engine | Processed 4750/4864 days...
2026-03-13 13:37:51 | INFO | backtest_engine | Benchmark Complete.
2026-03-13 13:37:51 | INFO | backtest_engine | Registered Strategy: MeanReversionStrategy
2026-03-13 13:37:51 | INFO | backtest_engine | Registered Strategy: RegimeAware(MeanReversionStrategy)
2026-03-13 13:37:51 | INFO | backtest_engine | Starting Benchmark on 4864 data points...
2026-03-13 13:37:51 | INFO | backtest_engine | Processed 0/4864 days...
2026-03-13 13:37:51 | INFO | backtest_engine | Processed 250/4864 days...
2026-03-13 13:37:51 | INFO | backtest_engine | Processed 500/4864 days...
2026-03-13 13:37:51 | INFO | backtest_engine | Processed 750/4864 days...
2026-03-13 13:37:51 | INFO | backtest_engine | Processed 1000/4864 days...
2026-03-13 13:37:51 | INFO | backtest_engine | Processed 1250/4864 days...
2026-03-13 13:37:51 | INFO | backtest_engine | Processed 1500/4864 days...
2026-03-13 13:37:51 | INFO | backtest_engine | Processed 1750/4864 days...
2026-03-13 13:37:51 | INFO | backtest_engine | Processed 2000/4864 days...
2026-03-13 13:37:51 | INFO | backtest_engine | Processed 2250/4864 days...
2026-03-13 13:37:51 | INFO | backtest_engine | Processed 2500/4864 days...
2026-03-13 13:37:51 | INFO | backtest_engine | Processed 2750/4864 days...
2026-03-13 13:37:52 | INFO | backtest_engine | Processed 3000/4864 days...
2026-03-13 13:37:52 | INFO | backtest_engine | Processed 3250/4864 days...
2026-03-13 13:37:52 | INFO | backtest_engine | Processed 3500/4864 days...
2026-03-13 13:37:52 | INFO | backtest_engine | Processed 3750/4864 days...
2026-03-13 13:37:52 | INFO | backtest_engine | Processed 4000/4864 days...
2026-03-13 13:37:52 | INFO | backtest_engine | Processed 4250/4864 days...
2026-03-13 13:37:52 | INFO | backtest_engine | Processed 4500/4864 days...
2026-03-13 13:37:52 | INFO | backtest_engine | Processed 4750/4864 days...
2026-03-13 13:37:52 | INFO | backtest_engine | Benchmark Complete.
2026-03-13 13:37:52 | INFO | backtest_engine | Registered Strategy: MeanReversionStrategy
2026-03-13 13:37:52 | INFO | backtest_engine | Registered Strategy: RegimeAware(MeanReversionStrategy)
2026-03-13 13:37:52 | INFO | backtest_engine | Starting Benchmark on 4864 data points...
2026-03-13 13:37:52 | INFO | backtest_engine | Processed 0/4864 days...
2026-03-13 13:37:52 | INFO | backtest_engine | Processed 250/4864 days...
2026-03-13 13:37:52 | INFO | backtest_engine | Processed 500/4864 days...
2026-03-13 13:37:52 | INFO | backtest_engine | Processed 750/4864 days...
2026-03-13 13:37:52 | INFO | backtest_engine | Processed 1000/4864 days...
2026-03-13 13:37:52 | INFO | backtest_engine | Processed 1250/4864 days...
2026-03-13 13:37:52 | INFO | backtest_engine | Processed 1500/4864 days...
2026-03-13 13:37:52 | INFO | backtest_engine | Processed 1750/4864 days...
2026-03-13 13:37:52 | INFO | backtest_engine | Processed 2000/4864 days...
2026-03-13 13:37:52 | INFO | backtest_engine | Processed 2250/4864 days...
2026-03-13 13:37:52 | INFO | backtest_engine | Processed 2500/4864 days...
2026-03-13 13:37:52 | INFO | backtest_engine | Processed 2750/4864 days...
2026-03-13 13:37:52 | INFO | backtest_engine | Processed 3000/4864 days...
2026-03-13 13:37:52 | INFO | backtest_engine | Processed 3250/4864 days...
2026-03-13 13:37:52 | INFO | backtest_engine | Processed 3500/4864 days...
2026-03-13 13:37:52 | INFO | backtest_engine | Processed 3750/4864 days...
2026-03-13 13:37:52 | INFO | backtest_engine | Processed 4000/4864 days...
2026-03-13 13:37:52 | INFO | backtest_engine | Processed 4250/4864 days...
2026-03-13 13:37:52 | INFO | backtest_engine | Processed 4500/4864 days...
2026-03-13 13:37:52 | INFO | backtest_engine | Processed 4750/4864 days...
2026-03-13 13:37:52 | INFO | backtest_engine | Benchmark Complete.
2026-03-13 13:37:53 | INFO | backtest_engine | Registered Strategy: MeanReversionStrategy
2026-03-13 13:37:53 | INFO | backtest_engine | Registered Strategy: RegimeAware(MeanReversionStrategy)
2026-03-13 13:37:53 | INFO | backtest_engine | Starting Benchmark on 4864 data points...
2026-03-13 13:37:53 | INFO | backtest_engine | Processed 0/4864 days...
2026-03-13 13:37:53 | INFO | backtest_engine | Processed 250/4864 days...
2026-03-13 13:37:53 | INFO | backtest_engine | Processed 500/4864 days...
2026-03-13 13:37:53 | INFO | backtest_engine | Processed 750/4864 days...
2026-03-13 13:37:53 | INFO | backtest_engine | Processed 1000/4864 days...
2026-03-13 13:37:53 | INFO | backtest_engine | Processed 1250/4864 days...
2026-03-13 13:37:53 | INFO | backtest_engine | Processed 1500/4864 days...
2026-03-13 13:37:53 | INFO | backtest_engine | Processed 1750/4864 days...
2026-03-13 13:37:53 | INFO | backtest_engine | Processed 2000/4864 days...
2026-03-13 13:37:53 | INFO | backtest_engine | Processed 2250/4864 days...
2026-03-13 13:37:53 | INFO | backtest_engine | Processed 2500/4864 days...
2026-03-13 13:37:53 | INFO | backtest_engine | Processed 2750/4864 days...
2026-03-13 13:37:53 | INFO | backtest_engine | Processed 3000/4864 days...
2026-03-13 13:37:53 | INFO | backtest_engine | Processed 3250/4864 days...
2026-03-13 13:37:53 | INFO | backtest_engine | Processed 3500/4864 days...
2026-03-13 13:37:53 | INFO | backtest_engine | Processed 3750/4864 days...
2026-03-13 13:37:53 | INFO | backtest_engine | Processed 4000/4864 days...
2026-03-13 13:37:53 | INFO | backtest_engine | Processed 4250/4864 days...
2026-03-13 13:37:53 | INFO | backtest_engine | Processed 4500/4864 days...
2026-03-13 13:37:53 | INFO | backtest_engine | Processed 4750/4864 days...
2026-03-13 13:37:53 | INFO | backtest_engine | Benchmark Complete.
2026-03-13 13:37:53 | INFO | backtest_engine | Registered Strategy: TrendFollowingStrategy
2026-03-13 13:37:53 | INFO | backtest_engine | Starting Benchmark on 4864 data points...
2026-03-13 13:37:53 | INFO | backtest_engine | Processed 0/4864 days...
2026-03-13 13:37:53 | INFO | backtest_engine | Processed 250/4864 days...
2026-03-13 13:37:53 | INFO | backtest_engine | Processed 500/4864 days...
2026-03-13 13:37:53 | INFO | backtest_engine | Processed 750/4864 days...
2026-03-13 13:37:53 | INFO | backtest_engine | Processed 1000/4864 days...
2026-03-13 13:37:53 | INFO | backtest_engine | Processed 1250/4864 days...
2026-03-13 13:37:53 | INFO | backtest_engine | Processed 1500/4864 days...
2026-03-13 13:37:53 | INFO | backtest_engine | Processed 1750/4864 days...
2026-03-13 13:37:53 | INFO | backtest_engine | Processed 2000/4864 days...
2026-03-13 13:37:53 | INFO | backtest_engine | Processed 2250/4864 days...
2026-03-13 13:37:53 | INFO | backtest_engine | Processed 2500/4864 days...
2026-03-13 13:37:53 | INFO | backtest_engine | Processed 2750/4864 days...
2026-03-13 13:37:53 | INFO | backtest_engine | Processed 3000/4864 days...
2026-03-13 13:37:53 | INFO | backtest_engine | Processed 3250/4864 days...
2026-03-13 13:37:54 | INFO | backtest_engine | Processed 3500/4864 days...
2026-03-13 13:37:54 | INFO | backtest_engine | Processed 3750/4864 days...
2026-03-13 13:37:54 | INFO | backtest_engine | Processed 4000/4864 days...
2026-03-13 13:37:54 | INFO | backtest_engine | Processed 4250/4864 days...
2026-03-13 13:37:54 | INFO | backtest_engine | Processed 4500/4864 days...
2026-03-13 13:37:54 | INFO | backtest_engine | Processed 4750/4864 days...
2026-03-13 13:37:54 | INFO | backtest_engine | Benchmark Complete.
2026-03-13 13:37:54 | INFO | backtest_engine | Registered Strategy: TrendFollowingStrategy
2026-03-13 13:37:54 | INFO | backtest_engine | Registered Strategy: RegimeAware(TrendFollowingStrategy)
2026-03-13 13:37:54 | INFO | backtest_engine | Starting Benchmark on 4864 data points...
2026-03-13 13:37:54 | INFO | backtest_engine | Processed 0/4864 days...
2026-03-13 13:37:54 | INFO | backtest_engine | Processed 250/4864 days...
2026-03-13 13:37:54 | INFO | backtest_engine | Processed 500/4864 days...
2026-03-13 13:37:54 | INFO | backtest_engine | Processed 750/4864 days...
2026-03-13 13:37:54 | INFO | backtest_engine | Processed 1000/4864 days...
2026-03-13 13:37:54 | INFO | backtest_engine | Processed 1250/4864 days...
2026-03-13 13:37:54 | INFO | backtest_engine | Processed 1500/4864 days...
2026-03-13 13:37:54 | INFO | backtest_engine | Processed 1750/4864 days...
2026-03-13 13:37:54 | INFO | backtest_engine | Processed 2000/4864 days...
2026-03-13 13:37:54 | INFO | backtest_engine | Processed 2250/4864 days...
2026-03-13 13:37:54 | INFO | backtest_engine | Processed 2500/4864 days...
2026-03-13 13:37:54 | INFO | backtest_engine | Processed 2750/4864 days...
2026-03-13 13:37:54 | INFO | backtest_engine | Processed 3000/4864 days...
2026-03-13 13:37:54 | INFO | backtest_engine | Processed 3250/4864 days...
2026-03-13 13:37:54 | INFO | backtest_engine | Processed 3500/4864 days...
2026-03-13 13:37:54 | INFO | backtest_engine | Processed 3750/4864 days...
2026-03-13 13:37:54 | INFO | backtest_engine | Processed 4000/4864 days...
2026-03-13 13:37:54 | INFO | backtest_engine | Processed 4250/4864 days...
2026-03-13 13:37:54 | INFO | backtest_engine | Processed 4500/4864 days...
2026-03-13 13:37:54 | INFO | backtest_engine | Processed 4750/4864 days...
2026-03-13 13:37:54 | INFO | backtest_engine | Benchmark Complete.
2026-03-13 13:37:54 | INFO | backtest_engine | Registered Strategy: TrendFollowingStrategy
2026-03-13 13:37:54 | INFO | backtest_engine | Registered Strategy: RegimeAware(TrendFollowingStrategy)
2026-03-13 13:37:54 | INFO | backtest_engine | Starting Benchmark on 4864 data points...
2026-03-13 13:37:54 | INFO | backtest_engine | Processed 0/4864 days...
2026-03-13 13:37:54 | INFO | backtest_engine | Processed 250/4864 days...
2026-03-13 13:37:54 | INFO | backtest_engine | Processed 500/4864 days...
2026-03-13 13:37:55 | INFO | backtest_engine | Processed 750/4864 days...
2026-03-13 13:37:55 | INFO | backtest_engine | Processed 1000/4864 days...
2026-03-13 13:37:55 | INFO | backtest_engine | Processed 1250/4864 days...
2026-03-13 13:37:55 | INFO | backtest_engine | Processed 1500/4864 days...
2026-03-13 13:37:55 | INFO | backtest_engine | Processed 1750/4864 days...
2026-03-13 13:37:55 | INFO | backtest_engine | Processed 2000/4864 days...
2026-03-13 13:37:55 | INFO | backtest_engine | Processed 2250/4864 days...
2026-03-13 13:37:55 | INFO | backtest_engine | Processed 2500/4864 days...
2026-03-13 13:37:55 | INFO | backtest_engine | Processed 2750/4864 days...
2026-03-13 13:37:55 | INFO | backtest_engine | Processed 3000/4864 days...
2026-03-13 13:37:55 | INFO | backtest_engine | Processed 3250/4864 days...
2026-03-13 13:37:55 | INFO | backtest_engine | Processed 3500/4864 days...
2026-03-13 13:37:55 | INFO | backtest_engine | Processed 3750/4864 days...
2026-03-13 13:37:55 | INFO | backtest_engine | Processed 4000/4864 days...
2026-03-13 13:37:55 | INFO | backtest_engine | Processed 4250/4864 days...
2026-03-13 13:37:55 | INFO | backtest_engine | Processed 4500/4864 days...
2026-03-13 13:37:55 | INFO | backtest_engine | Processed 4750/4864 days...
2026-03-13 13:37:55 | INFO | backtest_engine | Benchmark Complete.
2026-03-13 13:37:55 | INFO | backtest_engine | Registered Strategy: TrendFollowingStrategy
2026-03-13 13:37:55 | INFO | backtest_engine | Registered Strategy: RegimeAware(TrendFollowingStrategy)
2026-03-13 13:37:55 | INFO | backtest_engine | Starting Benchmark on 4864 data points...
2026-03-13 13:37:55 | INFO | backtest_engine | Processed 0/4864 days...
2026-03-13 13:37:55 | INFO | backtest_engine | Processed 250/4864 days...
2026-03-13 13:37:55 | INFO | backtest_engine | Processed 500/4864 days...
2026-03-13 13:37:55 | INFO | backtest_engine | Processed 750/4864 days...
2026-03-13 13:37:55 | INFO | backtest_engine | Processed 1000/4864 days...
2026-03-13 13:37:55 | INFO | backtest_engine | Processed 1250/4864 days...
2026-03-13 13:37:55 | INFO | backtest_engine | Processed 1500/4864 days...
2026-03-13 13:37:55 | INFO | backtest_engine | Processed 1750/4864 days...
2026-03-13 13:37:55 | INFO | backtest_engine | Processed 2000/4864 days...
2026-03-13 13:37:55 | INFO | backtest_engine | Processed 2250/4864 days...
2026-03-13 13:37:55 | INFO | backtest_engine | Processed 2500/4864 days...
2026-03-13 13:37:55 | INFO | backtest_engine | Processed 2750/4864 days...
2026-03-13 13:37:55 | INFO | backtest_engine | Processed 3000/4864 days...
2026-03-13 13:37:56 | INFO | backtest_engine | Processed 3250/4864 days...
2026-03-13 13:37:56 | INFO | backtest_engine | Processed 3500/4864 days...
2026-03-13 13:37:56 | INFO | backtest_engine | Processed 3750/4864 days...
2026-03-13 13:37:56 | INFO | backtest_engine | Processed 4000/4864 days...
2026-03-13 13:37:56 | INFO | backtest_engine | Processed 4250/4864 days...
2026-03-13 13:37:56 | INFO | backtest_engine | Processed 4500/4864 days...
2026-03-13 13:37:56 | INFO | backtest_engine | Processed 4750/4864 days...
2026-03-13 13:37:56 | INFO | backtest_engine | Benchmark Complete.
2026-03-13 13:37:56 | INFO | backtest_engine | Registered Strategy: MomentumStrategy
2026-03-13 13:37:56 | INFO | backtest_engine | Starting Benchmark on 4864 data points...
2026-03-13 13:37:56 | INFO | backtest_engine | Processed 0/4864 days...
2026-03-13 13:37:56 | INFO | backtest_engine | Processed 250/4864 days...
2026-03-13 13:37:56 | INFO | backtest_engine | Processed 500/4864 days...
2026-03-13 13:37:56 | INFO | backtest_engine | Processed 750/4864 days...
2026-03-13 13:37:56 | INFO | backtest_engine | Processed 1000/4864 days...
2026-03-13 13:37:56 | INFO | backtest_engine | Processed 1250/4864 days...
2026-03-13 13:37:56 | INFO | backtest_engine | Processed 1500/4864 days...
2026-03-13 13:37:56 | INFO | backtest_engine | Processed 1750/4864 days...
2026-03-13 13:37:56 | INFO | backtest_engine | Processed 2000/4864 days...
2026-03-13 13:37:56 | INFO | backtest_engine | Processed 2250/4864 days...
2026-03-13 13:37:56 | INFO | backtest_engine | Processed 2500/4864 days...
2026-03-13 13:37:56 | INFO | backtest_engine | Processed 2750/4864 days...
2026-03-13 13:37:56 | INFO | backtest_engine | Processed 3000/4864 days...
2026-03-13 13:37:56 | INFO | backtest_engine | Processed 3250/4864 days...
2026-03-13 13:37:56 | INFO | backtest_engine | Processed 3500/4864 days...
2026-03-13 13:37:56 | INFO | backtest_engine | Processed 3750/4864 days...
2026-03-13 13:37:56 | INFO | backtest_engine | Processed 4000/4864 days...
2026-03-13 13:37:56 | INFO | backtest_engine | Processed 4250/4864 days...
2026-03-13 13:37:56 | INFO | backtest_engine | Processed 4500/4864 days...
2026-03-13 13:37:56 | INFO | backtest_engine | Processed 4750/4864 days...
2026-03-13 13:37:56 | INFO | backtest_engine | Benchmark Complete.
2026-03-13 13:37:56 | INFO | backtest_engine | Registered Strategy: MomentumStrategy
2026-03-13 13:37:56 | INFO | backtest_engine | Registered Strategy: RegimeAware(MomentumStrategy)
2026-03-13 13:37:56 | INFO | backtest_engine | Starting Benchmark on 4864 data points...
2026-03-13 13:37:56 | INFO | backtest_engine | Processed 0/4864 days...
2026-03-13 13:37:56 | INFO | backtest_engine | Processed 250/4864 days...
2026-03-13 13:37:56 | INFO | backtest_engine | Processed 500/4864 days...
2026-03-13 13:37:56 | INFO | backtest_engine | Processed 750/4864 days...
2026-03-13 13:37:56 | INFO | backtest_engine | Processed 1000/4864 days...
2026-03-13 13:37:56 | INFO | backtest_engine | Processed 1250/4864 days...
2026-03-13 13:37:56 | INFO | backtest_engine | Processed 1500/4864 days...
2026-03-13 13:37:57 | INFO | backtest_engine | Processed 1750/4864 days...
2026-03-13 13:37:57 | INFO | backtest_engine | Processed 2000/4864 days...
2026-03-13 13:37:57 | INFO | backtest_engine | Processed 2250/4864 days...
2026-03-13 13:37:57 | INFO | backtest_engine | Processed 2500/4864 days...
2026-03-13 13:37:57 | INFO | backtest_engine | Processed 2750/4864 days...
2026-03-13 13:37:57 | INFO | backtest_engine | Processed 3000/4864 days...
2026-03-13 13:37:57 | INFO | backtest_engine | Processed 3250/4864 days...
2026-03-13 13:37:57 | INFO | backtest_engine | Processed 3500/4864 days...
2026-03-13 13:37:57 | INFO | backtest_engine | Processed 3750/4864 days...
2026-03-13 13:37:57 | INFO | backtest_engine | Processed 4000/4864 days...
2026-03-13 13:37:57 | INFO | backtest_engine | Processed 4250/4864 days...
2026-03-13 13:37:57 | INFO | backtest_engine | Processed 4500/4864 days...
2026-03-13 13:37:57 | INFO | backtest_engine | Processed 4750/4864 days...
2026-03-13 13:37:57 | INFO | backtest_engine | Benchmark Complete.
2026-03-13 13:37:57 | INFO | backtest_engine | Registered Strategy: MomentumStrategy
2026-03-13 13:37:57 | INFO | backtest_engine | Registered Strategy: RegimeAware(MomentumStrategy)
2026-03-13 13:37:57 | INFO | backtest_engine | Starting Benchmark on 4864 data points...
2026-03-13 13:37:57 | INFO | backtest_engine | Processed 0/4864 days...
2026-03-13 13:37:57 | INFO | backtest_engine | Processed 250/4864 days...
2026-03-13 13:37:57 | INFO | backtest_engine | Processed 500/4864 days...
2026-03-13 13:37:57 | INFO | backtest_engine | Processed 750/4864 days...
2026-03-13 13:37:57 | INFO | backtest_engine | Processed 1000/4864 days...
2026-03-13 13:37:57 | INFO | backtest_engine | Processed 1250/4864 days...
2026-03-13 13:37:57 | INFO | backtest_engine | Processed 1500/4864 days...
2026-03-13 13:37:57 | INFO | backtest_engine | Processed 1750/4864 days...
2026-03-13 13:37:57 | INFO | backtest_engine | Processed 2000/4864 days...
2026-03-13 13:37:57 | INFO | backtest_engine | Processed 2250/4864 days...
2026-03-13 13:37:57 | INFO | backtest_engine | Processed 2500/4864 days...
2026-03-13 13:37:57 | INFO | backtest_engine | Processed 2750/4864 days...
2026-03-13 13:37:57 | INFO | backtest_engine | Processed 3000/4864 days...
2026-03-13 13:37:57 | INFO | backtest_engine | Processed 3250/4864 days...
2026-03-13 13:37:57 | INFO | backtest_engine | Processed 3500/4864 days...
2026-03-13 13:37:57 | INFO | backtest_engine | Processed 3750/4864 days...
2026-03-13 13:37:57 | INFO | backtest_engine | Processed 4000/4864 days...
2026-03-13 13:37:57 | INFO | backtest_engine | Processed 4250/4864 days...
2026-03-13 13:37:58 | INFO | backtest_engine | Processed 4500/4864 days...
2026-03-13 13:37:58 | INFO | backtest_engine | Processed 4750/4864 days...
2026-03-13 13:37:58 | INFO | backtest_engine | Benchmark Complete.
2026-03-13 13:37:58 | INFO | backtest_engine | Registered Strategy: MomentumStrategy
2026-03-13 13:37:58 | INFO | backtest_engine | Registered Strategy: RegimeAware(MomentumStrategy)
2026-03-13 13:37:58 | INFO | backtest_engine | Starting Benchmark on 4864 data points...
2026-03-13 13:37:58 | INFO | backtest_engine | Processed 0/4864 days...
2026-03-13 13:37:58 | INFO | backtest_engine | Processed 250/4864 days...
2026-03-13 13:37:58 | INFO | backtest_engine | Processed 500/4864 days...
2026-03-13 13:37:58 | INFO | backtest_engine | Processed 750/4864 days...
2026-03-13 13:37:58 | INFO | backtest_engine | Processed 1000/4864 days...
2026-03-13 13:37:58 | INFO | backtest_engine | Processed 1250/4864 days...
2026-03-13 13:37:58 | INFO | backtest_engine | Processed 1500/4864 days...
2026-03-13 13:37:58 | INFO | backtest_engine | Processed 1750/4864 days...
2026-03-13 13:37:58 | INFO | backtest_engine | Processed 2000/4864 days...
2026-03-13 13:37:58 | INFO | backtest_engine | Processed 2250/4864 days...
2026-03-13 13:37:58 | INFO | backtest_engine | Processed 2500/4864 days...
2026-03-13 13:37:58 | INFO | backtest_engine | Processed 2750/4864 days...
2026-03-13 13:37:58 | INFO | backtest_engine | Processed 3000/4864 days...
2026-03-13 13:37:58 | INFO | backtest_engine | Processed 3250/4864 days...
2026-03-13 13:37:58 | INFO | backtest_engine | Processed 3500/4864 days...
2026-03-13 13:37:58 | INFO | backtest_engine | Processed 3750/4864 days...
2026-03-13 13:37:58 | INFO | backtest_engine | Processed 4000/4864 days...
2026-03-13 13:37:58 | INFO | backtest_engine | Processed 4250/4864 days...
2026-03-13 13:37:58 | INFO | backtest_engine | Processed 4500/4864 days...
2026-03-13 13:37:58 | INFO | backtest_engine | Processed 4750/4864 days...
2026-03-13 13:37:58 | INFO | backtest_engine | Benchmark Complete.
2026-03-13 13:37:59 | INFO | backtest_engine | Registered Strategy: BreakoutStrategy
2026-03-13 13:37:59 | INFO | backtest_engine | Starting Benchmark on 4864 data points...
2026-03-13 13:37:59 | INFO | backtest_engine | Processed 0/4864 days...
2026-03-13 13:37:59 | INFO | backtest_engine | Processed 250/4864 days...
2026-03-13 13:37:59 | INFO | backtest_engine | Processed 500/4864 days...
2026-03-13 13:37:59 | INFO | backtest_engine | Processed 750/4864 days...
2026-03-13 13:37:59 | INFO | backtest_engine | Processed 1000/4864 days...
2026-03-13 13:37:59 | INFO | backtest_engine | Processed 1250/4864 days...
2026-03-13 13:37:59 | INFO | backtest_engine | Processed 1500/4864 days...
2026-03-13 13:37:59 | INFO | backtest_engine | Processed 1750/4864 days...
2026-03-13 13:37:59 | INFO | backtest_engine | Processed 2000/4864 days...
2026-03-13 13:37:59 | INFO | backtest_engine | Processed 2250/4864 days...
2026-03-13 13:37:59 | INFO | backtest_engine | Processed 2500/4864 days...
2026-03-13 13:37:59 | INFO | backtest_engine | Processed 2750/4864 days...
2026-03-13 13:37:59 | INFO | backtest_engine | Processed 3000/4864 days...
2026-03-13 13:37:59 | INFO | backtest_engine | Processed 3250/4864 days...
2026-03-13 13:37:59 | INFO | backtest_engine | Processed 3500/4864 days...
2026-03-13 13:37:59 | INFO | backtest_engine | Processed 3750/4864 days...
2026-03-13 13:37:59 | INFO | backtest_engine | Processed 4000/4864 days...
2026-03-13 13:37:59 | INFO | backtest_engine | Processed 4250/4864 days...
2026-03-13 13:37:59 | INFO | backtest_engine | Processed 4500/4864 days...
2026-03-13 13:37:59 | INFO | backtest_engine | Processed 4750/4864 days...
2026-03-13 13:37:59 | INFO | backtest_engine | Benchmark Complete.
2026-03-13 13:37:59 | INFO | backtest_engine | Registered Strategy: BreakoutStrategy
2026-03-13 13:37:59 | INFO | backtest_engine | Registered Strategy: RegimeAware(BreakoutStrategy)
2026-03-13 13:37:59 | INFO | backtest_engine | Starting Benchmark on 4864 data points...
2026-03-13 13:37:59 | INFO | backtest_engine | Processed 0/4864 days...
2026-03-13 13:37:59 | INFO | backtest_engine | Processed 250/4864 days...
2026-03-13 13:37:59 | INFO | backtest_engine | Processed 500/4864 days...
2026-03-13 13:37:59 | INFO | backtest_engine | Processed 750/4864 days...
2026-03-13 13:37:59 | INFO | backtest_engine | Processed 1000/4864 days...
2026-03-13 13:37:59 | INFO | backtest_engine | Processed 1250/4864 days...
2026-03-13 13:37:59 | INFO | backtest_engine | Processed 1500/4864 days...
2026-03-13 13:37:59 | INFO | backtest_engine | Processed 1750/4864 days...
2026-03-13 13:37:59 | INFO | backtest_engine | Processed 2000/4864 days...
2026-03-13 13:37:59 | INFO | backtest_engine | Processed 2250/4864 days...
2026-03-13 13:37:59 | INFO | backtest_engine | Processed 2500/4864 days...
2026-03-13 13:37:59 | INFO | backtest_engine | Processed 2750/4864 days...
2026-03-13 13:37:59 | INFO | backtest_engine | Processed 3000/4864 days...
2026-03-13 13:37:59 | INFO | backtest_engine | Processed 3250/4864 days...
2026-03-13 13:37:59 | INFO | backtest_engine | Processed 3500/4864 days...
2026-03-13 13:37:59 | INFO | backtest_engine | Processed 3750/4864 days...
2026-03-13 13:37:59 | INFO | backtest_engine | Processed 4000/4864 days...
2026-03-13 13:37:59 | INFO | backtest_engine | Processed 4250/4864 days...
2026-03-13 13:37:59 | INFO | backtest_engine | Processed 4500/4864 days...
2026-03-13 13:37:59 | INFO | backtest_engine | Processed 4750/4864 days...
2026-03-13 13:38:00 | INFO | backtest_engine | Benchmark Complete.
2026-03-13 13:38:00 | INFO | backtest_engine | Registered Strategy: BreakoutStrategy
2026-03-13 13:38:00 | INFO | backtest_engine | Registered Strategy: RegimeAware(BreakoutStrategy)
2026-03-13 13:38:00 | INFO | backtest_engine | Starting Benchmark on 4864 data points...
2026-03-13 13:38:00 | INFO | backtest_engine | Processed 0/4864 days...
2026-03-13 13:38:00 | INFO | backtest_engine | Processed 250/4864 days...
2026-03-13 13:38:00 | INFO | backtest_engine | Processed 500/4864 days...
2026-03-13 13:38:00 | INFO | backtest_engine | Processed 750/4864 days...
2026-03-13 13:38:00 | INFO | backtest_engine | Processed 1000/4864 days...
2026-03-13 13:38:00 | INFO | backtest_engine | Processed 1250/4864 days...
2026-03-13 13:38:00 | INFO | backtest_engine | Processed 1500/4864 days...
2026-03-13 13:38:00 | INFO | backtest_engine | Processed 1750/4864 days...
2026-03-13 13:38:00 | INFO | backtest_engine | Processed 2000/4864 days...
2026-03-13 13:38:00 | INFO | backtest_engine | Processed 2250/4864 days...
2026-03-13 13:38:00 | INFO | backtest_engine | Processed 2500/4864 days...
2026-03-13 13:38:00 | INFO | backtest_engine | Processed 2750/4864 days...
2026-03-13 13:38:00 | INFO | backtest_engine | Processed 3000/4864 days...
2026-03-13 13:38:00 | INFO | backtest_engine | Processed 3250/4864 days...
2026-03-13 13:38:00 | INFO | backtest_engine | Processed 3500/4864 days...
2026-03-13 13:38:00 | INFO | backtest_engine | Processed 3750/4864 days...
2026-03-13 13:38:00 | INFO | backtest_engine | Processed 4000/4864 days...
2026-03-13 13:38:00 | INFO | backtest_engine | Processed 4250/4864 days...
2026-03-13 13:38:00 | INFO | backtest_engine | Processed 4500/4864 days...
2026-03-13 13:38:00 | INFO | backtest_engine | Processed 4750/4864 days...
2026-03-13 13:38:00 | INFO | backtest_engine | Benchmark Complete.
2026-03-13 13:38:01 | INFO | backtest_engine | Registered Strategy: BreakoutStrategy
2026-03-13 13:38:01 | INFO | backtest_engine | Registered Strategy: RegimeAware(BreakoutStrategy)
2026-03-13 13:38:01 | INFO | backtest_engine | Starting Benchmark on 4864 data points...
2026-03-13 13:38:01 | INFO | backtest_engine | Processed 0/4864 days...
2026-03-13 13:38:01 | INFO | backtest_engine | Processed 250/4864 days...
2026-03-13 13:38:01 | INFO | backtest_engine | Processed 500/4864 days...
2026-03-13 13:38:01 | INFO | backtest_engine | Processed 750/4864 days...
2026-03-13 13:38:01 | INFO | backtest_engine | Processed 1000/4864 days...
2026-03-13 13:38:01 | INFO | backtest_engine | Processed 1250/4864 days...
2026-03-13 13:38:01 | INFO | backtest_engine | Processed 1500/4864 days...
2026-03-13 13:38:01 | INFO | backtest_engine | Processed 1750/4864 days...
2026-03-13 13:38:01 | INFO | backtest_engine | Processed 2000/4864 days...
2026-03-13 13:38:01 | INFO | backtest_engine | Processed 2250/4864 days...
2026-03-13 13:38:01 | INFO | backtest_engine | Processed 2500/4864 days...
2026-03-13 13:38:01 | INFO | backtest_engine | Processed 2750/4864 days...
2026-03-13 13:38:01 | INFO | backtest_engine | Processed 3000/4864 days...
2026-03-13 13:38:01 | INFO | backtest_engine | Processed 3250/4864 days...
2026-03-13 13:38:01 | INFO | backtest_engine | Processed 3500/4864 days...
2026-03-13 13:38:01 | INFO | backtest_engine | Processed 3750/4864 days...
2026-03-13 13:38:01 | INFO | backtest_engine | Processed 4000/4864 days...
2026-03-13 13:38:01 | INFO | backtest_engine | Processed 4250/4864 days...
2026-03-13 13:38:01 | INFO | backtest_engine | Processed 4500/4864 days...
2026-03-13 13:38:01 | INFO | backtest_engine | Processed 4750/4864 days...
2026-03-13 13:38:01 | INFO | backtest_engine | Benchmark Complete.
2026-03-13 13:38:01 | INFO | backtest_engine | Registered Strategy: MovingAverageCrossStrategy
2026-03-13 13:38:01 | INFO | backtest_engine | Starting Benchmark on 4864 data points...
2026-03-13 13:38:01 | INFO | backtest_engine | Processed 0/4864 days...
2026-03-13 13:38:01 | INFO | backtest_engine | Processed 250/4864 days...
2026-03-13 13:38:01 | INFO | backtest_engine | Processed 500/4864 days...
2026-03-13 13:38:01 | INFO | backtest_engine | Processed 750/4864 days...
2026-03-13 13:38:01 | INFO | backtest_engine | Processed 1000/4864 days...
2026-03-13 13:38:01 | INFO | backtest_engine | Processed 1250/4864 days...
2026-03-13 13:38:01 | INFO | backtest_engine | Processed 1500/4864 days...
2026-03-13 13:38:01 | INFO | backtest_engine | Processed 1750/4864 days...
2026-03-13 13:38:01 | INFO | backtest_engine | Processed 2000/4864 days...
2026-03-13 13:38:01 | INFO | backtest_engine | Processed 2250/4864 days...
2026-03-13 13:38:01 | INFO | backtest_engine | Processed 2500/4864 days...
2026-03-13 13:38:01 | INFO | backtest_engine | Processed 2750/4864 days...
2026-03-13 13:38:01 | INFO | backtest_engine | Processed 3000/4864 days...
2026-03-13 13:38:01 | INFO | backtest_engine | Processed 3250/4864 days...
2026-03-13 13:38:01 | INFO | backtest_engine | Processed 3500/4864 days...
2026-03-13 13:38:01 | INFO | backtest_engine | Processed 3750/4864 days...
2026-03-13 13:38:01 | INFO | backtest_engine | Processed 4000/4864 days...
2026-03-13 13:38:01 | INFO | backtest_engine | Processed 4250/4864 days...
2026-03-13 13:38:02 | INFO | backtest_engine | Processed 4500/4864 days...
2026-03-13 13:38:02 | INFO | backtest_engine | Processed 4750/4864 days...
2026-03-13 13:38:02 | INFO | backtest_engine | Benchmark Complete.
2026-03-13 13:38:02 | INFO | backtest_engine | Registered Strategy: MovingAverageCrossStrategy
2026-03-13 13:38:02 | INFO | backtest_engine | Registered Strategy: RegimeAware(MovingAverageCrossStrategy)
2026-03-13 13:38:02 | INFO | backtest_engine | Starting Benchmark on 4864 data points...
2026-03-13 13:38:02 | INFO | backtest_engine | Processed 0/4864 days...
2026-03-13 13:38:02 | INFO | backtest_engine | Processed 250/4864 days...
2026-03-13 13:38:02 | INFO | backtest_engine | Processed 500/4864 days...
2026-03-13 13:38:02 | INFO | backtest_engine | Processed 750/4864 days...
2026-03-13 13:38:02 | INFO | backtest_engine | Processed 1000/4864 days...
2026-03-13 13:38:02 | INFO | backtest_engine | Processed 1250/4864 days...
2026-03-13 13:38:02 | INFO | backtest_engine | Processed 1500/4864 days...
2026-03-13 13:38:02 | INFO | backtest_engine | Processed 1750/4864 days...
2026-03-13 13:38:02 | INFO | backtest_engine | Processed 2000/4864 days...
2026-03-13 13:38:02 | INFO | backtest_engine | Processed 2250/4864 days...
2026-03-13 13:38:02 | INFO | backtest_engine | Processed 2500/4864 days...
2026-03-13 13:38:02 | INFO | backtest_engine | Processed 2750/4864 days...
2026-03-13 13:38:02 | INFO | backtest_engine | Processed 3000/4864 days...
2026-03-13 13:38:02 | INFO | backtest_engine | Processed 3250/4864 days...
2026-03-13 13:38:02 | INFO | backtest_engine | Processed 3500/4864 days...
2026-03-13 13:38:02 | INFO | backtest_engine | Processed 3750/4864 days...
2026-03-13 13:38:02 | INFO | backtest_engine | Processed 4000/4864 days...
2026-03-13 13:38:02 | INFO | backtest_engine | Processed 4250/4864 days...
2026-03-13 13:38:02 | INFO | backtest_engine | Processed 4500/4864 days...
2026-03-13 13:38:02 | INFO | backtest_engine | Processed 4750/4864 days...
2026-03-13 13:38:02 | INFO | backtest_engine | Benchmark Complete.
2026-03-13 13:38:02 | INFO | backtest_engine | Registered Strategy: MovingAverageCrossStrategy
2026-03-13 13:38:02 | INFO | backtest_engine | Registered Strategy: RegimeAware(MovingAverageCrossStrategy)
2026-03-13 13:38:02 | INFO | backtest_engine | Starting Benchmark on 4864 data points...
2026-03-13 13:38:02 | INFO | backtest_engine | Processed 0/4864 days...
2026-03-13 13:38:02 | INFO | backtest_engine | Processed 250/4864 days...
2026-03-13 13:38:02 | INFO | backtest_engine | Processed 500/4864 days...
2026-03-13 13:38:02 | INFO | backtest_engine | Processed 750/4864 days...
2026-03-13 13:38:03 | INFO | backtest_engine | Processed 1000/4864 days...
2026-03-13 13:38:03 | INFO | backtest_engine | Processed 1250/4864 days...
2026-03-13 13:38:03 | INFO | backtest_engine | Processed 1500/4864 days...
2026-03-13 13:38:03 | INFO | backtest_engine | Processed 1750/4864 days...
2026-03-13 13:38:03 | INFO | backtest_engine | Processed 2000/4864 days...
2026-03-13 13:38:03 | INFO | backtest_engine | Processed 2250/4864 days...
2026-03-13 13:38:03 | INFO | backtest_engine | Processed 2500/4864 days...
2026-03-13 13:38:03 | INFO | backtest_engine | Processed 2750/4864 days...
2026-03-13 13:38:03 | INFO | backtest_engine | Processed 3000/4864 days...
2026-03-13 13:38:03 | INFO | backtest_engine | Processed 3250/4864 days...
2026-03-13 13:38:03 | INFO | backtest_engine | Processed 3500/4864 days...
2026-03-13 13:38:03 | INFO | backtest_engine | Processed 3750/4864 days...
2026-03-13 13:38:03 | INFO | backtest_engine | Processed 4000/4864 days...
2026-03-13 13:38:03 | INFO | backtest_engine | Processed 4250/4864 days...
2026-03-13 13:38:03 | INFO | backtest_engine | Processed 4500/4864 days...
2026-03-13 13:38:03 | INFO | backtest_engine | Processed 4750/4864 days...
2026-03-13 13:38:03 | INFO | backtest_engine | Benchmark Complete.
2026-03-13 13:38:03 | INFO | backtest_engine | Registered Strategy: MovingAverageCrossStrategy
2026-03-13 13:38:03 | INFO | backtest_engine | Registered Strategy: RegimeAware(MovingAverageCrossStrategy)
2026-03-13 13:38:03 | INFO | backtest_engine | Starting Benchmark on 4864 data points...
2026-03-13 13:38:03 | INFO | backtest_engine | Processed 0/4864 days...
2026-03-13 13:38:03 | INFO | backtest_engine | Processed 250/4864 days...
2026-03-13 13:38:03 | INFO | backtest_engine | Processed 500/4864 days...
2026-03-13 13:38:03 | INFO | backtest_engine | Processed 750/4864 days...
2026-03-13 13:38:03 | INFO | backtest_engine | Processed 1000/4864 days...
2026-03-13 13:38:03 | INFO | backtest_engine | Processed 1250/4864 days...
2026-03-13 13:38:03 | INFO | backtest_engine | Processed 1500/4864 days...
2026-03-13 13:38:03 | INFO | backtest_engine | Processed 1750/4864 days...
2026-03-13 13:38:03 | INFO | backtest_engine | Processed 2000/4864 days...
2026-03-13 13:38:03 | INFO | backtest_engine | Processed 2250/4864 days...
2026-03-13 13:38:03 | INFO | backtest_engine | Processed 2500/4864 days...
2026-03-13 13:38:03 | INFO | backtest_engine | Processed 2750/4864 days...
2026-03-13 13:38:03 | INFO | backtest_engine | Processed 3000/4864 days...
2026-03-13 13:38:03 | INFO | backtest_engine | Processed 3250/4864 days...
2026-03-13 13:38:03 | INFO | backtest_engine | Processed 3500/4864 days...
2026-03-13 13:38:03 | INFO | backtest_engine | Processed 3750/4864 days...
2026-03-13 13:38:03 | INFO | backtest_engine | Processed 4000/4864 days...
2026-03-13 13:38:03 | INFO | backtest_engine | Processed 4250/4864 days...
2026-03-13 13:38:03 | INFO | backtest_engine | Processed 4500/4864 days...
2026-03-13 13:38:03 | INFO | backtest_engine | Processed 4750/4864 days...
2026-03-13 13:38:04 | INFO | backtest_engine | Benchmark Complete.
2026-03-13 13:38:04 | INFO | backtest_engine | Registered Strategy: VolatilityBreakoutStrategy
2026-03-13 13:38:04 | INFO | backtest_engine | Starting Benchmark on 4864 data points...
2026-03-13 13:38:04 | INFO | backtest_engine | Processed 0/4864 days...
2026-03-13 13:38:04 | INFO | backtest_engine | Processed 250/4864 days...
2026-03-13 13:38:04 | INFO | backtest_engine | Processed 500/4864 days...
2026-03-13 13:38:04 | INFO | backtest_engine | Processed 750/4864 days...
2026-03-13 13:38:04 | INFO | backtest_engine | Processed 1000/4864 days...
2026-03-13 13:38:04 | INFO | backtest_engine | Processed 1250/4864 days...
2026-03-13 13:38:04 | INFO | backtest_engine | Processed 1500/4864 days...
2026-03-13 13:38:04 | INFO | backtest_engine | Processed 1750/4864 days...
2026-03-13 13:38:04 | INFO | backtest_engine | Processed 2000/4864 days...
2026-03-13 13:38:04 | INFO | backtest_engine | Processed 2250/4864 days...
2026-03-13 13:38:04 | INFO | backtest_engine | Processed 2500/4864 days...
2026-03-13 13:38:04 | INFO | backtest_engine | Processed 2750/4864 days...
2026-03-13 13:38:04 | INFO | backtest_engine | Processed 3000/4864 days...
2026-03-13 13:38:04 | INFO | backtest_engine | Processed 3250/4864 days...
2026-03-13 13:38:04 | INFO | backtest_engine | Processed 3500/4864 days...
2026-03-13 13:38:04 | INFO | backtest_engine | Processed 3750/4864 days...
2026-03-13 13:38:04 | INFO | backtest_engine | Processed 4000/4864 days...
2026-03-13 13:38:04 | INFO | backtest_engine | Processed 4250/4864 days...
2026-03-13 13:38:04 | INFO | backtest_engine | Processed 4500/4864 days...
2026-03-13 13:38:04 | INFO | backtest_engine | Processed 4750/4864 days...
2026-03-13 13:38:04 | INFO | backtest_engine | Benchmark Complete.
2026-03-13 13:38:04 | INFO | backtest_engine | Registered Strategy: VolatilityBreakoutStrategy
2026-03-13 13:38:04 | INFO | backtest_engine | Registered Strategy: RegimeAware(VolatilityBreakoutStrategy)
2026-03-13 13:38:04 | INFO | backtest_engine | Starting Benchmark on 4864 data points...
2026-03-13 13:38:04 | INFO | backtest_engine | Processed 0/4864 days...
2026-03-13 13:38:04 | INFO | backtest_engine | Processed 250/4864 days...
2026-03-13 13:38:04 | INFO | backtest_engine | Processed 500/4864 days...
2026-03-13 13:38:04 | INFO | backtest_engine | Processed 750/4864 days...
2026-03-13 13:38:04 | INFO | backtest_engine | Processed 1000/4864 days...
2026-03-13 13:38:04 | INFO | backtest_engine | Processed 1250/4864 days...
2026-03-13 13:38:04 | INFO | backtest_engine | Processed 1500/4864 days...
2026-03-13 13:38:04 | INFO | backtest_engine | Processed 1750/4864 days...
2026-03-13 13:38:04 | INFO | backtest_engine | Processed 2000/4864 days...
2026-03-13 13:38:04 | INFO | backtest_engine | Processed 2250/4864 days...
2026-03-13 13:38:04 | INFO | backtest_engine | Processed 2500/4864 days...
2026-03-13 13:38:04 | INFO | backtest_engine | Processed 2750/4864 days...
2026-03-13 13:38:04 | INFO | backtest_engine | Processed 3000/4864 days...
2026-03-13 13:38:05 | INFO | backtest_engine | Processed 3250/4864 days...
2026-03-13 13:38:05 | INFO | backtest_engine | Processed 3500/4864 days...
2026-03-13 13:38:05 | INFO | backtest_engine | Processed 3750/4864 days...
2026-03-13 13:38:05 | INFO | backtest_engine | Processed 4000/4864 days...
2026-03-13 13:38:05 | INFO | backtest_engine | Processed 4250/4864 days...
2026-03-13 13:38:05 | INFO | backtest_engine | Processed 4500/4864 days...
2026-03-13 13:38:05 | INFO | backtest_engine | Processed 4750/4864 days...
2026-03-13 13:38:05 | INFO | backtest_engine | Benchmark Complete.
2026-03-13 13:38:05 | INFO | backtest_engine | Registered Strategy: VolatilityBreakoutStrategy
2026-03-13 13:38:05 | INFO | backtest_engine | Registered Strategy: RegimeAware(VolatilityBreakoutStrategy)
2026-03-13 13:38:05 | INFO | backtest_engine | Starting Benchmark on 4864 data points...
2026-03-13 13:38:05 | INFO | backtest_engine | Processed 0/4864 days...
2026-03-13 13:38:05 | INFO | backtest_engine | Processed 250/4864 days...
2026-03-13 13:38:05 | INFO | backtest_engine | Processed 500/4864 days...
2026-03-13 13:38:05 | INFO | backtest_engine | Processed 750/4864 days...
2026-03-13 13:38:05 | INFO | backtest_engine | Processed 1000/4864 days...
2026-03-13 13:38:05 | INFO | backtest_engine | Processed 1250/4864 days...
2026-03-13 13:38:05 | INFO | backtest_engine | Processed 1500/4864 days...
2026-03-13 13:38:05 | INFO | backtest_engine | Processed 1750/4864 days...
2026-03-13 13:38:05 | INFO | backtest_engine | Processed 2000/4864 days...
2026-03-13 13:38:05 | INFO | backtest_engine | Processed 2250/4864 days...
2026-03-13 13:38:05 | INFO | backtest_engine | Processed 2500/4864 days...
2026-03-13 13:38:05 | INFO | backtest_engine | Processed 2750/4864 days...
2026-03-13 13:38:05 | INFO | backtest_engine | Processed 3000/4864 days...
2026-03-13 13:38:05 | INFO | backtest_engine | Processed 3250/4864 days...
2026-03-13 13:38:05 | INFO | backtest_engine | Processed 3500/4864 days...
2026-03-13 13:38:05 | INFO | backtest_engine | Processed 3750/4864 days...
2026-03-13 13:38:05 | INFO | backtest_engine | Processed 4000/4864 days...
2026-03-13 13:38:05 | INFO | backtest_engine | Processed 4250/4864 days...
2026-03-13 13:38:05 | INFO | backtest_engine | Processed 4500/4864 days...
2026-03-13 13:38:05 | INFO | backtest_engine | Processed 4750/4864 days...
2026-03-13 13:38:05 | INFO | backtest_engine | Benchmark Complete.
2026-03-13 13:38:06 | INFO | backtest_engine | Registered Strategy: VolatilityBreakoutStrategy
2026-03-13 13:38:06 | INFO | backtest_engine | Registered Strategy: RegimeAware(VolatilityBreakoutStrategy)
2026-03-13 13:38:06 | INFO | backtest_engine | Starting Benchmark on 4864 data points...
2026-03-13 13:38:06 | INFO | backtest_engine | Processed 0/4864 days...
2026-03-13 13:38:06 | INFO | backtest_engine | Processed 250/4864 days...
2026-03-13 13:38:06 | INFO | backtest_engine | Processed 500/4864 days...
2026-03-13 13:38:06 | INFO | backtest_engine | Processed 750/4864 days...
2026-03-13 13:38:06 | INFO | backtest_engine | Processed 1000/4864 days...
2026-03-13 13:38:06 | INFO | backtest_engine | Processed 1250/4864 days...
2026-03-13 13:38:06 | INFO | backtest_engine | Processed 1500/4864 days...
2026-03-13 13:38:06 | INFO | backtest_engine | Processed 1750/4864 days...
2026-03-13 13:38:06 | INFO | backtest_engine | Processed 2000/4864 days...
2026-03-13 13:38:06 | INFO | backtest_engine | Processed 2250/4864 days...
2026-03-13 13:38:06 | INFO | backtest_engine | Processed 2500/4864 days...
2026-03-13 13:38:06 | INFO | backtest_engine | Processed 2750/4864 days...
2026-03-13 13:38:06 | INFO | backtest_engine | Processed 3000/4864 days...
2026-03-13 13:38:06 | INFO | backtest_engine | Processed 3250/4864 days...
2026-03-13 13:38:06 | INFO | backtest_engine | Processed 3500/4864 days...
2026-03-13 13:38:06 | INFO | backtest_engine | Processed 3750/4864 days...
2026-03-13 13:38:06 | INFO | backtest_engine | Processed 4000/4864 days...
2026-03-13 13:38:06 | INFO | backtest_engine | Processed 4250/4864 days...
2026-03-13 13:38:06 | INFO | backtest_engine | Processed 4500/4864 days...
2026-03-13 13:38:06 | INFO | backtest_engine | Processed 4750/4864 days...
2026-03-13 13:38:06 | INFO | backtest_engine | Benchmark Complete.
2026-03-13 13:38:06 | INFO | backtest_engine | Registered Strategy: MeanReversionStrategy
2026-03-13 13:38:06 | INFO | backtest_engine | Starting Benchmark on 3560 data points...
2026-03-13 13:38:06 | INFO | backtest_engine | Processed 0/3560 days...
2026-03-13 13:38:06 | INFO | backtest_engine | Processed 250/3560 days...
2026-03-13 13:38:06 | INFO | backtest_engine | Processed 500/3560 days...
2026-03-13 13:38:06 | INFO | backtest_engine | Processed 750/3560 days...
2026-03-13 13:38:06 | INFO | backtest_engine | Processed 1000/3560 days...
2026-03-13 13:38:06 | INFO | backtest_engine | Processed 1250/3560 days...
2026-03-13 13:38:06 | INFO | backtest_engine | Processed 1500/3560 days...
2026-03-13 13:38:06 | INFO | backtest_engine | Processed 1750/3560 days...
2026-03-13 13:38:06 | INFO | backtest_engine | Processed 2000/3560 days...
2026-03-13 13:38:06 | INFO | backtest_engine | Processed 2250/3560 days...
2026-03-13 13:38:07 | INFO | backtest_engine | Processed 2500/3560 days...
2026-03-13 13:38:07 | INFO | backtest_engine | Processed 2750/3560 days...
2026-03-13 13:38:07 | INFO | backtest_engine | Processed 3000/3560 days...
2026-03-13 13:38:07 | INFO | backtest_engine | Processed 3250/3560 days...
2026-03-13 13:38:07 | INFO | backtest_engine | Processed 3500/3560 days...
2026-03-13 13:38:07 | INFO | backtest_engine | Benchmark Complete.
2026-03-13 13:38:07 | INFO | backtest_engine | Registered Strategy: MeanReversionStrategy
2026-03-13 13:38:07 | INFO | backtest_engine | Registered Strategy: RegimeAware(MeanReversionStrategy)
2026-03-13 13:38:07 | INFO | backtest_engine | Starting Benchmark on 3560 data points...
2026-03-13 13:38:07 | INFO | backtest_engine | Processed 0/3560 days...
2026-03-13 13:38:07 | INFO | backtest_engine | Processed 250/3560 days...
2026-03-13 13:38:07 | INFO | backtest_engine | Processed 500/3560 days...
2026-03-13 13:38:07 | INFO | backtest_engine | Processed 750/3560 days...
2026-03-13 13:38:07 | INFO | backtest_engine | Processed 1000/3560 days...
2026-03-13 13:38:07 | INFO | backtest_engine | Processed 1250/3560 days...
2026-03-13 13:38:07 | INFO | backtest_engine | Processed 1500/3560 days...
2026-03-13 13:38:07 | INFO | backtest_engine | Processed 1750/3560 days...
2026-03-13 13:38:07 | INFO | backtest_engine | Processed 2000/3560 days...
2026-03-13 13:38:07 | INFO | backtest_engine | Processed 2250/3560 days...
2026-03-13 13:38:07 | INFO | backtest_engine | Processed 2500/3560 days...
2026-03-13 13:38:07 | INFO | backtest_engine | Processed 2750/3560 days...
2026-03-13 13:38:07 | INFO | backtest_engine | Processed 3000/3560 days...
2026-03-13 13:38:07 | INFO | backtest_engine | Processed 3250/3560 days...
2026-03-13 13:38:07 | INFO | backtest_engine | Processed 3500/3560 days...
2026-03-13 13:38:07 | INFO | backtest_engine | Benchmark Complete.
2026-03-13 13:38:07 | INFO | backtest_engine | Registered Strategy: MeanReversionStrategy
2026-03-13 13:38:07 | INFO | backtest_engine | Registered Strategy: RegimeAware(MeanReversionStrategy)
2026-03-13 13:38:07 | INFO | backtest_engine | Starting Benchmark on 3560 data points...
2026-03-13 13:38:07 | INFO | backtest_engine | Processed 0/3560 days...
2026-03-13 13:38:07 | INFO | backtest_engine | Processed 250/3560 days...
2026-03-13 13:38:07 | INFO | backtest_engine | Processed 500/3560 days...
2026-03-13 13:38:07 | INFO | backtest_engine | Processed 750/3560 days...
2026-03-13 13:38:07 | INFO | backtest_engine | Processed 1000/3560 days...
2026-03-13 13:38:07 | INFO | backtest_engine | Processed 1250/3560 days...
2026-03-13 13:38:07 | INFO | backtest_engine | Processed 1500/3560 days...
2026-03-13 13:38:07 | INFO | backtest_engine | Processed 1750/3560 days...
2026-03-13 13:38:07 | INFO | backtest_engine | Processed 2000/3560 days...
2026-03-13 13:38:07 | INFO | backtest_engine | Processed 2250/3560 days...
2026-03-13 13:38:07 | INFO | backtest_engine | Processed 2500/3560 days...
2026-03-13 13:38:08 | INFO | backtest_engine | Processed 2750/3560 days...
2026-03-13 13:38:08 | INFO | backtest_engine | Processed 3000/3560 days...
2026-03-13 13:38:08 | INFO | backtest_engine | Processed 3250/3560 days...
2026-03-13 13:38:08 | INFO | backtest_engine | Processed 3500/3560 days...
2026-03-13 13:38:08 | INFO | backtest_engine | Benchmark Complete.
2026-03-13 13:38:08 | INFO | backtest_engine | Registered Strategy: MeanReversionStrategy
2026-03-13 13:38:08 | INFO | backtest_engine | Registered Strategy: RegimeAware(MeanReversionStrategy)
2026-03-13 13:38:08 | INFO | backtest_engine | Starting Benchmark on 3560 data points...
2026-03-13 13:38:08 | INFO | backtest_engine | Processed 0/3560 days...
2026-03-13 13:38:08 | INFO | backtest_engine | Processed 250/3560 days...
2026-03-13 13:38:08 | INFO | backtest_engine | Processed 500/3560 days...
2026-03-13 13:38:08 | INFO | backtest_engine | Processed 750/3560 days...
2026-03-13 13:38:08 | INFO | backtest_engine | Processed 1000/3560 days...
2026-03-13 13:38:08 | INFO | backtest_engine | Processed 1250/3560 days...
2026-03-13 13:38:08 | INFO | backtest_engine | Processed 1500/3560 days...
2026-03-13 13:38:08 | INFO | backtest_engine | Processed 1750/3560 days...
2026-03-13 13:38:08 | INFO | backtest_engine | Processed 2000/3560 days...
2026-03-13 13:38:08 | INFO | backtest_engine | Processed 2250/3560 days...
2026-03-13 13:38:08 | INFO | backtest_engine | Processed 2500/3560 days...
2026-03-13 13:38:08 | INFO | backtest_engine | Processed 2750/3560 days...
2026-03-13 13:38:08 | INFO | backtest_engine | Processed 3000/3560 days...
2026-03-13 13:38:08 | INFO | backtest_engine | Processed 3250/3560 days...
2026-03-13 13:38:08 | INFO | backtest_engine | Processed 3500/3560 days...
2026-03-13 13:38:08 | INFO | backtest_engine | Benchmark Complete.
2026-03-13 13:38:08 | INFO | backtest_engine | Registered Strategy: TrendFollowingStrategy
2026-03-13 13:38:08 | INFO | backtest_engine | Starting Benchmark on 3560 data points...
2026-03-13 13:38:08 | INFO | backtest_engine | Processed 0/3560 days...
2026-03-13 13:38:08 | INFO | backtest_engine | Processed 250/3560 days...
2026-03-13 13:38:08 | INFO | backtest_engine | Processed 500/3560 days...
2026-03-13 13:38:08 | INFO | backtest_engine | Processed 750/3560 days...
2026-03-13 13:38:08 | INFO | backtest_engine | Processed 1000/3560 days...
2026-03-13 13:38:08 | INFO | backtest_engine | Processed 1250/3560 days...
2026-03-13 13:38:08 | INFO | backtest_engine | Processed 1500/3560 days...
2026-03-13 13:38:08 | INFO | backtest_engine | Processed 1750/3560 days...
2026-03-13 13:38:08 | INFO | backtest_engine | Processed 2000/3560 days...
2026-03-13 13:38:08 | INFO | backtest_engine | Processed 2250/3560 days...
2026-03-13 13:38:09 | INFO | backtest_engine | Processed 2500/3560 days...
2026-03-13 13:38:09 | INFO | backtest_engine | Processed 2750/3560 days...
2026-03-13 13:38:09 | INFO | backtest_engine | Processed 3000/3560 days...
2026-03-13 13:38:09 | INFO | backtest_engine | Processed 3250/3560 days...
2026-03-13 13:38:09 | INFO | backtest_engine | Processed 3500/3560 days...
2026-03-13 13:38:09 | INFO | backtest_engine | Benchmark Complete.
2026-03-13 13:38:09 | INFO | backtest_engine | Registered Strategy: TrendFollowingStrategy
2026-03-13 13:38:09 | INFO | backtest_engine | Registered Strategy: RegimeAware(TrendFollowingStrategy)
2026-03-13 13:38:09 | INFO | backtest_engine | Starting Benchmark on 3560 data points...
2026-03-13 13:38:09 | INFO | backtest_engine | Processed 0/3560 days...
2026-03-13 13:38:09 | INFO | backtest_engine | Processed 250/3560 days...
2026-03-13 13:38:09 | INFO | backtest_engine | Processed 500/3560 days...
2026-03-13 13:38:09 | INFO | backtest_engine | Processed 750/3560 days...
2026-03-13 13:38:09 | INFO | backtest_engine | Processed 1000/3560 days...
2026-03-13 13:38:09 | INFO | backtest_engine | Processed 1250/3560 days...
2026-03-13 13:38:09 | INFO | backtest_engine | Processed 1500/3560 days...
2026-03-13 13:38:09 | INFO | backtest_engine | Processed 1750/3560 days...
2026-03-13 13:38:09 | INFO | backtest_engine | Processed 2000/3560 days...
2026-03-13 13:38:09 | INFO | backtest_engine | Processed 2250/3560 days...
2026-03-13 13:38:09 | INFO | backtest_engine | Processed 2500/3560 days...
2026-03-13 13:38:09 | INFO | backtest_engine | Processed 2750/3560 days...
2026-03-13 13:38:09 | INFO | backtest_engine | Processed 3000/3560 days...
2026-03-13 13:38:09 | INFO | backtest_engine | Processed 3250/3560 days...
2026-03-13 13:38:09 | INFO | backtest_engine | Processed 3500/3560 days...
2026-03-13 13:38:09 | INFO | backtest_engine | Benchmark Complete.
2026-03-13 13:38:09 | INFO | backtest_engine | Registered Strategy: TrendFollowingStrategy
2026-03-13 13:38:09 | INFO | backtest_engine | Registered Strategy: RegimeAware(TrendFollowingStrategy)
2026-03-13 13:38:09 | INFO | backtest_engine | Starting Benchmark on 3560 data points...
2026-03-13 13:38:09 | INFO | backtest_engine | Processed 0/3560 days...
2026-03-13 13:38:09 | INFO | backtest_engine | Processed 250/3560 days...
2026-03-13 13:38:09 | INFO | backtest_engine | Processed 500/3560 days...
2026-03-13 13:38:09 | INFO | backtest_engine | Processed 750/3560 days...
2026-03-13 13:38:09 | INFO | backtest_engine | Processed 1000/3560 days...
2026-03-13 13:38:09 | INFO | backtest_engine | Processed 1250/3560 days...
2026-03-13 13:38:09 | INFO | backtest_engine | Processed 1500/3560 days...
2026-03-13 13:38:09 | INFO | backtest_engine | Processed 1750/3560 days...
2026-03-13 13:38:09 | INFO | backtest_engine | Processed 2000/3560 days...
2026-03-13 13:38:09 | INFO | backtest_engine | Processed 2250/3560 days...
2026-03-13 13:38:09 | INFO | backtest_engine | Processed 2500/3560 days...
2026-03-13 13:38:09 | INFO | backtest_engine | Processed 2750/3560 days...
2026-03-13 13:38:09 | INFO | backtest_engine | Processed 3000/3560 days...
2026-03-13 13:38:10 | INFO | backtest_engine | Processed 3250/3560 days...
2026-03-13 13:38:10 | INFO | backtest_engine | Processed 3500/3560 days...
2026-03-13 13:38:10 | INFO | backtest_engine | Benchmark Complete.
2026-03-13 13:38:10 | INFO | backtest_engine | Registered Strategy: TrendFollowingStrategy
2026-03-13 13:38:10 | INFO | backtest_engine | Registered Strategy: RegimeAware(TrendFollowingStrategy)
2026-03-13 13:38:10 | INFO | backtest_engine | Starting Benchmark on 3560 data points...
2026-03-13 13:38:10 | INFO | backtest_engine | Processed 0/3560 days...
2026-03-13 13:38:10 | INFO | backtest_engine | Processed 250/3560 days...
2026-03-13 13:38:10 | INFO | backtest_engine | Processed 500/3560 days...
2026-03-13 13:38:10 | INFO | backtest_engine | Processed 750/3560 days...
2026-03-13 13:38:10 | INFO | backtest_engine | Processed 1000/3560 days...
2026-03-13 13:38:10 | INFO | backtest_engine | Processed 1250/3560 days...
2026-03-13 13:38:10 | INFO | backtest_engine | Processed 1500/3560 days...
2026-03-13 13:38:10 | INFO | backtest_engine | Processed 1750/3560 days...
2026-03-13 13:38:10 | INFO | backtest_engine | Processed 2000/3560 days...
2026-03-13 13:38:10 | INFO | backtest_engine | Processed 2250/3560 days...
2026-03-13 13:38:10 | INFO | backtest_engine | Processed 2500/3560 days...
2026-03-13 13:38:10 | INFO | backtest_engine | Processed 2750/3560 days...
2026-03-13 13:38:10 | INFO | backtest_engine | Processed 3000/3560 days...
2026-03-13 13:38:10 | INFO | backtest_engine | Processed 3250/3560 days...
2026-03-13 13:38:10 | INFO | backtest_engine | Processed 3500/3560 days...
2026-03-13 13:38:10 | INFO | backtest_engine | Benchmark Complete.
2026-03-13 13:38:10 | INFO | backtest_engine | Registered Strategy: MomentumStrategy
2026-03-13 13:38:10 | INFO | backtest_engine | Starting Benchmark on 3560 data points...
2026-03-13 13:38:10 | INFO | backtest_engine | Processed 0/3560 days...
2026-03-13 13:38:10 | INFO | backtest_engine | Processed 250/3560 days...
2026-03-13 13:38:10 | INFO | backtest_engine | Processed 500/3560 days...
2026-03-13 13:38:10 | INFO | backtest_engine | Processed 750/3560 days...
2026-03-13 13:38:10 | INFO | backtest_engine | Processed 1000/3560 days...
2026-03-13 13:38:10 | INFO | backtest_engine | Processed 1250/3560 days...
2026-03-13 13:38:11 | INFO | backtest_engine | Processed 1500/3560 days...
2026-03-13 13:38:11 | INFO | backtest_engine | Processed 1750/3560 days...
2026-03-13 13:38:11 | INFO | backtest_engine | Processed 2000/3560 days...
2026-03-13 13:38:11 | INFO | backtest_engine | Processed 2250/3560 days...
2026-03-13 13:38:11 | INFO | backtest_engine | Processed 2500/3560 days...
2026-03-13 13:38:11 | INFO | backtest_engine | Processed 2750/3560 days...
2026-03-13 13:38:11 | INFO | backtest_engine | Processed 3000/3560 days...
2026-03-13 13:38:11 | INFO | backtest_engine | Processed 3250/3560 days...
2026-03-13 13:38:11 | INFO | backtest_engine | Processed 3500/3560 days...
2026-03-13 13:38:11 | INFO | backtest_engine | Benchmark Complete.
2026-03-13 13:38:11 | INFO | backtest_engine | Registered Strategy: MomentumStrategy
2026-03-13 13:38:11 | INFO | backtest_engine | Registered Strategy: RegimeAware(MomentumStrategy)
2026-03-13 13:38:11 | INFO | backtest_engine | Starting Benchmark on 3560 data points...
2026-03-13 13:38:11 | INFO | backtest_engine | Processed 0/3560 days...
2026-03-13 13:38:11 | INFO | backtest_engine | Processed 250/3560 days...
2026-03-13 13:38:11 | INFO | backtest_engine | Processed 500/3560 days...
2026-03-13 13:38:11 | INFO | backtest_engine | Processed 750/3560 days...
2026-03-13 13:38:11 | INFO | backtest_engine | Processed 1000/3560 days...
2026-03-13 13:38:11 | INFO | backtest_engine | Processed 1250/3560 days...
2026-03-13 13:38:11 | INFO | backtest_engine | Processed 1500/3560 days...
2026-03-13 13:38:11 | INFO | backtest_engine | Processed 1750/3560 days...
2026-03-13 13:38:11 | INFO | backtest_engine | Processed 2000/3560 days...
2026-03-13 13:38:11 | INFO | backtest_engine | Processed 2250/3560 days...
2026-03-13 13:38:11 | INFO | backtest_engine | Processed 2500/3560 days...
2026-03-13 13:38:11 | INFO | backtest_engine | Processed 2750/3560 days...
2026-03-13 13:38:11 | INFO | backtest_engine | Processed 3000/3560 days...
2026-03-13 13:38:11 | INFO | backtest_engine | Processed 3250/3560 days...
2026-03-13 13:38:11 | INFO | backtest_engine | Processed 3500/3560 days...
2026-03-13 13:38:11 | INFO | backtest_engine | Benchmark Complete.
2026-03-13 13:38:11 | INFO | backtest_engine | Registered Strategy: MomentumStrategy
2026-03-13 13:38:11 | INFO | backtest_engine | Registered Strategy: RegimeAware(MomentumStrategy)
2026-03-13 13:38:11 | INFO | backtest_engine | Starting Benchmark on 3560 data points...
2026-03-13 13:38:11 | INFO | backtest_engine | Processed 0/3560 days...
2026-03-13 13:38:11 | INFO | backtest_engine | Processed 250/3560 days...
2026-03-13 13:38:11 | INFO | backtest_engine | Processed 500/3560 days...
2026-03-13 13:38:11 | INFO | backtest_engine | Processed 750/3560 days...
2026-03-13 13:38:11 | INFO | backtest_engine | Processed 1000/3560 days...
2026-03-13 13:38:11 | INFO | backtest_engine | Processed 1250/3560 days...
2026-03-13 13:38:11 | INFO | backtest_engine | Processed 1500/3560 days...
2026-03-13 13:38:11 | INFO | backtest_engine | Processed 1750/3560 days...
2026-03-13 13:38:11 | INFO | backtest_engine | Processed 2000/3560 days...
2026-03-13 13:38:11 | INFO | backtest_engine | Processed 2250/3560 days...
2026-03-13 13:38:12 | INFO | backtest_engine | Processed 2500/3560 days...
2026-03-13 13:38:12 | INFO | backtest_engine | Processed 2750/3560 days...
2026-03-13 13:38:12 | INFO | backtest_engine | Processed 3000/3560 days...
2026-03-13 13:38:12 | INFO | backtest_engine | Processed 3250/3560 days...
2026-03-13 13:38:12 | INFO | backtest_engine | Processed 3500/3560 days...
2026-03-13 13:38:12 | INFO | backtest_engine | Benchmark Complete.
2026-03-13 13:38:12 | INFO | backtest_engine | Registered Strategy: MomentumStrategy
2026-03-13 13:38:12 | INFO | backtest_engine | Registered Strategy: RegimeAware(MomentumStrategy)
2026-03-13 13:38:12 | INFO | backtest_engine | Starting Benchmark on 3560 data points...
2026-03-13 13:38:12 | INFO | backtest_engine | Processed 0/3560 days...
2026-03-13 13:38:12 | INFO | backtest_engine | Processed 250/3560 days...
2026-03-13 13:38:12 | INFO | backtest_engine | Processed 500/3560 days...
2026-03-13 13:38:12 | INFO | backtest_engine | Processed 750/3560 days...
2026-03-13 13:38:12 | INFO | backtest_engine | Processed 1000/3560 days...
2026-03-13 13:38:12 | INFO | backtest_engine | Processed 1250/3560 days...
2026-03-13 13:38:12 | INFO | backtest_engine | Processed 1500/3560 days...
2026-03-13 13:38:12 | INFO | backtest_engine | Processed 1750/3560 days...
2026-03-13 13:38:12 | INFO | backtest_engine | Processed 2000/3560 days...
2026-03-13 13:38:12 | INFO | backtest_engine | Processed 2250/3560 days...
2026-03-13 13:38:12 | INFO | backtest_engine | Processed 2500/3560 days...
2026-03-13 13:38:12 | INFO | backtest_engine | Processed 2750/3560 days...
2026-03-13 13:38:12 | INFO | backtest_engine | Processed 3000/3560 days...
2026-03-13 13:38:12 | INFO | backtest_engine | Processed 3250/3560 days...
2026-03-13 13:38:12 | INFO | backtest_engine | Processed 3500/3560 days...
2026-03-13 13:38:12 | INFO | backtest_engine | Benchmark Complete.
2026-03-13 13:38:13 | INFO | backtest_engine | Registered Strategy: BreakoutStrategy
2026-03-13 13:38:13 | INFO | backtest_engine | Starting Benchmark on 3560 data points...
2026-03-13 13:38:13 | INFO | backtest_engine | Processed 0/3560 days...
2026-03-13 13:38:13 | INFO | backtest_engine | Processed 250/3560 days...
2026-03-13 13:38:13 | INFO | backtest_engine | Processed 500/3560 days...
2026-03-13 13:38:13 | INFO | backtest_engine | Processed 750/3560 days...
2026-03-13 13:38:13 | INFO | backtest_engine | Processed 1000/3560 days...
2026-03-13 13:38:13 | INFO | backtest_engine | Processed 1250/3560 days...
2026-03-13 13:38:13 | INFO | backtest_engine | Processed 1500/3560 days...
2026-03-13 13:38:13 | INFO | backtest_engine | Processed 1750/3560 days...
2026-03-13 13:38:13 | INFO | backtest_engine | Processed 2000/3560 days...
2026-03-13 13:38:13 | INFO | backtest_engine | Processed 2250/3560 days...
2026-03-13 13:38:13 | INFO | backtest_engine | Processed 2500/3560 days...
2026-03-13 13:38:13 | INFO | backtest_engine | Processed 2750/3560 days...
2026-03-13 13:38:13 | INFO | backtest_engine | Processed 3000/3560 days...
2026-03-13 13:38:13 | INFO | backtest_engine | Processed 3250/3560 days...
2026-03-13 13:38:13 | INFO | backtest_engine | Processed 3500/3560 days...
2026-03-13 13:38:13 | INFO | backtest_engine | Benchmark Complete.
2026-03-13 13:38:13 | INFO | backtest_engine | Registered Strategy: BreakoutStrategy
2026-03-13 13:38:13 | INFO | backtest_engine | Registered Strategy: RegimeAware(BreakoutStrategy)
2026-03-13 13:38:13 | INFO | backtest_engine | Starting Benchmark on 3560 data points...
2026-03-13 13:38:13 | INFO | backtest_engine | Processed 0/3560 days...
2026-03-13 13:38:13 | INFO | backtest_engine | Processed 250/3560 days...
2026-03-13 13:38:13 | INFO | backtest_engine | Processed 500/3560 days...
2026-03-13 13:38:13 | INFO | backtest_engine | Processed 750/3560 days...
2026-03-13 13:38:13 | INFO | backtest_engine | Processed 1000/3560 days...
2026-03-13 13:38:13 | INFO | backtest_engine | Processed 1250/3560 days...
2026-03-13 13:38:13 | INFO | backtest_engine | Processed 1500/3560 days...
2026-03-13 13:38:13 | INFO | backtest_engine | Processed 1750/3560 days...
2026-03-13 13:38:13 | INFO | backtest_engine | Processed 2000/3560 days...
2026-03-13 13:38:13 | INFO | backtest_engine | Processed 2250/3560 days...
2026-03-13 13:38:13 | INFO | backtest_engine | Processed 2500/3560 days...
2026-03-13 13:38:13 | INFO | backtest_engine | Processed 2750/3560 days...
2026-03-13 13:38:13 | INFO | backtest_engine | Processed 3000/3560 days...
2026-03-13 13:38:13 | INFO | backtest_engine | Processed 3250/3560 days...
2026-03-13 13:38:13 | INFO | backtest_engine | Processed 3500/3560 days...
2026-03-13 13:38:13 | INFO | backtest_engine | Benchmark Complete.
2026-03-13 13:38:13 | INFO | backtest_engine | Registered Strategy: BreakoutStrategy
2026-03-13 13:38:13 | INFO | backtest_engine | Registered Strategy: RegimeAware(BreakoutStrategy)
2026-03-13 13:38:13 | INFO | backtest_engine | Starting Benchmark on 3560 data points...
2026-03-13 13:38:13 | INFO | backtest_engine | Processed 0/3560 days...
2026-03-13 13:38:13 | INFO | backtest_engine | Processed 250/3560 days...
2026-03-13 13:38:13 | INFO | backtest_engine | Processed 500/3560 days...
2026-03-13 13:38:13 | INFO | backtest_engine | Processed 750/3560 days...
2026-03-13 13:38:14 | INFO | backtest_engine | Processed 1000/3560 days...
2026-03-13 13:38:14 | INFO | backtest_engine | Processed 1250/3560 days...
2026-03-13 13:38:14 | INFO | backtest_engine | Processed 1500/3560 days...
2026-03-13 13:38:14 | INFO | backtest_engine | Processed 1750/3560 days...
2026-03-13 13:38:14 | INFO | backtest_engine | Processed 2000/3560 days...
2026-03-13 13:38:14 | INFO | backtest_engine | Processed 2250/3560 days...
2026-03-13 13:38:14 | INFO | backtest_engine | Processed 2500/3560 days...
2026-03-13 13:38:14 | INFO | backtest_engine | Processed 2750/3560 days...
2026-03-13 13:38:14 | INFO | backtest_engine | Processed 3000/3560 days...
2026-03-13 13:38:14 | INFO | backtest_engine | Processed 3250/3560 days...
2026-03-13 13:38:14 | INFO | backtest_engine | Processed 3500/3560 days...
2026-03-13 13:38:14 | INFO | backtest_engine | Benchmark Complete.
