Date,Open,High,Low,Close,Volume,Log_Ret,Volatility,SMA_200
2015-04-04,254.29100036621094,255.25799560546875,251.10000610351562,253.69700622558594,12493500,-0.0024605390743548295,0.5454526230372768,310.84317024230955
2015-04-05,253.76100158691406,260.67498779296875,251.94200134277344,260.5979919433594,19649200,0.02683829306360957,0.5520304094329844,309.8594901275635
2015-04-06,260.72100830078125,261.7980041503906,254.5749969482422,255.49200439453125,20034200,-0.019787843949012902,0.5499114540588639,309.0147501373291
2015-04-07,255.2740020751953,255.80499267578125,252.2050018310547,253.17999267578125,18467400,-0.009090445919442811,0.5484457342791597,308.3066701507568
2015-04-08,253.06399536132812,253.8470001220703,244.21499633789062,245.02200317382812,30086400,-0.03275265389486289,0.4183571497923565,307.4872602081299
2015-04-09,244.75100708007812,246.1179962158203,239.39999389648438,243.67599487304688,21643500,-0.00550856238328955,0.4120379269074201,306.7115351104736
2015-04-10,243.69400024414062,243.69400024414062,232.77099609375,236.07200622558594,28882000,-0.031702583387589446,0.42275987052928093,305.88113510131836
2015-04-11,236.01600646972656,239.53700256347656,234.1750030517578,236.552001953125,16365200,0.0020311955561355304,0.4233831576595972,304.8849401855469
2015-04-12,236.53500366210938,237.72799682617188,233.4949951171875,236.1529998779297,12387900,-0.0016881656356903948,0.40459199125430106,303.9496802520752
2015-04-13,235.9499969482422,236.93499755859375,221.99600219726562,224.58700561523438,31181800,-0.05021671457956225,0.43247314001794923,303.0147452545166
2015-04-14,224.75900268554688,224.9759979248047,216.322998046875,219.15899658203125,31719000,-0.024465706767396074,0.3443814831930171,302.08841529846194
2015-04-15,219.072998046875,223.83299255371094,218.6490020751953,223.83299255371094,22562000,0.02110272663610571,0.3556329289671821,301.2099803161621
2015-04-16,223.91700744628906,229.6719970703125,223.91700744628906,228.572998046875,24805400,0.02095542078043026,0.3634852606140416,300.46694030761716
2015-04-17,228.5749969482422,228.906005859375,221.94200134277344,222.8820037841797,20429800,-0.025213125195807665,0.37084265523195803,299.70401527404783
2015-04-18,222.85299682617188,224.3159942626953,220.87600708007812,223.3560028076172,12939000,0.0021244232660850323,0.3577925209298518,298.8860752868652
2015-04-19,223.45599365234375,226.35299682617188,222.3730010986328,222.60000610351562,15021500,-0.003390457413689029,0.3346444223679794,298.08100036621096
2015-04-20,222.61199951171875,226.3509979248047,221.9770050048828,224.62600708007812,18364700,0.009060362216785637,0.32710569312161836,297.32877044677736
2015-04-21,224.6199951171875,235.2689971923828,224.30099487304688,235.2689971923828,24978000,0.0462926999365405,0.3695197729311624,296.70755546569825
2015-04-22,235.6020050048828,237.90899658203125,233.4759979248047,234.17599487304688,23847900,-0.004656580910825517,0.3659786330689956,296.2341054534912
2015-04-23,234.05299377441406,236.47500610351562,233.19900512695312,236.46200561523438,17036000,0.009714594733087079,0.357131927113009,295.81386543273925
2015-04-24,235.97000122070312,236.30499267578125,229.93299865722656,231.26800537109375,21448700,-0.022210307810530832,0.3615867852613952,295.3198104095459
2015-04-25,231.23500061035156,232.56100463867188,226.33700561523438,226.38999938964844,13957200,-0.02131806137951217,0.3661027844259328,294.77082534790037
2015-04-26,226.41000366210938,226.94400024414062,214.87399291992188,219.42999267578125,28943700,-0.031225931376802334,0.35676810992809466,294.10327529907227
2015-04-27,219.4290008544922,233.30499267578125,218.0229949951172,229.28599548339844,38574000,0.043936871246002325,0.3967185696295975,293.42457527160644
2015-04-28,228.968994140625,229.4949951171875,223.06900024414062,225.85499572753906,21469200,-0.01507693138911128,0.3980070639621802,292.74604019165037
2015-04-29,225.59100341796875,227.0399932861328,223.42999267578125,225.80799865722656,18936500,-0.00020810680116101977,0.3856402461245838,292.06358512878415
2015-04-30,225.6929931640625,239.56300354003906,224.9929962158203,236.14500427246094,33818600,0.04476096650210979,0.4207026163994264,291.35156509399417
2015-05-01,235.93899536132812,238.96600341796875,232.07899475097656,232.07899475097656,18815300,-0.01736823289978208,0.4105418297367197,290.5598900604248
2015-05-02,232.34100341796875,235.7270050048828,232.34100341796875,234.92999267578125,12535500,0.012209757927328984,0.4129372795069503,289.73019004821776
2015-05-03,234.8800048828125,243.24000549316406,234.08299255371094,240.35800170898438,18494100,0.022841919434434907,0.4205911071597993,288.95811500549314
2015-05-04,240.3560028076172,242.63800048828125,237.80999755859375,239.01800537109375,21223400,-0.005590600314613073,0.3786515349723102,288.24042503356935
2015-05-05,238.8520050048828,239.20399475097656,232.0540008544922,236.12100219726562,23929100,-0.012194490570728496,0.3697313827304199,287.5022400665283
2015-05-06,236.24899291992188,236.45399475097656,229.2310028076172,229.78199768066406,29587200,-0.02721337153245333,0.3786064754801735,286.6939401245117
2015-05-07,229.66200256347656,239.10499572753906,228.572998046875,237.33399963378906,29064400,0.032337406914244825,0.3880074078958154,285.9328801727295
2015-05-08,237.20399475097656,246.27499389648438,236.2740020751953,243.86300659179688,27445500,0.0271381890420925,0.3844636264455842,285.23797019958494
2015-05-09,243.7689971923828,247.8040008544922,239.63900756835938,241.83200073242188,19790500,-0.00836334599719275,0.3869146670718209,284.5147551727295
2015-05-10,241.72900390625,244.0679931640625,238.8489990234375,240.29600524902344,15019100,-0.0063717546420386335,0.38774820304233454,283.80044525146485
2015-05-11,240.2989959716797,244.27000427246094,239.37600708007812,242.1580047607422,20892300,0.007718906748170874,0.38753982765362244,283.21915031433105
2015-05-12,242.14500427246094,242.88099670410156,240.0989990234375,241.11199951171875,19282600,-0.004328871534384656,0.35559668094838154,282.6329853057861
2015-05-13,241.3979949951172,243.70399475097656,235.0449981689453,236.3769989013672,27180100,-0.019833570375609212,0.3625477002032148,282.0785153198242
2015-05-14,236.21400451660156,237.7989959716797,234.0570068359375,236.9290008544922,24413700,0.002332538373417759,0.3610684954351297,281.4896402740479
2015-05-15,236.9550018310547,238.7530059814453,236.7949981689453,237.60499572753906,16329400,0.002849091256635625,0.35188218282871886,280.9127201843262
2015-05-16,237.6439971923828,237.69700622558594,235.2949981689453,236.1529998779297,11089700,-0.006129713522271202,0.3434198573067671,280.3053951263428
2015-05-17,236.00999450683594,238.02499389648438,236.00999450683594,236.802001953125,11134300,0.002744457633568561,0.3214542947820389,279.81145011901856
2015-05-18,236.88699340820312,237.2100067138672,232.4600067138672,233.1280059814453,16780300,-0.015636672562722796,0.292245351854865,279.25056518554686
2015-05-19,233.03700256347656,234.1510009765625,231.81700134277344,231.94700622558594,14241900,-0.005078760472612182,0.28741753701542094,278.71869514465334
2015-05-20,231.88999938964844,234.68299865722656,231.8419952392578,234.01800537109375,15499400,0.008889134295103438,0.28855449009622125,278.2600402069092
2015-05-21,234.01600646972656,236.24200439453125,233.8350067138672,235.343994140625,15108900,0.005650190252098664,0.24326859996706354,277.80730018615725
2015-05-22,235.3209991455078,240.968994140625,235.05999755859375,240.34800720214844,27003000,0.021039654392675935,0.2454136510599622,277.37127029418946
2015-05-23,240.28599548339844,241.02499389648438,238.6909942626953,238.8719940185547,14605000,-0.006160084501103912,0.2437147674417213,276.91317024230955
2015-05-24,238.9759979248047,241.97799682617188,238.81100463867188,240.9530029296875,11508000,0.008674087312006046,0.23223541707029458,276.4205052947998
2015-05-25,240.927001953125,241.02099609375,236.63699340820312,237.11000061035156,14423900,-0.016077734830484965,0.2382469799671143,275.85960525512695
2015-05-26,237.10400390625,238.24200439453125,235.69200134277344,237.11599731445312,16425000,2.529049072865961e-05,0.23434135954760982,275.3331101989746
2015-05-27,237.06500244140625,238.63600158691406,236.69500732421875,237.2830047607422,18837000,0.0007040801201424068,0.21209069564855468,274.7920851898193
2015-05-28,237.2570037841797,237.82400512695312,236.65199279785156,237.4080047607422,13829600,0.0005266583962282316,0.18008079870037053,274.1628051757813
2015-05-29,237.3769989013672,237.52200317382812,235.7310028076172,237.0959930419922,14805000,-0.0013151069966266735,0.1506522898206967,273.51366508483886
2015-05-30,237.0919952392578,237.09300231933594,232.04600524902344,233.34500122070312,14098600,-0.015947042706826734,0.15725289740506404,272.8419150543213
2015-05-31,233.13499450683594,233.2519989013672,229.54200744628906,230.19000244140625,14730800,-0.013612984892928127,0.16189495570107687,271.87506004333494
2015-06-01,230.23300170898438,231.71299743652344,221.29600524902344,222.92599487304688,26090500,-0.032065210637688614,0.18818438951030322,270.8860150909424
2015-06-02,222.8939971923828,226.41600036621094,222.41900634765625,225.80299377441406,20459000,0.012823055324273793,0.19691562603915141,270.02594009399417
2015-06-03,225.73599243164062,227.4040069580078,223.92999267578125,225.87399291992188,17752400,0.00031438017957116854,0.1875179739418595,269.2746450805664
2015-06-04,225.77200317382812,226.58099365234375,224.0540008544922,224.32400512695312,14728100,-0.006885832118475905,0.18745158761257077,268.45685516357423
2015-06-05,224.1540069580078,225.96800231933594,223.1790008544922,224.95199584960938,18056500,0.002795569450765387,0.1874320628351433,267.6445751953125
2015-06-06,225.0050048828125,225.718994140625,224.37899780273438,225.61900329589844,11131500,0.0029607228818376284,0.18792329439904473,266.89668022155763
2015-06-07,225.5959930419922,226.19400024414062,222.65199279785156,222.88099670410156,13318400,-0.012209768590979025,0.19011996142063964,266.1083102416992
2015-06-08,222.87899780273438,229.46400451660156,222.83900451660156,228.48899841308594,23378400,0.024850080233436732,0.20689536542738685,265.4615552520752
2015-06-09,228.53799438476562,230.95399475097656,227.9290008544922,229.04800415039062,28353100,0.002443544510369354,0.20664802748384534,264.8525553131104
2015-06-10,228.9949951171875,229.78199768066406,228.00999450683594,228.80299377441406,15904800,-0.0010702625984199304,0.20374592219207976,264.2319702148437
2015-06-11,228.85499572753906,230.28700256347656,228.76699829101562,229.7050018310547,14416000,0.003934540853908535,0.20311829493424885,263.54263023376467
2015-06-12,229.7050018310547,231.0570068359375,229.31300354003906,229.98199462890625,14017700,0.0012051366843483038,0.186773796085078,262.80803520202636
2015-06-13,229.9199981689453,232.65199279785156,229.2100067138672,232.40199279785156,13305300,0.010467578165980995,0.1910515488181203,262.09330520629885
2015-06-14,232.44200134277344,234.85800170898438,232.00399780273438,233.54299926757812,12165900,0.004897611391449256,0.18900240240042857,261.41917022705076
2015-06-15,233.4219970703125,237.83599853515625,233.4219970703125,236.822998046875,19912100,0.013946807230271138,0.18841517872190577,260.7549351501465
2015-06-16,236.76499938964844,251.74200439453125,236.1219940185547,250.89500427246094,41612000,0.0577215235200358,0.27489483254437475,260.1271752166748
2015-06-17,250.822998046875,256.8529968261719,246.4759979248047,249.28399658203125,43858400,-0.006441746888822008,0.276654107331951,259.4961402130127
2015-06-18,249.42799377441406,252.10800170898438,244.1269989013672,249.0070037841797,30980200,-0.0011117713391535112,0.2768482803079905,258.850940246582
2015-06-19,249.04299926757812,250.9770050048828,243.78700256347656,244.6060028076172,23965300,-0.017832259441455525,0.2853272056299107,258.1777452850342
2015-06-20,244.52999877929688,245.8280029296875,240.6269989013672,245.21200561523438,20608100,0.002474401130183899,0.2781933306022201,257.4972303009033
2015-06-21,245.10000610351562,245.2239990234375,241.8820037841797,243.94400024414062,10600900,-0.0051844736489190454,0.2735889485048575,256.8419002532959
2015-06-22,243.968994140625,247.91700744628906,243.7790069580078,246.99000549316406,17692500,0.012409180462625208,0.2440330386824468,256.2288302612305
2015-06-23,246.927001953125,247.3040008544922,243.13299560546875,244.29600524902344,15108700,-0.01096724591440124,0.24815857733874022,255.56604026794435
2015-06-24,244.28199768066406,244.34100341796875,240.51499938964844,240.51499938964844,17344900,-0.015598171178905587,0.25690123656764075,254.89469024658203
2015-06-25,240.36500549316406,243.33200073242188,240.36500549316406,242.7989959716797,16133100,0.00945146884397475,0.25521551080012495,254.2332102203369
2015-06-26,242.60400390625,243.74899291992188,241.55299377441406,243.593994140625,13983500,0.0032689569671338244,0.25519803566055377,253.64163520812988
2015-06-27,243.5489959716797,251.33900451660156,243.11700439453125,250.99000549316406,20488600,0.029910238649985002,0.2706978629101563,253.13549026489258
2015-06-28,250.9550018310547,251.1719970703125,247.4340057373047,249.01100158691406,15137600,-0.007916041018021671,0.2676347704619927,252.64872032165528
2015-06-29,248.7209930419922,257.1730041503906,248.58099365234375,257.0639953613281,34742900,0.031827984516984625,0.27505291212656036,252.18151023864746
2015-06-30,257.0360107421875,267.86700439453125,255.9459991455078,263.0719909667969,44533800,0.023102661546717907,0.28129439541803936,251.73416023254396
2015-07-01,263.3450012207031,265.1719970703125,255.7740020751953,258.6210021972656,27029800,-0.017064046599051412,0.2920369925849667,251.2903852081299
2015-07-02,258.552001953125,261.6310119628906,254.11599731445312,255.41200256347656,21551900,-0.012485740380607286,0.29884253723460524,250.80928527832032
2015-07-03,255.45899963378906,257.0769958496094,253.5050048828125,256.33599853515625,19033800,0.003611140537128755,0.2985684456244915,250.36424026489257
2015-07-04,256.4909973144531,261.4570007324219,254.1999969482422,260.885986328125,15620400,0.017594399701258708,0.3011722760702657,250.03336013793944
2015-07-05,260.80499267578125,274.5060119628906,258.70098876953125,271.9129943847656,44156100,0.04139866364903754,0.32578142495134743,249.79404510498046
2015-07-06,271.1080017089844,277.4219970703125,267.6000061035156,269.0299987792969,49154800,-0.010659248530482286,0.3305186336479161,249.58221511840821
2015-07-07,269.9630126953125,271.34100341796875,264.8320007324219,266.2070007324219,28857600,-0.010548688624993648,0.2762497646664158,249.3240351867676
2015-07-08,265.98199462890625,272.97100830078125,264.385986328125,270.7850036621094,36980200,0.01705095721058097,0.27830407874664803,249.0281802368164
2015-07-09,270.8269958496094,272.3349914550781,267.08599853515625,269.2279968261719,40301200,-0.005766569135055685,0.27983155766604156,248.77010528564452
2015-07-10,269.156005859375,294.59100341796875,268.802001953125,284.8940124511719,100390000,0.056558632505455265,0.3229776968720848,248.53514541625975
2015-07-11,284.8800048828125,298.5060119628906,283.5299987792969,293.114990234375,41109900,0.02844776519770061,0.33057133042955766,248.32786041259766
2015-07-12,293.1400146484375,314.3940124511719,292.5050048828125,310.86700439453125,56405000,0.05880019194966264,0.36924963022210344,248.26952545166014
2015-07-13,310.8269958496094,310.947998046875,281.010986328125,292.0539855957031,62053900,-0.06242651475623316,0.4493534016733272,248.13475540161133
2015-07-14,292.03399658203125,296.1470031738281,286.63800048828125,287.4639892578125,28727200,-0.015841069719805347,0.4522507050252019,247.93245529174806
2015-07-15,288.0450134277344,293.24798583984375,285.36700439453125,285.8290100097656,27486600,-0.0057038327096080475,0.44708421679609206,247.78228530883788
2015-07-16,286.0419921875,291.1830139160156,275.239990234375,278.0889892578125,49482600,-0.027452597215516125,0.4637688958239379,247.58653518676758
2015-07-17,278.09100341796875,280.2799987792969,272.0429992675781,279.47198486328125,27591400,0.00496088681237782,0.46365913018665356,247.4205450439453
2015-07-18,279.33099365234375,282.5270080566406,274.07501220703125,274.9010009765625,25187100,-0.016491018120761647,0.4620529305612372,247.24136505126953
2015-07-19,274.7669982910156,275.6700134277344,272.51300048828125,273.614013671875,15332500,-0.004692632405765162,0.46111016865595,247.0084701538086
2015-07-20,273.4989929199219,278.9809875488281,272.9599914550781,278.9809875488281,22711400,0.019425230515446274,0.45378743320446396,246.83213012695313
2015-07-21,278.8819885253906,280.5469970703125,275.41900634765625,275.8330078125,22930700,-0.01134799606665116,0.45109968423159635,246.63613510131836
2015-07-22,275.6570129394531,277.6659851074219,274.3810119628906,277.22198486328125,19389800,0.005022936197976215,0.4456363701640035,246.61683502197266
2015-07-23,277.34100341796875,278.1109924316406,275.71600341796875,276.04901123046875,18531300,-0.0042401477702135515,0.44286117143303544,246.67610504150392
2015-07-24,276.0050048828125,289.25299072265625,275.2539978027344,288.27801513671875,37199400,0.043346917965858316,0.4636638860790906,246.7451251220703
2015-07-25,288.16400146484375,290.7330017089844,286.00201416015625,288.6969909667969,20662200,0.0014523190754852883,0.4617669777837072,246.75766510009765
2015-07-26,288.6400146484375,293.052001953125,287.70599365234375,292.6860046386719,16032300,0.013722713943767523,0.44374711564355607,246.74941009521484
2015-07-27,292.6390075683594,297.77398681640625,287.45001220703125,293.6239929199219,30592000,0.003199635296651489,0.44075994536415086,246.80078506469727
2015-07-28,293.63299560546875,296.64898681640625,293.4230041503906,294.427001953125,25453600,0.0027310880836206508,0.43756305207338114,246.8208801269531
2015-07-29,294.4840087890625,294.5360107421875,288.7770080566406,289.5899963378906,24672600,-0.01656498435681487,0.4411825156216209,246.8948501586914
2015-07-30,289.1029968261719,290.1260070800781,286.5679931640625,287.72198486328125,21635800,-0.0064714333140721645,0.4413696789853451,247.00516006469726
2015-07-31,287.6960144042969,288.9590148925781,282.343994140625,284.6499938964844,23629100,-0.0107343496138054,0.39824738807775345,247.08943008422852
2015-08-01,284.6860046386719,284.9320068359375,278.11199951171875,281.60101318359375,18995000,-0.010769111724396336,0.38587858021260785,247.36813018798827
2015-08-02,280.4490051269531,283.0320129394531,277.52899169921875,282.614013671875,17722200,0.0035908351551854666,0.31783161528997134,247.89068527221679
2015-08-03,282.8059997558594,285.47100830078125,280.2330017089844,281.22698974609375,21474100,-0.004919921450151317,0.23834834238115296,248.24760025024415
2015-08-04,281.2250061035156,285.7149963378906,281.2250061035156,285.2179870605469,21908700,0.014091618850608268,0.23868273484252553,248.63320518493651
2015-08-05,284.84698486328125,285.5010070800781,281.4880065917969,281.8819885253906,20128000,-0.01176525184182441,0.24129759931188757,249.0463151550293
2015-08-06,281.906005859375,281.906005859375,278.40301513671875,278.5769958496094,18792100,-0.011794015540393898,0.22493425144182486,249.38750511169434
2015-08-07,278.7409973144531,280.3919982910156,276.3659973144531,279.5849914550781,42484800,0.0036118428850578886,0.2246139911619342,249.71112510681152
2015-08-08,279.74200439453125,279.9280090332031,260.7099914550781,260.99700927734375,58533000,-0.0687973817394527,0.3241071356121886,249.95953514099122
2015-08-09,261.1159973144531,267.00299072265625,260.4679870605469,265.0830078125,23789600,0.01553406541650176,0.3298829211947828,250.15046516418457
2015-08-10,265.4779968261719,267.0320129394531,262.59600830078125,264.4700012207031,20979400,-0.0023151860348410653,0.3209763998077897,250.30578514099122
2015-08-11,264.3420104980469,270.385986328125,264.093994140625,270.385986328125,25433900,0.02212268918500627,0.33021679501824386,250.49332008361816
2015-08-12,270.5979919433594,270.6730041503906,265.468994140625,266.3760070800781,26815400,-0.014941646019161535,0.332898234119509,250.5859651184082
2015-08-13,266.1830139160156,266.23199462890625,262.84100341796875,264.0799865722656,27685500,-0.008656834399337742,0.3336401173783779,250.63777503967285
2015-08-14,264.1319885253906,267.46600341796875,261.4779968261719,265.67999267578125,27091200,0.006040512802955279,0.292029427885318,250.59881004333496
2015-08-15,265.52899169921875,266.6669921875,261.2959899902344,261.5509948730469,19321100,-0.01566327593274089,0.2940977271835997,250.5891899871826
2015-08-16,261.8659973144531,262.44000244140625,257.0409851074219,258.5069885253906,29717000,-0.011706545070410978,0.2871344088705357,250.71214996337892
2015-08-17,258.489990234375,260.5050048828125,257.11700439453125,257.97601318359375,21617900,-0.0020561200546923707,0.2856058327601603,250.83446502685547
2015-08-18,257.9259948730469,257.9930114746094,211.07899475097656,211.07899475097656,42147200,-0.20063416232442743,0.7295730206726885,250.75773498535156
2015-08-19,225.67100524902344,237.40899658203125,222.76600646972656,226.6840057373047,60869200,0.07132455635785633,0.7895458660437085,250.8038349914551
2015-08-20,226.8990020751953,237.36500549316406,226.8990020751953,235.35000610351562,32275000,0.03751679130467895,0.8076858158237008,250.8457250213623
2015-08-21,235.35499572753906,236.4320068359375,231.7239990234375,232.56900024414062,23173800,-0.0118868375389682,0.8077166579897059,250.81742500305177
2015-08-22,232.66200256347656,234.95700073242188,222.70399475097656,230.38999938964844,23205900,-0.009413433789144688,0.8077060626126839,250.83303497314452
2015-08-23,230.37600708007812,232.7050018310547,225.5800018310547,228.16900634765625,18406600,-0.009686912182080969,0.8062909407283461,250.83961502075195
2015-08-24,228.11199951171875,228.13900756835938,210.4429931640625,210.4949951171875,59220700,-0.08062473359634079,0.8419175479295344,250.8065350341797
2015-08-25,210.0679931640625,226.3209991455078,199.56700134277344,221.60899353027344,61089200,0.05145266189809527,0.8670817536825689,250.8032499694824
2015-08-26,222.0760040283203,231.18299865722656,220.20399475097656,225.83099365234375,31808000,0.018872365248561083,0.8736638045622184,250.79363494873047
2015-08-27,226.0500030517578,228.64300537109375,223.6840057373047,224.7689971923828,21905400,-0.004713708157642016,0.8738817646357862,250.800419921875
2015-08-28,224.7010040283203,235.218994140625,220.92599487304688,231.39599609375,31336600,0.02905731598082126,0.8833506548509569,250.856849899292
2015-08-29,231.5489959716797,233.2220001220703,227.3300018310547,229.77999877929688,17142500,-0.0070081875315019145,0.856169669437406,250.90655487060548
2015-08-30,229.89500427246094,232.0679931640625,226.2469940185547,228.76100158691406,19412600,-0.004444526744575541,0.8526086073992187,250.95443489074708
2015-08-31,229.11399841308594,231.95599365234375,225.9149932861328,230.05599975585938,20710700,0.005644959118664133,0.8536070795708663,250.99589485168457
2015-09-01,230.25599670410156,231.21600341796875,226.86000061035156,228.12100219726562,20575200,-0.008446556918348894,0.8471734647737977,250.95936485290528
2015-09-02,228.02699279785156,230.57699584960938,226.47500610351562,229.28399658203125,18760400,0.0050851953697263535,0.84797401740763,250.81917976379395
2015-09-03,229.32400512695312,229.60499572753906,226.66700744628906,227.18299865722656,17482000,-0.00920554074485158,0.8479885117709156,250.78096977233886
2015-09-04,227.21499633789062,230.89999389648438,227.05099487304688,230.29800415039062,20962400,0.013618286292616499,0.8498797531173354,250.76324478149414
2015-09-05,230.19900512695312,236.14300537109375,229.4429931640625,235.0189971923828,20671400,0.02029220950741306,0.8542736361994382,250.7202897644043
2015-09-06,234.8699951171875,242.91200256347656,234.68099975585938,239.83999633789062,25473700,0.020305669091942837,0.8583391000121379,250.73785972595215
2015-09-07,239.9340057373047,242.1060028076172,238.7220001220703,239.8470001220703,21192200,2.9201476095330115e-05,0.8584158081455675,250.7356797027588
2015-09-08,239.8459930419922,245.781005859375,239.67799377441406,243.60699462890625,26879200,0.01555502844545953,0.4728485253767689,250.7348196411133
2015-09-09,243.4149932861328,244.41600036621094,237.8209991455078,238.16799926757812,23635700,-0.022579945075460288,0.42044135254445775,250.70298965454103
2015-09-10,238.33599853515625,241.29299926757812,235.79100036621094,238.4770050048828,21215500,0.001296586674883571,0.40052256196100006,250.71548965454102
2015-09-11,238.32899475097656,241.16900634765625,238.32899475097656,240.10699462890625,19224700,0.0068117443452915295,0.3983926108935142,250.72156463623048
2015-09-12,239.85499572753906,240.12399291992188,234.75399780273438,235.22900390625,17962600,-0.02052511060196729,0.4040538632977452,250.70403465270996
2015-09-13,235.24200439453125,235.93499755859375,229.33200073242188,230.51199340820312,18478800,-0.020256631126833225,0.40919918212814826,250.66924461364746
2015-09-14,230.60899353027344,232.44000244140625,227.96099853515625,230.6439971923828,20997800,0.0005724908294613855,0.2838881566819494,250.64033462524415
2015-09-15,230.49200439453125,259.1820068359375,229.82200622558594,230.3040008544922,19177800,-0.0014752050165764698,0.22668951020986863,250.52271461486816
2015-09-16,230.25,231.21499633789062,227.40199279785156,229.09100341796875,20144200,-0.005280859583557768,0.21912840607444645,250.3968546295166
2015-09-17,229.0760040283203,230.28500366210938,228.92599487304688,229.80999755859375,18935400,0.0031335504931134946,0.21837835892390997,250.2448946380615
2015-09-18,233.52099609375,234.35299682617188,232.18499755859375,232.97500610351562,20242200,0.013678307924647123,0.19918685706102787,250.03141960144043
2015-09-19,232.85800170898438,233.2050018310547,231.08900451660156,231.4929962158203,12712600,-0.006381558728588466,0.19890785702733743,249.7803746032715
2015-09-20,231.3990020751953,232.36500549316406,230.91000366210938,231.21200561523438,14444700,-0.0012145562897130722,0.19823969525524446,249.57097457885743
2015-09-21,231.2169952392578,231.2169952392578,226.52099609375,227.0850067138672,19678800,-0.018010636554186336,0.20724736252561363,249.32550956726075
2015-09-22,226.968994140625,232.38600158691406,225.11700439453125,230.6179962158203,25009300,0.015438219324374681,0.2123343177225931,249.11498458862306
2015-09-23,230.93600463867188,231.8350067138672,229.59100341796875,230.2830047607422,17254100,-0.0014536376070196364,0.21176975416234833,248.88509468078612
2015-09-24,230.35800170898438,235.6490020751953,230.2949981689453,234.5290069580078,25097800,0.018270269270815796,0.21768853260667087,248.68596969604494
2015-09-25,234.36199951171875,237.427001953125,233.6840057373047,235.1439971923828,22363600,0.0026188032116559834,0.21327306122918252,248.4136547088623
2015-09-26,235.0760040283203,235.4029998779297,233.35800170898438,234.33999633789062,13724100,-0.003425043884538861,0.2017424545741447,248.12655464172363
2015-09-27,234.13900756835938,234.5260009765625,232.4759979248047,232.7570037841797,14179900,-0.006778029461708515,0.18854574700400933,247.80844467163087
2015-09-28,232.83599853515625,239.33900451660156,232.4669952392578,239.14199829101562,24713000,0.027062503461009677,0.21286483513668816,247.53238464355468
2015-09-29,239.01600646972656,239.802001953125,235.92799377441406,236.68699645996094,22691300,-0.010318932398919053,0.2076326870925249,247.28913459777831
2015-09-30,236.63999938964844,237.73399353027344,235.62899780273438,236.05999755859375,19743500,-0.0026525785544473644,0.19294217145497128,247.06000953674317
2015-10-01,236.00399780273438,238.44500732421875,235.61599731445312,237.5489959716797,20488800,0.006287901367533316,0.19427294072808793,246.8157894897461
2015-10-02,237.26400756835938,238.54100036621094,236.60299682617188,237.29299926757812,19677900,-0.0010782396311614989,0.19260768248541113,246.54928955078125
2015-10-03,237.20199584960938,239.31500244140625,236.94400024414062,238.72999572753906,16482700,0.006037526926853979,0.1794472410942817,246.3154145050049
2015-10-04,238.531005859375,238.96800231933594,237.94000244140625,238.25900268554688,12999000,-0.001974859783494672,0.16295901607739047,246.22521446228026
2015-10-05,238.14700317382812,240.38299560546875,237.03500366210938,240.38299560546875,23335900,0.008875137866671141,0.1648432331956204,246.1224893951416
2015-10-06,240.36399841308594,246.93499755859375,240.13600158691406,246.06300354003906,27535100,0.02335414868766111,0.18004428480934567,246.0440594482422
2015-10-07,246.1699981689453,246.68099975585938,242.5850067138672,242.968994140625,22999200,-0.012653776022319324,0.1861048818672532,245.9587794494629
2015-10-08,243.0749969482422,244.25100708007812,242.1790008544922,242.3040008544922,18515300,-0.0027406993970222338,0.18708242916117682,245.83049949645996
2015-10-09,242.4980010986328,244.22799682617188,242.1219940185547,243.93099975585938,17353100,0.00669225774201338,0.18336101280100064,245.71645454406737
2015-10-10,243.74000549316406,245.31900024414062,243.07400512695312,244.9409942626953,15912700,0.004131944378731938,0.18076826669774992,245.71318450927734
2015-10-11,244.74200439453125,247.2429962158203,244.15199279785156,247.0500030517578,16827300,0.008573415850475552,0.18128429315898917,245.7174494934082
2015-10-12,246.875,247.45399475097656,245.1790008544922,245.30799865722656,17388300,-0.00707619925894907,0.1687204310363161,245.70132949829102
2015-10-13,245.1999969482422,250.23599243164062,243.7570037841797,249.50799560546875,28198500,0.016976402807395333,0.17014968868272343,245.7137244415283
2015-10-14,249.4929962158203,254.27499389648438,248.9029998779297,251.98899841308594,27462600,0.009894468274496332,0.17031873028881186,245.7096794128418
2015-10-15,252.10699462890625,255.96200561523438,252.04600524902344,254.32000732421875,25223500,0.00920791593427537,0.16371055211579966,245.76771446228028
2015-10-16,254.29600524902344,266.135009765625,253.92599487304688,262.8689880371094,35901500,0.03306241831528717,0.1922819987527226,245.844429397583
2015-10-17,262.74700927734375,273.5780029296875,262.36700439453125,270.6400146484375,43199600,0.02913381488056866,0.20622416295706564,245.976509475708
2015-10-18,270.9070129394531,271.6679992675781,260.7770080566406,261.64300537109375,22434300,-0.033808578905344916,0.2461394267912176,246.04836448669434
2015-10-19,261.8609924316406,264.82000732421875,260.95098876953125,263.43701171875,25258800,0.0068332950027678975,0.23353649083686898,246.10052452087402
2015-10-20,263.5719909667969,270.8349914550781,263.22698974609375,269.4630126953125,30889800,0.022616842061920966,0.23487835303080504,246.17622955322267
2015-10-21,269.3059997558594,270.7699890136719,263.8389892578125,266.2720031738281,25637300,-0.011912782119455399,0.24136493256677607,246.23910453796387
2015-10-22,266.4960021972656,276.510009765625,266.135009765625,274.02301025390625,37808600,0.02869372725336826,0.2541525863134556,246.3062296295166
2015-10-23,273.64898681640625,278.6839904785156,273.5429992675781,276.4960021972656,29442500,0.008984280367577967,0.2526072034103671,246.41124961853026
2015-10-24,276.5039978027344,281.70599365234375,276.5039978027344,281.65399169921875,25942400,0.018482975533646497,0.2554977286648059,246.55361961364747
2015-10-25,281.44500732421875,294.0589904785156,281.44500732421875,283.67999267578125,45717100,0.007167478715194853,0.2530081325709632,246.74690956115722
2015-10-26,283.62799072265625,285.29998779296875,280.510009765625,285.29998779296875,32108800,0.005694398925499903,0.25315832956651396,246.95502952575683
2015-10-27,285.1809997558594,296.2120056152344,285.00799560546875,293.7879943847656,46331800,0.029317184247970474,0.2584558165498151,247.24360946655273
2015-10-28,293.7030029296875,306.33099365234375,293.7030029296875,304.6180114746094,50808100,0.03620017059679138,0.2635699974142232,247.58393951416016
2015-10-29,304.3240051269531,318.1700134277344,301.822998046875,313.8550109863281,64495900,0.029872560540859655,0.2667031823638671,247.97244956970215
2015-10-30,313.9429931640625,334.16900634765625,313.94000244140625,328.0150146484375,78305000,0.04412825288520052,0.2874684064890327,248.48958961486815
2015-10-31,328.5119934082031,332.7770080566406,309.2510070800781,314.1659851074219,48598100,-0.043137922471269186,0.3483238716218046,248.9646245574951
2015-11-01,315.0050048828125,327.47198486328125,311.8810119628906,325.4309997558594,37001100,0.03522899562797236,0.357285709949292,249.47261459350585
2015-11-02,325.9419860839844,365.3599853515625,323.2090148925781,361.1889953613281,101918000,0.10425089733390326,0.46873570565672296,250.13569458007814
2015-11-03,361.87298583984375,417.8999938964844,357.6470031738281,403.4169921875,206162000,0.11056939286686604,0.5669361928078469,251.03836952209474
2015-11-04,403.66400146484375,495.56201171875,380.5480041503906,411.56298828125,263900000,0.019991331284302655,0.5650981844078586,251.9794044494629
2015-11-05,408.0769958496094,447.5610046386719,374.58099365234375,386.35400390625,151824992,-0.06320802060226931,0.6388208645551084,252.79817443847656
2015-11-06,388.0469970703125,395.83599853515625,354.0249938964844,374.4700012207031,122687000,-0.03124236154384214,0.6606088328326203,253.54739440917967
2015-11-07,374.2690124511719,390.58599853515625,372.4330139160156,386.48199462890625,56625100,0.03157358504810171,0.6612342084720778,254.3034593963623
2015-11-08,384.27801513671875,389.8949890136719,368.70001220703125,373.3680114746094,51817600,-0.03452072206175425,0.66192746845539,254.99941947937012
2015-11-09,374.3240051269531,385.27801513671875,362.8949890136719,380.2569885253906,68224400,0.01828275054987659,0.6609138773548778,255.7183943939209
2015-11-10,379.9840087890625,381.3869934082031,329.1080017089844,336.8190002441406,95797904,-0.12130161493200711,0.8165288048672611,256.2461493682861
2015-11-11,339.82000732421875,340.5849914550781,300.99700927734375,311.0840148925781,107070000,-0.07948267475756071,0.8717127911496348,256.6696194458008
2015-11-12,314.0790100097656,345.08099365234375,313.3559875488281,338.1520080566406,78477800,0.08343250231798256,0.9084066390122842,257.2632295227051
2015-11-13,338.49798583984375,340.91400146484375,326.07501220703125,336.75299072265625,52003000,-0.004145825976570227,0.9097318088361309,257.8005644989014
2015-11-14,336.6239929199219,338.1809997558594,329.9700012207031,332.906005859375,38612000,-0.01148951093765005,0.9118787526965129,258.33581954956054
2015-11-15,333.0509948730469,334.6619873046875,317.489990234375,320.1659851074219,44213100,-0.03902062067538069,0.926308020437423,258.80760948181154
2015-11-16,319.7349853515625,331.6260070800781,315.9049987792969,330.7510070800781,47980100,0.032526283053829305,0.9309353024293014,259.2806394958496
2015-11-17,330.36199951171875,338.3500061035156,329.614013671875,335.093994140625,51001600,0.013045224166090356,0.9277298757955873,259.79571449279786
2015-11-18,334.5929870605469,336.531005859375,330.6400146484375,334.5899963378906,43783800,-0.0015051812647567857,0.9215741102213425,260.2940145111084
2015-11-19,334.6789855957031,335.3340148925781,325.27301025390625,326.14898681640625,45011100,-0.025551598987975044,0.922323104687351,260.7229694366455
2015-11-20,326.4110107421875,326.4729919433594,312.2170104980469,322.0220031738281,53152900,-0.012734415693713075,0.9104224146077966,261.13798942565916
2015-11-21,322.0920104980469,328.15899658203125,319.5950012207031,326.927001953125,28200500,0.015117034311317484,0.8986401612268795,261.5920194244385
2015-11-22,326.9750061035156,327.010009765625,321.2590026855469,324.5360107421875,23439400,-0.00734040736066012,0.8908097573790844,262.06578948974607
2015-11-23,324.3500061035156,325.1180114746094,321.2900085449219,323.0459899902344,27478900,-0.004601806040729209,0.8058534775854109,262.4943494415283
2015-11-24,323.0140075683594,323.0580139160156,318.1180114746094,320.0459899902344,29362600,-0.009329992771021057,0.6868557334385469,262.8752643585205
2015-11-25,320.0450134277344,329.1340026855469,316.7699890136719,328.20599365234375,41666900,0.02517673649736144,0.6900335602860994,263.3071343231201
2015-11-26,328.3030090332031,366.7569885253906,328.22900390625,352.6839904785156,106105000,0.0719310041994384,0.7188487714978455,263.86907424926756
2015-11-27,351.8609924316406,363.5889892578125,347.8699951171875,358.0419921875,55179100,0.015077831251610264,0.7149058004949371,264.4484941864014
2015-11-28,357.1409912109375,359.5360107421875,352.1719970703125,357.3810119628906,36816600,-0.0018478030727119411,0.7043458696236731,265.02983924865725
2015-11-29,357.47198486328125,371.9389953613281,355.6659851074219,371.29400634765625,40409300,0.03819174564629389,0.7093128459227076,265.70442428588865
2015-11-30,371.43701171875,382.3630065917969,370.38299560546875,377.3210144042969,71701600,0.016102103514945905,0.7086342642178327,266.4063843536377
2015-12-01,377.41400146484375,378.9309997558594,356.56298828125,362.4880065917969,60452200,-0.04010493374025533,0.5777806561433234,267.03079940795897
2015-12-02,361.8450012207031,362.23199462890625,349.4649963378906,359.18701171875,54160500,-0.009148211621262082,0.49610226289908654,267.64596946716307
2015-12-03,359.33099365234375,370.2749938964844,357.4119873046875,361.0459899902344,50714900,0.005162169451390206,0.41057710489602517,268.2671894073486
2015-12-04,361.2619934082031,363.5159912109375,355.7569885253906,363.1830139160156,35784100,0.005901531467588603,0.40981143861176544,268.9174644470215
2015-12-05,363.72100830078125,389.7850036621094,363.22900390625,388.9490051269531,66282200,0.06854136502537268,0.4630082352055372,269.7024744415283
2015-12-06,389.55499267578125,402.8089904785156,387.0889892578125,388.7829895019531,77762000,-0.0004269224582968289,0.4325444539679004,270.4762993621826
2015-12-07,389.9779968261719,399.968994140625,385.4110107421875,395.5360107421875,63455800,0.01722051389587518,0.4253549839692553,271.27725944519045
2015-12-08,395.7539978027344,415.56298828125,389.95001220703125,415.56298828125,57801400,0.049392364906644164,0.44824884558946415,272.15333435058596
2015-12-09,414.4410095214844,423.1199951171875,406.2909851074219,417.56298828125,90917200,0.00480120389518298,0.44669489901404485,273.04678932189944
2015-12-10,417.9880065917969,419.5090026855469,411.5480041503906,415.47900390625,52138900,-0.005003322142095781,0.4311723689783329,273.91941932678225
2015-12-11,415.281005859375,451.93798828125,415.281005859375,451.93798828125,110944000,0.08411289544844237,0.4891318079602915,274.9935592651367
2015-12-12,452.3349914550781,469.1029968261719,410.7409973144531,434.99700927734375,131969000,-0.03820582051168074,0.5241597944194862,275.9829643249512
2015-12-13,431.6600036621094,441.67999267578125,426.26800537109375,433.7550048828125,55050600,-0.0028592860113268426,0.5221300254057704,276.96532432556154
2015-12-14,433.2720031738281,447.1419982910156,430.45599365234375,444.1820068359375,130496000,0.02375453391274045,0.5187576958963612,277.9991943359375
2015-12-15,443.87799072265625,465.3210144042969,443.87799072265625,465.3210144042969,83121104,0.0464931172186154,0.5215819518229222,279.14031944274905
2015-12-16,465.2080078125,465.2080078125,443.85101318359375,454.9339904785156,107944000,-0.022575188405547387,0.539036570249262,280.24826438903807
2015-12-17,454.7770080566406,457.8599853515625,448.8580017089844,456.0780029296875,47978400,0.0025115213867521707,0.49975458929811556,281.3777043914795
2015-12-18,455.84698486328125,465.177001953125,454.94000244140625,463.6159973144531,60220100,0.016392763646442193,0.4998693351156726,282.5811544036865
2015-12-19,463.552001953125,465.58099365234375,456.7650146484375,462.3219909667969,47892700,-0.002795019118873129,0.5002178980597021,283.7637493896484
2015-12-20,462.2340087890625,462.6449890136719,434.3380126953125,442.68499755859375,75409400,-0.04340314781103667,0.5261083057511055,284.8478044128418
2015-12-21,442.8380126953125,444.72900390625,427.31201171875,438.6390075683594,77639696,-0.009181682084783822,0.5287130844254351,285.9193794250488
2015-12-22,437.4360046386719,443.68798828125,435.5159912109375,436.5719909667969,50840400,-0.004723479133980716,0.5024025485970353,286.97747940063476
2015-12-23,436.7200012207031,444.52899169921875,436.6189880371094,442.4010009765625,47161400,0.013263423371260949,0.49826476934353775,288.0613893890381
2015-12-24,443.09100341796875,458.45599365234375,443.0769958496094,454.9849853515625,57157200,0.028047706368313604,0.5018041141342041,289.2219093322754
2015-12-25,454.8550109863281,458.30499267578125,452.07501220703125,455.65301513671875,39078500,0.0014671689620477152,0.5026076437277054,290.3577294158936
2015-12-26,455.7560119628906,457.489013671875,405.760009765625,417.27398681640625,116166000,-0.0879885393752486,0.5646897448438709,291.29885932922366
2015-12-27,416.5140075683594,424.0069885253906,408.88299560546875,422.822998046875,53591200,0.01321059837446073,0.565516752039934,292.26895935058593
2015-12-28,423.3429870605469,429.7690124511719,418.4809875488281,422.27899169921875,49638600,-0.0012874337757977062,0.5636951055056855,293.23182929992674
2015-12-29,422.0979919433594,432.9830017089844,420.62701416015625,432.9830017089844,51596500,0.025032256844190873,0.544485922636413,294.24683433532715
2015-12-30,433.29998779296875,434.3869934082031,422.0840148925781,426.6199951171875,46889400,-0.014804794390454037,0.5474227368730543,295.21792434692384
2015-12-31,425.875,432.9209899902344,418.7349853515625,430.5669860839844,45996600,0.00920923660459228,0.5476656554463333,296.2030442810059
2016-01-01,430.72100830078125,436.2460021972656,427.5150146484375,434.3340148925781,36278900,0.00871094524036167,0.45996231963034956,297.1905993652344
2016-01-02,434.62200927734375,436.06201171875,431.8699951171875,433.43798828125,30096600,-0.0020651206226820714,0.4406432183963763,298.1033142852783
2016-01-03,433.5780029296875,433.7430114746094,424.70599365234375,430.010986328125,39633800,-0.007937979079086463,0.4413842113445741,299.0069492340088
2016-01-04,430.0610046386719,434.5169982910156,429.0840148925781,433.09100341796875,38477500,0.007137117514959161,0.43360511082864295,299.92736923217774
2016-01-05,433.0690002441406,434.1820068359375,429.6759948730469,431.9599914550781,34522600,-0.002614903893657051,0.39739926749518734,300.86413917541506
2016-01-06,431.8559875488281,431.8559875488281,426.34100341796875,429.1050109863281,34042500,-0.006631301754831982,0.3915732889305754,301.7836042022705
2016-01-07,430.010986328125,458.7659912109375,429.0769958496094,458.0480041503906,87562200,0.06527232134918742,0.4571333519559265,302.8541242218018
2016-01-08,457.5379943847656,462.9339904785156,447.93798828125,453.2300109863281,56993000,-0.010574244034119464,0.4546394241357506,303.88532424926757
2016-01-09,453.38299560546875,454.6400146484375,446.8890075683594,447.6109924316406,32278000,-0.012475212401743629,0.45633333388857183,304.90189918518064
2016-01-10,448.2380065917969,448.3089904785156,440.35101318359375,447.9909973144531,35995900,0.0008486021915259452,0.43018033653749754,305.9392791748047
2016-01-11,448.697998046875,450.6619873046875,443.8550109863281,448.4280090332031,40450000,0.0009750167059737574,0.4287164179883483,306.9674242401123
2016-01-12,448.1820068359375,448.1820068359375,435.69000244140625,435.69000244140625,115607000,-0.028817166747445385,0.44076057637747684,307.92790428161624
2016-01-13,434.6650085449219,435.1860046386719,424.4429931640625,432.3710021972656,173888000,-0.007646965823602343,0.438722031993229,308.8348092651367
2016-01-14,432.2879943847656,433.3240051269531,427.8450012207031,430.3059997558594,43945500,-0.0047874381276169385,0.42579717195604183,309.74128425598144
2016-01-15,430.2550048828125,430.2550048828125,364.33099365234375,364.33099365234375,153351008,-0.1664338052665779,0.708624134005385,310.2776192474365
2016-01-16,365.072998046875,390.5570068359375,354.91400146484375,387.5360107421875,120352000,0.06174599774960438,0.6923686969542479,310.8999393463135
2016-01-17,387.1520080566406,390.9649963378906,380.0920104980469,382.29901123046875,45319600,-0.01360572109487995,0.690432672824242,311.5183293914795
2016-01-18,381.7330017089844,388.10400390625,376.6650085449219,387.1679992675781,54403900,0.012655651139036144,0.693010504877341,312.177109375
2016-01-19,387.0260009765625,387.7300109863281,378.97198486328125,380.14898681640625,46819800,-0.018295459016986062,0.6862550293200427,312.7961743164062
2016-01-20,379.739990234375,425.2669982910156,376.5989990234375,420.2300109863281,121720000,0.10023896012970848,0.7776963586672189,313.59289443969726
2016-01-21,419.6319885253906,422.87701416015625,406.29998779296875,410.2619934082031,68338000,-0.024006242647881867,0.7808590849456217,314.28463943481444
2016-01-22,409.7510070800781,410.4100036621094,375.2820129394531,382.49200439453125,91546600,-0.070088214427767,0.8138716623792404,314.8519494628906
2016-01-23,382.4339904785156,394.5429992675781,381.9809875488281,387.4909973144531,56247400,0.012984866282223048,0.8164664264035084,315.45836944580077
2016-01-24,388.10198974609375,405.4849853515625,387.510009765625,402.97100830078125,54824800,0.039172003871981685,0.8307590761666471,316.11929946899414
2016-01-25,402.3169860839844,402.3169860839844,388.5539855957031,391.72601318359375,59062400,-0.028301970204966494,0.8343236312694888,316.73178955078123
2016-01-26,392.00201416015625,397.7659912109375,390.57501220703125,392.15301513671875,58147000,0.0010894589086653844,0.8345434225779704,317.268084564209
2016-01-27,392.4440002441406,396.8429870605469,391.7820129394531,394.97198486328125,47424400,0.007162729626808593,0.835488639260393,317.77736953735354
2016-01-28,395.14599609375,395.50201416015625,379.7349853515625,380.28900146484375,59247900,-0.0378833441545607,0.8036150701899109,318.1244795227051
2016-01-29,380.1080017089844,384.3789978027344,365.4519958496094,379.4739990234375,86125296,-0.002145413118275195,0.8039187954320249,318.56157958984375
2016-01-30,378.864990234375,380.9169921875,376.4909973144531,378.2550048828125,30284400,-0.0032174964557383176,0.8039755293760614,319.0155346679687
2016-01-31,378.2929992675781,380.34698486328125,367.8349914550781,368.7669982910156,37894300,-0.02540358060856337,0.8054698793892677,319.430224609375
2016-02-01,369.3500061035156,378.0719909667969,367.9570007324219,373.0559997558594,51656700,0.011563538116676307,0.8079975416566552,319.9050596618652
2016-02-02,372.9200134277344,375.88299560546875,372.9200134277344,374.447998046875,40378700,0.0037243945294053483,0.8056810580870438,320.3799397277832
2016-02-03,374.64599609375,374.95001220703125,368.0450134277344,369.9490051269531,45933400,-0.012087764139591044,0.8058580228678403,320.85517974853514
2016-02-04,370.17401123046875,391.6080017089844,369.9930114746094,389.593994140625,69285504,0.051739984040954964,0.8315696678628196,321.4350796508789
2016-02-05,388.89801025390625,391.093994140625,385.5719909667969,386.54901123046875,43825000,-0.007846488370578702,0.5891399642918719,321.9729197692871
2016-02-06,386.5889892578125,386.6310119628906,372.3869934082031,376.5220031738281,49249300,-0.026282180931773355,0.5561966715926118,322.47636474609374
2016-02-07,376.5140075683594,380.8710021972656,374.90301513671875,376.6199951171875,37076300,0.0002602216956023363,0.554425395497001,322.9733547973633
2016-02-08,376.7569885253906,379.8789978027344,373.3340148925781,373.4469909667969,47671100,-0.008460639214485643,0.5528332417344342,323.4603446960449
2016-02-09,373.4230041503906,377.2460021972656,372.89801025390625,376.02899169921875,55318500,0.00689017662225599,0.550195582823486,323.89909957885743
2016-02-10,376.14599609375,385.4830017089844,375.7829895019531,381.64898681640625,85130896,0.014835057495084155,0.41640389441813075,324.36385955810545
2016-02-11,382.114013671875,383.1300048828125,376.39898681640625,379.65399169921875,74375600,-0.00524101373583598,0.4104073303148511,324.7986994934082
2016-02-12,379.6860046386719,384.9540100097656,379.6000061035156,384.26300048828125,67042800,0.012066925497951821,0.33461534328938125,325.25189453125
2016-02-13,384.6409912109375,391.8599853515625,384.6409912109375,391.8599853515625,61911700,0.01957738050316613,0.33854041367463694,325.7390594482422
2016-02-14,392.9320068359375,407.2300109863281,392.9320068359375,407.2300109863281,74469800,0.03847356761024338,0.3375432001170698,326.3272595214844
2016-02-15,407.5679931640625,410.3810119628906,397.7489929199219,400.18499755859375,74070496,-0.017451229283921166,0.3278300261956434,326.88957458496094
2016-02-16,401.4320068359375,408.94500732421875,401.4320068359375,407.4880065917969,73093104,0.018084566484096332,0.3331207200892265,327.5037646484375
2016-02-17,407.656005859375,421.1669921875,406.78399658203125,416.3219909667969,83193600,0.021447477040665734,0.33961584964049196,328.1773695373535
2016-02-18,416.5719909667969,425.9960021972656,415.63800048828125,422.37298583984375,76752600,0.014429798757375453,0.3081117469776453,328.87616439819334
2016-02-19,422.7300109863281,423.10400390625,417.60400390625,420.7850036621094,55711300,-0.003766753265904786,0.308636122478708,329.57395446777343
2016-02-20,421.60101318359375,441.9840087890625,421.60101318359375,437.16400146484375,93992096,0.03818639098201341,0.3276222859736647,330.33368453979494
2016-02-21,437.77301025390625,448.0459899902344,429.0769958496094,438.7980041503906,89820704,0.003730765878716895,0.30628558937006645,331.1182646179199
2016-02-22,438.989013671875,439.0450134277344,432.9169921875,437.74798583984375,85385200,-0.002395809974121328,0.3082110591665001,331.91411956787107
2016-02-23,438.2550048828125,439.8580017089844,417.8210144042969,420.7359924316406,85244896,-0.03963782937665178,0.349011190793072,332.61987457275393
2016-02-24,420.95599365234375,425.54998779296875,413.9070129394531,424.9549865722656,67743696,0.00997770875420976,0.34328397309522707,333.43966445922854
2016-02-25,425.0369873046875,427.718994140625,420.4150085449219,424.54400634765625,70798000,-0.0009675826813181336,0.3020360390203823,334.2369694519043
2016-02-26,424.6289978027344,432.1520080566406,421.6199951171875,432.1520080566406,61486000,0.017761730167476383,0.3023103857845099,335.075379486084
2016-02-27,432.8389892578125,434.2309875488281,428.1029968261719,432.5190124511719,41893600,0.0008488879767351332,0.28040106470545406,335.8860446166992
2016-02-28,432.5710144042969,435.6830139160156,423.82000732421875,433.5039978027344,53033400,0.002274733499287574,0.2799133661190364,336.7216845703125
2016-02-29,433.43798828125,441.5069885253906,431.6929931640625,437.6969909667969,60694700,0.009625851196027416,0.2745319859780244,337.58976959228517
2016-03-01,437.9169921875,439.65301513671875,432.3190002441406,435.12298583984375,74895800,-0.005898152327929521,0.2784708739866258,338.43698455810545
2016-03-02,435.1310119628906,435.9169921875,423.989013671875,423.989013671875,74955296,-0.0259211734527871,0.2989666842209283,339.2491746520996
2016-03-03,423.9119873046875,425.37298583984375,419.4110107421875,421.6510009765625,100484000,-0.0055295837758946205,0.2990929976735155,340.0648947143555
2016-03-04,421.83599853515625,425.1780090332031,410.9389953613281,410.9389953613281,90856096,-0.02573318626747075,0.3160180021841864,340.82970962524416
2016-03-05,410.781005859375,411.2569885253906,394.0350036621094,400.57000732421875,135384992,-0.0255562226581641,0.3250851110174394,341.77716468811036
2016-03-06,400.5249938964844,411.9070129394531,395.77801513671875,407.7070007324219,91212496,0.017660229918133284,0.3020736740510412,342.6822796630859
2016-03-07,407.7569885253906,415.9169921875,406.3089904785156,414.3210144042969,85762400,0.016092289510488238,0.2999198732461419,343.57713470458987
2016-03-08,414.4649963378906,416.2430114746094,411.093994140625,413.97198486328125,70311696,-0.0008427683488395658,0.2939617986337973,344.48414962768555
2016-03-09,413.8940124511719,416.0320129394531,411.6059875488281,414.8599853515625,70012304,0.0021427764853751744,0.28428431634122164,345.4064995574951
2016-03-10,414.7439880371094,417.5119934082031,413.2510070800781,417.1310119628906,81022896,0.005459271215821551,0.28014886531533084,346.3513095855713
2016-03-11,417.2380065917969,423.9259948730469,417.01300048828125,421.69000244140625,73969696,0.010870102896019172,0.2826379745749725,347.4072846221924
2016-03-12,421.6050109863281,421.7950134277344,410.093994140625,411.6239929199219,92712896,-0.024160158622951636,0.2582521390390124,348.35735961914065
2016-03-13,411.64801025390625,416.60400390625,411.6419982910156,414.06500244140625,74322800,0.005912678130918167,0.2590637870585004,349.29852966308596
2016-03-14,414.20098876953125,416.6839904785156,414.20098876953125,416.43798828125,95259400,0.0057145906134999196,0.2607266190830774,350.2568746185303
2016-03-15,416.38800048828125,418.1310119628906,414.9849853515625,416.8299865722656,66781700,0.0009408697604203162,0.22278935327777827,351.1840445709229
2016-03-16,416.88800048828125,417.6860046386719,415.9119873046875,417.010986328125,65185800,0.00043413495998539736,0.21959421034268597,352.120199508667
2016-03-17,417.8890075683594,420.99700927734375,417.8890075683594,420.6210021972656,83528600,0.00861962835702918,0.2220538841918649,353.0794995117187
2016-03-18,420.5469970703125,420.5469970703125,406.1369934082031,409.5480041503906,104940000,-0.026678073244245377,0.22939170384124688,353.9769595336914
2016-03-19,409.2650146484375,410.9840087890625,407.2300109863281,410.4440002441406,58423000,0.002185378505023388,0.2296883523941579,354.8885745239258
2016-03-20,410.4010009765625,414.625,410.4010009765625,413.7550048828125,45947900,0.008034521831448932,0.23204976899532836,355.81092956542966
2016-03-21,413.4179992675781,413.4179992675781,410.3810119628906,413.3070068359375,61655400,-0.0010833482479985395,0.22809293573845976,356.74154960632325
2016-03-22,413.1319885253906,418.375,412.531005859375,418.0889892578125,66813300,0.011503628063921653,0.23296151323481726,357.6805045318604
2016-03-23,418.1610107421875,419.26800537109375,417.364013671875,418.0409851074219,61444200,-0.00011482461319438798,0.21596827259371104,358.59561447143557
2016-03-24,418.42401123046875,418.67999267578125,415.4859924316406,416.3940124511719,68346704,-0.0039475208968670706,0.21558918866128363,359.47838455200196
2016-03-25,416.50799560546875,418.0799865722656,415.5580139160156,417.177001953125,52560000,0.0018786395368977987,0.19528886435178308,360.36503456115724
2016-03-26,417.364990234375,418.98699951171875,416.2590026855469,417.94500732421875,44650400,0.0018392655901028447,0.1703098828070093,361.2367246246338
2016-03-27,418.1400146484375,428.7969970703125,417.71099853515625,426.7650146484375,71229400,0.02088368232159591,0.17435726441263083,362.17970970153806
2016-03-28,426.5480041503906,426.85699462890625,423.2929992675781,424.2309875488281,68522800,-0.005955455919149955,0.16882375586238618,363.1084796142578
2016-03-29,424.3039855957031,426.2030029296875,412.6809997558594,416.5159912109375,75411504,-0.01835323371311265,0.181794979698015,363.99052459716796
2016-03-30,416.8340148925781,416.8340148925781,412.4960021972656,414.8160095214844,66034100,-0.0040897837626671105,0.18227678864287755,364.88845962524414
2016-03-31,415.2569885253906,418.3689880371094,415.2569885253906,416.72900390625,60215200,0.004601068441725693,0.1819766209606116,365.81954467773437
2016-04-01,416.760009765625,418.1730041503906,415.83099365234375,417.9599914550781,51235700,0.0029495739086860765,0.17801544861443694,366.7561246490479
2016-04-02,418.4219970703125,422.08099365234375,418.4219970703125,420.87298583984375,45681200,0.006945378098913718,0.15714203747291572,367.7089695739746
2016-04-03,421.1730041503906,421.5799865722656,419.6969909667969,420.90399169921875,38053700,7.36676345786342e-05,0.1561679731884672,368.66803451538084
2016-04-04,421.29901123046875,422.3429870605469,419.60101318359375,421.4440002441406,50634300,0.0012821509021542581,0.15515483323930862,369.6262045288086
2016-04-05,421.0169982910156,424.2569885253906,420.614013671875,424.0299987792969,60718000,0.00611729420992552,0.1563428074583923,370.5814794921875
2016-04-06,424.28399658203125,424.5270080566406,422.72900390625,423.4129943847656,59091000,-0.0014561557733853048,0.15653791520827276,371.5410794830322
2016-04-07,423.6199951171875,423.6570129394531,420.51800537109375,422.7449951171875,57858600,-0.0015788999563638598,0.15402410343153067,372.498744430542
2016-04-08,422.9070129394531,425.3609924316406,419.635009765625,420.3489990234375,63454700,-0.005683832552027873,0.12153790063994427,373.46506439208986
2016-04-09,420.8110046386719,420.8909912109375,416.5150146484375,419.4110107421875,49792700,-0.0022339446042406734,0.12206758651453888,374.4090294647217
2016-04-10,419.5920104980469,422.43499755859375,419.2569885253906,421.5639953613281,73478600,0.0051202219024044345,0.12036583988922842,375.3654344177246
2016-04-11,421.87200927734375,422.739013671875,420.5329895019531,422.4830017089844,50747500,0.0021776197629015653,0.12022208654363785,376.3052043914795
2016-04-12,422.8429870605469,427.2770080566406,422.8429870605469,425.19000244140625,70728800,0.0063869202424251,0.11584064596857434,377.2554344177246
2016-04-13,425.6319885253906,426.6579895019531,422.9159851074219,423.7340087890625,69060400,-0.0034302129771983905,0.11673711857180458,378.2024044799805
2016-04-14,423.93499755859375,425.3710021972656,423.01300048828125,424.2820129394531,45281000,0.001292438380009947,0.11554535531117692,379.16002952575684
2016-04-15,424.427001953125,429.9280090332031,424.427001953125,429.7130126953125,54801500,0.01271921454071168,0.12259702710811513,380.1128845977783
2016-04-16,429.57501220703125,432.625,428.9840087890625,430.5719909667969,39392800,0.001996962758353169,0.12260520354628857,381.0823095703125
2016-04-17,430.635986328125,431.3710021972656,426.0790100097656,427.39898681640625,52125900,-0.007396563983103657,0.10371304424846862,382.03900451660155
2016-04-18,427.6109924316406,429.27398681640625,427.08599853515625,428.59100341796875,55670900,0.0027851198861912063,0.10171447369841602,382.994214553833
2016-04-19,428.7030029296875,436.0199890136719,428.10400390625,435.5090026855469,52810500,0.016012375952933273,0.09056469435275578,383.98529457092286
2016-04-20,435.3240051269531,443.0539855957031,434.406005859375,441.3890075683594,72890096,0.013411121805216768,0.09558872796006722,384.99858963012696
2016-04-21,441.4159851074219,450.5480041503906,440.9519958496094,449.42498779296875,68204704,0.01804237081908121,0.10891371287253745,386.0544195556641
2016-04-22,449.68798828125,449.80999755859375,444.1499938964844,445.73699951171875,58804400,-0.00823986987830282,0.11639218994154636,387.0811895751953
2016-04-23,445.8609924316406,450.2820129394531,444.33099365234375,450.2820129394531,50485400,0.010144991001068509,0.11824952858688408,388.10228462219237
2016-04-24,450.55999755859375,460.14599609375,448.9280090332031,458.55499267578125,68198400,0.018206143015635057,0.12842268731158082,389.1802146148682
2016-04-25,459.1210021972656,466.6199951171875,453.5920104980469,461.4259948730469,87091800,0.006241458369899468,0.12821033672052962,390.27582458496096
2016-04-26,461.64801025390625,467.9649963378906,461.6210021972656,466.0889892578125,78971904,0.010054896687550094,0.129625193805271,391.38661453247073
2016-04-27,466.2619934082031,467.0790100097656,444.1340026855469,444.68701171875,93564896,-0.04700588971564477,0.22031972009761913,392.385344619751
2016-04-28,445.0379943847656,449.5509948730469,436.6499938964844,449.010986328125,74064704,0.009676665628468313,0.22124886325935353,393.3951495361328
2016-04-29,449.4079895019531,455.3840026855469,446.0169982910156,455.09698486328125,49258500,0.013463193902923071,0.22186236013360133,394.4440944671631
2016-04-30,455.1780090332031,455.5870056152344,447.6969909667969,448.3179931640625,69322600,-0.015007762991123413,0.23047241820859168,395.43814445495605
2016-05-01,448.4840087890625,452.47900390625,447.927001953125,451.875,40660100,0.007902806121518367,0.2309695407395632,396.4375744628906
2016-05-02,451.9330139160156,452.44500732421875,441.7760009765625,444.66900634765625,92127000,-0.016075393468011404,0.24054979031500154,397.38931945800783
2016-05-03,444.72698974609375,451.09698486328125,442.61700439453125,450.3039855957031,59366400,0.012592678802026256,0.24278389143886472,398.3264944458008
2016-05-04,450.1830139160156,450.37799072265625,445.6300048828125,446.72198486328125,50407300,-0.007986434929728583,0.2447462645128012,399.206904296875
2016-05-05,446.71099853515625,448.5060119628906,445.88299560546875,447.97601318359375,50440800,0.0028032456633388632,0.24470707085935073,400.1385693359375
2016-05-06,447.9419860839844,461.375,447.0679931640625,459.6029968261719,72796800,0.02562337748220021,0.2552927357322538,401.1193992614746
2016-05-07,459.6390075683594,460.67498779296875,457.3240051269531,458.5360107421875,38364500,-0.0023242375185406018,0.25598768313152603,402.064764251709
2016-05-08,458.4289855957031,459.4169921875,455.9830017089844,458.5480041503906,40315000,2.6155527757670403e-05,0.253469575740007,403.0261442565918
2016-05-09,458.20599365234375,462.4809875488281,456.531005859375,460.4830017089844,55493100,0.0042109578579271325,0.25347767225474777,403.9584442138672
2016-05-10,460.51800537109375,461.9289855957031,448.9540100097656,450.8949890136719,58956100,-0.021041470263289737,0.2626146717536465,404.8304391479492
2016-05-11,450.864013671875,454.57598876953125,450.864013671875,452.7279968261719,50605200,0.004057024567579209,0.2593161393838838,405.685809173584
2016-05-12,452.4469909667969,454.9490051269531,449.25,454.7659912109375,59849300,0.004491484985559609,0.2523879709359836,406.54123916625974
2016-05-13,454.8500061035156,457.05499267578125,453.4530029296875,455.6700134277344,60845000,0.001985911166300505,0.2503721000610299,407.3930892944336
2016-05-14,455.822998046875,456.83599853515625,454.7860107421875,455.6709899902344,37209000,2.143133023365203e-06,0.2481852436062743,408.20250427246094
2016-05-15,455.7590026855469,458.6919860839844,455.4590148925781,457.5679931640625,28514000,0.004154456691545624,0.24024795494047196,408.9672541809082
2016-05-16,457.58599853515625,458.20001220703125,452.94500732421875,454.1629943847656,59171500,-0.007469340532431954,0.24038086575222714,409.6687940979004
2016-05-17,454.0090026855469,455.0719909667969,453.6050109863281,453.7829895019531,64100300,-0.0008370650055065897,0.23714840968420503,410.29763397216794
2016-05-18,453.6910095214844,455.99798583984375,453.29901123046875,454.6189880371094,86850096,0.0018405921427778833,0.1690517731816545,410.9998989868164
2016-05-19,454.52398681640625,454.63299560546875,438.7149963378906,438.7149963378906,96027400,-0.035609688044568585,0.20819696672287694,411.5663189697266
2016-05-20,437.7929992675781,444.0539855957031,437.3890075683594,442.6759948730469,81987904,0.008988122730631124,0.204801005231032,411.9737539672852
2016-05-21,442.96600341796875,443.77801513671875,441.70599365234375,443.18798828125,42762300,0.0011559189106849438,0.19875195450305524,412.17260894775393
2016-05-22,443.2179870605469,443.427001953125,439.0350036621094,439.322998046875,39657600,-0.008759131625917297,0.19820553695232612,412.31140899658203
2016-05-23,439.3479919433594,444.3450012207031,438.822998046875,444.1549987792969,50582500,0.010938696675652637,0.19496760953874956,412.6004139709473
2016-05-24,444.2909851074219,447.1000061035156,443.92999267578125,445.9809875488281,65783100,0.004102724435104247,0.19018773176561907,412.9579689025879
2016-05-25,446.06201171875,450.2980041503906,446.06201171875,449.5989990234375,65231000,0.0080797499085015,0.19031912693135564,413.27355392456053
2016-05-26,449.6719970703125,453.6440124511719,447.89599609375,453.3840026855469,65203800,0.00838338224035434,0.1922140190506599,413.6736338806152
2016-05-27,453.52099609375,478.14898681640625,453.52099609375,473.4639892578125,164780992,0.04333640303418643,0.2278017643414527,414.13966888427734
2016-05-28,473.02899169921875,533.4730224609375,472.6990051269531,530.0399780273438,181199008,0.1128765764615354,0.4475415588779296,415.10577377319333
2016-05-29,527.4769897460938,553.9600219726562,512.1790161132812,526.2329711914062,148736992,-0.007208408249862471,0.44963853204549303,416.1815185546875
2016-05-30,528.4710083007812,544.3489990234375,522.9630126953125,533.864013671875,87958704,0.014397124792801783,0.45035310160086955,417.1600785827637
2016-05-31,534.1909790039062,546.6179809570312,520.6619873046875,531.385986328125,138450000,-0.0046524887371504585,0.4409567917269718,418.133243560791
2016-06-01,531.1069946289062,543.0800170898438,525.635986328125,536.9199829101562,86061800,0.010360414042520567,0.4408193448457565,419.15331344604493
2016-06-02,536.5150146484375,540.3519897460938,533.0780029296875,537.9719848632812,60378200,0.0019574102710910157,0.44116955886548775,420.2423434448242
2016-06-03,537.6820068359375,574.6380004882812,536.9199829101562,569.1939697265625,122020000,0.05641478580218467,0.47109457969485424,421.43455825805665
2016-06-04,569.7050170898438,590.1320190429688,564.2379760742188,572.7269897460938,94925296,0.006187873623703142,0.46982801073795494,422.62272323608397
2016-06-05,573.3079833984375,582.8079833984375,569.177978515625,574.9769897460938,68874096,0.003920876676725658,0.4698708830201002,423.824658203125
2016-06-06,574.6019897460938,586.469970703125,574.6019897460938,585.5369873046875,72138896,0.018199331047312053,0.4656374762135147,425.1215982055664
2016-06-07,585.4450073242188,590.2589721679688,567.5139770507812,576.5969848632812,107770000,-0.015385797185729206,0.47339293363075957,426.3944731140137
2016-06-08,577.1669921875,582.8389892578125,573.1300048828125,581.64501953125,80265800,0.008716773544990978,0.4722401645420789,427.6680632019043
2016-06-09,582.2030029296875,582.2030029296875,570.9509887695312,574.6300048828125,71301000,-0.012133965657505163,0.449017256003184,428.9185331726074
2016-06-10,575.8369750976562,579.1270141601562,573.3250122070312,577.469970703125,66991900,0.004930078348693751,0.4496767320787178,430.1906530761719
2016-06-11,578.6740112304688,607.1160278320312,578.6740112304688,606.7269897460938,82357000,0.04942247784544362,0.4649461182191596,431.62405807495117
2016-06-12,609.6840209960938,684.843994140625,607.0390014648438,672.7839965820312,277084992,0.10334540197584181,0.5477104670525437,433.3469480895996
2016-06-13,671.6539916992188,716.0040283203125,664.4869995117188,704.3759765625,243295008,0.045887949134431616,0.5535378020832584,435.1054080200195
2016-06-14,704.5040283203125,704.5040283203125,662.8040161132812,685.5590209960938,186694000,-0.02707767672920061,0.5762822174654504,436.7429931640625
2016-06-15,685.6849975585938,696.302978515625,672.5609741210938,694.468994140625,99223800,0.012912921843862118,0.5752146684061576,438.42843307495116
2016-06-16,696.5230102539062,773.7219848632812,696.5230102539062,766.3079833984375,271633984,0.09843663970118602,0.6326345580409158,440.40350296020506
2016-06-17,768.4869995117188,775.3560180664062,716.5560302734375,748.9089965820312,363320992,-0.02296667978803112,0.6498693408496841,442.2614428710938
2016-06-18,748.7559814453125,777.989990234375,733.9290161132812,756.2269897460938,252718000,0.009724105855091677,0.5597846412393731,444.2301377868652
2016-06-19,756.68798828125,766.6209716796875,745.6279907226562,763.781005859375,136184992,0.00993952443153728,0.553587827123538,446.2531077575684
2016-06-20,763.927001953125,764.083984375,732.7269897460938,737.2260131835938,174511008,-0.03538659489137982,0.5834330605162039,448.13400787353515
2016-06-21,735.8829956054688,735.8829956054688,639.0700073242188,666.6519775390625,309944000,-0.10062637470045903,0.7066465097570307,449.6513526916504
2016-06-22,665.9149780273438,678.6699829101562,587.4829711914062,596.1160278320312,266392992,-0.11183281125116834,0.8245447807042303,450.68718780517577
2016-06-23,597.4429931640625,629.3270263671875,558.1389770507812,623.9769897460938,253462000,0.04567816659395928,0.8363501923122371,451.8631578063965
2016-06-24,625.5750122070312,681.7269897460938,625.27197265625,665.2990112304688,224316992,0.06412308826311645,0.8424852243462041,453.2119728088379
2016-06-25,665.281005859375,691.7310180664062,646.5590209960938,665.1229858398438,126656000,-0.0002646158768267041,0.842901434381598,454.4597727966309
2016-06-26,665.9310302734375,665.97998046875,616.9340209960938,629.3670043945312,109225000,-0.05525740531723876,0.8702192406725865,455.51879287719726
2016-06-27,629.3489990234375,655.2750244140625,620.5239868164062,655.2750244140625,122134000,0.04034047275833968,0.8780189454015297,456.7177729797363
2016-06-28,658.1019897460938,659.2479858398438,637.7730102539062,647.0009765625,138384992,-0.012707228240071165,0.8772702750970833,457.6930879211426
2016-06-29,644.1220092773438,644.6820068359375,628.2839965820312,639.8900146484375,142456000,-0.01105149439629652,0.8790239267087148,458.71755294799806
2016-06-30,640.5910034179688,675.4030151367188,636.6079711914062,673.3369750976562,138980000,0.05094960079975523,0.8910238678867263,459.91546279907226
2016-07-01,672.5150146484375,686.1539916992188,669.593994140625,676.2960205078125,134431008,0.004384970078765935,0.891046052733334,461.07603286743165
2016-07-02,676.7340087890625,703.7020263671875,676.3989868164062,703.7020263671875,112354000,0.03972412820578125,0.8859184491097372,462.26793792724607
2016-07-03,704.968017578125,704.968017578125,649.0089721679688,658.6640014648438,129512000,-0.06614146528546334,0.8475392308756028,463.2865879821777
2016-07-04,658.8040161132812,683.6619873046875,650.5079956054688,683.6619873046875,92008400,0.03725008160035872,0.842027087691607,464.42450790405275
2016-07-05,683.208984375,683.4910278320312,665.0659790039062,670.6270141601562,130476000,-0.01925050808487774,0.839454716370032,465.4595629882813
2016-07-06,670.4180297851562,681.8980102539062,670.4180297851562,677.3309936523438,134960992,0.009946948982912429,0.8388958590796675,466.534608001709
2016-07-07,678.0900268554688,682.4320068359375,611.833984375,640.56201171875,258091008,-0.055814131448865864,0.7758902576164047,467.52399307250977
2016-07-08,640.68798828125,666.7069702148438,636.4669799804688,666.5230102539062,141970000,0.039728728712684167,0.791437643601322,468.6634130859375
2016-07-09,666.3839721679688,666.3839721679688,633.3989868164062,650.9600219726562,180536000,-0.023626432892050374,0.7917601032732975,469.7353532409668
2016-07-10,650.5989990234375,652.2940063476562,641.2639770507812,649.3599853515625,102532000,-0.002460990247984299,0.7895522763847437,470.7701481628418
2016-07-11,648.4840087890625,659.6290283203125,644.97998046875,647.6589965820312,107910000,-0.0026229218977028494,0.7832230580249924,471.73351821899416
2016-07-12,648.2830200195312,675.2589721679688,646.7789916992188,664.551025390625,138172992,0.025747344854117726,0.7101187788906502,472.7780082702637
2016-07-13,664.7969970703125,668.7000122070312,654.468017578125,654.468017578125,131449000,-0.015288944121917827,0.5868597184909784,473.96397842407225
2016-07-14,652.9229736328125,662.9019775390625,652.9229736328125,658.0780029296875,98511400,0.005500751056055478,0.5674765982769457,475.1402534484863
2016-07-15,659.1710205078125,667.0770263671875,659.0399780273438,663.2550048828125,81673104,0.007836069201630321,0.5221955306295684,476.3451335144043
2016-07-16,663.781005859375,666.4600219726562,659.333984375,660.7670288085938,50330200,-0.0037582138956780797,0.5223457010727934,477.48405364990236
2016-07-17,661.9929809570312,682.364990234375,661.9929809570312,679.458984375,74407904,0.02789554519918658,0.4905958221970649,478.7482485961914
2016-07-18,679.8090209960938,681.5549926757812,668.625,673.1060180664062,69465000,-0.009394022492954113,0.4736854981806488,479.9609437561035
2016-07-19,672.7379760742188,673.2769775390625,667.6320190429688,672.864013671875,61203300,-0.00035959849243671893,0.47101563231015403,481.15359375
2016-07-20,672.8060302734375,672.9290161132812,663.3599853515625,665.6849975585938,94636400,-0.01072666729204274,0.4709047147275256,482.31482879638673
2016-07-21,665.22802734375,666.218994140625,660.4149780273438,665.0120239257812,60491800,-0.0010114604291151619,0.4357757784555011,483.489833984375
2016-07-22,664.9219970703125,666.5830078125,646.7219848632812,650.6190185546875,134169000,-0.0218808756405852,0.4414575119105778,484.5774740600586
2016-07-23,650.7260131835938,656.3660278320312,648.5239868164062,655.5560302734375,69532200,0.007559530760042644,0.4166619539354081,485.6954542541504
2016-07-24,655.4099731445312,663.1099853515625,652.7930297851562,661.2849731445312,118184000,0.00870109451418649,0.34992021469138723,486.8563540649414
2016-07-25,661.2630004882812,661.8280029296875,653.39501953125,654.0969848632812,78176496,-0.010929235856856501,0.3245037671453307,487.8365989685059
2016-07-26,654.2260131835938,656.2249755859375,645.8790283203125,651.7839965820312,225135008,-0.0035424219096129757,0.31855413403659144,488.82936889648437
2016-07-27,651.6270141601562,657.4559936523438,648.447021484375,654.3519897460938,147460992,0.0039322038437801,0.31653986144888596,489.86307388305664
2016-07-28,654.4920043945312,657.594970703125,654.4920043945312,655.0349731445312,86428400,0.0010432110288771566,0.24773917277414462,490.898293762207
2016-07-29,655.1110229492188,657.7960205078125,654.7860107421875,656.9920043945312,60703500,0.002983220215594417,0.20438786636225356,491.94111373901364
2016-07-30,657.0120239257812,658.2230224609375,654.208984375,655.0469970703125,38456100,-0.0029648642255801294,0.18695640045307885,493.0378987121582
2016-07-31,655.0999755859375,655.2849731445312,624.364990234375,624.6810302734375,110818000,-0.04746581641342204,0.24977385657033138,493.99944885253905
2016-08-01,624.6019897460938,626.1190185546875,605.8839721679688,606.27197265625,121887000,-0.029912482748605147,0.2680644706066753,494.879278717041
2016-08-02,606.39697265625,612.8480224609375,531.333984375,547.4650268554688,330932992,-0.10203010339079038,0.4180332541235358,495.79494888305663
2016-08-03,548.656005859375,573.3599853515625,541.5469970703125,566.35498046875,207982000,0.033922473824015205,0.4430554160262455,496.6890437316895
2016-08-04,566.3289794921875,579.4959716796875,565.7769775390625,578.2890014648438,125292000,0.020852690662256746,0.4515730891620417,497.66899368286136
2016-08-05,578.281005859375,578.281005859375,569.9819946289062,575.0430297851562,66127900,-0.005628873840730598,0.4487166086386214,498.6083688354492
2016-08-06,575.030029296875,588.39599609375,569.468994140625,587.7780151367188,80797296,0.02190447893396618,0.45958021638303437,499.6465139770508
2016-08-07,587.77099609375,597.5130004882812,586.8159790039062,592.6900024414062,82398400,0.008322149488365755,0.44643319531323666,500.50881393432616
2016-08-08,592.7360229492188,592.9940185546875,588.0469970703125,591.0540161132812,61194100,-0.002764089776312475,0.4464835390086932,501.41277404785154
2016-08-09,591.0380249023438,591.0910034179688,584.7930297851562,587.801025390625,92228096,-0.005518912614127954,0.44599204165204365,502.439319152832
2016-08-10,587.6480102539062,599.9840087890625,586.3709716796875,592.10302734375,102905000,0.007292153979075189,0.448170422403498,503.4623793029785
2016-08-11,592.1240234375,597.5419921875,589.1199951171875,589.1199951171875,74514400,-0.005050762660932431,0.4478701811233378,504.39312423706053
2016-08-12,588.7979736328125,589.9099731445312,583.8109741210938,587.5590209960938,69218000,-0.0026531875140320326,0.4440922657037229,505.37228927612307
2016-08-13,587.3569946289062,589.7739868164062,584.97900390625,585.5880126953125,43563000,-0.003360209928904319,0.4418514771903061,506.339464263916
2016-08-14,585.5889892578125,585.666015625,564.781005859375,570.4730224609375,60851100,-0.0261506116650263,0.44434922608809,507.2169694519043
2016-08-15,570.4940185546875,573.5800170898438,563.239990234375,567.239990234375,57262300,-0.005683403271326991,0.44414137459169917,508.15172439575196
2016-08-16,567.2429809570312,581.7379760742188,566.7160034179688,577.4390258789062,58405200,0.017820376550905882,0.4521983023088757,509.1415495300293
2016-08-17,577.760986328125,580.8939819335938,571.4299926757812,573.2160034179688,54443000,-0.00734023893252839,0.4508357406074355,510.1163545227051
2016-08-18,573.7069702148438,577.7919921875,573.4299926757812,574.3179931640625,59896600,0.001920622984812707,0.4510261129303218,511.1441094970703
2016-08-19,574.3389892578125,578.2379760742188,574.1820068359375,575.6300048828125,50631600,0.0022818636847428365,0.45085147529411373,512.1569795227051
2016-08-20,576.083984375,582.8179931640625,575.4569702148438,581.697021484375,45301400,0.010484628874761412,0.45449596523930996,513.1932246398926
2016-08-21,581.9390258789062,584.1580200195312,580.218017578125,581.3079833984375,38299400,-0.0006690222291649347,0.4284149409622912,514.25001953125
2016-08-22,581.3109741210938,588.447998046875,580.593994140625,586.7529907226562,72844000,0.00932322350619505,0.4193150254755763,515.2358145141602
2016-08-23,586.77099609375,589.4739990234375,581.6339721679688,583.4149780273438,85349200,-0.005705201028606711,0.2080456227535055,516.2201443481446
2016-08-24,583.4119873046875,583.5900268554688,579.85498046875,580.1820068359375,56328200,-0.00555687158466975,0.17677868217871093,517.238444366455
2016-08-25,580.1799926757812,580.4509887695312,575.1669921875,577.760986328125,136130000,-0.004181594516967547,0.16229815962334393,518.2441493225098
2016-08-26,577.7529907226562,580.6229858398438,576.8579711914062,579.6510009765625,48856800,0.0032659352920632904,0.16136340028441026,519.2751693725586
2016-08-27,579.4520263671875,579.844970703125,568.6300048828125,569.947021484375,59698300,-0.016882788233942674,0.15183137309373274,520.2447595214844
2016-08-28,569.8300170898438,574.0380249023438,569.739990234375,573.9119873046875,86301600,0.006932640596471534,0.15077520772554057,521.2060745239257
2016-08-29,574.0709838867188,576.2780151367188,573.4650268554688,574.1069946289062,110398000,0.00033972840024976483,0.1508392702354644,522.1783395385742
2016-08-30,574.114013671875,578.3569946289062,574.114013671875,577.5029907226562,70342400,0.005897840381638802,0.1520767819764959,523.1445394897461
2016-08-31,577.5910034179688,577.8610229492188,573.6420288085938,575.4719848632812,75840896,-0.0035230737927989374,0.14937923929242747,524.0625994873047
2016-09-01,575.5460205078125,576.3109741210938,571.8140258789062,572.302978515625,76923400,-0.005522013463223132,0.14953491669723,524.8879643249512
2016-09-02,572.4099731445312,575.6430053710938,570.8109741210938,575.5369873046875,79910800,0.005634962090118573,0.15138991802390278,525.7647242736816
2016-09-03,575.5549926757812,599.5,574.0560302734375,598.2119750976562,159014000,0.03864166859006237,0.20389745415499086,526.7183441162109
2016-09-04,598.5900268554688,611.8369750976562,596.8480224609375,608.6339721679688,97942896,0.017271891548303744,0.1856710358351796,527.6799040222168
2016-09-05,608.989990234375,609.0549926757812,602.2420043945312,606.5900268554688,82446800,-0.003363902032143534,0.18446100673750535,528.6009892272949
2016-09-06,606.5059814453125,610.8300170898438,605.0910034179688,610.4359741210938,78529104,0.006320259493133727,0.17712730558096426,529.5492440795898
2016-09-07,610.572998046875,614.5449829101562,608.5130004882812,614.5440063476562,75032400,0.0067071261444615286,0.173801272835211,530.4361441040039
2016-09-08,614.635009765625,628.77001953125,613.843994140625,626.3159790039062,86713000,0.01897446284342963,0.18192740606850913,531.3737339782715
2016-09-09,626.3519897460938,626.8300170898438,620.2630004882812,622.8610229492188,64550200,-0.00553158577042357,0.1849149291430814,532.2992991638183
2016-09-10,622.927001953125,625.094970703125,622.39501953125,623.5089721679688,45016800,0.0010397382473276812,0.18347292105839536,533.3131640625
2016-09-11,623.4240112304688,628.8179931640625,600.5059814453125,606.718994140625,73610800,-0.027297413260301932,0.21175019781748547,534.2219841003418
2016-09-12,607.0050048828125,608.458984375,605.4110107421875,608.2429809570312,72812304,0.0025087001024223436,0.21010528497881725,535.1404789733887
2016-09-13,608.0250244140625,611.1929931640625,606.9249877929688,609.2410278320312,86920600,0.0016395239549115224,0.20837125390198374,536.0259240722656
2016-09-14,608.8410034179688,611.9520263671875,608.4099731445312,610.6840209960938,47877700,0.0023657090055393985,0.2065201217708501,536.9167491149902
2016-09-15,610.5880126953125,611.0859985351562,607.155029296875,607.155029296875,59464600,-0.00579551390802684,0.20724651657889534,537.7850042724609
2016-09-16,607.2459716796875,609.260986328125,606.7349853515625,606.9730224609375,64963400,-0.0002998148952037711,0.20741880915488703,538.6313844299316
2016-09-17,607.218017578125,607.8599853515625,605.1920166015625,605.9840087890625,37140300,-0.001630748436377438,0.19616869998241646,539.4856895446777
2016-09-18,606.2830200195312,610.1580200195312,605.8560180664062,609.8740234375,48679400,0.006398819300182159,0.19603977381230225,540.4151145935059
2016-09-19,609.8709716796875,610.9320068359375,608.27001953125,609.2269897460938,54796400,-0.0010614932563648425,0.19632970049141052,541.3529945373535
2016-09-20,609.2540283203125,609.5250244140625,607.93798828125,608.31201171875,72710896,-0.0015029961233066263,0.1965451020409256,542.3398596191406
2016-09-21,603.5880126953125,603.5880126953125,595.8829956054688,597.1489868164062,82776200,-0.018521286090436524,0.2087973246906999,543.3227545166015
2016-09-22,597.2789916992188,598.4869995117188,596.2130126953125,596.2979736328125,67085300,-0.0014261435254936741,0.20747514975212075,544.2657093811035
2016-09-23,596.198974609375,603.2050170898438,595.7860107421875,602.8419799804688,51067000,0.010914608078408126,0.2094515085539855,545.2083142089843
2016-09-24,602.9609985351562,604.5800170898438,602.0449829101562,602.625,35359500,-0.0003599932414831772,0.16221648372980849,546.151579284668
2016-09-25,602.7490234375,603.3809814453125,599.7109985351562,600.8259887695312,33977800,-0.0029897562714503566,0.15033426271427466,547.0814093017578
2016-09-26,600.8070068359375,608.1430053710938,600.3489990234375,608.0430297851562,59153800,0.011940295680517948,0.15604740976163586,548.0359693908691
2016-09-27,608.02197265625,608.2479858398438,604.1099853515625,606.166015625,49422400,-0.0030917504072912475,0.15473135178203687,548.9583494567871
2016-09-28,606.2429809570312,606.5900268554688,604.6069946289062,604.72802734375,48722600,-0.0023750863514084876,0.1527090542878496,549.9238696289062
2016-09-29,605.0189819335938,606.823974609375,604.8480224609375,605.6929931640625,55658600,0.001594430381482155,0.13527249739719815,550.8820095825196
2016-09-30,605.7150268554688,609.7349853515625,604.1420288085938,609.7349853515625,56122400,0.006651166765530886,0.1373715236530446,551.8484945678711
2016-10-01,609.9290161132812,615.2369995117188,609.9290161132812,613.9829711914062,56357000,0.006942781023424133,0.1399808172800512,552.8342594909668
2016-10-02,613.947998046875,614.0050048828125,609.6820068359375,610.8920288085938,39249800,-0.005046962251341239,0.10315391747129916,553.8036647033691
2016-10-03,610.968017578125,612.5679931640625,610.4550170898438,612.1329956054688,46798300,0.002029340688839957,0.10303944047253824,554.7612246704101
2016-10-04,612.052001953125,612.0540161132812,609.47900390625,610.2039794921875,49801600,-0.003156278103337991,0.10359376506649615,555.7645045471191
2016-10-05,610.218017578125,613.8140258789062,609.6170043945312,612.510986328125,68077504,0.0037735852395111976,0.10409955384454261,556.7748394775391
2016-10-06,612.469970703125,613.8189697265625,611.468994140625,613.02099609375,56812100,0.0008323076058103856,0.10184361451826715,557.7711694335937
2016-10-07,612.6079711914062,617.9119873046875,611.8209838867188,617.1209716796875,64071400,0.0066658822718955795,0.10402583551534342,558.7902392578125
2016-10-08,617.3410034179688,619.8489990234375,617.3410034179688,619.1079711914062,42345900,0.003214616894831762,0.10395950188326672,559.7953341674805
2016-10-09,619.1719970703125,619.197998046875,616.6069946289062,616.7520141601562,39243400,-0.0038126647243284764,0.10331900686260392,560.7888893127441
2016-10-10,616.822021484375,621.3179931640625,616.197021484375,618.9940185546875,67481104,0.0036285883913862423,0.10368319405143825,561.8018893432617
2016-10-11,619.2379760742188,642.0800170898438,618.5,641.072021484375,103590000,0.035046199059068035,0.15715739072496057,562.921364440918
2016-10-12,640.8709716796875,641.3369750976562,635.9650268554688,636.1920166015625,92370200,-0.007641377949793359,0.14267456999223224,564.0125994873047
2016-10-13,636.030029296875,638.8330078125,635.0289916992188,636.7860107421875,61620700,0.0009332355641282225,0.1419814268280398,565.0627044677734
2016-10-14,637.0079956054688,641.2849731445312,637.0079956054688,640.3779907226562,58144600,0.005624946282864251,0.13948682320287098,566.1434394836426
2016-10-15,640.3109741210938,642.1019897460938,637.3900146484375,638.64599609375,39035400,-0.0027083083748717296,0.1404075073918813,567.2540895080566
2016-10-16,639.0830078125,642.8980102539062,638.9010009765625,641.6309814453125,40298100,0.004663039034061375,0.13895083386128654,568.3881643676758
2016-10-17,641.8179931640625,642.3280029296875,638.6630249023438,639.1929931640625,58063600,-0.003806910666839414,0.13706358464652157,569.5004843139649
2016-10-18,639.4110107421875,640.7360229492188,635.9959716796875,637.9600219726562,65546700,-0.0019308126118640864,0.13653771204885487,570.6004844665528
2016-10-19,638.1339721679688,638.8740234375,628.0130004882812,630.52001953125,69381696,-0.011730713161854736,0.14431481327714954,571.6487196350098
2016-10-20,630.6630249023438,631.9169921875,628.2579956054688,630.8569946289062,56957300,0.0005342972035953977,0.14439802383370162,572.6984846496582
2016-10-21,630.8250122070312,634.093994140625,630.6939697265625,632.8280029296875,55951000,0.0031194639533134627,0.1434609054842757,573.755404663086
2016-10-22,633.135986328125,658.197021484375,632.8499755859375,657.2940063476562,78556496,0.037932748741517315,0.19011859227995978,574.9217247009277
2016-10-23,657.6209716796875,661.1290283203125,653.885986328125,657.0709838867188,54474600,-0.00033936153919938793,0.1882212006020766,576.0900146484375
2016-10-24,657.1610107421875,657.2520141601562,652.594970703125,653.760986328125,62218200,-0.0050502347652334224,0.19048806202005086,577.2450946044922
2016-10-25,654.0020141601562,664.4240112304688,653.697998046875,657.5880126953125,90378800,0.00583679437741284,0.1892905274515141,578.4312896728516
2016-10-26,657.677978515625,679.72802734375,657.677978515625,678.3040161132812,88877104,0.03101697407941272,0.21185640471544426,579.7257546997071
2016-10-27,678.2139892578125,688.593994140625,678.0399780273438,688.31298828125,96105296,0.014648070528238745,0.2139436571403806,581.0594996643066
2016-10-28,688.0,690.4439697265625,684.1619873046875,689.6510009765625,81145504,0.0019420146335618082,0.21424946183036583,582.3953396606445
2016-10-29,690.2890014648438,720.4019775390625,690.052001953125,714.47900390625,134760992,0.035367937275241255,0.23796234078660353,583.8417846679688
2016-10-30,714.1179809570312,714.1179809570312,696.4749755859375,701.864013671875,100665000,-0.017813938679665752,0.2504614844470863,585.2324346923829
2016-10-31,702.6400146484375,709.2890014648438,691.6820068359375,700.9719848632812,97064400,-0.0012717508386612868,0.2516569128520947,586.615884552002
2016-11-01,701.3369750976562,736.4520263671875,701.3369750976562,729.7930297851562,130527000,0.04029305139626144,0.25983131401737725,588.1162846374511
2016-11-02,730.0659790039062,740.8289794921875,722.3489990234375,740.8289794921875,84865200,0.015008828651200042,0.25648397130625444,589.6675695800782
2016-11-03,742.3460083007812,745.7730102539062,678.156005859375,688.7000122070312,172808000,-0.07296402147635615,0.37825725098237556,590.9740747070313
2016-11-04,689.1240234375,706.9299926757812,685.56298828125,703.2349853515625,99907696,0.020885316495602286,0.3828851610596299,592.3472946166992
2016-11-05,703.5250244140625,707.510009765625,697.739013671875,703.4180297851562,53752300,0.00026025527640044494,0.38232270088521053,593.6868397521972
2016-11-06,703.81201171875,714.2579956054688,699.5599975585938,711.52197265625,59902200,0.011454947164834677,0.3830600328647865,595.0375045776367
2016-11-07,710.7360229492188,710.7360229492188,699.9030151367188,703.1309814453125,65047100,-0.011863106911188161,0.3863757567650219,596.3060345458985
2016-11-08,703.0889892578125,712.9869995117188,702.3900146484375,709.8480224609375,79660800,0.009507701949810892,0.3859936914925459,597.6265896606445
2016-11-09,709.8250122070312,740.0460205078125,708.6099853515625,723.2730102539062,132429000,0.018735864175560887,0.3836921153387801,598.9915446472168
2016-11-10,722.843994140625,723.0180053710938,711.2100219726562,715.5339965820312,68807800,-0.010757646118391773,0.3878883471304457,600.276439666748
2016-11-11,715.5549926757812,718.3179931640625,714.4099731445312,716.4110107421875,63119700,0.0012249273056294976,0.38812092274475946,601.5513647460938
2016-11-12,716.7520141601562,717.1480102539062,704.0349731445312,705.0540161132812,64622500,-0.015979621136042624,0.37683815981526425,602.746189880371
2016-11-13,705.1959838867188,705.2570190429688,687.3150024414062,702.031005859375,80318096,-0.004296847536326436,0.37757368955247733,604.0329098510742
2016-11-14,701.9970092773438,706.2839965820312,699.8079833984375,705.02099609375,62993000,0.004250013120779194,0.3764008126446237,605.3129598999024
2016-11-15,705.7940063476562,715.718017578125,705.260009765625,711.6190185546875,72038496,0.00931509784055172,0.37685447324936144,606.5955700683594
2016-11-16,711.1669921875,747.614990234375,709.0390014648438,744.197998046875,141294000,0.04476444393221426,0.3920841053417943,608.0749700927735
2016-11-17,744.8759765625,755.64501953125,739.510986328125,740.9769897460938,108579000,-0.00433755399513024,0.3913558826853545,609.5204800415039
2016-11-18,740.7050170898438,752.8820190429688,736.8900146484375,751.5850219726562,87363104,0.014214767311386753,0.3930416033308592,611.0550601196289
2016-11-19,751.8330078125,756.2369995117188,744.4669799804688,751.6160278320312,110608000,4.125311033206099e-05,0.3763208330758998,612.5616203308106
2016-11-20,751.8790283203125,755.47998046875,717.9439697265625,731.0260009765625,154116000,-0.02777656409281962,0.3845601930806818,613.983140411377
2016-11-21,731.2650146484375,741.7219848632812,730.510009765625,739.2479858398438,60802400,0.011184405960807617,0.385669181095114,615.4395002746583
2016-11-22,739.6430053710938,753.8699951171875,736.5269775390625,751.3469848632812,129906000,0.016234141375310433,0.36440713819710935,616.8982202148437
2016-11-23,751.7410278320312,752.25,738.9240112304688,744.593994140625,76543800,-0.009028479985516568,0.36259370040855565,618.328510131836
2016-11-24,744.6199951171875,746.8319702148438,733.489990234375,740.2890014648438,85919296,-0.005798443042807149,0.2484014702252513,619.7372151184082
2016-11-25,740.4420166015625,741.6489868164062,734.5910034179688,741.6489868164062,67807600,0.0018354151713557891,0.2401732766522988,621.1430450439453
2016-11-26,741.510986328125,742.2139892578125,729.625,735.3820190429688,54962700,-0.00848594966017769,0.24310901796197668,622.5654801940918
2016-11-27,735.43701171875,739.0180053710938,731.0850219726562,732.0349731445312,52601800,-0.004561827647718748,0.24168384591245634,623.9620150756836
2016-11-28,732.4840087890625,738.0059814453125,732.4840087890625,735.81298828125,61888600,0.005147704093007552,0.23710320404904314,625.3672500610352
2016-11-29,736.3289794921875,737.4710083007812,734.5590209960938,735.60400390625,68511104,-0.0002840586693164628,0.23570376505965432,626.7669200134277
2016-11-30,736.2839965820312,747.9290161132812,736.2650146484375,745.6909790039062,84070800,0.013619341360082256,0.23167543237486243,628.217019958496
2016-12-01,746.0460205078125,758.2750244140625,746.0460205078125,756.7739868164062,80461904,0.014753367423404079,0.23158787734067998,629.7130499267578
2016-12-02,757.5449829101562,781.2960205078125,757.5449829101562,777.9439697265625,127605000,0.02758985869159421,0.2470126510805237,631.3319548034668
2016-12-03,778.2479858398438,778.2479858398438,764.8560180664062,771.155029296875,69547296,-0.008765074276257324,0.24087604144235086,632.9188150024414
2016-12-04,771.6380004882812,773.8720092773438,768.1610107421875,773.8720092773438,60557900,0.0035170682626715884,0.23888818841579085,634.5150801086426
2016-12-05,773.3939819335938,773.468017578125,751.7130126953125,758.7000122070312,106363000,-0.019800038791605978,0.2534649145315719,636.1150051879882
2016-12-06,758.719970703125,765.6220092773438,758.719970703125,764.2239990234375,116218000,0.007254480199637271,0.2529686803903345,637.7227452087402
2016-12-07,764.2109985351562,771.5430297851562,759.75,768.1320190429688,96426096,0.005100679537056672,0.20377183358385656,639.3474653625489
2016-12-08,768.0759887695312,774.697998046875,765.9459838867188,770.8099975585938,80111904,0.0034802886525932436,0.2027433855634415,641.0049003601074
2016-12-09,769.9439697265625,774.5280151367188,769.6489868164062,772.7940063476562,68705296,0.00257062028419703,0.19776851502373016,642.6480953979492
2016-12-10,773.0230102539062,777.0919799804688,772.9099731445312,774.6500244140625,53843100,0.002398818851631832,0.19774429363367332,644.2914405822754
2016-12-11,774.7520141601562,774.7979736328125,765.4119873046875,769.7310180664062,57313400,-0.006370219326260213,0.16983049847577283,645.8921006774902
2016-12-12,770.0399780273438,781.9219970703125,770.0399780273438,780.0869750976562,76571000,0.013364293370413102,0.17140261945342436,647.5256155395508
2016-12-13,780.64697265625,788.4600219726562,777.9619750976562,780.5560302734375,81645600,0.0006011050423324342,0.16408784937561352,649.0610757446289
2016-12-14,780.0050048828125,782.0339965820312,776.8389892578125,781.4810180664062,75979000,0.0011843354190241068,0.15932808291735578,650.3182809448242
2016-12-15,780.0700073242188,781.4349975585938,777.802001953125,778.0880126953125,81580096,-0.004351215826299784,0.15847753932258354,651.5775561523437
2016-12-16,778.9630126953125,785.031982421875,778.9630126953125,784.906982421875,83608200,0.008725572393616902,0.15997425087493694,652.8327709960937
2016-12-17,785.166015625,792.5089721679688,784.864013671875,790.8289794921875,78989800,0.00751651938548553,0.1554157218605929,654.129985961914
2016-12-18,791.0079956054688,794.7369995117188,788.0260009765625,790.530029296875,60524400,-0.00037809276351838595,0.15335641254450597,655.3980361938477
2016-12-19,790.6920166015625,793.6110229492188,790.3200073242188,792.7139892578125,74886400,0.0027588436407261544,0.15328781560074467,656.6717462158203
2016-12-20,792.2470092773438,801.3369750976562,791.4970092773438,800.8759765625,99629296,0.010243612033812419,0.1543073993557733,657.83015625
2016-12-21,800.6439819335938,834.281005859375,799.405029296875,834.281005859375,155576000,0.04086418376144389,0.1982154013838168,659.1379263305664
2016-12-22,834.1799926757812,875.781982421875,834.1489868164062,864.5399780273438,200027008,0.035627265068141116,0.2224109711191317,660.5857412719727
2016-12-23,864.8880004882812,925.1170043945312,864.677001953125,921.9840087890625,275564000,0.06433033120214732,0.29212958252289395,662.2679763793946
2016-12-24,922.1799926757812,923.47900390625,886.3350219726562,898.822021484375,137727008,-0.02544283836463343,0.30945270861340507,663.8791015625
2016-12-25,899.6519775390625,899.6519775390625,862.4240112304688,896.1829833984375,143664992,-0.0029404263277360136,0.3112493421456517,665.451791381836
2016-12-26,896.905029296875,913.1840209960938,896.8980102539062,907.6099853515625,123771000,0.012670140107804989,0.29598820159719336,667.1166912841796
2016-12-27,908.35400390625,940.0479736328125,904.2550048828125,933.197998046875,167308000,0.027802640113682216,0.3033369839672208,668.8953314208984
2016-12-28,934.8309936523438,975.9210205078125,934.8309936523438,975.9210205078125,236630000,0.04476426663918266,0.3263162604722705,670.741301574707
2016-12-29,975.125,979.39697265625,954.5029907226562,973.4970092773438,199320000,-0.0024869088545919683,0.32878663060790975,672.2448666381836
2016-12-30,972.5349731445312,972.5349731445312,934.8330078125,961.2379760742188,187474000,-0.01267274056710545,0.3378932330465977,673.5291766357421
2016-12-31,960.6270141601562,963.7429809570312,947.2360229492188,963.7429809570312,99135104,0.002602629691136565,0.3378332246362802,674.9200964355468
2017-01-01,963.6580200195312,1003.0800170898438,958.698974609375,998.3250122070312,147775008,0.035254245031351175,0.34253595541422777,676.4393765258789
2017-01-02,998.6170043945312,1031.3900146484375,996.7020263671875,1021.75,222184992,0.0231932356156819,0.3445769808523185,677.7165866088867
2017-01-03,1021.5999755859375,1044.0799560546875,1021.5999755859375,1043.8399658203125,185168000,0.021389344804024595,0.34278555877079464,679.1912414550782
2017-01-04,1044.4000244140625,1159.4200439453125,1044.4000244140625,1154.72998046875,344945984,0.10096034523200412,0.45292641420640567,681.1837564086914
2017-01-05,1156.72998046875,1191.0999755859375,910.4169921875,1013.3800048828125,510199008,-0.1305752503587256,0.6850628360921818,682.4317514038086
2017-01-06,1014.239990234375,1046.81005859375,883.9439697265625,902.2009887695312,351876000,-0.1162092411941805,0.8177742548940121,683.2566262817382
2017-01-07,903.4869995117188,908.5850219726562,823.5560302734375,908.5850219726562,279550016,0.007051147530085599,0.8177695016263863,684.4662915039063
2017-01-08,908.1749877929688,942.7239990234375,887.2490234375,911.198974609375,158715008,0.002872818355796807,0.8174969763679641,686.0417062377929
2017-01-09,913.2440185546875,913.6859741210938,879.8070068359375,902.8280029296875,141876992,-0.00922922448476417,0.8192899504846634,687.4359613037109
2017-01-10,902.4400024414062,914.8729858398438,901.0599975585938,907.6790161132812,115808000,0.005358747291348979,0.8191604472457361,688.647861328125
2017-01-11,908.114990234375,919.447998046875,762.7650146484375,777.7570190429688,310928992,-0.154476649076822,0.9783185430786023,689.2110314941406
2017-01-12,775.177978515625,826.2459716796875,755.7559814453125,804.833984375,222326000,0.03422186501689435,0.977625070518027,690.088366394043
2017-01-13,803.7369995117188,829.0009765625,780.0029907226562,823.9840087890625,168968000,0.0235150973517181,0.9518770134037979,690.931911315918
2017-01-14,825.1420288085938,835.0850219726562,812.4559936523438,818.4119873046875,93063296,-0.006785261137378217,0.9491051791718045,691.788966369629
2017-01-15,818.1420288085938,823.3070068359375,812.8709716796875,821.7979736328125,71013600,0.00412872890504259,0.9495638575633438,692.6985061645507
2017-01-16,821.7830200195312,834.530029296875,820.27099609375,831.5339965820312,82755200,0.011777592965049231,0.9493699452924281,693.4894912719726
2017-01-17,830.9459838867188,910.5609741210938,830.7960205078125,907.93798828125,155095008,0.08790389778017535,0.99652971110265,694.6477011108399
2017-01-18,909.3729858398438,917.4990234375,858.3040161132812,886.6179809570312,225676992,-0.023761878519635897,0.9848164035345213,695.5622808837891
2017-01-19,888.3350219726562,904.614013671875,884.3380126953125,899.072998046875,105625000,0.013950027432390346,0.9868982783833226,696.7643258666992
2017-01-20,898.1719970703125,899.3980102539062,887.0079956054688,895.0260009765625,86728400,-0.00451146111407703,0.9863772326344257,697.8211459350586
2017-01-21,895.5490112304688,927.3670043945312,895.5349731445312,921.7890014648438,111158000,0.029463579406780675,0.9928042791612318,699.0769558715821
2017-01-22,922.2050170898438,937.5250244140625,897.5640258789062,924.6729736328125,116573000,0.003123784353016916,0.9837620256117144,700.3136657714844
2017-01-23,925.4990234375,928.2659912109375,916.7379760742188,921.0120239257812,73588600,-0.003967041519035664,0.9789114875799143,701.7159158325195
2017-01-24,910.677001953125,924.14501953125,892.2860107421875,892.68701171875,111349000,-0.031237062820323513,0.9780495096840645,702.8467358398437
2017-01-25,891.9240112304688,903.2520141601562,891.68701171875,901.5419921875,120831000,0.00987059326696027,0.8984986601922924,704.099645690918
2017-01-26,902.39501953125,919.3259887695312,902.2239990234375,917.5859985351562,131958000,0.017639684998950036,0.7919808627420748,705.4407757568359
2017-01-27,918.3590087890625,923.2230224609375,915.8460083007812,919.75,125594000,0.0023555870752018566,0.680323045578465,706.8012307739258
2017-01-28,919.8109741210938,923.9110107421875,919.8109741210938,921.5900268554688,68979600,0.0019985743437936853,0.6799741207073663,708.08642578125
2017-01-29,922.0670166015625,923.4180297851562,919.1480102539062,919.4959716796875,60851700,-0.0022748052839063494,0.679998462118581,709.4115655517578
2017-01-30,920.1510009765625,923.0479736328125,919.4739990234375,920.3820190429688,78227296,0.0009631589010205876,0.6790899433057229,710.7230856323242
2017-01-31,920.958984375,972.0189819335938,920.958984375,970.4030151367188,164582000,0.052922642786310134,0.7025916154747399,712.2588256835937
2017-02-01,970.9409790039062,989.114013671875,970.7420043945312,989.0230102539062,150110000,0.019006132801864053,0.4068707749160706,713.9001055908203
2017-02-02,990.0009765625,1013.52001953125,983.2210083007812,1011.7999877929688,145820992,0.022768592259201456,0.4006787623577773,715.5618106079102
2017-02-03,1011.4600219726562,1033.8699951171875,1008.7899780273438,1029.9100341796875,201278000,0.01774054215906327,0.39888286176299154,717.3458306884766
2017-02-04,1031.3299560546875,1045.9000244140625,1015.1599731445312,1042.9000244140625,155064000,0.012533864584718972,0.39384182111791277,719.1960107421875
2017-02-05,1043.52001953125,1043.6300048828125,1022.3699951171875,1027.3399658203125,114208000,-0.015032413323470606,0.40385274943808,721.0042855834961
2017-02-06,1028.4000244140625,1044.6400146484375,1028.1600341796875,1038.1500244140625,111762000,0.010467402259395613,0.40383134873256205,722.8699755859375
2017-02-07,1040.1400146484375,1061.9300537109375,1040.1400146484375,1061.3499755859375,146007008,0.022101353214739453,0.2946164325223334,724.9236303710937
2017-02-08,1062.3199462890625,1078.969970703125,1037.489990234375,1063.0699462890625,201855008,0.0016192383259246404,0.27308612812334615,726.9611999511719
2017-02-09,1064.699951171875,1088.989990234375,953.343994140625,994.3829956054688,407220000,-0.06679373711864839,0.3768450131384402,728.6266900634765
2017-02-10,995.6320190429688,998.905029296875,946.6909790039062,988.6740112304688,190452000,-0.005757777136341599,0.3772574553988116,730.2995751953125
2017-02-11,988.8980102539062,1009.2899780273438,982.8300170898438,1004.4500122070312,102261000,0.015830756402559893,0.3688621140991645,732.0629052734375
2017-02-12,1003.52001953125,1004.760009765625,996.9210205078125,999.1810302734375,67530000,-0.005259445444450886,0.3702791000951516,733.7870504760742
2017-02-13,998.885009765625,1002.0999755859375,976.0020141601562,990.6420288085938,100607000,-0.008582726834247316,0.3718237886156069,735.4650857543945
2017-02-14,991.7349853515625,1011.510009765625,986.4710083007812,1004.5499877929688,137946000,0.013941699990017325,0.3510436840499799,737.2028756713867
2017-02-15,1006.2100219726562,1008.8400268554688,1001.5800170898438,1007.47998046875,89759400,0.0029124762485075646,0.35081000473047386,738.9650405883789
2017-02-16,1007.6500244140625,1033.3699951171875,1007.6500244140625,1027.43994140625,122277000,0.019618070354985556,0.3517531794677648,740.9788351440429
2017-02-17,1026.1199951171875,1053.1700439453125,1025.6400146484375,1046.2099609375,136474000,0.018103858479592574,0.3542658094248689,743.1785250854492
2017-02-18,1049.2099609375,1061.0999755859375,1046.9599609375,1054.4200439453125,99073504,0.007816821423608265,0.3539831328784338,745.7133001708985
2017-02-19,1054.760009765625,1056.81005859375,1043.4599609375,1047.8699951171875,77423296,-0.006231366653728313,0.35546870739948866,748.1208752441406
2017-02-20,1048.68994140625,1080.489990234375,1041.68994140625,1079.97998046875,109478000,0.03018297661805735,0.36432174134361867,750.6293301391602
2017-02-21,1079.280029296875,1117.25,1076.9300537109375,1115.300048828125,186868992,0.03218096643729992,0.33795106702768657,753.330615234375
2017-02-22,1114.800048828125,1125.3900146484375,1100.550048828125,1117.43994140625,136100000,0.0019168315546742576,0.33523779883751237,755.9789248657227
2017-02-23,1117.27001953125,1176.6199951171875,1116.9599609375,1166.719970703125,189454000,0.043156065604358626,0.35508200058805256,758.8490747070313
2017-02-24,1172.7099609375,1200.3900146484375,1131.9599609375,1173.6800537109375,330759008,0.005947789654449995,0.3528399631476788,761.7622048950195
2017-02-25,1170.4100341796875,1174.8499755859375,1124.5899658203125,1143.8399658203125,139960992,-0.025753164457221128,0.3687782456327268,764.542399597168
2017-02-26,1144.27001953125,1167.469970703125,1130.199951171875,1165.199951171875,116486000,0.01850171104290626,0.36478879769314454,767.4078842163086
2017-02-27,1163.780029296875,1181.97998046875,1163.3800048828125,1179.969970703125,131570000,0.012596285399297639,0.3651919003434892,770.3621340942383
2017-02-28,1180.719970703125,1193.25,1171.8199462890625,1179.969970703125,184956000,0.0,0.36098944796424204,773.3241888427734
2017-03-01,1180.0400390625,1222.5,1179.68994140625,1222.5,229056992,0.03540895276981042,0.37562905355754195,776.5087487792969
2017-03-02,1224.6800537109375,1262.1300048828125,1215.6199951171875,1251.010009765625,368275008,0.023053290497243882,0.2677132501398227,779.9114337158203
2017-03-03,1250.7099609375,1280.31005859375,1250.7099609375,1274.989990234375,315739008,0.018987094918869202,0.2619360091270554,783.4501837158203
2017-03-04,1277.4300537109375,1279.4000244140625,1230.510009765625,1255.1500244140625,183270000,-0.015683220977968794,0.278520935529717,786.8387387084961
2017-03-05,1254.2900390625,1267.2900390625,1238.06005859375,1267.1199951171875,134127000,0.00949149811352054,0.2725543201522495,790.3082586669922
2017-03-06,1267.469970703125,1276.0,1264.5999755859375,1272.8299560546875,153656992,0.00449612840115088,0.26416144725143303,793.8008184814453
2017-03-07,1273.2099609375,1275.550048828125,1204.800048828125,1223.5400390625,291256000,-0.039494404934135224,0.3183468270487942,797.0403686523438
2017-03-08,1223.22998046875,1232.1600341796875,1148.0799560546875,1150.0,332603008,-0.06198638601041199,0.40309078164041023,799.8818835449218
2017-03-09,1150.3499755859375,1197.4599609375,1141.22998046875,1188.489990234375,212283008,0.032921643223535656,0.41118210807892525,802.9177935791016
2017-03-10,1189.3599853515625,1270.469970703125,1077.25,1116.719970703125,563795968,-0.062287794611083476,0.47328194831186265,805.5676284790039
2017-03-11,1116.3199462890625,1193.8299560546875,1116.3199462890625,1175.8299560546875,283320000,0.05157845284233942,0.5021673560593994,808.5297033691406
2017-03-12,1176.6199951171875,1226.97998046875,1175.3599853515625,1221.3800048828125,227176000,0.03800712718862541,0.5127614302217142,811.735693359375
2017-03-13,1221.780029296875,1237.3699951171875,1217.030029296875,1231.9200439453125,380276992,0.008592592591656786,0.506029523664007,815.006488647461
2017-03-14,1232.1600341796875,1244.81005859375,1220.719970703125,1240.0,245306000,0.006537416006712844,0.4972038553545316,818.3082336425781
2017-03-15,1240.1600341796875,1251.6099853515625,1239.75,1249.6099853515625,297804992,0.0077201112927306964,0.4971499170195703,821.706548461914
2017-03-16,1251.3299560546875,1257.97998046875,1152.43994140625,1187.81005859375,638568000,-0.05072016609052072,0.5132357733398701,824.7760388183593
2017-03-17,1180.1600341796875,1180.1600341796875,1099.5699462890625,1100.22998046875,706598976,-0.07659209371416738,0.5784184927466939,827.4066537475586
2017-03-18,1099.68994140625,1114.0699462890625,957.655029296875,973.8179931640625,621302016,-0.12205008924073008,0.7077231528112433,829.3882287597656
2017-03-19,976.72998046875,1069.9100341796875,976.72998046875,1036.739990234375,406648000,0.06261202328713968,0.7438446087983843,831.6945687866211
2017-03-20,1037.239990234375,1063.030029296875,1036.6800537109375,1054.22998046875,286529984,0.016729458954285712,0.7452524006860368,834.1042037963867
2017-03-21,1055.3599853515625,1122.4300537109375,1055.3599853515625,1120.5400390625,337391008,0.061000122725365626,0.7799367880454029,836.8292190551758
2017-03-22,1120.6500244140625,1120.6500244140625,1014.2100219726562,1049.1400146484375,380840992,-0.06583995192109933,0.796676645538494,839.0838592529296
2017-03-23,1050.050048828125,1058.010009765625,1028.9300537109375,1038.5899658203125,248540000,-0.010106803783773714,0.789011637055587,841.2336392211914
2017-03-24,1038.449951171875,1040.469970703125,934.3579711914062,937.52001953125,491038016,-0.10238115832507738,0.845061328104188,842.8882891845703
2017-03-25,936.5399780273438,975.760986328125,903.7130126953125,972.7789916992188,435803008,0.036918803491548365,0.8636842238835194,844.7000042724609
2017-03-26,974.0150146484375,1007.9600219726562,954.1859741210938,966.7249755859375,303668000,-0.006242870215820875,0.8604335511633346,846.4609091186524
2017-03-27,972.0549926757812,1046.4000244140625,971.9840087890625,1045.77001953125,372535008,0.0785947087867763,0.915799569045073,848.5581793212891
2017-03-28,1044.5799560546875,1064.6500244140625,1027.72998046875,1047.1500244140625,326332000,0.0013187365535516804,0.9097697329581002,850.6796243286133
2017-03-29,1046.0799560546875,1055.1300048828125,1015.8800048828125,1039.969970703125,298457984,-0.006880373004662187,0.8878832906584533,852.761929321289
2017-03-30,1042.2099609375,1049.2900390625,1020.0399780273438,1026.4300537109375,352968992,-0.013105023821427681,0.8775070405821054,854.8604846191406
2017-03-31,1026.6400146484375,1074.9200439453125,1026.6400146484375,1071.7900390625,447287008,0.043243369791162264,0.8698148720792164,857.178219909668
2017-04-01,1071.7099609375,1091.719970703125,1061.0899658203125,1080.5,289633984,0.008093712582577179,0.8488849420771167,859.5345147705078
2017-04-02,1080.6099853515625,1107.5899658203125,1075.449951171875,1102.1700439453125,514187008,0.019857106712706095,0.8398413515226644,861.9919448852539
2017-04-03,1102.949951171875,1151.739990234375,1102.949951171875,1143.81005859375,580444032,0.03708384279737139,0.8513254908662117,864.6752200317383
2017-04-04,1145.52001953125,1156.43994140625,1120.52001953125,1133.25,436310016,-0.00927523563605931,0.8507305199035633,867.3066049194335
2017-04-05,1134.1400146484375,1135.0899658203125,1113.6300048828125,1124.780029296875,414784000,-0.007502123814714591,0.8496570946927697,869.9005850219727
2017-04-06,1125.81005859375,1188.3699951171875,1125.81005859375,1182.6800537109375,511222016,0.05019560806332238,0.8531616041348962,872.7646151733398
2017-04-07,1178.93994140625,1186.5799560546875,1163.3900146484375,1176.9000244140625,317022016,-0.00489921144156862,0.8071924173188909,875.6029803466797
2017-04-08,1172.6500244140625,1184.97998046875,1162.5799560546875,1175.949951171875,209312000,-0.0008075936023825001,0.6672740025334706,878.4411700439454
2017-04-09,1176.5699462890625,1197.2099609375,1171.8599853515625,1187.8699951171875,242343008,0.010085493189348422,0.6382583482211398,881.3947750854492
2017-04-10,1187.300048828125,1190.3399658203125,1179.0400390625,1187.1300048828125,215883008,-0.0006231496912175624,0.6375775608068847,884.3489352416992
2017-04-11,1187.4599609375,1208.0699462890625,1187.4599609375,1205.010009765625,216182000,0.014949240225947288,0.6064031892460288,887.359775390625
2017-04-12,1204.81005859375,1207.1400146484375,1196.760009765625,1200.3699951171875,288702016,-0.0038580352329780727,0.5527947042803764,890.3485003662109
2017-04-13,1201.02001953125,1205.8900146484375,1156.43994140625,1169.280029296875,351968992,-0.026241638711645643,0.5616249871367623,893.1907705688477
2017-04-14,1170.3299560546875,1190.800048828125,1159.7900390625,1167.5400390625,254827008,-0.001489195149852973,0.40363514249524196,895.9882556152344
2017-04-15,1167.300048828125,1188.0,1164.9599609375,1172.52001953125,203559008,0.004256290746533749,0.39234644246889877,898.8200256347657
2017-04-16,1172.6099853515625,1187.219970703125,1172.6099853515625,1182.93994140625,183231008,0.008847520245841664,0.3884746086515755,901.7110852050781
2017-04-17,1183.25,1194.9000244140625,1172.6500244140625,1193.9100341796875,253206000,0.009230848207914503,0.29676311325615756,904.6521704101563
2017-04-18,1193.77001953125,1217.5699462890625,1193.77001953125,1211.6700439453125,270524000,0.014765945740239381,0.2975690976117464,907.661845703125
2017-04-19,1212.1300048828125,1215.510009765625,1205.0799560546875,1210.2900390625,288060992,-0.001139577024277243,0.29485961270472627,910.6433810424804
2017-04-20,1211.0799560546875,1240.7900390625,1208.4100341796875,1229.0799560546875,315108000,0.015405853693441088,0.28651698118095587,913.7343206787109
2017-04-21,1229.4200439453125,1235.93994140625,1215.56005859375,1222.050048828125,272167008,-0.005736069884235737,0.26095092038098494,916.7839059448243
2017-04-22,1222.7099609375,1235.56005859375,1208.469970703125,1231.7099609375,249320000,0.007873599679878615,0.2609324129957749,919.8914358520508
2017-04-23,1231.9200439453125,1232.199951171875,1203.93994140625,1207.2099609375,258951008,-0.020091536367346584,0.27115518328153504,922.8649307250977
2017-04-24,1209.6300048828125,1250.93994140625,1209.6300048828125,1250.1500244140625,235806000,0.03495168393262307,0.267992663242639,926.0505758666992
2017-04-25,1250.449951171875,1267.5799560546875,1249.969970703125,1265.489990234375,242556000,0.012195827596242196,0.26465654563904234,929.2924209594727
2017-04-26,1265.989990234375,1294.8299560546875,1265.9300537109375,1281.0799560546875,329631008,0.012244046631326971,0.2614836180145935,932.602280883789
2017-04-27,1281.8800048828125,1319.699951171875,1281.300048828125,1317.72998046875,449196992,0.02820710655915428,0.22314788433264315,936.107170715332
2017-04-28,1317.739990234375,1331.280029296875,1292.3699951171875,1316.47998046875,527488992,-0.0009490512239789706,0.22131875493302278,939.5946005249024
2017-04-29,1317.8399658203125,1327.199951171875,1315.2099609375,1321.7900390625,422705984,0.004025414930823013,0.22025876191465468,942.998190612793
2017-04-30,1321.8699951171875,1347.9100341796875,1314.9200439453125,1347.8900146484375,413115008,0.019553509516993917,0.2250948389162318,946.5566806030273
2017-05-01,1348.300048828125,1434.3199462890625,1348.300048828125,1421.5999755859375,713624000,0.05324256303039975,0.27653394546610727,950.4807504272461
2017-05-02,1421.030029296875,1473.9000244140625,1415.68994140625,1452.8199462890625,477337984,0.021723477635178665,0.2794789462654378,954.5429602050781
2017-05-03,1453.780029296875,1492.77001953125,1447.489990234375,1490.0899658203125,583795968,0.025330039559928564,0.28096906192535187,958.800180053711
2017-05-04,1490.719970703125,1608.9100341796875,1490.719970703125,1537.6700439453125,933548992,0.03143181439131002,0.2564297980844907,963.2803753662109
2017-05-05,1540.8699951171875,1618.030029296875,1530.31005859375,1555.449951171875,946035968,0.01149654917107177,0.2510470595858033,967.86166015625
2017-05-06,1556.81005859375,1578.800048828125,1542.5,1578.800048828125,582529984,0.014900234291777762,0.24872020718015717,972.5658602905273
2017-05-07,1579.469970703125,1596.719970703125,1559.760009765625,1596.7099609375,1080029952,0.011280142062885478,0.24820686927024663,977.3968099975586
2017-05-08,1596.9200439453125,1723.3499755859375,1596.9200439453125,1723.3499755859375,1340320000,0.07632481902191007,0.3272367500857489,982.8592749023437
2017-05-09,1723.8900146484375,1833.489990234375,1716.300048828125,1755.3599853515625,1167920000,0.018403898923351595,0.32709949959719964,988.4719348144531
2017-05-10,1756.52001953125,1788.43994140625,1719.0999755859375,1787.1300048828125,915723008,0.01793702814316485,0.31988717676896755,994.121114807129
2017-05-11,1780.3699951171875,1873.9300537109375,1755.3499755859375,1848.5699462890625,799489984,0.03380135427898459,0.32392372865149544,1000.0786096191406
2017-05-12,1845.760009765625,1856.1500244140625,1694.010009765625,1724.239990234375,740984000,-0.06962597013852297,0.4409496073960993,1005.4310046386719
2017-05-13,1723.1199951171875,1812.989990234375,1651.0799560546875,1804.9100341796875,579635008,0.045724379957238714,0.45111243811890844,1011.1676147460937
2017-05-14,1800.8599853515625,1831.4200439453125,1776.6199951171875,1808.9100341796875,437196000,0.0022137248439940134,0.43353410451283847,1016.8206448364258
2017-05-15,1808.43994140625,1812.800048828125,1708.5400390625,1738.4300537109375,731529024,-0.03974203487147224,0.4747222560606425,1022.0712301635742
2017-05-16,1741.699951171875,1785.93994140625,1686.5400390625,1734.449951171875,959044992,-0.002292105846447192,0.4787062880112984,1027.2952249145508
2017-05-17,1726.72998046875,1864.050048828125,1661.9100341796875,1839.0899658203125,1064729984,0.05858053337167216,0.5016907801416478,1032.918279724121
2017-05-18,1818.699951171875,1904.47998046875,1807.1199951171875,1888.6500244140625,894321024,0.026591435579729535,0.5012758947165198,1038.852209777832
2017-05-19,1897.3699951171875,2004.52001953125,1890.25,1987.7099609375,1157289984,0.05112090162962312,0.5099768304408603,1045.285899658203
2017-05-20,1984.239990234375,2084.72998046875,1974.9200439453125,2084.72998046875,961336000,0.0476561384037526,0.5155325422571108,1052.060584411621
2017-05-21,2067.030029296875,2119.080078125,2037.5,2041.199951171875,1147859968,-0.02110149480738968,0.5364741621477523,1058.5624392700195
2017-05-22,2043.18994140625,2303.89990234375,2017.8699951171875,2173.39990234375,1942220032,0.06275487042773906,0.5449000067934513,1065.9859387207032
2017-05-23,2191.56005859375,2320.820068359375,2178.5,2320.419921875,1378749952,0.06545545339360417,0.567034860937796,1074.0718634033203
2017-05-24,2321.3701171875,2523.719970703125,2321.3701171875,2443.639892578125,1725379968,0.05174051688319059,0.5761225262969933,1082.7729727172853
2017-05-25,2446.239990234375,2763.7099609375,2285.300048828125,2304.97998046875,2406700032,-0.05841669584304932,0.6410580120151699,1090.7402627563476
2017-05-26,2320.889892578125,2573.7900390625,2071.989990234375,2202.419921875,1763480064,-0.04551527081265308,0.6790705353002998,1098.236707458496
2017-05-27,2196.27001953125,2260.199951171875,1855.8299560546875,2038.8699951171875,1700480000,-0.07716098991381969,0.752790874738601,1104.8818173217774
2017-05-28,2054.080078125,2267.340087890625,2054.080078125,2155.800048828125,1147139968,0.05576617659363846,0.7677473800577419,1112.0444525146484
2017-05-29,2159.429931640625,2307.050048828125,2107.169921875,2255.610107421875,994625024,0.045258586960507545,0.7432744791357818,1119.7448330688476
2017-05-30,2255.360107421875,2301.9599609375,2124.570068359375,2175.469970703125,1443970048,-0.03617577429230326,0.761918332943536,1127.0401278686522
2017-05-31,2187.18994140625,2311.080078125,2145.570068359375,2286.409912109375,1544829952,0.04973814374809657,0.7738484936067898,1134.9469073486327
2017-06-01,2288.330078125,2448.389892578125,2288.330078125,2407.8798828125,1653180032,0.05176378021810398,0.782753499496268,1143.4761517333984
2017-06-02,2404.030029296875,2488.550048828125,2373.320068359375,2488.550048828125,1317030016,0.0329535875114417,0.7255701225271096,1152.3937969970702
2017-06-03,2493.719970703125,2581.909912109375,2423.570068359375,2515.35009765625,1514950016,0.010711766542318386,0.7184950234989389,1161.4124523925782
2017-06-04,2547.7900390625,2585.889892578125,2452.5400390625,2511.81005859375,1355120000,-0.0014083655732494782,0.7194672219170403,1170.2505126953124
2017-06-05,2512.39990234375,2686.81005859375,2510.219970703125,2686.81005859375,1369309952,0.06735100598126734,0.7112094044131442,1179.979678039551
2017-06-06,2690.840087890625,2999.909912109375,2690.840087890625,2863.199951171875,2089609984,0.06358522530476088,0.7208842866621269,1190.5377526855468
2017-06-07,2869.3798828125,2869.3798828125,2700.56005859375,2732.159912109375,1517709952,-0.046847390437499754,0.7488883441669381,1200.4404721069336
2017-06-08,2720.489990234375,2815.300048828125,2670.949951171875,2805.6201171875,1281170048,0.026532117208718432,0.748880644800308,1210.8134426879883
2017-06-09,2807.43994140625,2901.7099609375,2795.6201171875,2823.81005859375,1348950016,0.006462467476989901,0.740562351620638,1221.2362530517578
2017-06-10,2828.139892578125,2950.989990234375,2746.550048828125,2947.7099609375,2018889984,0.04294152679478317,0.7382572510592177,1232.2180679321289
2017-06-11,2942.409912109375,2996.60009765625,2840.530029296875,2958.110107421875,1752400000,0.0035220027412663424,0.7273036896890426,1243.2856484985352
2017-06-12,2953.219970703125,2997.260009765625,2518.56005859375,2659.6298828125,2569530112,-0.10636361588756964,0.8246391469268719,1252.8823529052734
2017-06-13,2680.909912109375,2789.0400390625,2650.3798828125,2717.02001953125,1781200000,0.021348727352915563,0.8008166997528714,1262.7592080688476
2017-06-14,2716.8798828125,2786.830078125,2412.93994140625,2506.3701171875,1696560000,-0.08070016068395891,0.8391582273112752,1271.6141485595704
2017-06-15,2499.580078125,2534.7099609375,2212.9599609375,2464.580078125,2026259968,-0.0168140987006463,0.8139086164269171,1280.2768740844726
2017-06-16,2469.570068359375,2539.919921875,2385.14990234375,2518.56005859375,1195190016,0.02166589360816841,0.7963377900038592,1289.1906094360352
2017-06-17,2514.010009765625,2685.18994140625,2484.9599609375,2655.8798828125,1534509952,0.053088672857665754,0.7506691346275517,1298.7919888305664
2017-06-18,2655.35009765625,2662.10009765625,2516.330078125,2548.2900390625,1178659968,-0.041353444427734504,0.7556584329594358,1307.8049841308593
2017-06-19,2549.030029296875,2662.85009765625,2549.030029296875,2589.60009765625,1446840064,0.0160809000217493,0.7441870872818738,1316.9691146850587
2017-06-20,2591.260009765625,2763.449951171875,2589.820068359375,2721.7900390625,1854189952,0.04978630510902381,0.7415380790641295,1326.6883450317382
2017-06-21,2709.429931640625,2772.010009765625,2660.39990234375,2689.10009765625,1626579968,-0.012083164993093668,0.7313516383626424,1336.2780703735352
2017-06-22,2691.030029296875,2723.739990234375,2642.360107421875,2705.409912109375,1097939968,0.006046838033450255,0.713596519354104,1345.9357598876952
2017-06-23,2707.340087890625,2765.169921875,2706.3701171875,2744.909912109375,961318976,0.01449481602903642,0.7075031230117615,1355.866809387207
2017-06-24,2738.52001953125,2757.93994140625,2583.18994140625,2608.719970703125,982750016,-0.05088858716688844,0.7326086804397982,1365.0892892456054
2017-06-25,2607.25,2682.260009765625,2552.1201171875,2589.409912109375,1161100032,-0.007429651761239913,0.7332309348833098,1374.1956787109375
2017-06-26,2590.570068359375,2615.25,2376.2900390625,2478.449951171875,1663280000,-0.04379667150922624,0.7080159503175213,1382.7338784790038
2017-06-27,2478.449951171875,2552.449951171875,2332.989990234375,2552.449951171875,1489789952,0.029420318014430347,0.6761952485339197,1391.632158203125
2017-06-28,2553.030029296875,2603.97998046875,2484.419921875,2574.7900390625,1183869952,0.008714329466792743,0.6605691308739983,1400.6328582763672
2017-06-29,2567.56005859375,2588.830078125,2510.47998046875,2539.320068359375,949979008,-0.013871636990232392,0.6527254329762666,1409.480803527832
2017-06-30,2539.239990234375,2559.25,2478.429931640625,2480.840087890625,860273024,-0.023299107639985044,0.6544241949659093,1417.9845690917969
2017-07-01,2492.60009765625,2515.27001953125,2419.22998046875,2434.550048828125,779913984,-0.01883529334869347,0.6305694553220482,1426.2545391845704
2017-07-02,2436.39990234375,2514.280029296875,2394.840087890625,2506.469970703125,803747008,0.029113422496172298,0.6431344972644771,1434.879483947754
2017-07-03,2498.56005859375,2595.0,2480.469970703125,2564.06005859375,964112000,0.022716585492221508,0.5415191762678293,1443.8093441772462
2017-07-04,2561.0,2631.590087890625,2559.35009765625,2601.639892578125,985516032,0.014550011544242314,0.5383692996340552,1452.8930087280273
2017-07-05,2602.8701171875,2622.64990234375,2538.550048828125,2601.989990234375,941566016,0.00013455901540363518,0.4561499122870009,1461.9488137817382
2017-07-06,2608.10009765625,2616.719970703125,2581.68994140625,2608.56005859375,761956992,0.0025218342707584,0.4511070868933999,1471.0389639282228
2017-07-07,2608.590087890625,2916.139892578125,2498.8701171875,2518.659912109375,917411968,-0.035071388234270806,0.4636973424128088,1479.6686935424805
2017-07-08,2520.27001953125,2571.340087890625,2492.31005859375,2571.340087890625,733329984,0.02070021881530923,0.4292720776944193,1488.5210140991212
2017-07-09,2572.610107421875,2635.489990234375,2517.590087890625,2518.43994140625,527856000,-0.02078755903474558,0.4107511091066204,1496.9418087768554
2017-07-10,2525.25,2537.159912109375,2321.1298828125,2372.56005859375,1111200000,-0.059670073291998124,0.4536592192897591,1504.4819091796876
2017-07-11,2385.889892578125,2413.469970703125,2296.81005859375,2337.7900390625,1329760000,-0.01476351029164194,0.40992842744671265,1511.5609393310547
2017-07-12,2332.77001953125,2423.7099609375,2275.139892578125,2398.840087890625,1117410048,0.02577926845049998,0.42500005050138007,1519.061029663086
2017-07-13,2402.699951171875,2425.219970703125,2340.830078125,2357.89990234375,835769984,-0.017213972837918482,0.4247176492483651,1526.3696142578126
2017-07-14,2360.590087890625,2363.25,2183.219970703125,2233.340087890625,882502976,-0.054273088825368215,0.4479613190403541,1532.9982647705078
2017-07-15,2230.1201171875,2231.139892578125,1990.4100341796875,1998.8599853515625,993608000,-0.11092125143308323,0.5532122024848038,1538.3265747070313
2017-07-16,1991.97998046875,2058.77001953125,1843.030029296875,1929.8199462890625,1182870016,-0.03515030423318027,0.5582089052194509,1543.0960693359375
2017-07-17,1932.6199951171875,2230.489990234375,1932.6199951171875,2228.409912109375,1201760000,0.1438615807515655,0.7702449365249542,1549.3706338500976
2017-07-18,2233.52001953125,2387.610107421875,2164.77001953125,2318.8798828125,1512450048,0.039795972717640425,0.7769077292862216,1556.158843383789
2017-07-19,2323.080078125,2397.169921875,2260.22998046875,2273.429931640625,1245100032,-0.019794585747284255,0.7770424372440984,1562.7072781372071
2017-07-20,2269.889892578125,2900.699951171875,2269.889892578125,2817.60009765625,2249260032,0.21459581921064388,1.0883135125289929,1571.803653564453
2017-07-21,2838.409912109375,2838.409912109375,2621.85009765625,2667.760009765625,1489449984,-0.05464632077387589,1.1038726933635288,1580.0337036132812
2017-07-22,2668.6298828125,2862.419921875,2657.7099609375,2810.1201171875,1177129984,0.0519880561168258,1.1130751690759708,1588.8651043701173
2017-07-23,2808.10009765625,2832.179931640625,2653.93994140625,2730.39990234375,1072840000,-0.028779145918047342,1.1165340359046894,1596.7434539794922
2017-07-24,2732.699951171875,2777.260009765625,2699.18994140625,2754.860107421875,866473984,0.008918580766257985,1.1146528491438912,1605.4508544921875
2017-07-25,2757.5,2768.080078125,2480.9599609375,2576.47998046875,1460089984,-0.06694254490338364,1.1398606298041603,1613.8222494506836
2017-07-26,2577.77001953125,2610.760009765625,2450.800048828125,2529.449951171875,937404032,-0.018422250208638885,1.1415494708890745,1621.9265740966796
2017-07-27,2538.7099609375,2693.320068359375,2529.340087890625,2671.780029296875,789104000,0.0547430594223052,1.157994121942267,1630.7294793701171
2017-07-28,2679.72998046875,2897.449951171875,2679.72998046875,2809.010009765625,1380099968,0.050087183657445335,1.162008609995418,1640.2603894042968
2017-07-29,2807.02001953125,2808.760009765625,2692.800048828125,2726.449951171875,803745984,-0.029831732800538295,1.1666884484547106,1649.3542440795898
2017-07-30,2724.389892578125,2758.530029296875,2644.85009765625,2757.179931640625,705942976,0.01120801469662751,1.1638027619267797,1659.2513586425782
2017-07-31,2763.239990234375,2889.6201171875,2720.610107421875,2875.340087890625,860574976,0.0419625652194951,1.1465242855223154,1669.6038891601563
2017-08-01,2871.300048828125,2921.35009765625,2685.610107421875,2718.260009765625,1324669952,-0.05617898537460666,1.1662166192383456,1679.0752691650391
2017-08-02,2727.1298828125,2762.530029296875,2668.590087890625,2710.669921875,1094950016,-0.002796165333308995,1.1646745126321525,1688.5365588378907
2017-08-03,2709.56005859375,2813.31005859375,2685.139892578125,2804.72998046875,804796992,0.03411146270777818,1.165455596547281,1698.4512188720703
2017-08-04,2806.929931640625,2899.330078125,2743.719970703125,2895.889892578125,1002120000,0.031985182588555545,1.1452668068145604,1708.7729983520508
2017-08-05,2897.6298828125,3290.010009765625,2874.830078125,3252.909912109375,1945699968,0.11625750003820046,1.1068518603083808,1720.4978579711915
2017-08-06,3257.610107421875,3293.2900390625,3155.60009765625,3213.93994140625,1105030016,-0.01205237273640462,1.0943334363405621,1732.1344677734376
2017-08-07,3212.780029296875,3397.679931640625,3180.889892578125,3378.93994140625,1482279936,0.05006445291700739,1.0102021907172851,1744.5338024902344
2017-08-08,3370.219970703125,3484.85009765625,3345.830078125,3419.93994140625,1752760064,0.01206095642712161,1.007858806308441,1757.1583721923828
2017-08-09,3420.39990234375,3422.760009765625,3247.669921875,3342.469970703125,1468960000,-0.022912944057223775,1.0094084889305168,1769.261777038574
2017-08-10,3341.840087890625,3453.449951171875,3319.469970703125,3381.280029296875,1515110016,0.011544298825368856,0.7138009401720408,1781.5448123168944
2017-08-11,3373.820068359375,3679.719970703125,3372.1201171875,3650.6201171875,2021190016,0.07664270358758349,0.7119167065202938,1795.192852783203
2017-08-12,3650.6298828125,3949.919921875,3613.699951171875,3884.7099609375,2219589888,0.062151276619637826,0.7194125282567447,1810.1529675292968
2017-08-13,3880.0400390625,4208.39013671875,3857.800048828125,4073.260009765625,3159089920,0.04739533913409287,0.708759735561616,1826.0115576171875
2017-08-14,4066.10009765625,4325.1298828125,3989.159912109375,4325.1298828125,2463089920,0.05999850660357008,0.7215346826594476,1843.0492770385742
2017-08-15,4326.990234375,4455.97021484375,3906.179931640625,4181.93017578125,3258050048,-0.03366926614382545,0.6780536036342214,1859.3601779174805
2017-08-16,4200.33984375,4381.22998046875,3994.419921875,4376.6298828125,2272039936,0.0455060905777128,0.664803886399703,1876.6353771972656
2017-08-17,4384.43994140625,4484.7001953125,4243.7099609375,4331.68994140625,2553359872,-0.010321242503651034,0.6676935320506683,1893.6963470458984
2017-08-18,4324.33984375,4370.1298828125,4015.39990234375,4160.6201171875,2941710080,-0.04029362277580252,0.6943834295561232,1909.897537536621
2017-08-19,4137.75,4243.259765625,3970.550048828125,4193.7001953125,2975820032,0.007919315940433566,0.6731229804428311,1926.0140234375
2017-08-20,4189.31005859375,4196.2900390625,4069.8798828125,4087.659912109375,2109769984,-0.025610788049179205,0.6913661302405888,1941.5072079467773
2017-08-21,4090.47998046875,4109.14013671875,3988.60009765625,4001.739990234375,2800890112,-0.021243393592236003,0.6992534455959162,1956.4569079589844
2017-08-22,3998.35009765625,4128.759765625,3674.580078125,4100.52001953125,3764239872,0.024384535605044045,0.6487136547957056,1971.8099578857423
2017-08-23,4089.010009765625,4255.77978515625,4078.409912109375,4151.52001953125,2369819904,0.012360737249258057,0.644236431539382,1987.3530578613281
2017-08-24,4137.60009765625,4376.39013671875,4130.259765625,4334.68017578125,2037750016,0.04317329334896507,0.647441249959554,2003.8897589111327
2017-08-25,4332.81982421875,4455.7001953125,4307.35009765625,4371.60009765625,1727970048,0.008481266861428458,0.6474127345710462,2020.5570092773437
2017-08-26,4372.06005859375,4379.27978515625,4269.52001953125,4352.39990234375,1511609984,-0.0044017025017839126,0.5477072990766217,2037.012258911133
2017-08-27,4345.10009765625,4416.58984375,4317.2900390625,4382.8798828125,1537459968,0.006978621159059976,0.5402773966672992,2053.61130859375
2017-08-28,4384.4501953125,4403.93017578125,4224.64013671875,4382.66015625,1959330048,-5.013417577619334e-05,0.5267510911904892,2070.5526943969726
2017-08-29,4389.2099609375,4625.68017578125,4352.1298828125,4579.02001953125,2486080000,0.04382912405601541,0.5378824749326286,2088.5044244384767
2017-08-30,4570.35986328125,4626.52001953125,4471.41015625,4565.2998046875,1937849984,-0.0030008191758980583,0.5249801651419338,2106.308673400879
2017-08-31,4555.58984375,4736.0498046875,4549.39990234375,4703.39013671875,1944930048,0.029799367864147074,0.5273367917007495,2124.8297189331056
2017-09-01,4701.759765625,4892.009765625,4678.52978515625,4892.009765625,2599079936,0.03931965968186678,0.4873354678283137,2144.3365576171873
2017-09-02,4901.419921875,4975.0400390625,4469.240234375,4578.77001953125,2722139904,-0.06617280669547498,0.5283857131834396,2162.207657775879
2017-09-03,4585.27001953125,4714.080078125,4417.58984375,4582.9599609375,1933190016,0.0009146616866667978,0.5086952238893034,2180.0850576782227
2017-09-04,4591.6298828125,4591.6298828125,4108.39990234375,4236.31005859375,2987330048,-0.07865244791780196,0.5472124108566213,2196.1294082641602
2017-09-05,4228.2900390625,4427.83984375,3998.110107421875,4376.52978515625,2697969920,0.032563502729336564,0.54546834829897,2212.781007385254
2017-09-06,4376.58984375,4617.25,4376.58984375,4597.1201171875,2172100096,0.04917392208622048,0.5492750346278045,2230.494507751465
2017-09-07,4589.14013671875,4655.0400390625,4491.330078125,4599.8798828125,1844620032,0.0006001447663004128,0.5474026171393145,2248.2545571899414
2017-09-08,4605.16015625,4661.0,4075.179931640625,4228.75,2700890112,-0.08412374960926737,0.6085780512064864,2263.9984072875977
2017-09-09,4229.81005859375,4308.81982421875,4114.10986328125,4226.06005859375,1386230016,-0.0006363103318393091,0.6080336885784087,2279.552207336426
2017-09-10,4229.33984375,4245.43994140625,3951.0400390625,4122.93994140625,1679090048,-0.024703643884018568,0.6075532983993488,2294.5797073364256
2017-09-11,4122.47021484375,4261.669921875,4099.39990234375,4161.27001953125,1557330048,0.009253833940325928,0.6030267716809914,2309.5524575805666
2017-09-12,4168.8798828125,4344.64990234375,4085.219970703125,4130.81005859375,1864530048,-0.007346793001922602,0.5980917269104595,2324.3381076049805
2017-09-13,4131.97998046875,4131.97998046875,3789.919921875,3882.590087890625,2219409920,-0.06197104848606778,0.6336553553586417,2338.0318582153322
2017-09-14,3875.3701171875,3920.60009765625,3153.860107421875,3154.949951171875,2716310016,-0.2075298468188717,0.9288912830306361,2347.980608215332
2017-09-15,3166.300048828125,3733.449951171875,2946.6201171875,3637.52001953125,4148069888,0.1423295036032813,1.0758506613010492,2360.2683584594724
2017-09-16,3637.75,3808.840087890625,3487.7900390625,3625.0400390625,1818400000,-0.003436802629408275,1.075905031980777,2372.4937088012693
2017-09-17,3606.280029296875,3664.81005859375,3445.639892578125,3582.8798828125,1239149952,-0.011698419937503098,1.0744182917654435,2384.295608215332
2017-09-18,3591.090087890625,4079.22998046875,3591.090087890625,4065.199951171875,1943209984,0.12629601670346902,1.1731716277739699,2398.3665579223634
2017-09-19,4073.7900390625,4094.070068359375,3868.8701171875,3924.969970703125,1563980032,-0.0351042298413958,1.1648148661221733,2411.616457824707
2017-09-20,3916.360107421875,4031.389892578125,3857.72998046875,3905.949951171875,1213830016,-0.004857681376487073,1.1647454808358608,2424.8704574584963
2017-09-21,3901.469970703125,3916.419921875,3613.6298828125,3631.0400390625,1411480064,-0.07298189967391884,1.177700446643794,2436.6900576782227
2017-09-22,3628.02001953125,3758.27001953125,3553.530029296875,3630.699951171875,1194829952,-9.366567553529894e-05,1.1637559182082553,2448.4794076538087
2017-09-23,3629.919921875,3819.2099609375,3594.580078125,3792.39990234375,928113984,0.043573584608263244,1.1640960819607047,2461.323706970215
2017-09-24,3796.14990234375,3796.14990234375,3666.89990234375,3682.840087890625,768014976,-0.029314820772494088,1.1655699697354613,2473.987907409668
2017-09-25,3681.580078125,3950.25,3681.580078125,3926.070068359375,1374210048,0.06395472542058253,1.165058277361489,2487.675807800293
2017-09-26,3928.409912109375,3969.889892578125,3869.89990234375,3892.35009765625,1043740032,-0.008625829531936302,1.1576529814090621,2501.5539584350586
2017-09-27,3892.93994140625,4210.0498046875,3884.820068359375,4200.669921875,1686880000,0.07623090435074809,1.1774041902987742,2516.67815826416
2017-09-28,4197.1298828125,4279.31005859375,4109.7001953125,4174.72998046875,1712320000,-0.006194336903600101,1.1772835380564834,2531.44490814209
2017-09-29,4171.6201171875,4214.6298828125,4039.2900390625,4163.06982421875,1367049984,-0.002796940229908634,1.141237687618877,2546.100657043457
2017-09-30,4166.10986328125,4358.43017578125,4160.85986328125,4338.7099609375,1207449984,0.04132431925839092,1.1505073490732531,2561.5942068481445
2017-10-01,4341.0498046875,4403.740234375,4269.81005859375,4403.740234375,1208210048,0.014877173197663997,1.14742190811173,2577.364858093262
2017-10-02,4395.81005859375,4470.22998046875,4377.4599609375,4409.31982421875,1431730048,0.0012662095917030135,1.1472190365593864,2593.4724069213867
2017-10-03,4408.4599609375,4432.47021484375,4258.89013671875,4317.47998046875,1288019968,-0.021048548498460898,1.1497187077242512,2609.5586569213865
2017-10-04,4319.3701171875,4352.31005859375,4210.419921875,4229.35986328125,1116770048,-0.020621245145205476,1.1294259180628317,2625.8363662719726
2017-10-05,4229.8798828125,4362.64013671875,4164.0498046875,4328.41015625,1161769984,0.023149656085278497,0.8270922718000824,2642.294717102051
2017-10-06,4324.4599609375,4413.27001953125,4320.52978515625,4370.81005859375,1069939968,0.009748054894297626,0.6854170082652465,2658.8776174926757
2017-10-07,4369.35009765625,4443.8798828125,4321.0498046875,4426.89013671875,906928000,0.012748976770246745,0.6840844036079866,2675.409367980957
2017-10-08,4429.669921875,4624.14013671875,4405.64013671875,4610.47998046875,1313869952,0.04063463202861561,0.6876476391254587,2693.2160678100586
2017-10-09,4614.52001953125,4878.7099609375,4564.25,4772.02001953125,1968739968,0.03443773060751759,0.5563785528135192,2711.8832180786135
2017-10-10,4776.2099609375,4922.169921875,4765.10009765625,4781.990234375,1597139968,0.0020871274361351166,0.5348836915377141,2731.1055691528322
2017-10-11,4789.25,4873.72998046875,4751.6298828125,4826.47998046875,1222279936,0.009260592591038536,0.532370363444429,2750.3740740966796
2017-10-12,4829.580078125,5446.91015625,4822.0,5446.91015625,2791610112,0.12093108463263826,0.5733838780796173,2772.775
2017-10-13,5464.16015625,5840.2998046875,5436.85009765625,5647.2099609375,3615480064,0.03611310687508494,0.5716601108949221,2795.7821997070314
2017-10-14,5643.52978515625,5837.7001953125,5591.64013671875,5831.7900390625,1669030016,0.03216238155630449,0.5673417288430899,2819.7053997802736
2017-10-15,5835.9599609375,5852.47998046875,5478.60986328125,5678.18994140625,1976039936,-0.026691482867168537,0.5645056308328041,2842.896499633789
2017-10-16,5687.56982421875,5776.22998046875,5544.2099609375,5725.58984375,2008070016,0.008313063950489405,0.5431860702677593,2866.3922985839845
2017-10-17,5741.580078125,5800.35009765625,5472.72021484375,5605.509765625,1821570048,-0.021195572848553824,0.5526034398794006,2889.060897216797
2017-10-18,5603.81982421875,5603.81982421875,5151.43994140625,5590.68994140625,2399269888,-0.002647296986752327,0.5128635785667621,2911.611846923828
2017-10-19,5583.740234375,5744.35009765625,5531.06005859375,5708.52001953125,1780540032,0.020857095323062205,0.5082403865704898,2934.6435968017577
2017-10-20,5708.10986328125,6060.10986328125,5627.22998046875,6011.4501953125,2354429952,0.0517062173997819,0.5192767789657913,2958.9817974853518
2017-10-21,5996.7900390625,6194.8798828125,5965.06982421875,6031.60009765625,2207099904,0.0033463152036217036,0.5139566168376821,2983.473547973633
2017-10-22,6036.66015625,6076.259765625,5792.33984375,6008.419921875,2034630016,-0.0038505258934469068,0.5184037986932251,3007.8917474365235
2017-10-23,6006.0,6075.58984375,5732.47021484375,5930.31982421875,2401840128,-0.013083660993739222,0.5254578741404158,3031.6299462890624
2017-10-24,5935.52001953125,5935.52001953125,5504.18017578125,5526.64013671875,2735699968,-0.07049808413802779,0.5909855744582188,3053.378646850586
2017-10-25,5524.60009765625,5754.330078125,5397.8798828125,5750.7998046875,1966989952,0.039758880928574096,0.5862987225220778,3076.2528961181642
2017-10-26,5747.9501953125,5976.7998046875,5721.22021484375,5904.830078125,1905040000,0.026431731700242787,0.5870092614334734,3099.837696533203
2017-10-27,5899.740234375,5988.39013671875,5728.81982421875,5780.89990234375,1710130048,-0.021211310291386017,0.6000121130048781,3122.806546020508
2017-10-28,5787.81982421875,5876.72021484375,5689.18994140625,5753.08984375,1403920000,-0.004822288401198703,0.6032993258288678,3145.5469451904296
2017-10-29,5754.43994140625,6255.7099609375,5724.580078125,6153.85009765625,2859040000,0.06734084346998825,0.6256820256425948,3170.314345703125
2017-10-30,6114.85009765625,6214.990234375,6040.85009765625,6130.52978515625,1772150016,-0.003796746882877619,0.6237687900303638,3195.120594482422
2017-10-31,6132.02001953125,6470.43017578125,6103.330078125,6468.39990234375,2311379968,0.05364759642581373,0.6389063738839563,3221.624893798828
2017-11-01,6440.97021484375,6767.31005859375,6377.8798828125,6767.31005859375,2870320128,0.04517490778615678,0.6473346710543288,3249.5988439941407
2017-11-02,6777.77001953125,7367.330078125,6758.72021484375,7078.5,4653770240,0.04495834544204169,0.5362775536855535,3279.0766442871095
2017-11-03,7087.52978515625,7461.2900390625,7002.93994140625,7207.759765625,3369860096,0.018096170044845903,0.5298654860152271,3309.145892944336
2017-11-04,7164.47998046875,7492.85986328125,7031.27978515625,7379.9501953125,2483800064,0.023608699089706,0.5265047111434955,3339.987293701172
2017-11-05,7404.52001953125,7617.47998046875,7333.18994140625,7407.41015625,2380410112,0.003713981650421861,0.5091749508381325,3370.9728942871093
2017-11-06,7403.22021484375,7445.77001953125,7007.31005859375,7022.759765625,3111899904,-0.053324601848219855,0.5582120149896587,3399.941293334961
2017-11-07,7023.10009765625,7253.31982421875,7023.10009765625,7144.3798828125,2326340096,0.017169747457020566,0.5471470444578208,3429.5529425048826
2017-11-08,7141.3798828125,7776.419921875,7114.02001953125,7459.68994140625,4602200064,0.043187833291546796,0.5551398439957068,3460.6928424072266
2017-11-09,7446.830078125,7446.830078125,7101.52001953125,7143.580078125,3226249984,-0.04329978834888477,0.5882661016288396,3490.374692993164
2017-11-10,7173.72998046875,7312.0,6436.8701171875,6618.14013671875,5208249856,-0.07639967782768012,0.640736175671335,3517.2146435546874
2017-11-11,6618.60986328125,6873.14990234375,6204.22021484375,6357.60009765625,4908680192,-0.040163421356786085,0.6592503540582028,3542.675194091797
2017-11-12,6295.4501953125,6625.0498046875,5519.009765625,5950.06982421875,8957349888,-0.0662480083528882,0.7009482373850044,3566.0201434326173
2017-11-13,5938.25,6811.18994140625,5844.2900390625,6559.490234375,6263249920,0.0975099371105213,0.7764864815803805,3592.2289447021485
2017-11-14,6561.47998046875,6764.97998046875,6461.75,6635.75,3197110016,0.01155880655935634,0.7266525459312434,3618.825294799805
2017-11-15,6634.759765625,7342.25,6634.759765625,7315.5400390625,4200880128,0.09752915968167002,0.7831189947316182,3648.794044799805
2017-11-16,7323.240234375,7967.3798828125,7176.580078125,7871.68994140625,5123809792,0.07327191344658618,0.8107252958176591,3681.4130444335938
2017-11-17,7853.56982421875,8004.58984375,7561.08984375,7708.990234375,4651670016,-0.02088556075564038,0.8105493649031251,3712.849995727539
2017-11-18,7697.2099609375,7884.990234375,7463.43994140625,7790.14990234375,3667190016,0.010472891923132355,0.8078712973107666,3744.5366455078124
2017-11-19,7766.02978515625,8101.91015625,7694.10009765625,8036.490234375,3149319936,0.031132347250235382,0.7874731875919584,3777.268646850586
2017-11-20,8039.06982421875,8336.8603515625,7949.35986328125,8200.6396484375,3488450048,0.020219707267558867,0.7855222762358598,3810.5834948730467
2017-11-21,8205.740234375,8348.66015625,7762.7099609375,8071.259765625,4277609984,-0.01590258224989855,0.7780404226432182,3843.1625439453123
2017-11-22,8077.9501953125,8302.259765625,8075.47021484375,8253.5498046875,3633530112,0.02233381227401497,0.7692027721796896,3876.536292724609
2017-11-23,8232.3798828125,8267.400390625,8038.77001953125,8038.77001953125,4225179904,-0.02636729831656395,0.767402001340783,3908.746593017578
2017-11-24,8074.02001953125,8374.16015625,7940.93017578125,8253.6904296875,5058610176,0.02638433629480957,0.7695742387217278,3941.398295288086
2017-11-25,8241.7099609375,8790.919921875,8191.14990234375,8790.919921875,4342060032,0.06305893658721441,0.7924494575620659,3976.5760949707033
2017-11-26,8789.0400390625,9522.9296875,8775.58984375,9330.5498046875,5475579904,0.05957458008958222,0.8117398626097627,4014.2931939697264
2017-11-27,9352.7197265625,9818.349609375,9352.7197265625,9818.349609375,5653320192,0.05095910220949361,0.7876574719363248,4054.142092285156
2017-11-28,9823.4296875,10125.7001953125,9736.2998046875,10058.7998046875,6348819968,0.024194809821774188,0.7881695297354165,4095.814891357422
2017-11-29,10077.400390625,11517.400390625,9601.0302734375,9888.6103515625,11568799744,-0.017064228542038876,0.7898967420371393,4136.233392944336
2017-11-30,9906.7900390625,10801.0,9202.0498046875,10233.599609375,8310689792,0.03429276074330862,0.7650316607525913,4178.356840820313
2017-12-01,10198.599609375,11046.7001953125,9694.650390625,10975.599609375,6783119872,0.06999820553385039,0.7053058688554463,4224.542688598633
2017-12-02,10978.2998046875,11320.2001953125,10905.099609375,11074.599609375,5138500096,0.008979571044842705,0.6684810199089177,4271.243436889648
2017-12-03,11082.7001953125,11858.7001953125,10862.0,11323.2001953125,6608309760,0.022199572962955286,0.5780807409392137,4318.663988037109
2017-12-04,11315.400390625,11657.2001953125,11081.7998046875,11657.2001953125,6132409856,0.029070296029922785,0.5244586435932896,4367.506738891601
2017-12-05,11685.7001953125,12032.0,11604.599609375,11916.7001953125,6895260160,0.022016762442421917,0.521727303387078,4417.151690063477
2017-12-06,11923.400390625,14369.099609375,11923.400390625,14291.5,12656300032,0.18172416088180857,0.7106628306145011,4478.185540161133
2017-12-07,14266.099609375,17899.69921875,14057.2998046875,17899.69921875,17950699520,0.22511895434132784,0.9695805466947868,4557.478036499024
2017-12-08,17802.900390625,18353.400390625,14336.900390625,16569.400390625,21135998976,-0.07722626494389065,1.0311993873948546,4629.45803894043
2017-12-09,16523.30078125,16783.0,13674.900390625,15178.2001953125,13911300096,-0.08769744361032222,1.1150124624625413,4693.7469403076175
2017-12-10,15168.400390625,15850.599609375,13226.599609375,15455.400390625,13433299968,0.01809828138568269,1.116018915138768,4758.805742797852
2017-12-11,15427.400390625,17513.900390625,15404.7998046875,16936.80078125,12153900032,0.09153033338474723,1.1344136752866587,4831.964846801758
2017-12-12,16919.80078125,17781.80078125,16571.599609375,17415.400390625,14603799552,0.027866079189228038,1.1199327630467597,4908.029749145508
2017-12-13,17500.0,17653.099609375,16039.7001953125,16408.19921875,12976900096,-0.05957373243077356,1.1680093005912182,4979.876395263672
2017-12-14,16384.599609375,17085.80078125,16185.900390625,16564.0,13777399808,0.009450503424906668,1.1516541310167068,5051.917395019531
2017-12-15,16601.30078125,18154.099609375,16601.30078125,17706.900390625,14309999616,0.06672275050137494,1.1565718521606112,5129.173846435547
2017-12-16,17760.30078125,19716.69921875,17515.30078125,19497.400390625,12740599808,0.09632672719671541,1.17189292517457,5215.7834985351565
2017-12-17,19475.80078125,20089.0,18974.099609375,19140.80078125,13314599936,-0.01845892013095586,1.184839175118745,5300.05545288086
2017-12-18,19106.400390625,19371.0,18355.900390625,19114.19921875,14839499776,-0.0013907497993828459,1.1893871099124995,5383.587049560547
2017-12-19,19118.30078125,19177.80078125,17275.400390625,17776.69921875,16894499840,-0.07254290633921227,1.2430975607280585,5460.027795410157
2017-12-20,17760.30078125,17934.69921875,16077.7001953125,16624.599609375,22149699584,-0.06700506450657447,1.2770364486901273,5530.57404296875
2017-12-21,16642.400390625,17567.69921875,15342.7001953125,15802.900390625,16516599808,-0.05069001039219793,1.3026991173179023,5597.029494628906
2017-12-22,15898.0,15943.400390625,11833.0,13831.7998046875,22197999616,-0.1332232172821606,1.3928757202124376,5652.754443359375
2017-12-23,13948.7001953125,15603.2001953125,13828.7998046875,14699.2001953125,13086000128,0.06082280889142556,1.4034590995379856,5711.934444580078
2017-12-24,14608.2001953125,14626.0,12747.7001953125,13925.7998046875,11572299776,-0.05404986305608948,1.4222222110912692,5767.902644042969
2017-12-25,13995.900390625,14593.0,13448.900390625,14026.599609375,10664699904,0.007212278283202518,1.4205151762206094,5824.007541503906
2017-12-26,14036.599609375,16461.19921875,14028.900390625,16099.7998046875,13454300160,0.1378513383721832,1.4891014481077183,5890.387490234375
2017-12-27,16163.5,16930.900390625,15114.2998046875,15838.5,12487600128,-0.016363152489107035,1.361129201282168,5954.841440429687
2017-12-28,15864.099609375,15888.400390625,13937.2998046875,14606.5,12336499712,-0.08097704981335378,1.1306105191047813,6013.083389892578
2017-12-29,14695.7998046875,15279.0,14307.0,14656.2001953125,13025500160,0.003396832333957667,1.1041063684381804,6073.066241455078
2017-12-30,14681.900390625,14681.900390625,12350.099609375,12952.2001953125,14452599808,-0.12359779448691187,1.143927478931981,6124.242142333985
2017-12-31,12897.7001953125,14377.400390625,12755.599609375,14156.400390625,12136299520,0.08890117328095244,1.1893245819173455,6182.492293701172
2018-01-01,14112.2001953125,14112.2001953125,13154.7001953125,13657.2001953125,10291200000,-0.0358999768524143,1.1410537993651204,6238.45539428711
2018-01-02,13625.0,15444.599609375,13163.599609375,14982.099609375,16846600192,0.0925892597121414,1.189301862839888,6300.773092041016
2018-01-03,14978.2001953125,15572.7998046875,14844.5,15201.0,16871900160,0.014505086054969111,1.1757797748282373,6363.498692626953
2018-01-04,15270.7001953125,15739.7001953125,14522.2001953125,15599.2001953125,21783199744,0.02585842824803167,1.179449440005316,6428.753243408203
2018-01-05,15477.2001953125,17705.19921875,15202.7998046875,17429.5,23840899072,0.11094452953729485,1.2215185076238613,6502.952742919922
2018-01-06,17462.099609375,17712.400390625,16764.599609375,17527.0,18314600448,0.005578376143830052,1.1700109004333874,6576.97879272461
2018-01-07,17527.30078125,17579.599609375,16087.7001953125,16477.599609375,15866000384,-0.061740689989334026,1.185750811479815,6645.921290283203
2018-01-08,16476.19921875,16537.900390625,14208.2001953125,15170.099609375,18413899776,-0.08267549955484522,1.2138890223386483,6708.244738769531
2018-01-09,15123.7001953125,15497.5,14424.0,14595.400390625,16659999744,-0.03861992220665626,1.197801963610463,6767.49719116211
2018-01-10,14588.5,14973.2998046875,13691.2001953125,14973.2998046875,18500800512,0.025562164635524225,1.1845482883362288,6829.320090332031
2018-01-11,14968.2001953125,15018.7998046875,13105.900390625,13405.7998046875,16534099968,-0.11058116741362263,1.2309279864045615,6883.402039794922
2018-01-12,13453.900390625,14229.900390625,13158.099609375,13980.599609375,12065699840,0.04198319183702074,1.1532262596530847,6940.912788085938
2018-01-13,13952.400390625,14659.5,13952.400390625,14360.2001953125,12763599872,0.02678987830152579,1.1367071878859922,6999.95153930664
2018-01-14,14370.7998046875,14511.7998046875,13268.0,13772.0,11084099584,-0.04182295922437423,1.1303034127713387,7055.937589111328
2018-01-15,13767.2998046875,14445.5,13641.7001953125,13819.7998046875,12750799872,0.0034647868456980165,1.1300545485735434,7112.339987792969
2018-01-16,13836.099609375,13843.099609375,10194.900390625,11490.5,18853799936,-0.18458172530715175,1.182686757754477,7157.388287353516
2018-01-17,11431.099609375,11678.0,9402.2900390625,11188.599609375,18830600192,-0.02662523913776235,1.1832538889203612,7201.15853515625
2018-01-18,11198.7998046875,12107.2998046875,10942.5,11474.900390625,15020399616,0.025266707476315743,1.1674969345520858,7246.00068725586
2018-01-19,11429.7998046875,11992.7998046875,11172.099609375,11607.400390625,10740400128,0.011480784055017625,1.1691304959103777,7291.217388916016
2018-01-20,11656.2001953125,13103.0,11656.2001953125,12899.2001953125,11801700352,0.10552244967375776,1.1607364707092862,7342.705190429688
2018-01-21,12889.2001953125,12895.900390625,11288.2001953125,11600.099609375,9935179776,-0.10615162399161542,1.1687248976765028,7387.695738525391
2018-01-22,11633.099609375,11966.400390625,10240.2001953125,10931.400390625,10537400320,-0.05937426753876515,1.1782008007540512,7429.309940185547
2018-01-23,10944.5,11377.599609375,10129.7001953125,10868.400390625,9660609536,-0.005779885423653502,1.1173520669409758,7471.058642578125
2018-01-24,10903.400390625,11501.400390625,10639.7998046875,11359.400390625,9940989952,0.04418609725643604,1.1319582327027233,7514.998944091797
2018-01-25,11421.7001953125,11785.7001953125,11057.400390625,11259.400390625,8873169920,-0.008842259367552611,1.1229587613969072,7558.703746337891
2018-01-26,11256.0,11656.7001953125,10470.2998046875,11171.400390625,9746199552,-0.007846394102556208,1.0255644953598084,7602.697947998047
2018-01-27,11174.900390625,11614.900390625,10989.2001953125,11440.7001953125,7583269888,0.02382021404816243,1.0334780978278166,7648.212498779297
2018-01-28,11475.2998046875,12040.2998046875,11475.2998046875,11786.2998046875,8350360064,0.02976063348641126,1.0358671231519212,7695.149797363281
2018-01-29,11755.5,11875.599609375,11179.2001953125,11296.400390625,7107359744,-0.04245369798060674,1.0123277442193857,7739.842299804687
2018-01-30,11306.7998046875,11307.2001953125,10036.2001953125,10106.2998046875,8637859840,-0.11132515302966894,1.0645536691939532,7779.2070983886715
2018-01-31,10108.2001953125,10381.599609375,9777.419921875,10221.099609375,8041160192,0.011295200421318582,1.0584111794924131,7820.318296508789
2018-02-01,10237.2998046875,10288.7998046875,8812.2802734375,9170.5400390625,9959400448,-0.10845799638872773,1.0560987563321782,7856.521896972657
2018-02-02,9142.2802734375,9142.2802734375,7796.490234375,8830.75,12726899712,-0.03775622775012468,1.0348676360294349,7889.533597412109
2018-02-03,8852.1201171875,9430.75,8251.6298828125,9174.91015625,7263790080,0.03823265293714762,1.0423799388178514,7923.8137487792965
2018-02-04,9175.7001953125,9334.8701171875,8031.22021484375,8277.009765625,7073549824,-0.10299083790500331,1.0784425216624505,7953.831647949219
2018-02-05,8270.5400390625,8364.83984375,6756.68017578125,6955.27001953125,9285289984,-0.17398211533124852,1.190368016520537,7974.519997558594
2018-02-06,7051.75,7850.7001953125,6048.259765625,7754.0,13999800320,0.10870919082663183,1.1517938779250627,7999.951197509766
2018-02-07,7755.490234375,8509.1103515625,7236.7900390625,7621.2998046875,9169280000,-0.017261906053983648,1.1514417342832397,8024.007095947266
2018-02-08,7637.85986328125,8558.76953125,7637.85986328125,8265.58984375,9346750464,0.08115416198669995,1.1935799749630744,8051.683045654297
2018-02-09,8271.83984375,8736.98046875,7884.7099609375,8736.98046875,6784820224,0.05546355066788704,1.215683636741273,8081.593647460937
2018-02-10,8720.080078125,9122.5498046875,8295.4697265625,8621.900390625,7780960256,-0.013259122522587949,1.136153005897739,8111.8207495117185
2018-02-11,8616.1298828125,8616.1298828125,7931.10009765625,8129.97021484375,6122189824,-0.05874826338459948,1.1017803336830876,8139.823350830078
2018-02-12,8141.43017578125,8985.919921875,8141.43017578125,8926.5703125,6256439808,0.09347499762512804,1.1535919080751105,8171.097302246094
2018-02-13,8926.7197265625,8958.4697265625,8455.41015625,8598.3095703125,5696719872,-0.03746663522015054,1.157468881052239,8200.043800048828
2018-02-14,8599.919921875,9518.5400390625,8599.919921875,9494.6298828125,7909819904,0.09916074093751738,1.2052679012674377,8233.88469970703
2018-02-15,9488.3203125,10234.7998046875,9395.580078125,10166.400390625,9062540288,0.06836184023155013,1.2343445265336623,8270.930802001953
2018-02-16,10135.7001953125,10324.099609375,9824.8203125,10233.900390625,7296159744,0.006617573638271057,1.234920777753973,8307.723603515626
2018-02-17,10207.5,11139.5,10149.400390625,11112.7001953125,8660880384,0.08238283884948888,1.2678711890538852,8349.69580444336
2018-02-18,11123.400390625,11349.7998046875,10326.0,10551.7998046875,8744009728,-0.05179217303128765,1.2740875075834517,8388.901453857421
2018-02-19,10552.599609375,11273.7998046875,10513.2001953125,11225.2998046875,7652089856,0.06187369895710683,1.2869141567667521,8431.004302978516
2018-02-20,11231.7998046875,11958.5,11231.7998046875,11403.7001953125,9926540288,0.01576773934263906,1.2224551614906136,8473.543354492187
2018-02-21,11372.2001953125,11418.5,10479.099609375,10690.400390625,9405339648,-0.06459170224791023,1.246154386360184,8510.730806884765
2018-02-22,10660.400390625,11039.099609375,9939.08984375,10005.0,8040079872,-0.06626121098880938,1.2069236244596036,8544.686107177735
2018-02-23,9937.0703125,10487.2998046875,9734.5595703125,10301.099609375,7739500032,0.02916567969339066,1.1998916804206063,8579.296905517578
2018-02-24,10287.7001953125,10597.2001953125,9546.9697265625,9813.0703125,6917929984,-0.048535445290413405,1.2093479640610367,8611.262557373047
2018-02-25,9796.419921875,9923.2197265625,9407.0595703125,9664.73046875,5706939904,-0.01523197751850677,1.148953398726481,8642.87385986328
2018-02-26,9669.4296875,10475.0,9501.73046875,10366.7001953125,7287690240,0.07011553986619887,0.9588982837643775,8677.80096069336
2018-02-27,10393.900390625,10878.5,10246.099609375,10725.599609375,6966179840,0.0340346060989737,0.9042099369229388,8713.175858154296
2018-02-28,10687.2001953125,11089.7998046875,10393.099609375,10397.900390625,6936189952,-0.03102947063646394,0.9117120674401386,8745.741810302734
2018-03-01,10385.0,11052.2998046875,10352.7001953125,10951.0,7317279744,0.05182687604474616,0.8902224733491794,8780.130510253906
2018-03-02,10977.400390625,11189.0,10850.099609375,11086.400390625,7620590080,0.012288390831968733,0.8769810766229064,8813.936862792969
2018-03-03,11101.900390625,11528.2001953125,11002.400390625,11489.7001953125,6690570240,0.03573183173255637,0.8760861425650147,8850.475712890626
2018-03-04,11497.400390625,11512.599609375,11136.099609375,11512.599609375,6084149760,0.0019910549659772955,0.8372257637437556,8886.155561523437
2018-03-05,11532.400390625,11704.099609375,11443.900390625,11573.2998046875,6468539904,0.005258650235306609,0.7895312797418673,8922.363610839844
2018-03-06,11500.099609375,11500.099609375,10694.2998046875,10779.900390625,6832169984,-0.07101737882303372,0.8240140759133096,8955.460012207031
2018-03-07,10803.900390625,10929.5,9692.1201171875,9965.5703125,8797910016,-0.0785471416488412,0.8137040689243383,8984.319362792969
2018-03-08,9951.4404296875,10147.400390625,9335.8701171875,9395.009765625,7186089984,-0.05895751127349285,0.8029307200041783,9010.856112060546
2018-03-09,9414.6904296875,9466.349609375,8513.0302734375,9337.5498046875,8704190464,-0.006134788034011313,0.8020692327713053,9037.535161132813
2018-03-10,9350.58984375,9531.3203125,8828.4697265625,8866.0,5386319872,-0.05182014795719041,0.7523742512372567,9061.362561035156
2018-03-11,8852.7802734375,9711.8896484375,8607.1201171875,9578.6298828125,6296370176,0.0773108269362234,0.7953423172352184,9088.498110351562
2018-03-12,9602.9296875,9937.5,8956.4296875,9205.1201171875,6457399808,-0.039774699535065794,0.7656783944789232,9112.850310058593
2018-03-13,9173.0400390625,9470.3798828125,8958.1904296875,9194.849609375,5991139840,-0.0011163614975213596,0.7608912246732584,9136.966557617188
2018-03-14,9214.650390625,9355.849609375,8068.58984375,8269.8095703125,6438230016,-0.10603202002040293,0.8101294161119288,9156.553605957031
2018-03-15,8290.759765625,8428.349609375,7783.0498046875,8300.8603515625,6834429952,0.0037476840392196608,0.7872696116499018,9176.143508300782
2018-03-16,8322.91015625,8585.150390625,8005.31005859375,8338.349609375,5289379840,0.00450614197866649,0.7768145993698344,9195.921955566406
2018-03-17,8321.91015625,8346.5302734375,7812.81982421875,7916.8798828125,4426149888,-0.05186813420832641,0.7789769026803094,9212.611254882813
2018-03-18,7890.52001953125,8245.509765625,7397.990234375,8223.6796875,6639190016,0.03802058543426426,0.7963136369684232,9230.903154296875
2018-03-19,8344.1201171875,8675.8701171875,8182.39990234375,8630.650390625,6729110016,0.048302106725166924,0.7726942288449169,9250.539455566406
2018-03-20,8619.669921875,9051.01953125,8389.8896484375,8913.4697265625,6361789952,0.03224371887087316,0.7714693684430283,9270.646755371094
2018-03-21,8937.48046875,9177.3701171875,8846.330078125,8929.2802734375,6043129856,0.0017722101148143986,0.7679271294237247,9292.399306640626
2018-03-22,8939.4404296875,9100.7099609375,8564.900390625,8728.4697265625,5530390016,-0.022745729727735496,0.738528483070656,9313.12685546875
2018-03-23,8736.25,8879.6201171875,8360.6201171875,8879.6201171875,5954120192,0.017168711059965366,0.7406415282036324,9336.34340576172
2018-03-24,8901.9501953125,8996.1796875,8665.7001953125,8668.1201171875,5664600064,-0.02410683537135471,0.722286945002093,9357.801357421875
2018-03-25,8612.8095703125,8682.009765625,8449.099609375,8495.7802734375,4569880064,-0.02008233931084544,0.7203980915360773,9377.294658203125
2018-03-26,8498.4697265625,8530.080078125,7921.43017578125,8209.400390625,5921039872,-0.03428971504220468,0.7197779021704681,9395.342260742187
2018-03-27,8200.0,8232.7802734375,7797.27978515625,7833.0400390625,5378250240,-0.04692919680936608,0.7013279188800405,9413.3637109375
2018-03-28,7836.830078125,8122.89013671875,7809.169921875,7954.47998046875,4935289856,0.01538459954530477,0.6691831736596223,9432.005810546874
2018-03-29,7979.06982421875,7994.330078125,7081.3798828125,7165.7001953125,6361229824,-0.10442950860100436,0.7265523476062868,9447.219611816407
2018-03-30,7171.4501953125,7276.66015625,6683.93017578125,6890.52001953125,6289509888,-0.03915922419318774,0.7316670229563832,9460.865861816406
2018-03-31,6892.47998046875,7207.85009765625,6863.52001953125,6973.52978515625,4553269760,0.01197496528897845,0.7239689550377478,9475.079460449218
2018-04-01,7003.06005859375,7060.9501953125,6526.8701171875,6844.22998046875,4532100096,-0.018715563309412864,0.6481008515321386,9489.887659912109
2018-04-02,6844.85986328125,7135.47021484375,6816.580078125,7083.7998046875,4333440000,0.03440450062348593,0.664555779302532,9509.531909179688
2018-04-03,7102.259765625,7530.93994140625,7072.490234375,7456.10986328125,5499700224,0.051223352843477454,0.6996339925381876,9528.624858398438
2018-04-04,7456.41015625,7469.8798828125,6803.8798828125,6853.83984375,4936000000,-0.08422475580705478,0.6651394296758951,9544.768857421876
2018-04-05,6848.64990234375,6933.81982421875,6644.7998046875,6811.47021484375,5639320064,-0.006201068910304803,0.6636388601372585,9560.911809082032
2018-04-06,6815.9599609375,6857.490234375,6575.0,6636.31982421875,3766810112,-0.026050420941338085,0.6640030269616617,9573.767408447266
2018-04-07,6630.509765625,7050.5400390625,6630.509765625,6911.08984375,3976610048,0.040569778635102284,0.6692823871845305,9588.6980078125
2018-04-08,6919.97998046875,7111.56005859375,6919.97998046875,7023.52001953125,3652499968,0.0161371745154427,0.6550959144589085,9604.285858154297
2018-04-09,7044.31982421875,7178.10986328125,6661.990234375,6770.72998046875,4894060032,-0.03665561276645477,0.6294997629413128,9619.984307861328
2018-04-10,6795.43994140625,6872.41015625,6704.14990234375,6834.759765625,4272750080,0.009412414998555812,0.6142671216718489,9636.004606933593
2018-04-11,6843.47021484375,6968.31982421875,6817.58984375,6968.31982421875,4641889792,0.019352815614150316,0.6224309166870378,9651.884206542969
2018-04-12,6955.3798828125,7899.22998046875,6806.509765625,7889.25,8906250240,0.12412693581038274,0.7783286311779131,9672.916256103515
2018-04-13,7901.08984375,8183.9599609375,7758.93017578125,7895.9599609375,7764460032,0.0008501580097129826,0.774565169716385,9692.765705566406
2018-04-14,7874.669921875,8140.7099609375,7846.0,7986.240234375,5191430144,0.01136885881377853,0.7736280943354303,9713.23515625
2018-04-15,7999.330078125,8338.419921875,7999.330078125,8329.1103515625,5244480000,0.04203655981360764,0.787068053438047,9733.877358398437
2018-04-16,8337.5703125,8371.150390625,7925.72998046875,8058.669921875,5631309824,-0.03300812914143919,0.7863961350775941,9753.297058105469
2018-04-17,8071.66015625,8285.9599609375,7881.72021484375,7902.08984375,6900879872,-0.01962125912828721,0.771803102734355,9771.992158203126
2018-04-18,7944.43017578125,8197.7998046875,7886.009765625,8163.419921875,6529909760,0.03253592757494634,0.7782537126759225,9791.115708007812
2018-04-19,8159.27001953125,8298.6904296875,8138.77978515625,8294.3095703125,7063209984,0.015906496489625957,0.6775136500145675,9810.5685546875
2018-04-20,8286.8798828125,8880.23046875,8244.5400390625,8845.830078125,8438110208,0.06437648463049019,0.6836065323329925,9832.751105957032
2018-04-21,8848.7900390625,8997.5703125,8652.150390625,8895.580078125,7548550144,0.005608362578138261,0.6839528495117005,9855.641606445313
2018-04-22,8925.0595703125,9001.6396484375,8779.6103515625,8802.4599609375,6629899776,-0.010523309510453865,0.6799558867808531,9878.507106933594
2018-04-23,8794.3896484375,8958.5498046875,8788.8095703125,8930.8798828125,6925190144,0.014483697709083162,0.6751636515980747,9901.519455566406
2018-04-24,8934.33984375,9732.6103515625,8927.830078125,9697.5,10678800384,0.08235319918742609,0.7064011239294837,9928.152905273437
2018-04-25,9701.0302734375,9745.3203125,8799.83984375,8845.740234375,11083100160,-0.09193210663750347,0.7200728212670233,9950.24715576172
2018-04-26,8867.3203125,9281.509765625,8727.08984375,9281.509765625,8970559488,0.04808821013231678,0.7271646086945023,9973.6023046875
2018-04-27,9290.6298828125,9375.4697265625,8987.0498046875,8987.0498046875,7566289920,-0.0322395933068439,0.731839521097604,9994.677453613282
2018-04-28,8939.26953125,9412.08984375,8931.990234375,9348.48046875,7805479936,0.03942918286213941,0.7313368785038863,10017.509904785156
2018-04-29,9346.41015625,9531.490234375,9193.7099609375,9419.080078125,8853000192,0.007523614187495628,0.7316854761984695,10040.472905273438
2018-04-30,9426.1103515625,9477.1396484375,9166.8095703125,9240.5498046875,8673920000,-0.019136041014403197,0.7188141854012985,10059.441103515624
2018-05-01,9251.4697265625,9255.8798828125,8891.0498046875,9119.009765625,7713019904,-0.01324016669459219,0.7252118415280819,10076.800102539062
2018-05-02,9104.599609375,9256.51953125,9015.1396484375,9235.919921875,7558159872,0.012739001376982891,0.7249276239826692,10093.820751953124
2018-05-03,9233.9697265625,9798.330078125,9188.150390625,9743.8603515625,10207299584,0.05353715789106724,0.6231971595033685,10114.149104003905
2018-05-04,9695.5,9779.2001953125,9585.9599609375,9700.759765625,8217829888,-0.004433170333562973,0.6244478163127613,10134.024953613281
2018-05-05,9700.2802734375,9964.5,9695.1201171875,9858.150390625,7651939840,0.016094355065083252,0.6248116214509308,10155.288156738281
2018-05-06,9845.3095703125,9940.1396484375,9465.25,9654.7998046875,7222280192,-0.020843383079432266,0.6221860979591328,10175.608706054687
2018-05-07,9645.669921875,9665.849609375,9231.5302734375,9373.009765625,7394019840,-0.02962092312799005,0.6195444952879686,10193.931154785156
2018-05-08,9380.8701171875,9462.75,9127.76953125,9234.8203125,7415869952,-0.014853101418770562,0.617159689165297,10210.048005371094
2018-05-09,9223.73046875,9374.759765625,9031.6201171875,9325.1796875,7226890240,0.009737078547251641,0.6104871665893982,10226.515903320313
2018-05-10,9325.9599609375,9396.0400390625,9040.51953125,9043.9404296875,6906699776,-0.03062326710905233,0.6224571214277947,10241.693505859375
2018-05-11,9052.9599609375,9052.9599609375,8394.4599609375,8441.490234375,8488520192,-0.0689361065966995,0.6311025150651935,10254.249357910156
2018-05-12,8441.4404296875,8664.8603515625,8223.5,8504.8896484375,6821380096,0.007482389783710855,0.6314290163841622,10269.14060546875
2018-05-13,8515.490234375,8773.5498046875,8395.1201171875,8723.9404296875,5866379776,0.025429769131291063,0.6376656730437302,10284.00630859375
2018-05-14,8713.099609375,8881.1201171875,8367.9697265625,8716.7900390625,7364149760,-0.0008199646268759205,0.635356369003828,10298.066108398438
2018-05-15,8705.1904296875,8836.1904296875,8456.4501953125,8510.3798828125,6705710080,-0.023964474196194036,0.5617671590351,10311.713508300782
2018-05-16,8504.41015625,8508.4296875,8175.490234375,8368.830078125,6760220160,-0.016772482047846687,0.47013385355280035,10324.792209472656
2018-05-17,8370.0498046875,8445.5400390625,8054.1201171875,8094.31982421875,5862530048,-0.03335153970564195,0.4432924822577835,10334.494558105469
2018-05-18,8091.830078125,8274.1201171875,7974.81982421875,8250.9697265625,5764190208,0.019168176638719434,0.44147323938172517,10345.0967578125
2018-05-19,8255.73046875,8372.0595703125,8183.35009765625,8247.1796875,4712399872,-0.0004594502127542603,0.4126348632767565,10353.99065673828
2018-05-20,8246.990234375,8562.41015625,8205.240234375,8513.25,5191059968,0.031752487481541386,0.4307550986081893,10362.720356445312
2018-05-21,8522.330078125,8557.51953125,8365.1201171875,8418.990234375,5154990080,-0.011133876917273966,0.4282878176496093,10369.422807617188
2018-05-22,8419.8701171875,8423.25,8004.580078125,8041.77978515625,5137010176,-0.045839471398213046,0.4510181999677432,10373.592907714843
2018-05-23,8037.080078125,8054.66015625,7507.8798828125,7557.81982421875,6491120128,-0.06206765944472573,0.48504680462762056,10374.482255859375
2018-05-24,7561.1201171875,7738.60009765625,7331.14013671875,7587.33984375,6049220096,0.0038982826938899168,0.431190042054541,10375.381904296875
2018-05-25,7592.2998046875,7659.14013671875,7392.64990234375,7480.14013671875,4867829760,-0.014229521588760126,0.43038371172900564,10377.668806152344
2018-05-26,7486.47998046875,7595.16015625,7349.1201171875,7355.8798828125,4051539968,-0.016751549202161684,0.4178621249669124,10378.726306152344
2018-05-27,7362.080078125,7381.740234375,7270.9599609375,7368.22021484375,4056519936,0.0016762090503006405,0.4204501117759068,10378.26895751953
2018-05-28,7371.31005859375,7419.0498046875,7100.89013671875,7135.990234375,5040600064,-0.032025159738966816,0.4217375000994907,10378.231008300781
2018-05-29,7129.4599609375,7526.419921875,7090.68017578125,7472.58984375,5662660096,0.046090611580090195,0.46857553044693245,10382.503256835938
2018-05-30,7469.72998046875,7573.77001953125,7313.60009765625,7406.52001953125,4922540032,-0.008880942351451794,0.4630589659142846,10387.747856445312
2018-05-31,7406.14990234375,7608.89990234375,7361.1298828125,7494.169921875,5127130112,0.011764678499798073,0.4636708687283324,10395.468356933594
2018-06-01,7500.7001953125,7604.72998046875,7407.33984375,7541.4501953125,4921460224,0.006289122618005123,0.41132013727543426,10400.378156738281
2018-06-02,7536.72021484375,7695.830078125,7497.259765625,7643.4501953125,4939299840,0.01343460036267325,0.4141702804827952,10405.416657714844
2018-06-03,7632.08984375,7754.89013671875,7613.0400390625,7720.25,4851760128,0.009997649447416887,0.4031473946740803,10407.440207519532
2018-06-04,7722.52978515625,7753.81982421875,7474.0400390625,7514.47021484375,4993169920,-0.02701622323891649,0.40922104436773477,10405.654108886718
2018-06-05,7500.89990234375,7643.22998046875,7397.0,7633.759765625,4961739776,0.015749961130953748,0.4116774084567897,10405.277956542968
2018-06-06,7625.97021484375,7680.43017578125,7502.009765625,7653.97998046875,4692259840,0.002645286611436144,0.41027873460065617,10404.597106933594
2018-06-07,7650.81982421875,7741.27001953125,7650.81982421875,7678.240234375,4485799936,0.0031646133192780724,0.39692824358774004,10402.805856933594
2018-06-08,7685.14013671875,7698.18994140625,7558.39990234375,7624.919921875,4227579904,-0.006968564365645907,0.38919068550784536,10399.92725830078
2018-06-09,7632.52001953125,7683.580078125,7531.97998046875,7531.97998046875,3845220096,-0.012263867528105044,0.39007746107540947,10397.230859375
2018-06-10,7499.5498046875,7499.5498046875,6709.06982421875,6786.02001953125,5804839936,-0.1042933363808614,0.5005934719289191,10389.89321044922
2018-06-11,6799.2900390625,6910.18017578125,6706.6298828125,6906.919921875,4745269760,0.017659179795872778,0.5101947061901599,10384.233959960937
2018-06-12,6905.81982421875,6907.9599609375,6542.080078125,6582.35986328125,4654380032,-0.04813047339938324,0.5123122439591071,10375.877307128907
2018-06-13,6596.8798828125,6631.66015625,6285.6298828125,6349.89990234375,5052349952,-0.035954273506747965,0.4858785173508756,10363.67220703125
2018-06-14,6342.75,6707.14013671875,6334.4599609375,6675.35009765625,5138710016,0.049982602628063255,0.5250910725191003,10350.396208496093
2018-06-15,6674.080078125,6681.080078125,6433.8701171875,6456.580078125,3955389952,-0.033321874056011454,0.532923178708348,10333.587360839843
2018-06-16,6455.4501953125,6592.490234375,6402.2900390625,6550.16015625,3194170112,0.014389722742134216,0.5366539897676903,10316.044162597656
2018-06-17,6545.52978515625,6589.10986328125,6499.27001953125,6499.27001953125,3104019968,-0.007799634776661505,0.5360555787019463,10299.0974609375
2018-06-18,6510.06982421875,6781.14013671875,6446.68017578125,6734.81982421875,4039200000,0.035601191439461784,0.5457491327601004,10281.603562011718
2018-06-19,6742.39013671875,6822.5,6709.919921875,6769.93994140625,4057029888,0.00520115825376602,0.5172755821108999,10260.575263671875
2018-06-20,6770.759765625,6821.56005859375,6611.8798828125,6776.5498046875,3888640000,0.0009758784644155417,0.517399249399241,10239.085014648437
2018-06-21,6780.08984375,6810.93994140625,6715.169921875,6729.740234375,3529129984,-0.006931549314601128,0.5141588802420399,10216.11771484375
2018-06-22,6737.8798828125,6747.080078125,6006.60009765625,6083.68994140625,5079810048,-0.10092513460307667,0.609478549922021,10188.25016357422
2018-06-23,6090.10009765625,6224.81982421875,6071.81005859375,6162.47998046875,3431360000,0.012867880610642049,0.6092044098842547,10159.4790625
2018-06-24,6164.27978515625,6223.77978515625,5826.41015625,6173.22998046875,4566909952,0.0017429078270061015,0.6064112545761536,10118.887712402344
2018-06-25,6171.97021484375,6327.3701171875,6119.68017578125,6249.18017578125,5500810240,0.012228084684466036,0.6083003499103878,10060.6351171875
2018-06-26,6253.5498046875,6290.16015625,6093.669921875,6093.669921875,3279759872,-0.025199768617492124,0.6040186977671222,10008.25646484375
2018-06-27,6084.39990234375,6180.0,6052.85009765625,6157.1298828125,3296219904,0.010360226200307545,0.6067562991851665,9963.15111328125
2018-06-28,6153.16015625,6170.41015625,5873.0498046875,5903.43994140625,3467800064,-0.04207551892667362,0.6142405884031972,9915.391311035157
2018-06-29,5898.1298828125,6261.66015625,5835.75,6218.2998046875,3966230016,0.051961304162501123,0.6536082402020225,9861.798806152343
2018-06-30,6214.22021484375,6465.509765625,6214.22021484375,6404.0,4543860224,0.029426269046298203,0.6673666423254092,9806.741804199219
2018-07-01,6411.68017578125,6432.85009765625,6289.2900390625,6385.81982421875,4788259840,-0.002842915424254111,0.5674538639787418,9756.629907226563
2018-07-02,6380.3798828125,6683.85986328125,6305.7001953125,6614.18017578125,4396930048,0.03513597605397694,0.5785510417826998,9706.880808105469
2018-07-03,6596.66015625,6671.3701171875,6447.75,6529.58984375,4672309760,-0.012871725512867362,0.5556140120251639,9650.994255371093
2018-07-04,6550.8701171875,6771.919921875,6450.4599609375,6597.5498046875,4176689920,0.010354208139776208,0.5412303004833847,9586.495002441407
2018-07-05,6599.7099609375,6749.5400390625,6546.64990234375,6639.14013671875,4999240192,0.0062841192296037365,0.5126502160338063,9523.98669921875
2018-07-06,6638.68994140625,6700.93994140625,6533.5498046875,6673.5,4313959936,0.005162002311365564,0.49851598912125755,9461.783203125
2018-07-07,6668.7099609375,6863.990234375,6579.240234375,6856.93017578125,3961080064,0.027115385407600508,0.5045507659392852,9407.184357910157
2018-07-08,6857.7998046875,6885.91015625,6747.97998046875,6773.8798828125,3386210048,-0.012185823192757565,0.5058708895050523,9357.930759277344
2018-07-09,6775.080078125,6838.68017578125,6724.33984375,6741.75,3718129920,-0.004754487007430659,0.49116935082280383,9312.625007324219
2018-07-10,6739.2099609375,6767.740234375,6320.72021484375,6329.9501953125,4052430080,-0.06302716705344925,0.5368893350244867,9275.115759277343
2018-07-11,6330.77001953125,6444.9599609375,6330.47021484375,6394.7099609375,3644859904,0.010178711879892067,0.5387345319571702,9233.593308105468
2018-07-12,6396.77978515625,6397.10009765625,6136.419921875,6228.81005859375,3770170112,-0.026285767240593776,0.5447601670136164,9195.108359375
2018-07-13,6235.02978515625,6310.5498046875,6192.240234375,6238.0498046875,3805400064,0.001482289507841217,0.4143216637445341,9156.165610351563
2018-07-14,6247.5,6298.18994140625,6212.22021484375,6276.1201171875,2923670016,0.006084371585678029,0.4125759362678607,9107.047211914063
2018-07-15,6272.7001953125,6403.4599609375,6256.509765625,6359.64013671875,3285459968,0.013219819655417867,0.41479146701464326,9059.652912597656
2018-07-16,6357.009765625,6741.75,6357.009765625,6741.75,4725799936,0.05834774166521402,0.45841188105044584,9020.329162597656
2018-07-17,6739.64990234375,7387.240234375,6684.169921875,7321.0400390625,5961950208,0.08243286458020968,0.5205854865540963,8983.653361816407
2018-07-18,7315.31982421875,7534.990234375,7280.47021484375,7370.77978515625,6103410176,0.006771106197490973,0.5205930496527524,8955.746259765625
2018-07-19,7378.2001953125,7494.4599609375,7295.4599609375,7466.85986328125,5111629824,0.012951038487558252,0.4869572705495075,8922.298557128906
2018-07-20,7467.39990234375,7594.669921875,7323.259765625,7354.1298828125,4936869888,-0.015212500162381477,0.4714385381254684,8890.783205566406
2018-07-21,7352.72021484375,7437.64013671875,7262.41015625,7419.2900390625,3726609920,0.00882132629206077,0.46499224493630853,8852.969157714844
2018-07-22,7417.7998046875,7537.9501953125,7383.81982421875,7418.490234375,3695460096,-0.00010780651465853488,0.4643582778840722,8814.056608886718
2018-07-23,7414.7099609375,7771.5,7409.10009765625,7711.10986328125,5132480000,0.03868656433444906,0.4672098182081279,8774.616157226563
2018-07-24,7716.509765625,8424.26953125,7705.5,8424.26953125,7277689856,0.0884546416030793,0.5384836521482936,8729.590004882812
2018-07-25,8379.66015625,8416.8701171875,8086.35986328125,8181.39013671875,5845400064,-0.029254690417220935,0.5572840791616701,8682.861955566406
2018-07-26,8176.85009765625,8290.330078125,7878.7099609375,7951.580078125,4899089920,-0.028491418656974198,0.5731923549081591,8640.231857910156
2018-07-27,7950.39990234375,8262.66015625,7839.759765625,8165.009765625,5195879936,0.02648726157352419,0.5763371650527298,8605.206408691407
2018-07-28,8169.06005859375,8222.849609375,8110.77001953125,8192.150390625,3988750080,0.0033185039026142372,0.5731139639127506,8573.190158691406
2018-07-29,8205.8203125,8272.259765625,8141.18017578125,8218.4599609375,4107190016,0.00320641247214717,0.5685857331600408,8539.415959472657
2018-07-30,8221.580078125,8235.5,7917.5,8180.47998046875,5551400000,-0.004632012619252318,0.568548002780087,8513.289360351562
2018-07-31,8181.2001953125,8181.52978515625,7696.93017578125,7780.43994140625,5287530000,-0.05013794188199755,0.5493421917539951,8482.28856201172
2018-08-01,7769.0400390625,7769.0400390625,7504.9501953125,7624.91015625,4797620000,-0.02019234469295715,0.5590838752361245,8448.612111816406
2018-08-02,7634.18994140625,7712.77001953125,7523.43994140625,7567.14990234375,4214110000,-0.0076040421112573775,0.5481273709716714,8417.587861328126
2018-08-03,7562.14013671875,7562.14013671875,7328.64990234375,7434.39013671875,4627150000,-0.017699946974245928,0.555538243003756,8385.66081298828
2018-08-04,7438.669921875,7497.490234375,6984.06982421875,7032.85009765625,4268390000,-0.05552450759252941,0.5980764080979151,8363.372563476563
2018-08-05,7031.080078125,7102.77001953125,6940.7001953125,7068.47998046875,3679110000,0.0050534181440378585,0.5974033120019229,8342.771965332031
2018-08-06,7062.93994140625,7166.5498046875,6890.5400390625,6951.7998046875,3925900000,-0.016644870348810327,0.5688767388227828,8320.156462402343
2018-08-07,6958.31982421875,7146.56005859375,6748.240234375,6753.1201171875,4682800000,-0.028995953086401502,0.4952250297605954,8295.885061035156
2018-08-08,6746.85009765625,6746.85009765625,6226.22021484375,6305.7998046875,5064430000,-0.06853482384772068,0.5414361391574942,8262.91805908203
2018-08-09,6305.56005859375,6625.72998046875,6249.06982421875,6568.22998046875,4267040000,0.040774573013564665,0.5627911694509186,8237.7587109375
2018-08-10,6571.419921875,6591.259765625,6124.52001953125,6184.7099609375,4528680000,-0.06016427603596317,0.5927034051885667,8214.025258789063
2018-08-11,6185.7900390625,6455.740234375,6109.02978515625,6295.72998046875,4047850000,0.017791511924364466,0.5967588418622666,8191.161906738282
2018-08-12,6283.64990234375,6409.85009765625,6237.5,6322.68994140625,5665250000,0.004273118524736129,0.5976644567443913,8165.9783544921875
2018-08-13,6341.35986328125,6537.0498046875,6225.72021484375,6297.56982421875,4083980000,-0.0039809244546156666,0.5738195594288213,8141.169201660156
2018-08-14,6287.66015625,6287.93994140625,5971.0498046875,6199.7099609375,5301700000,-0.015661306329478587,0.44941084821556015,8116.310749511718
2018-08-15,6221.419921875,6588.490234375,6221.419921875,6308.52001953125,4895450000,0.017398593339543036,0.4591952545201804,8090.649848632813
2018-08-16,6294.22998046875,6473.5,6276.41015625,6334.72998046875,4328420000,0.004146085616168998,0.45868391865209035,8063.3919995117185
2018-08-17,6340.91015625,6582.5,6324.97021484375,6580.6298828125,4992990000,0.038083278208336936,0.47213123392767925,8039.813146972656
2018-08-18,6583.43017578125,6617.35009765625,6353.72998046875,6423.759765625,3984520000,-0.024126888066354907,0.4717487366485437,8021.400446777344
2018-08-19,6422.56982421875,6537.97998046875,6361.5498046875,6506.06982421875,3311170000,0.01273198071380139,0.47663929809655115,8002.825297851563
2018-08-20,6500.509765625,6536.919921875,6297.93017578125,6308.52978515625,3665100000,-0.030832908467442785,0.4807651056152856,7988.515246582031
2018-08-21,6301.06982421875,6500.8701171875,6298.240234375,6488.759765625,3377180000,0.028168761359932258,0.47978863879415745,7976.805295410156
2018-08-22,6486.25,6816.7900390625,6310.10986328125,6376.7099609375,4668110000,-0.017419128922693004,0.479043242583715,7962.814294433594
2018-08-23,6371.33984375,6546.5400390625,6371.33984375,6534.8798828125,3426180000,0.02450168206824125,0.49253119810147183,7954.1036450195315
2018-08-24,6551.52001953125,6719.9599609375,6498.64013671875,6719.9599609375,4097820000,0.027928230011097385,0.5052212873078487,7952.927094726562
2018-08-25,6719.9501953125,6789.6298828125,6700.9599609375,6763.18994140625,3312600000,0.0064124672521687996,0.4713054480216812,7947.973044433594
2018-08-26,6754.64013671875,6774.75,6620.75,6707.259765625,3295500000,-0.008304176683980409,0.4711074134024989,7943.402844238281
2018-08-27,6710.7998046875,6884.64013671875,6689.7099609375,6884.64013671875,4019000000,0.026102376198721546,0.4781532421522804,7936.498095703125
2018-08-28,6891.080078125,7109.56005859375,6882.33984375,7096.27978515625,4659940000,0.030277809712914813,0.47767179708456625,7928.294592285156
2018-08-29,7091.7099609375,7113.2998046875,6970.81982421875,7047.16015625,4145880000,-0.006945951847084595,0.4045449261975713,7920.420891113281
2018-08-30,7043.759765625,7072.68994140625,6834.68994140625,6978.22998046875,4463250000,-0.009829420799983127,0.38618525219009225,7914.662189941406
2018-08-31,6973.97021484375,7057.169921875,6920.16015625,7037.580078125,4495650000,0.008469072019252824,0.31083880825953936,7905.217238769531
2018-09-01,7044.81005859375,7242.2900390625,7038.0498046875,7193.25,4116050000,0.021878714118539457,0.3130816281919871,7898.191940917969
2018-09-02,7189.580078125,7306.31005859375,7132.16015625,7272.72021484375,4329540000,0.010987305122022542,0.31338522483214915,7887.082392578125
2018-09-03,7279.02978515625,7317.93994140625,7208.14990234375,7260.06005859375,4087760000,-0.001742290079993956,0.3125216899645711,7872.5506909179685
2018-09-04,7263.0,7388.259765625,7255.43994140625,7361.66015625,4273640000,0.013897370676709589,0.3023968657678348,7858.189489746093
2018-09-05,7361.4599609375,7388.43017578125,6792.830078125,6792.830078125,5800460000,-0.08041781637747243,0.4284124457256642,7836.5901391601565
2018-09-06,6755.14013671875,6755.14013671875,6404.72021484375,6529.169921875,5523470000,-0.03958783805725853,0.45365353953696597,7816.476989746094
2018-09-07,6528.919921875,6555.2900390625,6396.8701171875,6467.06982421875,4264680000,-0.009556698168818017,0.4347926643867458,7792.68583984375
2018-09-08,6460.169921875,6534.25,6197.52001953125,6225.97998046875,3835060000,-0.037992262867389735,0.44664541579527856,7766.797238769531
2018-09-09,6223.3798828125,6446.259765625,6201.22021484375,6300.85986328125,3671890000,0.011955253777374625,0.4463418073677312,7744.849536132812
2018-09-10,6301.56982421875,6374.97998046875,6292.759765625,6329.7001953125,3714100000,0.004566762205364724,0.4337221830569262,7726.473037109375
2018-09-11,6331.8798828125,6398.919921875,6260.2099609375,6321.2001953125,3849910000,-0.0013437780737511058,0.4215873595826853,7706.573540039062
2018-09-12,6317.009765625,6363.8701171875,6265.08984375,6351.7998046875,4064230000,0.004829112103060521,0.417861290056724,7689.2671875
2018-09-13,6354.240234375,6535.41015625,6354.240234375,6517.31005859375,4210910000,0.025723516554865874,0.4187912648461724,7673.530085449219
2018-09-14,6515.41015625,6596.10009765625,6456.169921875,6512.7099609375,4076220000,-0.0007060768656483014,0.406177446980031,7654.260134277344
2018-09-15,6509.39990234375,6561.72021484375,6493.5498046875,6543.2001953125,3216300000,0.004670726045218974,0.4057950121177571,7633.348137207031
2018-09-16,6536.68017578125,6544.330078125,6460.10009765625,6517.18017578125,3273730000,-0.003984578276937406,0.40516782604174895,7613.944536132813
2018-09-17,6514.06005859375,6540.2099609375,6257.52001953125,6281.2001953125,3910780000,-0.03688071788794455,0.41007508935615006,7590.595537109375
2018-09-18,6280.91015625,6384.18017578125,6265.7099609375,6371.2998046875,4180090000,0.01424242361641818,0.3965438489696483,7567.020034179687
2018-09-19,6371.85009765625,6448.4599609375,6208.33984375,6398.5400390625,4431340000,0.004266345706214488,0.39779770574689866,7541.564233398438
2018-09-20,6398.85009765625,6529.259765625,6395.9501953125,6519.669921875,4348110000,0.01875390373168553,0.40531320430135426,7516.599584960937
2018-09-21,6513.8701171875,6794.330078125,6496.35986328125,6734.9501953125,6531940000,0.032486665751885406,0.42223902783152983,7492.4078369140625
2018-09-22,6735.0498046875,6814.56005859375,6616.7998046875,6721.97998046875,4509660000,-0.0019276638417005945,0.41316529955094927,7472.118234863281
2018-09-23,6715.31982421875,6766.14990234375,6679.419921875,6710.6298828125,4197500000,-0.0016899322578373187,0.40999173367748953,7455.843532714844
2018-09-24,6704.77001953125,6713.56005859375,6580.89990234375,6595.41015625,4177310000,-0.017318842593149884,0.4125350179703595,7441.845534667968
2018-09-25,6603.64013671875,6603.64013671875,6381.85986328125,6446.47021484375,4726180000,-0.02284124873972531,0.4114396357955997,7427.39013671875
2018-09-26,6452.7900390625,6585.91015625,6397.89013671875,6495.0,4437300000,0.007499922625336217,0.31284926074473357,7415.53513671875
2018-09-27,6495.2900390625,6712.10009765625,6464.9501953125,6676.75,4606810000,0.027598692087246655,0.29771059321491783,7401.025737304688
2018-09-28,6678.75,6785.02978515625,6598.31982421875,6644.1298828125,5014430000,-0.004897601761743681,0.29604910641049337,7388.2207861328125
2018-09-29,6643.10009765625,6643.10009765625,6511.64990234375,6601.9599609375,4363690000,-0.006367171722292317,0.2614263814308971,7375.256337890625
2018-09-30,6604.7099609375,6643.77978515625,6566.5400390625,6625.56005859375,4002280000,0.0035683367196754708,0.2593283985148195,7367.035090332031
2018-10-01,6619.85009765625,6653.2998046875,6549.080078125,6589.6201171875,4000970000,-0.00543920393591315,0.260584890572841,7358.4788891601565
2018-10-02,6593.240234375,6611.83984375,6537.89990234375,6556.10009765625,3979260000,-0.005099772645630063,0.2615001861904069,7349.567641601562
2018-10-03,6553.85986328125,6571.4599609375,6454.02978515625,6502.58984375,3887310000,-0.00819539381745712,0.26344500124511255,7342.49619140625
2018-10-04,6497.91015625,6603.31005859375,6497.91015625,6576.68994140625,3838410000,0.011331035300968855,0.25092734493753294,7334.261242675781
2018-10-05,6574.14990234375,6623.6201171875,6557.41015625,6622.47998046875,3671500000,0.0069383488553248175,0.25188600701542013,7324.220390625
2018-10-06,6622.4501953125,6628.5400390625,6577.7998046875,6588.31005859375,3259740000,-0.005173043848845555,0.252285872823042,7312.594592285156
2018-10-07,6590.68017578125,6641.490234375,6557.0400390625,6602.9501953125,3306630000,0.002219673093834595,0.2518649349498786,7300.9629418945315
2018-10-08,6600.18994140625,6675.06005859375,6576.0400390625,6652.22998046875,3979460000,0.007435585416514066,0.2124159649463546,7290.581743164063
2018-10-09,6653.080078125,6661.41015625,6606.93994140625,6642.64013671875,3580810000,-0.0014426384505712788,0.20862287475744823,7279.3968432617185
2018-10-10,6640.2900390625,6640.2900390625,6538.9599609375,6585.52978515625,3787650000,-0.008634710127935695,0.21161142513894693,7268.983891601562
2018-10-11,6586.740234375,6586.740234375,6243.740234375,6256.240234375,5181640000,-0.051295382144624056,0.27014508069106474,7257.78619140625
2018-10-12,6239.25,6328.5,6236.47021484375,6274.580078125,3783500000,0.0029271598167849833,0.2404188837007703,7248.11208984375
2018-10-13,6278.080078125,6308.509765625,6259.81005859375,6285.990234375,3064030000,0.0018168218647266394,0.24105133512988983,7240.376840820312
2018-10-14,6288.490234375,6363.2099609375,6280.14990234375,6290.93017578125,3085320000,0.0007855566385387347,0.24139814928021966,7232.059091796875
2018-10-15,6292.64013671875,6965.06005859375,6258.68017578125,6596.5400390625,7370770000,0.04743633360553313,0.29214553651883235,7229.213291015625
2018-10-16,6601.41015625,6673.58984375,6571.3701171875,6596.10986328125,4074800000,-6.521446177784128e-05,0.28010610905224914,7227.741240234375
2018-10-17,6590.52001953125,6601.2099609375,6517.4501953125,6544.43017578125,4088420000,-0.00786572755709154,0.2807342403459583,7225.5957421875
2018-10-18,6542.330078125,6567.5400390625,6450.0400390625,6476.7099609375,3924080000,-0.010401673695689338,0.26468285442680034,7223.758142089844
2018-10-19,6478.06982421875,6493.68017578125,6445.31005859375,6465.41015625,3578870000,-0.0017462065653074937,0.264390390624531,7220.666193847656
2018-10-20,6460.919921875,6497.72021484375,6449.0,6489.18994140625,3379130000,0.0036712537146421764,0.2642523235438378,7215.8315942382815
2018-10-21,6490.08984375,6556.3798828125,6476.0,6482.35009765625,3253610000,-0.0010545924945415059,0.26376972416228034,7213.974145507813
2018-10-22,6486.0498046875,6543.7998046875,6462.97998046875,6487.16015625,3672860000,0.0007417487199009042,0.26333967592579993,7212.352595214844
2018-10-23,6472.35986328125,6506.009765625,6451.27001953125,6475.740234375,3716150000,-0.0017619397642864927,0.2628978647072422,7211.549697265625
2018-10-24,6478.89013671875,6521.990234375,6468.85986328125,6495.83984375,3424670000,0.0030990249977650625,0.2616880572160578,7209.473447265625
2018-10-25,6484.64990234375,6504.64990234375,6447.02978515625,6476.2900390625,3230550000,-0.0030141263870882,0.2585266279754279,7206.737297363281
2018-10-26,6468.43994140625,6498.2900390625,6449.60986328125,6474.75,3306050000,-0.00023782477161892504,0.25703459530534517,7205.257397460938
2018-10-27,6480.83984375,6507.41015625,6453.52978515625,6480.3798828125,3393250000,0.0008691357350833926,0.25667253247297406,7203.485498046875
2018-10-28,6482.66015625,6502.27978515625,6447.91015625,6486.39013671875,3445190000,0.0009270241282320825,0.2565207846269486,7201.075849609375
2018-10-29,6492.35009765625,6503.60009765625,6306.990234375,6332.6298828125,4199910000,-0.023990543470313163,0.26663449118933197,7193.292749023438
2018-10-30,6337.0400390625,6364.990234375,6310.14013671875,6334.27001953125,3781100000,0.00025896418864301634,0.26677213799076516,7185.484299316407
2018-10-31,6336.990234375,6349.16015625,6316.8798828125,6317.60986328125,4191240000,-0.0026336269445917018,0.26577441361238696,7177.141147460938
2018-11-01,6318.14013671875,6547.14013671875,6311.830078125,6377.77978515625,3789400000,0.009479090296346939,0.1985642932355881,7167.384494628906
2018-11-02,6378.919921875,6396.85986328125,6327.3798828125,6388.43994140625,4234870000,0.0016700572222643,0.1984516004592237,7159.033344726562
2018-11-03,6387.240234375,6400.06982421875,6342.3701171875,6361.259765625,3658640000,-0.004263663863637974,0.19919722724290717,7151.329194335937
2018-11-04,6365.47021484375,6388.6298828125,6294.56982421875,6376.1298828125,4390020000,0.0023348777659298278,0.1992909444033854,7142.392744140625
2018-11-05,6363.6201171875,6480.58984375,6363.6201171875,6419.66015625,4174800000,0.0068038692776419656,0.10776316907206146,7133.019497070312
2018-11-06,6433.3798828125,6463.5498046875,6408.16015625,6461.009765625,4700040000,0.0064204349103652286,0.11098892966325466,7121.095395507812
2018-11-07,6468.5,6552.16015625,6468.31005859375,6530.14013671875,4941260000,0.010642787457474817,0.1149793988834798,7109.2681958007815
2018-11-08,6522.27001953125,6536.919921875,6438.52978515625,6453.72021484375,4665260000,-0.011771661474414798,0.11661172800737071,7097.5244970703125
2018-11-09,6442.60009765625,6456.4599609375,6373.3701171875,6385.6201171875,4346820000,-0.0106081363243139,0.1220362646929852,7084.798198242188
2018-11-10,6386.1298828125,6437.27978515625,6385.31005859375,6409.22021484375,3705320000,0.00368900647570952,0.12204409297732367,7068.356799316406
2018-11-11,6413.6298828125,6423.25,6350.169921875,6411.27001953125,3939060000,0.00031977009731966983,0.12207109846985749,7056.1844482421875
2018-11-12,6411.759765625,6434.2099609375,6360.47021484375,6371.27001953125,4295770000,-0.0062585574452049195,0.12355538889140333,7041.6332495117185
2018-11-13,6373.18994140625,6395.27001953125,6342.669921875,6359.490234375,4503800000,-0.001850602522267611,0.12356394003065756,7028.4954516601565
2018-11-14,6351.240234375,6371.5498046875,5544.08984375,5738.35009765625,7398940000,-0.10277649273173681,0.3731134844525178,7010.444799804687
2018-11-15,5736.14990234375,5774.81982421875,5358.3798828125,5648.02978515625,7032140000,-0.015864955827275286,0.37451227338651477,6991.5895483398435
2018-11-16,5645.31982421875,5657.02001953125,5498.93994140625,5575.5498046875,5279320000,-0.012915841594389046,0.3744093511211224,6973.264548339844
2018-11-17,5578.580078125,5578.580078125,5519.56005859375,5554.330078125,4303150000,-0.0038131143366994845,0.3735007220083321,6955.441149902344
2018-11-18,5559.740234375,5653.60986328125,5559.740234375,5623.5400390625,4159680000,0.012383547969032271,0.3787682428535393,6937.379250488281
2018-11-19,5620.77978515625,5620.77978515625,4842.91015625,4871.490234375,7039560000,-0.14356147255391308,0.6056716252812949,6913.017399902344
2018-11-20,4863.93017578125,4951.60986328125,4272.10986328125,4451.8701171875,8428290000,-0.09007563428611133,0.6601039745612961,6886.772951660157
2018-11-21,4465.5400390625,4675.72998046875,4343.97998046875,4602.169921875,6120120000,0.033203655465095516,0.6811286182514318,6860.4930493164065
2018-11-22,4611.56982421875,4629.64013671875,4365.64013671875,4365.93994140625,4569370000,-0.052694412359316274,0.6869019585319317,6834.04875
2018-11-23,4360.7001953125,4396.419921875,4195.68017578125,4347.10986328125,4871490000,-0.004322277012643036,0.6850458310381528,6808.919250488281
2018-11-24,4347.68994140625,4413.08984375,3795.159912109375,3880.760009765625,4679500000,-0.11348021178490733,0.757434000570991,6782.148948974609
2018-11-25,3880.780029296875,4120.8701171875,3585.06005859375,4009.969970703125,6825640000,0.03275273942871904,0.7775846041254153,6755.572900390625
2018-11-26,4015.070068359375,4107.14013671875,3643.919921875,3779.1298828125,6476900000,-0.059289959286095456,0.7803479110526356,6729.24884765625
2018-11-27,3765.949951171875,3862.9599609375,3661.010009765625,3820.719970703125,5998720000,0.010945085463912742,0.7828138839668973,6706.144996337891
2018-11-28,3822.469970703125,4385.89990234375,3822.469970703125,4257.419921875,7280280000,0.10822444579237071,0.9026361469801077,6684.9076477050785
2018-11-29,4269.00439453125,4413.0205078125,4145.76513671875,4278.8466796875,6503347767,0.005020181260204391,0.9065174744918552,6662.682178955078
2018-11-30,4289.0888671875,4322.9765625,3942.822021484375,4017.2685546875,6048016717,-0.06308129823555883,0.9181309470239163,6639.184571533203
2018-12-01,4024.46435546875,4309.37744140625,3969.710693359375,4214.671875,5375314093,0.04796953376593715,0.9461691429797106,6617.706031494141
2018-12-02,4200.7333984375,4301.51953125,4110.978515625,4139.8779296875,5262697895,-0.017905439628711557,0.9433492570485794,6596.561270751953
2018-12-03,4147.32373046875,4155.9794921875,3840.4462890625,3894.130859375,5089570994,-0.06119579004793354,0.9518164789886375,6575.560325927734
2018-12-04,3886.294921875,4075.627685546875,3832.75,3956.893798828125,5028069239,0.015988811461090185,0.9588957294381706,6554.089946289063
2018-12-05,3958.894775390625,3969.535888671875,3753.994873046875,3753.994873046875,5302481574,-0.05263875080027785,0.9210532950422976,6531.624022216797
2018-12-06,3754.074462890625,3874.966064453125,3521.101806640625,3521.101806640625,5878333109,-0.06404661855090774,0.933233405609766,6506.66328125
2018-12-07,3512.59033203125,3512.59033203125,3280.228759765625,3419.937255859375,6835615448,-0.029151749215485624,0.9328268311987549,6481.668016357422
2018-12-08,3421.910400390625,3506.04345703125,3350.650634765625,3476.11474609375,5305024497,0.016293013151101775,0.9406793616872394,6458.839691162109
2018-12-09,3473.2275390625,3685.3056640625,3469.09423828125,3614.234375,4947372847,0.03896482421444885,0.9573926620508127,6439.121763916016
2018-12-10,3612.04638671875,3647.33251953125,3470.14453125,3502.656005859375,5020968740,-0.03135850250725668,0.849279693262621,6418.698344726563
2018-12-11,3497.5546875,3513.18505859375,3392.25,3424.588134765625,4696765188,-0.022540327664477524,0.8058805962179221,6398.420584716797
2018-12-12,3421.458251953125,3534.228515625,3413.4814453125,3486.9501953125,4139364829,0.018046272769709704,0.7967095459991456,6379.075936279297
2018-12-13,3487.87939453125,3489.739501953125,3298.132080078125,3313.67724609375,4343372456,-0.05096896140814731,0.7956539310477013,6358.803221435547
2018-12-14,3311.751953125,3329.555908203125,3206.542236328125,3242.48486328125,4372763663,-0.021718554248833184,0.7955090323081131,6339.335694580078
2018-12-15,3243.99755859375,3275.3779296875,3191.303466796875,3236.76171875,3551763561,-0.0017666084928983055,0.7088213389800315,6318.156553955078
2018-12-16,3236.274658203125,3305.753173828125,3233.81982421875,3252.839111328125,3744248994,0.004954827235499686,0.6947689321346059,6297.388149414062
2018-12-17,3253.123046875,3597.91796875,3253.123046875,3545.86474609375,5409247918,0.08625387653959106,0.7456466561335706,6277.646623535156
2018-12-18,3544.761474609375,3701.349365234375,3487.169189453125,3696.05908203125,5911325473,0.04148507479472932,0.7602233594201986,6258.41966796875
2018-12-19,3706.824951171875,3949.322998046875,3687.22998046875,3745.95068359375,6810689119,0.013408299801074757,0.6507369734334483,6238.932170410157
2018-12-20,3742.195068359375,4191.228515625,3728.974609375,4134.44140625,8927129279,0.09867679132172595,0.7449496582374875,6221.003127441406
2018-12-21,4133.70361328125,4198.4296875,3850.9462890625,3896.543701171875,7206015706,-0.05926230044008081,0.7410880369952959,6202.913494873047
2018-12-22,3898.083740234375,4014.1826171875,3855.739013671875,4014.1826171875,5605823233,0.029743814670969634,0.7283532341726614,6184.815609130859
2018-12-23,4020.99462890625,4085.7236328125,3976.40576171875,3998.980224609375,6151275490,-0.0037943596349006648,0.7261859536727581,6166.5406103515625
2018-12-24,4000.331787109375,4271.79248046875,4000.331787109375,4078.59912109375,7240968501,0.01971419201541739,0.6960539566967834,6148.542404785157
2018-12-25,4081.030517578125,4089.5615234375,3760.0205078125,3815.49072265625,6158207293,-0.06668429052768687,0.7333419152512386,6129.495258789062
2018-12-26,3819.666748046875,3893.359619140625,3769.86376953125,3857.297607421875,5326547918,0.010897550330662953,0.7104410792343853,6111.121846923828
2018-12-27,3854.6884765625,3874.4169921875,3645.448486328125,3654.83349609375,5130222366,-0.0539162995271533,0.6994840438159214,6095.465914306641
2018-12-28,3653.1318359375,3956.135986328125,3642.632080078125,3923.918701171875,5631554348,0.07104028607292981,0.72914607104551,6080.550908203125
2018-12-29,3932.49169921875,3963.7587890625,3820.40869140625,3820.40869140625,4991655917,-0.026733418957821234,0.7370895865545257,6066.74115234375
2018-12-30,3822.384765625,3901.908935546875,3797.21923828125,3865.95263671875,4770578575,0.011850725299472748,0.7270297841199329,6054.321416015625
2018-12-31,3866.839111328125,3868.742919921875,3725.867431640625,3742.700439453125,4661840806,-0.03240073596075585,0.7276628041144038,6039.6581677246095
2019-01-01,3746.71337890625,3850.913818359375,3707.231201171875,3843.52001953125,4324200990,0.026581224952000385,0.7256990852477236,6026.592867431641
2019-01-02,3849.21630859375,3947.981201171875,3817.409423828125,3943.409423828125,5244856836,0.025657066653891034,0.7278333415033135,6013.559113769531
2019-01-03,3931.048583984375,3935.68505859375,3826.222900390625,3836.7412109375,4530215219,-0.02742232180619206,0.7089957558988589,6000.246469726562
2019-01-04,3832.0400390625,3865.9345703125,3783.853759765625,3857.717529296875,4847965467,0.005452331614920808,0.7013447647617259,5985.860958251953
2019-01-05,3851.973876953125,3904.903076171875,3836.900146484375,3845.194580078125,5137609824,-0.003251487248933267,0.7016313945723228,5971.237231445312
2019-01-06,3836.51904296875,4093.29736328125,3826.51318359375,4076.632568359375,5597027440,0.058447089054905726,0.7226658326783563,5957.737645263672
2019-01-07,4078.5849609375,4092.613525390625,4020.89404296875,4025.248291015625,5228625637,-0.012684700557385667,0.6719084685136741,5944.215185546875
2019-01-08,4028.47216796875,4109.02099609375,3996.955322265625,4030.847900390625,5306593305,0.0013901547706836324,0.6594976083558927,5933.950975341797
2019-01-09,4031.552001953125,4068.403564453125,4022.662841796875,4035.29638671875,5115905225,0.0011030020343775215,0.658693174484735,5923.315057373047
2019-01-10,4034.411376953125,4064.066650390625,3659.174560546875,3678.924560546875,6874143796,-0.0924592824929815,0.6434662385900162,5910.843530273438
2019-01-11,3674.015380859375,3713.8818359375,3653.06982421875,3687.365478515625,5538712865,0.002291770109090111,0.6133616866621326,5898.03445678711
2019-01-12,3686.97314453125,3698.978271484375,3653.810791015625,3661.301025390625,4778170883,-0.0070936849314874395,0.6020349772949429,5885.872612304687
2019-01-13,3658.8681640625,3674.760009765625,3544.92724609375,3552.953125,4681302466,-0.030039431790895278,0.6085419648827509,5872.851728515625
2019-01-14,3557.31103515625,3727.836181640625,3552.28515625,3706.05224609375,5651384490,0.04218810159294485,0.6250908350536868,5861.864790039062
2019-01-15,3704.21630859375,3720.1533203125,3619.94921875,3630.67529296875,5537192302,-0.020548563372547957,0.5865621126474478,5848.9266674804685
2019-01-16,3631.509765625,3685.777099609375,3624.67333984375,3655.0068359375,5394457145,0.006679301401546422,0.5855415449264297,5835.181701660156
2019-01-17,3651.87109375,3680.135986328125,3621.9609375,3678.56396484375,5464420383,0.006424485580328479,0.5553981874834347,5821.645422363281
2019-01-18,3677.990478515625,3682.52001953125,3637.080810546875,3657.83935546875,5002961727,-0.005649816019732142,0.49228794270306325,5806.8637182617185
2019-01-19,3652.3779296875,3758.533447265625,3652.3779296875,3728.568359375,5955691380,0.01915170905873867,0.49047643259031726,5792.858610839844
2019-01-20,3725.446044921875,3743.387939453125,3583.01953125,3601.013671875,5582489560,-0.03480896076891464,0.5013938877291433,5777.875930175781
2019-01-21,3600.372802734375,3608.8408203125,3558.537109375,3576.032470703125,5004347059,-0.006961443903655484,0.4904669030011197,5762.560391845703
2019-01-22,3575.081298828125,3620.74658203125,3539.721435546875,3604.5771484375,5313623556,0.00795053055647093,0.4808584749141518,5747.21577758789
2019-01-23,3605.55712890625,3623.06787109375,3565.31396484375,3585.123046875,5433755649,-0.005411671839448025,0.4693904370924596,5730.856741943359
2019-01-24,3584.500244140625,3616.08740234375,3569.0927734375,3600.865478515625,5262869046,0.004381431105509742,0.46273389849286417,5714.991669921875
2019-01-25,3607.390380859375,3612.927734375,3575.597412109375,3599.765869140625,5265847539,-0.00030542026954499585,0.4618343686713932,5699.281749267579
2019-01-26,3599.71533203125,3654.93310546875,3593.345947265625,3602.46044921875,5098183235,0.0007482631299659863,0.4620469705488031,5685.644300537109
2019-01-27,3604.687255859375,3612.67138671875,3567.245849609375,3583.9658203125,5570752966,-0.005147111803203804,0.40419814375605784,5671.5905798339845
2019-01-28,3584.283203125,3586.7509765625,3439.23291015625,3470.450439453125,6908930483,-0.0321855631491495,0.4137136643386945,5657.798781738281
2019-01-29,3468.8701171875,3476.0654296875,3400.81982421875,3448.116943359375,5897159493,-0.006456126661071388,0.4125852039673613,5643.8491174316405
2019-01-30,3443.89697265625,3495.1748046875,3429.387939453125,3486.181640625,5955112627,0.010978782970954,0.4165596388661341,5629.899425048829
2019-01-31,3485.4091796875,3504.804931640625,3447.915771484375,3457.792724609375,5831198271,-0.008176606850343018,0.27781690953733273,5615.3901879882815
2019-02-01,3460.547119140625,3501.9541015625,3431.591552734375,3487.9453125,5422926707,0.00868238253365107,0.28020844732512346,5599.121164550781
2019-02-02,3484.6259765625,3523.287353515625,3467.57470703125,3521.060791015625,5071623601,0.009449478125773406,0.2827496543138042,5580.121268310547
2019-02-03,3516.1396484375,3521.38818359375,3447.92431640625,3464.013427734375,5043937584,-0.016334438234447555,0.26920069551290554,5560.587436523438
2019-02-04,3467.211669921875,3476.223876953125,3442.5869140625,3459.154052734375,5332718886,-0.0014038013125416823,0.2181779741061194,5540.548907470703
2019-02-05,3454.950927734375,3478.148193359375,3451.93701171875,3466.357421875,5227549545,0.0020802425249583987,0.2095251061930802,5521.110045166016
2019-02-06,3469.091796875,3469.091796875,3398.5654296875,3413.767822265625,5482196038,-0.015287693750092953,0.21159641452570963,5501.082434082031
2019-02-07,3414.929443359375,3427.945556640625,3394.218505859375,3399.4716796875,5004962683,-0.004196583300843028,0.2086550819407702,5480.987341308593
2019-02-08,3401.37646484375,3695.614013671875,3391.023681640625,3666.7802734375,7735623101,0.07569393609415692,0.34504946237720463,5460.765693359375
2019-02-09,3671.5859375,3679.94140625,3646.559326171875,3671.20361328125,6158833645,0.0012056010064354034,0.3381053892259723,5437.000363769531
2019-02-10,3673.201416015625,3695.0361328125,3640.97998046875,3690.188232421875,6282256903,0.005157899926351539,0.3149106271686926,5414.544354248047
2019-02-11,3695.613037109375,3695.613037109375,3642.287841796875,3648.4306640625,6277056434,-0.011380348161982145,0.3167142871255493,5393.028607177735
2019-02-12,3642.751953125,3668.5869140625,3618.556884765625,3653.528564453125,6480384532,0.0013963105132088508,0.3157022554808417,5370.471201171875
2019-02-13,3653.60400390625,3669.74658203125,3617.246337890625,3632.070556640625,6438903823,-0.0058905436608690425,0.31582229662177186,5347.670802001953
2019-02-14,3631.170166015625,3646.256591796875,3607.69775390625,3616.880859375,6271044418,-0.004190873583172263,0.31593176769273074,5324.662906494141
2019-02-15,3617.368408203125,3647.795166015625,3608.20654296875,3620.810791015625,6091952231,0.0010859628225890826,0.3159398593109631,5301.864560546875
2019-02-16,3615.270263671875,3652.84130859375,3615.270263671875,3629.78759765625,5934744052,0.002476157344838119,0.3160289813758273,5281.111298828125
2019-02-17,3633.359375,3680.537353515625,3619.18212890625,3673.836181640625,7039512503,0.01206226371912486,0.3178679369121625,5261.3559289550785
2019-02-18,3671.369873046875,3936.6650390625,3669.982421875,3915.71435546875,9908216640,0.06376138183178885,0.361715386237073,5243.098751220703
2019-02-19,3911.66162109375,4010.87939453125,3908.153076171875,3947.094482421875,9933626655,0.007981955101910685,0.35902518090044316,5225.662272949219
2019-02-20,3946.68505859375,4000.486328125,3926.246826171875,3999.820556640625,8693373948,0.013269765098495359,0.3594778762697641,5210.497125244141
2019-02-21,4000.2568359375,4010.009521484375,3940.108154296875,3954.1181640625,7775128102,-0.01149189028232773,0.36136705074841013,5194.925316162109
2019-02-22,3952.406494140625,4006.538330078125,3950.81640625,4005.526611328125,7826525254,0.012917451356471413,0.36200324034772846,5180.193950195313
2019-02-23,3998.916259765625,4166.2861328125,3968.726806640625,4142.52685546875,8922258316,0.03363089286305142,0.3739071094314596,5167.1409838867185
2019-02-24,4145.4580078125,4210.6416015625,3793.708984375,3810.427490234375,10794227451,-0.08356456820529345,0.4845950898464629,5154.664122314453
2019-02-25,3807.00244140625,3913.707275390625,3807.00244140625,3882.6962890625,9318796067,0.01878844714597673,0.4865195720531987,5141.236453857422
2019-02-26,3878.697265625,3891.578857421875,3837.986328125,3854.35791015625,7931218996,-0.007325399279809829,0.4884398740863994,5129.584693603516
2019-02-27,3857.479736328125,3888.802490234375,3787.058837890625,3851.04736328125,8301309684,-0.000859279158257992,0.4834005455517976,5117.361280517578
2019-02-28,3848.261962890625,3906.058349609375,3845.8212890625,3854.785400390625,8399767798,0.0009701838898456305,0.4823927196583984,5105.0217578125
2019-03-01,3853.757080078125,3907.79541015625,3851.6923828125,3859.583740234375,7661247975,0.0012440007407169633,0.4104065806478848,5092.831827392578
2019-03-02,3855.318115234375,3874.607421875,3832.1279296875,3864.4150390625,7578786076,0.0012509840035555334,0.4104048904919231,5081.155352783203
2019-03-03,3862.26611328125,3875.483642578125,3836.90576171875,3847.17578125,7253558152,-0.004471006548912776,0.41095724410172746,5068.848631591797
2019-03-04,3845.091552734375,3867.3818359375,3733.749755859375,3761.55712890625,9029175788,-0.02250631409689688,0.4172748416500904,5055.982767333984
2019-03-05,3759.83251953125,3903.916748046875,3745.18310546875,3896.375,10174126415,0.035213632013154125,0.433350192268314,5042.561492919922
2019-03-06,3897.0810546875,3919.510498046875,3871.460693359375,3903.942626953125,9175291529,0.0019403387629408418,0.43215865307927864,5029.962407226562
2019-03-07,3903.384765625,3939.373291015625,3894.113037109375,3911.484375,9584165519,0.0019299650258204676,0.4313166620898772,5016.989479980469
2019-03-08,3913.225830078125,3950.43212890625,3875.228515625,3901.131591796875,10638638944,-0.0026502747112911442,0.43179903745125864,5004.952489013672
2019-03-09,3894.552490234375,3987.23779296875,3892.390380859375,3963.313720703125,10796103518,0.01581381071084786,0.43384778159285253,4992.325258789063
2019-03-10,3966.17431640625,3966.17431640625,3924.381103515625,3951.599853515625,9713267607,-0.0029599503848159307,0.4335323170636693,4980.199708251953
2019-03-11,3953.740234375,3966.384765625,3889.239013671875,3905.227294921875,10125901903,-0.011804535394846043,0.37638213437640655,4967.0514453125
2019-03-12,3903.75830078125,3926.88916015625,3863.55908203125,3909.15625,9809887079,0.0010055701480762823,0.37526235165050764,4952.997426757813
2019-03-13,3913.04736328125,3926.59765625,3891.904296875,3906.71728515625,9469184841,-0.00062410552370009,0.3719290217873939,4938.715063476562
2019-03-14,3905.576904296875,3946.50439453125,3901.296875,3924.369140625,10480789570,0.00450815746490209,0.3704347071264986,4924.800610351563
2019-03-15,3926.663330078125,3968.54296875,3914.015380859375,3960.9111328125,9394210605,0.009268473031698707,0.3689996878858011,4910.181965332031
2019-03-16,3963.900146484375,4077.036376953125,3961.657470703125,4048.725830078125,9856166973,0.021928138916455526,0.3573917429114217,4894.944195556641
2019-03-17,4047.719482421875,4054.1220703125,4006.4111328125,4025.22900390625,8221625400,-0.005820417128650456,0.19667157890059622,4879.8345397949215
2019-03-18,4029.968505859375,4071.556640625,4009.1171875,4032.50732421875,9646954186,0.0018065426803688849,0.18766321305412767,4865.105926513672
2019-03-19,4032.69189453125,4082.216064453125,4023.8125,4071.190185546875,9344919956,0.009547038273958657,0.18642011636714398,4850.2739770507815
2019-03-20,4070.7939453125,4089.4619140625,4031.11083984375,4087.476318359375,10175916388,0.003992356946232674,0.18604091521731317,4834.745108642578
2019-03-21,4083.953857421875,4097.35986328125,4005.1513671875,4029.326904296875,10831212662,-0.014328401790338464,0.1952935956615153,4818.528142089844
2019-03-22,4028.5146484375,4053.90673828125,4021.54248046875,4023.96826171875,9252935969,-0.0013307952232004976,0.19564062285925454,4802.347683105469
2019-03-23,4022.71337890625,4049.882568359375,4015.964599609375,4035.826416015625,9578850549,0.002942547131099483,0.19564828549779859,4785.718514404297
2019-03-24,4035.16357421875,4040.69970703125,4006.19287109375,4022.168212890625,9144851065,-0.003389978979623323,0.19522852112488404,4771.865205078125
2019-03-25,4024.11279296875,4038.8408203125,3934.03125,3963.070556640625,10359818883,-0.01480199577543759,0.18451459842263945,4759.034708251953
2019-03-26,3969.228759765625,3985.080810546875,3944.753173828125,3985.080810546875,10707678815,0.005538472822803469,0.14190887236101715,4746.624763183594
2019-03-27,3984.244873046875,4087.066162109375,3977.810546875,4087.066162109375,10897131934,0.02526980216177766,0.16486304047221892,4735.930194091797
2019-03-28,4087.58447265625,4094.902099609375,4040.266357421875,4069.107177734375,9353915899,-0.004403784140031825,0.16643793462697168,4724.771430664063
2019-03-29,4068.2998046875,4113.5009765625,4034.09716796875,4098.37451171875,10918665557,0.007166825802505177,0.1665443741003682,4713.614802246094
2019-03-30,4092.13623046875,4296.806640625,4053.90966796875,4106.66015625,9732688060,0.0020196495646784543,0.15918463245414993,4702.542102050781
2019-03-31,4105.4560546875,4113.0234375,4094.100830078125,4105.404296875,9045122443,-0.00030585716708844994,0.15847128527953466,4691.310124511719
2019-04-01,4105.3623046875,4164.953125,4096.9013671875,4158.18310546875,10157794171,0.012773998435311013,0.15467617420069155,4679.514489746094
2019-04-02,4156.91943359375,4905.95458984375,4155.31689453125,4879.8779296875,21315047816,0.1600419797683949,0.5652326404798728,4671.350329589844
2019-04-03,4879.9580078125,5307.00341796875,4876.62109375,4973.02197265625,22899891582,0.018907492969508402,0.5644112480913738,4663.499438476562
2019-04-04,4971.3076171875,5063.15966796875,4836.7939453125,4922.798828125,18251810240,-0.010150461847883017,0.5689625114897567,4655.527531738281
2019-04-05,4922.80615234375,5053.509765625,4919.49169921875,5036.68115234375,16837325387,0.022870127391310363,0.5704520541079442,4649.304936523437
2019-04-06,5036.79296875,5205.82177734375,4992.22216796875,5059.8173828125,16929795194,0.004583028638013961,0.5695982278903211,4642.747524414062
2019-04-07,5062.7939453125,5235.1865234375,5050.412109375,5198.89697265625,16655416140,0.027116090148746438,0.5690500741252503,4636.749309082032
2019-04-08,5199.83544921875,5318.83642578125,5148.2119140625,5289.77099609375,17154113634,0.017328472526209032,0.5680228588404369,4630.599814453125
2019-04-09,5289.91796875,5289.91796875,5167.4189453125,5204.95849609375,14722104361,-0.016163226787921488,0.5768618321305486,4622.949855957031
2019-04-10,5204.10546875,5421.6513671875,5193.38232421875,5324.5517578125,15504590933,0.02271680293391717,0.5773564458332451,4615.96271484375
2019-04-11,5325.08154296875,5354.2255859375,5017.29638671875,5064.48779296875,16555616019,-0.050075525287191475,0.6106750750708627,4607.732004394531
2019-04-12,5061.20068359375,5103.2744140625,4955.8525390625,5089.5390625,13675206312,0.004934263167637184,0.6094800400918758,4600.202648925781
2019-04-13,5088.85009765625,5127.1220703125,5061.58935546875,5096.58642578125,10823289598,0.0013837183556808681,0.6097695677479346,4593.453229980469
2019-04-14,5095.7587890625,5184.01611328125,5053.568359375,5167.72216796875,10391952498,0.013861017615291639,0.60752411512304,4586.816840820313
2019-04-15,5167.32177734375,5196.60693359375,5024.0693359375,5067.1083984375,12290155061,-0.01966168568124654,0.6104450288998561,4578.7686328125
2019-04-16,5066.57763671875,5238.9453125,5055.19482421875,5235.5595703125,11618660197,0.032703409546246745,0.6142302148212732,4571.72578125
2019-04-17,5236.13525390625,5274.275390625,5219.20556640625,5251.93798828125,12438480677,0.003123420280683767,0.6134447289102569,4564.975671386719
2019-04-18,5251.48046875,5319.986328125,5250.5068359375,5298.3857421875,13256489918,0.008805048106448882,0.6107105768941679,4558.339799804688
2019-04-19,5298.154296875,5336.68017578125,5233.3349609375,5303.8125,13780238655,0.001023704360635338,0.6117652937915082,4551.91076171875
2019-04-20,5304.16064453125,5358.49072265625,5295.8779296875,5337.88623046875,13169647522,0.0064038360371123865,0.6110270723721212,4545.819692382813
2019-04-21,5335.87890625,5359.9248046875,5257.33935546875,5314.53125,13731844223,-0.004384923503637693,0.6122652382796722,4539.879399414062
2019-04-22,5312.49462890625,5422.6875,5280.27685546875,5399.365234375,14601631648,0.015836583357513378,0.6123874940138279,4533.992775878906
2019-04-23,5399.36572265625,5633.80224609375,5389.40869140625,5572.3623046875,15867308108,0.03153767871024236,0.30853249340141464,4528.7421875
2019-04-24,5571.50830078125,5642.04443359375,5418.26318359375,5464.86669921875,17048033399,-0.019479346575944603,0.3173285820123252,4523.124970703125
2019-04-25,5466.5244140625,5542.23828125,5181.3388671875,5210.515625,15330283408,-0.047660910406896226,0.36252160901433106,4516.162797851563
2019-04-26,5210.3046875,5383.63427734375,5177.36865234375,5279.34814453125,16812108040,0.013123813423158957,0.3572241116830135,4509.298388671875
2019-04-27,5279.47119140625,5310.75,5233.6357421875,5268.291015625,13111274675,-0.002096608120307488,0.3574216058135137,4502.4266430664065
2019-04-28,5271.74658203125,5326.23193359375,5255.68359375,5285.13916015625,12819992056,0.0031929256297156855,0.3455861769502424,4495.9246899414065
2019-04-29,5284.8583984375,5311.27490234375,5216.48779296875,5247.3525390625,13735490672,-0.007175278992262232,0.34120162841860285,4490.880251464844
2019-04-30,5247.72607421875,5363.25732421875,5224.18994140625,5350.7265625,13878964574,0.019508686623198813,0.342787655037602,4486.260983886718
2019-05-01,5350.91455078125,5418.00390625,5347.64599609375,5402.697265625,13679528236,0.009665964737195984,0.3354231777457378,4481.844519042968
2019-05-02,5402.4228515625,5522.2626953125,5394.21728515625,5505.28369140625,14644460907,0.018809979754905393,0.285166693516632,4477.916286621094
2019-05-03,5505.55224609375,5865.8818359375,5490.20166015625,5768.28955078125,18720780006,0.04666729598003433,0.3212936550809652,4473.775034179687
2019-05-04,5769.20263671875,5886.8935546875,5645.46923828125,5831.16748046875,17567780766,0.01084163602000144,0.3212662586657539,4469.950322265625
2019-05-05,5831.068359375,5833.86279296875,5708.03515625,5795.70849609375,14808830723,-0.006099505040041472,0.3228715632455828,4466.206713867187
2019-05-06,5791.693359375,5802.95751953125,5653.6875,5746.80712890625,15737171804,-0.0084733105601616,0.31410965057812423,4462.557199707031
2019-05-07,5745.59912109375,5988.17822265625,5741.39599609375,5829.50146484375,18026409033,0.01428706601857112,0.3005647947057388,4459.37765625
2019-05-08,5849.4814453125,5989.98095703125,5794.7158203125,5982.45751953125,15320605300,0.025899955314045275,0.30890155294183347,4456.843994140625
2019-05-09,5982.31640625,6183.0390625,5982.31640625,6174.52880859375,16784645411,0.031601133315537946,0.32117233509117565,4455.304887695313
2019-05-10,6175.82275390625,6434.61767578125,6161.51904296875,6378.84912109375,19419875368,0.03255511923946928,0.3318215486196693,4454.763332519531
2019-05-11,6379.6669921875,7333.0029296875,6375.69873046875,7204.771484375,28867562329,0.12175582015101312,0.5126852244026411,4458.408488769532
2019-05-12,7203.50732421875,7503.8720703125,6815.77099609375,6972.37158203125,27773333680,-0.03278809012221475,0.5346847397136086,4460.791147460937
2019-05-13,6971.17822265625,8047.4130859375,6898.2822265625,7814.9150390625,28677672181,0.11407866972300376,0.6394560011887611,4467.484272460937
2019-05-14,7807.88427734375,8268.712890625,7696.39111328125,7994.416015625,32031452227,0.022709207625678487,0.6377617724786596,4475.0826025390625
2019-05-15,7989.37451171875,8216.423828125,7899.10693359375,8205.16796875,28344112920,0.02602089592487963,0.6241327084672563,4483.70654296875
2019-05-16,8194.5009765625,8320.82421875,7729.6083984375,7884.9091796875,33167197581,-0.03981349360704293,0.6140262077724155,4490.699138183594
2019-05-17,7886.92578125,7929.1455078125,7038.12451171875,7343.8955078125,30066644905,-0.07108127725881802,0.6900191282143864,4495.755466308594
2019-05-18,7341.66455078125,7447.27197265625,7251.50439453125,7271.2080078125,21354286562,-0.009946983850618235,0.6931017868713322,4500.44015625
2019-05-19,7267.962890625,8261.94140625,7267.962890625,8197.689453125,25902422040,0.11992989942799603,0.7798562141226075,4509.840554199219
2019-05-20,8196.923828125,8200.9677734375,7678.78173828125,7978.30908203125,23843404340,-0.02712584602869586,0.7918764179761892,4517.843200683594
2019-05-21,7977.96923828125,8062.16796875,7843.33984375,7963.32763671875,25127245056,-0.0018795372127934414,0.795485355644725,4525.717639160156
2019-05-22,7956.2919921875,7997.6123046875,7615.9873046875,7680.06640625,24719473175,-0.0362187635444826,0.8177887672136168,4532.311672363281
2019-05-23,7677.26904296875,7943.79150390625,7533.19677734375,7881.8466796875,24457107820,0.025934032858881368,0.8183871245689803,4539.840256347657
2019-05-24,7881.6953125,8140.7197265625,7824.44873046875,7987.37158203125,25919126991,0.01329951557921589,0.8113238211092558,4547.678813476563
2019-05-25,7991.88525390625,8117.92578125,7965.97607421875,8052.5439453125,22256813107,0.008126317351095985,0.8115747201412495,4555.636484375
2019-05-26,8055.2060546875,8687.5205078125,7924.67041015625,8673.2158203125,26677970091,0.074251575993358,0.8322598953487539,4566.351862792969
2019-05-27,8674.072265625,8907.1748046875,8668.705078125,8805.7783203125,27949839564,0.015168497755127118,0.8263648970810813,4578.112153320312
2019-05-28,8802.7578125,8807.0166015625,8634.7216796875,8719.9619140625,24226919267,-0.009793263049045299,0.8327661641750145,4589.783862304687
2019-05-29,8718.591796875,8755.8525390625,8482.728515625,8659.4873046875,23473479966,-0.00695935212814635,0.8371905362851126,4601.035197753907
2019-05-30,8661.7607421875,9008.314453125,8221.2734375,8319.47265625,29246528551,-0.040056647967728856,0.8586282094404499,4610.5762109375
2019-05-31,8320.2861328125,8586.6591796875,8172.55078125,8574.501953125,25365190957,0.03019403993490808,0.8580309365163348,4621.592370605469
2019-06-01,8573.83984375,8625.6005859375,8481.578125,8564.0166015625,22488303544,-0.0012236008424256384,0.7642163898138344,4632.615002441406
2019-06-02,8565.4736328125,8809.3037109375,8561.2353515625,8742.9580078125,20266216022,0.02067926798314298,0.7503767134797168,4647.638041992188
2019-06-03,8741.7470703125,8743.5,8204.185546875,8208.9951171875,22004511436,-0.06301805868386157,0.6916650836517672,4660.442868652343
2019-06-04,8210.9853515625,8210.9853515625,7564.48876953125,7707.77099609375,24609731549,-0.06300147834270085,0.7228876891370307,4671.103974609375
2019-06-05,7704.34326171875,7901.84912109375,7668.66845703125,7824.2314453125,21760923463,0.014996473539935253,0.7185492332952282,4682.453481445313
2019-06-06,7819.63330078125,7937.3408203125,7571.47119140625,7822.0234375,19474611077,-0.00028224106582634646,0.7054495367943483,4693.4458984375
2019-06-07,7826.9013671875,8126.1533203125,7788.37353515625,8043.951171875,19141423231,0.027977129076807897,0.6625130311598195,4709.308203125
2019-06-08,8036.77490234375,8076.89111328125,7837.61083984375,7954.1279296875,16522722810,-0.011229371413746664,0.6628761680935559,4726.8194921875
2019-06-09,7949.6748046875,7975.97412109375,7583.2197265625,7688.0771484375,16610726547,-0.034020323814255043,0.5245219018937476,4742.249028320312
2019-06-10,7692.28466796875,8031.90966796875,7586.73095703125,8000.32958984375,18689275117,0.03981203302759007,0.536926425131432,4760.4209765625
2019-06-11,8004.24365234375,8026.39404296875,7772.8037109375,7927.71435546875,17107279932,-0.009117973017984032,0.5378526845158789,4778.323999023438
2019-06-12,7925.43408203125,8196.6484375,7862.35986328125,8145.857421875,19034432883,0.027144739690551607,0.5291245963334822,4799.649486083985
2019-06-13,8145.54541015625,8311.5673828125,8087.06103515625,8230.923828125,18669407147,0.010388753446054437,0.5232701727596945,4820.754255371094
2019-06-14,8230.8984375,8710.63671875,8183.39306640625,8693.8330078125,19831162906,0.05471566495081175,0.5532829293799539,4845.327770996094
2019-06-15,8689.74609375,8859.1279296875,8618.3955078125,8838.375,18371033226,0.016489111591430673,0.5548182382908502,4870.416046142578
2019-06-16,8841.4404296875,9335.8671875,8814.556640625,8994.48828125,23348550311,0.017508940317692987,0.496615450695008,4894.101387939453
2019-06-17,8988.923828125,9416.4072265625,8988.923828125,9320.3525390625,15562951919,0.03558847752156163,0.5084730123685224,4919.308917236328
2019-06-18,9335.466796875,9348.3740234375,9004.9013671875,9081.7626953125,15848210536,-0.025932150849555906,0.5164815256956679,4944.631387939453
2019-06-19,9078.7275390625,9299.62109375,9070.3955078125,9273.521484375,15546809946,0.020894883881637273,0.5194416888989617,4969.925635986328
2019-06-20,9273.060546875,9594.419921875,9232.484375,9527.16015625,17846823784,0.02698349626412288,0.5005684323828905,4996.862047119141
2019-06-21,9525.07421875,10144.556640625,9525.07421875,10144.556640625,20624008643,0.062790586710018,0.5318077521456328,5028.11417602539
2019-06-22,10175.923828125,11157.345703125,10107.03515625,10701.69140625,29995204861,0.05346453425773459,0.5531619061609048,5061.8381640625
2019-06-23,10696.69140625,11246.14453125,10556.095703125,10855.37109375,20998326502,0.014258184854998994,0.5521355903860566,5097.345045166016
2019-06-24,10853.744140625,11065.896484375,10610.427734375,11011.1025390625,19271652365,0.014244096327892747,0.4834521126240279,5134.795048828125
2019-06-25,11007.2021484375,11790.9169921875,11007.2021484375,11790.9169921875,24879684533,0.0684254031313087,0.43130976427710743,5176.649947509765
2019-06-26,11778.5810546875,13796.4892578125,11755.59765625,13016.2314453125,45105733173,0.09886766271923943,0.5092662066568381,5224.350531005859
2019-06-27,13017.125,13311.14453125,10491.8525390625,11182.806640625,39977475223,-0.15181967393698742,0.7928095008254658,5262.193392333985
2019-06-28,11162.16796875,12445.1748046875,10914.4951171875,12407.33203125,35087757766,0.10391011328681186,0.847762948348846,5306.716772460937
2019-06-29,12400.763671875,12400.91015625,11508.37890625,11959.37109375,29923961128,-0.036772427703724096,0.8643164897401928,5349.390687255859
2019-06-30,11931.9912109375,12178.3837890625,10799.0087890625,10817.1552734375,27256473494,-0.10038183788517502,0.9430049450095584,5386.0417126464845
2019-07-01,10796.9306640625,11206.439453125,10089.314453125,10583.134765625,29378589324,-0.02187165092867407,0.9477906326087642,5422.38900024414
2019-07-02,10588.68359375,10912.1884765625,9737.884765625,10801.677734375,31015895223,0.020439793649304375,0.9444976861729047,5460.184964599609
2019-07-03,10818.15625,11968.078125,10818.15625,11961.26953125,30796494294,0.10197242314626954,0.9912998600459964,5503.807503662109
2019-07-04,11972.71875,12006.0751953125,11166.5693359375,11215.4375,25920294033,-0.06438271352158567,1.031823243815315,5543.620495605469
2019-07-05,11203.1025390625,11395.6611328125,10874.96484375,10978.4599609375,23838480210,-0.021356009787895595,1.028326299675023,5580.783471679688
2019-07-06,10982.5439453125,11620.96484375,10982.5439453125,11208.55078125,21092024306,0.020741781945806056,1.028712014373848,5618.345930175781
2019-07-07,11217.6162109375,11541.6201171875,11148.8046875,11450.8466796875,19369044277,0.021386723467300896,1.029093930999105,5656.87041015625
2019-07-08,11446.5966796875,12345.8330078125,11393.3740234375,12285.9580078125,23482551458,0.07039331175600369,1.0462793221006388,5697.627993164063
2019-07-09,12284.326171875,12779.1318359375,12233.26171875,12573.8125,28167921523,0.0231592932804558,1.0369498938370898,5741.0143371582035
2019-07-10,12571.537109375,13129.529296875,11710.978515625,12156.5126953125,33627574244,-0.0337512276446848,1.0505523717313996,5781.725987548828
2019-07-11,12139.7138671875,12144.623046875,11158.9228515625,11358.662109375,28595327690,-0.06788441618712997,1.0853422352851625,5818.524396972656
2019-07-12,11354.2998046875,11905.4873046875,11179.14453125,11815.986328125,23534692797,0.039472753868564206,1.073553056649655,5857.211333007813
2019-07-13,11813.126953125,11841.95703125,10908.4794921875,11392.37890625,21042616384,-0.03650877331612687,1.0700017631067957,5895.095773925781
2019-07-14,11381.0205078125,11451.2041015625,10234.576171875,10256.05859375,22486000001,-0.10507600156656484,1.1321970783016118,5927.089578857422
2019-07-15,10257.8388671875,11052.7666015625,9992.0068359375,10895.08984375,25384047207,0.06044360141002941,1.1520480912537998,5963.290860595703
2019-07-16,10896.6533203125,10996.6328125,9448.1064453125,9477.6416015625,24151199070,-0.13937670558066412,1.2183746633766226,5991.059475097656
2019-07-17,9471.2138671875,9963.134765625,9163.134765625,9693.802734375,24569921549,0.022551278856090203,1.1593908108079747,6020.4264453125
2019-07-18,9698.5029296875,10736.8427734375,9376.798828125,10666.482421875,25187024648,0.09561955306661926,1.1044192105771158,6054.429094238281
2019-07-19,10653.9560546875,10716.98046875,10229.62890625,10530.732421875,20727426310,-0.012808461572604499,1.0348758095624702,6088.369254150391
2019-07-20,10525.8193359375,11048.662109375,10451.2763671875,10767.1396484375,20206615155,0.022200991330417415,1.0342431715725986,6122.987352294922
2019-07-21,10777.529296875,10841.8876953125,10389.599609375,10599.10546875,17130580467,-0.01572926297459085,0.9757973540512804,6156.265832519532
2019-07-22,10596.9482421875,10651.791015625,10154.921875,10343.1064453125,16334414913,-0.024449353942019494,0.9765336461717925,6188.7976586914065
2019-07-23,10346.748046875,10346.748046875,9883.5947265625,9900.767578125,17851916995,-0.04370796659547665,0.9839663647728165,6219.012908935547
2019-07-24,9887.73046875,9908.796875,9614.306640625,9811.92578125,17398734322,-0.009013724991008056,0.9050991160571725,6248.8465649414065
2019-07-25,9809.0966796875,10154.25390625,9773.95703125,9911.841796875,15821952090,0.010131621144278298,0.8846745281573363,6278.022611083984
2019-07-26,9913.126953125,9916.517578125,9717.982421875,9870.3037109375,14495714483,-0.004199559341958318,0.8828883713146956,6307.247888183594
2019-07-27,9871.1650390625,10167.3203125,9411.521484375,9477.677734375,16817809536,-0.04059130256046178,0.8858572867632964,6334.482037353516
2019-07-28,9491.626953125,9575.544921875,9252.296875,9552.8603515625,13738687093,0.007901301370321584,0.8814437531301841,6362.069857177735
2019-07-29,9548.1787109375,9681.6484375,9472.9482421875,9519.1455078125,13791445323,-0.003535535708016186,0.8338515580337109,6391.270961914062
2019-07-30,9522.3291015625,9701.759765625,9437.3359375,9607.423828125,13829811132,0.009231027857063211,0.827794091782883,6420.87125366211
2019-07-31,9604.05078125,10085.6279296875,9598.09765625,10085.6279296875,16631520648,0.04857531814577599,0.8503744083816529,6452.992888183594
2019-08-01,10077.4423828125,10446.919921875,9922.01953125,10399.6689453125,17165337858,0.03066254026424243,0.8325721836478832,6487.226467285156
2019-08-02,10402.04296875,10657.953125,10371.013671875,10518.1748046875,17489094082,0.011330721144643396,0.8195779977453825,6521.287080078125
2019-08-03,10519.2783203125,10946.78125,10503.5048828125,10821.7265625,15352685061,0.028451137479912812,0.8195429748603595,6557.242336425781
2019-08-04,10821.6328125,11009.20703125,10620.2783203125,10970.1845703125,16530894787,0.013625267067559002,0.7305748284979081,6593.818225097656
2019-08-05,10960.7353515625,11895.091796875,10960.7353515625,11805.6533203125,23875988832,0.07339741253272014,0.7446058156752801,6634.453671875
2019-08-06,11811.544921875,12273.8212890625,11290.7314453125,11478.1689453125,23635107660,-0.02813163305123966,0.5490929350032928,6673.555319824219
2019-08-07,11476.193359375,12036.990234375,11433.701171875,11941.96875,22194988641,0.03961210267399502,0.5574680576195506,6714.622321777344
2019-08-08,11954.0400390625,11979.419921875,11556.16796875,11966.4072265625,19481591730,0.0020443450527850055,0.4623711501096323,6756.449289550781
2019-08-09,11953.4697265625,11970.4580078125,11709.7451171875,11862.9365234375,18339989960,-0.008684364496770227,0.4605332995084902,6797.883809814453
2019-08-10,11861.556640625,11915.6552734375,11323.8984375,11354.0244140625,18125355447,-0.043846706855643715,0.4867528478565708,6836.631046142578
2019-08-11,11349.740234375,11523.5791015625,11248.294921875,11523.5791015625,15774371518,0.014823037907253726,0.4838115260628556,6876.323326416015
2019-08-12,11528.189453125,11528.189453125,11320.951171875,11382.6162109375,13647198229,-0.012307995125175572,0.47659581343875135,6915.232080078125
2019-08-13,11385.052734375,11420.0498046875,10830.3271484375,10895.830078125,16681503537,-0.04370714338940503,0.4765947629585779,6951.712401123047
2019-08-14,10889.4873046875,10889.556640625,10028.1357421875,10051.7041015625,19990838300,-0.0806379719242745,0.5596456687643354,6983.958619384765
2019-08-15,10038.421875,10437.4111328125,9675.31640625,10311.5458984375,22899115082,0.025522045965721746,0.5652691348591515,7017.59651977539
2019-08-16,10319.419921875,10524.349609375,9855.478515625,10374.3388671875,20228207096,0.006071112000481698,0.5649963290847043,7052.115961914063
2019-08-17,10358.72265625,10452.625,10086.6982421875,10231.744140625,13778035685,-0.013840282280728103,0.5466679283053927,7086.03409790039
2019-08-18,10233.005859375,10487.0703125,10119.0947265625,10345.810546875,12999813869,0.011086601525889401,0.547091571766848,7120.33224243164
2019-08-19,10350.283203125,10916.0537109375,10313.2041015625,10916.0537109375,16038264603,0.05365286353343918,0.5727021916136787,7157.623547363281
2019-08-20,10916.3466796875,10947.0419921875,10618.9609375,10763.232421875,15053082175,-0.01409860264611838,0.5769969609526446,7193.999982910156
2019-08-21,10764.572265625,10798.7294921875,9962.7216796875,10138.0498046875,19473084768,-0.05984026786228671,0.5966914176791127,7227.084927978515
2019-08-22,10142.521484375,10232.99609375,9831.462890625,10131.0556640625,17097508856,-0.0006901282262681483,0.5863492907279401,7260.420139160156
2019-08-23,10136.3095703125,10442.443359375,10078.1923828125,10407.96484375,15627023886,0.026965838908487968,0.5930382029707203,7295.164193115234
2019-08-24,10407.64453125,10418.0205078125,9982.296875,10159.9609375,15451030650,-0.024116765985468237,0.5886432928107115,7328.632210693359
2019-08-25,10160.7373046875,10304.6220703125,10008.7890625,10138.517578125,14153856610,-0.0021128053844357898,0.5855575855593568,7362.255959472656
2019-08-26,10126.2998046875,10512.328125,10126.2998046875,10370.8203125,18438654080,0.022654331476248634,0.5245190145049012,7397.1127026367185
2019-08-27,10372.826171875,10381.328125,10087.30078125,10185.5,14762609503,-0.018030983225030404,0.5203408400029814,7429.706301269532
2019-08-28,10203.4267578125,10279.3662109375,9716.65625,9754.4228515625,17603790323,-0.04324433232151661,0.508475854661789,7460.1223974609375
2019-08-29,9756.7861328125,9756.7861328125,9421.6298828125,9510.2001953125,17045878501,-0.025355880586420892,0.5094040029605438,7489.22245727539
2019-08-30,9514.8447265625,9656.1240234375,9428.302734375,9598.173828125,13595263986,0.009207926773968323,0.5141508015976274,7518.971173095703
2019-08-31,9597.5390625,9673.220703125,9531.7998046875,9630.6640625,11454806419,0.003379326975376171,0.5009375360609242,7548.8568505859375
2019-09-01,9630.5927734375,9796.755859375,9582.9443359375,9757.970703125,11445355859,0.013132277928025817,0.5000071519546172,7579.486351318359
2019-09-02,9757.4736328125,10396.591796875,9730.650390625,10346.7607421875,17248102294,0.058589039911261055,0.5499849378259657,7613.135750732422
2019-09-03,10345.7255859375,10736.1044921875,10308.5478515625,10623.5400390625,19384917989,0.02639879832471976,0.5406221882234169,7648.149396972656
2019-09-04,10621.1806640625,10762.64453125,10434.7099609375,10594.4931640625,16742664769,-0.002737943980703232,0.4573404150808271,7682.972924804688
2019-09-05,10588.18359375,10627.26953125,10516.41796875,10575.533203125,14551239508,-0.0017912085396542573,0.4497438229604644,7717.4814099121095
2019-09-06,10578.1982421875,10898.76171875,10292.2998046875,10353.302734375,19536574783,-0.021237571181720684,0.4559266020399879,7749.66935180664
2019-09-07,10353.931640625,10558.673828125,10348.9189453125,10517.2548828125,15307366476,0.015711656980851706,0.4561949924147398,7782.520153808594
2019-09-08,10518.1142578125,10595.6376953125,10409.0908203125,10441.2763671875,13670567493,-0.0072503981845572244,0.45566587809443837,7814.727432861328
2019-09-09,10443.228515625,10450.3115234375,10144.9296875,10334.974609375,17595943368,-0.01023309600539781,0.4134433419515184,7846.63171508789
2019-09-10,10336.408203125,10394.353515625,10020.5732421875,10115.9755859375,14906809639,-0.021417820975587025,0.41677117823603715,7877.1839599609375
2019-09-11,10123.03515625,10215.9482421875,9980.7763671875,10178.3720703125,15428063426,0.006149168432955224,0.3624283073209705,7907.363186035156
2019-09-12,10176.8193359375,10442.25390625,10099.2421875,10410.126953125,15323563925,0.022513994030435,0.3705420037847326,7940.361683349609
2019-09-13,10415.3623046875,10441.4892578125,10226.5966796875,10360.546875,14109864675,-0.004774055257204667,0.35896644633952723,7972.750936279297
2019-09-14,10345.4033203125,10422.1337890625,10291.6943359375,10358.048828125,13468713124,-0.00024114056019034126,0.3483074104999146,8005.269390869141
2019-09-15,10356.4658203125,10387.03515625,10313.0927734375,10347.712890625,12043433567,-0.0009983634989049381,0.3482065438743078,8037.75271850586
2019-09-16,10347.22265625,10386.8671875,10189.744140625,10276.7939453125,15160167779,-0.0068771801807728065,0.33996716297974694,8069.862761230469
2019-09-17,10281.513671875,10296.771484375,10199.7392578125,10241.2724609375,15304603363,-0.003462462705750272,0.33416185008816973,8101.7712048339845
2019-09-18,10247.7958984375,10275.9287109375,10191.4697265625,10198.248046875,16169268880,-0.004209930227213259,0.29521949297661,8133.440369873047
2019-09-19,10200.49609375,10295.6689453125,9851.6923828125,10266.4150390625,19937691247,0.0066619464013658175,0.2780077442347103,8165.536566162109
2019-09-20,10266.318359375,10285.8720703125,10132.1865234375,10181.6416015625,14734189639,-0.00829163618618558,0.28019503944566493,8197.63698852539
2019-09-21,10183.6484375,10188.09765625,10000.7080078125,10019.716796875,13425266806,-0.016031424170294233,0.2876667858172398,8228.253697509766
2019-09-22,10024.115234375,10074.4443359375,9922.533203125,10070.392578125,13199651698,0.00504485941629184,0.28503508316313503,8259.085947265625
2019-09-23,10067.962890625,10074.23828125,9727.1435546875,9729.32421875,15144925408,-0.03445525046861395,0.2264420167900969,8288.175146484375
2019-09-24,9729.3212890625,9804.3173828125,8370.8017578125,8620.56640625,25002886689,-0.1209936495214672,0.4505939464290122,8311.77232055664
2019-09-25,8603.4287109375,8744.828125,8325.396484375,8486.9931640625,21744728353,-0.015616015371176536,0.45020547728905697,8334.390717773438
2019-09-26,8487.669921875,8515.685546875,7895.62939453125,8118.9677734375,19258205289,-0.04433175093227527,0.4636798355585676,8355.227557373048
2019-09-27,8113.10107421875,8271.5205078125,7965.9228515625,8251.845703125,16408941156,0.01623387232043621,0.47294854285513815,8376.960649414063
2019-09-28,8251.2734375,8285.6171875,8125.431640625,8245.9150390625,14141152736,-0.0007189659749160292,0.4646949084661455,8398.644443359375
2019-09-29,8246.037109375,8261.70703125,7990.4970703125,8104.185546875,13034629109,-0.017337268541281117,0.4648228863062509,8419.631784667969
2019-09-30,8104.2265625,8314.2314453125,7830.7587890625,8293.8681640625,17115474183,0.023135803960001186,0.48058652333188445,8441.479279785157
2019-10-01,8299.720703125,8497.6923828125,8232.6796875,8343.2763671875,15305343413,0.005939522648697366,0.4820807493985401,8463.391105957031
2019-10-02,8344.212890625,8393.0419921875,8227.6953125,8393.0419921875,13125712443,0.005947039319423827,0.48200029757702406,8485.112686767578
2019-10-03,8390.7744140625,8414.2275390625,8146.43701171875,8259.9921875,13668823409,-0.01597938661828606,0.4683557991416968,8506.286502685547
2019-10-04,8259.494140625,8260.0556640625,8151.23681640625,8205.939453125,13139456229,-0.00656542608285994,0.4680959769660782,8527.153663330078
2019-10-05,8210.1494140625,8215.5263671875,8071.12060546875,8151.50048828125,12200497197,-0.006656196327979546,0.46674605713905615,8547.55521484375
2019-10-06,8149.876953125,8161.41015625,7958.8505859375,7988.15576171875,13160830305,-0.020242104470858776,0.4660984977425938,8567.058612060548
2019-10-07,7989.12060546875,8308.4501953125,7905.76611328125,8245.623046875,18009742607,0.03172260496034329,0.49033193442794537,8588.140092773438
2019-10-08,8246.849609375,8332.71484375,8185.76318359375,8228.783203125,15592264032,-0.0020443649815999844,0.49061240423957647,8609.164167480469
2019-10-09,8229.8408203125,8627.7060546875,8169.298828125,8595.740234375,19384942333,0.04362860415666088,0.5250213468698244,8631.963736572266
2019-10-10,8585.2802734375,8625.2724609375,8471.93359375,8586.4736328125,17618660671,-0.0010786272982693222,0.522952218731637,8654.785263671874
2019-10-11,8585.2626953125,8721.7802734375,8316.181640625,8321.7568359375,19604381101,-0.03131474095669686,0.5288796192798318,8676.57869506836
2019-10-12,8315.6650390625,8415.2421875,8313.3408203125,8336.5556640625,14532641605,0.0017767504383327862,0.5297503488307901,8698.336069335937
2019-10-13,8336.90234375,8470.98828125,8276.6123046875,8321.005859375,13808286059,-0.0018669970610550547,0.5280195662484104,8719.505767822266
2019-10-14,8320.83203125,8390.208984375,8284.130859375,8374.6865234375,15151387859,0.006430502888083053,0.5222321769169334,8741.033664550781
2019-10-15,8373.4580078125,8410.71484375,8182.70654296875,8205.369140625,15220412632,-0.02042493372661194,0.3248864857299491,8761.568637695313
2019-10-16,8204.6748046875,8216.8125,7985.08984375,8047.52685546875,16071646996,-0.019423891941978407,0.32710573108288366,8781.272971191407
2019-10-17,8047.8125,8134.83154296875,8000.94287109375,8103.9111328125,14313052244,0.006981979739066776,0.29076401347389724,8801.265505371093
2019-10-18,8100.93359375,8138.41357421875,7902.1640625,7973.20751953125,15651592610,-0.016259940076949107,0.28956604877491343,8820.340627441406
2019-10-19,7973.8037109375,8082.62939453125,7944.77685546875,7988.560546875,13797825640,0.0019237257444975665,0.2898160695463258,8835.884040527344
2019-10-20,7997.80712890625,8281.818359375,7949.439453125,8222.078125,15504249442,0.02881240366522189,0.3019007254054317,8852.129321289063
2019-10-21,8225.115234375,8296.6943359375,8196.416015625,8243.720703125,15868748866,0.002628793271972775,0.2908433545824022,8868.733930664062
2019-10-22,8243.40234375,8296.6513671875,8074.462890625,8078.203125,16803377857,-0.02028232136663908,0.29786786599579446,8883.941540527343
2019-10-23,8076.228515625,8092.99951171875,7469.32275390625,7514.671875,21942878958,-0.07231210270483085,0.3840036319537971,8896.215812988281
2019-10-24,7509.72802734375,7532.86767578125,7446.98876953125,7493.48876953125,16268708849,-0.0028228801699561206,0.3820776333464103,8907.688771972656
2019-10-25,7490.703125,8691.5400390625,7479.984375,8660.7001953125,28705065488,0.14476109386093217,0.6429838252506709,8924.54341796875
2019-10-26,8667.5771484375,10021.744140625,8662.6220703125,9244.97265625,44496255609,0.06528433388686641,0.6773552334423295,8944.74348876953
2019-10-27,9241.70703125,9749.529296875,9112.5419921875,9551.71484375,32593129501,0.03264079600850012,0.6763176463059885,8965.87930419922
2019-10-28,9565.1015625,9805.1181640625,9256.1484375,9256.1484375,30948255332,-0.031432676505614585,0.6843459052085447,8986.837607421876
2019-10-29,9248.4404296875,9516.1806640625,9232.6484375,9427.6875,28426779937,0.018362811918533402,0.6851601251383862,9008.528349609374
2019-10-30,9422.462890625,9426.8740234375,9085.3701171875,9205.7265625,27706531577,-0.023825095718831422,0.678890665482523,9029.07405029297
2019-10-31,9202.4580078125,9383.1611328125,9028.7177734375,9199.5849609375,26583653947,-0.0006673727616756513,0.678859007846056,9049.233364257812
2019-11-01,9193.9921875,9275.6572265625,9132.0478515625,9261.1044921875,24324691031,0.006664947063719231,0.6671167094860655,9070.203344726562
2019-11-02,9259.783203125,9377.486328125,9249.587890625,9324.7177734375,21242676385,0.0068453823292389865,0.6670303082649732,9090.649135742187
2019-11-03,9324.787109375,9379.806640625,9141.251953125,9235.3544921875,21132220847,-0.009629700847412865,0.6686263900469772,9110.566218261718
2019-11-04,9235.607421875,9505.0517578125,9191.4853515625,9412.6123046875,26170255634,0.01901152585439151,0.670391974032392,9131.13735107422
2019-11-05,9413.0048828125,9457.41796875,9256.931640625,9342.52734375,26198609048,-0.007473715309565572,0.6655496162144365,9151.330925292968
2019-11-06,9340.8642578125,9423.2373046875,9305.9091796875,9360.8798828125,23133895765,0.0019624814591623348,0.6592766739088524,9171.445893554688
2019-11-07,9352.3935546875,9368.4765625,9202.353515625,9267.5615234375,22700383839,-0.010018996001742247,0.6619720653164006,9191.211044921874
2019-11-08,9265.3681640625,9272.759765625,8775.5341796875,8804.880859375,24333037836,-0.05121408380627322,0.6876182823630427,9208.238623046875
2019-11-09,8809.46875,8891.818359375,8793.1630859375,8813.58203125,17578630606,0.000987733451713017,0.6876739652950695,9224.444721679687
2019-11-10,8812.4892578125,9103.826171875,8806.162109375,9055.5263671875,20587919881,0.027081275361004672,0.6869342681426961,9242.398020019531
2019-11-11,9056.91796875,9081.279296875,8700.6083984375,8757.7880859375,20265510765,-0.03343184819094057,0.6994800576158152,9260.134382324219
2019-11-12,8759.751953125,8853.7685546875,8685.427734375,8815.662109375,20309769107,0.0065865532404471615,0.694443739722961,9277.815952148438
2019-11-13,8812.033203125,8836.841796875,8761.6513671875,8808.2626953125,17545755405,-0.0008397010971480578,0.6370380431373605,9295.515810546874
2019-11-14,8811.9365234375,8826.943359375,8692.5517578125,8708.0947265625,19084739975,-0.011437202181483985,0.6395018571218741,9312.630588378906
2019-11-15,8705.7080078125,8730.873046875,8484.84375,8491.9921875,21796856471,-0.02512939756383665,0.40765644289519326,9328.853786621094
2019-11-16,8491.166015625,8591.9970703125,8473.9736328125,8550.7607421875,16495389808,0.0068966308279384695,0.3311457744438883,9344.853957519532
2019-11-17,8549.470703125,8727.7890625,8500.9677734375,8577.9755859375,18668638897,0.003177685280365235,0.3050897275928933,9360.730349121093
2019-11-18,8573.98046875,8653.2802734375,8273.5732421875,8309.2861328125,21579470673,-0.03182423938339746,0.3055179499457088,9374.750361328124
2019-11-19,8305.134765625,8408.5166015625,8099.96337890625,8206.1455078125,21083613816,-0.01249037483855615,0.2940948051523988,9386.939641113282
2019-11-20,8203.61328125,8237.240234375,8010.51171875,8027.26806640625,20764300437,-0.022039071560940312,0.29283976541649387,9397.920144042968
2019-11-21,8023.64453125,8110.09814453125,7597.3818359375,7642.75,22514243371,-0.049086768125686187,0.32671641640132876,9407.1553515625
2019-11-22,7643.5693359375,7697.3828125,6936.70654296875,7296.57763671875,34242315785,-0.04635206471928927,0.34608296352442836,9414.904204101562
2019-11-23,7296.16455078125,7442.2587890625,7151.41796875,7397.796875,21008924418,0.013776814950745946,0.351466563356654,9422.745681152344
2019-11-24,7398.6337890625,7408.5771484375,7029.2890625,7047.9169921875,30433517289,-0.04845012522266549,0.3744994775801865,9428.072978515625
2019-11-25,7039.97705078125,7319.85693359375,6617.1669921875,7146.1337890625,42685231262,0.013839370591340378,0.3693443647313376,9432.931003417969
2019-11-26,7145.1591796875,7320.23046875,7098.572265625,7218.37109375,21129505542,0.010057835510045162,0.3776203943083927,9437.12861328125
2019-11-27,7220.880859375,7619.693359375,6974.17431640625,7531.66357421875,23991412764,0.04248662643530125,0.42053711208561273,9438.763073730468
2019-11-28,7536.8203125,7730.07275390625,7454.12158203125,7463.10595703125,19050116751,-0.00914426790792298,0.42055679496678916,9441.216745605469
2019-11-29,7466.72705078125,7781.1796875,7460.75634765625,7761.24365234375,19709695456,0.03917091013708419,0.42630771139164997,9440.948388671875
2019-11-30,7764.05712890625,7836.10205078125,7515.849609375,7569.6298828125,17158194786,-0.024998412204507995,0.4304190937574286,9438.824458007812
2019-12-01,7571.6162109375,7571.6162109375,7291.341796875,7424.29248046875,18720708479,-0.019386782304190116,0.41349219606632254,9434.920080566406
2019-12-02,7424.0361328125,7474.81884765625,7233.3994140625,7321.98828125,17082040706,-0.013875477110813644,0.40466085416874076,9432.105476074219
2019-12-03,7323.9755859375,7418.85888671875,7229.35693359375,7320.1455078125,14797485769,-0.0002517083198087148,0.4021282922076193,9431.98672607422
2019-12-04,7320.125,7539.78466796875,7170.9228515625,7252.03466796875,21664240918,-0.00934813254089389,0.4010709022532696,9431.890859375
2019-12-05,7253.24169921875,7743.431640625,7232.6767578125,7448.3076171875,18816085231,0.026704767756073822,0.41978629782438676,9428.143950195312
2019-12-06,7450.5615234375,7546.99658203125,7392.17529296875,7546.99658203125,18104466307,0.013162839304284675,0.42041365978910217,9425.987387695313
2019-12-07,7547.265625,7589.95166015625,7525.71142578125,7556.23779296875,15453520564,0.001223739480074957,0.41874192643589847,9423.951938476563
2019-12-08,7551.3388671875,7634.6064453125,7476.09130859375,7564.34521484375,15409908086,0.0010723690545205787,0.4182308233393236,9423.373332519532
2019-12-09,7561.79541015625,7618.091796875,7365.9853515625,7400.8994140625,17872021272,-0.021844253680856535,0.41184289617258707,9420.968596191406
2019-12-10,7397.13427734375,7424.02294921875,7246.0439453125,7278.11962890625,18249031195,-0.016728999152694785,0.41300780049092184,9417.422336425781
2019-12-11,7277.19775390625,7324.15625,7195.52734375,7217.42724609375,16350490689,-0.008373983817170333,0.40889464287438626,9413.246752929688
2019-12-12,7216.73876953125,7266.6396484375,7164.7412109375,7243.13427734375,18927080224,0.0035554716584630377,0.3768945238135759,9406.096345214844
2019-12-13,7244.662109375,7293.560546875,7227.12255859375,7269.6845703125,17125736940,0.0036588787977558162,0.34186129401796067,9398.415876464844
2019-12-14,7268.90283203125,7308.83642578125,7097.208984375,7124.673828125,17137029730,-0.020148956153597603,0.344604279226558,9390.439436035156
2019-12-15,7124.23974609375,7181.07568359375,6924.3759765625,7152.3017578125,16881129804,0.003870282470955076,0.30013798731192926,9382.903508300782
2019-12-16,7153.6630859375,7171.1689453125,6903.6826171875,6932.48046875,20213265950,-0.031216547911036934,0.31547550443984146,9375.968547363282
2019-12-17,6931.3154296875,6964.0751953125,6587.97412109375,6640.51513671875,22363804217,-0.043028139847750044,0.34344369804800357,9366.29861328125
2019-12-18,6647.6982421875,7324.98486328125,6540.04931640625,7276.802734375,31836522778,0.09150203958984561,0.4518522913191494,9359.862543945312
2019-12-19,7277.5908203125,7346.6025390625,7041.3818359375,7202.84423828125,25904604416,-0.01021559978849091,0.4520916757098831,9352.161975097657
2019-12-20,7208.63671875,7257.921875,7086.1240234375,7218.81640625,22633815180,0.002215025702357289,0.42746016469691456,9347.21108154297
2019-12-21,7220.59375,7223.22607421875,7112.73583984375,7191.15869140625,19312552168,-0.0038386948789303917,0.4202438419601135,9344.62802001953
2019-12-22,7191.1884765625,7518.033203125,7167.17919921875,7511.5888671875,23134537956,0.04359469833307996,0.4441981611946728,9343.064807128907
2019-12-23,7508.90234375,7656.17626953125,7326.1923828125,7355.62841796875,27831788041,-0.020981218944278197,0.4477747082805999,9340.73283203125
2019-12-24,7354.39306640625,7535.716796875,7269.52880859375,7322.5322265625,22991622105,-0.004509590580982912,0.4480738479329638,9337.125737304688
2019-12-25,7325.755859375,7357.02001953125,7220.9912109375,7275.15576171875,21559505149,-0.00649097736895625,0.4474303823883061,9333.730876464844
2019-12-26,7274.79931640625,7388.302734375,7200.38671875,7238.966796875,22787010034,-0.004986734773912115,0.43708134188987136,9331.485324707031
2019-12-27,7238.14111328125,7363.529296875,7189.93408203125,7290.08837890625,22777360996,0.007037180653861685,0.43502749580732664,9327.934118652343
2019-12-28,7289.03125,7399.041015625,7286.9052734375,7317.990234375,21365673026,0.003820062875904435,0.4353364034782827,9324.885498046875
2019-12-29,7317.6474609375,7513.9482421875,7279.865234375,7422.65283203125,22445257702,0.014200785685395729,0.43868616504557933,9321.269475097657
2019-12-30,7420.27294921875,7454.82421875,7276.30810546875,7292.9951171875,22874131672,-0.017622203333694908,0.4363841530200322,9316.57983154297
2019-12-31,7294.43896484375,7335.2900390625,7169.77783203125,7193.59912109375,21167946112,-0.013722694823239307,0.43511515538436685,9309.078662109376
2020-01-01,7194.89208984375,7254.33056640625,7174.9443359375,7200.17431640625,18565664997,0.0009136166827146318,0.43420109130896006,9300.887658691407
2020-01-02,7202.55126953125,7212.1552734375,6935.27001953125,6985.47021484375,20802083465,-0.030272928096194005,0.4462452326882793,9290.842568359374
2020-01-03,6984.4287109375,7413.71533203125,6914.99609375,7344.88427734375,28111481032,0.050171745960031294,0.4810473584108499,9280.965227050781
2020-01-04,7345.37548828125,7427.3857421875,7309.51416015625,7410.65673828125,18444271275,0.008915009823896914,0.4758433274984798,9272.609697265625
2020-01-05,7410.45166015625,7544.4970703125,7400.53564453125,7411.3173828125,19725074095,8.914393268935946e-05,0.4758237345278631,9263.298676757813
2020-01-06,7410.4521484375,7781.8671875,7409.29296875,7769.21923828125,23276261598,0.047161467235659664,0.48489494653415566,9254.508972167969
2020-01-07,7768.68212890625,8178.2158203125,7768.2275390625,8163.6923828125,28767291327,0.04952688932640552,0.474242397408213,9244.604650878906
2020-01-08,8161.935546875,8396.73828125,7956.7744140625,8079.86279296875,31672559265,-0.010321673202805576,0.37385170464952616,9231.4955078125
2020-01-09,8082.2958984375,8082.2958984375,7842.40380859375,7879.0712890625,24045990466,-0.02516485111441786,0.38493274129797056,9216.614008789062
2020-01-10,7878.3076171875,8166.55419921875,7726.77490234375,8166.55419921875,28714583844,0.0358370170573265,0.3999934546148224,9202.391267089844
2020-01-11,8162.19091796875,8218.359375,8029.64208984375,8037.53759765625,25521165085,-0.01592428993077385,0.4058393794760739,9183.624370117188
2020-01-12,8033.26171875,8200.0634765625,8009.05908203125,8192.494140625,22903438381,0.019095619045757743,0.38505185851671114,9159.50568359375
2020-01-13,8189.77197265625,8197.7880859375,8079.70068359375,8144.1943359375,22482910688,-0.005913064387262195,0.3761031877350303,9144.312622070312
2020-01-14,8140.93310546875,8879.51171875,8140.93310546875,8827.7646484375,44841784107,0.0805965063783667,0.45639673823694604,9126.41478515625
2020-01-15,8825.34375,8890.1171875,8657.1875,8807.0107421875,40102834650,-0.0023537488141357047,0.4548609909563024,9110.652983398437
2020-01-16,8812.4814453125,8846.4609375,8612.095703125,8723.7861328125,31313981931,-0.009494746324859216,0.4568835454243746,9100.186137695313
2020-01-17,8725.2099609375,8958.1220703125,8677.31640625,8929.0380859375,36372139320,0.023255338715640103,0.45950398935301334,9091.915654296876
2020-01-18,8927.2119140625,9012.1982421875,8827.33203125,8942.80859375,32337772627,0.0015410282758632793,0.4599363633610245,9082.62130859375
2020-01-19,8941.4453125,9164.3623046875,8620.080078125,8706.2451171875,34217320471,-0.026809102516198058,0.4763560282421685,9066.346186523437
2020-01-20,8704.6318359375,8745.5908203125,8560.4736328125,8657.642578125,26422375678,-0.005598131806099833,0.4701158315527956,9053.557211914063
2020-01-21,8658.9912109375,8755.7060546875,8544.5205078125,8745.89453125,24097418512,0.010141927934056931,0.46333391996641016,9042.394384765625
2020-01-22,8744.2109375,8792.994140625,8636.7470703125,8680.8759765625,22600204051,-0.007461951294768086,0.46614495785771765,9029.756010742187
2020-01-23,8680.650390625,8687.7470703125,8333.6376953125,8406.515625,25770680779,-0.03211536772319544,0.46813555141934543,9014.53435546875
2020-01-24,8405.5673828125,8514.6669921875,8266.8408203125,8445.4345703125,24397913026,0.00461893300829455,0.44337363556166004,8995.33173828125
2020-01-25,8440.119140625,8458.453125,8296.21875,8367.84765625,19647331549,-0.009229306182408406,0.44664809272119255,8974.3019140625
2020-01-26,8364.41015625,8602.4013671875,8325.498046875,8596.830078125,22177678796,0.02699683810277081,0.45201862044156155,8956.503500976563
2020-01-27,8597.30859375,8977.7265625,8597.30859375,8909.8193359375,28647338393,0.03576042498236325,0.44086386825320495,8944.259287109375
2020-01-28,8912.5244140625,9358.58984375,8908.447265625,9358.58984375,34398744403,0.04914065669354804,0.440390941665004,8931.9723046875
2020-01-29,9357.470703125,9406.431640625,9269.4677734375,9316.6298828125,30682598115,-0.004493658672814258,0.4380417257308013,8921.593559570312
2020-01-30,9316.0166015625,9553.1259765625,9230.8974609375,9508.9931640625,32378792851,0.020437036918080173,0.42440833103955583,8917.858232421875
2020-01-31,9508.3134765625,9521.7060546875,9230.7763671875,9350.529296875,29432489719,-0.01680504867594127,0.42156117065227927,8910.1354296875
2020-02-01,9346.357421875,9439.3232421875,9313.2392578125,9392.875,25922656496,0.004518472151643944,0.4137680338897295,8909.711596679688
2020-02-02,9389.8203125,9468.7978515625,9217.82421875,9344.365234375,30835736946,-0.005177910236525379,0.41368199739311723,8907.964409179687
2020-02-03,9344.68359375,9540.3720703125,9248.6337890625,9293.521484375,30934096509,-0.00545597007771587,0.4135154546111657,8901.099604492187
2020-02-04,9292.841796875,9331.265625,9112.8115234375,9180.962890625,29893183716,-0.0121854536490776,0.317099090824008,8894.350756835938
2020-02-05,9183.416015625,9701.2998046875,9163.7041015625,9613.423828125,35222060874,0.04602834799275258,0.3514176315040791,8888.582177734375
2020-02-06,9617.8212890625,9824.619140625,9539.818359375,9729.8017578125,37628823716,0.012033084493942919,0.3487713926657405,8884.235659179687
2020-02-07,9726.0029296875,9834.716796875,9726.0029296875,9795.943359375,34522718159,0.0067748353927720014,0.3426383609481655,8881.49984375
2020-02-08,9793.0703125,9876.7490234375,9678.91015625,9865.119140625,35172043762,0.0070368594474600355,0.3425869678791363,8881.3216015625
2020-02-09,9863.89453125,10129.435546875,9850.392578125,10116.673828125,35807884663,0.025179720219250152,0.32947412410358906,8882.845341796876
2020-02-10,10115.5595703125,10165.765625,9784.5634765625,9856.611328125,39386548075,-0.026042505869956382,0.34660718924806544,8882.569189453125
2020-02-11,9855.8916015625,10210.052734375,9729.3349609375,10208.236328125,37648059389,0.03505244674627077,0.36065554787108284,8884.258852539062
2020-02-12,10202.3876953125,10393.611328125,10202.3876953125,10326.0546875,43444303830,0.011475404940052,0.3567932265343857,8888.500737304688
2020-02-13,10323.9609375,10457.626953125,10116.1611328125,10214.3798828125,49356071373,-0.010873762642183454,0.3333184197955868,8891.808334960937
2020-02-14,10211.55078125,10321.99609375,10125.5341796875,10312.1162109375,43338264162,0.009523015160699344,0.3328877800481779,8895.773188476562
2020-02-15,10313.8564453125,10341.5556640625,9874.427734375,9889.4248046875,43865054831,-0.04185355039924229,0.37281615927186085,8897.183193359375
2020-02-16,9889.1796875,10053.96875,9722.38671875,9934.43359375,43374780305,0.004540878520857384,0.36642588026833006,8896.427221679687
2020-02-17,9936.560546875,9938.8154296875,9507.6376953125,9690.142578125,45998298413,-0.02489772344158013,0.36644831519222515,8892.87958984375
2020-02-18,9691.23046875,10161.935546875,9632.3828125,10141.99609375,47271023953,0.04557569247775114,0.3610836163221158,8890.998696289062
2020-02-19,10143.798828125,10191.67578125,9611.2236328125,9633.38671875,46992019710,-0.05144998404328957,0.4082735286127523,8885.056997070313
2020-02-20,9629.3251953125,9643.216796875,9507.900390625,9608.4755859375,44925260237,-0.0025892656683303506,0.4026347963479147,8878.248452148437
2020-02-21,9611.7822265625,9723.0146484375,9589.7431640625,9686.44140625,40930547513,0.008081532009711982,0.3983678224878973,8867.652392578126
2020-02-22,9687.70703125,9698.2314453125,9600.728515625,9663.181640625,35838025154,-0.002404158134973382,0.398468243530919,8858.577456054687
2020-02-23,9663.318359375,9937.404296875,9657.791015625,9924.515625,41185185761,0.02668506547579107,0.40708419591018186,8848.490190429688
2020-02-24,9921.5830078125,9951.74609375,9537.04296875,9650.1748046875,45080496648,-0.028031992193656916,0.4202017110043043,8836.909028320313
2020-02-25,9651.3125,9652.7373046875,9305.021484375,9341.705078125,42515259129,-0.03248723753845248,0.43435815508331455,8824.30287109375
2020-02-26,9338.2900390625,9354.7783203125,8704.4267578125,8820.5224609375,50420050762,-0.057407687925487366,0.44635478611432655,8811.635361328124
2020-02-27,8825.09375,8932.892578125,8577.19921875,8784.494140625,45470195695,-0.004092966388449268,0.442490093788186,8797.939936523437
2020-02-28,8788.728515625,8890.4560546875,8492.9326171875,8672.455078125,44605450443,-0.012836217768337236,0.44120206703598897,8784.389130859376
2020-02-29,8671.212890625,8775.6318359375,8599.5087890625,8599.5087890625,35792392544,-0.008446835964171201,0.4387790941756745,8772.907524414062
2020-03-01,8599.7587890625,8726.796875,8471.212890625,8562.4541015625,35349164300,-0.004318240904803676,0.42354604349910396,8765.461274414063
2020-03-02,8563.2646484375,8921.30859375,8532.630859375,8869.669921875,42857674409,0.035250739590151826,0.44330229128951415,8758.25189453125
2020-03-03,8865.3876953125,8901.5986328125,8704.990234375,8787.7861328125,42386715821,-0.009274764811755473,0.4187224293040983,8750.319130859374
2020-03-04,8788.5419921875,8843.3662109375,8712.431640625,8755.24609375,34746706368,-0.0037097436703969933,0.4134900564353925,8742.936640625
2020-03-05,8760.28515625,9142.0546875,8757.25390625,9078.7626953125,39698054597,0.03628484201142127,0.4405420151298824,8736.601401367188
2020-03-06,9078.30859375,9167.6953125,9032.0791015625,9122.5458984375,40826885651,0.004811004368074786,0.43880120118699123,8727.633862304687
2020-03-07,9121.6005859375,9163.220703125,8890.744140625,8909.9541015625,36216930370,-0.02357983053034934,0.4242263076523806,8718.367470703124
2020-03-08,8908.2060546875,8914.34375,8105.2529296875,8108.1162109375,39973102121,-0.09430352876922735,0.5229997948659307,8708.217802734374
2020-03-09,8111.146484375,8177.79345703125,7690.09814453125,7923.64453125,46936995808,-0.02301429329184435,0.522349279106442,8697.180747070313
2020-03-10,7922.14697265625,8136.9453125,7814.76318359375,7909.7294921875,42213940994,-0.0017576850801850666,0.48367340053410735,8684.6895703125
2020-03-11,7910.08984375,7950.814453125,7642.8125,7911.43017578125,38682762605,0.00021498848832731012,0.4630309497095692,8673.446916503906
2020-03-12,7913.6162109375,7929.1162109375,4860.35400390625,4970.7880859375,53980357243,-0.46473017533977296,1.6426300677916053,8647.608269042968
2020-03-13,5017.8310546875,5838.11474609375,4106.98095703125,5563.70703125,74156772075,0.11268622219754491,1.7127674342331478,8623.572702636719
2020-03-14,5573.07763671875,5625.2265625,5125.0693359375,5200.3662109375,36154506008,-0.06753557004657186,1.716125856659224,8598.647033691406
2020-03-15,5201.06689453125,5836.64501953125,5169.283203125,5392.31494140625,33997889639,0.03624573263084445,1.7203844078156076,8576.836494140625
2020-03-16,5385.2294921875,5385.2294921875,4575.35791015625,5014.47998046875,45368026430,-0.07264505770911892,1.7269808397099617,8554.357893066406
2020-03-17,5002.578125,5371.3486328125,4981.9091796875,5225.62939453125,38622642935,0.04124552567019178,1.7450674207354044,8532.495170898437
2020-03-18,5227.11376953125,5331.833984375,5069.3359375,5238.4384765625,37878801016,0.002448204386069575,1.7445304261874592,8510.53404296875
2020-03-19,5245.41650390625,6329.73583984375,5236.96875,6191.19287109375,51000731797,0.1671043242496126,1.866674900892473,8492.700153808593
2020-03-20,6191.65380859375,6844.26171875,5865.78173828125,6198.7783203125,54442976103,0.0012244500086869695,1.867673016488092,8471.960241699218
2020-03-21,6206.521484375,6378.13525390625,5932.8232421875,6185.06640625,42494390880,-0.0022144850761294074,1.8681149238827304,8449.767873535156
2020-03-22,6185.55810546875,6359.697265625,5823.7138671875,5830.2548828125,40099664740,-0.05907702386252891,1.8735363475161526,8425.946682128906
2020-03-23,5831.37451171875,6443.9345703125,5785.00439453125,6416.31494140625,46491916000,0.09578323765146265,1.9067768238588223,8405.150590820313
2020-03-24,6436.642578125,6789.02294921875,6411.06640625,6734.8037109375,48221910672,0.04844470857364082,1.919560604410363,8387.058095703125
2020-03-25,6738.716796875,6892.51123046875,6536.92626953125,6681.06298828125,44590107888,-0.00801155993972081,1.9193654202774706,8367.877136230469
2020-03-26,6675.1708984375,6735.4638671875,6590.962890625,6716.4404296875,35319797642,0.005281211361417012,1.9123519852585091,8349.252956542969
2020-03-27,6719.38916015625,6793.83642578125,6466.70166015625,6469.79833984375,34585598367,-0.03741337669931112,1.9126147141872594,8329.927075195312
2020-03-28,6467.25390625,6467.5009765625,6117.837890625,6242.19384765625,34885225901,-0.03581324079079013,1.913665597367995,8310.558166503906
2020-03-29,6245.62451171875,6250.46728515625,5920.0859375,5922.04296875,28373690931,-0.052650213305665085,1.8978238049419378,8289.276520996094
2020-03-30,5925.53857421875,6517.19580078125,5903.234375,6429.841796875,37101651525,0.08226844860278629,1.9270139225154967,8269.375095214844
2020-03-31,6430.6064453125,6504.51513671875,6374.162109375,6438.64453125,32786468812,0.001368107409615196,1.9272117243249929,8249.765583496093
2020-04-01,6437.3193359375,6612.57373046875,6202.37353515625,6606.7763671875,40346426266,0.025777803165675912,1.9309161697652635,8231.009221191407
2020-04-02,6606.7763671875,7088.24755859375,6595.91845703125,6793.62451171875,47660646124,0.02788875596596145,0.9888835113543759,8213.238779296875
2020-04-03,6797.396484375,7003.220703125,6673.3359375,6733.38720703125,38976504903,-0.008906283829348233,0.9249895077374864,8195.521745605469
2020-04-04,6738.3828125,6878.95361328125,6696.48486328125,6867.52734375,33185988584,0.019725803844387817,0.8823205450867252,8178.653020019531
2020-04-05,6862.53759765625,6883.4140625,6715.92919921875,6791.12939453125,29510409856,-0.011186860819705755,0.882037963037159,8161.617426757813
2020-04-06,6788.0498046875,7271.78125,6782.8896484375,7271.78125,46896904615,0.06838401551364988,0.8482057333070225,8146.6442578125
2020-04-07,7273.64404296875,7427.939453125,7136.71435546875,7176.41455078125,44243482668,-0.013201383140758695,0.8501286811051397,8131.618122558593
2020-04-08,7179.283203125,7356.2236328125,7153.3056640625,7334.0986328125,37563249549,0.021734626116209514,0.8491351389906674,8118.1900317382815
2020-04-09,7337.96630859375,7341.4482421875,7179.09423828125,7302.08935546875,34815139178,-0.004373997983961782,0.6488707920600023,8104.348515625
2020-04-10,7303.8154296875,7303.8154296875,6802.47509765625,6865.4931640625,43622840992,-0.06165264619598333,0.6920893342550886,8090.029360351563
2020-04-11,6867.4404296875,6926.06982421875,6789.9208984375,6859.0830078125,31222085946,-0.0009341136128114594,0.6919385168011083,8081.221943359375
2020-04-12,6858.06787109375,7119.947265625,6811.078125,6971.091796875,35759567632,0.016198094339308036,0.6522012626860938,8073.642436523438
2020-04-13,6965.61669921875,6965.61669921875,6668.259765625,6845.03759765625,38619308647,-0.018247903368068016,0.5749928789763539,8067.272785644531
2020-04-14,6843.28173828125,6958.55712890625,6793.8212890625,6842.427734375,34110434052,-0.0003813508563592871,0.5508240414450012,8060.225695800781
2020-04-15,6845.5615234375,6928.66455078125,6633.40283203125,6642.10986328125,32288311031,-0.029712937076683203,0.5602255831593067,8052.206669921875
2020-04-16,6640.4541015625,7134.45068359375,6555.50439453125,7116.80419921875,46783242377,0.06902911272643515,0.6095486399440903,8047.269763183594
2020-04-17,7116.552734375,7167.18310546875,7050.33203125,7096.1845703125,32513423567,-0.0029015210954838368,0.5923732712048376,8041.281345214844
2020-04-18,7092.29150390625,7269.95654296875,7089.2470703125,7257.6650390625,32447188386,0.022500902000608027,0.5767301664125947,8035.853288574219
2020-04-19,7260.92236328125,7280.52197265625,7167.0546875,7189.4248046875,31311210215,-0.009446987957285106,0.5384052920248293,8029.835202636718
2020-04-20,7186.87353515625,7240.29052734375,6835.5029296875,6881.95849609375,37747113936,-0.04370789261905666,0.4984652987044671,8022.945034179687
2020-04-21,6879.7841796875,6934.5517578125,6834.4423828125,6880.3232421875,32589741511,-0.00023764284804566149,0.49857213540022016,8016.316953125
2020-04-22,6879.4404296875,7145.86572265625,6867.78173828125,7117.20751953125,33249153866,0.033849812461733006,0.5039414396053922,8011.14548828125
2020-04-23,7121.30615234375,7491.78515625,7081.5947265625,7429.724609375,43500782316,0.04297334717626114,0.5156954588791264,8008.353332519531
2020-04-24,7434.181640625,7574.19580078125,7434.181640625,7550.90087890625,34636526286,0.016178084496425684,0.5149450757641405,8004.8797216796875
2020-04-25,7550.48291015625,7641.36376953125,7521.67236328125,7569.93603515625,32941541447,0.0025177397803475064,0.5123808119497254,8001.585485839843
2020-04-26,7570.13916015625,7700.59423828125,7561.40771484375,7679.8671875,33070154491,0.014417636083330129,0.5100891979481961,7997.006120605469
2020-04-27,7679.4189453125,7795.60107421875,7679.4189453125,7795.60107421875,36162144725,0.01495735604802822,0.4585408971799436,7993.0517578125
2020-04-28,7796.97021484375,7814.52734375,7730.806640625,7807.05859375,33187959921,0.0014686626299017075,0.454683860730981,7990.478266601563
2020-04-29,7806.71240234375,8871.75390625,7786.04931640625,8801.0380859375,60201052203,0.11984140644428902,0.6050247637188298,7992.800678710937
2020-04-30,8797.669921875,9440.650390625,8533.255859375,8658.5537109375,66964629541,-0.01632197818592355,0.6096714056534371,7994.48841796875
2020-05-01,8672.7822265625,9048.0234375,8667.763671875,8864.7666015625,44068389997,0.02353691044657035,0.5558899417851404,7996.938818359375
2020-05-02,8869.0576171875,9007.1875,8811.3662109375,8988.5966796875,40134388683,0.013872127279034094,0.5538545240467401,8000.854956054687
2020-05-03,8983.6142578125,9167.78125,8830.9716796875,8897.46875,47101785174,-0.010189912204170495,0.5593757460402062,8005.104665527344
2020-05-04,8895.7451171875,8956.90625,8645.0244140625,8912.654296875,45718796276,0.0017052718293899742,0.5501465216882611,8009.148381347656
2020-05-05,8912.83203125,9062.4150390625,8856.8271484375,9003.0703125,43148462663,0.010093566989645255,0.5482329938951428,8014.2976953125
2020-05-06,9007.44140625,9411.4677734375,8966.7060546875,9268.76171875,49371886931,0.029084126239824877,0.5278797063204863,8020.698701171875
2020-05-07,9261.8955078125,9992.6640625,9138.322265625,9951.5185546875,61112700562,0.07107536685466279,0.5305172329299255,8029.345903320313
2020-05-08,9936.162109375,9996.7431640625,9767.1728515625,9842.666015625,51780748042,-0.010998547172291293,0.5348690589411724,8037.340629882812
2020-05-09,9840.90625,9913.86328125,9580.64453125,9593.896484375,46566121841,-0.025599497514193534,0.5526834931617742,8044.919096679688
2020-05-10,9591.1689453125,9595.5810546875,8395.107421875,8756.4306640625,63325279337,-0.09133874992634657,0.6579162547975292,8051.127890625
2020-05-11,8755.53515625,9033.470703125,8374.3232421875,8601.7958984375,57119858802,-0.017817356616017375,0.637381177431189,8056.669426269531
2020-05-12,8610.3857421875,8949.8984375,8569.6435546875,8804.4775390625,42142717533,0.0232893964825246,0.6375408868146479,8057.3883129882815
2020-05-13,8805.3876953125,9317.87890625,8805.3876953125,9269.9873046875,45558144023,0.05152160673099469,0.6481133188726032,8057.513386230468
2020-05-14,9271.3291015625,9793.2685546875,9255.03515625,9733.7216796875,56426907637,0.048814308336527425,0.6518691076968774,8058.423420410156
2020-05-15,9734.291015625,9755.828125,9261.3984375,9328.197265625,48158802327,-0.04255454133663077,0.6792790058573208,8058.783664550781
2020-05-16,9333.240234375,9564.205078125,9260.6943359375,9377.013671875,36164766408,0.005219563387115276,0.6789651474811788,8058.530295410156
2020-05-17,9374.9296875,9823.001953125,9349.5458984375,9670.7392578125,40084250663,0.03084341466898477,0.6826269701168668,8060.855358886719
2020-05-18,9675.6953125,9906.0302734375,9570.359375,9726.5751953125,41827139896,0.005757095071523827,0.6826948996169477,8063.490310058593
2020-05-19,9727.0634765625,9836.0478515625,9539.6240234375,9729.0380859375,39254288955,0.0002531804680276828,0.6829113090870773,8065.829978027344
2020-05-20,9725.3291015625,9804.7939453125,9447.201171875,9522.9814453125,36546239703,-0.021407053865041548,0.5625965242316296,8066.821296386719
2020-05-21,9522.740234375,9555.2421875,8869.9306640625,9081.76171875,39326160532,-0.04743978112005262,0.5864109257779804,8066.053332519531
2020-05-22,9080.3349609375,9232.9365234375,9008.638671875,9182.5771484375,29810773699,0.011039704675422358,0.5822843924257156,8064.903156738281
2020-05-23,9185.0625,9302.501953125,9118.1083984375,9209.287109375,27727866812,0.0029045429371388543,0.5806273537472161,8064.236955566406
2020-05-24,9212.283203125,9288.404296875,8787.2509765625,8790.3681640625,32518803300,-0.04655584805354227,0.6028222396109744,8061.384396972656
2020-05-25,8786.107421875,8951.005859375,8719.66796875,8906.9345703125,31288157264,0.013173543308948167,0.6046754435139201,8059.581262207032
2020-05-26,8909.5859375,8991.9677734375,8757.2939453125,8835.052734375,29584186947,-0.008103063993220552,0.6041219463908805,8059.732121582031
2020-05-27,8837.380859375,9203.3203125,8834.1572265625,9181.017578125,32740536902,0.038410971222694656,0.6107813709865857,8061.569299316407
2020-05-28,9184.9453125,9546.3193359375,9148.45703125,9525.7509765625,34367073114,0.03686071480897355,0.5704640439224344,8063.920422363281
2020-05-29,9528.35546875,9573.6669921875,9379.3388671875,9439.1240234375,32896642044,-0.00913557886418624,0.5701335630194639,8067.327102050781
2020-05-30,9438.9140625,9704.0302734375,9366.7294921875,9700.4140625,32722975141,0.02730538972956484,0.5719858476139781,8071.7508618164065
2020-05-31,9700.10546875,9700.34375,9432.296875,9461.05859375,27773290299,-0.024984292562996217,0.4758078622065609,8075.0148413085935
2020-06-01,9463.60546875,10199.5654296875,9450.8994140625,10167.2685546875,35198901068,0.07198931640233779,0.523939136601719,8082.310710449219
2020-06-02,10162.9736328125,10182.3408203125,9460.5712890625,9529.8037109375,39137252109,-0.06474947480283666,0.5775096075622682,8087.499768066406
2020-06-03,9533.7607421875,9682.859375,9471.8466796875,9656.7177734375,25007459262,0.013229694990896244,0.5522989193929219,8093.029553222656
2020-06-04,9655.8544921875,9887.6103515625,9525.2470703125,9800.63671875,25921805072,0.014793539385652563,0.5279602159295758,8099.142858886718
2020-06-05,9800.2158203125,9869.2373046875,9663.216796875,9665.533203125,23509628646,-0.013881075272663914,0.5075663284366998,8105.924094238281
2020-06-06,9664.904296875,9773.431640625,9591.0244140625,9653.6796875,20438419222,-0.0012271221586050945,0.5074930160115502,8113.161765136719
2020-06-07,9653.0029296875,9768.498046875,9458.150390625,9758.8525390625,25015250846,0.010835668358634767,0.497493634439352,8121.8196875
2020-06-08,9760.0634765625,9782.306640625,9675.8857421875,9771.4892578125,21486346312,0.0012940603543832425,0.4971317982187944,8132.463383789062
2020-06-09,9774.3603515625,9836.369140625,9664.7197265625,9795.7001953125,23717842783,0.002474647666023554,0.4971932580318709,8144.958996582031
2020-06-10,9794.119140625,9908.896484375,9728.291015625,9870.0947265625,25706567601,0.00756591700730524,0.49133209543754286,8157.320485839844
2020-06-11,9870.078125,9938.2978515625,9263.0693359375,9321.78125,30247143440,-0.05715571914128428,0.5045519487941872,8168.689807128906
2020-06-12,9320.6904296875,9540.4658203125,9285.8515625,9480.84375,22610564515,0.01691958379014404,0.5063983359614374,8180.363356933593
2020-06-13,9480.7353515625,9493.2119140625,9396.009765625,9475.27734375,17564322315,-0.0005872938226618028,0.5064226971443148,8191.647888183594
2020-06-14,9477.5537109375,9482.2705078125,9347.59375,9386.7880859375,18991732746,-0.009382843818570023,0.47766531630619546,8200.923510742188
2020-06-15,9386.03515625,9504.8603515625,8990.17578125,9450.7021484375,26699704768,0.006785862337686215,0.4764834098429344,8210.86149169922
2020-06-16,9454.2666015625,9579.4306640625,9400.4453125,9538.0244140625,21565537209,0.00919733936802677,0.4752527219369683,8219.745395507813
2020-06-17,9533.7841796875,9540.4228515625,9327.33984375,9480.2548828125,20177709879,-0.006075177257296805,0.45895500591823946,8229.298520507813
2020-06-18,9481.5673828125,9482.7822265625,9328.3955078125,9411.8408203125,17770083003,-0.00724264397501192,0.44126097008620296,8239.23626220703
2020-06-19,9410.2939453125,9440.8759765625,9274.2958984375,9288.0185546875,19632223107,-0.013243316204145586,0.4424930448865296,8249.066413574219
2020-06-20,9290.9599609375,9394.9716796875,9247.3798828125,9332.3408203125,17130541557,0.004760633072752032,0.43121890433304055,8259.127390136719
2020-06-21,9330.9267578125,9401.107421875,9300.4306640625,9303.6298828125,15324301169,-0.003081241183796443,0.4230048909067961,8269.385366210938
2020-06-22,9300.9150390625,9655.0732421875,9296.8720703125,9648.7177734375,21104009514,0.03642039931563134,0.35898752689254776,8280.387416992187
2020-06-23,9644.076171875,9670.541015625,9547.2470703125,9629.658203125,17006433272,-0.0019773010491619188,0.2787021861166648,8290.800725097657
2020-06-24,9632.1494140625,9680.3671875,9278.2333984375,9313.6103515625,18961716076,-0.033370923273779836,0.2979615991657017,8299.587587890624
2020-06-25,9314.126953125,9340.1611328125,9095.32421875,9264.8134765625,18616048626,-0.005253081495321345,0.29199301809753087,8308.08992919922
2020-06-26,9260.9951171875,9310.5166015625,9101.73828125,9162.91796875,18341465837,-0.011059043986902698,0.2907898407165843,8316.900021972657
2020-06-27,9167.82421875,9207.810546875,8998.216796875,9045.390625,17273093144,-0.012909378740095026,0.2929318479136145,8325.736376953126
2020-06-28,9048.4609375,9197.546875,8975.525390625,9143.58203125,14560870760,0.010796911071170564,0.292908647122698,8335.367150878907
2020-06-29,9140.029296875,9237.5732421875,9041.8759765625,9190.8544921875,16460547078,0.0051566968672220465,0.29394273399900284,8345.105751953124
2020-06-30,9185.5810546875,9217.8359375,9084.837890625,9137.9931640625,15735797744,-0.005768117633966839,0.29342406009459443,8354.447294921874
2020-07-01,9145.9853515625,9309.7548828125,9104.7353515625,9228.3251953125,15971550355,0.00983678469207803,0.2945877205540753,8364.965551757812
2020-07-02,9231.1396484375,9274.962890625,9036.623046875,9123.41015625,16338916796,-0.011433924918011266,0.22294004955779864,8374.82109375
2020-07-03,9124.8427734375,9202.3447265625,9058.794921875,9087.3037109375,13078970999,-0.003965412107265914,0.2132898681648963,8385.595209960937
2020-07-04,9084.2333984375,9183.2958984375,9053.6298828125,9132.48828125,12290528515,0.004959953765059784,0.21462046573081905,8398.055075683595
2020-07-05,9126.0908203125,9162.18359375,8977.015625,9073.9423828125,12903406143,-0.006431364974036432,0.2135394938924228,8407.04077392578
2020-07-06,9072.849609375,9375.474609375,9058.6640625,9375.474609375,17889263252,0.032690364054528694,0.24317705886151342,8417.90392578125
2020-07-07,9349.1611328125,9360.6171875,9201.8154296875,9252.27734375,13839652595,-0.013227475028494522,0.2444525012650827,8428.07123046875
2020-07-08,9253.0205078125,9450.3359375,9249.5,9428.3330078125,19702359883,0.01884958505462196,0.2535860033338117,8439.257102050782
2020-07-09,9427.994140625,9431.37890625,9234.9990234375,9277.9677734375,18000702524,-0.016076772716190905,0.25845019139067554,8448.088996582032
2020-07-10,9273.357421875,9287.4716796875,9118.001953125,9278.8076171875,16860035605,9.051613040455209e-05,0.25438022457469167,8457.704892578126
2020-07-11,9277.51171875,9293.5322265625,9199.4853515625,9240.3466796875,13249910444,-0.004153644618958577,0.25413152016865975,8467.29396484375
2020-07-12,9241.0546875,9319.4189453125,9197.4501953125,9276.5,14452361907,0.0039049160883403893,0.25437983403787795,8477.300686035156
2020-07-13,9277.205078125,9306.4052734375,9224.29296875,9243.6142578125,17519821266,-0.003551357868856212,0.21692413175500497,8487.323923339844
2020-07-14,9238.703125,9283.841796875,9171.6611328125,9243.2138671875,18085038362,-4.331631390260929e-05,0.2170348798417988,8497.08955078125
2020-07-15,9241.8974609375,9275.3251953125,9171.93359375,9192.8369140625,15844731575,-0.005465061808117076,0.1853461389016763,8506.463784179687
2020-07-16,9191.98046875,9214.3125,9088.947265625,9132.2275390625,15713967523,-0.006614939463274875,0.18583432493111687,8515.011657714844
2020-07-17,9131.8125,9182.25390625,9089.2021484375,9151.392578125,13944570749,0.002096417007004295,0.1821331132446667,8524.30364501953
2020-07-18,9151.18359375,9230.9833984375,9100.82421875,9159.0400390625,12252601475,0.0008353119275824921,0.17603651869174647,8534.130849609375
2020-07-19,9158.005859375,9201.3984375,9097.6328125,9185.8173828125,12939002784,0.0029193317943758054,0.1723607095570882,8544.059064941406
2020-07-20,9187.220703125,9214.2705078125,9137.509765625,9164.2314453125,13755604146,-0.0023526855605594836,0.17161176371558032,8554.95287109375
2020-07-21,9162.5146484375,9407.2626953125,9149.3896484375,9374.8876953125,18069581956,0.022726572419009328,0.18748671304978498,8565.102888183594
2020-07-22,9375.080078125,9530.5185546875,9319.6533203125,9525.36328125,16532254884,0.015923467431184803,0.1921398236384098,8575.676420898437
2020-07-23,9527.1416015625,9610.2470703125,9483.00390625,9581.072265625,18146399002,0.005831453188377249,0.18671824363328646,8586.5251953125
2020-07-24,9585.5146484375,9623.3369140625,9481.4541015625,9536.892578125,16552768325,-0.004621806400934839,0.1870107443637004,8595.363562011718
2020-07-25,9539.4853515625,9704.556640625,9530.2119140625,9677.11328125,16610070933,0.014595935230040647,0.1916592650613833,8602.930666503906
2020-07-26,9680.234375,10023.8076171875,9652.84765625,9905.1669921875,20507998997,0.023292897324558883,0.20112703136857793,8612.0571875
2020-07-27,9905.2177734375,11298.2216796875,9903.9697265625,10990.873046875,35359749590,0.10400866598506177,0.39081743388877244,8627.616196289062
2020-07-28,11017.4638671875,11204.3271484375,10632.6318359375,10912.8232421875,28766551142,-0.007126663372121388,0.38728220561814736,8641.347541503907
2020-07-29,10912.953125,11304.3974609375,10856.1416015625,11100.4677734375,24617249715,0.01704870717725163,0.3866881341473629,8656.662192382813
2020-07-30,11099.8330078125,11169.3564453125,10895.455078125,11111.2138671875,22857247901,0.0009676074745081875,0.3778481353318405,8671.255791015625
2020-07-31,11110.2109375,11415.8642578125,10987.0537109375,11323.466796875,23160469766,0.01892242337372686,0.37814429507011205,8687.152153320312
2020-08-01,11322.5703125,11794.775390625,11239.6826171875,11759.5927734375,26075670303,0.03779203373214687,0.3869004623065663,8701.811293945313
2020-08-02,11758.7646484375,12034.14453125,11018.1298828125,11053.6142578125,27410067336,-0.061911857122825646,0.46285940091981187,8713.044311523438
2020-08-03,11043.7685546875,11453.0791015625,11012.4150390625,11246.3486328125,20271713443,0.017286053356239672,0.46173767831098356,8725.657124023437
2020-08-04,11246.203125,11385.3818359375,11094.1455078125,11205.892578125,21250197042,-0.0036037470015529804,0.4628126787899708,8737.041396484376
2020-08-05,11203.8232421875,11786.6171875,11158.28515625,11747.0224609375,24411254471,0.04716003790353572,0.4775157806053515,8751.062465820312
2020-08-06,11749.87109375,11902.3359375,11598.7138671875,11779.7734375,23400740340,0.002784144331385825,0.47407734920095834,8766.430107421875
2020-08-07,11778.89453125,11898.0380859375,11408.59375,11601.47265625,23132312867,-0.015251902049187646,0.48243561217461095,8781.1492578125
2020-08-08,11604.5537109375,11800.064453125,11558.431640625,11754.0458984375,17572057837,0.013065469924046941,0.48095208775310816,8796.190014648437
2020-08-09,11737.3251953125,11806.056640625,11548.7841796875,11675.7392578125,17489608833,-0.006684391826167338,0.4843449385485727,8811.164331054688
2020-08-10,11662.2568359375,12045.140625,11662.2568359375,11878.111328125,26114112569,0.01718420090459035,0.48206725547474616,8828.522309570313
2020-08-11,11881.6474609375,11932.7109375,11195.708984375,11410.525390625,27039782640,-0.04016111286278769,0.5132306099758466,8843.347763671874
2020-08-12,11404.5966796875,11748.396484375,11249.60546875,11584.9345703125,25064548486,0.015169300755772669,0.5131156718399944,8859.433198242188
2020-08-13,11588.4052734375,11796.396484375,11216.8720703125,11784.1376953125,27522199497,0.017048853955416797,0.5136254929112773,8875.369736328124
2020-08-14,11772.6591796875,12150.994140625,11685.455078125,11768.87109375,24237958589,-0.001296361228177031,0.5125725672247058,8889.664995117188
2020-08-15,11768.697265625,11963.203125,11768.697265625,11865.6982421875,23354924400,0.008193734253123777,0.5123311797007418,8902.200537109375
2020-08-16,11866.685546875,11934.9013671875,11737.1884765625,11892.8037109375,20583375490,0.0022817499658520377,0.5104786188192761,8915.08140625
2020-08-17,11895.658203125,12359.056640625,11806.6962890625,12254.40234375,28227687027,0.029951760409884235,0.38542051522397713,8928.808452148438
2020-08-18,12251.8955078125,12335.70703125,11954.525390625,11991.2333984375,26043227672,-0.02170941475499902,0.3944921700470358,8942.01197265625
2020-08-19,11990.884765625,12028.923828125,11687.3330078125,11758.283203125,24502851117,-0.01961788699136637,0.400188455693111,8953.839013671875
2020-08-20,11761.5,11900.4111328125,11710.0634765625,11878.3720703125,20175242945,0.01016132774175868,0.40094154725707276,8966.509047851563
2020-08-21,11878.0263671875,11899.259765625,11564.9794921875,11592.4892578125,23762425999,-0.024361862793125022,0.4075099988778965,8978.00388671875
2020-08-22,11585.4775390625,11689.4072265625,11448.8056640625,11681.8251953125,20224191306,0.007676821280393403,0.38615481511669425,8990.508198242187
2020-08-23,11679.6962890625,11713.4296875,11559.9208984375,11664.84765625,18482062658,-0.0014543864269716935,0.3148550692969648,9000.765317382813
2020-08-24,11663.689453125,11807.6318359375,11623.25,11774.595703125,20681511755,0.009364458635234827,0.31136417785541115,9010.989287109374
2020-08-25,11773.5888671875,11778.2998046875,11189.8505859375,11366.134765625,26301509932,-0.035306004408532356,0.3370953300722194,9018.840244140625
2020-08-26,11366.89453125,11530.052734375,11296.9931640625,11488.36328125,22466660958,0.010696334763965401,0.29474580965858366,9026.95646484375
2020-08-27,11485.6083984375,11570.7861328125,11185.94140625,11323.3974609375,23240415076,-0.014463477673961746,0.2979495456960817,9032.990083007813
2020-08-28,11325.2958984375,11545.615234375,11316.4228515625,11542.5,19807127588,0.01916471859560327,0.3023109262345017,9041.419526367188
2020-08-29,11541.0546875,11585.640625,11466.29296875,11506.865234375,17485597759,-0.0030920412474540297,0.29850629886271407,9047.912670898437
2020-08-30,11508.7138671875,11715.2646484375,11492.3818359375,11711.505859375,19760127945,0.017627931208674324,0.3045058631521689,9054.839926757813
2020-08-31,11713.306640625,11768.876953125,11598.318359375,11680.8203125,22285928250,-0.0026235581917250007,0.2982064746184585,9062.17212890625
2020-09-01,11679.31640625,12067.0810546875,11601.12890625,11970.478515625,27311555343,0.02449528784504093,0.2737806942974468,9070.463940429687
2020-09-02,11964.8232421875,11964.8232421875,11290.7939453125,11414.0341796875,28037405299,-0.04759982836281475,0.3191385624324186,9078.086987304687
2020-09-03,11407.19140625,11443.0224609375,10182.46484375,10245.296875,31927261555,-0.108024907829682,0.4833265980281928,9079.641303710938
2020-09-04,10230.365234375,10663.919921875,10207.9404296875,10511.8134765625,29965130374,0.02568095890557451,0.4959704747841269,9083.749658203125
2020-09-05,10512.5302734375,10581.5712890625,9946.67578125,10169.5673828125,44916565292,-0.03310004713411871,0.5023196511464555,9083.887514648437
2020-09-06,10167.216796875,10353.927734375,10056.8857421875,10280.3515625,37071460174,0.010834787536525494,0.5052503085799656,9087.122338867188
2020-09-07,10280.998046875,10399.1533203125,9916.4931640625,10369.5634765625,33703098409,0.008640468391535637,0.49083241224653973,9090.927778320312
2020-09-08,10369.306640625,10414.775390625,9945.1103515625,10131.5166015625,33430927462,-0.02322390559011147,0.49139495506685466,9093.153154296875
2020-09-09,10134.1513671875,10350.54296875,10017.2509765625,10242.34765625,24128292755,0.010879835709758444,0.4936807677085026,9096.048984375
2020-09-10,10242.330078125,10503.912109375,10238.1357421875,10363.138671875,54406443211,0.011724294913524443,0.49437750239972506,9098.242099609375
2020-09-11,10369.0283203125,10434.9228515625,10140.8369140625,10400.9150390625,45201121775,0.003638635248421432,0.4911340850262806,9101.99580078125
2020-09-12,10409.861328125,10578.837890625,10292.38671875,10442.1708984375,36750077324,0.003958714499077175,0.490076888262348,9107.498129882813
2020-09-13,10452.3994140625,10577.21484375,10224.330078125,10323.755859375,36506852789,-0.011404867595945653,0.4902944800475338,9115.014296875
2020-09-14,10328.734375,10800.0107421875,10266.0087890625,10680.837890625,35453581940,0.03400365092776386,0.5070496085725572,9124.496015625
2020-09-15,10677.7548828125,10938.6318359375,10656.4599609375,10796.951171875,32509451925,0.010812510742824319,0.4969764885841632,9135.11849609375
2020-09-16,10797.76171875,11100.1240234375,10704.884765625,10974.9052734375,30769986455,0.016347532426243053,0.49923994488719253,9146.995478515624
2020-09-17,10973.251953125,11037.4208984375,10774.6279296875,10948.990234375,38151810523,-0.002364091830582051,0.4972435551870405,9158.928159179688
2020-09-18,10951.8203125,11034.908203125,10829.6572265625,10944.5859375,26341903912,-0.0004023369137903027,0.4915344916923314,9169.302739257813
2020-09-19,10933.7529296875,11134.0927734375,10909.6181640625,11094.3466796875,22764204008,0.013590771382837723,0.4946826114512925,9180.835541992188
2020-09-20,11095.8701171875,11095.8701171875,10814.4775390625,10938.271484375,24699523788,-0.0141678855300922,0.49124855695360764,9191.750668945313
2020-09-21,10934.92578125,10988.3046875,10380.2607421875,10462.259765625,28884999244,-0.04449331082805089,0.5115646360722028,9198.668154296874
2020-09-22,10459.6240234375,10568.0771484375,10382.7265625,10538.4599609375,23621787804,0.0072569445920738825,0.5023388710104724,9205.747724609375
2020-09-23,10535.4921875,10537.828125,10197.865234375,10246.1865234375,23788661867,-0.028125828810467837,0.48632631100834395,9212.42888671875
2020-09-24,10248.7861328125,10771.056640625,10231.490234375,10760.06640625,47144380902,0.04893613643511954,0.3538379611073236,9225.688637695312
2020-09-25,10761.109375,10777.6962890625,10578.9140625,10692.716796875,39348590957,-0.00627888978372976,0.3444640255155311,9239.533999023437
2020-09-26,10695.5751953125,10772.9990234375,10667.28125,10750.7236328125,46852525493,0.005410230472935921,0.3217781807733834,9253.738969726563
2020-09-27,10746.892578125,10803.9765625,10622.921875,10775.26953125,53745972818,0.0022805831897412406,0.3203968519342237,9268.058166503906
2020-09-28,10776.61328125,10945.34765625,10703.8935546875,10709.65234375,47762394731,-0.006108227146350323,0.32075725868629335,9296.752487792968
2020-09-29,10709.650390625,10860.0009765625,10649.4951171875,10844.640625,46582396602,0.01252558330751577,0.3097015152397634,9323.157155761719
2020-09-30,10843.87109375,10847.2568359375,10669.3212890625,10784.4912109375,44171073700,-0.0055619032310387645,0.3098276552550383,9351.07778076172
2020-10-01,10795.2548828125,10933.6240234375,10472.3564453125,10619.4521484375,40023134100,-0.015421675401221661,0.31384048934986036,9377.213466796875
2020-10-02,10619.8212890625,10657.837890625,10416.689453125,10575.974609375,48661453918,-0.004102545378274992,0.31421665789202563,9405.020939941407
2020-10-03,10575.1005859375,10598.9404296875,10511.1298828125,10549.3291015625,44660271563,-0.0025226166977002406,0.31419650145265693,9431.639438476563
2020-10-04,10550.4404296875,10686.0,10534.3916015625,10669.5830078125,71251776995,0.011334718114116692,0.3132259410599863,9458.795161132812
2020-10-05,10676.529296875,10793.5078125,10634.6005859375,10793.33984375,47537578009,0.011532279024733388,0.2929214953620504,9481.805895996094
2020-10-06,10796.306640625,10797.578125,10528.890625,10604.40625,42623695307,-0.017659664062251813,0.29686867930934013,9503.834035644531
2020-10-07,10603.35546875,10680.5078125,10562.5068359375,10668.96875,37799458436,0.006069812450621233,0.2914492697294704,9526.253547363282
2020-10-08,10669.37109375,10945.7373046875,10562.6064453125,10915.685546875,63314794397,0.022861384647314218,0.30320219199414566,9551.680700683593
2020-10-09,10927.9130859375,11102.671875,10846.8505859375,11064.4580078125,22799117613,0.013537193923190284,0.30687607145637935,9574.921416015624
2020-10-10,11059.142578125,11442.2109375,11056.9404296875,11296.361328125,22877978588,0.02074267777372715,0.31167719017877826,9597.729204101563
2020-10-11,11296.08203125,11428.8134765625,11288.6279296875,11384.181640625,19968627060,0.007744148940002064,0.3075818028983306,9621.24479736328
2020-10-12,11392.6357421875,11698.4677734375,11240.6865234375,11555.36328125,26163972642,0.014924866101628098,0.2598119821135298,9645.439411621093
2020-10-13,11548.7197265625,11548.984375,11321.224609375,11425.8994140625,24241420251,-0.011267025530866026,0.2654078609329563,9670.219916992188
2020-10-14,11429.0478515625,11539.9775390625,11307.8310546875,11429.5068359375,24103426719,0.000315673400463534,0.23922879360672605,9696.156481933594
2020-10-15,11426.6025390625,11569.9140625,11303.603515625,11495.349609375,24487233058,0.005744241377636975,0.17893497517633303,9724.02301513672
2020-10-16,11502.828125,11540.0615234375,11223.0126953125,11322.123046875,25635480772,-0.01518396829079633,0.18730916487180876,9748.484421386718
2020-10-17,11322.123046875,11386.26171875,11285.345703125,11358.1015625,19130430174,0.0031726798498982116,0.1870649999339135,9773.08170654297
2020-10-18,11355.982421875,11483.359375,11347.578125,11483.359375,18283314340,0.010967693217915127,0.1892755804213749,9797.464621582032
2020-10-19,11495.0380859375,11799.0927734375,11408.2900390625,11742.037109375,23860769928,0.02227634146506345,0.19737384658233928,9822.206684570312
2020-10-20,11745.974609375,11999.91796875,11681.48046875,11916.3349609375,30915821592,0.014734826605249336,0.1986664556691095,9848.121423339844
2020-10-21,11913.0771484375,13184.56640625,11900.9287109375,12823.689453125,43414712626,0.07338405430586939,0.30702623661463857,9877.902233886718
2020-10-22,12801.6357421875,13161.59375,12717.09375,12965.8916015625,34729759598,0.011027987566796663,0.29476137566105653,9908.776044921875
2020-10-23,12971.548828125,13015.9619140625,12752.6474609375,12931.5390625,28974975003,-0.0026529704553783216,0.29395978990513677,9937.074833984376
2020-10-24,12931.57421875,13145.06640625,12885.7470703125,13108.0625,24542317940,0.01355828284978525,0.29088296589299184,9966.73307373047
2020-10-25,13108.0634765625,13329.18359375,12910.0615234375,13031.173828125,24406920575,-0.0058830252475124915,0.29620809247212115,9995.218449707032
2020-10-26,13031.201171875,13225.2978515625,12822.3828125,13075.248046875,29461458313,0.0033765071930938885,0.296857083299961,10024.084243164063
2020-10-27,13075.2421875,13759.6689453125,13060.837890625,13654.21875,33749878156,0.04332755896265355,0.3026226390886849,10058.02787109375
2020-10-28,13654.21484375,13837.6953125,12932.2509765625,13271.28515625,35867318895,-0.02844584941845549,0.33326677157805007,10090.088881835938
2020-10-29,13271.298828125,13612.0478515625,12980.0595703125,13437.8828125,56499499598,0.012475103458646658,0.33029980842290185,10122.422836914062
2020-10-30,13437.8740234375,13651.5166015625,13136.1982421875,13546.5224609375,30581485201,0.008052075583308513,0.33008498792789953,10155.93026123047
2020-10-31,13546.5322265625,14028.2138671875,13457.5302734375,13780.9951171875,30306464719,0.01716060814063042,0.3287972762203085,10190.623098144531
2020-11-01,13780.9951171875,13862.033203125,13628.3779296875,13737.109375,24453857900,-0.003189593193523672,0.33168802208767056,10226.098095703124
2020-11-02,13737.0322265625,13808.3232421875,13243.16015625,13550.4892578125,30771455468,-0.01367823012311885,0.33989024706857834,10258.266520996094
2020-11-03,13550.451171875,13984.9814453125,13325.44140625,13950.30078125,29869951617,0.02907841515337467,0.34042923905364314,10292.537102050781
2020-11-04,13950.48828125,14218.7666015625,13580.4716796875,14133.70703125,35116364962,0.013061444695718672,0.3389539297618092,10326.91731201172
2020-11-05,14133.7333984375,15706.404296875,14102.0888671875,15579.8486328125,40856321439,0.09741581080424415,0.45347820660315413,10368.869431152343
2020-11-06,15579.7294921875,15903.4375,15226.83984375,15565.880859375,39837841971,-0.0008969303080480761,0.4443114423616013,10412.28904296875
2020-11-07,15565.880859375,15737.095703125,14423.203125,14833.75390625,35024953706,-0.04817614127429782,0.494532363075932,10452.056196289062
2020-11-08,14833.75390625,15637.3203125,14744.1103515625,15479.5673828125,26632075029,0.04261566759184631,0.5051627658318335,10493.86799560547
2020-11-09,15479.595703125,15785.13671875,14865.529296875,15332.3154296875,34149115566,-0.009558200327301026,0.5107716793335859,10533.38094970703
2020-11-10,15332.3505859375,15450.3291015625,15124.9599609375,15290.90234375,25574938143,-0.002704687109614758,0.5134636503618264,10572.08095703125
2020-11-11,15290.9091796875,15916.2607421875,15290.0068359375,15701.33984375,29772374934,0.026488015591815354,0.4662017534531496,10612.737976074219
2020-11-12,15701.298828125,16305.00390625,15534.771484375,16276.34375,34175758344,0.03596670089126322,0.47505713538802763,10655.72035888672
2020-11-13,16276.4404296875,16463.177734375,15992.15234375,16317.80859375,31599492172,0.0025443132057155655,0.4735375205961127,10698.331396484375
2020-11-14,16317.80859375,16317.80859375,15749.193359375,16068.138671875,27481710135,-0.015418716403050705,0.4821834549388491,10739.636796875
2020-11-15,16068.1396484375,16123.1103515625,15793.5341796875,15955.587890625,23653867583,-0.007029240926094911,0.48266617585479643,10775.409545898438
2020-11-16,15955.5771484375,16816.181640625,15880.7060546875,16716.111328125,31526766675,0.04656389869041283,0.4985283055990072,10815.697333984375
2020-11-17,16685.69140625,17782.919921875,16564.544921875,17645.40625,39006849170,0.054102475844138374,0.5084407956256793,10859.600532226563
2020-11-18,17645.19140625,18393.94921875,17352.90625,17804.005859375,49064800278,0.008947999876361636,0.4868057709969689,10903.677578125
2020-11-19,17803.861328125,18119.546875,17382.5546875,17817.08984375,36985055355,0.0007346200168832048,0.48896069110542895,10948.27568359375
2020-11-20,17817.083984375,18773.2265625,17765.794921875,18621.314453125,36992873940,0.04414876269819295,0.4998240408326371,10996.818984375
2020-11-21,18621.31640625,18936.62109375,18444.359375,18642.232421875,39650210707,0.0011227042351799794,0.5020941803549432,11045.014794921875
2020-11-22,18642.232421875,18688.96875,17671.384765625,18370.001953125,41280434226,-0.014710561659748133,0.5087184977308541,11090.52099609375
2020-11-23,18370.017578125,18711.42578125,18000.796875,18364.12109375,42741112308,-0.00032018509970887474,0.5016700580767809,11132.584008789063
2020-11-24,18365.015625,19348.271484375,18128.65625,19107.46484375,51469565009,0.03968026776556164,0.5068758918199572,11178.908002929687
2020-11-25,19104.41015625,19390.96484375,18581.146484375,18732.12109375,43710357371,-0.019839332374638075,0.5210597839708873,11224.599125976563
2020-11-26,18729.83984375,18866.28515625,16351.03515625,17150.623046875,61396835737,-0.08820525362378571,0.5403985389206857,11266.570087890625
2020-11-27,17153.9140625,17445.0234375,16526.423828125,17108.40234375,38886494645,-0.0024647942560283285,0.5406257862209816,11309.103120117188
2020-11-28,17112.93359375,17853.939453125,16910.65234375,17717.4140625,32601040734,0.034978293300267825,0.5146561057894481,11353.667802734375
2020-11-29,17719.634765625,18283.62890625,17559.1171875,18177.484375,31133957704,0.025635704702410122,0.503701641626916,11398.205288085937
2020-11-30,18178.322265625,19749.263671875,18178.322265625,19625.8359375,47728480399,0.07666315234015364,0.5527511919876065,11447.665859375
2020-12-01,19633.76953125,19845.974609375,18321.921875,18802.998046875,49633658712,-0.04283053060242915,0.5826469797588668,11495.03986328125
2020-12-02,18801.744140625,19308.330078125,18347.71875,19201.091796875,37387697139,0.020950814137308933,0.5809674639402768,11544.16025390625
2020-12-03,19205.92578125,19566.19140625,18925.78515625,19445.3984375,31930317405,0.012643316046180679,0.5731870050023192,11593.033549804688
2020-12-04,19446.966796875,19511.404296875,18697.193359375,18699.765625,33872388058,-0.039099467524232566,0.5963000374465446,11637.899501953125
2020-12-05,18698.384765625,19160.44921875,18590.193359375,19154.23046875,27242455064,0.024012613075875922,0.5936862598500029,11685.025463867187
2020-12-06,19154.1796875,19390.5,18897.89453125,19345.12109375,25293775714,0.009916644389898553,0.5910457001993557,11734.136162109375
2020-12-07,19343.12890625,19411.828125,18931.142578125,19191.630859375,26896357742,-0.007965956561317785,0.5776124722654301,11784.6855078125
2020-12-08,19191.529296875,19283.478515625,18269.9453125,18321.14453125,31692288756,-0.04641845955624486,0.5783594737780242,11830.378344726563
2020-12-09,18320.884765625,18626.29296875,17935.546875,18553.916015625,34420373071,0.012625041029578565,0.5790727429415187,11877.101489257813
2020-12-10,18553.298828125,18553.298828125,17957.064453125,18264.9921875,25547132265,-0.01569464022080565,0.582300212440384,11924.474609375
2020-12-11,18263.9296875,18268.453125,17619.533203125,18058.904296875,27919640985,-0.011347356530151446,0.5620877728822699,11970.234458007813
2020-12-12,18051.3203125,18919.55078125,18046.041015625,18803.65625,21752580802,0.04041245632345914,0.5805380232262878,12020.077475585938
2020-12-13,18806.765625,19381.53515625,18734.33203125,19142.3828125,25450468637,0.01785353982728499,0.5808104854630414,12069.884301757813
2020-12-14,19144.4921875,19305.099609375,19012.708984375,19246.64453125,22473997681,0.005431863337978572,0.580867590497167,12118.48876953125
2020-12-15,19246.919921875,19525.0078125,19079.841796875,19417.076171875,26741982541,0.008816158477203611,0.5654329055476391,12168.378530273438
2020-12-16,19418.818359375,21458.908203125,19298.31640625,21310.59765625,44409011479,0.0930515975767781,0.6434510533330956,12226.429448242188
2020-12-17,21308.3515625,23642.66015625,21234.67578125,22805.162109375,71378606374,0.06778242711074886,0.5789211814953706,12293.149965820312
2020-12-18,22806.796875,23238.6015625,22399.8125,23137.9609375,40387896275,0.014487680725324005,0.5759762381218292,12358.003427734375
2020-12-19,23132.865234375,24085.85546875,22826.47265625,23869.83203125,38487546580,0.031140804146840156,0.5743979844667884,12429.703569335938
2020-12-20,23861.765625,24209.66015625,23147.7109375,23477.294921875,37844228422,-0.016581622945616773,0.5823639590592373,12498.806455078126
2020-12-21,23474.455078125,24059.982421875,22159.3671875,22803.08203125,45852713981,-0.029138076932326975,0.5491439519763661,12563.818681640625
2020-12-22,22794.0390625,23789.90234375,22430.60546875,23783.029296875,44171632681,0.04207656794577848,0.5302251265233975,12634.406162109375
2020-12-23,23781.974609375,24024.490234375,22802.646484375,23241.345703125,51146161904,-0.023039436663009637,0.5417916576853549,12702.3444921875
2020-12-24,23240.203125,23768.337890625,22777.59765625,23735.94921875,41080759713,0.021057908650393337,0.5432684171425058,12772.229975585937
2020-12-25,23733.5703125,24710.1015625,23463.673828125,24664.791015625,42068395846,0.03838601817057906,0.5218263370331894,12846.696484375
2020-12-26,24677.015625,26718.0703125,24522.689453125,26437.037109375,48332647295,0.06938918605018134,0.5562314598454369,12929.903168945313
2020-12-27,26439.373046875,28288.83984375,25922.76953125,26272.294921875,66479895605,-0.006250988870123867,0.5610184828347293,13011.914169921874
2020-12-28,26280.822265625,27389.111328125,26207.640625,27084.80859375,49056742893,0.030458043294241247,0.5573441764730489,13100.729306640626
2020-12-29,27081.810546875,27370.720703125,25987.298828125,27362.4375,45265946774,0.010198176486275929,0.5093776456058979,13190.137275390625
2020-12-30,27360.08984375,28937.740234375,27360.08984375,28840.953125,51287442704,0.05262518188935121,0.5216686714614515,13286.965654296875
2020-12-31,28841.57421875,29244.876953125,28201.9921875,29001.720703125,46754964848,0.005558802229052879,0.5078411169550197,13385.040317382813
2021-01-01,28994.009765625,29600.626953125,28803.5859375,29374.15234375,40730301359,0.012759952848226697,0.4945778166544522,13484.657568359375
2021-01-02,29376.455078125,33155.1171875,29091.181640625,32127.267578125,67865420765,0.08959001114880642,0.5431409273764938,13597.603784179688
2021-01-03,32129.408203125,34608.55859375,32052.31640625,32782.0234375,78665235202,0.020175172403393154,0.5427881364124447,13714.112626953125
2021-01-04,32810.94921875,33440.21875,28722.755859375,31971.9140625,81163475344,-0.02502246735581663,0.5667806411549046,13826.912993164062
2021-01-05,31977.041015625,34437.58984375,30221.1875,33992.4296875,67547324782,0.06128001171320478,0.5779045753466845,13950.435048828125
2021-01-06,34013.61328125,36879.69921875,33514.03515625,36824.36328125,75289433811,0.08002182823088061,0.5605472835015494,14087.895161132812
2021-01-07,36833.875,40180.3671875,36491.19140625,39371.04296875,84762141031,0.06687092425852742,0.5597003974202768,14238.2322265625
2021-01-08,39381.765625,41946.73828125,36838.63671875,40797.609375,88107519480,0.0355928898794487,0.559004244432478,14393.976684570312
2021-01-09,40788.640625,41436.3515625,38980.875,40254.546875,61984162837,-0.01340052262051337,0.5758932631625793,14547.101127929687
2021-01-10,40254.21875,41420.19140625,35984.62890625,38356.44140625,79980747690,-0.04830048595686678,0.6138988944736371,14692.315283203125
2021-01-11,38346.53125,38346.53125,30549.599609375,35566.65625,123320567399,-0.07551390060372581,0.6812134147801691,14823.824497070313
2021-01-12,35516.359375,36568.52734375,32697.9765625,33922.9609375,74773277909,-0.0473164778588287,0.716130339417365,14947.624711914063
2021-01-13,33915.12109375,37599.9609375,32584.66796875,37316.359375,69364315979,0.09533972073625589,0.7495528090092699,15088.979555664062
2021-01-14,37325.109375,39966.40625,36868.5625,39187.328125,63615990033,0.048921612778852486,0.7550497046688107,15239.198286132812
2021-01-15,39156.70703125,39577.7109375,34659.58984375,36825.3671875,67760757881,-0.06216649897230796,0.8091096751990486,15377.370849609375
2021-01-16,36821.6484375,37864.3671875,35633.5546875,36178.140625,57706187875,-0.017731847143619858,0.7970581309295582,15512.571586914062
2021-01-17,36163.6484375,36722.3515625,34069.3203125,35791.27734375,52359854336,-0.010750872199338055,0.798716077633288,15645.38634765625
2021-01-18,35792.23828125,37299.28515625,34883.84375,36630.07421875,49511702429,0.02316538885922865,0.7973041547843706,15782.91966796875
2021-01-19,36642.234375,37755.890625,36069.8046875,36069.8046875,57244195486,-0.015413522880192659,0.8039041439507129,15917.832172851562
2021-01-20,36050.11328125,36378.328125,33570.4765625,35547.75,66834573161,-0.014579216975338103,0.7960004388469331,16049.908481445313
2021-01-21,35549.3984375,35552.6796875,30250.75,30825.69921875,75643067688,-0.14252813081835994,0.9556065076370366,16158.667265625
2021-01-22,30817.625,33811.8515625,28953.373046875,33005.76171875,77207272511,0.06833341147530216,0.9818588755451451,16276.818701171875
2021-01-23,32985.7578125,33360.9765625,31493.16015625,32067.642578125,48354737975,-0.028834641394269323,0.9389043303115926,16390.89552734375
2021-01-24,32064.376953125,32944.0078125,31106.685546875,32289.37890625,48643830599,0.006890847351743181,0.9364162892775512,16505.200756835937
2021-01-25,32285.798828125,34802.7421875,32087.787109375,32366.392578125,59897054838,0.0023822686367903426,0.9322580947461097,16620.642880859374
2021-01-26,32358.61328125,32794.55078125,31030.265625,32569.849609375,60255421470,0.006266383460683916,0.9062436479477749,16737.098090820313
2021-01-27,32564.029296875,32564.029296875,29367.138671875,30432.546875,62576762015,-0.06787434522440919,0.8820031885913857,16843.059091796877
2021-01-28,30441.041015625,33858.3125,30023.20703125,33466.09765625,76517157706,0.0950202595471698,0.9172316642098617,16964.007080078125
2021-01-29,34318.671875,38406.26171875,32064.814453125,34316.38671875,117894572511,0.025090070847817985,0.9116848187194563,17089.37094238281
2021-01-30,34295.93359375,34834.70703125,32940.1875,34269.5234375,65141828798,-0.0013665573129015413,0.9117792907530401,17214.502490234376
2021-01-31,34270.87890625,34288.33203125,32270.17578125,33114.359375,52754542671,-0.034289423389572346,0.9051793698769428,17334.110102539064
2021-02-01,33114.578125,34638.21484375,32384.228515625,33537.17578125,61400400660,0.0126875420679964,0.8720175947892669,17456.13484375
2021-02-02,33533.19921875,35896.8828125,33489.21875,35510.2890625,63088585433,0.057167938879420434,0.8798867145744937,17587.929326171874
2021-02-03,35510.8203125,37480.1875,35443.984375,37472.08984375,61166818159,0.053773897801538996,0.8350747296075555,17729.494575195313
2021-02-04,37475.10546875,38592.17578125,36317.5,36926.06640625,68838074392,-0.01467867670382311,0.8171900653213542,17868.1958203125
2021-02-05,36931.546875,38225.90625,36658.76171875,38144.30859375,58598066402,0.03245885330843299,0.7960881640752627,18013.096206054688
2021-02-06,38138.38671875,40846.546875,38138.38671875,39266.01171875,71326033653,0.02898274128113115,0.7981833684825587,18162.551826171875
2021-02-07,39250.19140625,39621.8359375,37446.15234375,38903.44140625,65500641143,-0.009276588183404773,0.7978586690923224,18309.442216796873
2021-02-08,38886.828125,46203.9296875,38076.32421875,46196.46484375,101467222687,0.17182056188812328,0.9867448049748352,18492.5191796875
2021-02-09,46184.9921875,48003.72265625,45166.9609375,46481.10546875,91809846886,0.0061426193854515,0.982276113321776,18677.240244140627
2021-02-10,46469.76171875,47145.56640625,43881.15234375,44918.18359375,87301089896,-0.03420320342962812,0.9912966680325174,18853.445595703124
2021-02-11,44898.7109375,48463.46875,44187.76171875,47909.33203125,81388911810,0.06446761605839371,0.8338174687506992,19043.466420898436
2021-02-12,47877.03515625,48745.734375,46424.9765625,47504.8515625,76555041196,-0.008478464657924508,0.8212353159698913,19226.03631347656
2021-02-13,47491.203125,48047.74609375,46392.28125,47105.515625,70250456155,-0.008441745251820123,0.8097459205096038,19406.999775390625
2021-02-14,47114.5078125,49487.640625,47114.5078125,48717.2890625,71248675228,0.033643879906238475,0.8102947506150927,19595.083881835937
2021-02-15,48696.53515625,48875.5703125,46347.4765625,47945.05859375,77069903166,-0.015978235928812496,0.8176689766958553,19779.25310546875
2021-02-16,47944.45703125,50341.1015625,47201.3046875,49199.87109375,77049582886,0.0258352607407487,0.8167256977192761,19968.635126953126
2021-02-17,49207.27734375,52533.9140625,49072.37890625,52149.0078125,80820545404,0.058214152169521576,0.761406707266594,20170.58220214844
2021-02-18,52140.97265625,52474.10546875,51015.765625,51679.796875,52054723579,-0.009038226589304248,0.7264731230642572,20373.713115234375
2021-02-19,51675.98046875,56113.65234375,50937.27734375,55888.1328125,63495496918,0.07828513543693166,0.7534025029866727,20596.92203613281
2021-02-20,55887.3359375,57505.2265625,54626.55859375,56099.51953125,68145460026,0.0037751835203801024,0.7514959629240383,20821.390170898438
2021-02-21,56068.56640625,58330.5703125,55672.609375,57539.9453125,51897585191,0.02535215971053203,0.7215407029429721,21050.35478515625
2021-02-22,57532.73828125,57533.390625,48967.56640625,54207.3203125,92052420332,-0.05966344725525414,0.7799193931047639,21262.49251953125
2021-02-23,54204.9296875,54204.9296875,45290.58984375,48824.42578125,106102492824,-0.10458524450100902,0.8845437865526043,21448.60728515625
2021-02-24,48835.0859375,51290.13671875,47213.5,49705.33203125,63695521388,0.017881495738120444,0.8734718851543597,21638.363715820313
2021-02-25,49709.08203125,51948.96875,47093.8515625,47093.8515625,54506565949,-0.053969759252051705,0.8996293142395687,21815.45427734375
2021-02-26,47180.46484375,48370.78515625,44454.84375,46339.76171875,350967941479,-0.016142075456887308,0.9011708372976609,21987.762529296873
2021-02-27,46344.7734375,48253.26953125,45269.02734375,46188.453125,45910946382,-0.0032705424799890207,0.8992042071429791,22161.65216796875
2021-02-28,46194.015625,46716.4296875,43241.6171875,45137.76953125,53443887451,-0.02301047656676125,0.9037246197412615,22329.41634277344
2021-03-01,45159.50390625,49784.015625,45115.09375,49631.2421875,53891300112,0.09490116032713884,0.7539133461281551,22518.651865234377
2021-03-02,49612.10546875,50127.51171875,47228.84375,48378.98828125,47530897720,-0.025554925208490772,0.7604363668573992,22701.702451171874
2021-03-03,48415.81640625,52535.13671875,48274.3203125,50538.2421875,53220811975,0.043664727693901485,0.7616882298126629,22895.065170898437
2021-03-04,50522.3046875,51735.08984375,47656.9296875,48561.16796875,52343816680,-0.0399061221991278,0.7457190059881441,23078.4069921875
2021-03-05,48527.03125,49396.4296875,46542.515625,48927.3046875,48625928883,0.007511420176535919,0.7453115418893168,23261.77150390625
2021-03-06,48899.23046875,49147.21875,47257.52734375,48912.3828125,34363564661,-0.0003050270395783075,0.7444895914735098,23446.377250976562
2021-03-07,48918.6796875,51384.3671875,48918.6796875,51206.69140625,43137459378,0.0458396233606819,0.7522224317235576,23643.61929199219
2021-03-08,51174.1171875,52314.0703125,49506.0546875,52246.5234375,48597428048,0.020103136515502152,0.7515151095584209,23845.460048828125
2021-03-09,52272.96875,54824.1171875,51981.83203125,54824.1171875,50912227385,0.048156840253235314,0.7635345749798688,24061.61818847656
2021-03-10,54824.01171875,57258.25390625,53290.890625,56008.55078125,57295577614,0.021374179798027783,0.7416280529493606,24283.25181640625
2021-03-11,55963.1796875,58091.0625,54484.59375,57805.12109375,56772343595,0.031573000390297756,0.7463740019595545,24513.95318359375
2021-03-12,57821.21875,57996.62109375,55376.6484375,57332.08984375,55689944702,-0.008216872853115568,0.6984571381464598,24741.740654296875
2021-03-13,57343.37109375,61683.86328125,56217.97265625,61243.0859375,60669829814,0.06599046126171279,0.7336931736924127,24991.12541015625
2021-03-14,61221.1328125,61597.91796875,59302.31640625,59302.31640625,43901225564,-0.03220259265928875,0.7398274852366794,25230.19517578125
2021-03-15,59267.4296875,60540.9921875,55393.1640625,55907.19921875,66419369890,-0.05895520841682183,0.7390942000076548,25453.114184570313
2021-03-16,55840.78515625,56833.1796875,53555.02734375,56804.90234375,59749798599,0.015929471547609108,0.6312353533848426,25679.426196289063
2021-03-17,56825.828125,58969.81640625,54528.62890625,58870.89453125,60258313191,0.03572418708035779,0.6380259281210889,25916.246342773436
2021-03-18,58893.078125,60116.25,54253.578125,57858.921875,55746041000,-0.017339151916613386,0.6049137843506404,26146.98342285156
2021-03-19,57850.44140625,59498.375,56643.703125,58346.65234375,49063873786,0.008394319050580128,0.5975807495987242,26380.312583007813
2021-03-20,58332.26171875,60031.28515625,58213.296875,58313.64453125,50361731222,-0.0005658791253751102,0.5968415469289771,26612.028413085936
2021-03-21,58309.9140625,58767.8984375,56005.6171875,57523.421875,51943414539,-0.013643904139846409,0.590949403854903,26842.5753515625
2021-03-22,57517.890625,58471.48046875,54288.15625,54529.14453125,56521454974,-0.05345688104443306,0.5492815560665175,27063.99458984375
2021-03-23,54511.66015625,55985.44140625,53470.6953125,54738.9453125,56435023914,0.0038401154329438564,0.5383579658851713,27285.130249023438
2021-03-24,54710.48828125,57262.3828125,52514.33203125,52774.265625,70567223787,-0.036551757777657644,0.5391365722255098,27498.153740234375
2021-03-25,52726.74609375,53392.38671875,50856.5703125,51704.16015625,67999812841,-0.020485432915556448,0.5240755160157321,27705.272783203123
2021-03-26,51683.01171875,55137.3125,51579.85546875,55137.3125,56652197978,0.06428841931989358,0.5655201253717826,27929.11152832031
2021-03-27,55137.56640625,56568.21484375,54242.91015625,55973.51171875,47266542233,0.015051908974823298,0.5659708247883647,28158.32150390625
2021-03-28,55974.94140625,56610.3125,55071.11328125,55950.74609375,47686580918,-0.0004068041327035923,0.5477675509567932,28386.86349609375
2021-03-29,55947.8984375,58342.09765625,55139.33984375,57750.19921875,57625587027,0.03165502939331705,0.5534208196956047,28623.798798828124
2021-03-30,57750.1328125,59447.22265625,57251.55078125,58917.69140625,54414116432,0.020014609919984168,0.5338619713328366,28866.38268066406
2021-03-31,58930.27734375,59930.02734375,57726.41796875,58918.83203125,65520826225,1.935944759335448e-05,0.5299282555141145,29108.765986328126
2021-04-01,58926.5625,59586.0703125,58505.27734375,59095.80859375,61669163792,0.0029992328786879927,0.5192533003871185,29352.62625
2021-04-02,59098.87890625,60267.1875,58869.28125,59384.3125,58727860620,0.004870090844088338,0.5182881102292283,29596.143623046875
2021-04-03,59397.41015625,60110.26953125,57603.890625,57603.890625,59641344484,-0.030439981167968613,0.47320006230377826,29830.1783203125
2021-04-04,57604.83984375,58913.74609375,57168.67578125,58758.5546875,50749662970,0.019846643132378484,0.46692166181124634,30069.096567382814
2021-04-05,58760.875,59891.296875,57694.82421875,59057.87890625,60706272115,0.005081207326213134,0.4156856760448549,30309.641010742187
2021-04-06,59171.93359375,59479.578125,57646.80859375,58192.359375,66058027988,-0.01476389754962159,0.4168907183410427,30545.87987792969
2021-04-07,58186.5078125,58731.14453125,55604.0234375,56048.9375,75645303584,-0.037528870853164246,0.41757060322497197,30770.65283203125
2021-04-08,56099.9140625,58338.73828125,55879.0859375,58323.953125,53053855641,0.03978767570422682,0.43810149770287826,31007.581240234376
2021-04-09,58326.5625,58937.046875,57807.86328125,58245.00390625,46655208546,-0.001354549836114697,0.43715536450077697,31246.4949609375
2021-04-10,58253.77734375,61276.6640625,58038.70703125,59793.234375,58238470525,0.026234198096664975,0.4465396349926119,31492.768833007813
2021-04-11,59846.23046875,60790.5546875,59289.796875,60204.96484375,46280252580,0.006862304387402612,0.443595030129008,31742.562724609375
2021-04-12,60175.9453125,61253.03515625,59589.875,59893.453125,51828688519,-0.005187618998143358,0.39632349413774637,31988.229658203127
2021-04-13,59890.01953125,63742.28515625,59869.95703125,63503.45703125,69983454362,0.05852714345026763,0.43828622351772883,32252.283359375
2021-04-14,63523.75390625,64863.09765625,61554.796875,63109.6953125,77451779687,-0.006219938149170958,0.41205637625137775,32514.078217773436
2021-04-15,63075.1953125,63821.671875,62208.96484375,63314.01171875,60954381579,0.003232251116976691,0.39900706823652166,32776.771928710936
2021-04-16,63258.50390625,63594.72265625,60222.53125,61572.7890625,84293007468,-0.027886621874568536,0.36638470399868894,33031.08761230469
2021-04-17,61529.921875,62572.17578125,60361.3515625,60683.8203125,66138759198,-0.014542926101405163,0.3707329632050507,33280.283510742185
2021-04-18,60701.88671875,61057.45703125,52829.53515625,56216.18359375,97468872758,-0.07647243109811933,0.4637129057670025,33507.44197265625
2021-04-19,56191.5859375,57520.0546875,54368.59375,55724.265625,65344865159,-0.008788979117796622,0.45013944071108686,33732.966040039064
2021-04-20,55681.79296875,57062.1484375,53448.046875,56473.03125,67849323955,0.013347500558966063,0.44666602147971757,33962.45132324219
2021-04-21,56471.12890625,56757.97265625,53695.46875,53906.08984375,54926612466,-0.04651974554182734,0.47234711510722033,34179.23512695313
2021-04-22,53857.10546875,55410.23046875,50583.8125,51762.2734375,74798630778,-0.040581883746807136,0.4878109603125304,34384.69857910156
2021-04-23,51739.80859375,52120.79296875,47714.6640625,51093.65234375,86668667320,-0.013001302685204313,0.4865771940609901,34586.20014160156
2021-04-24,51143.2265625,51167.5625,48805.28515625,50050.8671875,49014494781,-0.020620437180110716,0.4818234875141962,34783.432446289065
2021-04-25,50052.83203125,50506.01953125,47159.484375,49004.25390625,46117114240,-0.02113272327896639,0.47423490911690586,34975.10887207031
2021-04-26,49077.79296875,54288.00390625,48852.796875,54021.75390625,58284039825,0.09747970680195452,0.5994226548928666,35190.63921386719
2021-04-27,54030.3046875,55416.96484375,53319.1875,55033.1171875,49448222757,0.01854831914865377,0.603152662547363,35410.48250976563
2021-04-28,55036.63671875,56227.20703125,53887.91796875,54824.703125,48000572955,-0.0037942553737364284,0.5897502070845475,35628.12421875
2021-04-29,54858.08984375,55115.84375,52418.02734375,53555.109375,46088929780,-0.023429673825133245,0.5750672418682742,35838.97885742188
2021-04-30,53568.6640625,57900.71875,53129.6015625,57750.17578125,52395931985,0.07541518772096198,0.637701528077939,36069.952919921874
2021-05-01,57714.6640625,58448.33984375,57052.2734375,57828.05078125,42836427360,0.0013475723603123622,0.6303871657304579,36301.96367675781
2021-05-02,57825.86328125,57902.59375,56141.90625,56631.078125,38177405335,-0.020916047590224387,0.6330323322487541,36527.97153320313
2021-05-03,56620.2734375,58973.30859375,56590.87109375,57200.29296875,51713139031,0.010001102205402288,0.6345298360301885,36756.49625
2021-05-04,57214.1796875,57214.1796875,53191.42578125,53333.5390625,68564706967,-0.06999363622377694,0.6357596637423916,36966.553330078124
2021-05-05,53252.1640625,57911.36328125,52969.0546875,57424.0078125,69241316747,0.07389708647447689,0.696732913666074,37196.88286132812
2021-05-06,57441.30859375,58363.31640625,55382.5078125,56396.515625,69523285106,-0.018055093557641698,0.6976596002828546,37421.44864257812
2021-05-07,56413.953125,58606.6328125,55321.84765625,57356.40234375,68434023376,0.016877096781434925,0.696801245630249,37649.52046875
2021-05-08,57352.765625,59464.61328125,56975.2109375,58803.77734375,65382980634,0.024921619702789645,0.7022233781604722,37883.95768066406
2021-05-09,58877.390625,59210.8828125,56482.00390625,58232.31640625,65906690347,-0.009765628034028508,0.6484469211778012,38111.00081542969
2021-05-10,58250.87109375,59519.35546875,54071.45703125,55859.796875,71776546298,-0.041595541159714526,0.6648698261165934,38325.47034179688
2021-05-11,55847.2421875,56872.54296875,54608.65234375,56704.57421875,61308396325,0.015009957344289306,0.6653114937053171,38544.335517578125
2021-05-12,56714.53125,57939.36328125,49150.53515625,49150.53515625,75215403907,-0.142967146773037,0.8171922737209464,38724.547880859376
2021-05-13,49735.43359375,51330.84375,46980.01953125,49716.19140625,96721152926,0.011442928110092723,0.8079876589257994,38907.97296875
2021-05-14,49682.98046875,51438.1171875,48868.578125,49880.53515625,55737497453,0.003300186759766157,0.8071437054560356,39091.999404296876
2021-05-15,49855.49609375,50639.6640625,46664.140625,46760.1875,59161047474,-0.06459870319528387,0.8344306659006152,39257.52924804688
2021-05-16,46716.63671875,49720.04296875,43963.3515625,46456.05859375,64047871555,-0.006525257090234029,0.8320144526093951,39423.45311523438
2021-05-17,46415.8984375,46623.55859375,42207.2890625,43537.51171875,74903638450,-0.0648839844864655,0.7741723333294801,39573.95125976563
2021-05-18,43488.05859375,45812.45703125,42367.83203125,42909.40234375,56187365084,-0.014531934084628221,0.7671030672562232,39720.765659179684
2021-05-19,42944.9765625,43546.1171875,30681.49609375,37002.44140625,126358098747,-0.14810707635188664,0.8994810836210323,39836.872890625
2021-05-20,36753.66796875,42462.984375,35050.6171875,40782.73828125,88281943359,0.0972750161239599,0.9846732219823284,39972.10103515625
2021-05-21,40596.94921875,42172.171875,33616.453125,37304.69140625,82051616861,-0.08913981683679192,0.963322806089016,40090.87204589844
2021-05-22,37371.03125,38831.0546875,35383.68359375,37536.6328125,57377273240,0.0061982374372439785,0.9648738934627511,40208.803706054685
2021-05-23,37531.44921875,38289.21875,31227.33984375,34770.58203125,78469274361,-0.07654564579833298,0.9841697567372958,40311.98808105469
2021-05-24,34700.36328125,39835.140625,34551.08203125,38705.98046875,67359584098,0.10722243682664231,1.0786214887085737,40427.61874023438
2021-05-25,38795.78125,39776.3515625,36581.4296875,38402.22265625,56211915803,-0.007878782581024249,1.0626733240053476,40541.80044921875
2021-05-26,38392.625,40782.078125,37905.8359375,39294.19921875,51346735160,0.022961565812768543,1.02248693400834,40664.10267578125
2021-05-27,39316.890625,40379.6171875,37247.90234375,38436.96875,43210968721,-0.02205718107153495,1.0225803796363022,40778.889682617184
2021-05-28,38507.08203125,38856.96875,34779.0390625,35697.60546875,55200191952,-0.07393611150144239,1.0316162017992019,40880.7161328125
2021-05-29,35684.15625,37234.5,33693.9296875,34616.06640625,45231013335,-0.030765691542153008,1.0172431021519044,40977.341953125
2021-05-30,34607.40625,36400.66796875,33520.73828125,35678.12890625,31646080921,0.030219944078986264,1.0341928912045946,41077.2258984375
2021-05-31,35658.59375,37468.25,34241.9453125,37332.85546875,39009847639,0.04533591723246496,1.0584059694172985,41182.50845703125
2021-06-01,37293.79296875,37896.734375,35787.0859375,36684.92578125,34639423297,-0.01750785357311659,1.0511363912902996,41284.34404296875
2021-06-02,36699.921875,38231.33984375,35966.30859375,37575.1796875,33070867190,0.02397778870231388,0.9618283138948541,41391.87924804688
2021-06-03,37599.41015625,39478.953125,37243.97265625,39208.765625,35460750427,0.042556616951370016,0.977613890014853,41508.14513671875
2021-06-04,39242.484375,39242.484375,35717.72265625,36894.40625,41831090187,-0.06084038726712561,0.9907008346289752,41609.03661132813
2021-06-05,36880.15625,37917.71484375,34900.4140625,35551.95703125,35959473399,-0.03706474257477647,0.9776131728966961,41698.569365234376
2021-06-06,35538.609375,36436.421875,35304.578125,35862.37890625,28913440585,0.008693599850188834,0.9803106541642322,41788.86123046875
2021-06-07,35835.265625,36790.5703125,33480.640625,33560.70703125,33683936663,-0.06633285563534304,0.9813017841457738,41867.57931640625
2021-06-08,33589.51953125,34017.38671875,31114.443359375,33472.6328125,49902050442,-0.002627775063457771,0.9818412556115806,41941.835908203124
2021-06-09,33416.9765625,37537.37109375,32475.865234375,37345.12109375,53972919008,0.10947410238213756,0.9357283321108459,42035.3503515625
2021-06-10,37389.515625,38334.32421875,35847.59375,36702.59765625,43576032854,-0.017354742993128305,0.8680667708810299,42127.01333007812
2021-06-11,36697.03125,37608.6953125,36044.44921875,37334.3984375,38699736985,0.017067578415986145,0.8147137253061117,42221.864716796874
2021-06-12,37340.14453125,37408.92578125,34728.19140625,35552.515625,37924228550,-0.048904195040405544,0.8316487656652657,42304.08997070313
2021-06-13,35555.7890625,39322.78125,34864.109375,39097.859375,40669112838,0.09505680129465752,0.8515743165310022,42405.918662109376
2021-06-14,39016.96875,40978.36328125,38757.28515625,40218.4765625,43148914673,0.02825878796632069,0.7731469793640631,42521.2579296875
2021-06-15,40427.16796875,41295.26953125,39609.46875,40406.26953125,46420149185,0.004658453327527578,0.7723836682731143,42637.747265625
2021-06-16,40168.69140625,40516.77734375,38176.03515625,38347.0625,39211635100,-0.052307031596144006,0.7909505393541789,42740.8955078125
2021-06-17,38341.421875,39513.671875,37439.67578125,38053.50390625,37096670047,-0.007684760787668957,0.787726843636073,42840.27560546875
2021-06-18,38099.4765625,38187.26171875,35255.85546875,35787.24609375,36200887275,-0.06140159139173661,0.7740772387642888,42921.08265625
2021-06-19,35854.52734375,36457.796875,34933.0625,35615.87109375,31207279719,-0.004800219817294286,0.7662094910848054,43005.14702148437
2021-06-20,35563.140625,36059.484375,33432.07421875,35698.296875,36664034054,0.0023116253137915738,0.7590281132799623,43087.633046875
2021-06-21,35641.14453125,35721.640625,31295.935546875,31676.693359375,52809038594,-0.119521795848678,0.8450018188758687,43148.789521484374
2021-06-22,31622.376953125,33292.453125,28893.62109375,32505.66015625,58964353058,0.025833047609393114,0.8520516830216953,43217.81899414062
2021-06-23,32515.71484375,34753.41015625,31772.6328125,33723.02734375,46317108925,0.03676667515561315,0.8588006190163483,43290.662978515626
2021-06-24,33682.80078125,35228.8515625,32385.21484375,34662.4375,33123368116,0.027475699857643344,0.8497865025078644,43367.24956054687
2021-06-25,34659.10546875,35487.24609375,31350.884765625,31637.779296875,40230904226,-0.09130465397426267,0.8806109577122081,43429.48030273437
2021-06-26,31594.6640625,32637.587890625,30184.501953125,32186.27734375,38585385521,0.01718823840092292,0.8775700749800109,43498.80596679688
2021-06-27,32287.5234375,34656.12890625,32071.7578125,34649.64453125,35511640894,0.0737472744793095,0.9181115269131278,43579.284609375
2021-06-28,34679.12109375,35219.890625,33902.07421875,34434.3359375,33892523752,-0.006233262455755746,0.8878578491361232,43660.131328125
2021-06-29,34475.55859375,36542.109375,34252.484375,35867.77734375,37901460044,0.040785121124139886,0.8981615406469206,43749.17569335937
2021-06-30,35908.38671875,36074.7578125,34086.15234375,35040.8359375,34059036099,-0.02332520296585249,0.8142332459992215,43830.36159179688
2021-07-01,35035.984375,35035.984375,32883.78125,33572.1171875,37838957079,-0.04281824560087459,0.8245887377341833,43902.51026367187
2021-07-02,33549.6015625,33939.58984375,32770.6796875,33897.046875,38728974942,0.00963202091343982,0.8225670248979934,43975.762275390625
2021-07-03,33854.421875,34909.26171875,33402.6953125,34668.546875,24383958643,0.022504948021345134,0.8112217596898748,44052.01962890625
2021-07-04,34665.56640625,35937.56640625,34396.4765625,35287.78125,24924307911,0.017703918010918158,0.7363774340863699,44121.905546875
2021-07-05,35284.34375,35284.34375,33213.66015625,33746.00390625,26721554282,-0.04467475626166748,0.7383578204971489,44176.609755859376
2021-07-06,33723.5078125,35038.53515625,33599.91796875,34235.1953125,26501259870,0.014392210079461632,0.7412836251868579,44232.09592773437
2021-07-07,34225.6796875,34997.6640625,33839.2890625,33855.328125,24796027477,-0.011157826650301255,0.7237152935078008,44282.023408203124
2021-07-08,33889.60546875,33907.90625,32133.18359375,32877.37109375,29910396946,-0.029311778537964177,0.7282386761426539,44329.0237890625
2021-07-09,32861.671875,34042.29296875,32318.880859375,33798.01171875,27436021028,0.02761736344787324,0.7094375533881898,44383.9984375
2021-07-10,33811.2421875,34209.0703125,33116.01171875,33520.51953125,22971873468,-0.0082442012335933,0.7096648683856206,44432.68588867188
2021-07-11,33509.078125,34584.703125,33346.73828125,34240.1875,20108729370,0.021242252673874872,0.7144262119785523,44487.68009765625
2021-07-12,34254.015625,34592.15625,32697.30859375,33155.84765625,24321499537,-0.032180926347831006,0.5858758588780982,44534.77958984375
2021-07-13,33125.46875,33327.1015625,32261.419921875,32702.025390625,19120856669,-0.013782086425800635,0.5817759050636141,44574.96576171875
2021-07-14,32723.845703125,33061.3984375,31639.125,32822.34765625,21376531210,0.0036725998364308425,0.566729803251057,44606.89231445312
2021-07-15,32827.875,33159.640625,31175.708984375,31780.73046875,21300524237,-0.032249468356842406,0.5662990776790361,44634.4344921875
2021-07-16,31841.55078125,32218.40625,31100.673828125,31421.5390625,23699476918,-0.01136653085848622,0.47092896695131653,44656.11814453125
2021-07-17,31397.30859375,31935.9453125,31223.990234375,31533.068359375,18895018942,0.003543169217346287,0.4668894659008923,44676.971298828124
2021-07-18,31533.884765625,32398.99609375,31215.4921875,31796.810546875,18787986667,0.008329203113175575,0.3823029132860376,44691.7505859375
2021-07-19,31800.01171875,31885.859375,30563.734375,30817.83203125,20434789545,-0.031272502988710885,0.3937391384930859,44700.83114257813
2021-07-20,30838.28515625,31006.1875,29360.955078125,29807.34765625,23148267245,-0.033338555734212405,0.3673000896943144,44702.99711914062
2021-07-21,29796.28515625,32752.326171875,29526.18359375,32110.693359375,28203024559,0.07443417235693212,0.46243064368048026,44702.91424804687
2021-07-22,32138.873046875,32576.400390625,31745.298828125,32313.10546875,19555230518,0.006283788882169604,0.44151733177183483,44700.56965820312
2021-07-23,32305.958984375,33581.55078125,32057.892578125,33581.55078125,22552046192,0.038503942271904575,0.4618147749940218,44708.61784179688
2021-07-24,33593.73046875,34490.390625,33424.859375,34292.4453125,21664706865,0.020948244356669858,0.4608705382527937,44710.117919921875
2021-07-25,34290.29296875,35364.92578125,33881.8359375,35350.1875,20856685287,0.030378619797658737,0.46920145831693255,44702.747041015624
2021-07-26,35384.03125,40499.67578125,35287.3125,37337.53515625,51022126212,0.05469542869161192,0.47598443073356966,44692.57950195312
2021-07-27,37276.03515625,39406.94140625,36441.7265625,39406.94140625,35097370560,0.0539428534880362,0.5048529952301651,44685.62616210937
2021-07-28,39503.1875,40816.0703125,38862.4375,39995.90625,38702404695,0.01483512651645551,0.5012856023199114,44684.33295898438
2021-07-29,39995.453125,40593.0703125,39352.05859375,40008.421875,27167146027,0.00031287370059631146,0.483746642484131,44692.59286132813
2021-07-30,40027.484375,42235.546875,38397.35546875,42235.546875,33072782960,0.0541722306526184,0.5046765011513931,44725.93731445313
2021-07-31,42196.3046875,42231.44921875,41110.83203125,41626.1953125,25802845343,-0.014532545375150554,0.5080954872170643,44764.45348632812
2021-08-01,41460.84375,42541.6796875,39540.94140625,39974.89453125,26688438115,-0.04047804375571393,0.5356069945055093,44777.746162109375
2021-08-02,39907.26171875,40419.1796875,38746.34765625,39201.9453125,25595265436,-0.01952524946480863,0.525530118030885,44777.81924804687
2021-08-03,39178.40234375,39750.03125,37782.05078125,38152.98046875,26189830450,-0.0271224912051319,0.5344457657308939,44784.457314453124
2021-08-04,38213.33203125,39952.296875,37589.1640625,39747.50390625,25372562724,0.04094316463847637,0.5466769849549421,44802.304130859375
2021-08-05,39744.515625,41341.93359375,37458.00390625,40869.5546875,35185031017,0.027838357371246687,0.5287211418375825,44827.695517578126
2021-08-06,40865.8671875,43271.66015625,39932.1796875,42816.5,38226483046,0.04653814062641624,0.5345260114291196,44858.627646484376
2021-08-07,42832.796875,44689.859375,42618.56640625,44555.80078125,40030862141,0.03981881145877593,0.5397021168682292,44901.05762695312
2021-08-08,44574.4375,45282.3515625,43331.91015625,43798.1171875,36302664750,-0.017151523902089738,0.5516265755317511,44942.309462890626
2021-08-09,43791.92578125,46456.83203125,42848.6875,46365.40234375,38734079049,0.056962712090068326,0.5424720450828234,45020.00797851563
2021-08-10,46280.84765625,46637.98828125,44705.5546875,45585.03125,33546019517,-0.01697414139260822,0.5250905970905788,45082.904326171876
2021-08-11,45599.703125,46735.6328125,45351.7109375,45593.63671875,34319709073,0.0001887605723412682,0.4903601299324683,45150.534296875
2021-08-12,45576.87890625,46228.91015625,43861.4453125,44428.2890625,33723620826,-0.025891753544200504,0.5111920229603916,45211.22884765625
2021-08-13,44439.69140625,47831.9765625,44282.41796875,47793.3203125,31744259539,0.07300947971891747,0.5439683342855011,45288.363486328126
2021-08-14,47810.6875,48098.68359375,46177.6328125,47096.9453125,31211354442,-0.014677743757973101,0.5544479719710804,45360.99896484375
2021-08-15,47096.66796875,47357.10546875,45579.58984375,47047.00390625,30988958446,-0.0010609584864258955,0.5542345356603733,45444.07125
2021-08-16,47019.9609375,47998.09765625,45700.3203125,46004.484375,32776876610,-0.02240830692116523,0.5465247320959702,45506.76318359375
2021-08-17,45936.45703125,47139.5703125,44512.41796875,44695.359375,33451362600,-0.02886919903458737,0.5377316543484244,45558.658046875
2021-08-18,44686.75,45952.0625,44364.02734375,44801.1875,32194123075,0.002364966650012081,0.5368834954991638,45611.3163671875
2021-08-19,44741.8828125,46970.76171875,43998.31640625,46717.578125,37204312299,0.04188585333234935,0.5510456391730203,45679.3324609375
2021-08-20,46723.12109375,49342.15234375,46650.70703125,49339.17578125,34706867452,0.05459790698385328,0.5515028443672864,45758.3424609375
2021-08-21,49327.07421875,49717.01953125,48312.19921875,48905.4921875,40585205312,-0.008828701235467067,0.5489926167833306,45825.3184765625
2021-08-22,48869.10546875,49471.609375,48199.94140625,49321.65234375,25370975378,0.008473475397263706,0.5203347362270783,45884.5662890625
2021-08-23,49291.67578125,50482.078125,49074.60546875,49546.1484375,34305053719,0.0045413466832814305,0.5096950143556382,45947.66669921875
2021-08-24,49562.34765625,49878.76953125,47687.1171875,47706.1171875,35361168834,-0.03784489433094968,0.5210666086827827,45995.4757421875
2021-08-25,47727.2578125,49202.87890625,47163.61328125,48960.7890625,32646349931,0.02596012195042943,0.5126040828734579,46043.94962890625
2021-08-26,49002.640625,49347.58203125,46405.78125,46942.21875,32666549568,-0.0421022974523753,0.5384189069871742,46084.143515625
2021-08-27,46894.5546875,49112.78515625,46394.28125,49058.66796875,34511076995,0.04409943030226678,0.5362011468219607,46098.45453125
2021-08-28,49072.5859375,49283.50390625,48499.23828125,48902.40234375,28568103401,-0.0031903644385737097,0.5230451070658739,46110.561015625
2021-08-29,48911.25,49644.11328125,47925.85546875,48829.83203125,25889650240,-0.0014850847584068098,0.5176873105918466,46130.1192578125
2021-08-30,48834.8515625,48925.60546875,46950.2734375,47054.984375,31847007016,-0.03702463994727715,0.5013520928096783,46125.84751953125
2021-08-31,47024.33984375,48189.55078125,46750.09375,47166.6875,34730363427,0.002371071858731938,0.4972194354227205,46124.15669921875
2021-09-01,47099.7734375,49111.08984375,46562.4375,48847.02734375,39139399125,0.03500565378801719,0.5104060288621571,46132.8642578125
2021-09-02,48807.84765625,50343.421875,48652.3203125,49327.72265625,39508070319,0.00979272478817146,0.4995600962710888,46135.91642578125
2021-09-03,49288.25,50982.2734375,48386.0859375,50025.375,43206179619,0.014044128006187486,0.4361175556256665,46146.3180078125
2021-09-04,50009.32421875,50545.58203125,49548.78125,49944.625,37471327794,-0.0016154849967335088,0.4320868805487876,46150.04177734375
2021-09-05,49937.859375,51868.6796875,49538.59765625,51753.41015625,30322676319,0.035575435016673145,0.4463690130425037,46148.0637890625
2021-09-06,51769.00390625,52700.94140625,51053.6796875,52633.53515625,38884105426,0.0168631403802205,0.43713038266537746,46152.83248046875
2021-09-07,52660.48046875,52853.765625,43285.20703125,46811.12890625,65210059683,-0.11723249529729855,0.6027756288432996,46107.4474609375
2021-09-08,46827.76171875,47334.0546875,44561.39453125,46091.390625,49007762488,-0.015494793572991005,0.6058819724721701,46057.40681640625
2021-09-09,45774.7421875,47261.94921875,45669.73828125,46391.421875,38672657013,0.006488390533953229,0.588193727380255,46001.66419921875
2021-09-10,46396.6640625,47031.7421875,44344.484375,44883.91015625,39154666597,-0.03303518664446581,0.5628661692017903,45955.0471484375
2021-09-11,44869.83984375,45969.29296875,44818.265625,45201.45703125,34499835245,0.0070499394103558715,0.5640163598054448,45936.9323046875
2021-09-12,45206.62890625,46364.87890625,44790.4609375,46063.26953125,27881980161,0.01888655452823882,0.5679994081831231,45918.7219921875
2021-09-13,46057.21484375,46598.6796875,43591.3203125,44963.07421875,40969943253,-0.024174296052118335,0.5717315344335766,45908.06810546875
2021-09-14,44960.05078125,47218.125,44752.33203125,47092.4921875,38652152880,0.046272006777909304,0.5842608881028871,45911.8317578125
2021-09-15,47098.0,48450.46875,46773.328125,48176.34765625,30484496466,0.022754601314508963,0.5825266134092139,45921.77123046875
2021-09-16,48158.90625,48486.828125,47079.55859375,47783.359375,31764293754,-0.0081907394359386,0.5637508641298336,45934.9991796875
2021-09-17,47771.00390625,48160.921875,46832.5234375,47267.51953125,28727713711,-0.010854079709278335,0.5423603219214077,45923.18056640625
2021-09-18,47273.52734375,48791.78125,47087.28515625,48278.36328125,28575630451,0.02116012615402399,0.5480868372221546,45922.67744140625
2021-09-19,48268.85546875,48328.3671875,46919.8046875,47260.21875,26967722648,-0.021314594702563614,0.5527695648718086,45906.28732421875
2021-09-20,47261.40625,47328.19921875,42598.9140625,42843.80078125,43909845642,-0.09810793836995628,0.6363374293951687,45877.70048828125
2021-09-21,43012.234375,43607.609375,39787.609375,40693.67578125,48701090088,-0.051488267863326775,0.6560926480614416,45836.53234375
2021-09-22,40677.953125,43978.62109375,40625.6328125,43574.5078125,38139709246,0.06839960199678301,0.6922521192098788,45809.84296875
2021-09-23,43560.296875,44942.17578125,43109.33984375,44895.09765625,34244064430,0.02985630902322461,0.7012451886227226,45778.285
2021-09-24,44894.30078125,45080.4921875,40936.55859375,42839.75,42839345714,-0.04686219528987527,0.7126166864911598,45731.2511328125
2021-09-25,42840.890625,42996.2578125,41759.921875,42716.59375,31604717236,-0.002878952738409655,0.7125012506253338,45670.713515625
2021-09-26,42721.62890625,43919.30078125,40848.4609375,43208.5390625,30661222077,0.011450682044497961,0.6989195801144159,45606.71345703125
2021-09-27,43234.18359375,44313.24609375,42190.6328125,42235.73046875,30980029059,-0.022771582829569807,0.6942003220634445,45528.86650390625
2021-09-28,42200.8984375,42775.14453125,40931.6640625,41034.54296875,30214940550,-0.028852332947741827,0.5812834291704012,45447.37876953125
2021-09-29,41064.984375,42545.2578125,40829.66796875,41564.36328125,30602359905,0.012828924814572349,0.5838957123097074,45348.98515625
2021-09-30,41551.26953125,44092.6015625,41444.58203125,43790.89453125,31141681925,0.05218276011816411,0.6157354172944235,45271.428046875
2021-10-01,43816.7421875,48436.01171875,43320.0234375,48116.94140625,42850641582,0.09420841893127979,0.6901458773841893,45232.4767578125
2021-10-02,48137.46875,48282.0625,47465.49609375,47711.48828125,30614346492,-0.008462113921141138,0.6911784848834435,45187.0096875
2021-10-03,47680.02734375,49130.69140625,47157.2890625,48199.953125,26638115879,0.010185835179136425,0.6892454947485243,45133.65498046875
2021-10-04,48208.90625,49456.77734375,47045.00390625,49112.90234375,33383173002,0.018763728593427256,0.6846091171441052,45089.9248828125
2021-10-05,49174.9609375,51839.984375,49072.83984375,51514.8125,35873904236,0.047747610534684515,0.6857697038735524,45055.76568359375
2021-10-06,51486.6640625,55568.46484375,50488.19140625,55361.44921875,49034730168,0.07201410137731079,0.7227300042416889,45041.00470703125
2021-10-07,55338.625,55338.625,53525.46875,53805.984375,36807860413,-0.028498794333346032,0.7313461135755398,45022.41751953125
2021-10-08,53802.14453125,55922.98046875,53688.0546875,53967.84765625,34800873924,0.0030037607441677503,0.728976781531176,45019.61103515625
2021-10-09,53929.78125,55397.9453125,53735.14453125,54968.22265625,32491211414,0.01836679291081593,0.7283238532015339,45020.757421875
2021-10-10,54952.8203125,56401.3046875,54264.2578125,54771.578125,39527792364,-0.003583836316874845,0.7224564815472903,45030.743984375
2021-10-11,54734.125,57793.0390625,54519.765625,57484.7890625,42637331698,0.04834896270757248,0.625561514764168,45059.64712890625
2021-10-12,57526.83203125,57627.87890625,54477.97265625,56041.05859375,41083758949,-0.02543576350608531,0.5970583825390168,45064.165859375
2021-10-13,56038.2578125,57688.66015625,54370.97265625,57401.09765625,41684252783,0.023978814816483514,0.5662584469668436,45071.3037890625
2021-10-14,57372.83203125,58478.734375,56957.07421875,57321.5234375,36615791366,-0.0013872457018979745,0.5649673327691136,45078.15767578125
2021-10-15,57345.90234375,62757.12890625,56868.14453125,61593.94921875,51780081801,0.0718874583745788,0.559778270139942,45097.37642578125
2021-10-16,61609.52734375,62274.4765625,60206.12109375,60892.1796875,34250964237,-0.011458884632588321,0.5644430747154423,45107.2488671875
2021-10-17,60887.65234375,61645.5234375,59164.46875,61553.6171875,29032367511,0.010803865067540788,0.5645259345154013,45120.42279296875
2021-10-18,61548.8046875,62614.66015625,60012.7578125,62026.078125,38055562075,0.007646292349290159,0.5471933834227273,45135.074140625
2021-10-19,62043.1640625,64434.53515625,61622.93359375,64261.9921875,40471196346,0.03541344366049976,0.5221297623794584,45159.4625390625
2021-10-20,64284.5859375,66930.390625,63610.67578125,65992.8359375,40788955582,0.026577834542035658,0.5214711810285659,45201.407265625
2021-10-21,66002.234375,66600.546875,62117.41015625,62210.171875,45908121370,-0.059027668390729156,0.57948121411053,45218.6653515625
2021-10-22,62237.890625,63715.0234375,60122.796875,60692.265625,38434082775,-0.02470225108270476,0.5227558738039711,45226.83728515625
2021-10-23,60694.62890625,61743.87890625,59826.5234375,61393.6171875,26882546034,0.011489604888576206,0.5179160475508459,45242.84357421875
2021-10-24,61368.34375,61505.8046875,59643.34375,60930.8359375,27316183882,-0.007566491344887265,0.5223343786598338,45267.25306640625
2021-10-25,60893.92578125,63729.32421875,60691.80078125,63039.82421875,31064911614,0.03402727333400422,0.5277814227351801,45290.832421875
2021-10-26,63032.76171875,63229.02734375,59991.16015625,60363.79296875,34878965587,-0.04337718610106227,0.5439224199066441,45301.4263671875
2021-10-27,60352.0,61435.18359375,58208.1875,58482.38671875,43657076893,-0.03166384386368273,0.506372325829092,45294.87212890625
2021-10-28,58470.73046875,62128.6328125,58206.91796875,60622.13671875,45257083247,0.03593449158802419,0.5056859629222401,45296.95798828125
2021-10-29,60624.87109375,62927.609375,60329.96484375,62227.96484375,36856881767,0.026144375505153635,0.5104739418210548,45308.630546875
2021-10-30,62239.36328125,62330.14453125,60918.38671875,61888.83203125,32157938616,-0.0054647503804892625,0.5103346747238944,45300.557421875
2021-10-31,61850.48828125,62406.171875,60074.328125,61318.95703125,32241199927,-0.009250698649359285,0.5120010078896775,45291.60373046875
2021-11-01,61320.44921875,62419.00390625,59695.18359375,61004.40625,36150572843,-0.005142950065019365,0.48842158735281527,45280.055703125
2021-11-02,60963.25390625,64242.79296875,60673.0546875,63226.40234375,37746665647,0.0357758773484733,0.4898136974405397,45288.32376953125
2021-11-03,63254.3359375,63516.9375,61184.23828125,62970.046875,36124731509,-0.004062805617150114,0.4862800498472515,45299.75490234375
2021-11-04,62941.8046875,63123.2890625,60799.6640625,61452.23046875,32615846901,-0.02439903425460908,0.4961695354198986,45325.93513671875
2021-11-05,61460.078125,62541.46875,60844.609375,61125.67578125,30605102446,-0.005328129187967981,0.42929914448505946,45352.9421875
2021-11-06,61068.875,61590.68359375,60163.78125,61527.48046875,29094934221,0.006551908440948538,0.42796553004504767,45378.21443359375
2021-11-07,61554.921875,63326.98828125,61432.48828125,63326.98828125,24726754302,0.028827681539784322,0.437876034275427,45425.31892578125
2021-11-08,63344.06640625,67673.7421875,63344.06640625,67566.828125,41125608330,0.06480556096155835,0.4899053343482306,45504.34169921875
2021-11-09,67549.734375,68530.3359375,66382.0625,66971.828125,42357991721,-0.008845099182201409,0.47807963500727074,45583.732578125
2021-11-10,66953.3359375,68789.625,63208.11328125,64995.23046875,48730828378,-0.02995816542044536,0.48151065604240384,45658.45439453125
2021-11-11,64978.890625,65579.015625,64180.48828125,64949.9609375,35880633236,-0.0006967481072823624,0.43241369170533916,45738.1829296875
2021-11-12,64863.98046875,65460.81640625,62333.9140625,64155.94140625,36084893887,-0.012300437518712916,0.4248126303549,45788.8538671875
2021-11-13,64158.12109375,64915.67578125,63303.734375,64469.52734375,30474228777,0.00487596370827555,0.4236935509605712,45836.03591796875
2021-11-14,64455.37109375,65495.1796875,63647.80859375,65466.83984375,25122092191,0.015351084638069591,0.4243872598373714,45889.2466015625
2021-11-15,65521.2890625,66281.5703125,63548.14453125,63557.87109375,30558763548,-0.029592905846716044,0.4237962080478289,45939.26041015625
2021-11-16,63721.1953125,63721.1953125,59016.3359375,60161.24609375,46844335592,-0.05492245425158357,0.4403820186257538,45951.31576171875
2021-11-17,60139.62109375,60823.609375,58515.41015625,60368.01171875,39178392930,0.00343096492223367,0.425269862925131,45964.01556640625
2021-11-18,60360.13671875,60948.5,56550.79296875,56942.13671875,41388338699,-0.058423750403308876,0.4536996447690208,45965.570859375
2021-11-19,56896.12890625,58351.11328125,55705.1796875,58119.578125,38702407772,0.02046697304630566,0.44951420334180225,45970.16728515625
2021-11-20,58115.08203125,59859.87890625,57469.7265625,59697.1953125,30624264863,0.02678245961804076,0.4612416358348525,46001.98556640625
2021-11-21,59730.5078125,60004.42578125,58618.9296875,58730.4765625,26123447605,-0.016326255638854346,0.4633442748934629,46008.51791015625
2021-11-22,58706.84765625,59266.359375,55679.83984375,56289.2890625,35036121783,-0.042454514477448545,0.4840437048817198,46007.98177734375
2021-11-23,56304.5546875,57875.515625,55632.76171875,57569.07421875,37485803899,0.022481248103212805,0.47238770104870786,46009.04513671875
2021-11-24,57565.8515625,57803.06640625,55964.22265625,56280.42578125,36635566789,-0.02263871996463873,0.4765535427350757,45996.42837890625
2021-11-25,57165.41796875,59367.96875,57146.68359375,57274.6796875,34284016248,0.01751183816078035,0.47755725082244455,45991.6401953125
2021-11-26,58960.28515625,59183.48046875,53569.765625,53569.765625,41810748221,-0.06687380102128215,0.5259083023527784,45980.1900390625
2021-11-27,53736.4296875,55329.2578125,53668.35546875,54815.078125,30560857714,0.02298046960742265,0.5339775696653655,45970.74255859375
2021-11-28,54813.0234375,57393.84375,53576.734375,57248.45703125,28116886357,0.043435386277887976,0.5480232633460028,46011.23216796875
2021-11-29,57291.90625,58872.87890625,56792.52734375,57806.56640625,32370840356,0.009701684218223901,0.49000397651298205,46051.68404296875
2021-11-30,57830.11328125,59113.40234375,56057.28125,57005.42578125,36708594618,-0.013955922421075117,0.4905096237839058,46087.30849609375
2021-12-01,56907.96484375,59041.68359375,56553.08203125,57229.828125,36858195307,0.003928780734843055,0.4851276650545292,46139.65669921875
2021-12-02,57217.37109375,57349.234375,55895.1328125,56477.81640625,32379968686,-0.013227302108743101,0.48532442334737,46189.76548828125
2021-12-03,56509.1640625,57482.16796875,52496.5859375,53598.24609375,39789134215,-0.05233158566534184,0.5103567962030692,46240.06916015625
2021-12-04,53727.87890625,53904.6796875,42874.6171875,49200.703125,61385677469,-0.08560843085516442,0.5727757066187034,46271.5256640625
2021-12-05,49201.51953125,49768.1484375,47857.49609375,49368.84765625,37198201161,0.003411696472447897,0.566825754530825,46333.3576953125
2021-12-06,49413.48046875,50929.51953125,47281.03515625,50582.625,37707308001,0.024288526851428814,0.5780971415138225,46382.35712890625
2021-12-07,50581.828125,51934.78125,50175.80859375,50700.0859375,33676814852,0.002319467736866812,0.5567543828649727,46449.3341015625
2021-12-08,50667.6484375,51171.375,48765.98828125,50504.796875,28479699446,-0.0038592862213869153,0.5554152116338597,46514.174921875
2021-12-09,50450.08203125,50797.1640625,47358.3515625,47672.12109375,29603577251,-0.057721555808476536,0.5546246176437597,46578.6826171875
2021-12-10,47642.14453125,50015.25390625,47023.69921875,47243.3046875,30966005122,-0.009035819421615396,0.544560442142717,46621.36923828125
2021-12-11,47264.6328125,49458.2109375,46942.34765625,49362.5078125,25775869261,0.04388024071672512,0.5620006273774026,46676.1706640625
2021-12-12,49354.85546875,50724.8671875,48725.8515625,50098.3359375,21939223599,0.014796607838164322,0.5672417432208627,46730.19134765625
2021-12-13,50114.7421875,50205.0,45894.84765625,46737.48046875,32166727776,-0.06944137030817533,0.5951693175465211,46771.69390625
2021-12-14,46709.82421875,48431.3984375,46424.49609375,46612.6328125,34638619079,-0.002674827620426481,0.5847694273749866,46826.26904296875
2021-12-15,48379.75390625,49473.95703125,46671.96484375,48896.72265625,36541828520,0.04783877809998121,0.6157983766346028,46897.67232421875
2021-12-16,48900.46484375,49425.57421875,47529.87890625,47665.42578125,27268150947,-0.025504064198459072,0.6125109681974198,46957.60880859375
2021-12-17,47653.73046875,48004.89453125,45618.21484375,46202.14453125,32902725329,-0.031180093256039692,0.5815261919215358,47001.95525390625
2021-12-18,46219.25390625,47313.828125,45598.44140625,46848.77734375,26098292690,0.01389869565630835,0.5764465775624087,47052.77451171875
2021-12-19,46853.8671875,48089.6640625,46502.953125,46707.015625,25154053861,-0.0030305301841360094,0.546427418581496,47098.43369140625
2021-12-20,46707.0625,47401.71875,45579.80859375,46880.27734375,30961902129,0.003702680378992096,0.5441352102853315,47136.79125
2021-12-21,46886.078125,49300.91796875,46698.7734375,48936.61328125,27055803928,0.042928792887466996,0.5737673872433937,47197.00228515625
2021-12-22,48937.09765625,49544.796875,48450.94140625,48628.51171875,24447979559,-0.006315834406489169,0.5723442340515732,47262.38505859375
2021-12-23,48626.34375,51332.33984375,48065.8359375,50784.5390625,28223878108,0.043381939329586325,0.5985209789961836,47336.995859375
2021-12-24,50806.05078125,51814.02734375,50514.49609375,50822.1953125,24367912228,0.0007412156675569818,0.5734153108329597,47423.30330078125
2021-12-25,50854.91796875,51176.59765625,50236.70703125,50429.859375,19030650914,-0.0077497271989944395,0.48841649264222914,47508.08943359375
2021-12-26,50428.69140625,51196.37890625,49623.10546875,50809.515625,20964372926,0.007500204929835927,0.48885755210320614,47575.41140625
2021-12-27,50802.609375,51956.328125,50499.46875,50640.41796875,24324345758,-0.003333620966693561,0.48185497833431995,47645.1005078125
2021-12-28,50679.859375,50679.859375,47414.2109375,47588.85546875,33430376883,-0.062151426511976506,0.5276193283826884,47696.37279296875
2021-12-29,47623.87109375,48119.7421875,46201.49609375,46444.7109375,30049226299,-0.024336011956341844,0.532774840152582,47750.83376953125
2021-12-30,46490.60546875,47879.96484375,46060.3125,47178.125,26686491018,0.01566773871313257,0.49910979686275636,47791.23509765625
2021-12-31,47169.37109375,48472.52734375,45819.953125,46306.4453125,36974172400,-0.018649172756865187,0.5022831969013672,47821.67494140625
2022-01-01,46311.74609375,47827.3125,46288.484375,47686.8125,24582667004,0.02937373314776973,0.4882867645604322,47858.07765625
2022-01-02,47680.92578125,47881.40625,46856.9375,47345.21875,27951569547,-0.007189054400021723,0.48488693471171607,47903.0684375
2022-01-03,47343.54296875,47510.7265625,45835.96484375,46458.1171875,33071628362,-0.018914636695763702,0.42515870363566155,47945.09150390625
2022-01-04,46458.8515625,47406.546875,45752.46484375,45897.57421875,42494677905,-0.012138934663861074,0.42708851797598846,47995.64314453125
2022-01-05,45899.359375,46929.046875,42798.22265625,43569.00390625,36851084859,-0.05206628845481275,0.42412761850396125,48035.40880859375
2022-01-06,43565.51171875,43748.71875,42645.5390625,43160.9296875,30208048289,-0.009410297303589778,0.4181827627886307,48072.72197265625
2022-01-07,43153.5703125,43153.5703125,41077.4453125,41557.90234375,84196607520,-0.037847988650375176,0.4240934599479638,48122.12801757813
2022-01-08,41561.46484375,42228.94140625,40672.27734375,41733.94140625,28066355845,0.004227048332596754,0.41995328924456843,48168.269423828126
2022-01-09,41734.7265625,42663.94921875,41338.16015625,41911.6015625,21294384372,0.004247935206112907,0.4212486007718867,48209.212294921876
2022-01-10,41910.23046875,42199.484375,39796.5703125,41821.26171875,32104232331,-0.002157811766201214,0.4201831117531945,48245.006416015625
2022-01-11,41819.5078125,43001.15625,41407.75390625,42735.85546875,26327648900,0.021633410637439378,0.39501921966756387,48300.496796875
2022-01-12,42742.1796875,44135.3671875,42528.98828125,43949.1015625,33499938689,0.027993907251911834,0.4126543734289175,48359.31091796875
2022-01-13,43946.7421875,44278.421875,42447.04296875,42591.5703125,47691135082,-0.03137582795207003,0.3828115352312366,48399.020546875
2022-01-14,42598.87109375,43346.6875,41982.6171875,43099.69921875,23577403399,0.011859664695822615,0.38805044148122797,48442.34736328125
2022-01-15,43101.8984375,43724.671875,42669.03515625,43177.3984375,18371348298,0.0018011556222094572,0.3894888123501651,48478.89546875
2022-01-16,43172.0390625,43436.80859375,42691.0234375,43113.87890625,17902097845,-0.0014722123644015362,0.3863936030130233,48519.26068359375
2022-01-17,43118.12109375,43179.390625,41680.3203125,42250.55078125,21690904261,-0.02022757169904886,0.38834846362374514,48562.6528515625
2022-01-18,42250.07421875,42534.40234375,41392.21484375,42375.6328125,22417209227,0.002956109256612036,0.3374339681042361,48605.04578125
2022-01-19,42374.0390625,42478.3046875,41242.9140625,41744.328125,23091543258,-0.01500991044287061,0.3323920519350156,48640.4246875
2022-01-20,41744.02734375,43413.0234375,40672.82421875,40680.41796875,20382033940,-0.02581674309560386,0.33082503734300894,48667.38787109375
2022-01-21,40699.60546875,41060.52734375,35791.42578125,36457.31640625,43011992031,-0.10960468291543993,0.4850687707320416,48680.94443359375
2022-01-22,36471.58984375,36688.8125,34349.25,35030.25,39714385405,-0.039930188839646726,0.4708929553720502,48684.91970703125
2022-01-23,35047.359375,36433.3125,34784.96875,36276.8046875,26017975951,0.034966573781181565,0.5010303142641583,48697.02708984375
2022-01-24,36275.734375,37247.51953125,33184.05859375,36654.328125,41856658597,0.010352967106698903,0.5066679651831801,48715.911875
2022-01-25,36654.8046875,37444.5703125,35779.4296875,36954.00390625,26428189594,0.008142486826951165,0.5110898793717135,48731.6918359375
2022-01-26,36950.515625,38825.41015625,36374.90625,36852.12109375,31324598034,-0.0027608244495656064,0.48838163738537843,48748.34984375
2022-01-27,36841.87890625,37148.32421875,35629.28125,37138.234375,25041426629,0.007733837890785913,0.49134785780443785,48762.840078125
2022-01-28,37128.4453125,37952.87890625,36211.109375,37784.33203125,22238830523,0.017247505090414967,0.4850121247413379,48785.9825
2022-01-29,37780.71484375,38576.26171875,37406.47265625,38138.1796875,17194183075,0.00932135173920975,0.4864902560106169,48813.16327148437
2022-01-30,38151.91796875,38266.33984375,37437.7109375,37917.6015625,14643548444,-0.005800446457155093,0.4855124433734649,48838.639541015626
2022-01-31,37920.28125,38647.26171875,36733.57421875,38483.125,20734730465,0.014804408066392667,0.49019490705453533,48872.15151367187
2022-02-01,38481.765625,39115.1328125,38113.6640625,38743.2734375,20288500328,0.006737318502634114,0.483059032392846,48908.760185546875
2022-02-02,38743.71484375,38834.6171875,36832.73046875,36952.984375,19155189416,-0.04731073995912287,0.4892943421792386,48935.859765625
2022-02-03,36944.8046875,37154.6015625,36375.5390625,37154.6015625,18591534769,0.005441215831991581,0.48396796151850313,48962.648720703124
2022-02-04,37149.265625,41527.78515625,37093.62890625,41500.875,29412210792,0.11062688345744714,0.6300703828279495,49016.063935546874
2022-02-05,41501.48046875,41847.1640625,41038.09765625,41441.1640625,19652846215,-0.0014398234837348135,0.6299369911311066,49074.233017578124
2022-02-06,41441.12109375,42500.78515625,41244.90625,42412.43359375,16142097334,0.02316687651757865,0.6359284743483189,49125.74171875
2022-02-07,42406.78125,44401.86328125,41748.15625,43840.28515625,28641855926,0.033111582709537346,0.6421891603282571,49183.3776171875
2022-02-08,43854.65234375,45293.8671875,42807.8359375,44118.4453125,33079398868,0.006324808965338507,0.6423742931386297,49236.06208984375
2022-02-09,44096.703125,44727.80078125,43232.96875,44338.796875,23245887300,0.00498211368199733,0.6394622785043106,49286.29384765625
2022-02-10,44347.80078125,45661.171875,43402.80859375,43565.11328125,32142048537,-0.01760339378138894,0.6354398280127359,49327.3684765625
2022-02-11,43571.12890625,43810.83203125,42114.5390625,42407.9375,26954925781,-0.026921126055171853,0.5006495095197211,49352.72048828125
2022-02-12,42412.30078125,42992.55078125,41852.57421875,42244.46875,18152390304,-0.00386212183286643,0.4726771984130481,49366.908125
2022-02-13,42236.56640625,42693.0546875,41950.94140625,42197.515625,14741589015,-0.001112080209543203,0.46406912452392873,49377.916171875
2022-02-14,42157.3984375,42775.77734375,41681.95703125,42586.91796875,20827783012,0.009185768314632001,0.46398678533881554,49390.80865234375
2022-02-15,42586.46484375,44667.21875,42491.03515625,44575.203125,22721659051,0.045630604487240684,0.4827957057037198,49402.50693359375
2022-02-16,44578.27734375,44578.27734375,43456.69140625,43961.859375,19792547657,-0.01385529504989858,0.48768526664023093,49414.18525390625
2022-02-17,43937.0703125,44132.97265625,40249.37109375,40538.01171875,26246662813,-0.08108233071910446,0.5779174932607318,49417.00083984375
2022-02-18,40552.1328125,40929.15234375,39637.6171875,40030.9765625,23310007704,-0.012586526423760572,0.5786522186214652,49421.14599609375
2022-02-19,40026.0234375,40418.87890625,39713.05859375,40122.15625,13736557863,0.002275138191892225,0.5781586432862227,49430.991875
2022-02-20,40118.1015625,40119.890625,38112.8125,38431.37890625,18340576452,-0.043054421746525254,0.5988608241475022,49424.41125
2022-02-21,38423.2109375,39394.4375,36950.4765625,37075.28125,29280402798,-0.03592381094835431,0.6094329940985853,49405.4398828125
2022-02-22,37068.76953125,38359.85546875,36488.93359375,38286.02734375,25493150450,0.03213453434150656,0.620158522361695,49382.78751953125
2022-02-23,38285.28125,39122.39453125,37201.81640625,37296.5703125,21849073843,-0.026183634615420347,0.6042064665201393,49346.4913671875
2022-02-24,37278.56640625,38968.83984375,34459.21875,38332.609375,46383802093,0.027399579951549815,0.6112434242292386,49319.163828125
2022-02-25,38333.74609375,39630.32421875,38111.34375,39214.21875,26545599159,0.022738450595305906,0.47390699657792495,49283.40791015625
2022-02-26,39213.08203125,40005.34765625,38702.53515625,39105.1484375,17467554129,-0.0027852723260769346,0.473884878119792,49251.00849609375
2022-02-27,39098.69921875,39778.94140625,37268.9765625,37709.78515625,23450127612,-0.036334517924426976,0.47767339833986305,49211.58923828125
2022-02-28,37706.0,43760.45703125,37518.21484375,43193.234375,35690014104,0.13576425730332167,0.674354563540952,49205.41396484375
2022-03-01,43194.50390625,44793.6015625,42952.5859375,44354.63671875,32479047645,0.026533380332524757,0.6806146080852375,49188.220546875
2022-03-02,44357.6171875,45077.578125,43432.8515625,43924.1171875,29183112630,-0.009753715935407227,0.681238814952883,49172.35640625
2022-03-03,43925.1953125,44021.578125,41914.75,42451.7890625,24967782593,-0.03409447865241336,0.6888246359170972,49149.38033203125
2022-03-04,42458.140625,42479.61328125,38805.84765625,39137.60546875,28516271427,-0.0812852755652355,0.7383341993146529,49115.0459375
2022-03-05,39148.44921875,39566.3359375,38777.03515625,39400.5859375,16975917450,0.0066969062286334315,0.7392323729382083,49088.5720703125
2022-03-06,39404.19921875,39640.17578125,38211.6484375,38419.984375,19745229902,-0.025202937052357023,0.743027130544104,49056.6660546875
2022-03-07,38429.3046875,39430.2265625,37260.203125,38062.0390625,28546143503,-0.0093603152707349,0.7415096415570732,49013.388359375
2022-03-08,38059.90234375,39304.44140625,37957.38671875,38737.26953125,25776583476,0.01758473821596099,0.7233569245568904,48960.378828125
2022-03-09,38742.81640625,42465.671875,38706.09375,41982.92578125,32284121034,0.08046083301385845,0.7829102362565502,48925.76599609375
2022-03-10,41974.0703125,42004.7265625,38832.94140625,39437.4609375,31078064711,-0.06254685680053026,0.7617234523137276,48876.3450390625
2022-03-11,39439.96875,40081.6796875,38347.43359375,38794.97265625,26364890465,-0.016425482290646415,0.7625551224326678,48822.58916015625
2022-03-12,38794.46484375,39308.59765625,38772.53515625,38904.01171875,14616450657,0.002806706804667275,0.7625904458166315,48778.5786328125
2022-03-13,38884.7265625,39209.3515625,37728.14453125,37849.6640625,17300745310,-0.027475269974984843,0.7537440973912126,48723.0230078125
2022-03-14,37846.31640625,39742.5,37680.734375,39666.75390625,24322159070,0.04689129940953424,0.7595887976648188,48686.64568359375
2022-03-15,39664.25,39794.62890625,38310.2109375,39338.78515625,23934000868,-0.00830247189817811,0.7530802854559987,48638.04626953125
2022-03-16,39335.5703125,41465.453125,39022.34765625,41143.9296875,39616916192,0.044865467674200424,0.7606002435291866,48599.25390625
2022-03-17,41140.84375,41287.53515625,40662.87109375,40951.37890625,22009601093,-0.004690916877794194,0.7566329401753886,48559.861640625
2022-03-18,40944.83984375,42195.74609375,40302.3984375,41801.15625,34421564942,0.020538517974936225,0.7559532785313349,48533.5925
2022-03-19,41794.6484375,42316.5546875,41602.66796875,42190.65234375,19664853187,0.009274687432012266,0.755936281191816,48508.71232421875
2022-03-20,42191.40625,42241.1640625,41004.7578125,41247.82421875,20127946682,-0.022600322885966202,0.7482486984958041,48470.71630859375
2022-03-21,41246.1328125,41454.41015625,40668.04296875,41077.99609375,24615543271,-0.004125761887466681,0.5754658045433417,48429.46767578125
2022-03-22,41074.10546875,43124.70703125,40948.28125,42358.80859375,32004652376,0.03070379130997368,0.5782814112649777,48391.13484375
2022-03-23,42364.37890625,42893.5078125,41877.5078125,42892.95703125,25242943069,0.012531246090632069,0.5797607657789335,48355.87650390625
2022-03-24,42886.65234375,44131.85546875,42726.1640625,43960.93359375,31042992291,0.024593725965785046,0.5733266578739261,48316.91412109375
2022-03-25,43964.546875,44999.4921875,43706.28515625,44348.73046875,30574413034,0.008782716407665668,0.48762747687058394,48275.49009765625
2022-03-26,44349.859375,44735.99609375,44166.2734375,44500.828125,16950455995,0.0034237154855725296,0.487696330711791,48263.93859375
2022-03-27,44505.35546875,46827.546875,44437.29296875,46820.4921875,28160889722,0.050813175792382204,0.4978015058682046,48267.5841015625
2022-03-28,46821.8515625,48086.8359375,46690.203125,47128.00390625,36362175703,0.0065464127633699815,0.49327072876754685,48271.26701171875
2022-03-29,47100.4375,48022.2890625,47100.4375,47465.73046875,31397059069,0.00714059973919024,0.49262000802387546,48284.17611328125
2022-03-30,47456.8984375,47655.1484375,46746.2109375,47062.6640625,29333883962,-0.0085279952347302,0.42304534426472495,48293.4821484375
2022-03-31,47062.1484375,47512.02734375,45390.5390625,45538.67578125,33327427106,-0.03291800954258311,0.37247875824023124,48290.8591796875
2022-04-01,45554.1640625,46616.2421875,44403.140625,46281.64453125,38162644287,0.016183454010017757,0.3638326338008192,48297.45203125
2022-04-02,46285.5,47028.28125,45782.51171875,45868.94921875,29336594194,-0.008957035540670266,0.3683662542608892,48291.33431640625
2022-04-03,45859.12890625,47313.4765625,45634.10546875,46453.56640625,25414397610,0.012664841243046981,0.34540338504240337,48282.72041015625
2022-04-04,46445.2734375,46791.08984375,45235.81640625,46622.67578125,32499785455,0.0036337857461326666,0.3182372154582309,48276.9169921875
2022-04-05,46624.5078125,47106.140625,45544.80859375,45555.9921875,29640604055,-0.02314486060589607,0.3315141145556072,48268.35935546875
2022-04-06,45544.35546875,45544.35546875,43193.953125,43206.73828125,39393395788,-0.05294570510057487,0.3624113551553854,48243.00123046875
2022-04-07,43207.5,43860.69921875,42899.90625,43503.84765625,26101973106,0.0068529242315328075,0.36179943729611097,48224.219375
2022-04-08,43505.13671875,43903.01953125,42183.2890625,42287.6640625,27215995394,-0.028353972258937266,0.37125018372368757,48221.43869140625
2022-04-09,42282.078125,42786.81640625,42183.25390625,42782.13671875,16050772496,0.011625235289932529,0.37203458960343916,48231.88099609375
2022-04-10,42781.08984375,43376.37890625,42021.20703125,42207.671875,17654475582,-0.013518646577317169,0.3661631687070979,48225.04681640625
2022-04-11,42201.0390625,42424.58984375,39373.05859375,39521.90234375,33949912166,-0.06574699455484899,0.43330048133494076,48198.18083984375
2022-04-12,39533.71484375,40617.5859375,39388.328125,40127.18359375,30991500854,0.015198991801760951,0.4218044199565971,48184.6180078125
2022-04-13,40123.5703125,41430.0546875,39712.74609375,41166.73046875,27691105228,0.02557641749549052,0.43003235987507776,48176.86869140625
2022-04-14,41160.21875,41451.48046875,39695.74609375,39935.515625,24342001973,-0.030364373354540806,0.4294212100206599,48160.50357421875
2022-04-15,39939.40234375,40617.72265625,39866.83203125,40553.46484375,21756855753,0.015355179227128868,0.43258873757082816,48152.09224609375
2022-04-16,40552.31640625,40633.6796875,40078.42578125,40424.484375,16833150693,-0.0031855728397045674,0.43171452540068134,48149.041953125
2022-04-17,40417.77734375,40570.7265625,39620.89453125,39716.953125,19087633042,-0.017657522881942136,0.383492286608621,48139.80490234375
2022-04-18,39721.203125,40986.3203125,38696.19140625,40826.21484375,33705182072,0.027546268364385663,0.3999613108234492,48124.98150390625
2022-04-19,40828.17578125,41672.9609375,40618.6328125,41502.75,25303206547,0.016435294339235306,0.4053138148800425,48091.910546875
2022-04-20,41501.74609375,42126.30078125,40961.09765625,41374.37890625,27819532341,-0.003097867846210707,0.40538986448264525,48060.225
2022-04-21,41371.515625,42893.58203125,40063.828125,40527.36328125,35372786395,-0.020684439708319406,0.3973409016367279,48021.86205078125
2022-04-22,40525.86328125,40777.7578125,39315.41796875,39740.3203125,28011716745,-0.019611085251918917,0.3919811632214815,47974.999140625
2022-04-23,39738.72265625,39935.859375,39352.203125,39486.73046875,16138021249,-0.006401619327578674,0.3919414025770352,47914.85873046875
2022-04-24,39478.375,39845.92578125,39233.5390625,39469.29296875,17964398167,-0.00044170158334548267,0.38618652206996446,47835.39794921875
2022-04-25,39472.60546875,40491.75390625,38338.37890625,40458.30859375,35445730570,0.024749050076096804,0.4006896748852041,47768.6595703125
2022-04-26,40448.421875,40713.890625,37884.984375,38117.4609375,34569088416,-0.05959955698854747,0.4376733785377114,47689.40763671875
2022-04-27,38120.30078125,39397.91796875,37997.3125,39241.12109375,30981015184,0.029052734994520196,0.4247109572405547,47610.77212890625
2022-04-28,39241.4296875,40269.46484375,38941.421875,39773.828125,33903704907,0.013483906721524785,0.42757246498163004,47535.78337890625
2022-04-29,39768.6171875,39887.26953125,38235.53515625,38609.82421875,30882994649,-0.02970235366082905,0.42855388561919394,47441.4085546875
2022-04-30,38605.859375,38771.2109375,37697.94140625,37714.875,23895713731,-0.023452178557919624,0.4293220468987935,47349.77763671875
2022-05-01,37713.265625,38627.859375,37585.7890625,38469.09375,27002760110,0.019800580200401846,0.43741184455714816,47255.1176171875
2022-05-02,38472.1875,39074.97265625,38156.5625,38529.328125,32922642426,0.0015645616058173508,0.3763872615859495,47161.156640625
2022-05-03,38528.109375,38629.99609375,37585.62109375,37750.453125,27326943244,-0.02042224184090012,0.37704527875311133,47041.93916015625
2022-05-04,37748.01171875,39902.94921875,37732.05859375,39698.37109375,36754404490,0.050312677532991644,0.4089758681897145,46935.9701171875
2022-05-05,39695.74609375,39789.28125,35856.515625,36575.140625,43106256317,-0.08194136472907673,0.48621121096669806,46811.077734375
2022-05-06,36573.18359375,36624.359375,35482.1328125,36040.921875,37795577489,-0.014713780107637159,0.4821247508982525,46681.151953125
2022-05-07,36042.50390625,36129.92578125,34940.82421875,35501.953125,24375896406,-0.015067299056939674,0.48312548307783204,46537.3517578125
2022-05-08,35502.94140625,35502.94140625,33878.96484375,34059.265625,36763041910,-0.04148559878699712,0.49710511548721664,46377.68390625
2022-05-09,34060.015625,34222.07421875,30296.953125,30296.953125,63355494961,-0.1170549632581505,0.6090848445898009,46218.1178125
2022-05-10,30273.654296875,32596.30859375,29944.802734375,31022.90625,59811038817,0.023678692386482958,0.6141714684189454,46069.771015625
2022-05-11,31016.18359375,32013.40234375,28170.4140625,28936.35546875,70388855818,-0.06962706368652095,0.6420897041520367,45907.48470703125
2022-05-12,28936.734375,30032.439453125,26350.490234375,29047.751953125,66989173272,0.0038423156405122537,0.6459390398499537,45748.06928710938
2022-05-13,29030.91015625,30924.802734375,28782.330078125,29283.103515625,42841124537,0.008069582993285078,0.651010374816762,45579.28568359375
2022-05-14,29285.642578125,30192.802734375,28702.91015625,30101.265625,28579868620,0.027556540350855446,0.6667963763838811,45427.973046875
2022-05-15,30098.5859375,31308.19140625,29527.740234375,31305.11328125,25835372065,0.03921422960887751,0.6899000938423064,45292.0866796875
2022-05-16,31304.375,31305.341796875,29251.884765625,29862.91796875,32613897286,-0.047163938825930986,0.6878744029780458,45138.2905859375
2022-05-17,29862.408203125,30694.490234375,29570.302734375,30425.857421875,29101473475,0.018675310971867837,0.6765021497378693,44979.28004882813
2022-05-18,30424.478515625,30618.716796875,28720.271484375,28720.271484375,31285268319,-0.05768962303395388,0.6789546781290977,44813.43724609375
2022-05-19,28720.359375,30430.751953125,28708.955078125,30314.333984375,33773447707,0.054017472510896065,0.7138976653564924,44658.414130859375
2022-05-20,30311.119140625,30664.9765625,28793.60546875,29200.740234375,30749382605,-0.03742660999960213,0.7166798896992493,44499.39580078125
2022-05-21,29199.859375,29588.869140625,29027.39453125,29432.2265625,17274840442,0.007896156156526583,0.719307417577524,44330.424921875
2022-05-22,29432.47265625,30425.861328125,29275.18359375,30323.72265625,21631532270,0.02984011653578575,0.7256786334056928,44167.19330078125
2022-05-23,30309.396484375,30590.5859375,28975.560546875,29098.91015625,31483454557,-0.04122961033666706,0.731218280595188,44005.42669921875
2022-05-24,29101.125,29774.35546875,28786.58984375,29655.5859375,26616506245,0.01894978176706928,0.7391093161119265,43848.07625
2022-05-25,29653.134765625,30157.78515625,29384.94921875,29562.361328125,27525063551,-0.0031485281301596416,0.7052050635417038,43688.25065429688
2022-05-26,29564.77734375,29834.16015625,28261.90625,29267.224609375,36774325352,-0.010033699544872113,0.6605435209174373,43517.9518359375
2022-05-27,29251.140625,29346.943359375,28326.61328125,28627.57421875,36582005748,-0.022097889022563728,0.6616153499419289,43323.25556640625
2022-05-28,28622.625,28814.900390625,28554.56640625,28814.900390625,35519577634,0.006522241153916333,0.6641511850122501,43132.47092773437
2022-05-29,29019.8671875,29498.009765625,28841.107421875,29445.95703125,18093886409,0.02166399017895866,0.6623798998118807,42954.72456054688
2022-05-30,29443.365234375,31949.630859375,29303.572265625,31726.390625,39277993274,0.07459222816391974,0.58961421389464,42788.60670898438
2022-05-31,31723.865234375,32249.86328125,31286.154296875,31792.310546875,33538210634,0.0020756074770069063,0.5844225702030829,42626.7885546875
2022-06-01,31792.5546875,31957.28515625,29501.587890625,29799.080078125,41135817341,-0.06474693067083527,0.5771736047258602,42453.436318359374
2022-06-02,29794.890625,30604.734375,29652.705078125,30467.48828125,29083562061,0.02218263391098452,0.5816313478640062,42278.439560546874
2022-06-03,30467.806640625,30633.03515625,29375.689453125,29704.390625,26175547452,-0.02536528971019155,0.58891866348038,42109.172158203124
2022-06-04,29706.138671875,29930.564453125,29500.005859375,29832.9140625,16588370958,0.00431741536890466,0.5810046408798193,41957.53049804687
2022-06-05,29835.1171875,30117.744140625,29574.44921875,29906.662109375,17264085441,0.002468985857085947,0.5630830209813197,41805.22375
2022-06-06,29910.283203125,31693.291015625,29894.1875,31370.671875,31947336829,0.04779217112896654,0.5635703602600882,41677.36642578125
2022-06-07,31371.7421875,31489.68359375,29311.68359375,31155.478515625,40770974039,-0.006883334658869973,0.5611887620984753,41542.545927734376
2022-06-08,31151.48046875,31253.69140625,29944.404296875,30214.35546875,30242059107,-0.030672946983430784,0.5325853049771069,41395.131728515626
2022-06-09,30215.279296875,30609.310546875,30020.265625,30111.998046875,21692004719,-0.0033934595457949636,0.49854092776109005,41252.0393359375
2022-06-10,30110.330078125,30245.80859375,28978.146484375,29083.8046875,29867476527,-0.03474221923780006,0.4961041384223543,41116.0119140625
2022-06-11,29084.666015625,29401.916015625,28236.212890625,28360.810546875,27246574439,-0.02517319741030233,0.5024965931586736,40969.970595703126
2022-06-12,28373.513671875,28502.685546875,26762.6484375,26762.6484375,34163220274,-0.05800108151881945,0.5245311480571577,40822.38170898437
2022-06-13,26737.578125,26795.58984375,22141.2578125,22487.388671875,68204556440,-0.17405255177667042,0.7777699799974191,40648.44525390625
2022-06-14,22487.986328125,23018.951171875,20950.818359375,22206.79296875,50913575242,-0.012556416941057361,0.7694464327083607,40491.630390625
2022-06-15,22196.73046875,22642.671875,20178.376953125,22572.83984375,54912007015,0.01634917508386348,0.7757773130400665,40330.41919921875
2022-06-16,22576.3046875,22868.921875,20265.2265625,20381.650390625,31183975654,-0.10211240133010355,0.8348939665754254,40146.085166015626
2022-06-17,20385.71875,21243.3125,20326.51953125,20471.482421875,27132421514,0.004397810882562394,0.8379869068051721,39959.40974609375
2022-06-18,20473.42578125,20736.041015625,17708.623046875,19017.642578125,42009436760,-0.07366571122488891,0.8567004018792401,39769.47083007813
2022-06-19,19010.90234375,20683.822265625,18067.15234375,20553.271484375,35329942625,0.07765301952407,0.9110636168815055,39586.088046875
2022-06-20,20553.37109375,20913.322265625,19689.169921875,20599.537109375,30818458597,0.002248480532576946,0.8518460996723636,39406.69665039062
2022-06-21,20594.294921875,21620.62890625,20415.0625,20710.59765625,28970212744,0.005376928208097346,0.8530276484272965,39242.258408203124
2022-06-22,20719.4140625,20835.75,19848.078125,19987.029296875,28574793478,-0.03556200532463169,0.8398024497659337,39096.1900390625
2022-06-23,19986.607421875,21135.76171875,19950.1171875,21085.876953125,26188097173,0.053519949652552336,0.8657882187448729,38954.775185546874
2022-06-24,21084.6484375,21472.91796875,20777.51171875,21231.65625,24957784918,0.006889809613761697,0.8693114241431649,38808.02034179687
2022-06-25,21233.609375,21520.9140625,20964.5859375,21502.337890625,18372538715,0.01266838104662478,0.8722459012510844,38662.0316015625
2022-06-26,21496.494140625,21783.724609375,21016.26953125,21027.294921875,18027170497,-0.02234031636729734,0.8700038783203013,38514.64409179687
2022-06-27,21028.23828125,21478.08984375,20620.19921875,20735.478515625,20965695707,-0.013975180844796839,0.8379672590604551,38379.96087890625
2022-06-28,20731.544921875,21164.423828125,20228.8125,20280.634765625,21381535161,-0.022179692795419582,0.8366901730405178,38245.147529296875
2022-06-29,20281.169921875,20364.15625,19937.791015625,20104.0234375,23552740328,-0.00874651225988825,0.8367602362638886,38098.85510742188
2022-06-30,20108.3125,20141.16015625,18729.65625,19784.7265625,26267239923,-0.016009711756282033,0.8348585634984603,37947.28706054688
2022-07-01,19820.470703125,20632.671875,19073.708984375,19269.3671875,30767551159,-0.02639361166796203,0.8335009335550176,37809.946494140626
2022-07-02,19274.8359375,19371.748046875,19027.08203125,19242.255859375,18100418740,-0.0014079558563739067,0.8355629219262438,37673.094609375
2022-07-03,19242.095703125,19558.26953125,18966.951171875,19297.076171875,16390821947,0.0028449039765122944,0.8258211749292538,37525.09637695312
2022-07-04,19297.314453125,20258.748046875,19063.06640625,20231.26171875,21594638208,0.04727542718300751,0.6212123740562214,37387.92555664063
2022-07-05,20225.353515625,20635.466796875,19341.232421875,20190.115234375,26715546990,-0.002035878126304793,0.6206760962014929,37257.86541015625
2022-07-06,20194.619140625,20595.529296875,19823.51171875,20548.24609375,24598943708,0.017582449257883936,0.6212133874470332,37126.36275390625
2022-07-07,20547.814453125,21771.81640625,20296.103515625,21637.587890625,25814972520,0.05165639338861742,0.5397232968193504,37001.01561523438
2022-07-08,21637.154296875,22314.94140625,21257.453125,21731.1171875,49899834488,0.0043132227124235666,0.5397203148499766,36875.269814453124
2022-07-09,21716.828125,21877.138671875,21445.95703125,21592.20703125,29641127858,-0.0064127411638449485,0.4646587619772021,36738.547783203125
2022-07-10,21591.080078125,21591.080078125,20727.123046875,20860.44921875,28688807249,-0.03447747972502637,0.4055213037196878,36599.70747070313
2022-07-11,20856.353515625,20856.353515625,19924.5390625,19970.556640625,24150249025,-0.04359596339476734,0.4334588501228057,36445.63755859375
2022-07-12,19970.474609375,20043.4453125,19308.53125,19323.9140625,25810220018,-0.03291562138901987,0.44594719109350067,36288.14615234375
2022-07-13,19325.97265625,20223.052734375,18999.953125,20212.07421875,33042430345,0.044936759944821686,0.45954762291451595,36137.0572265625
2022-07-14,20211.466796875,20789.89453125,19689.2578125,20569.919921875,31158743333,0.017549651263241726,0.4227060702755467,35985.85924804687
2022-07-15,20573.15625,21138.244140625,20397.0,20836.328125,25905575359,0.012868197042892807,0.42464694736642045,35836.838798828125
2022-07-16,20834.103515625,21514.404296875,20518.8984375,21190.31640625,24302954056,0.016846296291970084,0.42657061638283705,35704.84610351562
2022-07-17,21195.041015625,21600.640625,20778.1796875,20779.34375,22927802083,-0.01958489970974724,0.4249125763674912,35576.51926757812
2022-07-18,20781.912109375,22633.033203125,20781.912109375,22485.689453125,39974475562,0.07891967823012867,0.5027039352746833,35453.05708984375
2022-07-19,22467.849609375,23666.962890625,21683.40625,23389.43359375,48765202697,0.03940528200341783,0.5077535637594968,35338.47203125
2022-07-20,23393.19140625,24196.818359375,23009.94921875,23231.732421875,42932549127,-0.006765243636369361,0.5070355153312849,35216.19663085938
2022-07-21,23233.201171875,23388.322265625,22431.1484375,23164.62890625,33631012204,-0.0028926217700481673,0.5015791316852696,35095.29368164062
2022-07-22,23163.751953125,23671.927734375,22603.416015625,22714.978515625,31421555646,-0.019601945764881813,0.4963189424864479,34976.57798828125
2022-07-23,22706.984375,22977.2109375,22002.91015625,22465.478515625,24021799169,-0.011044710597189035,0.4996911053817801,34859.417509765626
2022-07-24,22465.509765625,22974.001953125,22306.83984375,22609.1640625,23565495303,0.006375470790258249,0.4994374355004615,34754.61831054687
2022-07-25,22607.15625,22649.12109375,21361.642578125,21361.701171875,35574561406,-0.056755659782032404,0.5245429686830452,34645.62216796875
2022-07-26,21361.12109375,21361.12109375,20776.81640625,21239.75390625,28624673855,-0.0057250438268413185,0.5251081921773472,34544.03142578125
2022-07-27,21244.169921875,22986.529296875,21070.806640625,22930.548828125,31758955233,0.07659542154936112,0.5831700271210088,34450.01446289063
2022-07-28,22933.640625,24110.470703125,22722.265625,23843.88671875,40212386158,0.03905783089201425,0.5720579427218901,34359.675888671874
2022-07-29,23845.212890625,24294.787109375,23481.173828125,23804.6328125,35887249746,-0.001647644691440151,0.5724712203126294,34269.592744140624
2022-07-30,23796.818359375,24572.580078125,23580.5078125,23656.20703125,28148218301,-0.006254683466181995,0.5724340748684731,34174.19450195313
2022-07-31,23652.0703125,24121.642578125,23275.703125,23336.896484375,23553591896,-0.013589886059606543,0.558999264613064,34071.1334765625
2022-08-01,23336.71875,23464.787109375,22890.796875,23314.19921875,25849159141,-0.0009730647082914476,0.5307698768023116,33974.74662109375
2022-08-02,23308.43359375,23415.041015625,22710.083984375,22978.1171875,28389250717,-0.01452024708261338,0.5168187862905248,33874.1387109375
2022-08-03,22981.302734375,23578.650390625,22747.8359375,22846.5078125,26288169966,-0.005744061707541017,0.5010652243853514,33772.4842578125
2022-08-04,22848.21484375,23198.009765625,22485.701171875,22630.95703125,25120229769,-0.009479525568520927,0.5018500435837633,33670.0696484375
2022-08-05,22626.833984375,23422.828125,22612.177734375,23289.314453125,28881249043,0.028675899088160428,0.5081011845001712,33575.263466796874
2022-08-06,23291.423828125,23326.5625,22961.279296875,22961.279296875,15978259885,-0.014185359813054537,0.5105811152219542,33478.19169921875
2022-08-07,22963.505859375,23359.009765625,22894.556640625,23175.890625,15886817043,0.009303252730044901,0.5036541346907409,33385.34951171875
2022-08-08,23179.52734375,24203.689453125,23176.546875,23809.486328125,28575544847,0.02697154534457858,0.43536416620527024,33300.99485351562
2022-08-09,23811.484375,23898.615234375,22982.0,23164.318359375,23555719219,-0.02747099349637511,0.42590252752341407,33234.52986328125
2022-08-10,23162.8984375,24127.4140625,22771.51953125,23947.642578125,32837431722,0.03325679505388167,0.4407442341036116,33179.11682617188
2022-08-11,23948.345703125,24822.62890625,23900.99609375,23957.529296875,37127036580,0.00041276206736784357,0.44048298337737735,33117.52044921875
2022-08-12,23957.203125,24412.56640625,23657.265625,24402.818359375,27265804688,0.018415982056898608,0.4370978026494693,33056.262900390626
2022-08-13,24402.1875,24860.05078125,24346.115234375,24424.068359375,22987346289,0.0008704221288590054,0.43407030154795956,32993.61322265625
2022-08-14,24429.056640625,24974.9140625,24206.259765625,24319.333984375,22994133555,-0.0042973830773317305,0.43490204222734075,32930.949287109375
2022-08-15,24318.31640625,25135.58984375,23839.775390625,24136.97265625,35123501685,-0.00752687118445491,0.3788203495130608,32865.942978515624
2022-08-16,24126.13671875,24228.416015625,23733.5,23883.291015625,27753685646,-0.010565706274135412,0.3810432064540446,32796.4377734375
2022-08-17,23881.31640625,24407.05859375,23243.353515625,23335.998046875,30931623076,-0.023181944883864696,0.2934530020352004,32722.426865234374
2022-08-18,23341.0390625,23563.83203125,23177.6015625,23212.73828125,23747613147,-0.005295957030778942,0.25884183982357883,32648.902548828126
2022-08-19,23213.3125,23213.3125,20868.84765625,20877.552734375,40509610260,-0.10602664190168617,0.445771817183873,32560.8746875
2022-08-20,20872.841796875,21350.806640625,20856.73046875,21166.060546875,27595671000,0.013724431302661714,0.45110871467381203,32472.988623046876
2022-08-21,21160.392578125,21668.845703125,21103.197265625,21534.12109375,23102307723,0.017239723512555944,0.4565758092643524,32395.894306640625
2022-08-22,21531.462890625,21531.462890625,20939.18359375,21398.908203125,31666498758,-0.006298802571622582,0.4565288790453844,32317.11583984375
2022-08-23,21401.044921875,21646.203125,20955.138671875,21528.087890625,31878280659,0.0060185938546632,0.45615583601140014,32217.251904296874
2022-08-24,21526.455078125,21783.076171875,21195.005859375,21395.01953125,31962253368,-0.00620033327852915,0.4561918462272312,32117.021181640626
2022-08-25,21395.458984375,21789.63671875,21362.44140625,21600.904296875,31028679593,0.009577016652955654,0.45762164129581057,32012.96353515625
2022-08-26,21596.0859375,21804.908203125,20199.482421875,20260.01953125,42326789564,-0.06408571655966329,0.4903633359259675,31895.06220703125
2022-08-27,20262.48046875,20340.775390625,19890.5234375,20041.73828125,30116729776,-0.010832449813926528,0.4898501722042109,31774.678671875
2022-08-28,20041.03515625,20139.0546875,19616.814453125,19616.814453125,24366810591,-0.0214299343072556,0.4889447990481998,31651.068759765625
2022-08-29,19615.154296875,20357.462890625,19600.78515625,20297.994140625,32637854078,0.034134991629983055,0.4959686108946086,31534.7331640625
2022-08-30,20298.611328125,20542.64453125,19617.640625,19796.80859375,34483360283,-0.02500132778356697,0.49479415789127984,31421.67751953125
2022-08-31,19799.58203125,20420.990234375,19799.58203125,20049.763671875,33225232872,0.012696624168793951,0.4783170535423823,31310.703994140626
2022-09-01,20050.498046875,20198.390625,19653.96875,20127.140625,30182031010,0.0038518173635346637,0.47926824308539406,31200.352119140625
2022-09-02,20126.072265625,20401.568359375,19814.765625,19969.771484375,29123998928,-0.007849479691159277,0.46935726092873714,31087.26638671875
2022-09-03,19969.71875,20037.009765625,19698.35546875,19832.087890625,23613051457,-0.006918477935497839,0.4679525433808926,30963.550810546876
2022-09-04,19832.470703125,19999.689453125,19636.81640625,19986.712890625,25245861652,0.007766470822269511,0.4716297204835269,30843.675078125
2022-09-05,19988.7890625,20031.16015625,19673.046875,19812.37109375,28813460025,-0.008761151996171085,0.47158921164933154,30740.046875
2022-09-06,19817.724609375,20155.26953125,18800.171875,18837.66796875,43403978910,-0.0504480646723607,0.4925985789292457,30634.08033203125
2022-09-07,18837.68359375,19427.171875,18644.466796875,19290.32421875,35239757134,0.02374515374913594,0.505004163096943,30529.921171875
2022-09-08,19289.94140625,19417.3515625,19076.71484375,19329.833984375,32194477850,0.00204607030353663,0.5063335513775917,30434.413447265626
2022-09-09,19328.140625,21439.41015625,19310.962890625,21381.15234375,48469528171,0.10086009766789074,0.5125129210796989,30355.942802734375
2022-09-10,21376.912109375,21760.275390625,21168.72265625,21680.5390625,36913738894,0.01390523841339878,0.5125692618882308,30272.915361328123
2022-09-11,21678.54296875,21770.552734375,21406.9453125,21769.255859375,34493951963,0.004083651963045384,0.5093798640947708,30195.2787890625
2022-09-12,21770.1484375,22439.181640625,21603.896484375,22370.44921875,50212088965,0.027242163871664303,0.5169204445428734,30115.46798828125
2022-09-13,22371.48046875,22673.8203125,20062.669921875,20296.70703125,51091116622,-0.09728219892342403,0.62056095025511,30020.8804296875
2022-09-14,20184.5546875,20467.201171875,19793.396484375,20241.08984375,37872380889,-0.0027439686753737906,0.6204381469592162,29926.56013671875
2022-09-15,20242.2890625,20318.166015625,19636.734375,19701.2109375,36389011503,-0.02703458624126178,0.6243049609091122,29836.517265625
2022-09-16,19704.005859375,19870.62890625,19400.076171875,19772.583984375,30123362273,0.0036162281734326176,0.5855784804546231,29719.414013671874
2022-09-17,19777.033203125,20162.53125,19777.033203125,20127.576171875,24957448100,0.017794492715736767,0.5880121153031803,29598.2787109375
2022-09-18,20127.234375,20127.234375,19387.4921875,19419.505859375,31254779144,-0.03581280604750071,0.596725782964075,29475.755654296874
2022-09-19,19418.572265625,19639.48046875,18390.318359375,19544.12890625,40177002624,0.006396912022913548,0.5840527715398456,29361.217353515625
2022-09-20,19545.591796875,19602.45703125,18813.455078125,18890.7890625,36791346508,-0.03400047754708742,0.5893644977938368,29259.983271484376
2022-09-21,18891.283203125,19674.630859375,18290.314453125,18547.400390625,46363793975,-0.018344813515223775,0.5892677566787651,29155.71734375
2022-09-22,18534.650390625,19456.91015625,18415.591796875,19413.55078125,41135767926,0.045641677549128984,0.6133151431906657,29060.68517578125
2022-09-23,19412.400390625,19464.671875,18617.552734375,19297.638671875,38896078052,-0.00598857629671097,0.6131146144634592,28966.863173828126
2022-09-24,19296.990234375,19310.197265625,18861.974609375,18937.01171875,26149643168,-0.018864440709329067,0.6158034890734236,28867.861884765625
2022-09-25,18936.310546875,19134.732421875,18696.46875,18802.09765625,23359966112,-0.007149858037088313,0.6149291777170189,28751.957744140625
2022-09-26,18803.900390625,19274.873046875,18721.28515625,19222.671875,44148798321,0.022121968157295297,0.620507062531933,28650.883798828127
2022-09-27,19221.83984375,20338.455078125,18915.66796875,19110.546875,58571439619,-0.005850034170169328,0.594825047973772,28552.461669921875
2022-09-28,19104.62109375,19688.34375,18553.296875,19426.720703125,53071298734,0.016409099157190264,0.5917765836378487,28455.07521484375
2022-09-29,19427.779296875,19589.265625,18924.353515625,19573.05078125,41037843771,0.007504185755091534,0.5922772109078832,28363.6921484375
2022-09-30,19573.431640625,20109.849609375,19265.662109375,19431.7890625,43975248085,-0.007243323491751529,0.46678351538773055,28262.51732421875
2022-10-01,19431.10546875,19471.154296875,19231.08203125,19312.095703125,18719537670,-0.006178716506548767,0.4619367443410198,28162.383876953125
2022-10-02,19311.849609375,19370.30859375,18970.62109375,19044.107421875,20765955327,-0.013973887936277964,0.4614471121448478,28051.884765625
2022-10-03,19044.068359375,19653.54296875,19025.2265625,19623.580078125,30484729489,0.0299741763073446,0.46404417442678847,27945.245771484377
2022-10-04,19623.583984375,20380.34375,19523.83984375,20336.84375,35887278685,0.035702295702777984,0.34992726354391485,27837.924208984376
2022-10-05,20335.900390625,20343.748046875,19801.80078125,20160.716796875,33223790572,-0.00869820607502516,0.3511415159232582,27727.77453125
2022-10-06,20161.0390625,20408.392578125,19900.087890625,19955.443359375,34711412966,-0.010234041758595132,0.3395908470247829,27621.312626953124
2022-10-07,19957.55859375,20041.0859375,19395.79296875,19546.849609375,29227315390,-0.020687828067475794,0.3472309515462419,27513.65689453125
2022-10-08,19546.328125,19601.6953125,19299.4140625,19416.568359375,16437423167,-0.0066873874171619555,0.341242086509096,27398.945693359376
2022-10-09,19417.478515625,19542.5390625,19349.259765625,19446.42578125,16837262532,0.0015365479891413887,0.3179474619338175,27281.713037109374
2022-10-10,19446.416015625,19515.466796875,19102.978515625,19141.484375,27425022774,-0.01580535214708789,0.3216577822724449,27157.615791015625
2022-10-11,19139.0,19241.9609375,18925.603515625,19051.41796875,28711532910,-0.004716403712704758,0.2989899553885037,27031.129228515623
2022-10-12,19052.646484375,19203.19921875,19029.7578125,19157.4453125,24950173846,0.005549896374470987,0.2914745760828651,26904.412314453126
2022-10-13,19156.966796875,19453.328125,18319.822265625,19382.904296875,44219840004,0.011700026522297709,0.24710579445386743,26767.224375
2022-10-14,19382.533203125,19889.146484375,19115.408203125,19185.65625,38452356727,-0.010228526229371489,0.2488148334960018,26627.51263671875
2022-10-15,19185.4375,19212.541015625,19019.25,19067.634765625,16192235532,-0.006170546675591737,0.2406171628462611,26485.522158203126
2022-10-16,19068.9140625,19389.603515625,19068.9140625,19268.09375,17988916650,0.010458171486817167,0.24145254782236403,26346.549306640623
2022-10-17,19268.5625,19635.802734375,19173.333984375,19550.7578125,27472552998,0.014563494131467007,0.2345065167505567,26216.609716796876
2022-10-18,19550.466796875,19666.994140625,19144.76953125,19334.416015625,30580012344,-0.011127327349328565,0.2370920930563852,26081.87357421875
2022-10-19,19335.02734375,19348.416015625,19127.6875,19139.53515625,22425387184,-0.010130621895940859,0.23251113866146347,25948.22650390625
2022-10-20,19138.0859375,19315.19921875,18971.458984375,19053.740234375,24493974420,-0.004492679159130498,0.23087972049307376,25811.227373046873
2022-10-21,19053.203125,19237.384765625,18770.970703125,19172.46875,32459287866,0.00621191065339352,0.23120582854418376,25673.976337890625
2022-10-22,19172.380859375,19248.068359375,19132.244140625,19208.189453125,16104440957,0.0018613913940529582,0.23045520964850508,25542.23732421875
2022-10-23,19207.734375,19646.65234375,19124.197265625,19567.0078125,22128794335,0.01850815095417208,0.23354355747760344,25424.038671875
2022-10-24,19567.76953125,19589.125,19206.32421875,19345.572265625,30202235805,-0.011381303255268389,0.21253779284387522,25303.247294921875
2022-10-25,19344.96484375,20348.412109375,19261.447265625,20095.857421875,47761524910,0.038050125599863024,0.21769473609252063,25192.28826171875
2022-10-26,20092.236328125,20938.134765625,20076.1171875,20770.44140625,58895950537,0.033017194358947406,0.24438907034762825,25082.22978515625
2022-10-27,20772.802734375,20854.044921875,20255.373046875,20285.8359375,49625110402,-0.023607984321621485,0.2565144187982707,24972.62060546875
2022-10-28,20287.95703125,20724.98046875,20086.068359375,20595.3515625,43994715910,0.015142492579417856,0.24863589845475928,24877.9878515625
2022-10-29,20595.103515625,20988.39453125,20566.484375,20818.4765625,40369840645,0.010775490653264773,0.2478737668196989,24781.44431640625
2022-10-30,20817.982421875,20917.005859375,20547.462890625,20635.603515625,31486345556,-0.008822978719624204,0.25138567414204627,24678.788681640624
2022-10-31,20633.6953125,20795.3203125,20287.458984375,20495.7734375,45668466815,-0.006799218852899474,0.2448254866707386,24581.589970703124
2022-11-01,20494.8984375,20647.2890625,20359.845703125,20485.2734375,39819303159,-0.0005124320157945651,0.24353044825785933,24481.249013671873
2022-11-02,20482.958984375,20742.810546875,20087.134765625,20159.50390625,55552169483,-0.01603042401585493,0.2525006906131513,24379.924111328124
2022-11-03,20162.689453125,20382.095703125,20086.240234375,20209.98828125,43228750179,0.002501116490787244,0.25024513278438676,24282.389287109374
2022-11-04,20208.76953125,21209.560546875,20188.01953125,21147.23046875,64072727950,0.04533199824767065,0.28733103324245923,24183.994365234375
2022-11-05,21144.83203125,21446.88671875,21097.634765625,21282.69140625,37846047609,0.006385182519711849,0.28466083397642333,24082.894072265626
2022-11-06,21285.056640625,21345.376953125,20920.19140625,20926.486328125,35082693210,-0.01687848726805324,0.2939388650178213,23980.654609375
2022-11-07,20924.62109375,21053.24609375,20489.97265625,20602.81640625,53510852236,-0.015587859865227252,0.29871574579845095,23881.031875
2022-11-08,20600.671875,20664.607421875,17603.544921875,18541.271484375,118992465607,-0.10542864681146098,0.47782642252406077,23775.036630859377
2022-11-09,18543.76171875,18590.458984375,15682.6923828125,15880.7802734375,102905151606,-0.15488954817014716,0.7137641609018865,23657.006879882814
2022-11-10,15883.158203125,18054.3125,15834.0185546875,17586.771484375,83202283721,0.1020374090112842,0.8108282788070496,23547.594272460938
2022-11-11,17583.251953125,17650.943359375,16543.482421875,17034.29296875,55871616488,-0.03191845360130116,0.8156315461034384,23430.474194335937
2022-11-12,17036.875,17066.67578125,16651.775390625,16799.185546875,29717699419,-0.013898139747380939,0.8156345522770247,23323.88281738281
2022-11-13,16799.72265625,16920.765625,16320.634765625,16353.365234375,27209183682,-0.026896704984698754,0.8133390553897912,23209.444038085938
2022-11-14,16352.0283203125,17109.32421875,15872.94140625,16618.19921875,49630243054,0.016064732404599078,0.8176778230529482,23093.665893554688
2022-11-15,16617.484375,17051.962890625,16542.55078125,16884.61328125,36599436183,0.01590431717951544,0.8057350652441971,22985.03983886719
2022-11-16,16884.341796875,16960.294921875,16430.111328125,16669.439453125,33925512989,-0.012825680370738035,0.7916482372852628,22879.81266113281
2022-11-17,16670.42578125,16726.439453125,16460.68359375,16687.517578125,27868914022,0.0010839194206494296,0.7911073062786314,22770.90478027344
2022-11-18,16687.912109375,16947.05859375,16564.611328125,16697.77734375,26862218609,0.0006146278457023498,0.7870423687036681,22661.747026367186
2022-11-19,16696.220703125,16797.876953125,16570.41015625,16711.546875,16106223492,0.0008242927596795972,0.7844849538746248,22556.552495117186
2022-11-20,16712.919921875,16746.779296875,16248.6923828125,16291.83203125,21313378652,-0.02543603029442077,0.7861562269221933,22439.519799804686
2022-11-21,16291.2236328125,16291.2236328125,15599.046875,15787.2841796875,37429485518,-0.03145906258707414,0.7890310444473219,22335.580517578124
2022-11-22,15782.30078125,16253.0478515625,15656.6064453125,16189.76953125,30726828760,0.02517471508039186,0.7988753845510601,22236.324755859376
2022-11-23,16195.5888671875,16638.193359375,16170.5029296875,16610.70703125,32958875628,0.025667956985737504,0.8087011037723543,22141.868525390626
2022-11-24,16611.63671875,16771.474609375,16501.767578125,16604.46484375,26129037414,-0.00037586363225689277,0.8082369645361132,22054.594521484374
2022-11-25,16602.26953125,16603.31640625,16388.404296875,16521.841796875,18678255976,-0.004988374895103048,0.7837617644427064,21985.71896484375
2022-11-26,16521.576171875,16666.86328125,16416.228515625,16464.28125,18000008764,-0.0034899891216231276,0.7816257518284919,21912.92583984375
2022-11-27,16463.8828125,16594.40625,16437.025390625,16444.626953125,20443898509,-0.0011944668045808346,0.7823368788097786,21850.467197265625
2022-11-28,16440.22265625,16482.93359375,16054.5302734375,16217.322265625,27743025156,-0.013918848240971523,0.7822477355712354,21786.315048828124
2022-11-29,16217.6396484375,16522.2578125,16139.396484375,16444.982421875,23581685468,0.01394046411034608,0.707137993101078,21722.124443359375
2022-11-30,16445.4765625,17190.9375,16445.4765625,17168.56640625,29523576583,0.043059766583943886,0.47551226070330227,21657.460947265627
2022-12-01,17168.001953125,17197.498046875,16888.388671875,16967.1328125,22895392882,-0.011802068595367332,0.31552508075156543,21585.771044921876
2022-12-02,16968.68359375,17088.66015625,16877.880859375,17088.66015625,19539705127,0.007136986045805121,0.29686193174201597,21521.899755859376
2022-12-03,17090.09765625,17116.041015625,16888.140625,16908.236328125,16217776704,-0.010614234867796273,0.29511646081918386,21454.311650390624
2022-12-04,16908.169921875,17157.767578125,16903.439453125,17130.486328125,16824520830,0.01305884246336571,0.2808186055979255,21396.362724609375
2022-12-05,17128.89453125,17378.15234375,16922.431640625,16974.826171875,22209086834,-0.009128269217154126,0.2787112396566645,21329.665185546874
2022-12-06,16975.23828125,17091.86328125,16939.921875,17089.50390625,19889922369,0.006733035250819497,0.27431229946383096,21269.10900390625
2022-12-07,17089.505859375,17109.376953125,16750.55859375,16848.126953125,19675404389,-0.014224977832437721,0.27521491691653155,21206.188505859376
2022-12-08,16847.349609375,17267.916015625,16788.783203125,17233.474609375,20496603770,0.022614200081039638,0.28568952217845206,21140.737265625
2022-12-09,17232.1484375,17280.546875,17100.8359375,17133.15234375,20328426366,-0.005838370505888547,0.286823180063229,21080.9084765625
2022-12-10,17134.220703125,17216.826171875,17120.68359375,17128.724609375,12706781969,-0.00025846420531521353,0.28686679411244054,21018.274169921875
2022-12-11,17129.7109375,17245.634765625,17091.8203125,17104.193359375,14122486832,-0.00143319679738864,0.27038945711304146,20955.983330078125
2022-12-12,17102.5,17212.564453125,16899.39453125,17206.4375,19617581341,0.0059599279123048595,0.24096281157105892,20895.67939453125
2022-12-13,17206.44140625,17930.0859375,17111.763671875,17781.318359375,26634741631,0.03286478873072886,0.2507129539290105,20841.448115234376
2022-12-14,17782.06640625,18318.53125,17739.513671875,17815.650390625,25534481470,0.0019289306421712124,0.23861157734762403,20786.451865234376
2022-12-15,17813.64453125,17846.744140625,17322.58984375,17364.865234375,20964448341,-0.02562838102102438,0.2587451667959771,20726.04640625
2022-12-16,17364.546875,17505.525390625,16584.701171875,16647.484375,24031608960,-0.04218980898149945,0.3003861512627708,20650.651875
2022-12-17,16646.982421875,16800.58984375,16614.029296875,16795.091796875,14463581825,0.008827572352892032,0.30142532536265176,20575.66578125
2022-12-18,16795.609375,16815.38671875,16697.8203125,16757.9765625,10924354698,-0.002212331171359141,0.30153705611100384,20510.460263671874
2022-12-19,16759.041015625,16807.52734375,16398.13671875,16439.6796875,17221074814,-0.01917645189485355,0.3053187250679507,20440.321220703125
2022-12-20,16441.787109375,17012.984375,16427.8671875,16906.3046875,22722096615,0.027988705082472278,0.31669122738418426,20376.330791015625
2022-12-21,16904.52734375,16916.80078125,16755.912109375,16817.53515625,14882945045,-0.005264509420176635,0.2783586404030339,20311.253896484373
2022-12-22,16818.380859375,16866.673828125,16592.408203125,16830.341796875,16441573050,0.0007612154110786702,0.2755948708502108,20245.872294921875
2022-12-23,16829.64453125,16905.21875,16794.458984375,16796.953125,15329265213,-0.0019858084288219657,0.27426605252279845,20173.003701171874
2022-12-24,16796.9765625,16864.703125,16793.52734375,16847.755859375,9744636213,0.0030199561547248985,0.2721900127379793,20101.465087890625
2022-12-25,16847.505859375,16860.5546875,16755.25390625,16841.986328125,11656379938,-0.0003425096739709631,0.26790814881814523,20034.6032421875
2022-12-26,16842.25,16920.123046875,16812.369140625,16919.8046875,11886957804,0.004609855984671537,0.26675719638282375,19968.642275390626
2022-12-27,16919.291015625,16959.845703125,16642.072265625,16717.173828125,15748580239,-0.012048246868378581,0.2685747619781232,19906.80912109375
2022-12-28,16716.400390625,16768.169921875,16497.556640625,16552.572265625,17005713920,-0.009895050300250239,0.26630751099637756,19847.7679296875
2022-12-29,16552.322265625,16651.755859375,16508.68359375,16642.341796875,14472237479,0.00540864482551941,0.25357759181173084,19797.166396484376
2022-12-30,16641.330078125,16643.427734375,16408.474609375,16602.5859375,15929162910,-0.002391695878759684,0.2531430673028302,19767.7423828125
2022-12-31,16603.673828125,16628.986328125,16517.51953125,16547.49609375,11239186456,-0.003323665649558149,0.25317665114767673,19739.4458984375
2023-01-01,16547.9140625,16630.439453125,16521.234375,16625.080078125,9244361700,0.00467760631157723,0.25412392151399643,19709.707099609375
2023-01-02,16625.509765625,16759.34375,16572.228515625,16688.470703125,12097775227,0.003805700684704715,0.25345150794869326,19691.241201171873
2023-01-03,16688.84765625,16760.447265625,16622.37109375,16679.857421875,13903079207,-0.0005162548994983624,0.22076886248984673,19672.283076171876
2023-01-04,16680.205078125,16964.5859375,16667.763671875,16863.23828125,18421743322,0.010934153962035356,0.22547899654821668,19661.5110546875
2023-01-05,16863.47265625,16884.021484375,16790.283203125,16836.736328125,13692758566,-0.0015728177184386805,0.20936776881499475,19642.92837890625
2023-01-06,16836.47265625,16991.994140625,16716.421875,16951.96875,14413662913,0.006820792235553174,0.149561219114141,19624.690537109374
2023-01-07,16952.1171875,16975.017578125,16914.19140625,16955.078125,7714767174,0.00018340582830352,0.14673203565048953,19605.912939453126
2023-01-08,16954.146484375,17091.14453125,16924.05078125,17091.14453125,9768827914,0.00799308234902105,0.14864397453371447,19591.433515625
2023-01-09,17093.9921875,17389.95703125,17093.9921875,17196.5546875,18624736866,0.006148589187306557,0.13021068370829858,19571.986904296875
2023-01-10,17192.94921875,17484.720703125,17162.990234375,17446.29296875,15808338949,0.014418133870887372,0.1016179460777262,19553.060087890626
2023-01-11,17446.359375,17934.896484375,17337.994140625,17934.896484375,18372283782,0.02762115049773119,0.13304238604424853,19535.222880859375
2023-01-12,18117.59375,19030.087890625,17995.203125,18869.587890625,34971338710,0.05080318049018759,0.211772940931195,19524.434345703125
2023-01-13,18868.90625,19964.322265625,18753.1640625,19909.57421875,29225029694,0.053649212803668606,0.2675280998875984,19520.30482421875
2023-01-14,19910.537109375,21075.142578125,19907.828125,20976.298828125,38967784639,0.052192440560842025,0.30707861250019336,19523.78314453125
2023-01-15,20977.484375,20993.748046875,20606.986328125,20880.798828125,19298407543,-0.0045631527773636734,0.30928553882230897,19527.667021484376
2023-01-16,20882.224609375,21360.875,20715.74609375,21169.6328125,26792494050,0.013737719952276949,0.30880937761284033,19534.591552734375
2023-01-17,21175.833984375,21438.66015625,20978.533203125,21161.51953125,24999983362,-0.00038332437933474676,0.3005290829159913,19544.052314453125
2023-01-18,21161.05078125,21564.501953125,20541.544921875,20688.78125,30005625418,-0.02259283115330066,0.31466007270768637,19551.28494140625
2023-01-19,20686.74609375,21163.01171875,20685.380859375,21086.79296875,21152848261,0.019055334102897954,0.31536183548670055,19560.233525390624
2023-01-20,21085.373046875,22692.357421875,20919.126953125,22676.552734375,28799154319,0.0726845526110478,0.3758206191879605,19572.45998046875
2023-01-21,22677.427734375,23282.34765625,22511.833984375,22777.625,32442278429,0.004447222994453112,0.3720317363763706,19585.397529296875
2023-01-22,22777.986328125,23056.73046875,22387.900390625,22720.416015625,24746386230,-0.002514790230431855,0.3754177869643808,19596.25837890625
2023-01-23,22721.087890625,23126.486328125,22654.3046875,22934.431640625,26518700512,0.00937544219856928,0.37384124578554584,19602.74259765625
2023-01-24,22929.626953125,23134.01171875,22549.744140625,22636.46875,26405069715,-0.013077079200906103,0.3828916345037175,19607.26935546875
2023-01-25,22639.267578125,23722.099609375,22406.076171875,23117.859375,30685366709,0.021043184701323544,0.3832929500792444,19614.8976171875
2023-01-26,23108.955078125,23237.078125,22911.373046875,23032.77734375,26357839322,-0.003687148593844675,0.384514421048662,19625.7592578125
2023-01-27,23030.716796875,23417.720703125,22654.59375,23078.728515625,25383335641,0.001993046474165044,0.3861561498608008,19641.3001171875
2023-01-28,23079.96484375,23165.896484375,22908.845703125,23031.08984375,14712928379,-0.002066314313093378,0.3872981144276521,19659.83599609375
2023-01-29,23031.44921875,23919.890625,22985.0703125,23774.56640625,27423687259,0.03177133538504421,0.3909411041408819,19677.64845703125
2023-01-30,23774.6484375,23789.34765625,22657.58203125,22840.138671875,27205595568,-0.040096914665951826,0.435487708602239,19688.99955078125
2023-01-31,22840.796875,23225.021484375,22765.568359375,23139.283203125,22837828665,0.013012288539514132,0.4354781944047786,19700.514326171877
2023-02-01,23137.8359375,23764.5390625,22877.75,23723.76953125,26683255504,0.024945734590003956,0.43447851537948823,19713.181591796874
2023-02-02,23720.82421875,24167.2109375,23468.595703125,23471.87109375,32066936882,-0.010674749877368259,0.4195903943311624,19726.644228515626
2023-02-03,23469.412109375,23678.103515625,23279.955078125,23449.322265625,27083066007,-0.000961136247671562,0.3902756654003715,19731.462392578123
2023-02-04,23446.3203125,23556.94921875,23291.794921875,23331.84765625,15639298538,-0.0050223137428644544,0.357184771758648,19731.174462890624
2023-02-05,23332.248046875,23423.435546875,22841.759765625,22955.666015625,19564262605,-0.016254488231275857,0.36339885616426865,19729.794130859376
2023-02-06,22954.021484375,23119.279296875,22692.025390625,22760.109375,23825006542,-0.008555376421285297,0.3644710865512215,19727.771533203126
2023-02-07,22757.267578125,23310.974609375,22756.2578125,23264.291015625,27187964471,0.02191019571493288,0.3696618172112869,19730.518095703126
2023-02-08,23263.416015625,23367.958984375,22731.09765625,22939.3984375,25371367758,-0.014063722484005989,0.36290114655744177,19732.8876953125
2023-02-09,22946.56640625,22996.4375,21773.974609375,21819.0390625,32572572185,-0.05007294792111713,0.4054787788377592,19728.9370703125
2023-02-10,21819.005859375,21941.185546875,21539.392578125,21651.18359375,27078406594,-0.0077228177249046275,0.3130698157763581,19730.384482421876
2023-02-11,21651.841796875,21891.41015625,21618.44921875,21870.875,16356226232,0.010095720621826006,0.3151860393815935,19733.540087890626
2023-02-12,21870.90234375,22060.994140625,21682.828125,21788.203125,17821046406,-0.0037871607629455096,0.3152463724343333,19727.828359375
2023-02-13,21787.0,21898.4140625,21460.087890625,21808.1015625,23918742607,0.0009128497942385424,0.31275362282991553,19717.64943359375
2023-02-14,21801.822265625,22293.140625,21632.39453125,22220.8046875,26792596581,0.018747466050136215,0.31844002468226174,19709.73029296875
2023-02-15,22220.5859375,24307.841796875,22082.76953125,24307.841796875,32483312909,0.08977000786319626,0.4427844513119596,19712.988466796876
2023-02-16,24307.349609375,25134.1171875,23602.5234375,23623.474609375,39316664596,-0.028558101481565734,0.4552908836883187,19714.421357421874
2023-02-17,23621.283203125,24924.041015625,23460.755859375,24565.6015625,41358451255,0.03910624942610064,0.4738720349329263,19720.678369140624
2023-02-18,24565.296875,24798.8359375,24468.373046875,24641.27734375,19625427158,0.0030758236488141917,0.47351766955065555,19728.994169921876
2023-02-19,24640.02734375,25093.0546875,24327.642578125,24327.642578125,25555105670,-0.01280971909443967,0.4647478808240089,19736.39984375
2023-02-20,24336.623046875,25020.458984375,23927.91015625,24829.1484375,28987376573,0.02040504474431612,0.4439741814090937,19747.39080078125
2023-02-21,24833.048828125,25126.8515625,24200.36328125,24436.353515625,31252098714,-0.015946381537723795,0.44786395179891275,19753.12599609375
2023-02-22,24437.41796875,24472.33984375,23644.318359375,24188.84375,30199996781,-0.010180396881003117,0.442273416479851,19759.263818359374
2023-02-23,24190.71875,24572.08984375,23693.919921875,23947.4921875,30476264066,-0.010027916762018151,0.44206529604278166,19763.121826171875
2023-02-24,23946.0078125,24103.705078125,23007.072265625,23198.126953125,26811744928,-0.03179206740644356,0.4564178142015115,19760.065029296875
2023-02-25,23200.125,23210.2109375,22861.55859375,23175.375,16100721565,-0.000981248083164121,0.45612932821535895,19760.1203125
2023-02-26,23174.150390625,23654.3671875,23084.220703125,23561.212890625,16644534842,0.016511545833869257,0.45582946556353526,19758.1881640625
2023-02-27,23561.451171875,23857.890625,23205.87890625,23522.87109375,22660763494,-0.001628652491694882,0.4545838356046474,19756.014873046875
2023-02-28,23521.837890625,23585.384765625,23077.650390625,23147.353515625,20535363434,-0.016092730875103014,0.4522140833468395,19749.737548828125
2023-03-01,23150.9296875,23880.6328125,23088.626953125,23646.55078125,24662841200,0.021336804939163678,0.4551965062694179,19745.8499609375
2023-03-02,23647.01953125,23739.138671875,23245.021484375,23475.466796875,20386398516,-0.007261350209481709,0.41667344329736816,19741.630625
2023-03-03,23476.6328125,23479.34765625,22213.23828125,22362.6796875,26062404610,-0.04856242572977136,0.452951728545013,19732.75916015625
2023-03-04,22362.923828125,22405.177734375,22198.98046875,22353.349609375,11166012913,-0.0004173035221196778,0.45191239972816805,19725.109453125
2023-03-05,22354.14453125,22613.685546875,22307.142578125,22435.513671875,13317001733,0.00366895467532336,0.45164712085192127,19720.60703125
2023-03-06,22436.81640625,22584.29296875,22331.314453125,22429.7578125,17353192895,-0.0002565841781915384,0.45168098863624717,19716.69212890625
2023-03-07,22428.322265625,22527.41796875,22011.26171875,22219.76953125,22765452204,-0.009406138966041635,0.4485264956327728,19723.403212890626
2023-03-08,22216.44140625,22268.896484375,21708.05078125,21718.080078125,22536575684,-0.022837315061132093,0.31399661401853535,19726.163310546875
2023-03-09,21720.080078125,21802.716796875,20210.306640625,20363.021484375,30364664171,-0.06442451332853331,0.36741509068456557,19720.3078125
2023-03-10,20367.001953125,20370.595703125,19628.25390625,20187.244140625,39578257695,-0.00866965688311379,0.3267833900408555,19714.2494921875
2023-03-11,20187.876953125,20792.525390625,20068.66015625,20632.41015625,30180288176,0.021812221244110887,0.34185632724376824,19709.771103515624
2023-03-12,20628.029296875,22185.03125,20448.806640625,22163.94921875,29279035521,0.07160391184533008,0.4394436368452616,19713.615751953126
2023-03-13,22156.40625,24550.837890625,21918.19921875,24197.533203125,49466362688,0.08778363436848541,0.5383001248945556,19726.598896484375
2023-03-14,24201.765625,26514.716796875,24081.18359375,24746.07421875,54622230164,0.02241616479750579,0.5414771588305604,19749.029169921876
2023-03-15,24770.92578125,25240.615234375,23964.91015625,24375.9609375,43655701450,-0.015069419825617957,0.5429663854160208,19770.700283203125
2023-03-16,24373.45703125,25190.326171875,24225.111328125,25052.7890625,33866061747,0.027387721969650478,0.5493729215657456,19797.88015625
2023-03-17,25055.123046875,27787.8125,24955.169921875,27423.9296875,50730261335,0.09043081735478727,0.6136235389769907,19833.509833984375
2023-03-18,27448.1171875,27725.953125,26636.26171875,26965.87890625,35723036817,-0.016843655914946763,0.6189756531262574,19869.355185546876
2023-03-19,26969.50390625,28440.560546875,26907.716796875,28038.67578125,37769448859,0.03901251239696352,0.628075345219703,19909.29974609375
2023-03-20,28041.6015625,28527.724609375,27242.880859375,27767.236328125,44774027664,-0.009728058677075274,0.6303088534721593,19947.500224609375
2023-03-21,27768.392578125,28439.5625,27439.646484375,28175.81640625,36102192830,0.014607259457310753,0.6245302216082195,19988.53044921875
2023-03-22,28158.720703125,28803.3359375,26759.99609375,27307.4375,33382021890,-0.031304934786025286,0.6382830314659916,20025.907197265624
2023-03-23,27301.95703125,28729.84375,27183.36328125,28333.97265625,24220433689,0.03690243092144147,0.644283112534451,20067.64349609375
2023-03-24,28324.111328125,28388.4375,27039.265625,27493.28515625,25980310960,-0.03011973318555565,0.6264580141232977,20106.04806640625
2023-03-25,27487.337890625,27791.826171875,27196.234375,27494.70703125,13383005987,5.171583626720892e-05,0.6263633935577032,20149.33326171875
2023-03-26,27495.5234375,28178.14453125,27445.046875,27994.330078125,13878363192,0.01800847790347154,0.6265477849242446,20192.853291015625
2023-03-27,27994.068359375,28037.92578125,26606.689453125,27139.888671875,18188895178,-0.030997440056033318,0.6420798521104722,20231.903564453125
2023-03-28,27132.888671875,27460.71875,26677.818359375,27268.130859375,17783600385,0.004714100093914092,0.6388131741223531,20261.33845703125
2023-03-29,27267.03125,28619.54296875,27259.662109375,28348.44140625,20684945906,0.03885339931269162,0.6348950978891075,20294.67796875
2023-03-30,28350.140625,29159.90234375,27720.16015625,28033.5625,22435349951,-0.011169598741333131,0.5776152088807464,20325.999501953123
2023-03-31,28032.26171875,28639.896484375,27583.71484375,28478.484375,19001327598,0.015746414888453637,0.5710449227402219,20356.539677734374
2023-04-01,28473.33203125,28802.45703125,28297.171875,28411.03515625,10876469901,-0.0023712364214005313,0.5742850169244957,20397.111318359373
2023-04-02,28462.845703125,28518.958984375,27884.087890625,28199.30859375,12284641999,-0.007480171844976413,0.5408457921208517,20436.902412109375
2023-04-03,28183.080078125,28475.623046875,27276.720703125,27790.220703125,19556501327,-0.014613274150394037,0.47054326628800464,20477.3474609375
2023-04-04,27795.2734375,28433.7421875,27681.3046875,28168.08984375,15284538859,0.01350558587463783,0.4677718462770277,20519.324990234374
2023-04-05,28169.7265625,28739.23828125,27843.763671875,28177.984375,17052315986,0.0003512057047058866,0.4619645942021212,20559.57703125
2023-04-06,28175.2265625,28178.384765625,27738.759765625,28044.140625,13837809380,-0.004761257346579407,0.4574029216932915,20602.700205078127
2023-04-07,28038.966796875,28111.59375,27794.03125,27925.859375,10861680497,-0.00422660089629551,0.3374007746264028,20644.608857421874
2023-04-08,27920.513671875,28159.86328125,27883.38671875,27947.794921875,9373255556,0.0007851839396583646,0.331213180478277,20689.89388671875
2023-04-09,27952.3671875,28532.830078125,27828.48046875,28333.05078125,12175322951,0.01369069252890777,0.30592323948966316,20738.822138671876
2023-04-10,28336.02734375,29771.46484375,28189.271484375,29652.98046875,19282400094,0.045533646757390224,0.3405810642494549,20790.019287109375
2023-04-11,29653.6796875,30509.083984375,29609.30078125,30235.05859375,20121259843,0.019439489564332186,0.3430355925623107,20844.70638671875
2023-04-12,30231.58203125,30462.48046875,29725.57421875,30139.052734375,18651929926,-0.0031803678161343176,0.3203086916869348,20900.716591796874
2023-04-13,29892.740234375,30539.845703125,29878.623046875,30399.06640625,17487721001,0.008590133768281546,0.29873057878304493,20958.701435546875
2023-04-14,30409.5625,31005.607421875,30044.498046875,30485.69921875,22659995079,0.002845797962018112,0.2729034652709702,21015.016572265624
2023-04-15,30490.75,30601.740234375,30245.8828125,30318.49609375,11940685378,-0.0054997371675221595,0.2748220407227869,21071.056318359377
2023-04-16,30315.9765625,30555.537109375,30157.83203125,30315.35546875,12854816417,-0.00010359312238552485,0.2708672634202589,21125.4994921875
2023-04-17,30317.146484375,30319.197265625,29275.37109375,29445.044921875,17872186762,-0.02912872327682135,0.2679041644972144,21174.859462890625
2023-04-18,29449.091796875,30470.302734375,29154.849609375,30397.552734375,19480529496,0.03183646099781629,0.28490150437903367,21229.68828125
2023-04-19,30394.1875,30411.0546875,28669.8984375,28822.6796875,24571565421,-0.05319953662867234,0.3236129954820955,21277.241201171873
2023-04-20,28823.68359375,29076.400390625,28037.2578125,28245.98828125,21340360360,-0.020211126619281063,0.3292891129222962,21323.25060546875
2023-04-21,28249.23046875,28349.96875,27177.365234375,27276.91015625,20759504330,-0.034910877271712444,0.3458075269738115,21361.517255859377
2023-04-22,27265.89453125,27872.142578125,27169.5703125,27817.5,13125734602,0.019624756556398195,0.3538533709688969,21398.920537109374
2023-04-23,27816.14453125,27820.244140625,27400.314453125,27591.384765625,12785446832,-0.008161741227378502,0.35401834872620086,21436.073876953124
2023-04-24,27591.73046875,27979.982421875,27070.849609375,27525.33984375,17703288330,-0.0023965485595713668,0.35062887418887845,21473.923359375
2023-04-25,27514.873046875,28371.078125,27207.931640625,28307.59765625,17733373139,0.02802320777395386,0.3613551260630314,21517.727099609376
2023-04-26,28300.05859375,29995.837890625,27324.548828125,28422.701171875,31854242019,0.004057925868580612,0.36159816760072305,21562.757763671874
2023-04-27,28428.46484375,29871.546875,28402.88671875,29473.787109375,27153445027,0.03631313286229464,0.381633372522526,21612.8945703125
2023-04-28,29481.013671875,29572.791015625,28929.609375,29340.26171875,17544464887,-0.004540602889751968,0.3817032798635763,21663.88845703125
2023-04-29,29336.56640625,29452.455078125,29088.04296875,29248.48828125,10662634333,-0.0031328032278842735,0.3821470547393163,21714.87380859375
2023-04-30,29245.515625,29952.029296875,29114.021484375,29268.806640625,14652199272,0.0006944394889976754,0.37985373162500813,21765.430615234374
2023-05-01,29227.103515625,29329.935546875,27680.79296875,28091.568359375,18655599976,-0.041052856211014906,0.3718577786001845,21808.973935546874
2023-05-02,28087.17578125,28881.298828125,27924.123046875,28680.537109375,16432924527,0.020749270291120427,0.37286115787732355,21856.44833984375
2023-05-03,28680.494140625,29259.533203125,28178.388671875,29006.30859375,19122972518,0.011294600825028724,0.3758942469307344,21906.141708984374
2023-05-04,29031.3046875,29353.185546875,28694.0390625,28847.7109375,15548678514,-0.005482697825375376,0.3741386444452417,21954.039794921875
2023-05-05,28851.48046875,29668.908203125,28845.509765625,29534.384765625,17936566518,0.02352452363535224,0.38456964392202503,22003.9579296875
2023-05-06,29538.859375,29820.126953125,28468.966796875,28904.623046875,15913866714,-0.02155362050914689,0.39064147320922304,22051.80896484375
2023-05-07,28901.623046875,29157.517578125,28441.3671875,28454.978515625,11301355486,-0.015678412319992844,0.39326805410050997,22098.386181640624
2023-05-08,28450.45703125,28663.271484375,27310.134765625,27694.2734375,19122903752,-0.027097480312589104,0.3916281676894405,22141.58884765625
2023-05-09,27695.068359375,27821.400390625,27375.6015625,27658.775390625,14128593256,-0.0012826051136456092,0.3708478516926209,22184.020380859376
2023-05-10,27654.63671875,28322.6875,26883.669921875,27621.755859375,20656025026,-0.0013393336115541375,0.3258106035648661,22226.088212890623
2023-05-11,27621.0859375,27621.94140625,26781.826171875,27000.7890625,16724343943,-0.0227376278728039,0.3276994301544298,22263.257119140624
2023-05-12,26987.662109375,27055.646484375,25878.4296875,26804.990234375,19313599897,-0.007278017155925187,0.3061612294723728,22300.554208984377
2023-05-13,26807.76953125,27030.482421875,26710.873046875,26784.078125,9999171605,-0.0007804618022563855,0.2970059795317272,22333.9953125
2023-05-14,26788.974609375,27150.9765625,26661.35546875,26930.638671875,10014858959,0.0054570113859458225,0.2970788409611377,22364.796298828125
2023-05-15,26931.384765625,27646.34765625,26766.09765625,27192.693359375,14413231792,0.009683688179724162,0.29938075412582527,22399.3305859375
2023-05-16,27171.513671875,27299.3046875,26878.947265625,27036.650390625,12732238816,-0.005754943306692564,0.2810230255866401,22431.537080078124
2023-05-17,27035.470703125,27465.927734375,26600.14453125,27398.802734375,15140006925,0.013305949198470446,0.28540452486349493,22464.4387109375
2023-05-18,27401.650390625,27466.52734375,26415.1015625,26832.208984375,15222938600,-0.020896322938492334,0.2566324432758299,22495.42173828125
2023-05-19,26826.75390625,27128.619140625,26700.2109375,26890.12890625,11258983301,0.0021562704301694635,0.25765616760049365,22527.393515625
2023-05-20,26888.841796875,27155.158203125,26843.27734375,27129.5859375,7044911360,0.008865600285434393,0.26157702651678966,22560.615078125
2023-05-21,27118.423828125,27265.91796875,26706.921875,26753.826171875,8647416921,-0.01394736681453699,0.2634721449533175,22593.586689453125
2023-05-22,26749.892578125,27045.734375,26549.734375,26851.27734375,11056770492,0.0036358955711424203,0.22796646011883684,22626.793134765627
2023-05-23,26855.9609375,27434.68359375,26816.1796875,27225.7265625,13697203143,0.013848962643426162,0.2203590817143348,22657.185615234375
2023-05-24,27224.603515625,27224.603515625,26106.576171875,26334.818359375,16299104428,-0.03327040018789597,0.23858428053323383,22682.44625
2023-05-25,26329.4609375,26591.51953125,25890.59375,26476.20703125,13851122697,0.005354526205137628,0.24102078564403626,22710.194853515626
2023-05-26,26474.181640625,26916.669921875,26343.94921875,26719.291015625,12711619225,0.009139332662057487,0.22486795627705322,22740.7772265625
2023-05-27,26720.181640625,26888.8828125,26621.140625,26868.353515625,7892015141,0.00556333034484893,0.21890748190193335,22782.41263671875
2023-05-28,26871.158203125,28193.44921875,26802.751953125,28085.646484375,14545229578,0.04430949975360071,0.2695566929221326,22843.436967773436
2023-05-29,28075.591796875,28432.0390625,27563.876953125,27745.884765625,15181308984,-0.012171112107334788,0.2556869320365469,22894.232534179686
2023-05-30,27745.123046875,28044.759765625,27588.501953125,27702.349609375,13251081851,-0.0015702994220325468,0.2557083142295642,22947.572817382814
2023-05-31,27700.529296875,27831.677734375,26866.453125,27219.658203125,15656371534,-0.017577792723265092,0.2629253410193958,22999.675180664064
2023-06-01,27218.412109375,27346.10546875,26671.720703125,26819.97265625,14678970415,-0.014792581991188054,0.25588007408364016,23052.008217773437
2023-06-02,26824.556640625,27303.861328125,26574.64453125,27249.58984375,14837415000,0.01589161106579633,0.2604879293106571,23105.16517089844
2023-06-03,27252.32421875,27317.052734375,26958.00390625,27075.12890625,8385597470,-0.006422915434419119,0.2616454990316942,23156.117749023437
2023-06-04,27075.123046875,27407.01953125,26968.224609375,27119.06640625,9360912318,0.0016214839752998166,0.2610693363470074,23208.36588378906
2023-06-05,27123.109375,27129.982421875,25445.16796875,25760.09765625,21513292646,-0.051410345698891795,0.3139258275580677,23253.728784179686
2023-06-06,25732.109375,27313.8203125,25434.8671875,27238.783203125,21929670693,0.05581511856233619,0.37297379167987943,23306.433813476564
2023-06-07,27235.650390625,27332.181640625,26146.98828125,26345.998046875,19530045082,-0.03332542412080894,0.38727781286372753,23354.606069335936
2023-06-08,26347.654296875,26797.513671875,26246.6640625,26508.216796875,11904824295,0.006138366063704449,0.3818240829535463,23405.68799316406
2023-06-09,26505.923828125,26770.2890625,26339.314453125,26480.375,11015551640,-0.001050860137740086,0.3816962617826513,23459.153447265624
2023-06-10,26481.76171875,26531.044921875,25501.8359375,25851.240234375,19872933189,-0.024045314677471934,0.3882401505789312,23507.46080078125
2023-06-11,25854.03125,26203.439453125,25668.986328125,25940.16796875,10732609603,0.0034340762243438776,0.38633326985849337,23554.10810546875
2023-06-12,25934.28515625,26087.919921875,25675.197265625,25902.5,11677889997,-0.0014531650030546537,0.38588765860598623,23600.59828125
2023-06-13,25902.94140625,26376.3515625,25728.365234375,25918.728515625,14143474486,0.0006263269559741463,0.3818663637410323,23647.58271484375
2023-06-14,25920.2578125,26041.80078125,24902.15234375,25124.67578125,14265717766,-0.031115354032620144,0.3797341890988937,23690.8846875
2023-06-15,25121.673828125,25735.30859375,24797.16796875,25576.39453125,15837384409,0.017819375410116443,0.3852896245970158,23736.543525390625
2023-06-16,25575.283203125,26463.173828125,25245.357421875,26327.462890625,16324646965,0.0289427732653721,0.3981668589926298,23787.094228515623
2023-06-17,26328.6796875,26769.39453125,26174.4921875,26510.67578125,11090276850,0.0069349007932065195,0.3984670948031616,23837.4226953125
2023-06-18,26510.45703125,26675.92578125,26325.890625,26336.212890625,9565695129,-0.006602603438313832,0.36361152717361,23883.260927734376
2023-06-19,26335.44140625,26984.611328125,26312.83203125,26851.029296875,12826986222,0.019359247201741925,0.37000806382942003,23932.68041015625
2023-06-20,26841.6640625,28388.96875,26668.791015625,28327.48828125,22211859147,0.05352849528514009,0.4163216766641822,23988.87455078125
2023-06-21,28311.310546875,30737.330078125,28283.41015625,30027.296875,33346760979,0.05827421320682117,0.4546816732269619,24054.469853515624
2023-06-22,29995.935546875,30495.998046875,29679.158203125,29912.28125,20653160491,-0.0038377235796951737,0.45033472285946424,24118.378828125
2023-06-23,29896.3828125,31389.5390625,29845.21484375,30695.46875,24115570085,0.02584590576815378,0.4546133724806674,24186.982041015624
2023-06-24,30708.73828125,30804.1484375,30290.146484375,30548.6953125,12147822496,-0.004793067902493928,0.45410186112845824,24254.277998046877
2023-06-25,30545.150390625,31041.271484375,30327.943359375,30480.26171875,12703464114,-0.0022426607224285255,0.4547411327451997,24322.438671875
2023-06-26,30480.5234375,30636.029296875,29955.744140625,30271.130859375,16493186997,-0.006884835938176551,0.40823055370709577,24387.626953125
2023-06-27,30274.3203125,31006.787109375,30236.650390625,30688.1640625,16428827944,0.013682563415242946,0.3699343866375357,24455.40201171875
2023-06-28,30696.560546875,30703.279296875,29921.822265625,30086.24609375,14571500779,-0.01980891791303767,0.35462467194185954,24520.189619140627
2023-06-29,30086.1875,30796.25,30057.203125,30445.3515625,13180860821,0.011865197537731036,0.35514192416335205,24586.89541015625
2023-06-30,30441.353515625,31256.86328125,29600.275390625,30477.251953125,26387306197,0.0010472432791648364,0.35464686467335876,24653.249482421874
2023-07-01,30471.84765625,30641.2890625,30328.865234375,30590.078125,9086606733,0.0036951443630783326,0.3369274318767229,24717.29328125
2023-07-02,30587.26953125,30766.140625,30264.01953125,30620.76953125,10533418042,0.001002809469143997,0.33744880642194963,24781.318876953126
2023-07-03,30624.515625,31375.61328125,30586.513671875,31156.439453125,15271884873,0.017342426317960315,0.3371664135435413,24850.276748046876
2023-07-04,31156.865234375,31325.197265625,30659.35546875,30777.58203125,12810828427,-0.012234379050443955,0.34396676887744937,24920.927236328123
2023-07-05,30778.724609375,30877.330078125,30225.61328125,30514.166015625,12481622280,-0.008595533521292817,0.3195272315963853,24989.522607421874
2023-07-06,30507.150390625,31460.052734375,29892.2265625,29909.337890625,21129219509,-0.020020299639946313,0.3333353334742105,25055.2794140625
2023-07-07,29907.998046875,30434.64453125,29777.28515625,30342.265625,13384770155,0.01437090998029806,0.32522149861855676,25124.79234375
2023-07-08,30346.921875,30374.4375,30080.16015625,30292.541015625,7509378699,-0.0016401345457067653,0.32651689823994234,25191.723525390626
2023-07-09,30291.611328125,30427.58984375,30085.591796875,30171.234375,7903327692,-0.004012544787339061,0.3253434548071401,25258.492021484373
2023-07-10,30172.423828125,31026.083984375,29985.39453125,30414.470703125,14828209155,0.008029538805166095,0.322039945309791,25326.412666015625
2023-07-11,30417.6328125,30788.314453125,30358.09765625,30620.951171875,12151839152,0.006765948365584515,0.2717801539897325,25395.53265625
2023-07-12,30622.24609375,30959.96484375,30228.8359375,30391.646484375,14805659717,-0.007516669538967959,0.1879826618224249,25463.252109375
2023-07-13,30387.48828125,31814.515625,30268.3515625,31476.048828125,23686079548,0.03505911799946575,0.22173938825798875,25536.422421875
2023-07-14,31474.720703125,31582.25390625,29966.38671875,30334.068359375,20917902660,-0.036955452769762046,0.24378917622188373,25603.493740234375
2023-07-15,30331.783203125,30407.78125,30263.462890625,30295.806640625,8011667756,-0.0012621409438578614,0.2433237972828184,25671.386904296876
2023-07-16,30297.47265625,30437.560546875,30089.669921875,30249.1328125,8516564470,-0.0015417915284865274,0.24326887715246712,25739.86970703125
2023-07-17,30249.626953125,30336.400390625,29685.783203125,30145.888671875,13240156074,-0.003418965294113633,0.24239271928674688,25807.38744140625
2023-07-18,30147.0703125,30233.65625,29556.427734375,29856.5625,13138897269,-0.009643886494910275,0.23900770672563296,25873.65732421875
2023-07-19,29862.046875,30184.181640625,29794.26953125,29913.923828125,12128602812,0.0019193869502834365,0.2294776471229842,25940.489462890626
2023-07-20,29915.25,30195.53125,29638.095703125,29792.015625,14655207121,-0.004083626307646249,0.22546328082381029,26006.324140625
2023-07-21,29805.111328125,30045.998046875,29733.8515625,29908.744140625,10972789818,0.003910458253167224,0.2260136333978463,26072.4255078125
2023-07-22,29908.697265625,29991.615234375,29664.12109375,29771.802734375,7873300598,-0.004589155219131938,0.22571467523447922,26137.885234375
2023-07-23,29790.111328125,30330.640625,29741.52734375,30084.5390625,9220145050,0.010449658783391701,0.2292686843992496,26203.99173828125
2023-07-24,30081.662109375,30093.39453125,28934.294921875,29176.916015625,15395817395,-0.030633538164858885,0.24124766454297006,26265.69263671875
2023-07-25,29178.970703125,29353.16015625,29062.43359375,29227.390625,10266772793,0.0017284554802405464,0.23944730216906085,26327.06974609375
2023-07-26,29225.759765625,29675.552734375,29113.912109375,29354.97265625,13497554655,0.004355653333464597,0.23946956137588882,26389.06921875
2023-07-27,29353.798828125,29560.966796875,29099.3515625,29210.689453125,10770779217,-0.004927238584293436,0.23057775582693207,26449.666943359374
2023-07-28,29212.1640625,29521.513671875,29125.845703125,29319.24609375,11218474952,0.0037094442045335473,0.22442525058982693,26510.280400390624
2023-07-29,29319.4453125,29396.84375,29264.166015625,29356.91796875,6481775959,0.0012840607690722545,0.22465260761003958,26569.833525390626
2023-07-30,29357.09375,29443.169921875,29059.501953125,29275.30859375,8678454527,-0.0027837737874393067,0.22451931939003064,26626.5355859375
2023-07-31,29278.314453125,29489.873046875,29131.578125,29230.111328125,11656781982,-0.0015450628224417467,0.22186772602302993,26678.338203125
2023-08-01,29230.873046875,29675.732421875,28657.0234375,29675.732421875,18272392391,0.01513023382608844,0.2277929237303189,26727.168994140626
2023-08-02,29704.146484375,29987.998046875,28946.509765625,29151.958984375,19212655598,-0.01780750751690934,0.23392845602527593,26768.047294921875
2023-08-03,29161.8125,29375.70703125,28959.48828125,29178.6796875,12780357746,0.0009161807791750279,0.19193796398734433,26809.53669921875
2023-08-04,29174.3828125,29302.078125,28885.3359375,29074.091796875,12036639988,-0.0035908335462961935,0.14886648131940655,26849.058994140625
2023-08-05,29075.388671875,29102.46484375,28957.796875,29042.126953125,6598366353,-0.0011000318899209226,0.14887794112913433,26888.46203125
2023-08-06,29043.701171875,29160.822265625,28963.833984375,29041.85546875,7269806994,-9.347994530765627e-06,0.14903354800631174,26930.22740234375
2023-08-07,29038.513671875,29244.28125,28724.140625,29180.578125,13618163710,0.004765273802377892,0.15069721274243483,26970.696328125
2023-08-08,29180.01953125,30176.796875,29113.814453125,29765.4921875,17570561357,0.01984638697905339,0.1647136404264502,27006.141025390625
2023-08-09,29766.6953125,30093.435546875,29376.80078125,29561.494140625,18379521213,-0.006877101417061734,0.16613669470072348,27040.06037109375
2023-08-10,29563.97265625,29688.564453125,29354.447265625,29429.591796875,11865344789,-0.004471948989328098,0.16624575039680156,27073.60625
2023-08-11,29424.90234375,29517.7734375,29253.517578125,29397.71484375,10195168197,-0.0010837469218066252,0.16544320645429916,27105.922666015624
2023-08-12,29399.787109375,29465.11328125,29357.587890625,29415.96484375,6194358008,0.0006206039371356436,0.16493151226611996,27139.820146484373
2023-08-13,29416.59375,29441.43359375,29265.806640625,29282.9140625,7329897180,-0.004533340724443713,0.16042008240166114,27170.645419921875
2023-08-14,29283.263671875,29660.25390625,29124.10546875,29408.443359375,14013695304,0.004277614074716283,0.12058728894866844,27202.52375
2023-08-15,29408.048828125,29439.12109375,29088.853515625,29170.34765625,12640195779,-0.008129120118753778,0.12398179479084798,27232.981845703125
2023-08-16,29169.07421875,29221.9765625,28701.779296875,28701.779296875,14949271904,-0.016193584838703763,0.13466636790058947,27261.33529296875
2023-08-17,28699.802734375,28745.947265625,25409.111328125,26664.55078125,31120851211,-0.07362412009606191,0.28537863327156293,27275.78521484375
2023-08-18,26636.078125,26808.1953125,25668.921875,26049.556640625,24026236529,-0.023334248653811243,0.29108359163190145,27291.8323046875
2023-08-19,26047.83203125,26249.44921875,25802.408203125,26096.205078125,10631443812,0.0017891559507894222,0.29123999008278695,27306.6169140625
2023-08-20,26096.861328125,26260.681640625,26004.314453125,26189.583984375,9036580420,0.003571869420107809,0.2928439348458665,27318.945986328126
2023-08-21,26188.69140625,26220.201171875,25846.087890625,26124.140625,13371557893,-0.002501958864606914,0.29270790442138533,27332.207333984374
2023-08-22,26130.748046875,26135.5078125,25520.728515625,26031.65625,14503820706,-0.0035464695192522202,0.28324000430573143,27345.11900390625
2023-08-23,26040.474609375,26786.8984375,25804.998046875,26431.640625,16985265785,0.015248455549160829,0.28931032950917074,27360.61796875
2023-08-24,26431.51953125,26554.91015625,25914.92578125,26162.373046875,12871532023,-0.01023956576112509,0.28917975252878414,27376.65150390625
2023-08-25,26163.6796875,26248.103515625,25786.8125,26047.66796875,12406045118,-0.004393992436939317,0.2891369607160952,27393.089296875
2023-08-26,26047.234375,26107.384765625,25983.87890625,26008.462890625,6034817316,-0.0015062619864454853,0.2890671900404362,27406.81015625
2023-08-27,26008.2421875,26165.373046875,25965.09765625,26089.693359375,6913768611,0.003118365040993392,0.28998374823894246,27422.561630859374
2023-08-28,26089.615234375,26198.578125,25880.599609375,26106.150390625,11002805166,0.0006305878251208892,0.2885607971641697,27443.9971875
2023-08-29,26102.486328125,28089.337890625,25912.62890625,27727.392578125,29368391712,0.060249892570851026,0.35841523387394963,27474.378232421874
2023-08-30,27726.083984375,27760.16015625,27069.20703125,27297.265625,16343655235,-0.015634289371322937,0.3607686531578864,27501.510185546875
2023-08-31,27301.9296875,27456.078125,25752.9296875,25931.47265625,20181001451,-0.05132914544958933,0.39661193365625885,27522.226533203124
2023-09-01,25934.021484375,26125.869140625,25362.609375,25800.724609375,17202862221,-0.005054814300673318,0.39622682341449894,27542.1896484375
2023-09-02,25800.91015625,25970.28515625,25753.09375,25868.798828125,10100387473,0.0026349868784771645,0.39672582337473666,27560.429619140625
2023-09-03,25869.47265625,26087.1484375,25817.03125,25969.56640625,8962524523,0.0038877655416867615,0.39821961903670294,27568.7382421875
2023-09-04,25968.169921875,26081.525390625,25657.025390625,25812.416015625,10680635106,-0.006069712504034206,0.3965567770555133,27579.68294921875
2023-09-05,25814.95703125,25858.375,25589.98828125,25779.982421875,11094740040,-0.0012573014244295709,0.39685228997482,27585.754853515624
2023-09-06,25783.931640625,25953.015625,25404.359375,25753.236328125,12752705327,-0.001038013801593385,0.39536112676524576,27591.3146484375
2023-09-07,25748.3125,26409.302734375,25608.201171875,26240.1953125,11088307100,0.01873210550195057,0.3151650054831419,27600.877412109374
2023-09-08,26245.208984375,26414.005859375,25677.48046875,25905.654296875,10817356400,-0.012831149860508746,0.30769935590314584,27606.25994140625
2023-09-09,25905.42578125,25921.9765625,25810.494140625,25895.677734375,5481314132,-0.00038518556307899995,0.30760874355658624,27613.5565625
2023-09-10,25895.2109375,25978.130859375,25640.26171875,25832.2265625,7899553047,-0.0024532679048573473,0.3073445377663365,27621.7734765625
2023-09-11,25831.71484375,25883.947265625,24930.296875,25162.654296875,14600006467,-0.026261881067480307,0.3199084173250567,27627.849287109377
2023-09-12,25160.658203125,26451.939453125,25133.078125,25833.34375,18657279324,0.0263051279529175,0.3342307946056244,27641.02537109375
2023-09-13,25837.5546875,26376.11328125,25781.123046875,26228.32421875,13072077070,0.015173852958685846,0.33418698264251456,27656.2901171875
2023-09-14,26228.27734375,26774.623046875,26171.451171875,26539.673828125,13811359124,0.011800835130971608,0.33470476974663826,27671.182421875
2023-09-15,26533.818359375,26840.498046875,26240.701171875,26608.693359375,11479735788,0.0025972414093191217,0.3342447556628417,27686.611533203126
2023-09-16,26606.19921875,26754.76953125,26473.890625,26568.28125,7402031417,-0.0015199103541191222,0.33424605606835034,27703.716171875
2023-09-17,26567.927734375,26617.998046875,26445.07421875,26534.1875,6774210670,-0.0012840741866492755,0.3342447506547249,27718.15435546875
2023-09-18,26532.994140625,27414.734375,26415.515625,26754.28125,15615339655,0.008260511389751386,0.3352382900621619,27734.548427734375
2023-09-19,26760.8515625,27488.763671875,26681.60546875,27211.1171875,13807690550,0.016931102662432373,0.2653430199288666,27758.790615234375
2023-09-20,27210.228515625,27379.505859375,26864.08203125,27132.0078125,13281116604,-0.0029114788993918343,0.2600456224161807,27782.68390625
2023-09-21,27129.83984375,27152.939453125,26389.30078125,26567.6328125,13371443708,-0.021020467716698094,0.19915789239115472,27803.344501953125
2023-09-22,26564.056640625,26726.078125,26495.533203125,26579.568359375,10578746709,0.0004491505408555205,0.1979045543560118,27824.0935546875
2023-09-23,26578.556640625,26634.185546875,26520.51953125,26579.390625,7404700301,-6.686902016047694e-06,0.19791113959174,27845.89166015625
2023-09-24,26579.373046875,26716.05859375,26221.05078125,26256.826171875,8192867686,-0.012210127075315798,0.20303906734948005,27868.585390625
2023-09-25,26253.775390625,26421.5078125,26011.46875,26298.48046875,11997833257,0.001585160786217759,0.20163361036159122,27898.262685546873
2023-09-26,26294.7578125,26389.884765625,26090.712890625,26217.25,9985498161,-0.003093569595525136,0.20197985940994764,27928.41271484375
2023-09-27,26209.498046875,26817.841796875,26111.46484375,26352.716796875,11718380997,0.005153782852789497,0.20240797717351408,27957.014248046875
2023-09-28,26355.8125,27259.5,26327.322265625,27021.546875,14079002707,0.02506320623495958,0.21038952185024853,27981.302236328123
2023-09-29,27024.841796875,27225.9375,26721.763671875,26911.720703125,10396435377,-0.004072674570297436,0.20504604691650555,27994.873173828124
2023-09-30,26911.689453125,27091.794921875,26888.96875,26967.916015625,5331172801,0.002085958120685116,0.20489068003881653,28005.9823828125
2023-10-01,26967.396484375,28047.23828125,26965.09375,27983.75,9503917434,0.036976120856382695,0.2372320140362567,28024.021328125
2023-10-02,27976.798828125,28494.458984375,27347.787109375,27530.78515625,19793041322,-0.01631914578851585,0.2234518099251243,28036.41130859375
2023-10-03,27508.251953125,27667.19140625,27216.001953125,27429.978515625,11407814187,-0.0036683170659445614,0.20994675832488247,28036.441552734374
2023-10-04,27429.07421875,27826.658203125,27248.10546875,27799.39453125,11143355314,0.013377719302482879,0.20870746251195488,28040.609130859375
2023-10-05,27798.646484375,28091.861328125,27375.6015625,27415.912109375,11877253670,-0.013890662255842758,0.21361830448763766,28037.4953125
2023-10-06,27412.123046875,28252.537109375,27215.552734375,27946.59765625,13492391599,0.019171883788155934,0.22218945489629216,28038.392119140626
2023-10-07,27946.78125,28028.091796875,27870.423828125,27968.83984375,6553044316,0.0007955652201821253,0.2218276235396676,28037.357236328124
2023-10-08,27971.677734375,28102.169921875,27740.662109375,27935.08984375,7916875290,-0.0012074286830624696,0.2218115414167607,28040.495498046876
2023-10-09,27934.47265625,27989.470703125,27302.5625,27583.677734375,12007668568,-0.012659387727925962,0.22669111634299025,28036.7440234375
2023-10-10,27589.201171875,27715.84765625,27301.654296875,27391.01953125,9973350678,-0.0070090060125914885,0.22119921283518623,28036.2326953125
2023-10-11,27392.076171875,27474.115234375,26561.099609375,26873.3203125,13648094333,-0.019081220842271783,0.23104294625894306,28033.12576171875
2023-10-12,26873.29296875,26921.439453125,26558.3203125,26756.798828125,9392909295,-0.00434538164717781,0.21926282938771913,28026.93810546875
2023-10-13,26752.87890625,27092.697265625,26686.322265625,26862.375,15165312851,0.0039380057832304975,0.21961793814773292,28025.550537109375
2023-10-14,26866.203125,26969.0,26814.5859375,26861.70703125,5388116782,-2.4866641728645306e-05,0.21961847982017463,28023.51841796875
2023-10-15,26858.01171875,27289.169921875,26817.89453125,27159.65234375,7098201980,0.011030760315870677,0.21741243793459042,28017.57447265625
2023-10-16,27162.62890625,29448.138671875,27130.47265625,28519.466796875,27833876539,0.04885439730476576,0.2721237716945306,28020.003994140625
2023-10-17,28522.09765625,28618.751953125,28110.185546875,28415.748046875,14872527508,-0.0036433994327744555,0.27230742170739947,28019.6903125
2023-10-18,28413.53125,28889.009765625,28174.251953125,28328.341796875,12724128586,-0.0030807197496875486,0.2732970299116275,28019.276845703123
2023-10-19,28332.416015625,28892.474609375,28177.98828125,28719.806640625,14448058195,0.013724231161473081,0.26468126566059097,28021.8793359375
2023-10-20,28732.8125,30104.0859375,28601.669921875,29682.94921875,21536125230,0.03298576898255148,0.2828819341240304,28031.342978515626
2023-10-21,29683.380859375,30287.482421875,29481.751953125,29918.412109375,11541146996,0.007901299916077796,0.2829306223596299,28040.09458984375
2023-10-22,29918.654296875,30199.43359375,29720.3125,29993.896484375,10446520040,0.002519829955235934,0.2578433963557429,28049.174150390623
2023-10-23,30140.685546875,34370.4375,30097.828125,33086.234375,38363572311,0.09812340552916099,0.4087274203992867,28074.384619140626
2023-10-24,33077.3046875,35150.43359375,32880.76171875,33901.52734375,44934999645,0.024342751787773464,0.40951876078634986,28104.262958984375
2023-10-25,33916.04296875,35133.7578125,33709.109375,34502.8203125,25254318008,0.017581001125127033,0.4102026397699793,28137.0380859375
2023-10-26,34504.2890625,34832.91015625,33762.32421875,34156.6484375,19427195376,-0.010083818433932462,0.40757905792331794,28166.15607421875
2023-10-27,34156.5,34238.2109375,33416.88671875,33909.80078125,16418032871,-0.007253169256571986,0.4107362347790731,28187.44017578125
2023-10-28,33907.72265625,34399.390625,33874.8046875,34089.57421875,10160330825,0.0052875149613998505,0.4098705935526825,28206.71275390625
2023-10-29,34089.37109375,34743.26171875,33947.56640625,34538.48046875,11160323986,0.013082482218137433,0.4081861613249933,28228.709892578125
2023-10-30,34531.7421875,34843.93359375,34110.97265625,34502.36328125,17184860315,-0.001046255776520464,0.40196082337620037,28249.226376953124
2023-10-31,34500.078125,34719.25390625,34083.30859375,34667.78125,15758270810,0.004782938801692802,0.39748136058766426,28270.136787109375
2023-11-01,34657.2734375,35527.9296875,34170.69140625,35437.25390625,22446272005,0.021952875620689455,0.38322962230028734,28295.730576171874
2023-11-02,35441.578125,35919.84375,34401.57421875,34938.2421875,20998158544,-0.014181643038139046,0.3903437920041504,28318.845009765624
2023-11-03,34942.47265625,34942.47265625,34133.44140625,34732.32421875,17158456701,-0.005911206955145199,0.39459877347159616,28345.28140625
2023-11-04,34736.32421875,35256.03125,34616.69140625,35082.1953125,9561294264,0.010022958693683921,0.39219296898264694,28368.704619140626
2023-11-05,35090.01171875,35340.33984375,34594.2421875,35049.35546875,12412743996,-0.0009365213169939803,0.39502089824748515,28399.837998046874
2023-11-06,35044.7890625,35286.02734375,34765.36328125,35037.37109375,12693436420,-0.0003419870125084872,0.3735950873894387,28433.794912109373
2023-11-07,35047.79296875,35892.41796875,34545.81640625,35443.5625,18834737789,0.011526405303600254,0.3703985945133893,28474.628173828125
2023-11-08,35419.4765625,35994.41796875,35147.80078125,35655.27734375,17295394918,0.005955525293475274,0.36752829874107984,28513.817060546877
2023-11-09,35633.6328125,37926.2578125,35592.1015625,36693.125,37762672382,0.02869223982446583,0.3725727484448121,28559.32576171875
2023-11-10,36702.25,37493.80078125,36362.75390625,37313.96875,22711265155,0.01677834605033404,0.3650415975599469,28608.26890625
2023-11-11,37310.0703125,37407.09375,36773.66796875,37138.05078125,13924272142,-0.004725682318407844,0.3689461355435855,28652.421171875
2023-11-12,37133.9921875,37227.69140625,36779.1171875,37054.51953125,11545715999,-0.002251742592082081,0.3705795809178824,28695.580263671876
2023-11-13,37070.3046875,37405.1171875,36399.60546875,36502.35546875,19057712790,-0.015013537055029228,0.19968501100348623,28730.72310546875
2023-11-14,36491.7890625,36753.3515625,34948.5,35537.640625,23857403554,-0.02678435783979465,0.21425934960431317,28761.71
2023-11-15,35548.11328125,37964.89453125,35383.78125,37880.58203125,27365821679,0.06384619927627835,0.29912100546774456,28804.87046875
2023-11-16,37879.98046875,37934.625,35545.47265625,36154.76953125,26007385366,-0.046629756190665436,0.34479468404212865,28839.300283203123
2023-11-17,36164.82421875,36704.484375,35901.234375,36596.68359375,22445028430,0.01214874696667944,0.34428283452745845,28881.825859375
2023-11-18,36625.37109375,36839.28125,36233.3125,36585.703125,11886022717,-0.000300085015663709,0.3444881604935887,28921.351689453124
2023-11-19,36585.765625,37509.35546875,36414.59765625,37386.546875,12915986553,0.021653391391504333,0.3487871239013611,28963.252880859374
2023-11-20,37374.07421875,37756.8203125,36882.53125,37476.95703125,20888209068,0.002415334454994771,0.3483903549260708,29006.399111328126
2023-11-21,37469.16015625,37631.140625,35813.8125,35813.8125,25172163756,-0.045392621921948366,0.3879671993313741,29037.79625
2023-11-22,35756.5546875,37856.98046875,35670.97265625,37432.33984375,24397247860,0.04420138946783627,0.40975401943321876,29080.434833984375
2023-11-23,37420.43359375,37643.91796875,36923.86328125,37289.62109375,14214948217,-0.003819999415433914,0.40595895977663343,29124.608046875
2023-11-24,37296.31640625,38415.33984375,37261.60546875,37720.28125,22922957823,0.01148288092363248,0.40556472656264336,29174.7380859375
2023-11-25,37721.4140625,37892.4296875,37617.41796875,37796.79296875,9099571165,0.002026342935600158,0.4049966041560085,29225.428173828124
2023-11-26,37796.828125,37820.30078125,37162.75,37479.12109375,13744796068,-0.00844024984109134,0.40687359126619893,29274.715
2023-11-27,37454.19140625,37559.35546875,36750.12890625,37254.16796875,19002925720,-0.00602017674392167,0.4079689514318122,29325.98189453125
2023-11-28,37247.9921875,38368.48046875,36891.08984375,37831.0859375,21696137014,0.015367313611233842,0.4092048216820855,29381.112373046875
2023-11-29,37826.10546875,38366.11328125,37612.6328125,37858.4921875,20728546658,0.0007241750284948421,0.4091468052842769,29436.484443359375
2023-11-30,37861.1171875,38141.75390625,37531.140625,37712.74609375,18115982627,-0.0038571889984724806,0.3986501382222105,29490.39498046875
2023-12-01,37718.0078125,38954.109375,37629.359375,38688.75,23512784002,0.02555073011462817,0.4040618160288482,29547.875263671875
2023-12-02,38689.27734375,39678.9375,38652.59375,39476.33203125,15534035612,0.020152443138720524,0.40822811858595975,29610.073671875
2023-12-03,39472.20703125,40135.60546875,39298.1640625,39978.390625,15769696322,0.012637770520489717,0.4091145415337539,29672.971611328125
2023-12-04,39978.62890625,42371.75,39978.62890625,41980.09765625,39856129827,0.04885656688656327,0.4316731143052607,29748.7110546875
2023-12-05,41986.265625,44408.6640625,41421.1484375,44080.6484375,36312154535,0.04882523455973004,0.4372911357686697,29834.66365234375
2023-12-06,44080.0234375,44265.76953125,43478.08203125,43746.4453125,29909761586,-0.007610515703398493,0.3949688769168907,29917.74794921875
2023-12-07,43769.1328125,44042.58984375,42880.6484375,43292.6640625,27635760671,-0.010427160036986542,0.3506177257224862,30000.442138671875
2023-12-08,43293.13671875,44705.515625,43125.296875,44166.6015625,24421116687,0.01998568323480024,0.3526679011453198,30087.018759765626
2023-12-09,44180.01953125,44361.2578125,43627.59765625,43725.984375,17368210171,-0.010026349184727985,0.35746017830029425,30169.520048828126
2023-12-10,43728.3828125,44034.625,43593.28515625,43779.69921875,13000481418,0.001227688266422679,0.35497690929890374,30256.744453125
2023-12-11,43792.01953125,43808.375,40234.578125,41243.83203125,40632672038,-0.05966864669683699,0.4245508973689002,30330.582578125
2023-12-12,41238.734375,42048.3046875,40667.5625,41450.22265625,24779520132,0.004991678164292342,0.38377259962887283,30404.237236328125
2023-12-13,41468.46484375,43429.78125,40676.8671875,42890.7421875,26797884674,0.03416274957103686,0.3729203695021421,30484.3491796875
2023-12-14,42884.26171875,43390.859375,41767.08984375,43023.97265625,25578530178,0.003101461159203954,0.3712783415352808,30559.040810546874
2023-12-15,43028.25,43087.82421875,41692.96875,41929.7578125,19639442462,-0.025761678809584642,0.3874392215613643,30629.96017578125
2023-12-16,41937.7421875,42664.9453125,41723.11328125,42240.1171875,14386729590,0.007374628549158558,0.38735836075231084,30702.649013671875
2023-12-17,42236.109375,42359.49609375,41274.54296875,41364.6640625,16678702876,-0.02094342240847231,0.39528397452577746,30773.37404296875
2023-12-18,41348.203125,42720.296875,40530.2578125,42623.5390625,25224642008,0.029979669511789556,0.40258967689805986,30852.391875
2023-12-19,42641.51171875,43354.296875,41826.3359375,42270.52734375,23171001281,-0.008316570718615267,0.40430739450251685,30927.4965625
2023-12-20,42261.30078125,44275.5859375,42223.81640625,43652.25,27868908174,0.032164737244750545,0.4143838898223424,31010.38216796875
2023-12-21,43648.125,44240.66796875,43330.05078125,43869.15234375,22452766169,0.0049565656400486135,0.41265409122196783,31094.13259765625
2023-12-22,43868.98828125,44367.95703125,43441.96875,43997.90234375,21028503216,0.0029305657871948458,0.4073860435164936,31185.32162109375
2023-12-23,44012.19921875,44015.69921875,43351.35546875,43739.54296875,13507796558,-0.005889392398977758,0.40607259037389976,31267.825419921875
2023-12-24,43728.3671875,43945.5234375,42786.91796875,43016.1171875,18830554085,-0.016677702596480784,0.41167847500907784,31351.176015625
2023-12-25,43010.57421875,43765.09375,42765.76953125,43613.140625,21115795370,0.013783631646973108,0.37965974288048693,31436.700634765624
2023-12-26,43599.84765625,43603.17578125,41676.48828125,42520.40234375,30026850982,-0.025374479539831175,0.3497308592502506,31516.900771484376
2023-12-27,42518.46875,43683.16015625,42167.58203125,43442.85546875,25260941032,0.021462391204340153,0.3579608485367166,31604.85884765625
2023-12-28,43468.19921875,43804.78125,42318.55078125,42627.85546875,22992093014,-0.018938483263033618,0.3621748564477426,31688.29728515625
2023-12-29,42614.64453125,43124.32421875,41424.0625,42099.40234375,26000021055,-0.01247437935200907,0.3561790841416617,31769.281796875
2023-12-30,42091.75390625,42584.125,41556.2265625,42156.90234375,16013925945,0.001364883236683238,0.3552432389860514,31850.472666015627
2023-12-31,42152.09765625,42860.9375,41998.25390625,42265.1875,16397498810,0.0025653289520551383,0.355414227741873,31936.175224609375
2024-01-01,42280.234375,44175.4375,42214.9765625,44167.33203125,18426978443,0.044021664837326654,0.32218969369565487,32029.129912109376
2024-01-02,44187.140625,45899.70703125,44176.94921875,44957.96875,39335274536,0.01774260401360504,0.3260571970741586,32122.28244140625
2024-01-03,44961.6015625,45503.2421875,40813.53515625,42848.17578125,46342323118,-0.04806495357875531,0.3530946057161617,32203.96994140625
2024-01-04,42855.81640625,44770.0234375,42675.17578125,44179.921875,30448091210,0.030607357718285957,0.3686966773876577,32293.188486328127
2024-01-05,44192.98046875,44353.28515625,42784.71875,44162.69140625,32336029347,-0.0003900828451526924,0.3555046376072361,32379.746796875
2024-01-06,44178.953125,44227.6328125,43475.15625,43989.1953125,16092503468,-0.00393630412750998,0.3556979028833018,32458.05533203125
2024-01-07,43998.46484375,44495.5703125,43662.23046875,43943.09765625,19330573863,-0.0010484808007761193,0.34612427360613235,32527.6343359375
2024-01-08,43948.70703125,47218.0,43244.08203125,46970.50390625,42746192015,0.06662426635587362,0.401175093936998,32612.92544921875
2024-01-09,46987.640625,47893.69921875,45244.71484375,46139.73046875,39821290992,-0.01784541710643821,0.4063723997626454,32690.1467578125
2024-01-10,46121.5390625,47647.22265625,44483.15234375,46627.77734375,50114613298,0.01052203275194838,0.39432417769303535,32770.54216796875
2024-01-11,46656.07421875,48969.37109375,45678.64453125,46368.5859375,45833734549,-0.005574241147522551,0.3953988855774616,32849.9837890625
2024-01-12,46354.79296875,46498.13671875,41903.76953125,42853.16796875,43332698900,-0.07884262883299366,0.48577866793962315,32912.893974609375
2024-01-13,42799.4453125,43234.66015625,42464.14453125,42842.3828125,20601860469,-0.0002517086641866489,0.4854935215904207,32973.665068359376
2024-01-14,42842.26171875,43065.59765625,41724.61328125,41796.26953125,17521429522,-0.024720775355358247,0.48955137706382146,33032.21518554688
2024-01-15,41715.06640625,43319.72265625,41705.41796875,42511.96875,22320220558,0.01697856404641987,0.49092065249949157,33092.548271484375
2024-01-16,42499.3359375,43566.2734375,42085.99609375,43154.9453125,24062872740,0.015011364505806485,0.4857884544711974,33155.93673828125
2024-01-17,43132.1015625,43189.890625,42189.30859375,42742.65234375,20851232595,-0.009599712825861542,0.48095822344200667,33216.699609375
2024-01-18,42742.3125,42876.34765625,40631.171875,41262.05859375,25218357242,-0.03525390600438047,0.4919182123691312,33269.9060546875
2024-01-19,41278.4609375,42134.16015625,40297.45703125,41618.40625,25752407154,0.008599127738074015,0.4914382867914854,33322.215888671875
2024-01-20,41624.58984375,41877.89453125,41446.82421875,41665.5859375,11586690904,0.0011329834535463317,0.4914275746547152,33376.65590820312
2024-01-21,41671.48828125,41855.3671875,41497.0078125,41545.78515625,9344043642,-0.002879434924556738,0.4913534660255189,33431.81400390625
2024-01-22,41553.65234375,41651.20703125,39450.1171875,39507.3671875,31338708143,-0.05030891028125471,0.4915473028322486,33479.80415039063
2024-01-23,39518.71484375,40127.3515625,38521.89453125,39845.55078125,29244553045,0.008523584257922188,0.48711723431799486,33527.32057617188
2024-01-24,39877.59375,40483.78515625,39508.796875,40077.07421875,22359526178,0.005793705727985713,0.4633127185043081,33576.2432421875
2024-01-25,40075.55078125,40254.48046875,39545.6640625,39933.80859375,18491782013,-0.003581157289492955,0.44673502987706554,33625.05611328125
2024-01-26,39936.81640625,42209.38671875,39825.69140625,41816.87109375,25598119893,0.04607657449481696,0.48027034621027576,33682.068115234375
2024-01-27,41815.625,42195.6328125,41431.28125,42120.0546875,11422941934,0.007224112855396914,0.48143346093713474,33739.5636328125
2024-01-28,42126.125,42797.17578125,41696.91015625,42035.59375,16858971687,-0.002007256017307645,0.48141934392589025,33797.78336914063
2024-01-29,42030.9140625,43305.8671875,41818.33203125,43288.24609375,20668476578,0.029364415736914624,0.42881598219761524,33856.84435546875
2024-01-30,43300.2265625,43838.9453125,42711.37109375,42952.609375,23842814518,-0.007783744989935841,0.4260973130502518,33919.93706054687
2024-01-31,42946.25,43717.40625,42298.9453125,42582.60546875,24673628793,-0.008651552809046921,0.4233669742192286,33981.3710546875
2024-02-01,42569.76171875,43243.16796875,41879.19140625,43075.7734375,21423953779,0.011514890294239742,0.4268542481739953,34045.5042578125
2024-02-02,43077.640625,43422.48828125,42584.3359375,43185.859375,18603843039,0.002552374530244358,0.32738774883766547,34110.70411132812
2024-02-03,43184.96484375,43359.94140625,42890.80859375,42992.25,11169245236,-0.004493245492150753,0.32781838344793673,34176.38254882812
2024-02-04,42994.94140625,43097.64453125,42374.83203125,42583.58203125,14802225490,-0.009551086228745845,0.31735247884055395,34239.73083984375
2024-02-05,42577.62109375,43494.25,42264.81640625,42658.66796875,18715487317,0.0017617075316479283,0.31196364182385866,34304.0641015625
2024-02-06,42657.390625,43344.1484375,42529.01953125,43084.671875,16798476726,0.009936804708699247,0.3094053458534404,34369.943740234376
2024-02-07,43090.01953125,44341.94921875,42775.95703125,44318.22265625,21126587775,0.02822864621028068,0.3222208900118349,34442.67583984375
2024-02-08,44332.125,45575.83984375,44332.125,45301.56640625,26154524080,0.021945671282114807,0.2996450084457722,34518.7609765625
2024-02-09,45297.3828125,48152.49609375,45260.82421875,47147.19921875,39316770844,0.0399329954084116,0.3238008966685883,34608.61239257813
2024-02-10,47153.52734375,48146.171875,46905.3203125,47771.27734375,16398681570,0.013149960695064189,0.32422882266476044,34701.331826171874
2024-02-11,47768.96875,48535.9375,47617.40625,48293.91796875,19315867136,0.010881064258583886,0.32270726229217916,34796.02655273437
2024-02-12,48296.38671875,50280.4765625,47745.76171875,49958.22265625,34511985805,0.03388147853165121,0.25933610073806995,34899.76421875
2024-02-13,49941.359375,50358.390625,48406.49609375,49742.44140625,35593051468,-0.004328588760117502,0.2647573694830426,35001.8801953125
2024-02-14,49733.4453125,52021.37109375,49296.83203125,51826.6953125,39105608050,0.041046849510408934,0.28420394898696855,35114.22908203125
2024-02-15,51836.78515625,52820.06640625,51371.62890625,51938.5546875,38564360533,0.0021560092291083846,0.28085419194680683,35227.5453125
2024-02-16,51937.7265625,52537.96875,51641.3671875,52160.203125,28180567298,0.0042584326097615645,0.2539636895849332,35342.195771484374
2024-02-17,52161.67578125,52191.9140625,50669.66796875,51662.99609375,20009091006,-0.00957802949778828,0.2632163354090059,35452.13208984375
2024-02-18,51661.96875,52356.96484375,51233.70703125,52122.546875,17595377311,0.008855834280713763,0.2597831985933672,35566.98502929688
2024-02-19,52134.8125,52483.32421875,51711.8203125,51779.14453125,21362184346,-0.006610163694046543,0.25628441396140544,35679.98735351562
2024-02-20,51777.7265625,52945.05078125,50792.3125,52284.875,33353758256,0.009719679337319471,0.2493248233368347,35796.04126953125
2024-02-21,52273.53515625,52368.81640625,50671.7578125,51839.1796875,28624907020,-0.00856090431522995,0.24924248470239588,35910.02653320313
2024-02-22,51854.64453125,52009.61328125,50926.29296875,51304.97265625,25413900611,-0.010358547640014263,0.25822290738635895,36021.34211914062
2024-02-23,51283.90625,51497.93359375,50561.77734375,50731.94921875,21427078270,-0.011231806115512574,0.2663913148962636,36129.09897460938
2024-02-24,50736.37109375,51684.1953125,50585.4453125,51571.1015625,15174077879,0.016405594130217752,0.26419759887951993,36238.127021484375
2024-02-25,51565.21484375,51950.02734375,51306.171875,51733.23828125,15413239245,0.0031390133682369275,0.2567252609312149,36348.9857421875
2024-02-26,51730.5390625,54938.17578125,50931.03125,54522.40234375,34074411896,0.052511187656945416,0.2953202531222868,36474.44979492188
2024-02-27,54519.36328125,57537.83984375,54484.19921875,57085.37109375,49756832031,0.045936216440473146,0.31808767936201565,36612.888076171876
2024-02-28,57071.09765625,63913.1328125,56738.42578125,62504.7890625,83239156760,0.09069529297704289,0.41394306890829247,36778.33219726563
2024-02-29,62499.18359375,63585.64453125,60498.73046875,61198.3828125,65496611844,-0.02112241427001975,0.4330817615662395,36937.90954101562
2024-03-01,61168.0625,63155.1015625,60802.52734375,62440.6328125,40186368423,0.0200954657884248,0.42365017143517064,37103.07048828125
2024-03-02,62431.65234375,62458.69921875,61657.2890625,62029.84765625,23888473685,-0.006600547312091193,0.4292715254244988,37267.36798828125
2024-03-03,62031.578125,63230.2109375,61435.0234375,63167.37109375,26253811450,0.01817220465901261,0.4296812367464414,37439.69594726562
2024-03-04,63137.00390625,68537.03125,62386.51953125,68330.4140625,70670471105,0.0785670808490068,0.4820207588644761,37648.02526367187
2024-03-05,68341.0546875,69170.625,59323.91015625,63801.19921875,102802940877,-0.06858298181492034,0.5595027492508674,37836.7834765625
2024-03-06,63776.05078125,67637.9296875,62848.671875,66106.8046875,68750229073,0.03549970020086634,0.55617589423282,38036.83647460937
2024-03-07,66099.7421875,68029.921875,65655.53125,66925.484375,46989543159,0.012308140052515397,0.5551172580958313,38240.5159765625
2024-03-08,66938.09375,70083.0546875,66230.453125,68300.09375,59202881172,0.020331312236987975,0.5550588391168363,38451.3957421875
2024-03-09,68299.2578125,68673.0546875,68053.125,68498.8828125,21609650379,0.002906296632019191,0.5503712567524189,38663.731875
2024-03-10,68500.2578125,70005.203125,68239.9765625,69019.7890625,35683977532,0.007575825657206857,0.5505232027188178,38876.6726171875
2024-03-11,69020.546875,72850.7109375,67194.8828125,72123.90625,65716656765,0.04399229858274628,0.555268586971869,39106.48028320313
2024-03-12,72125.125,72825.65625,68728.8515625,71481.2890625,62554434520,-0.008949836049347838,0.5615669407047137,39333.64838867188
2024-03-13,71482.1171875,73637.4765625,71334.09375,73083.5,48212536929,0.02216689906407544,0.5554524212885498,39569.02357421875
2024-03-14,73079.375,73750.0703125,68563.0234375,71396.59375,59594605698,-0.0233524614583823,0.5650670550713534,39795.558076171874
2024-03-15,71387.875,72357.1328125,65630.6953125,69403.7734375,78320453976,-0.028308923292000562,0.5782783592874787,40012.04619140625
2024-03-16,69392.484375,70046.2734375,64801.39453125,65315.1171875,46842198371,-0.060717725206296765,0.6347446125873834,40199.98481445313
2024-03-17,65316.34375,68845.71875,64545.31640625,68390.625,44716864318,0.046012240704610304,0.6451312376708562,40405.45161132813
2024-03-18,68371.3046875,68897.1328125,66594.2265625,67548.59375,49261579492,-0.012388507554368627,0.6345047817877345,40613.537216796874
2024-03-19,67556.1328125,68106.9296875,61536.1796875,61912.7734375,74215844794,-0.08712073185700822,0.7037236876321034,40794.0974609375
2024-03-20,61930.15625,68115.2578125,60807.78515625,67913.671875,66792634382,0.09251085296877404,0.706568625973788,41004.32182617187
2024-03-21,67911.5859375,68199.9921875,64580.91796875,65491.390625,44480350565,-0.03631867422621332,0.7152709411972382,41201.930947265624
2024-03-22,65489.9296875,66623.75,62355.37109375,63778.76171875,41401116964,-0.02649844665215931,0.7196247436892576,41391.76267578125
2024-03-23,63802.72265625,65976.3984375,63038.4921875,64062.203125,24738964812,0.0044342886654000135,0.719169477568728,41583.17377929688
2024-03-24,64070.75390625,67622.7578125,63825.8515625,67234.171875,27206630673,0.04832709315067971,0.7353632235602201,41790.57845703125
2024-03-25,67234.09375,71162.59375,66414.8359375,69958.8125,42700139523,0.0397250476948794,0.6963251702475785,42009.17154296875
2024-03-26,69931.328125,71535.7421875,69335.609375,69987.8359375,36010437368,0.0004147786065640333,0.6486900629857717,42229.582451171875
2024-03-27,69991.8984375,71727.6875,68381.9296875,69455.34375,40827113309,-0.007637444542951766,0.6397883844360959,42447.38078125
2024-03-28,69452.7734375,71546.0234375,68895.5078125,70744.953125,34374900617,0.018397189971880865,0.6413280418312762,42671.9444140625
2024-03-29,70744.796875,70913.09375,69076.65625,69892.828125,25230851763,-0.012118158012204417,0.6399007790332502,42895.595283203125
2024-03-30,69893.4453125,70355.4921875,69601.0625,69645.3046875,17130241883,-0.0035477570486820652,0.64006149098009,43114.65508789063
2024-03-31,69647.78125,71377.78125,69624.8671875,71333.6484375,20050941373,0.023952858696302474,0.6447461230028236,43340.181708984375
2024-04-01,71333.484375,71342.09375,68110.6953125,69702.1484375,34873527352,-0.023137002333257977,0.6308803657466118,43555.99408203125
2024-04-02,69705.0234375,69708.3828125,64586.59375,65446.97265625,50705240709,-0.06299090436988572,0.6656039290844384,43750.185478515625
2024-04-03,65446.671875,66914.3203125,64559.8984375,65980.8125,34488018367,0.00812374307331999,0.6603516278600166,43947.24813476563
2024-04-04,65975.6953125,69291.2578125,65113.796875,68508.84375,34439527442,0.03759886271186141,0.6724984589871317,44157.12141601562
2024-04-05,68515.7578125,68725.7578125,66011.4765625,67837.640625,33748230056,-0.009845630418288566,0.6663994460130644,44362.53821289063
2024-04-06,67840.5703125,69629.6015625,67491.71875,68896.109375,19967785809,0.015482496362565016,0.6318702384084833,44570.963173828124
2024-04-07,68897.109375,70284.4296875,68851.6328125,69362.5546875,21204930369,0.006747455363626304,0.6121664752553698,44782.11590820312
2024-04-08,69362.5546875,72715.359375,69064.2421875,71631.359375,37261432669,0.03218579409702191,0.6196125706418285,45007.434541015624
2024-04-09,71632.5,71742.5078125,68212.921875,69139.015625,36426900409,-0.035413761203788405,0.5466644647740905,45220.23177734375
2024-04-10,69140.2421875,71093.4296875,67503.5625,70587.8828125,38318601774,0.020739301242534747,0.4503825634097437,45440.27423828125
2024-04-11,70575.734375,71256.234375,69571.8125,70060.609375,30153382941,-0.00749778258451207,0.43023098769819745,45659.29315429687
2024-04-12,70061.3828125,71222.7421875,65254.8359375,67195.8671875,44129299406,-0.041748970181434676,0.44643877341939886,45863.78008789063
2024-04-13,67188.375,67931.4296875,60919.10546875,63821.47265625,52869738185,-0.05152204971523435,0.4838725710813823,46051.801201171875
2024-04-14,63836.23046875,65824.4296875,62205.8515625,65738.7265625,49084320047,0.02959850149495867,0.46416451297390576,46248.73125
2024-04-15,65739.6484375,66878.6484375,62332.0703125,63426.2109375,43595917654,-0.03581099949650861,0.4541598714232815,46430.7545703125
2024-04-16,63419.296875,64355.66796875,61716.40234375,63811.86328125,42847528078,0.0060619201772289105,0.4553758900261557,46615.25528320312
2024-04-17,63831.84765625,64486.36328125,59768.5859375,61276.69140625,41915247049,-0.04053958534994488,0.4722740562656174,46786.79916015625
2024-04-18,61275.31640625,64125.6875,60833.48046875,63512.75390625,36006307335,0.03584120208614769,0.48724128307959047,46964.4441796875
2024-04-19,63510.75,65481.59765625,59651.390625,63843.5703125,49920425401,0.005195142876912206,0.4878057686616419,47146.00810546875
2024-04-20,63851.1015625,65442.45703125,63172.40234375,64994.44140625,23097485495,0.017865871886504233,0.4938306949003119,47333.83041992188
2024-04-21,64992.81640625,65723.2421875,64277.72265625,64926.64453125,20506644853,-0.0010436624765665994,0.48394767218292944,47519.46666992187
2024-04-22,64935.6328125,67233.9609375,64548.1796875,66837.6796875,28282686673,0.029008901759275917,0.49226094743534465,47716.5755078125
2024-04-23,66839.890625,67199.2421875,65864.8671875,66407.2734375,24310975583,-0.006460398489914604,0.4402056899457008,47908.87888671875
2024-04-24,66408.71875,67075.3671875,63589.87109375,64276.8984375,30276655120,-0.03260630131627199,0.45394057653524306,48090.4191796875
2024-04-25,64275.01953125,65275.20703125,62783.6328125,64481.70703125,32155786816,0.0031812827691917772,0.43195594296673745,48273.152265625
2024-04-26,64485.37109375,64789.65625,63322.3984375,63755.3203125,24139372950,-0.011328935219016097,0.43228755357902937,48454.01047851562
2024-04-27,63750.98828125,63898.36328125,62424.71875,63419.140625,19530783039,-0.005286917956356649,0.4270816385020422,48634.151083984376
2024-04-28,63423.515625,64321.484375,62793.59765625,63113.23046875,17334827993,-0.004835296290154387,0.4253090989115327,48815.35063476562
2024-04-29,63106.36328125,64174.87890625,61795.45703125,63841.12109375,26635912073,0.011467091787556437,0.4085180626853062,49000.77224609375
2024-04-30,63839.41796875,64703.33203125,59120.06640625,60636.85546875,37840840057,-0.051494629716542104,0.42675445368789355,49169.6446484375
2024-05-01,60609.49609375,60780.5,56555.29296875,58254.01171875,48439780271,-0.040089923480657194,0.43029333401679465,49326.606171875
2024-05-02,58253.703125,59602.296875,56937.203125,59123.43359375,32711813559,0.014814392549697799,0.4382379961695473,49486.425078125
2024-05-03,59122.30078125,63320.50390625,58848.3125,62889.8359375,33172023048,0.06175720649824811,0.4824944185473681,49658.276923828125
2024-05-04,62891.03125,64494.95703125,62599.3515625,63891.47265625,20620477992,0.015801344389047563,0.45291367174444436,49835.655546875
2024-05-05,63892.453125,64610.890625,62955.3046875,64031.1328125,18296164805,0.002183511056964741,0.44015620307117587,50014.169501953125
2024-05-06,64038.3125,65494.90234375,62746.23828125,63161.94921875,28697928697,-0.013667364763724113,0.4246618449544713,50186.38021484375
2024-05-07,63162.76171875,64390.45703125,62285.98046875,62334.81640625,25930730982,-0.01318192999564668,0.42631617219704293,50349.63955078125
2024-05-08,62332.640625,62986.0859375,60877.12890625,61187.94140625,26088172222,-0.018569986258493817,0.4070758610431125,50505.987197265626
2024-05-09,61191.19921875,63404.9140625,60648.07421875,63049.9609375,25453338161,0.02997730860417905,0.4010198524808396,50671.26751953125
2024-05-10,63055.19140625,63446.7421875,60208.78125,60792.77734375,27804954694,-0.036456454635488925,0.4193050553491974,50809.800234375
2024-05-11,60793.35546875,61451.15234375,60492.625,60793.7109375,13842272968,1.5356866757304103e-05,0.4129829336965927,50944.26115234375
2024-05-12,60793.50390625,61818.15625,60632.6015625,61448.39453125,13800459405,0.01071136415279376,0.4157480137109434,51078.9890234375
2024-05-13,61451.21875,63422.66015625,60769.83984375,62901.44921875,27889181179,0.02337149423787631,0.41077270588275766,51222.71302734375
2024-05-14,62900.7734375,63092.125,61123.765625,61552.7890625,28186271527,-0.021674038111579395,0.4157888459116136,51360.92796875
2024-05-15,61553.98828125,66454.453125,61330.41015625,66267.4921875,39815167074,0.07380429766149847,0.480642231765328,51521.81755859375
2024-05-16,66256.109375,66712.4296875,64613.0546875,65231.58203125,31573077994,-0.015755724397151206,0.48424704994118684,51675.28306640625
2024-05-17,65231.296875,67459.4609375,65119.31640625,67051.875,28031279310,0.027522834905047706,0.4908950127922368,51838.030625
2024-05-18,67066.2109375,67387.328125,66663.5,66940.8046875,16712277406,-0.001657856805292211,0.4903395836211772,51999.3957421875
2024-05-19,66937.9296875,67694.296875,65937.1796875,66278.3671875,19249094538,-0.0099451595532183,0.49163019903870775,52153.60130859375
2024-05-20,66278.7421875,71483.5625,66086.171875,71448.1953125,43850655717,0.07510908882529838,0.5522295975364931,52336.15107421875
2024-05-21,71443.0625,71946.4609375,69191.125,70136.53125,46932005990,-0.01852885718229531,0.5203523465564542,52513.172109375
2024-05-22,70135.3203125,70623.6953125,68977.6953125,69122.3359375,32802561717,-0.014565869510184994,0.4983376908456068,52683.3728125
2024-05-23,69121.3046875,70041.2734375,66356.953125,67929.5625,41895680979,-0.017406596587757724,0.5053555105095175,52847.77384765625
2024-05-24,67928.1328125,69220.296875,66622.671875,68526.1015625,29197308153,0.008743394668047938,0.46415312185104574,53015.2175
2024-05-25,68526.921875,69579.3203125,68515.8203125,69265.9453125,15473071741,0.010738658385428567,0.46287276522590176,53184.3294140625
2024-05-26,69264.2890625,69506.2265625,68183.890625,68518.09375,15628433737,-0.010855523058038129,0.4656583333755797,53348.64349609375
2024-05-27,68512.1796875,70597.8828125,68232.5,69394.5546875,25870990717,0.01271054899375939,0.4625563274398299,53512.15064453125
2024-05-28,69392.1953125,69514.640625,67227.15625,68296.21875,32722265965,-0.015953999045957543,0.4639875541099536,53667.06189453125
2024-05-29,68296.3515625,68852.4609375,67101.4921875,67578.09375,26707072906,-0.010570529093847765,0.45981750872739846,53819.262109375
2024-05-30,67576.0859375,69500.5390625,67118.078125,68364.9921875,29509712534,0.011577009906272178,0.45142907937909293,53975.81447265625
2024-05-31,68362.515625,68999.5625,66633.421875,67491.4140625,27387283769,-0.012860492770805693,0.43185660929934166,54130.759765625
2024-06-01,67489.609375,67839.765625,67386.1953125,67706.9375,11641495604,0.0031882581048550507,0.4315369888535013,54291.60625
2024-06-02,67710.2734375,68409.1640625,67315.5234375,67751.6015625,17110588415,0.0006594499605225849,0.4313032864446933,54440.96134765625
2024-06-03,67753.8984375,70230.8203125,67589.8359375,68804.78125,32401285324,0.015425138658129584,0.4278215967332977,54604.21140625
2024-06-04,68804.5703125,71047.40625,68564.640625,70567.765625,33149696545,0.025300225248925362,0.42284404311608464,54774.06681640625
2024-06-05,70568.3515625,71735.4140625,70390.7109375,71082.8203125,32810771409,0.007272217816602819,0.34508923475057107,54946.55240234375
2024-06-06,71082.84375,71625.734375,70119.125,70757.1640625,25223152007,-0.0045918902720176475,0.3394258345568499,55113.40548828125
2024-06-07,70759.1875,71907.8515625,68507.2578125,69342.5859375,36188381096,-0.020194557079892095,0.33777738873542845,55272.7336328125
2024-06-08,69324.1796875,69533.3203125,69210.7421875,69305.7734375,14262185861,-0.0005310196389050046,0.33766299818388457,55440.1934375
2024-06-09,69297.4921875,69817.5234375,69160.84375,69647.9921875,13534028500,0.004925659126589219,0.3351470294769992,55601.27169921875
2024-06-10,69644.3125,70146.0703125,69232.421875,69512.28125,20597699541,-0.0019504270460231217,0.20570104880462062,55762.385
2024-06-11,69508.078125,69549.4140625,66123.6015625,67332.03125,37116136345,-0.03186737491787959,0.22413467557534938,55910.44375
2024-06-12,67321.375,69977.890625,66902.453125,68241.1875,34497940694,0.013412234174301008,0.22523337017720887,56062.66572265625
2024-06-13,68243.1015625,68365.78125,66304.5625,66756.3984375,28955204146,-0.021998155421161833,0.23005747209464836,56209.052109375
2024-06-14,66747.5703125,67294.6484375,65056.89453125,66011.09375,27403884779,-0.011227334405387725,0.22998844083789835,56352.83673828125
2024-06-15,66006.7421875,66402.1875,65871.7734375,66191.0,14121265576,0.0027216870164859935,0.22613428506422517,56494.63630859375
2024-06-16,66189.359375,66894.84375,66018.25,66639.046875,13281140541,0.00674619312119944,0.225828646758677,56638.53908203125
2024-06-17,66636.515625,67188.3203125,65094.96484375,66490.296875,30006354476,-0.0022346697987336212,0.21998443315407473,56782.4268359375
2024-06-18,66490.9765625,66556.703125,64066.95703125,65140.74609375,39481285950,-0.020505771883152002,0.22413891634117478,56914.68681640625
2024-06-19,65146.66015625,65695.3515625,64693.30078125,64960.296875,21103423504,-0.002773987515326679,0.22211131243423785,57042.106640625
2024-06-20,64960.296875,66438.9609375,64547.84765625,64828.65625,25641109124,-0.002028534277712279,0.21665744344848872,57166.35796875
2024-06-21,64837.98828125,65007.546875,63378.89453125,64096.19921875,26188171739,-0.011362664075990998,0.21581800674194973,57276.9384765625
2024-06-22,64113.86328125,64475.46875,63929.7578125,64252.578125,9858198793,0.002436781820078235,0.21558586854173548,57377.798125
2024-06-23,64248.96484375,64491.703125,63180.796875,63180.796875,11170471802,-0.016821441362000096,0.220805895698644,57474.9698828125
2024-06-24,63173.3515625,63292.52734375,58601.69921875,60277.4140625,43152133651,-0.047042933993412646,0.25702972833500765,57559.8936328125
2024-06-25,60266.28125,62258.26171875,60239.75,61804.640625,29201215431,0.025020978589857558,0.2565985978633905,57648.083828125
2024-06-26,61789.67578125,62434.13671875,60695.1875,60811.27734375,22506003064,-0.016203198264060435,0.25380822005230713,57733.51029296875
2024-06-27,60811.2265625,62293.86328125,60585.33203125,61604.80078125,21231745045,0.01296454786345771,0.2633891595307784,57822.63580078125
2024-06-28,61612.8046875,62126.09765625,59985.40234375,60320.13671875,24952866877,-0.021073812008611803,0.2639780953603152,57918.01732421875
2024-06-29,60319.875,61097.62109375,60300.96484375,60887.37890625,12652903396,0.009359920064692571,0.269036283322534,58015.20310546875
2024-06-30,60888.4453125,62892.828125,60632.94921875,62678.29296875,17333226409,0.028989272731724976,0.293352515898149,58114.140859375
2024-07-01,62673.60546875,63777.2265625,62495.51171875,62851.98046875,25468379421,0.0027672625269042988,0.29442794041170883,58213.2808984375
2024-07-02,62844.41015625,63203.359375,61752.74609375,62029.015625,20151616992,-0.01318017605629068,0.27951758305539476,58313.7771875
2024-07-03,62034.33203125,62187.703125,59419.38671875,60173.921875,29756701685,-0.030363202506616574,0.28639253041405,58403.4462109375
2024-07-04,60147.13671875,60399.67578125,56777.8046875,56977.703125,41149609230,-0.05457904895434864,0.328483511005503,58481.51140625
2024-07-05,57022.80859375,57497.15234375,53717.375,56662.375,55417544033,-0.005549607840752044,0.3282697343047253,58551.7055859375
2024-07-06,56659.07421875,58472.546875,56038.9609375,58303.5390625,20610320577,0.028552385625087485,0.3496755033050609,58631.87064453125
2024-07-07,58239.4296875,58371.12109375,55793.32421875,55849.109375,20553359505,-0.043009217189319104,0.36870839990394694,58692.85494140625
2024-07-08,55849.57421875,58131.3359375,54321.01953125,56705.09765625,39766159899,0.015210533790654032,0.3772443063266824,58757.03466796875
2024-07-09,56704.59765625,58239.1953125,56316.875,58009.2265625,27849512607,0.022737964112148894,0.38816024381174186,58827.0912890625
2024-07-10,58033.8828125,59359.43359375,57178.4140625,57742.49609375,26175260526,-0.0046086733698468725,0.38804863913773896,58897.1060546875
2024-07-11,57729.890625,59299.43359375,57120.37890625,57344.9140625,28707803842,-0.006909245978268808,0.3878495363851029,58968.7500390625
2024-07-12,57341.1953125,58532.5546875,56590.17578125,57899.46484375,25604805221,0.009623984558104185,0.390886676569598,59040.18166015625
2024-07-13,57908.73828125,59787.078125,57796.44140625,59231.953125,17080061806,0.022753003242582143,0.40183549556527837,59123.7394140625
2024-07-14,59225.25,61329.52734375,59225.25,60787.79296875,22223416061,0.025927850263005585,0.41164801127488665,59210.4641015625
2024-07-15,60815.45703125,64870.15234375,60704.9296875,64870.15234375,38094526099,0.06499862039498035,0.43870475774914186,59321.6755859375
2024-07-16,64784.41796875,65354.33984375,62487.96875,65097.1484375,41617346768,0.0034931297826731934,0.4316784331828702,59436.66431640625
2024-07-17,65091.83203125,66066.734375,63896.0859375,64118.79296875,32525071311,-0.01514324245482322,0.4311159159656406,59546.47376953125
2024-07-18,64104.73828125,65104.66015625,63246.1640625,63974.06640625,27239305337,-0.0022597141603525025,0.4296928871320399,59655.0181640625
2024-07-19,63972.32421875,67442.640625,63329.34375,66710.15625,37003855410,0.041879420109635544,0.44261774613847543,59767.73228515625
2024-07-20,66709.921875,67610.734375,66299.6171875,67163.6484375,19029581250,0.006774946348331885,0.4423723290818333,59878.76068359375
2024-07-21,67164.9140625,68372.90625,65842.296875,68154.5234375,26652190004,0.014645375370143716,0.4351692483147993,60005.292421875
2024-07-22,68152.9765625,68480.0625,66611.296875,67585.25,42649109453,-0.008387766690112852,0.43727433081009875,60122.3190625
2024-07-23,67584.8046875,67779.015625,65484.4609375,65927.671875,35605668666,-0.024831503546284737,0.44466045984127245,60231.14396484375
2024-07-24,65927.859375,67113.984375,65146.99609375,65372.1328125,27470942309,-0.008462196557576013,0.4302547644801403,60338.05865234375
2024-07-25,65375.875,66112.421875,63473.47265625,65777.2265625,38315761670,0.006177613679945953,0.3739123690213874,60447.229296875
2024-07-26,65771.8125,68207.6015625,65743.765625,67912.0625,30488630457,0.03193999219319689,0.380752352163697,60551.93708984375
2024-07-27,67911.8125,69398.5078125,66705.21875,67813.3359375,34691905492,-0.001454798896138238,0.375110694227543,60660.3051171875
2024-07-28,67808.65625,68301.8515625,67085.828125,68255.8671875,18043166945,0.006504525639670648,0.3278493107928854,60768.44556640625
2024-07-29,68259.0546875,69987.5390625,66532.59375,66819.9140625,40780682628,-0.021262245664086656,0.34387247091711753,60870.70220703125
2024-07-30,66819.0546875,66987.671875,65323.19140625,66201.015625,31380492109,-0.009305346230673276,0.3442676909548103,60987.4414453125
2024-07-31,66201.2734375,66810.2109375,64532.046875,64619.25,31292785994,-0.024183450577486682,0.35846134915229083,61096.32578125
2024-08-01,64625.83984375,65593.2421875,62248.94140625,65357.5,40975554494,0.011359846111043197,0.3561629209359635,61214.13193359375
2024-08-02,65353.5,65523.22265625,61184.89453125,61415.06640625,43060875727,-0.06221701386487153,0.4273611018634655,61308.647421875
2024-08-03,61414.80859375,62148.37109375,59836.52734375,60680.09375,31753030589,-0.012039486792085179,0.42388164550648877,61396.2731640625
2024-08-04,60676.09375,61062.98828125,57210.8046875,58116.9765625,31758917219,-0.04315788272420938,0.44024178712659573,61473.14478515625
2024-08-05,58110.296875,58268.828125,49121.23828125,53991.45703125,108991085584,-0.07363198582120066,0.435760775799995,61536.79177734375
2024-08-06,53991.34765625,57059.91796875,53973.2734375,56034.31640625,49300484106,0.03713846509911699,0.46243318190085314,61608.871328125
2024-08-07,56040.6328125,57726.8828125,54620.5078125,55027.4609375,41637562185,-0.018131945621423673,0.46320026674222964,61675.680703125
2024-08-08,55030.02734375,62673.765625,54766.7265625,61710.13671875,45298472567,0.11461585743295792,0.6271067491138712,61776.5024609375
2024-08-09,61728.20703125,61751.86328125,59587.859375,60880.11328125,33425553115,-0.013541633552667406,0.6076474275376834,61883.36619140625
2024-08-10,60881.23046875,61464.51171875,60287.56640625,60945.8125,15745822278,0.0010785754296191252,0.6066523898449537,61988.8675
2024-08-11,60944.890625,61778.66015625,58348.82421875,58719.484375,22759754812,-0.03721354652343721,0.6124659464684105,62082.07955078125
2024-08-12,58719.39453125,60680.33203125,57688.8984375,59354.515625,37078637820,0.01075659964060797,0.6155397533484197,62179.1830859375
2024-08-13,59356.20703125,61572.3984375,58506.25390625,60609.56640625,30327698167,0.02092453927711503,0.6184746502769931,62273.1465625
2024-08-14,60611.05078125,61687.7578125,58472.875,58737.26953125,29961696180,-0.0313783013916643,0.625609000108802,62356.23263671875
2024-08-15,58733.26171875,59838.6484375,56161.59375,57560.09765625,35682112440,-0.02024486209713598,0.6263048095550731,62433.85515625
2024-08-16,57560.2734375,59847.359375,57110.01953125,58894.10546875,29350938673,0.022911430101342656,0.6200993018579926,62511.884453125
2024-08-17,58893.53125,59694.66796875,58814.83203125,59478.97265625,13589684021,0.009881840637262366,0.6225656259257117,62594.51626953125
2024-08-18,59468.1328125,60262.71875,58445.40234375,58483.96484375,17740625837,-0.01687023792647201,0.6217995924536059,62674.02306640625
2024-08-19,58480.7109375,59612.66015625,57864.7109375,59493.453125,25911207712,0.017113663556006083,0.6251883767895992,62756.11146484375
2024-08-20,59493.453125,61396.328125,58610.8828125,59012.79296875,31613400008,-0.008112024604757306,0.6251112465433334,62835.2461328125
2024-08-21,59014.98828125,61834.3515625,58823.4453125,61175.19140625,32731154072,0.035987487774751865,0.6370560342697845,62926.16083984375
2024-08-22,61168.31640625,61408.109375,59815.25390625,60381.9140625,27625734377,-0.013052114105543453,0.635923643764676,63015.1525
2024-08-23,60380.953125,64947.0625,60372.05078125,64094.35546875,42530509233,0.05966667778992524,0.6349410512903497,63122.3309375
2024-08-24,64103.87109375,64513.7890625,63619.91796875,64178.9921875,21430585163,0.0013196308130850045,0.6328934360846837,63227.8025390625
2024-08-25,64176.3671875,64996.421875,63833.51953125,64333.54296875,18827683555,0.0024052261605437084,0.6106123694429381,63327.879140625
2024-08-26,64342.2265625,64489.70703125,62849.55859375,62880.66015625,27682040631,-0.022842512079134417,0.550788023592813,63415.774609375
2024-08-27,62879.70703125,63210.796875,58116.75,59504.1328125,39103882198,-0.05519287756090793,0.5797787744874648,63477.55927734375
2024-08-28,59507.92578125,60236.44921875,57890.67578125,59027.625,40289564698,-0.00804021450926693,0.5762176567620108,63533.841015625
2024-08-29,59027.46875,61184.08203125,58786.2265625,59388.1796875,32224990582,0.006089656742738993,0.41114769479771474,63589.31232421875
2024-08-30,59388.6015625,59896.88671875,57768.53125,59119.4765625,32292756405,-0.004534788620027655,0.40909272185862783,63635.11859375
2024-08-31,59117.48046875,59432.59375,58768.78515625,58969.8984375,12403470760,-0.0025333050495830443,0.4090086040894306,63681.25587890625
2024-09-01,58969.80078125,59062.0703125,57217.82421875,57325.48828125,24592449997,-0.028281771257721453,0.40027809526270663,63708.74984375
2024-09-02,57326.96875,59403.0703125,57136.02734375,59112.48046875,27036454524,0.030696731082648924,0.413489856683536,63744.61947265625
2024-09-03,59106.19140625,59815.05859375,57425.16796875,57431.0234375,26666961053,-0.028857442236703133,0.4173951995339966,63770.97357421875
2024-09-04,57430.34765625,58511.5703125,55673.1640625,57971.5390625,35627680312,0.009367548966836616,0.40565530958318324,63802.5162890625
2024-09-05,57971.703125,58300.58203125,55712.453125,56160.48828125,31030280656,-0.031738730145491646,0.41451704469149486,63822.70599609375
2024-09-06,56160.19140625,56976.109375,52598.69921875,53948.75390625,49361693566,-0.04017885990554018,0.42579224223382744,63833.55404296875
2024-09-07,53949.0859375,54838.14453125,53740.0703125,54139.6875,19061486526,0.003532917856170691,0.42371394360064646,63842.82810546875
2024-09-08,54147.93359375,55300.859375,53653.7578125,54841.56640625,18268287531,0.012880905395702242,0.4252821104844323,63857.8400390625
2024-09-09,54851.88671875,58041.125,54598.43359375,57019.53515625,34618096173,0.03894551366544674,0.4446171196699297,63886.4128515625
2024-09-10,57020.09765625,58029.9765625,56419.4140625,57648.7109375,28857630507,0.010973955159393974,0.44623627879885064,63920.99666015625
2024-09-11,57650.2890625,57991.3203125,55567.33984375,57343.171875,37049062672,-0.005314110423381013,0.4254195816706318,63949.85701171875
2024-09-12,57343.171875,58534.359375,57330.1015625,58127.01171875,33835707949,0.013576697629400721,0.42755052383867903,63981.82587890625
2024-09-13,58130.32421875,60648.0234375,57650.11328125,60571.30078125,32490528356,0.0411907229072504,0.39783352727309057,64012.07037109375
2024-09-14,60569.1171875,60656.72265625,59517.8828125,60005.12109375,16428405496,-0.009391286288541528,0.3982026628166459,64026.66912109375
2024-09-15,60000.7265625,60381.91796875,58696.30859375,59182.8359375,18120960867,-0.013798343779418605,0.39928229632333745,64010.05935546875
2024-09-16,59185.2265625,59205.51171875,57501.33984375,58192.5078125,32032822113,-0.016874951656180977,0.3962526561147587,63995.02998046875
2024-09-17,58192.5078125,61316.08984375,57628.0703125,60308.5390625,38075570118,0.035717088660707746,0.371754240434305,63984.36951171875
2024-09-18,60309.0,61664.06640625,59218.25390625,61649.6796875,40990702891,0.02199433056839477,0.3774344159168292,63982.468671875
2024-09-19,61651.15625,63872.44140625,61609.8671875,62940.45703125,42710252573,0.020721119053916288,0.3827635376215235,63981.3341015625
2024-09-20,62941.42578125,64119.53125,62364.60546875,63192.9765625,35177164222,0.0040040116474054175,0.381853126591918,63955.6469140625
2024-09-21,63184.33984375,63543.359375,62783.10546875,63394.83984375,14408616220,0.0031893030164782386,0.38128976685145427,63953.6151171875
2024-09-22,63396.8046875,63993.421875,62440.7265625,63648.7109375,20183348802,0.003996604788029707,0.3634242342885367,63941.3246484375
2024-09-23,63643.1015625,64733.55859375,62628.078125,63329.80078125,31400285425,-0.005023067643079772,0.3524793532555352,63923.34623046875
2024-09-24,63326.83984375,64695.21484375,62737.41796875,64301.96875,29938335243,0.015234244172186632,0.33445563483512464,63903.35560546875
2024-09-25,64302.58984375,64804.50390625,62945.375,63143.14453125,25078377700,-0.01818596455888868,0.3438066652244391,63876.5769140625
2024-09-26,63138.546875,65790.796875,62669.26953125,65181.01953125,36873129847,0.03176403065562404,0.3305933655788469,63857.38306640625
2024-09-27,65180.6640625,66480.6953125,64852.9921875,65790.6640625,32058813449,0.009309629648678252,0.2823614417982972,63825.71685546875
2024-09-28,65792.1796875,66255.53125,65458.03515625,65887.6484375,15243637984,0.0014730503557602514,0.28299475584973427,63797.74865234375
2024-09-29,65888.8984375,66069.34375,65450.015625,65635.3046875,14788214575,-0.0038372626776130244,0.2862745299386671,63760.50767578125
2024-09-30,65634.65625,65635.0546875,62873.6171875,63329.5,37112957475,-0.03576247704956806,0.3028448440658513,63720.17220703125
2024-10-01,63335.60546875,64110.98046875,60189.27734375,60837.0078125,50220923500,-0.04015297041725014,0.33968087454485957,63677.33837890625
2024-10-02,60836.32421875,62357.6875,59996.94921875,60632.78515625,40762722398,-0.0033625289659382266,0.33917751711523064,63653.92671875
2024-10-03,60632.484375,61469.0390625,59878.8046875,60759.40234375,36106447279,0.0020860853737759526,0.3368436521046686,63615.77060546875
2024-10-04,60754.625,62465.9921875,60459.94140625,62067.4765625,29585472513,0.021300283559387175,0.31404135221904483,63588.36501953125
2024-10-05,62067.609375,62371.0234375,61689.58203125,62089.94921875,13305410749,0.0003620026165009027,0.31172052559398855,63589.2508984375
2024-10-06,62084.98828125,62959.5703125,61833.1484375,62818.953125,14776233667,0.011672701783517451,0.3083087672175626,63563.7773046875
2024-10-07,62819.109375,64443.70703125,62152.55078125,62236.66015625,34253562610,-0.00931261159307203,0.30328798207890517,63547.50365234375
2024-10-08,62221.64453125,63174.3046875,61843.5625,62131.96875,28134475157,-0.0016835665376192953,0.279502252561238,63539.2696875
2024-10-09,62131.7265625,62508.8359375,60314.61328125,60582.1015625,27670982363,-0.025261155468464205,0.2835769854303243,63521.8691796875
2024-10-10,60581.9296875,61236.72265625,58895.20703125,60274.5,30452813570,-0.005090366975952731,0.27274822315115055,63487.0708203125
2024-10-11,60275.4609375,63400.87109375,60046.125,62445.08984375,30327141594,0.03537847936044716,0.30166050999925975,63449.50220703125
2024-10-12,62444.6171875,63448.78515625,62443.26953125,63193.0234375,16744110886,0.01190629833225701,0.3045258953064531,63415.52814453125
2024-10-13,63192.9453125,63272.65234375,62035.63671875,62851.375,18177529690,-0.005421094129359057,0.3046568636622622,63382.50830078125
2024-10-14,62848.3984375,66482.4921875,62442.15234375,66046.125,43706958056,0.049580549288290116,0.3500124057426984,63359.01416015625
2024-10-15,66050.3671875,67881.6796875,64809.1953125,67041.109375,48863870879,0.014952642422039789,0.3498795790837921,63344.75556640625
2024-10-16,67042.4609375,68375.2890625,66758.7265625,67612.71875,38195189534,0.008490108547449185,0.3426286916086792,63334.59263671875
2024-10-17,67617.078125,67912.2109375,66647.390625,67399.8359375,32790898511,-0.0031535287872272158,0.3270184359817669,63314.92357421875
2024-10-18,67419.109375,68969.75,67177.8203125,68418.7890625,36857165014,0.01500489704966544,0.329298711430986,63308.50677734375
2024-10-19,68418.9765625,68668.0078125,68024.640625,68362.734375,14443497908,-0.000819623721527923,0.32942886201000715,63323.0855859375
2024-10-20,68364.1796875,69359.0078125,68105.71875,69001.703125,18975847518,0.009303330181939204,0.3297624815730787,63338.1900390625
2024-10-21,69002.0,69462.734375,66829.8515625,67367.8515625,37498611780,-0.023963262921302488,0.31475725531442117,63332.485078125
2024-10-22,67360.703125,67801.578125,66581.3671875,67361.40625,31808472566,-9.56779931777652e-05,0.2735389442605315,63330.10390625
2024-10-23,67362.375,67402.7421875,65188.03515625,66432.1953125,32263980353,-0.013890438213698968,0.279879814142163,63317.7843359375
2024-10-24,66653.703125,68798.9609375,66454.1015625,68161.0546875,31414428647,0.02569154796745315,0.2892623888663784,63311.7768359375
2024-10-25,68165.296875,68722.15625,65521.79296875,66642.4140625,41469984306,-0.02253213347279499,0.29874172943943145,63286.832109375
2024-10-26,66628.734375,67317.921875,66360.59375,67014.6953125,19588098156,0.00557070573324996,0.29862213291026257,63276.2105078125
2024-10-27,67023.4765625,68221.3125,66847.2265625,67929.296875,16721307878,0.013555484057566741,0.2993310720052744,63262.917578125
2024-10-28,67922.671875,70212.265625,67535.1328125,69907.7578125,38799856657,0.028709215102556977,0.3073364152578237,63262.1533203125
2024-10-29,69910.046875,73577.2109375,69729.9140625,72720.4921875,58541874402,0.03944659057776213,0.32752737034592094,63289.7764453125
2024-10-30,72715.3671875,72905.296875,71411.734375,72339.5390625,40646637831,-0.00525236341818716,0.30913236384134435,63332.36677734375
2024-10-31,72335.046875,72662.3125,69590.5,70215.1875,40627912076,-0.029806220896924952,0.33365317746233164,63354.74908203125
2024-11-01,70216.8984375,71559.015625,68779.703125,69482.46875,49989795365,-0.010490161236778449,0.3226151395898962,63385.03037109375
2024-11-02,69486.0234375,69867.3515625,69033.71875,69289.2734375,18184612091,-0.00278436278553029,0.3227151546160855,63412.417421875
2024-11-03,69296.3828125,69361.65625,67482.5234375,68741.1171875,34868307655,-0.00794258611024876,0.32379699638803205,63449.73955078125
2024-11-04,68742.1328125,69433.1796875,66803.6484375,67811.5078125,41184819348,-0.013615611362265724,0.28390723118799066,63471.2333203125
2024-11-05,67811.171875,70522.7890625,67458.8671875,69359.5625,46046889204,0.022572112490931908,0.28970652330265256,63498.81328125
2024-11-06,69358.5,76460.15625,69322.03125,75639.078125,118592653963,0.08666903126846402,0.4132918106842055,63552.03646484375
2024-11-07,75637.0859375,76943.1171875,74480.421875,75904.859375,63467654989,0.0035076496874788744,0.4122093435348056,63606.9275390625
2024-11-08,75902.8359375,77252.75,75648.7421875,76545.4765625,55176858003,0.008404323339316332,0.41095596127439715,63655.4665234375
2024-11-09,76556.1875,76932.765625,75773.7890625,76778.8671875,29009480361,0.0030444063813357424,0.4104433384206375,63707.3244921875
2024-11-10,76775.546875,81474.421875,76565.4296875,80474.1875,82570594495,0.04700704537184314,0.43486668016760577,63788.3109375
2024-11-11,80471.4140625,89604.5,80283.25,88701.484375,117966845037,0.09734014312496264,0.5196563266016008,63909.40982421875
2024-11-12,88705.5625,89956.8828125,85155.109375,87955.8125,133673285375,-0.008442066269106777,0.5231196467628797,64030.41228515625
2024-11-13,87929.96875,93434.3515625,86256.9296875,90584.1640625,123559027869,0.02944485048776148,0.5168638337851378,64166.23740234375
2024-11-14,90574.8828125,91765.21875,86682.8125,87250.4296875,87616705248,-0.03749692231881138,0.5455870281419413,64286.9233984375
2024-11-15,87284.1796875,91868.7421875,87124.8984375,91066.0078125,78243109518,0.04280211829142622,0.5407703808279816,64423.04783203125
2024-11-16,91064.3671875,91763.9453125,90094.2265625,90558.4765625,44333192814,-0.00558881224411838,0.544556528366277,64572.6559375
2024-11-17,90558.4609375,91433.0390625,88741.6640625,89845.8515625,46350159305,-0.007900350440318173,0.5499897988537606,64730.61513671875
2024-11-18,89843.71875,92596.7890625,89393.59375,90542.640625,75535775084,0.007725465406075372,0.5473870708679807,64887.711171875
2024-11-19,90536.8125,94002.8671875,90426.984375,92343.7890625,74521048295,0.019697543183651734,0.5392688164520071,65034.9809375
2024-11-20,92341.890625,94902.0234375,91619.5,94339.4921875,71730956426,0.021381444998432572,0.5368078860131916,65187.22103515625
2024-11-21,94334.640625,99014.21875,94132.6015625,98504.7265625,106024505582,0.04320463738221239,0.5234751646888325,65359.58900390625
2024-11-22,98496.4296875,99655.5,97222.6640625,98997.6640625,78473580551,0.004991722095061175,0.5162561016847194,65538.767578125
2024-11-23,99006.7421875,99014.6796875,97232.890625,97777.28125,44414644677,-0.012404002529793906,0.5219123083850002,65715.97990234375
2024-11-24,97778.09375,98647.1796875,95788.078125,98013.8203125,51712020623,0.0024162403264788948,0.5170354404660654,65900.109296875
2024-11-25,98033.4453125,98935.03125,92642.9140625,93102.296875,80909462490,-0.05140963729329047,0.5599315661096842,66050.3709765625
2024-11-26,93087.28125,94991.75,90770.8125,91985.3203125,91656519855,-0.012069852534281012,0.5669176572982231,66206.33369140625
2024-11-27,91978.140625,97361.1796875,91778.6640625,95962.53125,71133452438,0.04232881330495687,0.5129996417031414,66382.17779296875
2024-11-28,95954.9453125,96650.203125,94677.3515625,95652.46875,52260008261,-0.003236310003132818,0.5148244735394741,66553.1981640625
2024-11-29,95653.953125,98693.171875,95407.8828125,97461.5234375,54968682476,0.018736162907207532,0.5154089633278505,66725.99853515625
2024-11-30,97468.8125,97499.34375,96144.21875,96449.0546875,31634227866,-0.010442730465097628,0.5202924768811912,66900.47986328125
2024-12-01,96461.3359375,97888.125,95770.1875,97279.7890625,36590695296,0.008576311620290235,0.5034100960032785,67055.54134765625
2024-12-02,97276.0078125,98152.6015625,94482.8671875,95865.3046875,72680784305,-0.014647119798360832,0.39331999104440757,67208.7099609375
2024-12-03,95854.59375,96297.203125,93629.5625,96002.1640625,67067810961,0.0014266034685602644,0.39096044763211835,67353.46140625
2024-12-04,95988.53125,99207.328125,94660.5234375,98768.53125,77199817112,0.028408310872006196,0.3901316742345213,67512.6000390625
2024-12-05,98741.5390625,103900.46875,91998.78125,96593.5703125,149218945580,-0.022266865312221884,0.37284592386676135,67664.1760546875
2024-12-06,97074.2265625,102039.8828125,96514.875,99920.7109375,94534772658,0.03386480176780916,0.36252408172924433,67806.5386328125
2024-12-07,99916.7109375,100563.3828125,99030.8828125,99923.3359375,44177510897,2.62704848226063e-05,0.36109001374967314,67955.47265625
2024-12-08,99921.9140625,101399.9921875,98771.515625,101236.015625,44125751925,0.013051327819741106,0.35917720562986966,68116.0410546875
2024-12-09,101237.0625,101272.5078125,94355.9140625,97432.71875,110676473908,-0.03829250346621322,0.3899390297775321,68263.5568359375
2024-12-10,97441.234375,98270.15625,94321.2578125,96675.4296875,104823780634,-0.007802793553987951,0.3871658466652497,68404.3034765625
2024-12-11,96656.0625,101913.359375,95747.2265625,101173.03125,85391409936,0.04547294957076326,0.4105091376938785,68563.83890625
2024-12-12,101167.8046875,102524.9140625,99339.953125,100043.0,72073983533,-0.011232138149604486,0.38649444845001657,68721.4634375
2024-12-13,100046.6484375,101888.8046875,99233.28125,101459.2578125,56894751583,0.014057223472297039,0.3890192161182892,68881.786953125
2024-12-14,101451.4375,102618.8828125,100634.0546875,101372.96875,40422968793,-0.0008508417934171539,0.3859868525476481,69047.170703125
2024-12-15,101373.53125,105047.5390625,101227.03125,104298.6953125,51145914137,0.02845237769652882,0.3969602082275312,69230.7737109375
2024-12-16,104293.578125,107780.578125,103322.984375,106029.71875,91020417816,0.016460567443030164,0.34621466207191526,69419.09734375
2024-12-17,106030.6875,108268.4453125,105291.734375,106140.6015625,68589364868,0.0010452246330361938,0.3404310413743258,69612.34328125
2024-12-18,106147.296875,106470.609375,100041.5390625,100041.5390625,93865656139,-0.059179154653770175,0.38561361038715036,69774.0162890625
2024-12-19,100070.6875,102748.1484375,95587.6796875,97490.953125,97221662392,-0.025825905125142587,0.3972304767879576,69922.713046875
2024-12-20,97484.6953125,98098.9140625,92175.1796875,97755.9296875,105634083408,0.002714273553183173,0.3920124209541417,70067.4687890625
2024-12-21,97756.1953125,99507.1015625,96426.5234375,97224.7265625,51765334294,-0.00544879117211963,0.39069265031705996,70200.75359375
2024-12-22,97218.3203125,97360.265625,94202.1875,95104.9375,43147981314,-0.022044180382015402,0.39694918577776683,70320.8641796875
2024-12-23,95099.390625,96416.2109375,92403.1328125,94686.2421875,65239002919,-0.0044121754491209825,0.39411370211134833,70440.5095703125
2024-12-24,94684.34375,99404.0625,93448.015625,98676.09375,47114953674,0.041273994068279446,0.4200043670254306,70587.177109375
2024-12-25,98675.9140625,99478.75,97593.46875,99299.1953125,33700394629,0.006294761562737073,0.4088641879113671,70737.14421875
2024-12-26,99297.6953125,99884.5703125,95137.8828125,95795.515625,47054980873,-0.035921593296803764,0.4209004086518808,70867.8818359375
2024-12-27,95704.9765625,97294.84375,93310.7421875,94164.859375,52419934565,-0.01716880486495554,0.4054016659316855,70991.1447265625
2024-12-28,94160.1875,95525.8984375,94014.2890625,95163.9296875,24107436185,0.010553910906912645,0.40796688533986813,71130.30421875
2024-12-29,95174.0546875,95174.875,92881.7890625,93530.2265625,29635885267,-0.017316317368601404,0.4071083074913304,71256.7494140625
2024-12-30,93527.1953125,94903.3203125,91317.1328125,92643.2109375,56188003691,-0.00952898919172895,0.38812618753128314,71386.1834765625
2024-12-31,92643.25,96090.6015625,91914.03125,93429.203125,43625106843,0.00844829005287248,0.38935670460856253,71523.2740234375
