Date,Open,High,Low,Close,Volume,Log_Ret,Volatility,SMA_200
2004-09-03,1.217492938041687,1.2182939052581787,1.204601526260376,1.205501914024353,0,-0.00973952807367213,0.11773705760183546,1.2268588548898698
2004-09-06,1.2063016891479492,1.2082985639572144,1.2051968574523926,1.2065927982330322,0,0.0009045119808193658,0.08982129105420632,1.2269093120098113
2004-09-07,1.206796646118164,1.2112990617752075,1.2057054042816162,1.2099066972732544,0,0.0027427285822335928,0.0904144352287454,1.226914358139038
2004-09-08,1.2099066972732544,1.219393253326416,1.2032970190048218,1.2189027070999146,0,0.007407786670008381,0.09415401147593408,1.2269473838806153
2004-09-09,1.2190959453582764,1.2244998216629028,1.216293454170227,1.2242000102996826,0,0.004336544234203389,0.09535484736501357,1.227027912735939
2004-09-10,1.2243947982788086,1.2306026220321655,1.220598816871643,1.2272950410842896,0,0.00252501625673436,0.09563155593695429,1.2270709145069123
2004-09-13,1.2283051013946533,1.228893756866455,1.2227030992507935,1.2264070510864258,0,-0.0007237961278705094,0.08687619408539447,1.2270929449796677
2004-09-14,1.2264971733093262,1.2294981479644775,1.223002314567566,1.2260010242462158,0,-0.0003311250260540318,0.08680901822733807,1.2270979762077332
2004-09-15,1.2261061668395996,1.226301670074463,1.2139016389846802,1.215701937675476,0,-0.008436036496352056,0.09118102877118041,1.2270810061693191
2004-09-16,1.215701937675476,1.2197948694229126,1.2125033140182495,1.2190067768096924,0,0.0027147733478544486,0.09195875379671616,1.2270640188455582
2004-09-17,1.2189027070999146,1.2224042415618896,1.216293454170227,1.2182048559188843,0,-0.0006580642476661751,0.09123589511904327,1.2270155543088912
2004-09-20,1.217492938041687,1.2182048559188843,1.2129004001617432,1.2174040079116821,0,-0.0006576162929574634,0.09043699547363145,1.2269425868988038
2004-09-21,1.2171964645385742,1.2345069646835327,1.2171964645385742,1.2328935861587524,0,0.012643186377282529,0.08789004346219392,1.2269460809230806
2004-09-22,1.2328935861587524,1.2331976890563965,1.2233014106750488,1.2266929149627686,0,-0.005042054287933181,0.08724073815440267,1.2268785333633423
2004-09-23,1.226602554321289,1.2333954572677612,1.2260010242462158,1.22720468044281,0,0.0004171041924644169,0.08723677961948947,1.226803067922592
2004-09-24,1.22720468044281,1.235696792602539,1.2247997522354126,1.227596402168274,0,0.00031914743036700433,0.08723803569880498,1.2267485630512238
2004-09-27,1.228606939315796,1.231496810913086,1.225295066833496,1.2307995557785034,0,0.0026058905706412994,0.08332878308701026,1.2267030864953994
2004-09-28,1.2306934595108032,1.234903335571289,1.2285012006759644,1.232103705406189,0,0.0010590344900089615,0.08319631283204772,1.2266635924577713
2004-09-29,1.2319064140319824,1.234202265739441,1.229997158050537,1.2336997985839844,0,0.001294582798772212,0.07557967992620729,1.2266055965423583
2004-09-30,1.2338062524795532,1.244400143623352,1.232103705406189,1.2433944940567017,0,0.007827513874580437,0.07960834932833084,1.2265985542535782
2004-10-01,1.2435026168823242,1.2437965869903564,1.2388964891433716,1.2414957284927368,0,-0.001528249349841534,0.07965681563304647,1.2265900653600692
2004-10-04,1.2402024269104004,1.2402024269104004,1.2264070510864258,1.2289994955062866,0,-0.010116465265671575,0.08030149197549748,1.2264930993318557
2004-10-05,1.2291052341461182,1.2331064939498901,1.226798176765442,1.2316029071807861,0,0.002116077463889296,0.08040829617280168,1.2263766437768937
2004-10-06,1.2316029071807861,1.2324073314666748,1.2260010242462158,1.2280938625335693,0,-0.002853235464633758,0.08119276426881311,1.2262221038341523
2004-10-07,1.2281994819641113,1.231299638748169,1.2277017831802368,1.229906439781189,0,0.001474839180829363,0.07754577180765727,1.2260806661844255
2004-10-08,1.230193853378296,1.2435026168823242,1.228893756866455,1.2410026788711548,0,0.00898156358659068,0.0820352303736398,1.2259947097301482
2004-10-11,1.2412029504776,1.2416036128997803,1.237394094467163,1.238405466079712,0,-0.0020950271916243077,0.08226492803048732,1.2258432495594025
2004-10-12,1.238405466079712,1.2386969327926636,1.2293015718460083,1.232103705406189,0,-0.005101599632890938,0.08440789981608522,1.2256432539224624
2004-10-13,1.232103705406189,1.235193133354187,1.2234959602355957,1.234903335571289,0,0.0022696581893931213,0.08467406568558015,1.2254972970485687
2004-10-14,1.2347966432571411,1.2416036128997803,1.2326960563659668,1.2388964891433716,0,0.003228359061507267,0.07887593015184416,1.2253042888641357
2004-10-15,1.2390960454940796,1.25,1.238206148147583,1.2478941679000854,0,0.007236409703635016,0.08169175376031595,1.225114297270775
2004-10-18,1.248299241065979,1.2533998489379883,1.246494174003601,1.248907208442688,0,0.0008114707143229661,0.08144805545250625,1.224988352060318
2004-10-19,1.2487980127334595,1.2526932954788208,1.2455006837844849,1.2518935203552246,0,0.0023882857179451304,0.08126292100783129,1.2248548567295074
2004-10-20,1.2512043714523315,1.2629930973052979,1.2500938177108765,1.2578933238983154,0,0.004781135088086048,0.07144267301531759,1.224818812608719
2004-10-21,1.258004069328308,1.265006184577942,1.2574979066848755,1.2620048522949219,0,0.003263252526650232,0.06838459882765673,1.2248283541202545
2004-10-22,1.262100338935852,1.2694060802459717,1.260398268699646,1.2690999507904053,0,0.005606340022499498,0.06983847453580841,1.2249748408794403
2004-10-25,1.2729934453964233,1.2830052375793457,1.272799015045166,1.28109872341156,0,0.00941013834259449,0.07467308724572386,1.225203300714493
2004-10-26,1.2810001373291016,1.2843070030212402,1.2733986377716064,1.2765034437179565,0,-0.003593431924222418,0.07712006759863622,1.2252912843227386
2004-10-27,1.2765034437179565,1.2809016704559326,1.269905686378479,1.270599603652954,0,-0.0046357375638311415,0.08021129534511083,1.2253147679567338
2004-10-29,1.2707933187484741,1.2798033952713013,1.2662074565887451,1.2791976928710938,0,0.006744161050959773,0.08226066920032692,1.225348218679428
2004-11-01,1.2828078269958496,1.2828078269958496,1.2721028327941895,1.2745997905731201,0,-0.0036008393741714722,0.08109552078966092,1.2254296934604645
2004-11-02,1.2746973037719727,1.2750060558319092,1.2671059370040894,1.2720056772232056,0,-0.0020373114563584584,0.08132859260110283,1.2255457317829133
2004-11-03,1.2718924283981323,1.283202886581421,1.266592264175415,1.282495141029358,0,0.008212581250783864,0.07375012667833018,1.2256397306919098
2004-11-04,1.2821991443634033,1.28940749168396,1.2797051668167114,1.2872995138168335,0,0.003739114622174072,0.07398822485258355,1.225855233669281
2004-11-05,1.2872995138168335,1.2979933023452759,1.2784944772720337,1.2966973781585693,0,0.007273929630237236,0.0737516198969506,1.2261337071657181
2004-11-08,1.2963947057724,1.2988024950027466,1.2910054922103882,1.2908055782318115,0,-0.0045540509199365085,0.07774740625747552,1.2263537096977233
2004-11-09,1.2910054922103882,1.2937949895858765,1.2887927293777466,1.2899065017700195,0,-0.0006967662182332872,0.07442739530896443,1.2265867340564727
2004-11-10,1.2900062799453735,1.2983977794647217,1.2862067222595215,1.2885932922363281,0,-0.001018584256072767,0.07380098876952523,1.2267622303962709
2004-11-11,1.2883940935134888,1.2921065092086792,1.2863060235977173,1.2910054922103882,0,0.0018702138423229975,0.06929071088202104,1.2269472724199295
2004-11-12,1.2908055782318115,1.2989037036895752,1.2885932922363281,1.2970000505447388,0,0.004632578219769699,0.06979210652930848,1.227146285176277
2004-11-15,1.2990050315856934,1.299899935722351,1.2922067642211914,1.2939958572387695,0,-0.0023189497468563453,0.07152272274558585,1.227266252040863
2004-11-16,1.2936946153640747,1.2992074489593506,1.292306900024414,1.2961931228637695,0,0.00169660682594487,0.06901317624959502,1.227400187253952
2004-11-17,1.2960922718048096,1.3049037456512451,1.2955045700073242,1.303797960281372,0,0.005849911681836622,0.07029142197286953,1.2275766557455063
2004-11-18,1.303797960281372,1.3072919845581055,1.2943978309631348,1.29490065574646,0,-0.00684753456617469,0.07671597123608193,1.2276361328363419
2004-11-19,1.2948001623153687,1.3064039945602417,1.2941968441009521,1.3039000034332275,0,0.006925797580778038,0.07817932135780595,1.2277466088533402
2004-11-22,1.302592158317566,1.305193305015564,1.3016934394836426,1.3040019273757935,0,7.816547195564538e-05,0.07816083883586039,1.2279026234149932
2004-11-23,1.304206132888794,1.3103067874908447,1.2979933023452759,1.309706211090088,0,0.004364904165868588,0.07746605050758208,1.228068637251854
2004-11-24,1.3099979162216187,1.319104552268982,1.3086949586868286,1.317800760269165,0,0.0061614107022841536,0.07402724604871269,1.228228674530983
2004-11-25,1.3180961608886719,1.328303575515747,1.316707730293274,1.3258028030395508,0,0.006053908627510692,0.07345935522228632,1.2284951508045197
2004-11-26,1.3256973028182983,1.332906723022461,1.3199055194854736,1.329504370689392,0,0.002788054116096207,0.06966204949869716,1.2287641453742981
2004-11-29,1.3271929025650024,1.330300211906433,1.3233989477157593,1.32650625705719,0,-0.0022576076121672167,0.06917246510119497,1.229125669002533
2004-11-30,1.3262951374053955,1.332906723022461,1.3239071369171143,1.3298048973083496,0,0.002483626168078215,0.06642149077955586,1.2294887059926987
2004-12-01,1.3298048973083496,1.3357020616531372,1.3283917903900146,1.3345967531204224,0,0.0035969509159717978,0.06493702871893735,1.2298227065801621
2004-12-02,1.3347926139831543,1.3377926349639893,1.3248015642166138,1.3261016607284546,0,-0.0063856325950135216,0.06778175211802938,1.2302046984434127
2004-12-03,1.3262951374053955,1.3466018438339233,1.3259083032608032,1.3466018438339233,0,0.015340710338578206,0.0826873917065283,1.2307136929035187
2004-12-06,1.3450080156326294,1.3456957340240479,1.3392080068588257,1.3396027088165283,0,-0.005211182335142851,0.08422554359685237,1.2311646735668182
2004-12-07,1.3394949436187744,1.3470009565353394,1.3394052982330322,1.3430931568145752,0,0.0026021958078604377,0.08128760109410275,1.2316561245918274
2004-12-08,1.3432915210723877,1.3432915210723877,1.321999430656433,1.334507703781128,0,-0.006412817221776193,0.08586321194946826,1.2322266376018525
2004-12-09,1.3345967531204224,1.3358982801437378,1.3258028030395508,1.3304064273834229,0,-0.0030779825793952015,0.0869497061607408,1.2327831900119781
2004-12-10,1.3301939964294434,1.3304064273834229,1.3149935007095337,1.3215975761413574,0,-0.0066431903016252476,0.091405634722768,1.233287662267685
2004-12-13,1.3222966194152832,1.3326935768127441,1.3221042156219482,1.3320013284683228,0,0.00784127971687256,0.09361062503027026,1.2337636828422547
2004-12-14,1.3321077823638916,1.332800269126892,1.326400637626648,1.3309022188186646,0,-0.0008254972007479178,0.09303073651012982,1.234205161333084
2004-12-15,1.3307960033416748,1.3437970876693726,1.32650625705719,1.3403927087783813,0,0.007105565014274894,0.09515526138103564,1.2347475928068161
2004-12-16,1.3401951789855957,1.3430029153823853,1.321300745010376,1.325100064277649,0,-0.011474660483593168,0.10391995250054327,1.2352571094036102
2004-12-17,1.325398564338684,1.3320013284683228,1.3232064247131348,1.3312920331954956,0,0.004661947412276394,0.10089147299292224,1.2357380616664886
2004-12-20,1.33109712600708,1.3408960103988647,1.3301055431365967,1.3392080068588257,0,0.005928475363935283,0.10025034898071768,1.2363220804929733
2004-12-21,1.3394052982330322,1.3410038948059082,1.3357912302017212,1.3368983268737793,0,-0.0017261500631906635,0.1007149225878392,1.2368705487251281
2004-12-22,1.3368983268737793,1.3403029441833496,1.3347926139831543,1.3391003608703613,0,0.0016457664973404122,0.10007208166721639,1.237435519695282
2004-12-23,1.3391003608703613,1.351807951927185,1.338401436805725,1.3512052297592163,0,0.008998940952688416,0.10235253525398856,1.238078030347824
2004-12-24,1.3514060974121094,1.3547931909561157,1.3489997386932373,1.3538029193878174,0,0.0019206525702874738,0.1008694387828965,1.2386525624990463
2004-12-27,1.3527954816818237,1.3642005920410156,1.3518993854522705,1.3623977899551392,0,0.006328618665131778,0.10239644645120617,1.239330033659935
2004-12-28,1.3621937036514282,1.3645915985107422,1.359397530555725,1.359397530555725,0,-0.0022046188352193904,0.1023742998115631,1.2399540293216704
2004-12-29,1.3595083951950073,1.364498496055603,1.3563920259475708,1.3606922626495361,0,0.000951977537525239,0.10226340674012027,1.2405849558115005
2004-12-30,1.3605997562408447,1.3660082817077637,1.358105182647705,1.3628062009811401,0,0.0015523700742678934,0.10187726151991416,1.2413294786214828
2004-12-31,1.3629920482635498,1.3661948442459106,1.3521919250488281,1.3565024137496948,0,-0.004636324460722674,0.10045045769311549,1.242043514251709
2005-01-03,1.358105182647705,1.358105182647705,1.3401951789855957,1.3470009565353394,0,-0.007029024959823289,0.08975395161584127,1.2427150464057923
2005-01-04,1.3470009565353394,1.3496005535125732,1.3261016607284546,1.3281975984573364,0,-0.014057773546132503,0.10079590324236656,1.2432730132341385
2005-01-05,1.328303575515747,1.330300211906433,1.3222966194152832,1.3280036449432373,0,-0.00014603826794047447,0.10020994722199607,1.2438205230236052
2005-01-06,1.3278977870941162,1.3278977870941162,1.3163957595825195,1.3183046579360962,0,-0.007330234671186995,0.10093538663095288,1.244255548119545
2005-01-07,1.3182003498077393,1.3248015642166138,1.302999496459961,1.3060967922210693,0,-0.009303419465094824,0.10509349586277748,1.244603499174118
2005-01-10,1.3075997829437256,1.311991572380066,1.3064039945602417,1.310994029045105,0,0.003742508666709583,0.10406812199503233,1.2450939673185348
2005-01-11,1.3114066123962402,1.3171066045761108,1.3104957342147827,1.3116990327835083,0,0.0005376181953160435,0.0997822005359743,1.245645951628685
2005-01-12,1.3114066123962402,1.329097867012024,1.3086949586868286,1.3255919218063354,0,0.010535824658863052,0.10713776775064057,1.2462083792686462
2005-01-13,1.3259083032608032,1.3265942335128784,1.3203063011169434,1.3211086988449097,0,-0.003387785693861592,0.10426188983451555,1.2467309015989303
2005-01-14,1.3211959600448608,1.3211959600448608,1.306796669960022,1.3098949193954468,0,-0.008524387633613358,0.10086223220274533,1.2472418743371962
2005-01-17,1.3099979162216187,1.3129045963287354,1.304103970527649,1.3051081895828247,0,-0.0036609785605764404,0.09955596577572196,1.2477243894338608
2005-01-18,1.3049037456512451,1.3072919845581055,1.3003056049346924,1.3017951250076294,0,-0.0025417638930766416,0.0964623931504567,1.2481968319416046
2005-01-19,1.3017951250076294,1.3114066123962402,1.2971009016036987,1.3003056049346924,0,-0.0011448597807843745,0.096454792661536,1.2487293511629105
2005-01-20,1.3002040386199951,1.302405595779419,1.2931926250457764,1.29629385471344,0,-0.003090005582806678,0.09601318362952589,1.2492373186349868
2005-01-21,1.2961931228637695,1.306796669960022,1.2935941219329834,1.299899935722351,0,0.0027779770071502978,0.08960833819526492,1.2497433394193649
2005-01-24,1.304206132888794,1.3096033334732056,1.3034920692443848,1.3039000034332275,0,0.003072487096648495,0.09030409076726832,1.2502613753080367
2005-01-25,1.3039000034332275,1.3075997829437256,1.2954038381576538,1.2971009016036987,0,-0.005228077624189512,0.08598596692816808,1.250743397474289
2005-01-26,1.2972019910812378,1.3103067874908447,1.2968990802764893,1.307805061340332,0,0.008218507799413527,0.09344798742388576,1.2513583928346634
2005-01-27,1.3079075813293457,1.3120949268341064,1.3015071153640747,1.304103970527649,0,-0.002834013929793513,0.09294042950852684,1.2519739121198654
2005-01-28,1.3043080568313599,1.307805061340332,1.299595832824707,1.3044953346252441,0,0.0003000568924160849,0.09243332054585413,1.2525338572263718
2005-01-31,1.302405595779419,1.3060967922210693,1.2979933023452759,1.305193305015564,0,0.0005349070355444225,0.09236882223718187,1.25313481092453
2005-02-01,1.3050060272216797,1.3065917491912842,1.3004070520401,1.3039000034332275,0,-0.0009913801733909024,0.09043972239742581,1.2537233239412309
2005-02-02,1.3051081895828247,1.3093974590301514,1.3014055490493774,1.3032032251358032,0,-0.000534522995774739,0.07817248026198234,1.254274817109108
2005-02-03,1.3034920692443848,1.303797960281372,1.2948001623153687,1.2972019910812378,0,-0.004615622727806629,0.07915313100369556,1.254839322566986
2005-02-04,1.2971009016036987,1.3032032251358032,1.2855949401855469,1.2857933044433594,0,-0.008833744952873195,0.08079440706446579,1.2552882862091064
2005-02-07,1.2855949401855469,1.2865046262741089,1.2740962505340576,1.2764055728912354,0,-0.007327903890523666,0.07855324336699221,1.2556788456439971
2005-02-08,1.2764055728912354,1.279606819152832,1.2737069129943848,1.2769924402236938,0,0.0004596755694005537,0.07680977050390711,1.2560957968235016
2005-02-09,1.276796817779541,1.2817062139511108,1.2745022773742676,1.281295657157898,0,0.0033641410418626602,0.0782498288191136,1.256449738740921
2005-02-10,1.2810001373291016,1.2904057502746582,1.2752012014389038,1.287597894668579,0,0.004906587234685771,0.06964409961570285,1.2568082576990127
2005-02-11,1.2877968549728394,1.289706826210022,1.2852975130081177,1.2856941223144531,0,-0.0014796398456874032,0.06926527649806154,1.2571982264518737
2005-02-14,1.2888922691345215,1.2988024950027466,1.2885932922363281,1.2973029613494873,0,0.008988718780747315,0.07271290154140769,1.257744735479355
2005-02-15,1.2972019910812378,1.3048017024993896,1.2956053018569946,1.3016934394836426,0,0.0033785982228849926,0.07289707868311565,1.2583302247524262
2005-02-16,1.3014055490493774,1.305193305015564,1.2967981100082397,1.3023037910461426,0,0.00046878050907379134,0.07238353804584374,1.2589007496833802
2005-02-17,1.3025072813034058,1.3090033531188965,1.301998496055603,1.307497262954712,0,0.003979980585949364,0.07351386189773887,1.2594857132434845
2005-02-18,1.307497262954712,1.3084039688110352,1.302592158317566,1.3068991899490356,0,-0.0004575228178914976,0.07256057861792431,1.260118206143379
2005-02-21,1.307206630706787,1.307805061340332,1.3036959171295166,1.3064039945602417,0,-0.0003789804395113189,0.07207287067234534,1.2607092320919038
2005-02-22,1.3065063953399658,1.3268054723739624,1.3058068752288818,1.3261016607284546,0,0.014965235686048501,0.08798486117198732,1.261327234506607
2005-02-23,1.3258028030395508,1.3272985219955444,1.319191575050354,1.3203063011169434,0,-0.004379800060503592,0.0872984858937566,1.2619562631845473
2005-02-24,1.3202017545700073,1.3269991874694824,1.3182003498077393,1.3183046579360962,0,-0.0015171949149544136,0.08336226405952041,1.2625458180904388
2005-02-25,1.3184958696365356,1.325100064277649,1.3149070739746094,1.3246086835861206,0,0.004770521610753075,0.08382809826152623,1.2631903600692749
2005-02-28,1.325398564338684,1.3280036449432373,1.3211086988449097,1.3217023611068726,0,-0.002196509479546146,0.08443817235548078,1.2637848472595214
2005-03-01,1.3218945264816284,1.3225939273834229,1.317002534866333,1.3171932697296143,0,-0.0034174112177285413,0.08559281418837898,1.264371293783188
2005-03-02,1.3171932697296143,1.317905068397522,1.3093974590301514,1.3135944604873657,0,-0.0027359193185723185,0.08617072310035852,1.2648887807130813
2005-03-03,1.3138015270233154,1.3163957595825195,1.3101009130477905,1.3105987310409546,0,-0.0022831632651403493,0.08660937694577488,1.2653863060474395
2005-03-04,1.3105987310409546,1.3255040645599365,1.3098949193954468,1.3246963024139404,0,0.01069914804598416,0.09181708297287144,1.265871805548668
2005-03-07,1.3233989477157593,1.3246963024139404,1.3184958696365356,1.3221917152404785,0,-0.0018924774333220194,0.08537360771814877,1.2663737297058106
2005-03-08,1.3221042156219482,1.3363088369369507,1.3211959600448608,1.3352025747299194,0,0.009792271703492937,0.084088661239152,1.2669502478837966
2005-03-09,1.334899663925171,1.3421918153762817,1.3336000442504883,1.3377031087875366,0,0.0018710235849407507,0.0838742061519259,1.2675162643194198
2005-03-10,1.3377926349639893,1.3450984954833984,1.3372917175292969,1.3437970876693726,0,0.004545208970067141,0.08417791005191802,1.2681257683038711
2005-03-11,1.343706727027893,1.3477997779846191,1.3406083583831787,1.3472912311553955,0,0.002596827034732675,0.08364423138651249,1.2687516975402833
2005-03-14,1.347400188446045,1.3479087352752686,1.333991527557373,1.3365052938461304,0,-0.008037863734853724,0.09007586448666008,1.2692966943979263
2005-03-15,1.3367911577224731,1.3403029441833496,1.330300211906433,1.3310085535049438,0,-0.004121251799079319,0.08840964661915876,1.2697927361726762
2005-03-16,1.3312033414840698,1.3439956903457642,1.3295927047729492,1.3410937786102295,0,0.007548567936771639,0.0908383963321307,1.2703676742315293
2005-03-17,1.3412916660308838,1.3421016931533813,1.334899663925171,1.3379000425338745,0,-0.002384281415004943,0.09174792622298117,1.2710356897115707
2005-03-18,1.3379000425338745,1.3387060165405273,1.3269991874694824,1.332196593284607,0,-0.004272098505457066,0.09313555669715987,1.271642157435417
2005-03-21,1.331894874572754,1.331894874572754,1.3145960569381714,1.3161011934280396,0,-0.012155429134461814,0.10350796169027947,1.2722151416540146
2005-03-22,1.3164995908737183,1.3215975761413574,1.3060967922210693,1.3077024221420288,0,-0.006402003505070992,0.10610114813004032,1.2727226543426513
2005-03-23,1.3077024221420288,1.3087977170944214,1.2966973781585693,1.299291968345642,0,-0.006452244780691129,0.09332974893449822,1.2731360930204392
2005-03-24,1.2992074489593506,1.302999496459961,1.2931926250457764,1.2931926250457764,0,-0.004705412382513888,0.09348621322655797,1.2735985738039017
2005-03-25,1.2932929992675781,1.2971009016036987,1.2932929992675781,1.2956053018569946,0,0.0018639365279674788,0.09397751716143693,1.274059608578682
2005-03-28,1.2958067655563354,1.2959076166152954,1.2861074209213257,1.289507269859314,0,-0.004717816450333636,0.09259426010348568,1.274434614777565
2005-03-29,1.289507269859314,1.295303225517273,1.2880953550338745,1.2937949895858765,0,0.003319567927657984,0.09386836458870124,1.2748405587673188
2005-03-30,1.2937949895858765,1.2979933023452759,1.2914056777954102,1.2915056943893433,0,-0.001771009313603442,0.09351028889304078,1.2752371138334275
2005-03-31,1.291605830192566,1.3016934394836426,1.291605830192566,1.2966973781585693,0,0.00401181096450668,0.09478820739910218,1.2756775748729705
2005-04-01,1.2967981100082397,1.3043080568313599,1.2878963947296143,1.2909055948257446,0,-0.004476570065356794,0.09557541034543032,1.276045082807541
2005-04-04,1.289706826210022,1.2907055616378784,1.2821005582809448,1.285000205039978,0,-0.004585105660243513,0.08682946442371757,1.2763685792684556
2005-04-05,1.2849011421203613,1.287697434425354,1.280393362045288,1.2857933044433594,0,0.0006170074925245999,0.08710262329316457,1.276704072356224
2005-04-06,1.2857933044433594,1.2907055616378784,1.2843070030212402,1.2867032289505005,0,0.0007074252837870988,0.0776603703237347,1.2770885670185088
2005-04-07,1.2870012521743774,1.2938953638076782,1.284406065940857,1.285000205039978,0,-0.0013244327763116796,0.07655796595061969,1.2774215787649155
2005-04-08,1.2849011421203613,1.2943978309631348,1.2813942432403564,1.2934937477111816,0,0.00658801109986671,0.07901716662769057,1.2778080236911773
2005-04-11,1.2921065092086792,1.3000012636184692,1.2911056280136108,1.2971009016036987,0,0.0027848094449227055,0.07915203481578162,1.278138015270233
2005-04-12,1.2971009016036987,1.3000012636184692,1.2869019508361816,1.2915056943893433,0,-0.0043229557836958225,0.07646843827019399,1.2784455579519272
2005-04-13,1.291605830192566,1.2954038381576538,1.2861074209213257,1.291205644607544,0,-0.0002323525502976025,0.07605821491640051,1.2787590801715851
2005-04-14,1.291305661201477,1.2914056777954102,1.2779062986373901,1.2794922590255737,0,-0.009113063522298143,0.07307327026695261,1.2789710253477096
2005-04-15,1.2794922590255737,1.2939958572387695,1.2782983779907227,1.2870012521743774,0,0.005851574954126888,0.07825301438251908,1.2792085552215575
2005-04-18,1.291305661201477,1.304103970527649,1.2880953550338745,1.3017951250076294,0,0.011429275786146489,0.09012419166570598,1.2795080476999283
2005-04-19,1.3017951250076294,1.307805061340332,1.298701286315918,1.3065063953399658,0,0.003612523643618029,0.08193121665161235,1.2798365670442582
2005-04-20,1.3065063953399658,1.3103067874908447,1.2996971607208252,1.3086949586868286,0,0.0016737249347204355,0.07914151933434474,1.2802135211229324
2005-04-21,1.3090033531188965,1.3116990327835083,1.302999496459961,1.3046995401382446,0,-0.0030576490944757093,0.07646318876390186,1.280544531941414
2005-04-22,1.3049037456512451,1.3091918230056763,1.3025072813034058,1.3061991930007935,0,0.0011487638401547439,0.07439443331786955,1.280897501707077
2005-04-25,1.3056023120880127,1.3059945106506348,1.2960082292556763,1.2993931770324707,0,-0.005224172073671629,0.07674380130548321,1.2811664986610412
2005-04-26,1.2994945049285889,1.3015071153640747,1.2950012683868408,1.2984988689422607,0,-0.0006884875196580442,0.0747748516587155,1.2814390045404433
2005-04-27,1.2983977794647217,1.298701286315918,1.2910054922103882,1.2921065092086792,0,-0.004935041640168072,0.0760739649955774,1.281732559800148
2005-04-28,1.292306900024414,1.2939958572387695,1.2884937524795532,1.2905057668685913,0,-0.0012396305553890779,0.07594573127044574,1.2820535802841186
2005-04-29,1.2905057668685913,1.2978922128677368,1.2857933044433594,1.287597894668579,0,-0.0022558235159523404,0.07483104019782479,1.282363592982292
2005-05-02,1.2862067222595215,1.2874983549118042,1.2842081785202026,1.2846039533615112,0,-0.002327922018584755,0.07369432918948651,1.2827386158704757
2005-05-03,1.2849011421203613,1.2900062799453735,1.2833017110824585,1.2886930704116821,0,0.0031781177642644944,0.0728193255080456,1.2831125730276107
2005-05-04,1.2886930704116821,1.2972019910812378,1.2878963947296143,1.2950012683868408,0,0.004883093495334318,0.07465044394501584,1.2835555613040923
2005-05-05,1.2950012683868408,1.298701286315918,1.2931926250457764,1.2956053018569946,0,0.0004663259084091764,0.07464015502707207,1.2840115958452225
2005-05-06,1.2955045700073242,1.2963947057724,1.28109872341156,1.2811970710754395,0,-0.01118314783758936,0.08454639441333811,1.2843985611200333
2005-05-09,1.2819033861160278,1.2872000932693481,1.2794922590255737,1.2854957580566406,0,0.003349595207970785,0.08200480121565337,1.2848180133104323
2005-05-10,1.2855949401855469,1.2887927293777466,1.2820019721984863,1.2886930704116821,0,0.002484133225875191,0.08186900372096548,1.285250490307808
2005-05-11,1.2885932922363281,1.2903059720993042,1.2790013551712036,1.2813942432403564,0,-0.005679843447032162,0.08283632046126597,1.2856309694051742
2005-05-12,1.281295657157898,1.281295657157898,1.266897201538086,1.2681021690368652,0,-0.01042730993869637,0.08984785659962291,1.2859414994716645
2005-05-13,1.2677003145217896,1.2690999507904053,1.2610976696014404,1.2616068124771118,0,-0.0051352711962564905,0.08622758930652824,1.286223549246788
2005-05-16,1.2606048583984375,1.2647981643676758,1.258605718612671,1.2639987468719482,0,0.0018941478023991802,0.08350281244985448,1.2863895452022553
2005-05-17,1.2639029026031494,1.2660951614379883,1.260001301765442,1.2603029012680054,0,-0.0029282144211908467,0.07071379003779008,1.2865545845031738
2005-05-18,1.2602077722549438,1.2690999507904053,1.2589067220687866,1.2681021690368652,0,0.006169337815048234,0.07355972706126952,1.2867770916223527
2005-05-19,1.2678931951522827,1.2690999507904053,1.2618932723999023,1.2635036706924438,0,-0.0036328746993322205,0.07304206842936363,1.2869836348295212
2005-05-20,1.2639029026031494,1.2655024528503418,1.2542015314102173,1.2556977272033691,0,-0.006197176992559717,0.074585105737542,1.2871426218748092
2005-05-23,1.2553982734680176,1.2596997022628784,1.2539026737213135,1.257102608680725,0,0.0011181800668151687,0.07456982573156005,1.2872401690483093
2005-05-24,1.2570078372955322,1.2628973722457886,1.2559974193572998,1.2568024396896362,0,-0.0002388069451628306,0.07370064694677486,1.2873447048664093
2005-05-25,1.2568024396896362,1.2618932723999023,1.2556031942367554,1.2599060535430908,0,0.002466408354497429,0.07498439244895126,1.287471700310707
2005-05-26,1.2599060535430908,1.2614953517913818,1.2502031326293945,1.251392126083374,0,-0.0067805250273478,0.07632968663712061,1.287558640241623
2005-05-27,1.2512043714523315,1.259303092956543,1.2510008811950684,1.2581939697265625,0,0.00542070288801488,0.08003983882063805,1.2876636350154878
2005-05-30,1.252803087234497,1.2547051906585693,1.246603012084961,1.248299241065979,0,-0.007895317663559446,0.08328871190151223,1.2877441573143005
2005-05-31,1.2485017776489258,1.248907208442688,1.229997158050537,1.2307995557785034,0,-0.01411801415588027,0.09411798141136272,1.2878221565485
2005-06-01,1.2309964895248413,1.234095573425293,1.2166930437088013,1.2196015119552612,0,-0.009139827699492611,0.09518403042318661,1.287879182100296
2005-06-02,1.2198989391326904,1.2294981479644775,1.2187987565994263,1.2266929149627686,0,0.005797685506019848,0.09614083010789654,1.2879696208238602
2005-06-03,1.2269939184188843,1.231693983078003,1.22089684009552,1.223002314567566,0,-0.003013112115264007,0.09550491428432899,1.2880350989103317
2005-06-06,1.2231069803237915,1.2294981479644775,1.222299575805664,1.2260010242462158,0,0.002448923715035941,0.09193935011729114,1.2881551277637482
2005-06-07,1.2260010242462158,1.231496810913086,1.2243947982788086,1.2278977632522583,0,0.0015458986274750849,0.09079823036503348,1.2882700848579407
2005-06-08,1.2280033826828003,1.2345983982086182,1.2215979099273682,1.2237954139709473,0,-0.003346546907311359,0.08925547002660682,1.2883000403642655
2005-06-09,1.223900318145752,1.2250999212265015,1.2187987565994263,1.2227928638458252,0,-0.000819549566493637,0.08863245059233231,1.288318970799446
2005-06-10,1.223002314567566,1.2249947786331177,1.2110936641693115,1.2136952877044678,0,-0.007467812568814279,0.0857286319530895,1.2883009457588195
2005-06-13,1.2116951942443848,1.2122975587844849,1.20339834690094,1.211798071861267,0,-0.0015643961445166398,0.08501891761229415,1.288332426548004
2005-06-14,1.2116951942443848,1.2149930000305176,1.2028049230575562,1.202602505683899,0,-0.007617303214674026,0.08602364518797319,1.2883124750852586
2005-06-15,1.202602505683899,1.213106393814087,1.2021976709365845,1.2121946811676025,0,0.007944539597191328,0.09309142449569703,1.2883239150047303
2005-06-16,1.2125033140182495,1.2162047624588013,1.2064036130905151,1.2099066972732544,0,-0.0018892558298779585,0.08840866489200658,1.288278934955597
2005-06-17,1.2098042964935303,1.2291958332061768,1.2093945741653442,1.2278977632522583,0,0.014760324634496653,0.10596619984981634,1.2882974237203597
2005-06-20,1.2197948694229126,1.2247997522354126,1.213003396987915,1.2151997089385986,0,-0.010395138796400938,0.10932475761740977,1.2882369470596313
2005-06-21,1.215096354484558,1.2250999212265015,1.2075982093811035,1.2174040079116821,0,0.0018122964798044866,0.10956527425176135,1.2881919318437576
2005-06-22,1.2174040079116821,1.2200031280517578,1.210404634475708,1.212106466293335,0,-0.004361001996460169,0.10988418741794362,1.2881224590539933
2005-06-23,1.2120037078857422,1.2140047550201416,1.2025011777877808,1.2029062509536743,0,-0.007619222691386578,0.11058961843716932,1.2880584806203843
2005-06-24,1.2030943632125854,1.210800290107727,1.200595498085022,1.2098042964935303,0,0.005718103518406759,0.11253175040647491,1.2880124682188034
2005-06-27,1.2109030485153198,1.218605637550354,1.2109030485153198,1.2163970470428467,0,0.005434641105493961,0.1125427317345275,1.2880034291744231
2005-06-28,1.2161011695861816,1.2171964645385742,1.2052984237670898,1.2073066234588623,0,-0.007501301681996102,0.11227336729384718,1.2879529422521592
2005-06-29,1.2065927982330322,1.210800290107727,1.2023999691009521,1.207802414894104,0,0.000410574789239694,0.10272052820700096,1.2878274863958359
2005-06-30,1.2097017765045166,1.2119008302688599,1.2047032117843628,1.2091021537780762,0,0.0010755401980804477,0.09839778082965886,1.2877395325899124
2005-07-01,1.208795189857483,1.210097074508667,1.193602204322815,1.193602204322815,0,-0.012902265252443297,0.10465308775448168,1.2875715202093125
2005-07-04,1.1911994218826294,1.1949001550674438,1.1893010139465332,1.190901517868042,0,-0.002265198904439832,0.10453102351711283,1.2873880457878113
2005-07-05,1.190901517868042,1.193801760673523,1.187197208404541,1.1931037902832031,0,0.001847540384300793,0.10428215045289997,1.2871995669603349
2005-07-06,1.1929045915603638,1.1947003602981567,1.1897962093353271,1.1929045915603638,0,-0.0001669723583689136,0.10386211613492667,1.2870035713911057
2005-07-07,1.1929045915603638,1.2029930353164673,1.1911994218826294,1.1945005655288696,0,0.001336994855278396,0.10401001795286091,1.2868075752258301
2005-07-08,1.194400668144226,1.198193073272705,1.1885942220687866,1.1981070041656494,0,0.003014653479974366,0.10500851774500453,1.2865811377763747
2005-07-11,1.1971030235290527,1.208503007888794,1.196300983428955,1.20689857006073,0,0.0073110891299754815,0.10596342732962416,1.2864081519842148
2005-07-12,1.206796646118164,1.225295066833496,1.2057054042816162,1.223002314567566,0,0.013254845398430202,0.11566856431471649,1.2863781660795213
2005-07-13,1.2231967449188232,1.2234959602355957,1.2073066234588623,1.208006739616394,0,-0.01233707058630098,0.1208496795027696,1.2862601852416993
2005-07-14,1.2077003717422485,1.2126061916351318,1.2060980796813965,1.2093945741653442,0,0.0011482038116812881,0.1176216471551594,1.2861666887998582
2005-07-15,1.2093945741653442,1.2137985229492188,1.2028049230575562,1.204601526260376,0,-0.003971053807993222,0.11823787048728114,1.286040164232254
2005-07-18,1.2038040161132812,1.208795189857483,1.2034997940063477,1.2056035995483398,0,0.0008315253626943602,0.10513763335530973,1.28586316883564
2005-07-19,1.2054002285003662,1.2065054178237915,1.1959004402160645,1.2029930353164673,0,-0.0021677064696737063,0.09945790925962801,1.2856861066818237
2005-07-20,1.2029062509536743,1.2175966501235962,1.2006964683532715,1.2158055305480957,0,0.010594197672005125,0.10641803277690848,1.2856046158075332
2005-07-21,1.2158055305480957,1.2227030992507935,1.2110936641693115,1.2161011695861816,0,0.00024313353758671031,0.1052637249640275,1.2855106049776077
2005-07-22,1.2161011695861816,1.2190067768096924,1.205807089805603,1.2060980796813965,0,-0.008259557322173865,0.105881289390984,1.285346612930298
2005-07-25,1.2050950527191162,1.208795189857483,1.2032970190048218,1.2065054178237915,0,0.00033767516849479825,0.10392326713968583,1.2851396691799164
2005-07-26,1.2061998844146729,1.2061998844146729,1.1983941793441772,1.2017064094543457,0,-0.003985542025490019,0.10268366680826825,1.2849036651849746
2005-07-27,1.2017930746078491,1.208605170249939,1.197604775428772,1.2066947221755981,0,0.004142432744214162,0.10069548972290396,1.2846776711940766
2005-07-28,1.206796646118164,1.2149930000305176,1.204195499420166,1.213194727897644,0,0.005372163884952638,0.10241749580131843,1.2844541782140733
2005-07-29,1.213106393814087,1.2163970470428467,1.2080942392349243,1.2124004364013672,0,-0.0006549250562160054,0.10240911093384908,1.2842061561346054
2005-08-01,1.2122975587844849,1.2244998216629028,1.2121946811676025,1.218397855758667,0,0.004934536564574146,0.09191153253732863,1.2839526456594468
2005-08-02,1.218397855758667,1.2244998216629028,1.218397855758667,1.219393253326416,0,0.0008166389805580018,0.09115779311388099,1.283644118309021
2005-08-03,1.2190959453582764,1.2345069646835327,1.2155985832214355,1.23350191116333,0,0.011503804673669342,0.09800142682658528,1.2834291106462479
2005-08-04,1.233593225479126,1.2394031286239624,1.2304966449737549,1.2384973764419556,0,0.004041645241327653,0.09813739827406062,1.283268599510193
2005-08-05,1.2384973764419556,1.23960280418396,1.231693983078003,1.2365983724594116,0,-0.0015344896099574008,0.09880480994403781,1.2830556029081344
2005-08-08,1.2336997985839844,1.2390038967132568,1.2319974899291992,1.235101580619812,0,-0.0012111437884694928,0.0991528454959724,1.282858111858368
2005-08-09,1.2352999448776245,1.2412954568862915,1.23350191116333,1.2378076314926147,0,0.00218855746071446,0.09689856679620872,1.2826871216297149
2005-08-10,1.237700343132019,1.2422051429748535,1.2345983982086182,1.2386049032211304,0,0.0006438925218518536,0.08641824931633169,1.282467670440674
2005-08-11,1.2386969327926636,1.2477073669433594,1.2380987405776978,1.247302770614624,0,0.006997768242689736,0.07515936045531425,1.2822676867246627
2005-08-12,1.2471004724502563,1.2483927011489868,1.2390038967132568,1.2444931268692017,0,-0.0022551164314659985,0.07629011647121353,1.2820066654682158
2005-08-15,1.2454074621200562,1.245795488357544,1.235101580619812,1.2371032238006592,0,-0.005955783188261158,0.0783211380157542,1.2817381536960601
2005-08-16,1.236996054649353,1.237394094467163,1.2306026220321655,1.234994888305664,0,-0.001705705769396316,0.0789895278375476,1.2814635956287384
2005-08-17,1.234994888305664,1.236904263496399,1.2264070510864258,1.2278074026107788,0,-0.005836851887915097,0.08189859993916852,1.2811596661806106
2005-08-18,1.2278074026107788,1.2296040058135986,1.2163970470428467,1.218397855758667,0,-0.007693216445345661,0.07928638592791601,1.280796627998352
2005-08-19,1.2182939052581787,1.2196015119552612,1.213297724723816,1.2154951095581055,0,-0.002385271347750403,0.07974864850229434,1.280389103293419
2005-08-22,1.21690034866333,1.224095106124878,1.2159976959228516,1.223406195640564,0,0.00648744072723104,0.07686939025726187,1.2800361549854278
2005-08-23,1.2231967449188232,1.2254000902175903,1.2194973230361938,1.2234959602355957,0,7.336999140431996e-05,0.07688960598912929,1.279672669172287
2005-08-24,1.223406195640564,1.2280938625335693,1.2165006399154663,1.227400541305542,0,0.003186249905556907,0.07542262843223912,1.279290682077408
2005-08-25,1.2272950410842896,1.2324073314666748,1.2260010242462158,1.230193853378296,0,0.0022732093478580696,0.07471832602365477,1.278967148065567
2005-08-26,1.2302998304367065,1.2340041399002075,1.2277017831802368,1.2294074296951294,0,-0.0006394725156289607,0.07308757144277471,1.2785946851968766
2005-08-29,1.2306026220321655,1.2345983982086182,1.2220009565353394,1.2234959602355957,0,-0.00481998673778602,0.07539931516662086,1.2781921553611755
2005-08-30,1.2236007452011108,1.2240052223205566,1.2175966501235962,1.2218068838119507,0,-0.0013814867114647685,0.07380657386266663,1.277752658724785
2005-08-31,1.2215979099273682,1.235498309135437,1.2193039655685425,1.234095573425293,0,0.010007557211845456,0.08135977429855965,1.2773341327905654
2005-09-01,1.2338062524795532,1.2509069442749023,1.2328935861587524,1.2490007877349854,0,0.012005489250158322,0.0822231974779475,1.2769501227140427
2005-09-02,1.2490007877349854,1.2587958574295044,1.2471004724502563,1.2533055543899536,0,0.003440642601714289,0.08193157068367568,1.2765691286325456
2005-09-05,1.2539026737213135,1.258605718612671,1.2515957355499268,1.2526932954788208,0,-0.0004886346403127312,0.08167342843840908,1.2762000638246536
2005-09-06,1.2526932954788208,1.2526932954788208,1.2448029518127441,1.245795488357544,0,-0.005521597447979844,0.08421375443024434,1.2757800167798996
2005-09-07,1.245795488357544,1.2534940242767334,1.2410951852798462,1.2416036128997803,0,-0.003370492032443405,0.0849335735118388,1.2753150510787963
2005-09-08,1.2416036128997803,1.245004415512085,1.2386049032211304,1.2394031286239624,0,-0.001773864468799549,0.08516754997864635,1.274881558418274
2005-09-09,1.2394952774047852,1.244694471359253,1.238206148147583,1.2410951852798462,0,0.0013642879004181635,0.08151853103753677,1.2743540251255034
2005-09-12,1.2402024269104004,1.2414032220840454,1.227596402168274,1.2291052341461182,0,-0.009707750999312405,0.08769650968804657,1.2738015377521514
2005-09-13,1.2289994955062866,1.231496810913086,1.2255953550338745,1.2280033826828003,0,-0.0008968684002241743,0.08552221408438838,1.2732260888814926
2005-09-14,1.2277017831802368,1.2326960563659668,1.226798176765442,1.2278977632522583,0,-8.601277032821065e-05,0.08538301453025209,1.2726930391788482
2005-09-15,1.2278074026107788,1.228606939315796,1.2201966047286987,1.2236007452011108,0,-0.0035056292606258778,0.08383734523776923,1.2721590107679368
2005-09-16,1.2236007452011108,1.2306026220321655,1.220598816871643,1.223900318145752,0,0.00024479903246904007,0.07923763154232558,1.2716705244779587
2005-09-19,1.2154065370559692,1.2175966501235962,1.210404634475708,1.2139016389846802,0,-0.008203074248679226,0.0840590474971997,1.2710800260305404
2005-09-20,1.2139016389846802,1.218605637550354,1.2115044593811035,1.2119008302688599,0,-0.0016496060127704608,0.08073028947859795,1.2704850190877914
2005-09-22,1.2166930437088013,1.2269035577774048,1.2136952877044678,1.2154065370559692,0,0.0028885581380158247,0.08154513191361824,1.2698600882291793
2005-09-23,1.2154951095581055,1.2162047624588013,1.2040069103240967,1.2040939331054688,0,-0.009351257854046287,0.08619393005800786,1.2692550575733186
2005-09-26,1.202602505683899,1.208006739616394,1.2016053199768066,1.2073066234588623,0,0.002664586143098116,0.08638666245656045,1.2686351305246353
2005-09-27,1.207394003868103,1.2079044580459595,1.1985952854156494,1.2018941640853882,0,-0.004493165125343708,0.0872703958066468,1.2679485613107682
2005-09-28,1.2017930746078491,1.206796646118164,1.1997023820877075,1.2061998844146729,0,0.0035760438181061576,0.08758006175999487,1.2672950690984726
2005-09-29,1.2061998844146729,1.207496166229248,1.201302170753479,1.2020964622497559,0,-0.0034077418599960845,0.08806507928462538,1.2666100496053696
2005-09-30,1.2019952535629272,1.2077003717422485,1.200494647026062,1.2028049230575562,0,0.0005891807727524914,0.07912578544594022,1.2658680480718614
2005-10-03,1.2020964622497559,1.2029930353164673,1.1904053688049316,1.1912987232208252,0,-0.009612189051746097,0.06828159918394844,1.2650555270910262
2005-10-04,1.1913981437683105,1.1947003602981567,1.190901517868042,1.1918951272964478,0,0.000500508246900167,0.06591135121571087,1.264203013777733
2005-10-05,1.1917957067489624,1.20110023021698,1.191696286201477,1.2012012004852295,0,0.007777472214841268,0.07457083392538813,1.2634120321273803
2005-10-06,1.2009992599487305,1.2204945087432861,1.2002928256988525,1.2171964645385742,0,0.013228177919505809,0.09008292920700171,1.2626945531368257
2005-10-07,1.21690034866333,1.2179970741271973,1.2103021144866943,1.213003396987915,0,-0.003450804008327268,0.09010879392531576,1.2619455391168595
2005-10-10,1.2116072177886963,1.2151997089385986,1.2045000791549683,1.2049063444137573,0,-0.006697588998809974,0.0921570169148018,1.2611875587701797
2005-10-11,1.2052984237670898,1.2057054042816162,1.1981070041656494,1.1984946727752686,0,-0.00533551147151747,0.09259739257898338,1.2604450273513794
2005-10-12,1.1983941793441772,1.2047032117843628,1.1958003044128418,1.2028049230575562,0,0.0035899351491534104,0.08944543981738191,1.2598180639743806
2005-10-13,1.2025011777877808,1.2037025690078735,1.1918951272964478,1.2018941640853882,0,-0.0007574827308626001,0.089449357198037,1.2591875165700912
2005-10-14,1.2017064094543457,1.2105072736740112,1.1984946727752686,1.2077003717422485,0,0.00481924971860389,0.09168312860264669,1.258634495139122
2005-10-17,1.2070006132125854,1.212106466293335,1.2009992599487305,1.20110023021698,0,-0.005480036859164081,0.0926698569709835,1.2581095123291015
2005-10-18,1.201302170753479,1.2017930746078491,1.1922929286956787,1.195500135421753,0,-0.004673374057590675,0.09347773198858596,1.2575320428609849
2005-10-19,1.1952428817749023,1.2002063989639282,1.1881988048553467,1.1974040269851685,0,0.0015912814186837278,0.09022482169438258,1.256960567831993
2005-10-20,1.1971030235290527,1.2025011777877808,1.1954001188278198,1.2017930746078491,0,0.003658767773569433,0.0913518538561223,1.2563415735960006
2005-10-21,1.2018941640853882,1.207496166229248,1.193602204322815,1.1954001188278198,0,-0.005333713572491347,0.09206128227291868,1.2557130306959152
2005-10-24,1.1945005655288696,1.2017930746078491,1.1925063133239746,1.197604775428772,0,0.001842584802061448,0.08697129970457045,1.255151579976082
2005-10-25,1.197604775428772,1.2116951942443848,1.1942009925842285,1.2111963033676147,0,0.01128501004081458,0.0953440499184467,1.2546820205450058
2005-10-26,1.2110936641693115,1.213651180267334,1.205807089805603,1.2063016891479492,0,-0.004049327795036268,0.09508356255283389,1.2542045533657074
2005-10-27,1.205807089805603,1.2171964645385742,1.2049063444137573,1.2142995595932007,0,0.006608192533800495,0.09701102107678101,1.2537745231389998
2005-10-28,1.2145946025848389,1.2168558835983276,1.2054002285003662,1.2071025371551514,0,-0.0059445258111947875,0.09862343146061903,1.2533285665512084
2005-10-31,1.2065054178237915,1.2088974714279175,1.1974470615386963,1.1988970041275024,0,-0.006820919705369491,0.10155013459586917,1.2528235518932342
2005-11-01,1.1988970041275024,1.2040069103240967,1.1977051496505737,1.2023999691009521,0,0.00291756288149574,0.09597004928800981,1.2523160517215728
2005-11-02,1.2022987604141235,1.208006739616394,1.1990982294082642,1.206752896308899,0,0.003613661887010188,0.09659795839523123,1.251864311695099
2005-11-03,1.2066947221755981,1.208006739616394,1.193901538848877,1.1952000856399536,0,-0.00961958859617233,0.09905553399839274,1.251301286816597
2005-11-04,1.1947003602981567,1.1989977359771729,1.1808048486709595,1.1813069581985474,0,-0.011692189805536294,0.09384729084615337,1.2506873017549516
2005-11-07,1.18069326877594,1.1829979419708252,1.1778563261032104,1.1793009042739868,0,-0.0016996083418627853,0.09356667815022866,1.2500613296031953
2005-11-08,1.1789950132369995,1.1794956922531128,1.1713991165161133,1.1768028736114502,0,-0.0021204767141411703,0.09158803285491404,1.2494193774461746
2005-11-09,1.176899790763855,1.178897738456726,1.1724978685379028,1.1778008937835693,0,0.0008477181984552169,0.09050360819035946,1.2487888818979263
2005-11-10,1.1774957180023193,1.1789950132369995,1.1674060821533203,1.1675559282302856,0,-0.008736436707257279,0.0929592604879326,1.2481106454133988
2005-11-11,1.167501449584961,1.173998236656189,1.167501449584961,1.1735023260116577,0,0.005080104742413656,0.09564141087510343,1.247492147088051
2005-11-14,1.1735987663269043,1.1773016452789307,1.1663031578063965,1.1691941022872925,0,-0.0036780084086314086,0.09347730593036169,1.2469091510772705
2005-11-15,1.1691941022872925,1.1736950874328613,1.1648495197296143,1.1731994152069092,0,0.00341984964809498,0.09383772458486934,1.246393120288849
2005-11-16,1.1731030941009521,1.1731994152069092,1.1649037599563599,1.1677058935165405,0,-0.004693510459089538,0.09384735977010626,1.2458466875553131
2005-11-17,1.16810142993927,1.1761523485183716,1.1648495197296143,1.1747982501983643,0,0.006055381692714907,0.09670310675099733,1.2453142005205153
2005-11-18,1.1748948097229004,1.1782032251358032,1.1669973134994507,1.1776067018508911,0,0.0023877291912580414,0.09604486437825105,1.244764244556427
2005-11-21,1.1774957180023193,1.1834039688110352,1.1720443964004517,1.1736950874328613,0,-0.0033271935099029007,0.09514297775343657,1.2442042493820191
2005-11-22,1.1735987663269043,1.182396411895752,1.1690436601638794,1.181404709815979,0,0.006547195946444109,0.09818189833311035,1.2436247581243516
2005-11-23,1.1812511682510376,1.1857051849365234,1.176899790763855,1.1808048486709595,0,-0.0005078814076918152,0.08810294747607433,1.243020315170288
2005-11-24,1.1810001134872437,1.1822986602783203,1.1776067018508911,1.1781060695648193,0,-0.0022881578636727183,0.08759760961733482,1.2423993265628814
2005-11-25,1.1779533624649048,1.1779533624649048,1.1713030338287354,1.1724978685379028,0,-0.0047717197927251995,0.08372178152451185,1.2417243295907974
2005-11-28,1.170905351638794,1.1884952783584595,1.1686065196990967,1.1850025653839111,0,0.010608536007165128,0.09226887337621877,1.2411148464679718
2005-11-29,1.1850025653839111,1.1860989332199097,1.1744946241378784,1.1768028736114502,0,-0.006943607277574915,0.09236933269995079,1.2404668408632278
2005-11-30,1.1768028736114502,1.1802055835723877,1.1759034395217896,1.1804981231689453,0,0.003135155492930688,0.09248522361442632,1.2397388231754303
2005-12-01,1.1798992156982422,1.1799967288970947,1.1693992614746094,1.1742050647735596,0,-0.005345109660045109,0.09221268974392431,1.2390083169937134
2005-12-02,1.1742050647735596,1.1743016242980957,1.166806697845459,1.1718933582305908,0,-0.0019706822769623342,0.08718951886473543,1.2382762604951858
2005-12-05,1.172003149986267,1.1818934679031372,1.1690983772277832,1.1787031888961792,0,0.005794145937643072,0.08082248486062515,1.2375467330217362
2005-12-06,1.178550362586975,1.1808048486709595,1.1760554313659668,1.1798018217086792,0,0.000931634986589071,0.08068225397679668,1.2368372303247452
2005-12-07,1.179843544960022,1.1798992156982422,1.1707956790924072,1.1717971563339233,0,-0.006807875293026708,0.08382214008746015,1.2361102497577667
2005-12-08,1.1718933582305908,1.184805989265442,1.170905351638794,1.1813069581985474,0,0.00808281586887544,0.08857697285886214,1.2354488122463225
2005-12-09,1.1818934679031372,1.183698058128357,1.177093744277954,1.181404709815979,0,8.274527849556887e-05,0.08249935686274083,1.2348028421401978
2005-12-12,1.1794956922531128,1.198193073272705,1.1794538497924805,1.1956002712249756,0,0.011944215757612339,0.0902947621756374,1.234157361984253
2005-12-13,1.1952000856399536,1.1981070041656494,1.1912987232208252,1.1949001550674438,0,-0.0005857486322519653,0.08894973040307562,1.2335209041833877
2005-12-14,1.1949001550674438,1.2057054042816162,1.1948002576828003,1.1974040269851685,0,0.0020932729631926343,0.08861979399751843,1.232831911444664
2005-12-15,1.198006510734558,1.2038040161132812,1.194001317024231,1.1967018842697144,0,-0.0005865594602848372,0.08642611561479065,1.232126905322075
2005-12-16,1.1968021392822266,1.2029062509536743,1.194400668144226,1.2014031410217285,0,0.0039208147475193475,0.08521298699024639,1.2314149355888366
2005-12-19,1.2036012411117554,1.203905463218689,1.1978055238723755,1.2006964683532715,0,-0.0005883791713599018,0.08525514908187129,1.2306819617748261
2005-12-20,1.2007973194122314,1.2014031410217285,1.184399127960205,1.1874933242797852,0,-0.011057143475311651,0.09388132092714808,1.2299369019269943
2005-12-21,1.1878036260604858,1.1908022165298462,1.1804563999176025,1.1834039688110352,0,-0.0034496302610209154,0.09221593465417027,1.2291988790035249
2005-12-22,1.183095932006836,1.1895982027053833,1.1816000938415527,1.187295913696289,0,0.003283375015465625,0.09284420708120064,1.2284298896789552
2005-12-23,1.187295913696289,1.1886931657791138,1.183698058128357,1.187197208404541,0,-8.313798922913808e-05,0.09239448820163404,1.2276763755083084
2005-12-26,1.1861974000930786,1.1897962093353271,1.1836000680923462,1.1837962865829468,0,-0.0028687756092232544,0.09128974775619567,1.2269343739748002
2005-12-27,1.183698058128357,1.1876062154769897,1.182746171951294,1.1856067180633545,0,0.0015281755186312845,0.08366750703097287,1.2262819015979767
2005-12-28,1.185494303703308,1.1931037902832031,1.1816978454589844,1.184805989265442,0,-0.0006756028820583676,0.07981919547130269,1.2256674194335937
2005-12-29,1.1849043369293213,1.1876062154769897,1.1822007894515991,1.1850025653839111,0,0.0001659004213943699,0.07916099189901556,1.225095972418785
2005-12-30,1.1849043369293213,1.1890040636062622,1.178300380706787,1.184104561805725,0,-0.0007580945672631534,0.0766820169934039,1.224550532102585
2006-01-02,1.184202790260315,1.1864930391311646,1.1815024614334106,1.1816978454589844,0,-0.002034588492747508,0.07670722406782426,1.2239809948205949
2006-01-03,1.1816978454589844,1.2034997940063477,1.1816978454589844,1.2032970190048218,0,0.01811304870329681,0.0968535662743178,1.2235499435663224
2006-01-04,1.2030943632125854,1.2141964435577393,1.2029062509536743,1.2111963033676147,0,0.006543246546145695,0.09874807133658897,1.223136950135231
2006-01-05,1.2114017009735107,1.2121946811676025,1.2072045803070068,1.2106977701187134,0,-0.00041168873684475156,0.0945686182956653,1.2227329105138778
2006-01-06,1.2105072736740112,1.2174040079116821,1.208605170249939,1.2154065370559692,0,0.0038817563086495453,0.09199972008425826,1.222326456308365
2006-01-09,1.2140047550201416,1.2154951095581055,1.205807089805603,1.207496166229248,0,-0.006529687652801062,0.09592005637315544,1.2219094091653824
2006-01-10,1.207496166229248,1.2105951309204102,1.2040939331054688,1.2064036130905151,0,-0.0009052183712828674,0.08747101569274567,1.221516426205635
2006-01-11,1.2064036130905151,1.2145060300827026,1.20480477809906,1.2139016389846802,0,0.0061959538988384764,0.08960897407672488,1.2211569678783416
2006-01-12,1.2140047550201416,1.2161011695861816,1.201302170753479,1.2045000791549683,0,-0.007775058312854718,0.09415226083975048,1.220745952129364
2006-01-13,1.2040069103240967,1.2146978378295898,1.20339834690094,1.2142995595932007,0,0.008102807605059732,0.09788083465862132,1.22039244890213
2006-01-16,1.2165006399154663,1.2170928716659546,1.2110055685043335,1.2116072177886963,0,-0.0022196590033975753,0.09764211733560615,1.2199830162525176
2006-01-17,1.2116951942443848,1.2140932083129883,1.2054002285003662,1.2108443975448608,0,-0.0006297919547457851,0.0976475191443686,1.2195517337322235
2006-01-18,1.2109030485153198,1.2154065370559692,1.2077440023422241,1.210800290107727,0,-3.6427670304904696e-05,0.08837644941649445,1.2191482067108155
2006-01-19,1.2106977701187134,1.212106466293335,1.2061998844146729,1.2091021537780762,0,-0.0014034752621391658,0.08737871059827748,1.2187376892566681
2006-01-20,1.208999752998352,1.2141964435577393,1.205807089805603,1.2136069536209106,0,0.003718816279432901,0.08753352335450118,1.2184082627296449
2006-01-23,1.2167967557907104,1.232103705406189,1.2167967557907104,1.2304056882858276,0,0.013747064094996127,0.09779913866362885,1.218125284910202
2006-01-24,1.2304056882858276,1.2307995557785034,1.2263468503952026,1.2264971733093262,0,-0.003181662844508498,0.09798922533321709,1.2177487951517105
2006-01-25,1.226602554321289,1.2320430278778076,1.2240052223205566,1.2244998216629028,0,-0.001629828263892348,0.0986622372426754,1.2173387622833252
2006-01-26,1.2246047258377075,1.226798176765442,1.2201966047286987,1.2214934825897217,0,-0.0024581756473356186,0.09935673879557824,1.2169027549028397
2006-01-27,1.2215979099273682,1.2231069803237915,1.2091021537780762,1.2093945741653442,0,-0.009954393660605,0.10690575697326563,1.2164262300729751
2006-01-30,1.2105951309204102,1.2114017009735107,1.2070006132125854,1.208605170249939,0,-0.0006529396417630722,0.1068849552372679,1.2159382599592208
2006-01-31,1.208605170249939,1.2184572219848633,1.2082985639572144,1.2148454189300537,0,0.005149898660757911,0.10723277836688001,1.2155155211687088
2006-02-01,1.2149044275283813,1.2165006399154663,1.2054002285003662,1.2066947221755981,0,-0.006731854159330352,0.09159946000614846,1.2150565004348755
2006-02-02,1.2065927982330322,1.2105951309204102,1.203905463218689,1.208400845527649,0,0.0014128829175007124,0.08875653857537978,1.2146379721164704
2006-02-03,1.208400845527649,1.2109030485153198,1.1975044012069702,1.2027037143707275,0,-0.004725752548756046,0.09018786660963217,1.214198961853981
2006-02-06,1.2030943632125854,1.2042969465255737,1.1950000524520874,1.196300983428955,0,-0.005337835436600159,0.09043619827860294,1.213742477297783
2006-02-07,1.1961007118225098,1.201302170753479,1.1953001022338867,1.1992995738983154,0,0.002503415710290351,0.08856205406222076,1.2133159554004669
2006-02-08,1.1991989612579346,1.1994003057479858,1.1927480697631836,1.19650137424469,0,-0.002335921043996027,0.0888185960228092,1.212854996919632
2006-02-09,1.1966016292572021,1.1995010375976562,1.1952000856399536,1.1994003057479858,0,0.002419909750198401,0.08621435314589128,1.2123769921064378
2006-02-10,1.2001056671142578,1.2023999691009521,1.189499020576477,1.19070303440094,0,-0.007277768780254572,0.08570658831781905,1.2118524807691573
2006-02-13,1.1900936365127563,1.1917957067489624,1.1883964538574219,1.1911994218826294,0,0.00041679917459765814,0.07986768055202076,1.2114024925231934
2006-02-14,1.1911994218826294,1.1924067735671997,1.1866055727005005,1.1915968656539917,0,0.00033359442192101293,0.07983173459973654,1.21093299806118
2006-02-15,1.1915968656539917,1.1949001550674438,1.1876484155654907,1.1885942220687866,0,-0.002523028670692511,0.08005204803393613,1.2104325038194657
2006-02-16,1.1881988048553467,1.1911001205444336,1.1852976083755493,1.19070303440094,0,0.0017726350741738186,0.08053697751434026,1.2099790477752685
2006-02-17,1.1908022165298462,1.1942009925842285,1.1861974000930786,1.1942009925842285,0,0.0029334184118270726,0.08152073492112379,1.2096095418930053
2006-02-20,1.1949429512023926,1.1975044012069702,1.1929045915603638,1.193402886390686,0,-0.0006685415703136901,0.08000107386981997,1.2092685222625732
2006-02-21,1.1935025453567505,1.193701982498169,1.189697265625,1.191994547843933,0,-0.0011808000546799876,0.06001776885873331,1.2089085012674332
2006-02-22,1.191994547843933,1.1930042505264282,1.186901330947876,1.1915968656539917,0,-0.0003336831903147659,0.05982901510084453,1.2085649710893631
2006-02-23,1.1912987232208252,1.1968021392822266,1.189499020576477,1.1921935081481934,0,0.0005005830321471893,0.06016873022140281,1.2081854277849198
2006-02-24,1.1924067735671997,1.1932035684585571,1.186704158782959,1.1878036260604858,0,-0.0036889851697372296,0.06062349340311303,1.20780692756176
2006-02-27,1.184399127960205,1.1877048015594482,1.1831939220428467,1.1850025653839111,0,-0.0023609698826720753,0.05212642264880805,1.2074534517526627
2006-02-28,1.1849043369293213,1.1940441131591797,1.1837962865829468,1.1930042505264282,0,0.006729766532618566,0.058568312031115316,1.2071329599618912
2006-03-01,1.1929045915603638,1.1968021392822266,1.18965482711792,1.191994547843933,0,-0.0008467113220418398,0.05468128717803135,1.2068089205026626
2006-03-02,1.1918524503707886,1.204601526260376,1.1915541887283325,1.203905463218689,0,0.009942830206237223,0.06227202496181257,1.2065289175510407
2006-03-03,1.2037025690078735,1.204993486404419,1.200898289680481,1.204601526260376,0,0.0005780037708891324,0.062081602238958686,1.2062949645519256
2006-03-06,1.2086491584777832,1.2092044353485107,1.1995010375976562,1.2016053199768066,0,-0.002490399224668445,0.060467579271852916,1.2060120213031769
2006-03-07,1.2019952535629272,1.2021976709365845,1.18715500831604,1.1890040636062622,0,-0.01054239405875138,0.06837948557201026,1.2057155454158783
2006-03-08,1.189202070236206,1.193901538848877,1.1876062154769897,1.1927053928375244,0,0.0031081307595809938,0.06872212937066563,1.2055250746011734
2006-03-09,1.1928049325942993,1.1948002576828003,1.1902070045471191,1.1904053688049316,0,-0.0019302709582450278,0.06858214701456448,1.2053790938854219
2006-03-10,1.1900936365127563,1.1929045915603638,1.186704158782959,1.1911001205444336,0,0.0005834559376983349,0.06797598878307408,1.20520112991333
2006-03-13,1.1922929286956787,1.1969023942947388,1.1920514106750488,1.1967018842697144,0,0.004691992041875473,0.06515007415802813,1.205069627761841
2006-03-14,1.1967018842697144,1.2029062509536743,1.194400668144226,1.2018941640853882,0,0.004329439239752162,0.06667636582518886,1.2049490934610367
2006-03-15,1.2017064094543457,1.2075982093811035,1.201143503189087,1.2071025371551514,0,0.0043241081920564455,0.0680262726093224,1.2048451173305512
2006-03-16,1.2072045803070068,1.2190067768096924,1.203905463218689,1.217492938041687,0,0.008570884998657696,0.07229802178354076,1.2048136049509048
2006-03-17,1.2175966501235962,1.220405101776123,1.215096354484558,1.2192000150680542,0,0.0014011427278653272,0.07226876452570667,1.204795640707016
2006-03-20,1.2181010246276855,1.2194973230361938,1.2153031826019287,1.216293454170227,0,-0.0023868364374000453,0.07293933260349443,1.2048086315393447
2006-03-21,1.2158055305480957,1.2161011695861816,1.2081964015960693,1.210800290107727,0,-0.004526544106376268,0.07515728336495,1.204803642630577
2006-03-22,1.2105951309204102,1.210800290107727,1.2070006132125854,1.2079044580459595,0,-0.002394532402229981,0.07565375242904392,1.2048301523923874
2006-03-23,1.2080942392349243,1.2080942392349243,1.1958003044128418,1.197203278541565,0,-0.008898769862727175,0.08253555903475052,1.2047551953792572
2006-03-24,1.1968021392822266,1.20480477809906,1.1957002878189087,1.2034997940063477,0,0.005245571578341346,0.08435299006554484,1.2047231608629227
2006-03-27,1.2032970190048218,1.205807089805603,1.2006964683532715,1.20110023021698,0,-0.001995811828747522,0.0835059842437899,1.2045891731977463
2006-03-28,1.2015043497085571,1.210404634475708,1.1997023820877075,1.20110023021698,0,0.0,0.08287418911267184,1.2045186758041382
2006-03-29,1.200898289680481,1.204993486404419,1.1985952854156494,1.2030943632125854,0,0.0016588785769306596,0.07999269795478454,1.2044471275806428
2006-03-30,1.2029930353164673,1.217492938041687,1.2027037143707275,1.2167967557907104,0,0.01132492195118332,0.08828303401154533,1.2044705790281296
2006-03-31,1.2167967557907104,1.2175966501235962,1.208956003189087,1.2115044593811035,0,-0.004358853634659159,0.08377567108822165,1.2045135700702667
2006-04-03,1.212106466293335,1.2149044275283813,1.2038040161132812,1.2139016389846802,0,0.001976724958151662,0.08397411721934335,1.2045340567827225
2006-04-04,1.2136952877044678,1.227596402168274,1.2126061916351318,1.2260010242462158,0,0.009918005849360768,0.0894764207938801,1.2045820766687394
2006-04-05,1.2261061668395996,1.2306934595108032,1.2246947288513184,1.2288031578063965,0,0.00228298028635211,0.07914088974120125,1.204689559340477
2006-04-06,1.228606939315796,1.2328935861587524,1.2201966047286987,1.2214038372039795,0,-0.006039769791432209,0.08314090718424234,1.2047575664520265
2006-04-07,1.2214934825897217,1.2220009565353394,1.208503007888794,1.2094969749450684,0,-0.009796333460045194,0.09089539162508976,1.2047595405578613
2006-04-10,1.2110936641693115,1.2129004001617432,1.2082985639572144,1.2111963033676147,0,0.001404001669205044,0.09092001878470933,1.2048475110530854
2006-04-11,1.2111963033676147,1.2154065370559692,1.2095993757247925,1.2148010730743408,0,0.002971785868108545,0.09018371462667642,1.204967008829117
2006-04-12,1.2146978378295898,1.21690034866333,1.207802414894104,1.2114017009735107,0,-0.002802217820896405,0.0899656355314763,1.2050584983825683
2006-04-13,1.2115044593811035,1.213297724723816,1.2079044580459595,1.2116072177886963,0,0.00016963768815453134,0.08881165505416856,1.20515201151371
2006-04-14,1.2116072177886963,1.211798071861267,1.210097074508667,1.2111963033676147,0,-0.00033920573536677233,0.0833999748787357,1.2052354902029037
2006-04-17,1.2129004001617432,1.2288031578063965,1.2129004001617432,1.2254000902175903,0,0.011658843277266231,0.092974265737511,1.2053719556331635
2006-04-18,1.2252049446105957,1.236996054649353,1.2227928638458252,1.2367054224014282,0,0.009183531396874717,0.09738751882663865,1.205520989894867
2006-04-19,1.2367054224014282,1.2394952774047852,1.2293015718460083,1.2378076314926147,0,0.0008908493429412366,0.09544819258083949,1.2055950164794922
2006-04-20,1.2378995418548584,1.238006830215454,1.2298005819320679,1.230905532836914,0,-0.005591671595787801,0.09752218159073332,1.2057095104455948
2006-04-21,1.230905532836914,1.235605239868164,1.22720468044281,1.234095573425293,0,0.002588268509211019,0.09087368303506634,1.2058330154418946
2006-04-24,1.2375012636184692,1.2414032220840454,1.234202265739441,1.2388964891433716,0,0.0038826827000252085,0.09027621166893077,1.2060044902563094
2006-04-25,1.2388043403625488,1.2437965869903564,1.2368431091308594,1.2428998947143555,0,0.0032262187740076816,0.08962557492563238,1.2061909717321395
2006-04-26,1.2428998947143555,1.247007131576538,1.2390038967132568,1.2448959350585938,0,0.0016046660651647352,0.0894302507898476,1.2064004862308502
2006-04-27,1.245004415512085,1.2545949220657349,1.2412954568862915,1.2531956434249878,0,0.006644863604506852,0.09105076489298092,1.2065874367952347
2006-04-28,1.2531956434249878,1.2638070583343506,1.2525050640106201,1.2635995149612427,0,0.00826760236172215,0.08763316672345615,1.20682492852211
2006-05-01,1.2624987363815308,1.2687939405441284,1.2565971612930298,1.258004069328308,0,-0.004438013057854087,0.08770363414262142,1.2070844584703446
2006-05-02,1.258004069328308,1.266496181488037,1.2562024593353271,1.261702299118042,0,0.0029354471549831803,0.08779170778358096,1.2073604428768159
2006-05-03,1.2614953517913818,1.266897201538086,1.25979483127594,1.2623074054718018,0,0.0004794802208979682,0.082794025825193,1.207663447856903
2006-05-04,1.2621959447860718,1.2718924283981323,1.2577983140945435,1.270099401473999,0,0.006153845875736307,0.08439069802396726,1.207980471253395
2006-05-05,1.2701960802078247,1.2763078212738037,1.267748475074768,1.272799015045166,0,0.002123257907461012,0.07971944252596908,1.2082784926891328
2006-05-08,1.2733014822006226,1.2784944772720337,1.2696961164474487,1.27029287815094,0,-0.0019709375915264553,0.06907345621047832,1.2085679548978805
2006-05-09,1.27029287815094,1.2774981260299683,1.2667046785354614,1.2766989469528198,0,0.005030312423480176,0.06959764308516825,1.2088594603538514
2006-05-10,1.2766989469528198,1.2822978496551514,1.2753963470458984,1.2774492502212524,0,0.0005875174281937835,0.06988695454519267,1.2091497403383256
2006-05-11,1.2776939868927002,1.2865046262741089,1.269599437713623,1.2851983308792114,0,0.006047733081751017,0.06830135666583138,1.209408222436905
2006-05-12,1.2855949401855469,1.2943978309631348,1.2846039533615112,1.2929919958114624,0,0.006045859835349868,0.0684658109285347,1.2096806955337525
2006-05-15,1.2973029613494873,1.2973029613494873,1.2782002687454224,1.2790013551712036,0,-0.010879327218100593,0.08326502578785988,1.2098927104473114
2006-05-16,1.278592586517334,1.2866039276123047,1.2777429819107056,1.285000205039978,0,0.004679295759930909,0.07696260351893758,1.2101422035694123
2006-05-17,1.2850992679595947,1.2917059659957886,1.2707933187484741,1.2741937637329102,0,-0.008445241483864874,0.0811014624505293,1.2103241342306137
2006-05-18,1.2743074893951416,1.2872000932693481,1.2732040882110596,1.2850992679595947,0,0.008522330266385929,0.08470045676276053,1.210556606054306
2006-05-19,1.2848020792007446,1.2860082387924194,1.2701960802078247,1.2766989469528198,0,-0.006558167669646246,0.0858198777653942,1.210703586935997
2006-05-22,1.276796817779541,1.288195013999939,1.27029287815094,1.2852975130081177,0,0.006712420157343083,0.08750642956835959,1.2109076088666917
2006-05-23,1.2848020792007446,1.287697434425354,1.2772045135498047,1.2782983779907227,0,-0.005460417870518635,0.09081030817958291,1.211113584637642
2006-05-24,1.2784944772720337,1.2887927293777466,1.2735933065414429,1.277400255203247,0,-0.0007028393823763122,0.09088423118674385,1.2113256114721298
2006-05-25,1.2773023843765259,1.2823965549468994,1.2750548124313354,1.2810001373291016,0,0.002814168190519901,0.09103114093049813,1.2115915751457214
2006-05-26,1.2809016704559326,1.2825446128845215,1.2707933187484741,1.2739015817642212,0,-0.005556827315730726,0.09191663339523921,1.2118690937757493
2006-05-29,1.2739989757537842,1.2768945693969727,1.2737069129943848,1.2751035690307617,0,0.0009431031202563077,0.08780928677363486,1.2121671360731125
2006-05-30,1.2752012014389038,1.2905057668685913,1.2747948169708252,1.2865046262741089,0,0.00890154282510268,0.09060271453860679,1.2124826282262802
2006-05-31,1.2866039276123047,1.2900062799453735,1.2809016704559326,1.2816076278686523,0,-0.0038136996019872637,0.09185665454799591,1.2127731865644455
2006-06-01,1.2816076278686523,1.2821991443634033,1.272799015045166,1.28109872341156,0,-0.00039716174545518054,0.09193879236785131,1.2130416774749755
2006-06-02,1.2811970710754395,1.2937949895858765,1.2800490856170654,1.2918059825897217,0,0.00832313840843239,0.09384643063450152,1.2133497381210328
2006-06-05,1.2925074100494385,1.2976564168930054,1.2900062799453735,1.290106177330017,0,-0.0013167028155889355,0.09399492622070613,1.2136532318592073
2006-06-06,1.2900062799453735,1.2931926250457764,1.28109872341156,1.2821991443634033,0,-0.006147837742566837,0.09653785353448834,1.2139467477798462
2006-06-07,1.2821499109268188,1.2836971282958984,1.2766989469528198,1.2801966667175293,0,-0.0015629732493835117,0.09528502408363584,1.2142386966943741
2006-06-08,1.2801966667175293,1.2809016704559326,1.2632005214691162,1.2648941278457642,0,-0.012025286727839984,0.10412924995073691,1.2143926894664765
2006-06-09,1.2648941278457642,1.2681021690368652,1.2606048583984375,1.2640947103500366,0,-0.0006322032824184526,0.10139598310601536,1.2144681590795516
2006-06-12,1.2615430355072021,1.2648941278457642,1.2571974992752075,1.258605718612671,0,-0.00435168626168237,0.09893304521434208,1.2144946599006652
2006-06-13,1.2587007284164429,1.261193037033081,1.2533998489379883,1.2545949220657349,0,-0.003191786510807495,0.0929406983447422,1.2145041680336
2006-06-14,1.2545949220657349,1.2640947103500366,1.2541072368621826,1.2609069347381592,0,0.005018502294383033,0.09320512489363837,1.2145797252655028
2006-06-15,1.2610021829605103,1.2648941278457642,1.259303092956543,1.2639987468719482,0,0.002449052811487121,0.08966795526423851,1.2146917009353637
2006-06-16,1.2639508247375488,1.2672022581100464,1.2621959447860718,1.2644941806793213,0,0.0003918807193921517,0.08372035425206464,1.2148171561956405
2006-06-19,1.2638070583343506,1.2643983364105225,1.2556504011154175,1.258004069328308,0,-0.0051457920115929555,0.08262574142148454,1.2149017006158829
2006-06-20,1.258004069328308,1.2616068124771118,1.2545005083084106,1.2589067220687866,0,0.0007172703794377151,0.07834598414413126,1.2150507080554962
2006-06-21,1.2590018510818481,1.2677966356277466,1.2590018510818481,1.2660951614379883,0,0.005693824497079237,0.07983696678160421,1.2152411669492722
2006-06-22,1.2660951614379883,1.2678931951522827,1.2556977272033691,1.2584948539733887,0,-0.0060210413408220455,0.08213596965208335,1.2153941524028777
2006-06-23,1.2583998441696167,1.2587958574295044,1.2485953569412231,1.2523951530456543,0,-0.004858606239090059,0.08228826560336895,1.2155381244421006
2006-06-26,1.2509069442749023,1.2599060535430908,1.2507035732269287,1.2589067220687866,0,0.005185823082832815,0.08332480441873409,1.2157131564617156
2006-06-27,1.2591921091079712,1.2618932723999023,1.2567076683044434,1.256897211074829,0,-0.0015975103582966236,0.08321057579044504,1.2159281343221664
2006-06-28,1.2570078372955322,1.258605718612671,1.2522070407867432,1.2545949220657349,0,-0.0018334038348102601,0.07558808966352405,1.2161416047811509
2006-06-29,1.2545949220657349,1.266993522644043,1.2523010969161987,1.26639986038208,0,0.009365370117246618,0.0832372878607296,1.2163965713977813
2006-06-30,1.2663036584854126,1.2794922590255737,1.2659990787506104,1.2782983779907227,0,0.009351681974279191,0.09006110328101219,1.2167675936222075
2006-07-03,1.2789032459259033,1.2821005582809448,1.2765034437179565,1.28009831905365,0,0.0014070854312627076,0.08494838620653007,1.2171315521001815
2006-07-04,1.28009831905365,1.2821991443634033,1.2782002687454224,1.2790013551712036,0,-0.0008573045908928146,0.08490310152697643,1.2175170880556108
2006-07-05,1.2791976928710938,1.2836475372314453,1.2711002826690674,1.2733986377716064,0,-0.004390163308075298,0.08361539966768833,1.2178530818223954
2006-07-06,1.2733501195907593,1.2782983779907227,1.2722970247268677,1.2775959968566895,0,0.003290765739700941,0.08439894183012386,1.21823057949543
2006-07-07,1.2776939868927002,1.2853965759277344,1.2768945693969727,1.2823965549468994,0,0.003750451315832775,0.07326342129149381,1.2186285376548767
2006-07-10,1.2809016704559326,1.2813942432403564,1.2726045846939087,1.2745022773742676,0,-0.006174904189814338,0.07691484720714054,1.219044555425644
2006-07-11,1.2743074893951416,1.2779062986373901,1.2710033655166626,1.2767478227615356,0,0.0017603495376866014,0.07505849436285081,1.2194688189029694
2006-07-12,1.2768945693969727,1.2777429819107056,1.2682468891143799,1.2711971998214722,0,-0.004356947792424389,0.07591967160739742,1.2198187988996505
2006-07-13,1.271504282951355,1.2729934453964233,1.2671059370040894,1.2696961164474487,0,-0.001181540003307359,0.07442309083321383,1.220081297159195
2006-07-14,1.269792914390564,1.269792914390564,1.2629930973052979,1.2643983364105225,0,-0.004181207807113774,0.07558038076497563,1.220338271856308
2006-07-17,1.2639029026031494,1.2640947103500366,1.251392126083374,1.251799464225769,0,-0.010014298138597572,0.08314468460795955,1.220572737455368
2006-07-18,1.2518935203552246,1.2556977272033691,1.2485485076904297,1.2502031326293945,0,-0.0012760432902732188,0.08147261978833882,1.2208312797546386
2006-07-19,1.2502031326293945,1.2607955932617188,1.246603012084961,1.2599060535430908,0,0.007731113288475531,0.08606536266824832,1.2211167854070664
2006-07-20,1.260001301765442,1.2652943134307861,1.2591921091079712,1.263296127319336,0,0.002687121818321156,0.08418537808017293,1.221423795223236
2006-07-21,1.2635036706924438,1.2706964015960693,1.2632005214691162,1.270599603652954,0,0.0057646385914954384,0.08364844192200674,1.2217382913827897
2006-07-24,1.2706964015960693,1.2706964015960693,1.2613998651504517,1.262403130531311,0,-0.0064717669817498475,0.08511362977063237,1.2220448058843614
2006-07-25,1.2622437477111816,1.266993522644043,1.2567076683044434,1.2583998441696167,0,-0.003176202001812247,0.08408630278884437,1.2223593044281005
2006-07-26,1.2583998441696167,1.2725075483322144,1.256407618522644,1.2712942361831665,0,0.010194516236336774,0.0909401611082154,1.2227287554740907
2006-07-27,1.2711971998214722,1.2768945693969727,1.2686008214950562,1.269599437713623,0,-0.0013340178208113482,0.09079211321580831,1.2230677872896194
2006-07-28,1.2695027589797974,1.2769924402236938,1.2663036584854126,1.2751035690307617,0,0.004325958578429915,0.08620041908484134,1.2234663045406342
2006-07-31,1.2765034437179565,1.2782002687454224,1.2745997905731201,1.277400255203247,0,0.0017995560049545065,0.07998279513105917,1.2238652819395066
2006-08-01,1.277400255203247,1.2831040620803833,1.2722970247268677,1.2820019721984863,0,0.003595934944970853,0.08083439732608158,1.224219310283661
2006-08-02,1.2818540334701538,1.2834992408752441,1.2782002687454224,1.2791976928710938,0,-0.002189817909358722,0.08115830681167442,1.2245837903022767
2006-08-03,1.2791485786437988,1.2831040620803833,1.2746973037719727,1.2799016237258911,0,0.0005501395494782312,0.07957439118127604,1.22491180062294
2006-08-04,1.2799999713897705,1.2909055948257446,1.2780042886734009,1.2878963947296143,0,0.006226967058490062,0.08161545565805337,1.2253157699108124
2006-08-07,1.2883940935134888,1.28940749168396,1.28109872341156,1.2819033861160278,0,-0.004664191757599179,0.08244125943993182,1.2257308018207551
2006-08-08,1.2819033861160278,1.2884937524795532,1.2779062986373901,1.2766989469528198,0,-0.004068194790429433,0.0807649205021136,1.2261022967100144
2006-08-09,1.2773023843765259,1.2900062799453735,1.2773023843765259,1.2874983549118042,0,0.008423276792302849,0.0856592762449479,1.2265060240030288
2006-08-10,1.2872498035430908,1.2910054922103882,1.275298833847046,1.2792959213256836,0,-0.00639121068862434,0.08735554429743725,1.2269265031814576
2006-08-11,1.2791976928710938,1.28009831905365,1.2721028327941895,1.2725075483322144,0,-0.005320463811241321,0.0893942800096003,1.227382506132126
2006-08-14,1.2733986377716064,1.2761938571929932,1.2712942361831665,1.2722970247268677,0,-0.00016545365255599755,0.0880401526438686,1.2278474867343903
2006-08-15,1.2721998691558838,1.2802950143814087,1.2711002826690674,1.2790995836257935,0,0.005332432437814901,0.0811772206791853,1.228358970284462
2006-08-16,1.2789032459259033,1.2864052057266235,1.2774981260299683,1.2843070030212402,0,0.004062895512449821,0.08137500417750058,1.2288915008306502
2006-08-17,1.2842081785202026,1.2886930704116821,1.2814927101135254,1.283202886581421,0,-0.0008600679688531479,0.07817469552213027,1.229469735622406
2006-08-18,1.2830052375793457,1.2844555377960205,1.2784454822540283,1.2828078269958496,0,-0.00030791733378379477,0.07798696019179678,1.230016263127327
2006-08-21,1.2838947772979736,1.2936946153640747,1.2835981845855713,1.2872995138168335,0,0.0034953336949795155,0.07652347013007528,1.2306067901849747
2006-08-22,1.2872000932693481,1.2882945537567139,1.278756022453308,1.2811970710754395,0,-0.0047517713355795035,0.07472536052686428,1.2311467784643173
2006-08-23,1.2811970710754395,1.2846535444259644,1.2780042886734009,1.2781022787094116,0,-0.0024184696289944007,0.07427437805360959,1.2316987603902816
2006-08-24,1.2783963680267334,1.2838947772979736,1.2756078243255615,1.2761938571929932,0,-0.0014942839592491147,0.0661154643078502,1.2322057384252547
2006-08-25,1.2761938571929932,1.2782983779907227,1.2733014822006226,1.2757054567337036,0,-0.0003827740871964704,0.06592225644733297,1.2326962321996688
2006-08-28,1.2760961055755615,1.2819033861160278,1.2757054567337036,1.2792466878890991,0,0.0027720546003188883,0.06491739600780498,1.2332239902019502
2006-08-29,1.279344916343689,1.2838947772979736,1.275298833847046,1.2829065322875977,0,0.002856852477721754,0.06535682169722057,1.2337314993143083
2006-08-30,1.2829065322875977,1.2849011421203613,1.2813942432403564,1.284092664718628,0,0.0009241393739663098,0.06425616687577404,1.2342479383945466
2006-08-31,1.2839442491531372,1.2877968549728394,1.2790013551712036,1.2809016704559326,0,-0.0024881114668699102,0.06439694760097593,1.234761916399002
2006-09-01,1.2809016704559326,1.284505009651184,1.2759984731674194,1.2835981845855713,0,0.002102955956966126,0.06476842383687689,1.2353174179792403
2006-09-04,1.2852975130081177,1.287597894668579,1.2843070030212402,1.2856941223144531,0,0.0016315295758154143,0.06118132947942741,1.235820875763893
2006-09-05,1.2856941223144531,1.2865046262741089,1.2799999713897705,1.2823965549468994,0,-0.0025681096147348705,0.059613874657161024,1.2363488441705703
2006-09-06,1.2822978496551514,1.283202886581421,1.277400255203247,1.2819033861160278,0,-0.0003846420842231741,0.057769405645347785,1.2368558704853059
2006-09-07,1.2821005582809448,1.2830052375793457,1.2710517644882202,1.2732040882110596,0,-0.006809366420828909,0.05443057491758609,1.2373508656024932
2006-09-08,1.2731068134307861,1.2739015817642212,1.2659990787506104,1.2672985792160034,0,-0.004649095399598617,0.052362814000001735,1.2378278917074204
2006-09-11,1.2672985792160034,1.2735933065414429,1.2654062509536743,1.2710033655166626,0,0.0029191081377163194,0.050447871637197224,1.2382893925905227
2006-09-12,1.2707933187484741,1.2731068134307861,1.2678449153900146,1.2695027589797974,0,-0.001181344691054494,0.05059808285708071,1.2387378972768783
2006-09-13,1.2690999507904053,1.2712942361831665,1.2671059370040894,1.2696961164474487,0,0.0001522980101292906,0.04660913922672072,1.239227392077446
2006-09-14,1.2696961164474487,1.2751524448394775,1.2678931951522827,1.2722970247268677,0,0.0020463542130882352,0.04468657580705889,1.2396823424100876
2006-09-15,1.2722970247268677,1.2737069129943848,1.2636473178863525,1.2651021480560303,0,-0.005671079293282218,0.04821484480658179,1.2401008296012879
2006-09-18,1.264302372932434,1.2711002826690674,1.2635036706924438,1.2706964015960693,0,0.004412229525440956,0.05134072308157128,1.2404763102531433
2006-09-19,1.2709063291549683,1.2727018594741821,1.2652943134307861,1.2677003145217896,0,-0.0023606148294820803,0.049647845924465216,1.2408403110504151
2006-09-20,1.2678931951522827,1.2721028327941895,1.266800880432129,1.2687939405441284,0,0.0008623130826507097,0.04768884477565845,1.2411972606182098
2006-09-21,1.2686975002288818,1.2799999713897705,1.2685526609420776,1.2781022787094116,0,0.007309586892705994,0.05413435496720809,1.2416042625904082
2006-09-22,1.2782002687454224,1.2830052375793457,1.2776939868927002,1.2799999713897705,0,0.001483672537638885,0.054081505973327074,1.2419972467422484
2006-09-25,1.2792959213256836,1.2820019721984863,1.2735933065414429,1.2745022773742676,0,-0.004304323870715119,0.05622448462087079,1.2423662757873535
2006-09-26,1.2748922109603882,1.2761938571929932,1.2667046785354614,1.2686975002288818,0,-0.004564947887193459,0.05732653974908244,1.242772296667099
2006-09-27,1.2687939405441284,1.2714072465896606,1.2675074338912964,1.270599603652954,0,0.0014981340914556,0.05654349271898803,1.2432082748413087
2006-09-28,1.2706964015960693,1.2733014822006226,1.2684078216552734,1.2703574895858765,0,-0.0001905691902114753,0.056331374550251244,1.2436235827207565
2006-09-29,1.2706480026245117,1.271504282951355,1.2643983364105225,1.2662074565887451,0,-0.0032721706623685854,0.05674190187426661,1.2440186339616774
2006-10-02,1.268005609512329,1.2759007215499878,1.266496181488037,1.2741937637329102,0,0.006287458366739856,0.060905312435201225,1.2444706213474275
2006-10-03,1.2741937637329102,1.2766011953353882,1.2721998691558838,1.2734960317611694,0,-0.0005477370050458743,0.06047823964138311,1.2449100679159164
2006-10-04,1.2735933065414429,1.2739015817642212,1.2672022581100464,1.2712942361831665,0,-0.0017304342563392162,0.06017814457538571,1.245342509150505
2006-10-05,1.271504282951355,1.2725075483322144,1.2676520347595215,1.269551157951355,0,-0.0013720460987372894,0.06026920272315621,1.2457652521133422
2006-10-06,1.269599437713623,1.2696961164474487,1.257703423500061,1.260398268699646,0,-0.007235661779162002,0.06085026670762379,1.2461467206478118
2006-10-09,1.2590969800949097,1.2613998651504517,1.2587958574295044,1.260096549987793,0,-0.00023941228607752356,0.05893186550989685,1.246538714170456
2006-10-10,1.260096549987793,1.2612568140029907,1.2523951530456543,1.2531956434249878,0,-0.0054915412727985615,0.06037890542753053,1.2467882072925567
2006-10-11,1.2531956434249878,1.2556977272033691,1.2505940198898315,1.2523951530456543,0,-0.0006389633995271695,0.060350469877436155,1.246994201540947
2006-10-12,1.2525050640106201,1.2567076683044434,1.2518935203552246,1.2559974193572998,0,0.002872173062261645,0.06152781998818601,1.2472206997871398
2006-10-13,1.2561078071594238,1.2578933238983154,1.2487980127334595,1.250500202178955,0,-0.004386380378048497,0.062183389511633345,1.2473961681127548
2006-10-16,1.250500202178955,1.2542959451675415,1.2492036819458008,1.2541072368621826,0,0.0028803213795028527,0.060823725055168754,1.2476292234659194
2006-10-17,1.2539970874786377,1.2565971612930298,1.2520031929016113,1.2545005083084106,0,0.00031353761879019954,0.05833059376350297,1.247869707942009
2006-10-18,1.2544060945510864,1.2559974193572998,1.2503437995910645,1.2539026737213135,0,-0.0004766654760284386,0.05798256459723769,1.2480697131156921
2006-10-19,1.2539970874786377,1.2639987468719482,1.2534940242767334,1.2627060413360596,0,0.0069962433735178044,0.06346120264136558,1.2483607429265975
2006-10-20,1.2628973722457886,1.2640947103500366,1.2602077722549438,1.2616068124771118,0,-0.0008709133867989162,0.057238928556988374,1.2485972791910172
2006-10-23,1.261193037033081,1.2623074054718018,1.2539499998092651,1.255098819732666,0,-0.005171846216307196,0.05878144165846978,1.248814737200737
2006-10-24,1.2551933526992798,1.2577983140945435,1.252803087234497,1.2559027671813965,0,0.0006403400781511017,0.05769646149139013,1.2490400290489196
2006-10-25,1.2557923793792725,1.2620048522949219,1.2556977272033691,1.2616068124771118,0,0.004531506138156045,0.058616334743835964,1.2492940616607666
2006-10-26,1.2613998651504517,1.2700024843215942,1.2613521814346313,1.2694060802459717,0,0.00616298121393981,0.06248591708769431,1.249595581293106
2006-10-27,1.269244909286499,1.2756078243255615,1.2666566371917725,1.2743074893951416,0,0.0038537477440230426,0.06392109629069524,1.2498990839719772
2006-10-30,1.2731068134307861,1.2734960317611694,1.27029287815094,1.271795392036438,0,-0.001973288818902049,0.06319975204577101,1.2501060324907303
2006-10-31,1.2718924283981323,1.2782983779907227,1.2684078216552734,1.2766989469528198,0,0.0038482023621698694,0.06076193065361568,1.2503570413589478
2006-11-01,1.2765034437179565,1.2793940305709839,1.2746485471725464,1.2754452228546143,0,-0.0009824869722385306,0.06083835839801419,1.2506117683649063
2006-11-02,1.2754939794540405,1.2784944772720337,1.2740962505340576,1.2780042886734009,0,0.0020043996672048474,0.060819194767834664,1.2508943223953246
2006-11-03,1.2779062986373901,1.2782002687454224,1.2690032720565796,1.2706964015960693,0,-0.0057346138229264106,0.06407616878354726,1.2512008315324783
2006-11-06,1.2718924283981323,1.2733986377716064,1.269357681274414,1.2725560665130615,0,0.0014624307037940576,0.0584656054680033,1.251520586013794
2006-11-07,1.272799015045166,1.2818048000335693,1.2725075483322144,1.2779062986373901,0,0.004195505917241721,0.0598030373251535,1.2518358904123306
2006-11-08,1.2779062986373901,1.2806065082550049,1.275298833847046,1.2759984731674194,0,-0.001494046172681382,0.05610381306130912,1.2521824091672897
2006-11-09,1.2759497165679932,1.2846039533615112,1.275298833847046,1.283252239227295,0,0.0056686790778752915,0.058198114295724405,1.2525566661357879
2006-11-10,1.2836971282958984,1.28940749168396,1.283351182937622,1.2853965759277344,0,0.001669622710527332,0.05790042117476849,1.252970130443573
2006-11-13,1.284703016281128,1.2878963947296143,1.2798525094985962,1.2825939655303955,0,-0.002182727284075983,0.05573116945231755,1.2534015953540802
2006-11-14,1.2819033861160278,1.2870012521743774,1.2799999713897705,1.2813942432403564,0,-0.0009358251909987133,0.055854928410157885,1.2538120687007903
2006-11-15,1.2813942432403564,1.283400535583496,1.2782002687454224,1.282495141029358,0,0.0008587717265917784,0.05579932894461966,1.2542420375347136
2006-11-16,1.2823965549468994,1.2834992408752441,1.2789032459259033,1.2793940305709839,0,-0.0024209571650435323,0.056866297468616794,1.2546420061588288
2006-11-17,1.2791976928710938,1.285000205039978,1.2765034437179565,1.285000205039978,0,0.004372325691854574,0.05401068720262079,1.255113492012024
2006-11-20,1.2821005582809448,1.2850992679595947,1.2808033227920532,1.2818048000335693,0,-0.0024897930702207707,0.05493753867278407,1.2555665189027787
2006-11-21,1.2816076278686523,1.2852975130081177,1.2801474332809448,1.2846039533615112,0,0.0021813784995855876,0.050680110454797485,1.2560315543413163
2006-11-22,1.284406065940857,1.2956053018569946,1.284406065940857,1.2938953638076782,0,0.007206866877766688,0.054852248080163535,1.2565580600500106
2006-11-23,1.284406065940857,1.2976058721542358,1.284406065940857,1.295202612876892,0,0.0010098105147594955,0.053678561925190105,1.2570805579423905
2006-11-24,1.295202612876892,1.3104957342147827,1.2950012683868408,1.3085066080093384,0,0.010219352306519484,0.05984057650841584,1.257652086019516
2006-11-27,1.3158068656921387,1.3158068656921387,1.3101009130477905,1.3133012056350708,0,0.0036574785883362816,0.0597448025405441,1.258251577615738
2006-11-28,1.3134045600891113,1.3210039138793945,1.3121981620788574,1.320393443107605,0,0.005385783518544372,0.059893209670396484,1.2588935720920562
2006-11-29,1.3202017545700073,1.3214054107666016,1.3139914274215698,1.3148033618927002,0,-0.004242635380701603,0.06286667724098809,1.25950960457325
2006-11-30,1.3148033618927002,1.3270519971847534,1.314699649810791,1.325100064277649,0,0.007800857030279221,0.06595866995312596,1.260174137353897
2006-12-01,1.3259961605072021,1.3347035646438599,1.3223490715026855,1.334098219871521,0,0.00676759607638885,0.0681549178591623,1.2609056103229523
2006-12-04,1.3355414867401123,1.3355414867401123,1.328691840171814,1.3336000442504883,0,-0.00037348723693654947,0.06276061051925529,1.261648597717285
2006-12-05,1.3336000442504883,1.3357020616531372,1.329451322555542,1.331894874572754,0,-0.0012794396254905522,0.06392993291663483,1.2623430508375169
2006-12-06,1.3318061828613281,1.334098219871521,1.326207160949707,1.3286564350128174,0,-0.002434413610155041,0.06539218387955158,1.2630263602733611
2006-12-07,1.3286035060882568,1.33249831199646,1.3280036449432373,1.3286035060882568,0,-3.9837220099502234e-05,0.06464365503360622,1.263649850487709
2006-12-08,1.3286035060882568,1.3430029153823853,1.3199926614761353,1.3394052982330322,0,0.008097312982503884,0.06692364999857042,1.2643238693475722
2006-12-11,1.3183915615081787,1.326207160949707,1.313508152961731,1.325100064277649,0,-0.010737731366210972,0.08026026555385367,1.2649413430690766
2006-12-12,1.325100064277649,1.3289036750793457,1.3225939273834229,1.3284975290298462,0,0.0025606494497704057,0.07923156834921848,1.2656388103961944
2006-12-13,1.3284975290298462,1.328797698020935,1.3198009729385376,1.3218071460723877,0,-0.005048775887443793,0.0821656030675302,1.2662843191623687
2006-12-14,1.3218071460723877,1.3249069452285767,1.3143022060394287,1.3156510591506958,0,-0.004668205235648688,0.08487690492693044,1.2669105476140976
2006-12-15,1.3153048753738403,1.3180439472198486,1.3064039945602417,1.3098949193954468,0,-0.004384725329122204,0.0861993016324421,1.2675045216083527
2006-12-18,1.308455228805542,1.3118022680282593,1.3056023120880127,1.3105987310409546,0,0.0005371596014467245,0.08539720426796532,1.2680740058422089
2006-12-19,1.3104957342147827,1.3214927911758423,1.3085579872131348,1.3207073211669922,0,0.007683363055979611,0.08749575159437462,1.2686680716276169
2006-12-20,1.3207945823669434,1.3245033025741577,1.3164995908737183,1.318704605102539,0,-0.0015175474725008403,0.0880287945493862,1.2692260819673538
2006-12-21,1.318704605102539,1.321300745010376,1.314405918121338,1.3183915615081787,0,-0.000237415381201727,0.0854174520559281,1.2697305750846863
2006-12-22,1.3183915615081787,1.3211959600448608,1.3114066123962402,1.3136979341506958,0,-0.0035664686480837257,0.08679856013327543,1.2702030646800995
2006-12-25,1.3136979341506958,1.316603660583496,1.310701847076416,1.3135944604873657,0,-7.876828905286221e-05,0.07955987221755519,1.2706895697116851
2006-12-26,1.3135944604873657,1.3143022060394287,1.3093974590301514,1.310994029045105,0,-0.0019815923932913256,0.0788535276457607,1.271190538406372
2006-12-27,1.3114066123962402,1.3176966905593872,1.3104957342147827,1.312508225440979,0,0.0011543321995789557,0.07648210724334477,1.2717135572433471
2006-12-28,1.312508225440979,1.3199055194854736,1.3109080791473389,1.3148033618927002,0,0.0017471372992905203,0.07538369240045598,1.2723015576601029
2006-12-29,1.3148033618927002,1.3207945823669434,1.3139914274215698,1.3198009729385376,0,0.0037938273873117743,0.07132789238122651,1.2728830635547639
2007-01-01,1.3198009729385376,1.321999430656433,1.3175925016403198,1.3218945264816284,0,0.0015850077965793696,0.06709100095784555,1.273487035036087
2007-01-02,1.3218945264816284,1.3293983936309814,1.321754813194275,1.3275980949401855,0,0.004305410947605112,0.06907580612267702,1.274119524359703
2007-01-03,1.3275980949401855,1.329097867012024,1.3155471086502075,1.3171066045761108,0,-0.00793400140373165,0.07403648180436236,1.2746895855665208
2007-01-04,1.3171066045761108,1.3180961608886719,1.3080958127975464,1.3092947006225586,0,-0.005948768739402194,0.07614537643318482,1.27515207529068
2007-01-05,1.3090033531188965,1.3103927373886108,1.2983977794647217,1.2984988689422607,0,-0.008279714683493073,0.08047351879317696,1.2755870473384858
2007-01-08,1.3007960319519043,1.3040019273757935,1.2986000776290894,1.3040019273757935,0,0.004229060481475468,0.07589355588205542,1.2760375487804412
2007-01-09,1.3036959171295166,1.3049037456512451,1.299156904220581,1.2996971607208252,0,-0.003306657514304869,0.06819513127327119,1.2764060294628143
2007-01-10,1.299595832824707,1.3002040386199951,1.2934937477111816,1.2939958572387695,0,-0.004396289480035525,0.06797681974715272,1.2767319929599763
2007-01-11,1.2938953638076782,1.3005930185317993,1.2885932922363281,1.289507269859314,0,-0.003474810499555011,0.06708220509122677,1.277072510123253
2007-01-12,1.289607048034668,1.2941968441009521,1.2871006727218628,1.292808175086975,0,0.002556548257492989,0.06701463613626765,1.2774890661239624
2007-01-15,1.2928917407989502,1.295706033706665,1.2919062376022339,1.2935941219329834,0,0.0006077529942698177,0.06590407148270332,1.2779010552167893
2007-01-16,1.2936946153640747,1.2988024950027466,1.291305661201477,1.2920063734054565,0,-0.0012281469855548908,0.06580516140859587,1.2782870817184449
2007-01-17,1.2920063734054565,1.2950012683868408,1.2903059720993042,1.2939958572387695,0,0.0015386562333473644,0.05906194051799741,1.2787000524997711
2007-01-18,1.2939958572387695,1.297706961631775,1.290355920791626,1.2960922718048096,0,0.0016187982179742618,0.05969348294015539,1.2791224777698518
2007-01-19,1.2961931228637695,1.3003056049346924,1.2919062376022339,1.2968990802764893,0,0.0006222994126600615,0.059873878427783966,1.2795509916543961
2007-01-22,1.29629385471344,1.297808051109314,1.2928917407989502,1.2950012683868408,0,-0.0014644175882648875,0.05907997150211665,1.2798989975452424
2007-01-23,1.2950012683868408,1.3043931722640991,1.2935941219329834,1.3023037910461426,0,0.005623168426004685,0.06298690398357336,1.280226989388466
2007-01-24,1.302405595779419,1.303797960281372,1.295202612876892,1.29629385471344,0,-0.004625531049788098,0.06446607503761848,1.28051942050457
2007-01-25,1.2964956760406494,1.3000012636184692,1.2919062376022339,1.2939958572387695,0,-0.0017743174185859563,0.06429601364309848,1.2808348721265792
2007-01-26,1.2935941219329834,1.2941968441009521,1.2887927293777466,1.2928917407989502,0,-0.0008536254205263411,0.06368913871873365,1.2811288529634475
2007-01-29,1.292306900024414,1.2963947057724,1.2900062799453735,1.29629385471344,0,0.0026279428391123454,0.06275063189271875,1.2814158397912978
2007-01-30,1.29629385471344,1.298094391822815,1.2948001623153687,1.2965964078903198,0,0.0002333713714125127,0.06226096841136337,1.2816843223571777
2007-01-31,1.2965964078903198,1.3036959171295166,1.2928917407989502,1.3023037910461426,0,0.00439215967837555,0.06235336346931898,1.2819713616371156
2007-02-01,1.302405595779419,1.304103970527649,1.3006945848464966,1.3018969297409058,0,-0.00031246539892226094,0.05689555431947976,1.2822148680686951
2007-02-02,1.3018969297409058,1.304955005645752,1.295303225517273,1.2963947057724,0,-0.004235269142216337,0.05513030780432801,1.2823788440227508
2007-02-05,1.29629385471344,1.2966973781585693,1.2916558980941772,1.2931926250457764,0,-0.0024730445044245544,0.04797289488223489,1.2825547868013383
2007-02-06,1.2933933734893799,1.299106240272522,1.291605830192566,1.2983977794647217,0,0.004016963027088081,0.0477314628767009,1.2827382642030716
2007-02-07,1.2986000776290894,1.302592158317566,1.2974039316177368,1.3023037910461426,0,0.003003816018474825,0.04757030779844401,1.2829382461309433
2007-02-08,1.3022528886795044,1.3044953346252441,1.2978922128677368,1.3040019273757935,0,0.0013030985259661445,0.044806387663266244,1.2831077587604522
2007-02-09,1.3040019273757935,1.3044953346252441,1.298701286315918,1.3006945848464966,0,-0.002539523734337634,0.043904049454755706,1.283247236609459
2007-02-12,1.301998496055603,1.3036959171295166,1.2943978309631348,1.29629385471344,0,-0.0033891058414167504,0.045059496995230736,1.2833772414922715
2007-02-13,1.29629385471344,1.304206132888794,1.295706033706665,1.3032032251358032,0,0.005315941108024146,0.04851038812512839,1.2835097628831864
2007-02-14,1.3032032251358032,1.3148033618927002,1.3027958869934082,1.3139914274215698,0,0.00824414292428635,0.05525093327582303,1.283692473769188
2007-02-15,1.313905119895935,1.3168984651565552,1.312301516532898,1.313508152961731,0,-0.0003678588334679295,0.055325963472323034,1.2838340228796006
2007-02-16,1.3133012056350708,1.314699649810791,1.3103067874908447,1.3138015270233154,0,0.00022332659529165493,0.055249129563786865,1.2839380705356598
2007-02-19,1.3149070739746094,1.3162916898727417,1.312508225440979,1.3152011632919312,0,0.001064766046840074,0.055267971560459456,1.2841190695762634
2007-02-20,1.3153914213180542,1.318791389465332,1.3133012056350708,1.3148033618927002,0,-0.00030251005156478145,0.05484826212858545,1.284268085360527
2007-02-21,1.3145960569381714,1.3164995908737183,1.3115957975387573,1.313905119895935,0,-0.0006834093913023712,0.05202678899780303,1.2844666421413422
2007-02-22,1.3139914274215698,1.314198613166809,1.3085066080093384,1.312508225440979,0,-0.0010637279079879903,0.049050395100598006,1.2846036869287492
2007-02-23,1.312508225440979,1.3186001777648926,1.3108049631118774,1.3168984651565552,0,0.0033393417693650938,0.04914071543041083,1.2848046845197678
2007-02-26,1.3182003498077393,1.3199926614761353,1.315495252609253,1.319400429725647,0,0.001898089268337443,0.04887276954715058,1.2849751991033553
2007-02-27,1.319591999053955,1.326207160949707,1.3163957595825195,1.3232064247131348,0,0.002880487207310668,0.04898863851541318,1.2851997393369674
2007-02-28,1.3229963779449463,1.3238019943237305,1.3183915615081787,1.322891354560852,0,-0.00023813946426285714,0.04910609225159816,1.2854271948337554
2007-03-01,1.3229438066482544,1.3240998983383179,1.3162050247192383,1.317002534866333,0,-0.004461413760450013,0.05084689901915614,1.2856072068214417
2007-03-02,1.3171586990356445,1.3203063011169434,1.314699649810791,1.3164995908737183,0,-0.00038195830093588597,0.05086205099786601,1.2858201968669891
2007-03-05,1.3186001777648926,1.319400429725647,1.3077536821365356,1.3086949586868286,0,-0.005945963267553955,0.053174651365855884,1.2859881538152695
2007-03-06,1.3085922002792358,1.314198613166809,1.3085066080093384,1.3138015270233154,0,0.003894437852204436,0.053339471720048874,1.2861246383190155
2007-03-07,1.313905119895935,1.3186001777648926,1.3114066123962402,1.3178529739379883,0,0.003079013688115416,0.05271153259976392,1.2863058650493622
2007-03-08,1.317800760269165,1.3183046579360962,1.3119055032730103,1.314198613166809,0,-0.0027768172457005697,0.053339403365980566,1.2864713644981385
2007-03-09,1.3138015270233154,1.3162050247192383,1.3090033531188965,1.3115957975387573,0,-0.001982498302172443,0.053875681348032695,1.2865703135728837
2007-03-12,1.3125942945480347,1.3199055194854736,1.3112518787384033,1.318791389465332,0,0.005471141215371687,0.055715076135541795,1.2867137396335602
2007-03-13,1.3186001777648926,1.3221042156219482,1.3162050247192383,1.319000244140625,0,0.00015835570411889548,0.05379025332861177,1.2868977451324464
2007-03-14,1.319191575050354,1.3242928981781006,1.3183046579360962,1.323504090309143,0,0.0034087743743156035,0.05216600814139042,1.2871142822504043
2007-03-15,1.3233989477157593,1.3281975984573364,1.3198009729385376,1.328303575515747,0,0.0036197877463282706,0.04585809687998,1.2874313294887543
2007-03-16,1.3283917903900146,1.334098219871521,1.3275980949401855,1.3318061828613281,0,0.0026334322174156387,0.04630571817742001,1.2877698868513108
2007-03-19,1.3320013284683228,1.3323917388916016,1.3284975290298462,1.3312920331954956,0,-0.00038612895996152245,0.046425905307100127,1.288133318424225
2007-03-20,1.3312033414840698,1.33249831199646,1.3277919292449951,1.33159339427948,0,0.00022634175857639703,0.046417769369862055,1.2885183107852936
2007-03-21,1.331398367881775,1.3410038948059082,1.329097867012024,1.3399077653884888,0,0.006224513827090509,0.05019023014089873,1.2889133149385452
2007-03-22,1.3399975299835205,1.3399975299835205,1.3315047025680542,1.3334044218063354,0,-0.00486539240890155,0.05381323883732232,1.2892603433132173
2007-03-23,1.3334933519363403,1.3342050313949585,1.3283917903900146,1.3296988010406494,0,-0.0027829361817312344,0.0548435044823251,1.2895863664150238
2007-03-26,1.3269991874694824,1.3345967531204224,1.3257851600646973,1.333191156387329,0,0.002622982853071202,0.05445063202519608,1.289962301850319
2007-03-27,1.3332977294921875,1.336594581604004,1.33249831199646,1.3365052938461304,0,0.002482783509662501,0.054665467945320886,1.2903502947092056
2007-03-28,1.3362016677856445,1.337095022201538,1.3312033414840698,1.3315047025680542,0,-0.0037485595184143534,0.056008199130678366,1.2906773424148559
2007-03-29,1.331398367881775,1.3352025747299194,1.3304064273834229,1.3334933519363403,0,0.0014924211550835132,0.056120302066777615,1.2910523349046708
2007-03-30,1.3337956666946411,1.3396564722061157,1.3290449380874634,1.3358982801437378,0,0.0018018553959377706,0.05344222877389302,1.2914698505401612
2007-04-02,1.3357912302017212,1.3380074501037598,1.3336000442504883,1.337005615234375,0,0.0008285633882327921,0.053303948867595506,1.2918603450059891
2007-04-03,1.337095022201538,1.3382043838500977,1.3323917388916016,1.33249831199646,0,-0.0033768877244499513,0.04987902780993786,1.2922383505105972
2007-04-04,1.33249831199646,1.3377926349639893,1.332196593284607,1.3373990058898926,0,0.0036710770593378008,0.04971344735626182,1.292652370929718
2007-04-05,1.3372023105621338,1.3441040515899658,1.335594892501831,1.3432012796401978,0,0.004329092139057655,0.050601085054662764,1.2930363780260086
2007-04-06,1.3432012796401978,1.3432012796401978,1.3367018699645996,1.3401951789855957,0,-0.0022405201456337474,0.050141124759979526,1.293345862030983
2007-04-09,1.3373990058898926,1.3380074501037598,1.3344007730484009,1.335505723953247,0,-0.003505219756541824,0.05151526939603937,1.293622899055481
2007-04-10,1.335594892501831,1.3452974557876587,1.3352025747299194,1.3432012796401978,0,0.005745739902175573,0.05183275610027705,1.293943898677826
2007-04-11,1.3430029153823853,1.3441040515899658,1.3413995504379272,1.3439956903457642,0,0.0005912560467894349,0.0517791815640924,1.2942968839406968
2007-04-12,1.3439956903457642,1.34969162940979,1.3435983657836914,1.3491089344024658,0,0.0037972904237567047,0.05203380265133101,1.2946544486284255
2007-04-13,1.3492909669876099,1.3549033403396606,1.348508596420288,1.3521004915237427,0,0.0022149769770849494,0.05133571388379769,1.2950029683113098
2007-04-16,1.3577916622161865,1.3577916622161865,1.3529053926467896,1.3529053926467896,0,0.000595119701227114,0.05092521023635602,1.2953949838876724
2007-04-17,1.3531067371368408,1.359194278717041,1.3529053926467896,1.3572019338607788,0,0.0031707562070625063,0.051414920091781745,1.2957972544431686
2007-04-18,1.3572019338607788,1.3616001605987549,1.3565024137496948,1.361396312713623,0,0.003085694759200224,0.051882331360189424,1.2962482500076293
2007-04-19,1.3616001605987549,1.3629920482635498,1.356704831123352,1.362434983253479,0,0.0007626541274699375,0.04835389927024211,1.2967119443416595
2007-04-20,1.3625091314315796,1.363754153251648,1.35869562625885,1.3588987588882446,0,-0.0025988920806359708,0.04556870080619883,1.297184446454048
2007-04-23,1.3605072498321533,1.3605997562408447,1.3547931909561157,1.3584003448486328,0,-0.0003668451842609759,0.043842961388013586,1.2977174508571625
2007-04-24,1.3583080768585205,1.364498496055603,1.3551971912384033,1.3636053800582886,0,0.0038244163163706326,0.04458869700795371,1.298284462094307
2007-04-25,1.3635495901107788,1.3663069009780884,1.3626019954681396,1.3639029264450073,0,0.0002181818381190629,0.04437684171430671,1.2988044464588164
2007-04-26,1.363754153251648,1.365392804145813,1.3588987588882446,1.3588987588882446,0,-0.003675752970228752,0.044279986795718415,1.299282459616661
2007-04-27,1.358991026878357,1.36759614944458,1.3588987588882446,1.3655046224594116,0,0.0048494114800435644,0.04626191622751179,1.2997569847106933
2007-04-30,1.3641074895858765,1.36759614944458,1.359194278717041,1.3652063608169556,0,-0.00021844980700544766,0.04642111290409347,1.3002710008621217
2007-05-01,1.365392804145813,1.3672035932540894,1.359397530555725,1.3601001501083374,0,-0.003747260473820311,0.04929299138386755,1.3007795023918152
2007-05-02,1.360007643699646,1.3610997200012207,1.3562631607055664,1.3588064908981323,0,-0.0009516025951878427,0.04737251493974617,1.30121706366539
2007-05-03,1.3588064908981323,1.3620080947875977,1.3549952507019043,1.3556013107299805,0,-0.0023616065764961794,0.04758485974336279,1.301647073030472
2007-05-04,1.3556013107299805,1.3608959913253784,1.353692889213562,1.3588987588882446,0,0.00242950797246619,0.04616496125916146,1.3020660489797593
2007-05-07,1.3598041534423828,1.3626948595046997,1.359194278717041,1.360007643699646,0,0.0008156844765441158,0.04503465407715691,1.3024790859222413
2007-05-08,1.360007643699646,1.3623050451278687,1.3521004915237427,1.3540961742401123,0,-0.004356118412528027,0.046118911352827655,1.3028395569324493
2007-05-09,1.3542062044143677,1.3565024137496948,1.3523015975952148,1.3527040481567383,0,-0.0010286139291696742,0.04253421596951334,1.3032070887088776
2007-05-10,1.3527040481567383,1.3562999963760376,1.347091555595398,1.3483085632324219,0,-0.0032546969872818657,0.04429320827938581,1.3035491234064103
2007-05-11,1.3483994007110596,1.3531982898712158,1.3467469215393066,1.3521004915237427,0,0.002808412138111633,0.04339121187071293,1.3038701438903808
2007-05-14,1.3534914255142212,1.3558034896850586,1.3527954816818237,1.3542977571487427,0,0.0016237566728037366,0.04307624426862906,1.3042321157455445
2007-05-15,1.3542977571487427,1.3606922626495361,1.3529419898986816,1.3596007823944092,0,0.0039080547174287165,0.04506104905511656,1.3046466249227524
2007-05-16,1.3595083951950073,1.3610997200012207,1.3508949279785156,1.3523930311203003,0,-0.005315475432871865,0.04761185269294635,1.3049710983037948
2007-05-17,1.3523015975952148,1.3544079065322876,1.348199486732483,1.34969162940979,0,-0.0019994951675517837,0.04647705270066731,1.3053230768442154
2007-05-18,1.3496005535125732,1.3523015975952148,1.347091555595398,1.3512965440750122,0,0.0011883908784634518,0.04663566211135052,1.3057170218229295
2007-05-21,1.3525028228759766,1.352594256401062,1.3441040515899658,1.3466018438339233,0,-0.003480268197460533,0.04725725097620104,1.3060885459184646
2007-05-22,1.34689199924469,1.3475998640060425,1.3441944122314453,1.3452069759368896,0,-0.0010363797099103137,0.04730235743959102,1.3064190828800202
2007-05-23,1.3452069759368896,1.350001335144043,1.341795563697815,1.3458044528961182,0,0.00044405383243243854,0.044824785464077956,1.3067265701293946
2007-05-24,1.3460036516189575,1.346203088760376,1.3421918153762817,1.3430029153823853,0,-0.0020838521647750805,0.04498774842314505,1.3070255702733993
2007-05-25,1.3430029153823853,1.3472005128860474,1.3415075540542603,1.3450080156326294,0,0.0014918842769631976,0.04428813059259063,1.3073365712165832
2007-05-28,1.3450984954833984,1.3460036516189575,1.3448090553283691,1.3452069759368896,0,0.00014791405537950772,0.039927091016685484,1.3076261085271836
2007-05-29,1.3450984954833984,1.351807951927185,1.3422999382019043,1.3445920944213867,0,-0.00045719513623861867,0.039898374410106366,1.3079430836439132
2007-05-30,1.344700574874878,1.3458044528961182,1.3413995504379272,1.3432012796401978,0,-0.001034912072294042,0.038386903535919524,1.3082685786485673
2007-05-31,1.3432012796401978,1.3472005128860474,1.3426964282989502,1.3456052541732788,0,0.0017881354745269262,0.039230509089302146,1.3086156356334686
2007-06-01,1.3456052541732788,1.3458044528961182,1.33969247341156,1.3441944122314453,0,-0.001049031337788307,0.03869069390909453,1.3089580804109573
2007-06-04,1.3441944122314453,1.349800944328308,1.3437970876693726,1.349199891090393,0,0.0037168598859442527,0.04010894588186301,1.3093078464269639
2007-06-05,1.3491089344024658,1.3549952507019043,1.3489997386932373,1.3520090579986572,0,0.0020799338177413472,0.04080148568718313,1.309653359055519
2007-06-06,1.3520090579986572,1.3538944721221924,1.34890878200531,1.3492909669876099,0,-0.0020124324608412525,0.038600373922881126,1.309979350566864
2007-06-07,1.34969162940979,1.3514060974121094,1.3426063060760498,1.3428045511245728,0,-0.00481886944309301,0.04176673027555912,1.3102888649702071
2007-06-08,1.3428045511245728,1.3430029153823853,1.3329956531524658,1.3360053300857544,0,-0.005076310705902944,0.04379073744587701,1.310550900697708
2007-06-11,1.3362016677856445,1.3363981246948242,1.3337067365646362,1.335594892501831,0,-0.00030725973420890894,0.04218225157909896,1.310800404548645
2007-06-12,1.33539879322052,1.337005615234375,1.330300211906433,1.3306012153625488,0,-0.003745923237829175,0.04273733785617525,1.3110414278507232
2007-06-13,1.3306012153625488,1.33159339427948,1.3265942335128784,1.3310085535049438,0,0.000306084047586499,0.039384494484597736,1.311286953687668
2007-06-14,1.3310085535049438,1.332196593284607,1.329097867012024,1.33159339427948,0,0.0004393001998877837,0.03639328314327493,1.31157890021801
2007-06-15,1.331398367881775,1.3394949436187744,1.3309022188186646,1.3379000425338745,0,0.0047249863218787646,0.04066124505283265,1.3119319075345992
2007-06-18,1.338401436805725,1.3419036865234375,1.3382043838500977,1.341597557067871,0,0.0027598583267902125,0.04179210163471882,1.3122848784923553
2007-06-19,1.341597557067871,1.343706727027893,1.3387060165405273,1.3424079418182373,0,0.0006038622315252051,0.04029708895147963,1.3126494044065475
2007-06-20,1.3422999382019043,1.3439054489135742,1.3396027088165283,1.3396027088165283,0,-0.0020918888029170667,0.04075340632285908,1.312998937368393
2007-06-21,1.3394052982330322,1.3406083583831787,1.3375064134597778,1.3394052982330322,0,-0.00014737588191894604,0.04068730124133656,1.3133344787359238
2007-06-22,1.3394052982330322,1.3472912311553955,1.338401436805725,1.347091555595398,0,0.005722156959942775,0.044959877539901,1.3137444257736206
2007-06-25,1.3466018438339233,1.347400188446045,1.3443028926849365,1.3468012809753418,0,-0.0002155056929058223,0.04470358714765803,1.314124950170517
2007-06-26,1.3466018438339233,1.3477997779846191,1.3437970876693726,1.3448994159698486,0,-0.0014131328376477863,0.044992558441180094,1.3145109456777573
2007-06-27,1.3448994159698486,1.3456957340240479,1.3421016931533813,1.345496654510498,0,0.0004439781614408838,0.04498822341496829,1.314894459247589
2007-06-28,1.345496654510498,1.3475998640060425,1.3428045511245728,1.344700574874878,0,-0.0005918373940478888,0.04488188017211502,1.3152274507284165
2007-06-29,1.344700574874878,1.3551052808761597,1.3433998823165894,1.3536012172698975,0,0.0065972417935163475,0.050021779664717554,1.315595456957817
2007-07-02,1.3542977571487427,1.3639960289001465,1.3531067371368408,1.363493800163269,0,0.007281767138798163,0.05527699692587047,1.3160404145717621
2007-07-03,1.3631964921951294,1.3634008169174194,1.358991026878357,1.3611923456192017,0,-0.0016893359222049837,0.05470265793825171,1.3165028887987136
2007-07-04,1.3611923456192017,1.3631035089492798,1.3608033657073975,1.3615074157714844,0,0.000231439513204386,0.05437026591020081,1.3169574278593064
2007-07-05,1.3616001605987549,1.3655046224594116,1.3584003448486328,1.3598966598510742,0,-0.0011837684252300237,0.05399426045404231,1.3174051237106323
2007-07-06,1.3598041534423828,1.3639960289001465,1.3574045896530151,1.3629920482635498,0,0.002273607244147827,0.05090288767750105,1.3178890466690063
2007-07-09,1.3628062009811401,1.3639029264450073,1.3613035678863525,1.3623977899551392,0,-0.00043609050675609226,0.04661333871146891,1.3183300668001174
2007-07-10,1.3623977899551392,1.3779988288879395,1.3601926565170288,1.3760079145431519,0,0.009940263148137589,0.05579463753453524,1.3188426262140274
2007-07-11,1.3761025667190552,1.3780938386917114,1.3733056783676147,1.3754022121429443,0,-0.0004402850771809355,0.05304599187258821,1.3193631660938263
2007-07-12,1.3754022121429443,1.379805088043213,1.3744003772735596,1.378796935081482,0,0.002465126504058409,0.052921369377101894,1.319909394979477
2007-07-13,1.3786067962646484,1.38089120388031,1.376595139503479,1.3784927129745483,0,-0.00022066750106031912,0.053165100143351726,1.3204998672008514
2007-07-16,1.3773914575576782,1.380395531654358,1.3767088651657104,1.377695083618164,0,-0.0005787917497040263,0.05246783870891417,1.3210878598690032
2007-07-17,1.377808928489685,1.379805088043213,1.3765003681182861,1.379006028175354,0,0.0009510966933654294,0.05224898184224948,1.3217169117927552
2007-07-18,1.379196286201477,1.3832980394363403,1.3765003681182861,1.3807005882263184,0,0.001228072762420278,0.05218745294680565,1.3223584389686585
2007-07-19,1.38089120388031,1.382991909980774,1.379006028175354,1.379805088043213,0,-0.0006487943293982995,0.051222462118215274,1.322977477312088
2007-07-20,1.379995584487915,1.3844088315963745,1.3783977031707764,1.3833937644958496,0,0.0025974811527189954,0.051054497387423285,1.3236419451236725
2007-07-23,1.3836042881011963,1.3846004009246826,1.379805088043213,1.3804908990859985,0,-0.0021005699083486255,0.05016192321474216,1.3242738634347915
2007-07-24,1.3803004026412964,1.3849073648452759,1.3802051544189453,1.3824948072433472,0,0.001450538454918856,0.049915076134231094,1.3249138349294662
2007-07-25,1.3827050924301147,1.3827050924301147,1.3701069355010986,1.3726081848144531,0,-0.007176983869525978,0.05723945468397933,1.3255073624849318
2007-07-26,1.372495174407959,1.3767088651657104,1.3696941137313843,1.3750051259994507,0,0.0017447446360917636,0.057265869374777546,1.326068857908249
2007-07-27,1.3747972249984741,1.3754022121429443,1.3629920482635498,1.3636053800582886,0,-0.00832525235606747,0.0656788517958649,1.326578850746155
2007-07-30,1.3631035089492798,1.3717986345291138,1.3626019954681396,1.3711966276168823,0,0.005551602663971917,0.06457949741555698,1.3271593397855759
2007-07-31,1.3711966276168823,1.3727024793624878,1.3672035932540894,1.3672035932540894,0,-0.002916328418624026,0.06087053391458365,1.3277158439159393
2007-08-01,1.3669979572296143,1.3710086345672607,1.3645915985107422,1.367708444595337,0,0.00036919018966253387,0.06051219974339104,1.3282463520765304
2007-08-02,1.36759614944458,1.3708019256591797,1.3652995824813843,1.3707079887390137,0,0.002190715266523799,0.06089327022533481,1.3287528616189956
2007-08-03,1.3705952167510986,1.3815971612930298,1.3689066171646118,1.3787018060684204,0,0.005814949717205861,0.0634856964979196,1.329274833202362
2007-08-06,1.3818072080612183,1.3838915824890137,1.3783977031707764,1.3796910047531128,0,0.0007172283245640309,0.06321375272982525,1.3298143112659455
2007-08-07,1.379805088043213,1.3815971612930298,1.3737962245941162,1.374098300933838,0,-0.004061829637418618,0.06516561329008583,1.3303013080358506
2007-08-08,1.374192714691162,1.3824948072433472,1.3727024793624878,1.3803004026412964,0,0.0045034236919898685,0.057403488937300684,1.330825583934784
2007-08-09,1.3803004026412964,1.3815971612930298,1.366400122642517,1.367409110069275,0,-0.009383369748191803,0.06623863337908222,1.3312726080417634
2007-08-10,1.3672970533370972,1.3705013990402222,1.3647964000701904,1.3689066171646118,0,0.0010945427312621665,0.06569147781189208,1.331763659119606
2007-08-13,1.3690941333770752,1.3711025714874268,1.3605997562408447,1.3613035678863525,0,-0.005569585062672088,0.06813396673010089,1.3322073966264725
2007-08-14,1.3613035678863525,1.3626019954681396,1.3531982898712158,1.3534914255142212,0,-0.005755251467992024,0.07043680296836903,1.3325853222608566
2007-08-15,1.3533997535705566,1.3534914255142212,1.3421918153762817,1.3428045511245728,0,-0.007927119607856283,0.07419968333215675,1.3329193526506424
2007-08-16,1.3426964282989502,1.344700574874878,1.3382940292358398,1.3424980640411377,0,-0.0002282700527195141,0.07375285180491996,1.3332155817747116
2007-08-17,1.3426964282989502,1.3534914255142212,1.3385984897613525,1.349400281906128,0,0.005128152778545628,0.07707154915466059,1.3335356003046035
2007-08-20,1.3487086296081543,1.3508037328720093,1.3464930057525635,1.347490906715393,0,-0.0014159826082836004,0.07591638453224032,1.3338600850105287
2007-08-21,1.347400188446045,1.3520090579986572,1.3456957340240479,1.345496654510498,0,-0.0014810707618207813,0.07585946224863052,1.3341805970668792
2007-08-22,1.3456052541732788,1.3558034896850586,1.345406174659729,1.3549952507019043,0,0.007034744555211308,0.08065380809122893,1.334543097615242
2007-08-23,1.3549033403396606,1.3588064908981323,1.3540045022964478,1.3556932210922241,0,0.0005149764814420024,0.07751978994616299,1.3349245935678482
2007-08-24,1.3558034896850586,1.3687005043029785,1.3556013107299805,1.366698980331421,0,0.00808540311765737,0.08285466755868977,1.3353330874443055
2007-08-27,1.36759614944458,1.3687005043029785,1.3636983633041382,1.3637913465499878,0,-0.00212975292522103,0.07791508502733877,1.3357430201768876
2007-08-28,1.3637913465499878,1.367895483970642,1.3598966598510742,1.3598966598510742,0,-0.0028598645250534544,0.07579183861290796,1.3361194837093353
2007-08-29,1.3601001501083374,1.3681949377059937,1.3565024137496948,1.367409110069275,0,0.005509077347500566,0.07785063975973927,1.3364870524406434
2007-08-30,1.3669044971466064,1.367708444595337,1.3596007823944092,1.3642005920410156,0,-0.002349178582383144,0.07825979919946693,1.336832042336464
2007-08-31,1.3645915985107422,1.372005581855774,1.3623050451278687,1.3642005920410156,0,0.0,0.0778106369444278,1.3371105122566223
2007-09-03,1.3634008169174194,1.3655046224594116,1.3608033657073975,1.361396312713623,0,-0.0020577366462438515,0.0748308128157579,1.3373509877920151
2007-09-04,1.361396312713623,1.3628062009811401,1.3556013107299805,1.3620080947875977,0,0.00044927744302697756,0.0747770526263378,1.337559061050415
2007-09-05,1.3618041276931763,1.3672035932540894,1.3572019338607788,1.365392804145813,0,0.0024820048252687404,0.07441067314388493,1.3378120082616807
2007-09-06,1.365392804145813,1.3710086345672607,1.3637913465499878,1.3696004152297974,0,0.0030768737367854316,0.07340705082240888,1.3380345100164412
2007-09-07,1.369506597518921,1.379196286201477,1.3666056394577026,1.3775053024291992,0,0.0057550817696605805,0.06855936700071542,1.3382515454292296
2007-09-11,1.38089120388031,1.384696364402771,1.3779988288879395,1.384006381034851,0,0.00470835640824636,0.07017748408294758,1.3385035771131515
2007-09-12,1.3837957382202148,1.3914011716842651,1.3827050924301147,1.390801191329956,0,0.00489750997095469,0.06806405648006918,1.3387981086969376
2007-09-13,1.3907045125961304,1.3924086093902588,1.3865971565246582,1.3866932392120361,0,-0.002958029415366573,0.06518407713896378,1.3390882927179337
2007-09-14,1.3870010375976562,1.3896995782852173,1.384696364402771,1.3878093957901,0,0.0008045814224107345,0.0562642971791464,1.3393843221664428
2007-09-17,1.3868086338043213,1.3889081478118896,1.3855020999908447,1.3865010738372803,0,-0.0009431691687933764,0.056605631036313185,1.3396198010444642
2007-09-18,1.3866932392120361,1.3989927768707275,1.3833937644958496,1.3979953527450562,0,0.008255959021026323,0.06003956524899941,1.3399842774868012
2007-09-19,1.3979953527450562,1.3987970352172852,1.3940001726150513,1.3969016075134277,0,-0.000782673066674271,0.05966638129534462,1.340326297879219
2007-09-20,1.3969016075134277,1.4098008871078491,1.3969016075134277,1.4078954458236694,0,0.007839351228417807,0.06206346512130822,1.3407567393779756
2007-09-21,1.4076972007751465,1.411791205406189,1.4047904014587402,1.4092049598693848,0,0.0009296893624302651,0.059573215781324365,1.3412245088815689
2007-09-24,1.409105658531189,1.4129084348678589,1.4072020053863525,1.407400131225586,0,-0.0012815633235391103,0.060406566727900256,1.3417120349407197
2007-09-25,1.4074991941452026,1.4152077436447144,1.4066082239151,1.4152077436447144,0,0.00553221182547798,0.05763369940132804,1.3422350800037384
2007-09-26,1.4150075912475586,1.4162099361419678,1.4113928079605103,1.4133076667785645,0,-0.001343515502836976,0.05704346834334791,1.3426980817317962
2007-09-27,1.413207769393921,1.4185000658035278,1.4126089811325073,1.4152077436447144,0,0.0013435155028370047,0.0546182572369155,1.3431805974245072
2007-09-28,1.4152077436447144,1.4275925159454346,1.4152077436447144,1.4264928102493286,0,0.007942515909544388,0.05723308691076679,1.3437211036682128
2007-10-01,1.4271035194396973,1.4275925159454346,1.4215044975280762,1.4236091375350952,0,-0.0020235582804168785,0.05693059972015209,1.3442706596851348
2007-10-02,1.4236091375350952,1.423892855644226,1.4143071174621582,1.4152077436447144,0,-0.005918957629127547,0.06296243748692998,1.3447787261009216
2007-10-03,1.4153079986572266,1.4199906587600708,1.4087086915969849,1.4099997282028198,0,-0.0036868239894071414,0.06443874622345337,1.3452737545967102
2007-10-04,1.4099003076553345,1.4146071672439575,1.4075981378555298,1.4135074615478516,0,0.0024846652860422962,0.06433841415279075,1.3457787507772445
2007-10-05,1.4135074615478516,1.415608525276184,1.4045929908752441,1.4133076667785645,0,-0.00014135679947215534,0.06461245947391726,1.3462712723016739
2007-10-08,1.414907455444336,1.4152077436447144,1.4039028882980347,1.4049086570739746,0,-0.005960532199119793,0.06948509507042178,1.3466968107223511
2007-10-09,1.4047904014587402,1.4113928079605103,1.4016989469528198,1.4106959104537964,0,0.004110848232382134,0.06835482283020686,1.347140817642212
2007-10-10,1.4107954502105713,1.4170929193496704,1.4097015857696533,1.414107084274292,0,0.002415159913789221,0.06729722308682402,1.3475733625888824
2007-10-11,1.414107084274292,1.4239943027496338,1.4138071537017822,1.4201923608779907,0,0.004294031785872975,0.066890866693811,1.3480887913703918
2007-10-12,1.4201923608779907,1.4213024377822876,1.4161096811294556,1.4190032482147217,0,-0.0008376405831204329,0.06570442228896452,1.3486373341083526
2007-10-15,1.416892170906067,1.4242985248565674,1.4163904190063477,1.4203940629959106,0,0.0009796550042017666,0.06569741018095553,1.349246810078621
2007-10-16,1.420494794845581,1.4223941564559937,1.4147073030471802,1.4176956415176392,0,-0.0019015764632828417,0.0661561983225774,1.34981527864933
2007-10-17,1.4176956415176392,1.422798991203308,1.4162901639938354,1.4217066764831543,0,0.0028252689716715884,0.06120204967396057,1.3504253262281418
2007-10-18,1.4216055870056152,1.4305946826934814,1.4199906587600708,1.4294904470443726,0,0.005460015257666824,0.06296209320684706,1.3511027991771698
2007-10-19,1.4296947717666626,1.4318032264709473,1.4250088930130005,1.4296947717666626,0,0.00014292513915757575,0.058030954328850685,1.3518037366867066
2007-10-22,1.4331985712051392,1.4349054098129272,1.4126089811325073,1.4179972410202026,0,-0.008215492747765838,0.06576904782175776,1.3524296820163726
2007-10-23,1.4179972410202026,1.4274091720581055,1.417293906211853,1.4258012771606445,0,0.005488473027072733,0.0678704461899469,1.3530907177925109
2007-10-24,1.4255980253219604,1.427001714706421,1.4195069074630737,1.4263097047805786,0,0.0003565272379224033,0.0654750054566447,1.3537622344493867
2007-10-25,1.4263097047805786,1.4335068464279175,1.4250901937484741,1.4326032400131226,0,0.0044027541379229535,0.06659414375549268,1.3544552713632583
2007-10-26,1.4326032400131226,1.4399055242538452,1.431905746459961,1.4393045902252197,0,0.004666836661072209,0.068012874701509,1.3551713329553605
2007-10-29,1.4407975673675537,1.4436055421829224,1.4378972053527832,1.441794753074646,0,0.001728620344379495,0.06301807471215633,1.355895811319351
2007-10-30,1.4416908025741577,1.4443979263305664,1.4377937316894531,1.44400155544281,0,0.0015294238140221845,0.062418672041972545,1.356640812754631
2007-10-31,1.44400155544281,1.4498006105422974,1.442605972290039,1.4471989870071411,0,0.002211837484761853,0.05777426904513043,1.357365288734436
2007-11-01,1.4470105171203613,1.4475969076156616,1.4407975673675537,1.442710041999817,0,-0.003106636625978278,0.05720523053140676,1.358097369670868
2007-11-02,1.4427932500839233,1.4523905515670776,1.442605972290039,1.4487924575805664,0,0.00420710309124672,0.05803865443577344,1.3588713526725769
2007-11-05,1.4505999088287354,1.4512102603912354,1.4451075792312622,1.4478065967559814,0,-0.0006807023299797544,0.05822246358885617,1.359645926952362
2007-11-06,1.4478904008865356,1.4570038318634033,1.4471989870071411,1.4564096927642822,0,0.0059245733203781474,0.054366889106090506,1.3604465061426163
2007-11-07,1.4560915231704712,1.4722987413406372,1.4557099342346191,1.4623944759368896,0,0.0041008517282169,0.054361347772599065,1.361275496482849
2007-11-08,1.4625015258789062,1.4700909852981567,1.4625015258789062,1.4681053161621094,0,0.0038975245587246927,0.054842691178342465,1.362104504108429
2007-11-09,1.4681053161621094,1.4749915599822998,1.464707851409912,1.467502236366272,0,-0.0004108722256162473,0.05455102605179201,1.3629325306415558
2007-11-12,1.465996265411377,1.466404676437378,1.4523905515670776,1.4523905515670776,0,-0.01035094150447523,0.0680937300807862,1.3637125098705292
2007-11-13,1.452601671218872,1.463100552558899,1.4523905515670776,1.4620951414108276,0,0.006659580270824283,0.07075029885293009,1.3645570224523544
2007-11-14,1.4619027376174927,1.471995234489441,1.4617104530334473,1.46500825881958,0,0.001990444458030221,0.06975478675020597,1.3653900748491288
2007-11-15,1.4653087854385376,1.4700909852981567,1.461091160774231,1.4620951414108276,0,-0.0019904444580301594,0.07064608334496753,1.3661890316009522
2007-11-16,1.4620951414108276,1.467007040977478,1.4588104486465454,1.4634003639221191,0,0.0008923087357443026,0.06903837834514782,1.3669860237836837
2007-11-19,1.467200756072998,1.468989610671997,1.4623944759368896,1.4668993949890137,0,0.002388173919256924,0.06907757325904462,1.3678170478343963
2007-11-20,1.4667917490005493,1.4848912954330444,1.4638073444366455,1.4833053350448608,0,0.0111220140116236,0.06825975178113955,1.3687521052360534
2007-11-21,1.4831953048706055,1.4869003295898438,1.4783931970596313,1.4857958555221558,0,0.0016776262589660075,0.06717513837082159,1.3696650683879852
2007-11-22,1.485707402229309,1.4874091148376465,1.4824918508529663,1.4855971336364746,0,-0.00013375671727195018,0.0673441030291083,1.3705230969190598
2007-11-23,1.485508918762207,1.4957072734832764,1.4788086414337158,1.480100154876709,0,-0.0037070439225824862,0.06943353304372125,1.3713560569286347
2007-11-27,1.4876081943511963,1.4904906749725342,1.4811961650848389,1.4837895631790161,0,0.0024895732020006676,0.06860804199196271,1.3722059971094132
2007-11-28,1.4837895631790161,1.4857958555221558,1.4714971780776978,1.4840978384017944,0,0.00020774051180167774,0.06873225061464107,1.3730504804849624
2007-11-29,1.4842960834503174,1.4844063520431519,1.4726022481918335,1.4759929180145264,0,-0.005476143340527102,0.07270598713067249,1.3738564282655716
2007-11-30,1.4759057760238647,1.4783931970596313,1.4629936218261719,1.469594120979309,0,-0.004344673585207022,0.0748930684596667,1.3746348732709885
2007-12-03,1.4661897420883179,1.4703936576843262,1.4626084566116333,1.467007040977478,0,-0.0017619557634471063,0.07416615912343612,1.3754073673486709
2007-12-04,1.4670931100845337,1.476908564567566,1.4638073444366455,1.4766032695770264,0,0.00652006317598136,0.07591890305438959,1.3762058913707733
2007-12-05,1.4764070510864258,1.477104902267456,1.4597901105880737,1.4598966836929321,0,-0.011378693278526754,0.08697498049510509,1.3769083726406097
2007-12-06,1.4601950645446777,1.4659103155136108,1.454101324081421,1.4659103155136108,0,0.004110756649815531,0.08574045292539573,1.3776218920946122
2007-12-07,1.4656953811645508,1.4667917490005493,1.460408329963684,1.4656095504760742,0,-0.00020519392829726832,0.08463175960708297,1.3783354830741883
2007-12-10,1.465502142906189,1.473491907119751,1.4641932249069214,1.4708911180496216,0,0.003597188534872544,0.0844683984851534,1.3791049259901047
2007-12-11,1.4711940288543701,1.4749915599822998,1.4646005630493164,1.466490626335144,0,-0.0029962023253582567,0.085133820249482,1.3798548811674118
2007-12-12,1.4662971496582031,1.4739913940429688,1.4653087854385376,1.4716053009033203,0,0.003481628824519075,0.07711779672148436,1.3806694328784943
2007-12-13,1.4714103937149048,1.4732965230941772,1.4587039947509766,1.4629936218261719,0,-0.005869084003516686,0.07697910364659141,1.3814153933525086
2007-12-14,1.4626084566116333,1.4656095504760742,1.4415037631988525,1.4437098503112793,0,-0.013268676781390296,0.0892509683891516,1.382044677734375
2007-12-17,1.4420026540756226,1.4451075792312622,1.4336096048355103,1.4412959814071655,0,-0.00167338966241109,0.08919983335756916,1.3826801645755769
2007-12-19,1.4420026540756226,1.4423978328704834,1.4340001344680786,1.4383935928344727,0,-0.002015765575171586,0.08912183899147119,1.3833141535520554
2007-12-20,1.4383935928344727,1.4390974044799805,1.4317007064819336,1.433301329612732,0,-0.0035465247505273674,0.0888000044951128,1.3838867032527924
2007-12-21,1.433301329612732,1.4409013986587524,1.4331985712051392,1.438807487487793,0,0.003834231201776903,0.07923109626394897,1.3844857394695282
2007-12-24,1.4382073879241943,1.4413999319076538,1.4377937316894531,1.439698338508606,0,0.0006189676888680295,0.07878810662987752,1.3850667107105255
2007-12-25,1.4395946264266968,1.4416077136993408,1.4390974044799805,1.4395946264266968,0,-7.203996482267203e-05,0.07880188814930869,1.3856231659650802
2007-12-26,1.439801812171936,1.4505999088287354,1.4394081830978394,1.4487924575805664,0,0.006368857065757975,0.08286787809782294,1.3862080973386766
2007-12-27,1.4487924575805664,1.4640002250671387,1.4471989870071411,1.4613901376724243,0,0.008657710207985734,0.08870655511055386,1.386858587861061
2007-12-28,1.4613901376724243,1.4729926586151123,1.4595983028411865,1.4718002080917358,0,0.007098151091698471,0.09273851100123465,1.3875596219301223
2007-12-31,1.473708987236023,1.4749915599822998,1.4573010206222534,1.4601097106933594,0,-0.007974705688657017,0.0948430061414212,1.3881606316566468
2008-01-01,1.4601097106933594,1.4629936218261719,1.4581936597824097,1.4620096683502197,0,0.0013003971967928403,0.09398315785011717,1.388803657889366
2008-01-02,1.4623090028762817,1.4742956161499023,1.4601097106933594,1.4716920852661133,0,0.006600842815792802,0.09670924211187842,1.3895136243104935
2008-01-03,1.4716920852661133,1.4778908491134644,1.4693998098373413,1.4744912385940552,0,0.0019001900849274437,0.09416688332947937,1.3902201247215271
2008-01-04,1.4747087955474854,1.4818108081817627,1.4698964357376099,1.4754921197891235,0,0.0006785673760695462,0.08470717941882558,1.390915058851242
2008-01-07,1.47520911693573,1.47520911693573,1.4667057991027832,1.468299388885498,0,-0.004886721899964419,0.0856120956050166,1.3915990322828293
2008-01-08,1.5592111349105835,1.559283971786499,1.5529879331588745,1.5570987462997437,0,0.05871945893296162,0.22039729884882675,1.3927170592546463
2008-01-09,1.4706963300704956,1.4739913940429688,1.4643003940582275,1.466404676437378,0,-0.06001070511602003,0.3098104615254965,1.3933695912361146
2008-01-10,1.4662971496582031,1.4811961650848389,1.465201497077942,1.480100154876709,0,0.009296151102222712,0.3113080162697787,1.394085063934326
2008-01-11,1.4802095890045166,1.4815912246704102,1.4766032695770264,1.4790055751800537,0,-0.0007398044182470798,0.31113171757949987,1.3948176002502441
2008-01-14,1.4808013439178467,1.4912018775939941,1.480100154876709,1.4869003295898438,0,0.00532368410132199,0.310778842213054,1.3955651068687438
2008-01-15,1.4869003295898438,1.4920028448104858,1.4778908491134644,1.4802095890045166,0,-0.004509945441508732,0.3072540439303214,1.3962501484155654
2008-01-16,1.4802095890045166,1.4859061241149902,1.461091160774231,1.466404676437378,0,-0.009370085343788819,0.3093074261554744,1.3968811959028244
2008-01-17,1.4659103155136108,1.4705017805099487,1.4595983028411865,1.4640002250671387,0,-0.0016410373246403098,0.30926682245554515,1.3975236684083938
2008-01-18,1.4641932249069214,1.468989610671997,1.4601950645446777,1.4617959260940552,0,-0.001506803123841887,0.3089828596353907,1.3981166416406632
2008-01-21,1.460003137588501,1.460003137588501,1.4418987035751343,1.4420026540756226,0,-0.013632886736837574,0.31282024721194773,1.3986066764593124
2008-01-22,1.4422937631607056,1.4684934616088867,1.4372979402542114,1.4647936820983887,0,0.015681521806396714,0.3174490890359155,1.399185100197792
2008-01-23,1.4644076824188232,1.4650940895080566,1.451905608177185,1.4632076025009155,0,-0.0010833873338451485,0.3175043405764901,1.3997406357526778
2008-01-24,1.4629936218261719,1.4776068925857544,1.4597901105880737,1.4774104356765747,0,0.009659835743934735,0.3184382328717331,1.4003631609678269
2008-01-25,1.4774104356765747,1.4774104356765747,1.466404676437378,1.467502236366272,0,-0.006729052981029263,0.3181950780495013,1.4009146624803543
2008-01-28,1.4692918062210083,1.479902982711792,1.4665981531143188,1.4788086414337158,0,0.007674994959570421,0.31835890696788277,1.4015017241239547
2008-01-29,1.4785900115966797,1.4788086414337158,1.4742956161499023,1.4771921634674072,0,-0.0010936926165645777,0.3170150179383476,1.4020755100250244
2008-01-30,1.4771921634674072,1.4874091148376465,1.4757968187332153,1.483107328414917,0,0.003996334044014725,0.317232493547205,1.4026965528726578
2008-01-31,1.4829974174499512,1.49140202999115,1.4813059568405151,1.4865025281906128,0,0.0022866311865930326,0.31656965543904964,1.4033370637893676
2008-02-01,1.48659086227417,1.4932059049606323,1.4797059297561646,1.4799906015396118,0,-0.004390326777096091,0.3169630263810178,1.4039189898967743
2008-02-04,1.480297327041626,1.4846047163009644,1.4795963764190674,1.4827995300292969,0,0.0018961379014617878,0.3170153481083796,1.4045134729146957
2008-02-05,1.4833053350448608,1.4833053350448608,1.4625015258789062,1.4638073444366455,0,-0.012891063796714643,0.319844829961347,1.4050380158424378
2008-02-06,1.4637001752853394,1.4667057991027832,1.4595983028411865,1.4617104530334473,0,-0.0014335183768834543,0.23767608816087923,1.4055190449953079
2008-02-07,1.4616036415100098,1.4649009704589844,1.4451910257339478,1.4478904008865356,0,-0.009499692069245143,0.12063076266541915,1.4059324651956557
2008-02-08,1.5570987462997437,1.5570987462997437,1.5540982484817505,1.5570987462997437,0,0.07271671061074682,0.28043157225988097,1.4069174581766128
2008-02-11,1.4531927108764648,1.4577046632766724,1.4486035108566284,1.450200080871582,0,-0.07112277799298591,0.3790547539423424,1.40737442612648
2008-02-12,1.4503053426742554,1.460898995399475,1.450200080871582,1.4581936597824097,0,0.005496916684268352,0.37909127606655896,1.4078873878717422
2008-02-13,1.4577046632766724,1.4594066143035889,1.4538053274154663,1.455604076385498,0,-0.001777463168810088,0.3788841103651165,1.4083709144592285
2008-02-14,1.4557948112487793,1.464707851409912,1.4550957679748535,1.4644076824188232,0,0.006029861134033083,0.3782492735346805,1.4088929146528244
2008-02-15,1.4641932249069214,1.4706099033355713,1.4634003639221191,1.4676098823547363,0,0.0021842987897274495,0.37828054854649956,1.4094604831933975
2008-02-18,1.4676098823547363,1.4690974950790405,1.4617104530334473,1.46500825881958,0,-0.0017742672877364772,0.3782961514928485,1.4100220042467118
2008-02-19,1.4647936820983887,1.4757097959518433,1.4646005630493164,1.4729926586151123,0,0.005435273627407993,0.37532658365294114,1.410645424723625
2008-02-20,1.473101258277893,1.4732965230941772,1.4625015258789062,1.4722987413406372,0,-0.00047120450446771757,0.37152386182740366,1.4112464159727096
2008-02-21,1.4724071025848389,1.4835914373397827,1.4708045721054077,1.4815034866333008,0,0.006232492481184052,0.37205865910939917,1.4118824446201323
2008-02-22,1.4815912246704102,1.4855971336364746,1.479202389717102,1.4826017618179321,0,0.000741050092917917,0.37059964399547773,1.41249744951725
2008-02-25,1.4833933115005493,1.4842960834503174,1.4799906015396118,1.4835914373397827,0,0.000667303504610822,0.3697502139486545,1.4131534415483475
2008-02-26,1.4835914373397827,1.5038950443267822,1.4783931970596313,1.4996100664138794,0,0.010739323515435691,0.37064872494764867,1.413903033733368
2008-02-27,1.4997899532318115,1.5140045881271362,1.4983967542648315,1.5118072032928467,0,0.008100639987673724,0.37146653348573194,1.4147055870294571
2008-02-28,1.5118072032928467,1.5227885246276855,1.5077043771743774,1.5195951461791992,0,0.005138189605097961,0.3715996326275612,1.4155705535411836
2008-02-29,1.5186951160430908,1.523809552192688,1.5154958963394165,1.519202709197998,0,-0.0002582843624746663,0.37160675949016053,1.4164405322074891
2008-03-03,1.5203113555908203,1.5269973278045654,1.5163922309875488,1.5200109481811523,0,0.0005318737629685603,0.3710919300208323,1.4173115646839143
2008-03-04,1.5198955535888672,1.5245994329452515,1.5177040100097656,1.5210051536560059,0,0.0006538640224066449,0.37109049518161163,1.4182015758752824
2008-03-05,1.520889401435852,1.5290051698684692,1.515289306640625,1.527697205543518,0,0.004390105590546395,0.3676280739092062,1.4191150218248367
2008-03-06,1.5277905464172363,1.5398118495941162,1.5273938179016113,1.5385088920593262,0,0.007052188261370356,0.36779467871325006,1.420081531405449
2008-03-07,1.5385088920593262,1.5437101125717163,1.5325905084609985,1.5336012840270996,0,-0.003194945445012618,0.36585954157501277,1.4210265773534774
2008-03-10,1.537988305091858,1.5386981964111328,1.5323086977005005,1.534095287322998,0,0.00032206790253123594,0.26283235611663297,1.4219810473918915
2008-03-11,1.5341894626617432,1.5488028526306152,1.528794765472412,1.5341894626617432,0,6.138630958228054e-05,0.059795336877819495,1.4229239684343338
2008-03-12,1.534095287322998,1.5570987462997437,1.534095287322998,1.5540015697479248,0,0.012831057854317375,0.06885782062252808,1.4239730042219163
2008-03-13,1.5541948080062866,1.5645045042037964,1.5525058507919312,1.5622069835662842,0,0.005266292446049868,0.06695816079294939,1.4250380396842957
2008-03-14,1.5623047351837158,1.5682092905044556,1.5539048910140991,1.561792254447937,0,-0.00026551166577569495,0.06735217738188162,1.426086955666542
2008-03-17,1.574803113937378,1.5903055667877197,0.07290223985910416,1.574803113937378,0,0.008296214580660608,0.06963334463249829,1.4272145164012908
2008-03-18,1.5747040510177612,1.5828044414520264,1.5616947412490845,1.565802812576294,0,-0.0057315856944794,0.07448778968659268,1.4283295077085496
2008-03-19,1.5659009218215942,1.577909231185913,1.558700680732727,1.5638928413391113,0,-0.0012205477372255512,0.0754971933023035,1.4294689452648164
2008-03-20,1.5640885829925537,1.5640885829925537,1.5403099060058594,1.54421067237854,0,-0.012665235872254581,0.09222363254502078,1.4305120241641998
2008-03-21,1.543805480003357,1.5697108507156372,1.5409982204437256,1.5697108507156372,0,0.01637854274413686,0.103698697889372,1.4317075723409654
2008-03-24,1.5406895875930786,1.5448071956634521,1.5345896482467651,1.5434956550598145,0,-0.016841680915764372,0.12391592483273708,1.4327700078487395
2008-03-25,1.543900728225708,1.5657048225402832,1.5417109727859497,1.5612071752548218,0,0.0114096023366153,0.12806909853062629,1.4339180767536164
2008-03-26,1.5612071752548218,1.5857913494110107,1.5590895414352417,1.5824036598205566,0,0.01348564241189417,0.13064220843016722,1.4351405948400497
2008-03-27,1.582003116607666,1.5845098495483398,1.5732917785644531,1.5814026594161987,0,-0.0006327823746180622,0.1294722025685405,1.4363396203517913
2008-03-28,1.5809026956558228,1.583606481552124,1.57500159740448,1.5760937929153442,0,-0.0033627094019841493,0.13034044808810613,1.437508049607277
2008-03-31,1.579304814338684,1.589092493057251,1.5751007795333862,1.5757957696914673,0,-0.00018910765675342382,0.13032731554436303,1.4386890149116516
2008-04-02,1.5616947412490845,1.5699080228805542,1.5541948080062866,1.5677913427352905,0,-0.005092554441072645,0.13242465173782336,1.4398309451341629
2008-04-03,1.56788969039917,1.5686028003692627,1.5517107248306274,1.5667105913162231,0,-0.0006895841729455057,0.13261110919482041,1.440929040312767
2008-04-04,1.5665878057479858,1.5752992630004883,1.5644066333770752,1.5736879110336304,0,0.004443596055149054,0.13262638455740622,1.4420634734630584
2008-04-07,1.5729947090148926,1.5735888481140137,1.5638928413391113,1.5704996585845947,0,-0.002028030116645547,0.13148633712070304,1.4431914746761323
2008-04-08,1.5570018291473389,1.5629639625549316,1.555790662765503,1.5578023195266724,0,-0.008117764125219978,0.1345265412888623,1.444253003001213
2008-04-09,1.5692921876907349,1.5860931873321533,1.5690950155258179,1.5824036598205566,0,0.015668936234090117,0.1440830136744704,1.4454415184259415
2008-04-10,1.582303524017334,1.5903055667877197,1.5727968215942383,1.57420814037323,0,-0.005192616882220931,0.14587157733836184,1.4465445530414582
2008-04-11,1.5743072032928467,1.5850121974945068,1.5741090774536133,1.5822033882141113,0,0.005066047230019034,0.14046794305810348,1.4476381009817123
2008-04-14,1.5720057487487793,1.5885875225067139,1.56788969039917,1.5825037956237793,0,0.00018984847135591283,0.13955769223939649,1.4487446582317351
2008-04-15,1.5826040506362915,1.5873016119003296,1.5762925148010254,1.5786067247390747,0,-0.002465635310064624,0.13994012190688948,1.4498301547765733
2008-04-16,1.5784074068069458,1.5975971221923828,1.578008770942688,1.5958125591278076,0,0.010840409753311304,0.14198633851636122,1.4510097342729569
2008-04-17,1.5954052209854126,1.5975971221923828,1.5858919620513916,1.5902043581008911,0,-0.003520512894285333,0.14094064196454584,1.4521457958221435
2008-04-18,1.5904066562652588,1.5954052209854126,1.572104573249817,1.5733908414840698,0,-0.010629473028641551,0.14625523898722126,1.4532007610797881
2008-04-21,1.5804030895233154,1.5943114757537842,1.579878568649292,1.5911911725997925,0,0.011249838853026951,0.14299360054122734,1.4542766773700715
2008-04-22,1.5911405086517334,1.6013065576553345,1.5843089818954468,1.5987977981567383,0,0.004769069764052526,0.13300513497034588,1.4553936553001403
2008-04-23,1.5981844663619995,1.5997952222824097,1.5864957571029663,1.58740234375,0,-0.007153036524648857,0.12038013273006347,1.456436682343483
2008-04-24,1.5876039266586304,1.588486671447754,1.5644556283950806,1.568406105041504,0,-0.012039050187667943,0.12303131199321211,1.4573862493038177
2008-04-25,1.5684306621551514,1.5706970691680908,1.5560569763183594,1.5636972188949585,0,-0.0030068546323999083,0.11352093206781196,1.4583162599802018
2008-04-28,1.5601110458374023,1.5687997341156006,1.5601110458374023,1.5652881860733032,0,0.0010169221709530505,0.11365252225110888,1.4592476707696915
2008-04-29,1.5650922060012817,1.5660971403121948,1.5553793907165527,1.556710958480835,0,-0.005494715901927384,0.11456833845273975,1.4601277226209641
2008-04-30,1.5568805932998657,1.5638684034347534,1.5529879331588745,1.5622069835662842,0,0.0035243189313304947,0.11545052341872213,1.4610397320985795
2008-05-02,1.5477958917617798,1.5498108863830566,1.537704586982727,1.5434004068374634,0,-0.012111515885263322,0.12144062350150686,1.4618397653102875
2008-05-05,1.5434956550598145,1.5518070459365845,1.5432099103927612,1.5498108863830566,0,0.004144876062821357,0.12261827851888338,1.4626863652467728
2008-05-06,1.549834966659546,1.5591623783111572,1.5460968017578125,1.553591012954712,0,0.002436119177440471,0.12178949531224627,1.4635418462753296
2008-05-07,1.553808331489563,1.553808331489563,1.5370900630950928,1.5385088920593262,0,-0.009755338422466819,0.12579725772697664,1.464371349811554
2008-05-08,1.5576082468032837,1.5576082468032837,1.5451651811599731,1.5464078187942505,0,0.005121009568524395,0.12468702206484052,1.4652283632755279
2008-05-09,1.5396933555603027,1.5489946603775024,1.5396220684051514,1.5489946603775024,0,0.0016714092612361274,0.11066926151950508,1.466155309677124
2008-05-12,1.5455950498580933,1.5568805932998657,1.5378936529159546,1.5540015697479248,0,0.003227147791657818,0.11050899187827694,1.4670693343877792
2008-05-13,1.5536394119262695,1.5561779737472534,1.543900728225708,1.547700047492981,0,-0.004063273456001686,0.10911164365506916,1.4679718166589737
2008-05-14,1.547292947769165,1.5484910011291504,1.5404047966003418,1.546910047531128,0,-0.0005105651146711448,0.10903831985309317,1.4688678246736526
2008-05-15,1.5467904806137085,1.554508924484253,1.5428051948547363,1.5450935363769531,0,-0.0011749736466106328,0.10892375399614322,1.4697397524118423
2008-05-16,1.5452368259429932,1.5596001148223877,1.5440915822982788,1.5596001148223877,0,0.009345001887813053,0.10697756592565832,1.4706442439556122
2008-05-19,1.5583120584487915,1.5629884004592896,1.5492106676101685,1.5527950525283813,0,-0.004372885043213945,0.10726164225540813,1.4715097641944885
2008-05-20,1.5529879331588745,1.5677913427352905,1.5510369539260864,1.5654107332229614,0,0.008091672195996536,0.10597616875301129,1.472466326355934
2008-05-21,1.5644066333770752,1.5799036026000977,1.5639907121658325,1.5788060426712036,0,0.008520653279491155,0.10261561212595632,1.4734588545560836
2008-05-22,1.5787063837051392,1.580877661705017,1.5698094367980957,1.573192834854126,0,-0.003561685120518135,0.10140744989741272,1.474487773180008
2008-05-23,1.573192834854126,1.579304814338684,1.5704996585845947,1.5785070657730103,0,0.003372298202706694,0.09959677496401796,1.47553577542305
2008-05-26,1.5768393278121948,1.579304814338684,1.5744808912277222,1.5779341459274292,0,-0.0003630163297507409,0.08995491838452056,1.4766189283132554
2008-05-27,1.5778096914291382,1.5818029642105103,1.5676928758621216,1.5690950155258179,0,-0.005617459001473107,0.09159943624557214,1.4776969462633134
2008-05-28,1.5692675113677979,1.5755971670150757,1.5616215467453003,1.5656068325042725,0,-0.0022255286980345707,0.09190720477145287,1.4788109576702118
2008-05-29,1.5652146339416504,1.5663915872573853,1.5489946603775024,1.5518070459365845,0,-0.0088534132743667,0.09512199048522355,1.479857502579689
2008-05-30,1.5515903234481812,1.556832194328308,1.5467904806137085,1.5540982484817505,0,0.0014753849480859044,0.09438665886879041,1.4808809924125672
2008-06-02,1.5563960075378418,1.5572928190231323,1.5498108863830566,1.5546056032180786,0,0.0003264091821131771,0.08394496473038633,1.4819165658950806
2008-06-03,1.5546056032180786,1.5626463890075684,1.542400598526001,1.5450220108032227,0,-0.006183725367504571,0.08566063449040308,1.4829141926765441
2008-06-04,1.545069694519043,1.5478917360305786,1.5423054695129395,1.5432575941085815,0,-0.001142653588627013,0.08519649972370386,1.4838555043935775
2008-06-05,1.5434004068374634,1.559989333152771,1.5378936529159546,1.5588949918746948,0,0.010081728595128014,0.08522193508371756,1.48487151324749
2008-06-06,1.5590895414352417,1.5786067247390747,1.557705283164978,1.5785070657730103,0,0.012502273534429804,0.09355493925334746,1.4859305536746978
2008-06-09,1.579005479812622,1.584208607673645,1.5623047351837158,1.5643576383590698,0,-0.009004220253856556,0.09966793634839018,1.4869333851337432
2008-06-10,1.5647003650665283,1.5655087232589722,1.544711709022522,1.5464078187942505,0,-0.011540579984029261,0.10735291650328793,1.4878659409284591
2008-06-11,1.5465034246444702,1.5581905841827393,1.5458101034164429,1.555790662765503,0,0.006049176181887985,0.1085162333171655,1.4888078486919403
2008-06-12,1.555403470993042,1.5565898418426514,1.5389587879180908,1.5460968017578125,0,-0.006250318670354929,0.11081909107191211,1.4897173297405244
2008-06-13,1.5451890230178833,1.5462881326675415,1.531510829925537,1.5369009971618652,0,-0.005965513092707209,0.11267246276942691,1.4905808317661284
2008-06-16,1.5391719341278076,1.5517107248306274,1.5352964401245117,1.5473887920379639,0,0.006800810569355219,0.11026053573686485,1.4915107941627503
2008-06-17,1.5473887920379639,1.5548955202102661,1.5464794635772705,1.5521925687789917,0,0.0030996318714937624,0.1098839715669738,1.4924617165327072
2008-06-18,1.5519996881484985,1.5540015697479248,1.546910047531128,1.553808331489563,0,0.001040413643268146,0.10597180455376223,1.493403794169426
2008-06-19,1.5539048910140991,1.5586764812469482,1.546910047531128,1.550988793373108,0,-0.001816246780800255,0.10099711806137154,1.4943107360601424
2008-06-20,1.550988793373108,1.5651901960372925,1.5494986772537231,1.5627930164337158,0,0.007581956816354292,0.10453758022809087,1.4952371746301651
2008-06-23,1.5598920583724976,1.5625487565994263,1.5473887920379639,1.5522888898849487,0,-0.006744070735507417,0.10590548159794627,1.4960785871744156
2008-06-24,1.5526021718978882,1.5620118379592896,1.549690842628479,1.5570018291473389,0,0.0030315228118867055,0.10673058841446503,1.4969095903635026
2008-06-25,1.5570260286331177,1.5686028003692627,1.5541948080062866,1.5673980712890625,0,0.006654897479041317,0.10797287248361544,1.4978131145238875
2008-06-26,1.5674962997436523,1.576590657234192,1.5642108917236328,1.5752992630004883,0,0.005028297362824034,0.10905116855497078,1.4987505638599397
2008-06-27,1.5750513076782227,1.5799036026000977,1.5725990533828735,1.5752992630004883,0,0.0,0.10388423050898267,1.4996945548057556
2008-06-30,1.579404592514038,1.5835061073303223,1.5734899044036865,1.57500159740448,0,-0.00018897598044390377,0.10389082178415043,1.5005795860290527
2008-07-02,1.5792051553726196,1.5891934633255005,1.5783077478408813,1.5878056287765503,0,0.008096668816535283,0.10703812423094823,1.5015341061353684
2008-07-03,1.5880074501037598,1.5905078649520874,1.5685044527053833,1.5700066089630127,0,-0.011273126436746037,0.11265042494351095,1.502344661951065
2008-07-04,1.5698094367980957,1.5725990533828735,1.5669069290161133,1.5713881254196167,0,0.000879556160546862,0.11243679739512737,1.5031555777788161
2008-07-07,1.5704996585845947,1.5749024152755737,1.561597228050232,1.5720057487487793,0,0.00039296592271552996,0.1073172683418632,1.5039786058664322
2008-07-08,1.5418059825897217,1.550195336341858,1.5313935279846191,1.5333895683288574,0,-0.024871661813691187,0.12992078779390254,1.5045695149898528
2008-07-09,1.5667595863342285,1.5749024152755737,1.565386176109314,1.5735888481140137,0,0.025878212054127152,0.1574154814041978,1.5053709208965302
2008-07-10,1.5734899044036865,1.5798038244247437,1.5695877075195312,1.5785070657730103,0,0.0031206040581005503,0.1516302106084985,1.5061874175071717
2008-07-11,1.5787063837051392,1.5948964357376099,1.5767897367477417,1.5948964357376099,0,0.010329298292958498,0.1541378978995086,1.507029435634613
2008-07-14,1.5914950370788574,1.5933208465576172,1.5846102237701416,1.589092493057251,0,-0.003645709353015549,0.15281381316029816,1.5078568524122238
2008-07-15,1.5889662504196167,1.6028209924697876,1.58740234375,1.5899008512496948,0,0.0005085623795430962,0.15056119857122305,1.5087303179502487
2008-07-16,1.5900273323059082,1.5945911407470703,1.5806028842926025,1.5822033882141113,0,-0.004853231522822555,0.15091499943812522,1.5095913362503053
2008-07-17,1.5821032524108887,1.5891934633255005,1.5792548656463623,1.585590124130249,0,0.0021382310389206276,0.15078793632214504,1.5104517495632173
2008-07-18,1.5853890180587769,1.5882091522216797,1.5812026262283325,1.5853890180587769,0,-0.00012684162381650116,0.15083953868754887,1.5113121563196181
2008-07-21,1.58340585231781,1.593092441558838,1.5832053422927856,1.5913937091827393,0,0.0037803644697723383,0.15078841729482728,1.512244581580162
2008-07-22,1.5913177728652954,1.594209909439087,1.5767897367477417,1.5792051553726196,0,-0.007688524706527425,0.15195065465101315,1.5130871278047562
2008-07-23,1.5793297290802002,1.5798038244247437,1.5672998428344727,1.5692428350448608,0,-0.006328421880499874,0.151707692922558,1.513862806558609
2008-07-24,1.5692921876907349,1.57111656665802,1.5635994672775269,1.568873643875122,0,-0.00023529475334783216,0.15144737195598756,1.5146062129735947
2008-07-25,1.56889808177948,1.5751007795333862,1.5664896965026855,1.5672998428344727,0,-0.0010036442049054896,0.14975176105668384,1.5153476959466934
2008-07-28,1.5698094367980957,1.576491355895996,1.5687012672424316,1.5741338729858398,0,0.004350905701334173,0.14948314592691248,1.516116394996643
2008-07-29,1.574009895324707,1.5757957696914673,1.555717945098877,1.5590895414352417,0,-0.009603175501684673,0.15311216255595547,1.516823364496231
2008-07-30,1.5588949918746948,1.5613290071487427,1.5526021718978882,1.5573655366897583,0,-0.001106388430525835,0.15312222616970975,1.517501658797264
2008-07-31,1.5573413372039795,1.5697108507156372,1.557195782661438,1.5593082904815674,0,0.001246684222451814,0.15006424437856375,1.51815074801445
2008-08-08,1.533413052558899,1.5336012840270996,1.4999924898147583,1.5048909187316895,0,-0.035521903065527466,0.18957052135120808,1.5185267287492752
2008-08-26,1.4619027376174927,1.4681053161621094,1.457789659500122,1.4647936820983887,0,-0.027006015106835084,0.20792475886218295,1.5187607109546661
2008-08-27,1.4647936820983887,1.4771921634674072,1.4641932249069214,1.4725805521011353,0,0.005301938141333756,0.20972432032888835,1.5189946073293685
2008-08-28,1.4722987413406372,1.4808013439178467,1.4681053161621094,1.4714103937149048,0,-0.0007949470425621587,0.194262135838418,1.5192201107740402
2008-08-29,1.4711940288543701,1.476385235786438,1.4646005630493164,1.4670931100845337,0,-0.0029384254476455826,0.16578176779355083,1.5193925601243974
2008-09-01,1.4692702293395996,1.4703071117401123,1.4564944505691528,1.4574922323226929,0,-0.0065656570947245875,0.16441785118988192,1.5194834983348846
2008-09-02,1.457789659500122,1.4595983028411865,1.4474084377288818,1.4515894651412964,0,-0.004058170856785097,0.1561892943025157,1.519532471895218
2008-09-03,1.4518002271652222,1.4531716108322144,1.4388697147369385,1.4486035108566284,0,-0.0020591425221934043,0.1563930650566519,1.519555481672287
2008-09-04,1.4486455917358398,1.4539955854415894,1.4226977825164795,1.4264928102493286,0,-0.015381144871580115,0.15974975699425897,1.5194519507884978
2008-09-05,1.4260046482086182,1.4336917400360107,1.4202932119369507,1.4274905920028687,0,0.0006992204603605389,0.16103876392105576,1.5193758535385131
2008-09-08,1.5048909187316895,1.5050041675567627,1.504008173942566,1.5050041675567627,0,0.052877595352298176,0.2565669685832314,1.5196569120883943
2008-09-09,1.4152077436447144,1.4224953651428223,1.405501127243042,1.414847493171692,0,-0.061773920728298674,0.3282823782454468,1.5194921165704727
2008-09-10,1.4150075912475586,1.4171934127807617,1.3960046768188477,1.3984057903289795,0,-0.0116888800173726,0.3271919619161279,1.5192020970582962
2008-09-11,1.3983080387115479,1.4039028882980347,1.3896995782852173,1.3995996713638306,0,0.0008533801121197061,0.32802481294754354,1.518888123035431
2008-09-12,1.399795651435852,1.4239943027496338,1.3977998495101929,1.4239943027496338,0,0.01727956539955487,0.33755561584212335,1.5186675679683685
2008-09-15,1.4305537939071655,1.4474084377288818,1.4100991487503052,1.4268999099731445,0,0.002038383758058949,0.3380197499786914,1.518464556336403
2008-09-16,1.4263911247253418,1.4276129007339478,1.4089070558547974,1.4135074615478516,0,-0.009430018949630171,0.33817656266222523,1.5182701408863069
2008-09-17,1.4135074615478516,1.4380005598068237,1.410636305809021,1.4329315423965454,0,0.013648198564252673,0.34288819667477644,1.5181243228912353
2008-09-18,1.432808518409729,1.4527071714401245,1.4290001392364502,1.4304922819137573,0,-0.0017037373595343327,0.3424913991433023,1.5179517430067062
2008-09-19,1.4304922819137573,1.4496954679489136,1.4160094261169434,1.441794753074646,0,0.007870055715632056,0.344882983325837,1.5178502410650254
2008-09-22,1.4452955722808838,1.485707402229309,1.4452955722808838,1.4795963764190674,0,0.02588063811327514,0.3595545886203771,1.51793122112751
2008-09-23,1.4795963764190674,1.48262357711792,1.4628009796142578,1.4692918062210083,0,-0.006988811716418743,0.33956495270655523,1.51794318318367
2008-09-24,1.4690974950790405,1.474013090133667,1.4613046646118164,1.4633146524429321,0,-0.00407634787619441,0.32659989608231726,1.5178432297706603
2008-09-25,1.4634003639221191,1.4764941930770874,1.4584063291549683,1.4641932249069214,0,0.0006002187028517666,0.3260350825421093,1.5177352166175841
2008-09-26,1.4643003940582275,1.4679113626480103,1.456303596496582,1.4598966836929321,0,-0.0029387224335763865,0.32616295880674423,1.5176067143678664
2008-09-29,1.4547992944717407,1.4560279846191406,1.4310041666030884,1.4393253326416016,0,-0.014191183822729327,0.3295890473678838,1.517402840256691
2008-09-30,1.4394081830978394,1.441794753074646,1.4020919799804688,1.409641981124878,0,-0.020838726747097962,0.3363151004039266,1.5170321023464204
2008-10-01,1.4102979898452759,1.4170327186584473,1.398699164390564,1.4016202688217163,0,-0.005706855754467501,0.3365160117502238,1.5166197144985198
2008-10-02,1.4020919799804688,1.4020919799804688,1.376197338104248,1.380795955657959,0,-0.014968789940075682,0.33966181295024245,1.516143729686737
2008-10-03,1.3806052207946777,1.38968026638031,1.372005581855774,1.3784927129745483,0,-0.0016694470894127007,0.3363039683365076,1.5156882226467132
2008-10-06,1.3650199174880981,1.367409110069275,1.3453155755996704,1.3504936695098877,0,-0.020520458544919223,0.3424298246411394,1.5151056557893754
2008-10-07,1.3510043621063232,1.3730039596557617,1.34890878200531,1.3588064908981323,0,0.006136527503310467,0.2794310113664092,1.5145166718959808
2008-10-08,1.5050041675567627,1.5050041675567627,1.49140202999115,1.4957072734832764,0,0.09599245337352873,0.3879632095172773,1.5146957248449326
2008-10-09,1.3628991842269897,1.3783787488937378,1.3584187030792236,1.3598041534423828,0,-0.0952585030440745,0.5143070941368463,1.5141651940345764
2008-10-10,1.360007643699646,1.3635867834091187,1.328303575515747,1.3398001194000244,0,-0.014820246346670198,0.5163295332731743,1.5135361468791961
2008-10-13,1.3618041276931763,1.367409110069275,1.346166729927063,1.3621937036514282,0,0.016575979413581615,0.5160027975838696,1.5129926598072052
2008-10-14,1.3621937036514282,1.3761025667190552,1.3614147901535034,1.3618041276931763,0,-0.00028603250445005587,0.5158299754725666,1.5124692273139955
2008-10-15,1.3615074157714844,1.3681762218475342,1.3430029153823853,1.3443931341171265,0,-0.012867675287039186,0.5165720329081315,1.5118331664800644
2008-10-16,1.3443028926849365,1.3531982898712158,1.3357912302017212,1.3489997386932373,0,0.003420673689635183,0.51377916234107,1.5112631970643997
2008-10-17,1.3489997386932373,1.3514974117279053,1.3392976522445679,1.3422999382019043,0,-0.004978869049058091,0.5138104127286656,1.510756147503853
2008-10-20,1.3405005931854248,1.352685809135437,1.3292039632797241,1.3313274383544922,0,-0.00820799603272654,0.5125297687121267,1.5102063047885894
2008-10-21,1.331398367881775,1.3352025747299194,1.3052955865859985,1.3061139583587646,0,-0.019120233843420667,0.5033229106218694,1.509544906616211
2008-10-22,1.305943250656128,1.306796669960022,1.2790995836257935,1.2816734313964844,0,-0.01888969224809695,0.5053201457377012,1.5087867671251296
2008-10-23,1.2815419435501099,1.2997984886169434,1.2733986377716064,1.2944984436035156,0,0.009956725545702923,0.5084983563956046,1.5080652219057082
2008-10-24,1.294113039970398,1.294113039970398,1.250500202178955,1.2629930973052979,0,-0.024638939857002468,0.5119769522448524,1.5071816956996917
2008-10-27,1.2638070583343506,1.2662074565887451,1.2352999448776245,1.2464631795883179,0,-0.013174293530413102,0.5121718260264494,1.5062160384655
2008-10-28,1.2468360662460327,1.2830052375793457,1.2342935800552368,1.2809016704559326,0,0.027254175474300528,0.5253301800557737,1.5053765845298768
2008-10-29,1.2814927101135254,1.2977573871612549,1.2635995149612427,1.2959243059158325,0,0.011659930314412394,0.5254780199722099,1.5045492553710937
2008-10-30,1.2960082292556763,1.3265942335128784,1.2819033861160278,1.2868025302886963,0,-0.0070637075725948064,0.5255543952128107,1.5036242669820785
2008-10-31,1.2879958152770996,1.2879958152770996,1.268005609512329,1.2701960802078247,0,-0.012989200305231121,0.5250816608475283,1.5026746988296509
2008-11-03,1.2774981260299683,1.2894407510757446,1.2581939697265625,1.2617977857589722,0,-0.006633764291643426,0.5250885401680316,1.5016736394166947
2008-11-04,1.2620208263397217,1.3045973777770996,1.2530229091644287,1.2983977794647217,0,0.028593508882069955,0.5333663862837353,1.5008071678876878
2008-11-05,1.2984988689422607,1.3103067874908447,1.280983805656433,1.2918059825897217,0,-0.005089801198032505,0.5326594230932253,1.499893741607666
2008-11-06,1.2914223670959473,1.2927078008651733,1.268005609512329,1.2695027589797974,0,-0.01741593036892256,0.396038055539904,1.4988637948036194
2008-11-07,1.269293189048767,1.2847360372543335,1.265806794166565,1.2714072465896606,0,0.0014990597560185584,0.2365616179021874,1.4978793340921401
2008-11-10,1.2824788093566895,1.2926075458526611,1.2726045846939087,1.2747948169708252,0,0.002660882597178923,0.23347337624984532,1.4964678144454957
2008-11-11,1.2748109102249146,1.279737949371338,1.248704433441162,1.2515957355499268,0,-0.01836591218615012,0.22908490869432052,1.4953937697410584
2008-11-12,1.2525991201400757,1.2629930973052979,1.2442762851715088,1.2459040880203247,0,-0.004557884112118673,0.22868230803326706,1.4942227894067763
2008-11-13,1.2466963529586792,1.283400535583496,1.240094780921936,1.2788705825805664,0,0.026115889570376614,0.24910289505919553,1.493222114443779
2008-11-14,1.278805136680603,1.2798033952713013,1.2590018510818481,1.2596997022628784,0,-0.0151039700456851,0.25191794306096554,1.4920861113071442
2008-11-17,1.2528972625732422,1.2738529443740845,1.251799464225769,1.2643983364105225,0,0.0037230246233954153,0.2529717614781491,1.4910070550441743
2008-11-18,1.2645422220230103,1.2690999507904053,1.2571974992752075,1.2636953592300415,0,-0.000556132234981122,0.25231644832753203,1.4899935084581375
2008-11-19,1.2634079456329346,1.2798198461532593,1.2480031251907349,1.2505314350128174,0,-0.010471644434272998,0.24685036875196403,1.488926164507866
2008-11-20,1.2503281831741333,1.2583998441696167,1.2433944940567017,1.243904948234558,0,-0.005313025748497885,0.23956783616689536,1.4878367096185685
2008-11-21,1.2441060543060303,1.2635835409164429,1.2437037229537964,1.2590969800949097,0,0.012139198333224207,0.24098930567947266,1.4869221812486648
2008-11-24,1.2637592554092407,1.2956053018569946,1.2571816444396973,1.291772723197937,0,0.02562069748939223,0.2425990462489021,1.4860570764541625
2008-11-25,1.291605830192566,1.307411789894104,1.2811970710754395,1.303407073020935,0,0.00896618244535278,0.23830153364216972,1.4852580738067627
2008-11-26,1.303407073020935,1.303407073020935,1.282495141029358,1.289923071861267,0,-0.010399079114808474,0.22351468933425364,1.4843206369876862
2008-11-27,1.2896236181259155,1.295706033706665,1.2865046262741089,1.289507269859314,0,-0.00032239832092330133,0.21968585573800245,1.4834306621551514
2008-11-28,1.289607048034668,1.2951018810272217,1.2654223442077637,1.269792914390564,0,-0.015406356418535274,0.22479415903785105,1.4823855835199355
2008-12-01,1.2675074338912964,1.270163893699646,1.258605718612671,1.2599060535430908,0,-0.007816670136345322,0.22190754038617957,1.4812991529703141
2008-12-02,1.25979483127594,1.2761287689208984,1.257023572921753,1.2713264226913452,0,0.009023625248262727,0.22298021070137075,1.480240248441696
2008-12-03,1.2709225416183472,1.2739989757537842,1.2610976696014404,1.2707933187484741,0,-0.0004194168685256278,0.19793344580867778,1.4791617023944854
2008-12-04,1.270405888557434,1.2842081785202026,1.25629723072052,1.277400255203247,0,0.005185596045427085,0.19847337106424656,1.4781487506628037
2008-12-05,1.2776939868927002,1.2791976928710938,1.2638070583343506,1.2716983556747437,0,-0.004473666898441223,0.18946174146374128,1.477093244791031
2008-12-08,1.4898910522460938,1.4964011907577515,1.4818108081817627,1.4918025732040405,0,0.159631874406008,0.5844770019024524,1.4772332209348678
2008-12-09,1.2914056777954102,1.299595832824707,1.2809016704559326,1.2926075458526611,0,-0.14332363787441182,0.7845807111113108,1.4763877063989639
2008-12-10,1.292741298675537,1.305193305015564,1.2908055782318115,1.3014055490493774,0,0.006783340415443277,0.7817277883705547,1.4756552821397781
2008-12-11,1.3015918731689453,1.3394949436187744,1.3008638620376587,1.3329956531524658,0,0.023983908263089614,0.7850216803490659,1.4745347666740418
2008-12-12,1.332924485206604,1.340985894203186,1.3255391120910645,1.33539879322052,0,0.0018011885169566776,0.7805914099170002,1.4739607602357865
2008-12-15,1.3439956903457642,1.3721938133239746,1.3435983657836914,1.3696004152297974,0,0.025289060823933424,0.7819406557798917,1.4735177940130233
2008-12-16,1.3696191310882568,1.4133076667785645,1.3636983633041382,1.4061928987503052,0,0.02636695123180153,0.7857707914144252,1.4732707381248473
2008-12-17,1.4063905477523804,1.4428139925003052,1.402288556098938,1.440839171409607,0,0.02433972096073151,0.7882569827079258,1.4731528955698012
2008-12-18,1.4406938552856445,1.4679975509643555,1.4211004972457886,1.4293065071105957,0,-0.008036335195657648,0.7876510803333299,1.4729613786935807
2008-12-19,1.4292043447494507,1.430696964263916,1.382991909980774,1.392602562904358,0,-0.026015022679856767,0.7947504705298075,1.4725993502140045
2008-12-22,1.3979953527450562,1.4113928079605103,1.3915947675704956,1.3959071636199951,0,0.002370156525694562,0.7944235798276292,1.472213922739029
2008-12-23,1.3957902193069458,1.4019936323165894,1.3919047117233276,1.3937865495681763,0,-0.0015203206361005621,0.7910654706756856,1.4718213617801665
2008-12-24,1.3940973281860352,1.4017970561981201,1.3939030170440674,1.4008938074111938,0,0.0050862869862819855,0.7908491987111428,1.4714183133840562
2008-12-25,1.4006974697113037,1.4140071868896484,1.3984057903289795,1.4015023708343506,0,0.00043431648775933164,0.7893504670618064,1.4710128164291383
2008-12-26,1.40160071849823,1.4112931489944458,1.3994821310043335,1.4027016162872314,0,0.0008553197495614791,0.7892806778910033,1.4706083673238755
2008-12-29,1.4105963706970215,1.4359976053237915,1.3925055265426636,1.4039028882980347,0,0.000856032321046737,0.7862454323541433,1.4701298314332962
2008-12-30,1.4035481214523315,1.422009825706482,1.400207281112671,1.4140071868896484,0,0.007171514794892139,0.7849327589950773,1.4696408313512803
2008-12-31,1.4136074781417847,1.4145071506500244,1.3855020999908447,1.3979953527450562,0,-0.011388330538015646,0.7869587296766483,1.4690328323841095
2009-01-01,1.3979953527450562,1.405402421951294,1.3954981565475464,1.3998936414718628,0,0.0013569437686815394,0.7868422163566623,1.4684362870454788
2009-01-02,1.4002660512924194,1.4023081064224243,1.384293794631958,1.3922922611236572,0,-0.005444765780106236,0.7876051244280207,1.4677976936101913
2009-01-05,1.3957902193069458,1.3957902193069458,1.3556013107299805,1.3645915985107422,0,-0.020096308939095725,0.7915974148645777,1.467015625834465
2009-01-06,1.3631778955459595,1.3631778955459595,1.3318061828613281,1.3510043621063232,0,-0.01000690086785891,0.551267828867554,1.466132161617279
2009-01-07,1.3499467372894287,1.374192714691162,1.3437248468399048,1.3610997200012207,0,0.00744470286978558,0.22375648274783222,1.4652451157569886
2009-01-08,1.3613406419754028,1.378435730934143,1.3538029193878174,1.3699005842208862,0,0.006445180304046515,0.2236771832104548,1.4644266122579574
2009-01-09,1.3699755668640137,1.37247633934021,1.3419036865234375,1.345496654510498,0,-0.017974966191582543,0.2199567832378936,1.463483619093895
2009-01-12,1.3426964282989502,1.3443931341171265,1.3304948806762695,1.3360053300857544,0,-0.007079140061624425,0.22141296925137025,1.462492698431015
2009-01-13,1.3360053300857544,1.3360053300857544,1.3157029151916504,1.3202017545700073,0,-0.011899495401654747,0.2047929390589613,1.4613236993551255
2009-01-14,1.3207073211669922,1.3326935768127441,1.3102039098739624,1.3217023611068726,0,0.0011360039066815892,0.17805198811431944,1.4601211762428283
2009-01-15,1.3204981088638306,1.3229963779449463,1.3043080568313599,1.3158068656921387,0,-0.004470509656238252,0.1478157872619288,1.4588912492990493
2009-01-16,1.3162050247192383,1.3333866596221924,1.3149935007095337,1.3292039632797241,0,0.01013017565649983,0.15527286177938482,1.4576632535457612
2009-01-19,1.3357912302017212,1.3376315832138062,1.306165099143982,1.3093974590301514,0,-0.015013162734404933,0.13895384696108493,1.4563812267780305
2009-01-20,1.3097920417785645,1.3099292516708374,1.285413146018982,1.2884937524795532,0,-0.016093174041099355,0.14467604949513918,1.4550042313337326
2009-01-21,1.2885932922363281,1.3070528507232666,1.2850992679595947,1.3005084991455078,0,0.009281438754452476,0.1515102026238543,1.4537857204675675
2009-01-22,1.2989037036895752,1.3072919845581055,1.2920063734054565,1.3006776571273804,0,0.00013006218851575993,0.14900629466138904,1.4524405544996262
2009-01-23,1.300643801689148,1.3015241622924805,1.2775959968566895,1.2964956760406494,0,-0.003220412475070374,0.1483159910442001,1.4512055546045304
2009-01-26,1.2902060747146606,1.3233989477157593,1.2866039276123047,1.319191575050354,0,0.017354114945374602,0.164808007666284,1.449995476603508
2009-01-27,1.3188437223434448,1.3315047025680542,1.313094139099121,1.3215975761413574,0,0.0018221839147202772,0.16512082434334072,1.448691446185112
2009-01-28,1.3220168352127075,1.3312033414840698,1.3108049631118774,1.3153221607208252,0,-0.004759664983317552,0.16109596533729664,1.447361043691635
2009-01-29,1.3150973320007324,1.3168810606002808,1.2922067642211914,1.2937949895858765,0,-0.016501872780047812,0.1651946462349125,1.445949549674988
2009-01-30,1.2938953638076782,1.2938953638076782,1.2782002687454224,1.2836971282958984,0,-0.007835455932161062,0.16472550674771166,1.44448905646801
2009-02-02,1.2753963470458984,1.289307713508606,1.2710033655166626,1.2814927101135254,0,-0.0017187178056127512,0.16485537020593374,1.4430575633049012
2009-02-03,1.2811970710754395,1.3051081895828247,1.280524492263794,1.3012869358062744,0,0.015328147161452766,0.16679695550273646,1.4417304450273514
2009-02-04,1.3014055490493774,1.3067283630371094,1.2822978496551514,1.2855618000030518,0,-0.012157904159987775,0.16821581993231818,1.4402898144721985
2009-02-05,1.2856941223144531,1.2898067235946655,1.2774981260299683,1.2791157960891724,0,-0.005026766324964116,0.16456061714425266,1.4388328951597213
2009-02-06,1.2790340185165405,1.29878568649292,1.2757054567337036,1.2927078008651733,0,0.010570033916625114,0.1681125367370696,1.437507422566414
2009-02-09,1.2960922718048096,1.3084039688110352,1.2885932922363281,1.2959076166152954,0,0.0024722230720381788,0.15949931518321908,1.4360749423503876
2009-02-10,1.2967981100082397,1.3050060272216797,1.281295657157898,1.2914056777954102,0,-0.003480014092613479,0.1584790117455106,1.4346609300374984
2009-02-11,1.2918059825897217,1.299072504043579,1.2838783264160156,1.2868025302886963,0,-0.003570815098175574,0.15423955231037498,1.4331839257478713
2009-02-12,1.2866039276123047,1.2937781810760498,1.2731068134307861,1.28909170627594,0,0.0017773839914638817,0.15437894491007087,1.4317168653011323
2009-02-13,1.2885932922363281,1.2941968441009521,1.2825939655303955,1.2866039276123047,0,-0.0019317340174197385,0.15394902840550406,1.4302568513154983
2009-02-16,1.2793940305709839,1.2820019721984863,1.2732040882110596,1.2799016237258911,0,-0.005222914182929211,0.1489834487838246,1.4286772966384889
2009-02-17,1.279361367225647,1.279361367225647,1.2565971612930298,1.2581939697265625,0,-0.017105883149587477,0.15147754260739346,1.4270172446966172
2009-02-18,1.2596044540405273,1.2634079456329346,1.2521756887435913,1.256897211074829,0,-0.001031182309841962,0.14240937955324828,1.425434776544571
2009-02-19,1.2566603422164917,1.2754939794540405,1.2561078071594238,1.2659028768539429,0,0.007139451179711698,0.14060824132926966,1.4238083350658417
2009-02-20,1.265934944152832,1.2932929992675781,1.256407618522644,1.2932929992675781,0,0.021406074113407895,0.16112419254218568,1.4222808110713958
2009-02-23,1.2790995836257935,1.2984988689422607,1.2694865465164185,1.267812728881836,0,-0.019898523395970657,0.17475258889995832,1.4206828629970552
2009-02-24,1.2675074338912964,1.287697434425354,1.266897201538086,1.2873989343643188,0,0.01533069794205785,0.1721870745906612,1.4192778271436692
2009-02-25,1.2866039276123047,1.289607048034668,1.269599437713623,1.2724264860153198,0,-0.011698156424098882,0.1755714793672649,1.417821473479271
2009-02-26,1.2719894647598267,1.2806065082550049,1.2695027589797974,1.2720541954040527,0,-0.0002926260094189969,0.1753061595798786,1.4163553035259246
2009-02-27,1.2721028327941895,1.2748922109603882,1.2613998651504517,1.2678931951522827,0,-0.0032764489450785653,0.1669199861935929,1.414911214709282
2009-03-02,1.25982666015625,1.2625943422317505,1.2545949220657349,1.256407618522644,0,-0.00910006907937546,0.16763199486548394,1.4133822178840638
2009-03-03,1.2562024593353271,1.2672183513641357,1.253007173538208,1.253179907798767,0,-0.002572305185430479,0.16770268140464406,1.4119311153888703
2009-03-04,1.2531956434249878,1.26639986038208,1.2468984127044678,1.2638070583343506,0,0.008444393100459061,0.16077713953041584,1.4105010962486266
2009-03-05,1.2629611492156982,1.2638070583343506,1.2485017776489258,1.2546736001968384,0,-0.007253181117832078,0.15750323292955964,1.4090065091848374
2009-03-06,1.2547996044158936,1.2740962505340576,1.2545949220657349,1.2638070583343506,0,0.007253181117831999,0.15943544358851647,1.4076330000162125
2009-03-09,1.2716983556747437,1.272394061088562,1.2559974193572998,1.2622755765914917,0,-0.0012125351002551263,0.15419761723483721,1.4062123388051986
2009-03-10,1.2621959447860718,1.2818048000335693,1.2621959447860718,1.2716660499572754,0,0.0074117858563315445,0.15658429532342552,1.4048256957530976
2009-03-11,1.2715365886688232,1.2863060235977173,1.2632005214691162,1.2806720733642578,0,0.007057106346311402,0.15863706258870958,1.4034590482711793
2009-03-12,1.2806228399276733,1.2941968441009521,1.2735933065414429,1.289889931678772,0,0.007171893000244536,0.16028569351258304,1.4021699976921083
2009-03-13,1.2900062799453735,1.2954374551773071,1.2871006727218628,1.2929919958114624,0,0.0024020189162898406,0.16038194025652275,1.4009004074335099
2009-03-16,1.2886265516281128,1.3066941499710083,1.2872000932693481,1.2976058721542358,0,0.003562020395544233,0.16061504372198177,1.3996629691123963
2009-03-17,1.296983242034912,1.3040019273757935,1.2935941219329834,1.3033220767974854,0,0.004395518798526304,0.1598221855662677,1.3983815789222718
2009-03-18,1.303407073020935,1.3529969453811646,1.299291968345642,1.3483994007110596,0,0.03400181136959132,0.18369563537869582,1.3973596006631852
2009-03-19,1.34890878200531,1.373192548751831,1.3424079418182373,1.3661948442459106,0,0.013111129583699902,0.18601498589565216,1.3963635212182999
2009-03-20,1.366400122642517,1.372099757194519,1.3531067371368408,1.3581973314285278,0,-0.005871060606620556,0.18866348574172342,1.3952604776620865
2009-03-23,1.36282479763031,1.3728909492492676,1.350621223449707,1.3620452880859375,0,0.0028291294286644487,0.17686972419101432,1.3942047399282456
2009-03-24,1.3616927862167358,1.3678767681121826,1.3441402912139893,1.348126769065857,0,-0.010271407936797084,0.16422318710706976,1.3930528384447098
2009-03-25,1.3485995531082153,1.3615074157714844,1.3428946733474731,1.3576995134353638,0,0.007075682847711305,0.15876481092311034,1.3919516652822495
2009-03-26,1.3576995134353638,1.363493800163269,1.3508037328720093,1.3530701398849487,0,-0.0034155451351217435,0.15185315934615637,1.390871540904045
2009-03-27,1.3529969453811646,1.358991026878357,1.3268934488296509,1.3292039632797241,0,-0.017795948917794135,0.16779617304654257,1.3896895265579223
2009-03-30,1.326400637626648,1.3284975290298462,1.312404751777649,1.318617582321167,0,-0.007996337506278688,0.17047433676204582,1.3885235792398454
2009-03-31,1.3184958696365356,1.3337067365646362,1.3182003498077393,1.3246963024139404,0,0.004599325750559984,0.16591305991255886,1.3873765695095062
2009-04-01,1.3245033025741577,1.3278977870941162,1.3175925016403198,1.3240998983383179,0,-0.00045032085558855404,0.1652539086039268,1.3862240409851074
2009-04-02,1.3242051601409912,1.350694179534912,1.323994755744934,1.346692442893982,0,0.01691863729900251,0.17150545573885698,1.3852323931455612
2009-04-03,1.3466018438339233,1.349400281906128,1.337595820426941,1.34890878200531,0,0.0016444120816444389,0.16750994786581047,1.3842606490850449
2009-04-06,1.3527040481567383,1.3577916622161865,1.3363981246948242,1.340572476387024,0,-0.00619921205208972,0.17012180748116718,1.3831690365076066
2009-04-07,1.3405364751815796,1.3406982421875,1.323591709136963,1.3277391195297241,0,-0.009619158295263152,0.17504634844348274,1.38191519677639
2009-04-08,1.3281975984573364,1.3307960033416748,1.3159279823303223,1.3251352310180664,0,-0.001963070242904756,0.17468165220741586,1.380719084739685
2009-04-09,1.3252054452896118,1.3332977294921875,1.313905119895935,1.3159972429275513,0,-0.006919777514935391,0.17624720037007607,1.3795670318603515
2009-04-10,1.315598964691162,1.3198009729385376,1.3101695775985718,1.3175925016403198,0,0.0012114710813765403,0.17494792317673952,1.3783760410547257
2009-04-13,1.3181308507919312,1.3392080068588257,1.3138360977172852,1.3363981246948242,0,0.014171819305623487,0.18078006054296225,1.3773275476694107
2009-04-14,1.3369877338409424,1.3377926349639893,1.3239071369171143,1.327404260635376,0,-0.00675267676357618,0.18286871629686757,1.3762800639867783
2009-04-15,1.327404260635376,1.3289920091629028,1.3157029151916504,1.3225939273834229,0,-0.0036304466600069053,0.1831491688113596,1.3751560896635056
2009-04-16,1.3228038549423218,1.326664686203003,1.313508152961731,1.3180439472198486,0,-0.003446125430687802,0.13763831424456408,1.37398534655571
2009-04-17,1.3184785842895508,1.3198009729385376,1.302405595779419,1.3044953346252441,0,-0.01033253017562423,0.13097027028948877,1.3727387815713883
2009-04-20,1.3048186302185059,1.3048186302185059,1.290106177330017,1.2928917407989502,0,-0.00893488008075757,0.1324735574873992,1.3714482963085175
2009-04-21,1.2929251194000244,1.298701286315918,1.2901227474212646,1.2934937477111816,0,0.00046551987379874366,0.1315598955538823,1.3701017999649048
2009-04-22,1.2933933734893799,1.3033052682876587,1.2900896072387695,1.300576090812683,0,0.005460424074720514,0.13107537631439292,1.3688432359695435
2009-04-23,1.3004916906356812,1.315598964691162,1.2984988689422607,1.3140950202941895,0,0.010340918132272853,0.13428183410696368,1.3676287019252777
2009-04-24,1.3139914274215698,1.3298933506011963,1.3119055032730103,1.3258028030395508,0,0.008869933829737896,0.13880426377306304,1.3664207255840302
2009-04-27,1.3225064277648926,1.3232064247131348,1.3007283210754395,1.3018969297409058,0,-0.018195787420551904,0.13942053265621304,1.3650537139177323
2009-04-28,1.302592158317566,1.316534399986267,1.2972356081008911,1.313094139099121,0,0.008563912837585817,0.1407283768148966,1.3637426882982253
2009-04-29,1.3129045963287354,1.3337956666946411,1.312508225440979,1.3265942335128784,0,0.010228640818117725,0.14444914836825262,1.3625006514787674
2009-04-30,1.3262248039245605,1.3382043838500977,1.3199926614761353,1.323521614074707,0,-0.0023188577343014544,0.14467849933976215,1.3611792314052582
2009-05-01,1.323293924331665,1.3326935768127441,1.323293924331665,1.3268054723739624,0,0.002478079023925897,0.13141509808769342,1.3599632257223129
2009-05-04,1.328285813331604,1.3439956903457642,1.3214927911758423,1.3418675661087036,0,0.011288197134526641,0.13768717773118216,1.3588156229257584
2009-05-05,1.3419036865234375,1.3436886072158813,1.3289920091629028,1.33159339427948,0,-0.007686083740179227,0.13859014982388942,1.357613561153412
2009-05-06,1.3317174911499023,1.3372023105621338,1.3248015642166138,1.3312920331954956,0,-0.00022634175857630032,0.13440548274659683,1.356603073477745
2009-05-07,1.3315757513046265,1.347091555595398,1.3255040645599365,1.3392080068588257,0,0.005928475363935283,0.1356335329055567,1.3554311692714691
2009-05-08,1.339566707611084,1.3652063608169556,1.3345433473587036,1.3639029264450073,0,0.01827198902080189,0.14594419893458274,1.354358148574829
2009-05-11,1.3623977899551392,1.3667924404144287,1.356208086013794,1.358991026878357,0,-0.0036078561845452827,0.1470988525438223,1.3531786215305328
2009-05-12,1.3591018915176392,1.3708019256591797,1.3567968606948853,1.364498496055603,0,0.004044426562454919,0.14010000844574638,1.3520556515455247
2009-05-13,1.3645915985107422,1.372099757194519,1.357496738433838,1.3588618040084839,0,-0.0041395184441799385,0.13856416776185315,1.3509004563093185
2009-05-14,1.3593051433563232,1.366474986076355,1.3531982898712158,1.3636053800582886,0,0.003484766228151183,0.13768300025520344,1.3498074662685395
2009-05-15,1.3635681867599487,1.3647964000701904,1.3464930057525635,1.350201964378357,0,-0.009878022251002481,0.1422929954517365,1.34863052546978
2009-05-18,1.348126769065857,1.3563920259475708,1.3428045511245728,1.3558034896850586,0,0.004140075400984862,0.1362855718829268,1.3474825978279115
2009-05-19,1.3561527729034424,1.3667924404144287,1.3534914255142212,1.3632335662841797,0,0.005465240039142713,0.1309701061381324,1.3463417971134186
2009-05-20,1.3632335662841797,1.382991909980774,1.3584926128387451,1.3772966861724854,0,0.010263154962271254,0.13340598605308665,1.3453322547674178
2009-05-21,1.3774104118347168,1.3925249576568604,1.3733999729156494,1.3906078338623047,0,0.009618287200858314,0.13514262284876652,1.3444390797615051
2009-05-22,1.3905304670333862,1.4050073623657227,1.390356421470642,1.4003052711486816,0,0.006949321564701465,0.13337975060683122,1.343596237897873
2009-05-25,1.4024261236190796,1.4034693241119385,1.3965895175933838,1.4006974697113037,0,0.0002800415433116527,0.13194901728815564,1.342763226032257
2009-05-26,1.4004818201065063,1.4023081064224243,1.3861935138702393,1.3994038105010986,0,-0.0009240089359553149,0.10923220565812691,1.3418895757198335
2009-05-27,1.3993059396743774,1.400207281112671,1.3823992013931274,1.3833937644958496,0,-0.011506566481380924,0.11905303262966596,1.3410110968351363
2009-05-28,1.3835850954055786,1.3980929851531982,1.3795957565307617,1.3931069374084473,0,0.006996729754814124,0.11691095266828949,1.3401898038387299
2009-05-29,1.3930875062942505,1.4165109395980835,1.3927963972091675,1.4157087802886963,0,0.016093850929070994,0.12481835174796999,1.3394718062877655
2009-06-01,1.4118908643722534,1.4245014190673828,1.410258173942566,1.4163904190063477,0,0.00048136642316980833,0.12515634190153968,1.3390293037891388
2009-06-02,1.4161096811294556,1.4332396984100342,1.410636305809021,1.4308607578277588,0,0.010164514831264352,0.12428885167878224,1.3388596391677856
2009-06-03,1.4307379722595215,1.4336917400360107,1.411193609237671,1.4149675369262695,0,-0.011169603005919059,0.12859426954636397,1.3385715740919113
2009-06-04,1.4155082702636719,1.4236091375350952,1.407400131225586,1.4177961349487305,0,0.00199705961400183,0.12814481261606445,1.3383035027980805
2009-06-05,1.4179168939590454,1.4267982244491577,1.3935922384262085,1.3971943855285645,0,-0.014637432775472926,0.1413425472079844,1.3379540091753006
2009-06-08,1.393980860710144,1.3999720811843872,1.3810819387435913,1.3902984857559204,0,-0.00494775352537382,0.13014241349267208,1.3376180404424667
2009-06-09,1.3914011716842651,1.4099003076553345,1.3855020999908447,1.4063313007354736,0,0.01146593711216765,0.13396446265517922,1.3373917496204377
2009-06-10,1.4059951305389404,1.4142670631408691,1.3918077945709229,1.3983862400054932,0,-0.005665513098056201,0.13596772951824382,1.337140663266182
2009-06-11,1.3984057903289795,1.4174946546554565,1.3954007625579834,1.4110939502716064,0,0.009046368771814797,0.13714943468316676,1.3370636689662934
2009-06-12,1.4108949899673462,1.4130080938339233,1.3942917585372925,1.4001091718673706,0,-0.007815041343329204,0.1409302485887985,1.3369267618656158
2009-06-15,1.3985623121261597,1.4001485109329224,1.3761215209960938,1.3784927129745483,0,-0.015559548217554954,0.1477940654099186,1.3362942045927049
2009-06-16,1.3786067962646484,1.3929904699325562,1.3751943111419678,1.382991909980774,0,0.0032585377806486054,0.14758853724772997,1.3361349266767502
2009-06-17,1.3830301761627197,1.3979953527450562,1.38119637966156,1.393805980682373,0,0.007788917882399293,0.14870047949792498,1.3361119276285172
2009-06-18,1.3937088251113892,1.399991512298584,1.387597680091858,1.3914979696273804,0,-0.0016572780740828012,0.14509048304680722,1.3360714191198348
2009-06-19,1.3914011716842651,1.400207281112671,1.3885996341705322,1.3947001695632935,0,0.00229861710178486,0.1414571850718457,1.3359249484539033
2009-06-22,1.3938252925872803,1.3939224481582642,1.3830111026763916,1.386520266532898,0,-0.005882256947526171,0.1406558629997766,1.335723050236702
2009-06-23,1.3865010738372803,1.4108153581619263,1.3832024335861206,1.4072020053863525,0,0.014806136518114214,0.15030343109421204,1.3356915229558946
2009-06-24,1.4076775312423706,1.4138071537017822,1.3892362117767334,1.3940973281860352,0,-0.009356210270206562,0.15390766603709463,1.3354973518848419
2009-06-25,1.3940001726150513,1.4011685848236084,1.389294147491455,1.3985623121261597,0,0.0031976598080342726,0.14861177450905358,1.3353377020359039
2009-06-26,1.3985623121261597,1.4116119146347046,1.3985623121261597,1.4053035974502563,0,0.004808573969686594,0.14759993170613706,1.335155246257782
2009-06-29,1.406212568283081,1.4101985692977905,1.3985036611557007,1.408609390258789,0,0.002349606646556784,0.13646308849784333,1.3348003113269806
2009-06-30,1.4087880849838257,1.4151077270507812,1.4005799293518066,1.4038830995559692,0,-0.0033609299714689933,0.13685592737975918,1.3344732677936555
2009-07-01,1.4039028882980347,1.4199906587600708,1.400403380393982,1.414087176322937,0,0.007242178140674165,0.13435913518465747,1.3342271304130555
2009-07-02,1.4133076667785645,1.4148874282836914,1.3935534954071045,1.3957513570785522,0,-0.013051340351973934,0.13637412249184427,1.3338849210739137
2009-07-03,1.3960630893707275,1.4027409553527832,1.3946417570114136,1.3960046768188477,0,0.0001814769900484367,0.13607459583580198,1.333565461039543
2009-07-06,1.3957902193069458,1.399795651435852,1.3883682489395142,1.3977022171020508,0,0.001215260266433631,0.12640874104900707,1.3333573454618455
2009-07-07,1.3976629972457886,1.4050073623657227,1.390588402748108,1.3915947675704956,0,-0.0043792104788934446,0.12614243102346176,1.3332671093940736
2009-07-08,1.3916915655136108,1.3938642740249634,1.383508563041687,1.3879058361053467,0,-0.0026543859182584033,0.11933296870885275,1.3331985372304915
2009-07-09,1.3880406618118286,1.4068654775619507,1.386001467704773,1.4027999639511108,0,0.010674195225456188,0.12397559452627464,1.3333085572719574
2009-07-10,1.402465581893921,1.4027016162872314,1.3882912397384644,1.3933980464935303,0,-0.006724811944232228,0.12173338744142376,1.3333830839395524
2009-07-13,1.3969016075134277,1.4000699520111084,1.3903371095657349,1.3990123271942139,0,0.004021105435285719,0.11978478693276887,1.333625677227974
2009-07-14,1.398699164390564,1.4015417098999023,1.3914397954940796,1.3971552848815918,0,-0.0013282770157531489,0.10588691002795897,1.3338174211978913
2009-07-15,1.3971748352050781,1.413207769393921,1.3965115547180176,1.4101985692977905,0,0.009292293702401455,0.10975886223075178,1.3333898776769637
2009-07-16,1.4105963706970215,1.4161096811294556,1.4058963060379028,1.414107084274292,0,0.0027677722959458294,0.10715119601236799,1.3336613923311234
2009-07-17,1.414107084274292,1.4146673679351807,1.4068259000778198,1.4104969501495361,0,-0.002556206849905044,0.10744401524509639,1.334014876484871
2009-07-20,1.4226977825164795,1.4229000806808472,1.421181321144104,1.421181321144104,0,0.007546352851452053,0.10996935054250938,1.3343098145723342
2009-07-21,1.421767234802246,1.4218480587005615,1.4198495149612427,1.4198495149612427,0,-0.0009375514432938395,0.1074340990697362,1.3346000415086747
2009-07-22,1.4206764698028564,1.4211409091949463,1.4200712442398071,1.4205957651138306,0,0.0005254459045502823,0.0952264210773288,1.3349810546636582
2009-07-23,1.4162901639938354,1.4169925451278687,1.4161096811294556,1.416330337524414,0,-0.0030070792465378294,0.08934572516977418,1.335317707657814
2009-07-24,1.4212015867233276,1.4212015867233276,1.4212015867233276,1.4212015867233276,0,0.0034334443554243396,0.08943069251332199,1.335712215900421
2009-07-27,1.4242579936981201,1.4247246980667114,1.4231431484222412,1.4247043132781982,0,0.002461591104315358,0.0884577624351821,1.3361791002750396
2009-07-28,1.416330337524414,1.416892170906067,1.4142670631408691,1.4146071672439575,0,-0.007112420506473814,0.09216597854142605,1.3367215663194656
2009-07-29,1.4027016162872314,1.4035087823867798,1.4012471437454224,1.4014631509780884,0,-0.009335073511541043,0.0972589083063153,1.3373205149173737
2009-07-30,1.4075981378555298,1.4089070558547974,1.4072020053863525,1.4084903001785278,0,0.0050016229606511175,0.09542531060621486,1.3378904742002486
2009-07-31,1.4260046482086182,1.4260046482086182,1.4260046482086182,1.4260046482086182,0,0.012358159921764153,0.0928310213216102,1.3387055319547654
2009-08-03,1.441794753074646,1.4421898126602173,1.4411921501159668,1.4411921501159668,0,0.010594071507457191,0.09848015834062494,1.3396791768074037
2009-08-04,1.4400092363357544,1.4422314167022705,1.4400092363357544,1.4419610500335693,0,0.0005333743179454742,0.09853479378760789,1.3404844737052917
2009-08-05,1.4418987035751343,1.442148208618164,1.44110906124115,1.4411712884902954,0,-0.0005478496789582169,0.09653556306030495,1.3412107086181642
2009-08-06,1.436183214187622,1.4372979402542114,1.4357914924621582,1.4372979402542114,0,-0.0026912572385692324,0.09655644174358828,1.3419631856679917
2009-08-07,1.419103980064392,1.419103980064392,1.419103980064392,1.419103980064392,0,-0.012739248013745312,0.10288796667712523,1.3427077251672745
2009-08-10,1.4137673377990723,1.4137673377990723,1.4127686023712158,1.413107991218567,0,-0.00423414480597996,0.10101364383942053,1.3434642761945725
2009-08-11,1.4154882431030273,1.4157087802886963,1.414907455444336,1.4150075912475586,0,0.0013433682317959433,0.10031746447114252,1.3440473252534866
2009-08-12,1.4203335046768188,1.4220906496047974,1.4203335046768188,1.4217066764831543,0,0.004723138854991133,0.10108372253402073,1.3446968287229537
2009-08-13,1.4282041788101196,1.4287142753601074,1.4275925159454346,1.4275925159454346,0,0.004131435442031511,0.09714379711984358,1.345487277507782
2009-08-14,1.42069673538208,1.42069673538208,1.42069673538208,1.42069673538208,0,-0.0048420602177822345,0.0985545971415941,1.346233724951744
2009-08-17,1.4081928730010986,1.4105963706970215,1.4081928730010986,1.4105963706970215,0,-0.007134837089584266,0.10141527350133625,1.3469127327203751
2009-08-18,1.413107991218567,1.416731595993042,1.413107991218567,1.4165109395980835,0,0.004184190326702906,0.09890205095349044,1.347737308740616
2009-08-19,1.4226572513580322,1.4254964590072632,1.4226572513580322,1.4253947734832764,0,0.006252046140693286,0.10129380482481114,1.3486347621679307
2009-08-20,1.4254964590072632,1.4268999099731445,1.4254964590072632,1.4260046482086182,0,0.0004277722230019529,0.1012902410215735,1.349370432496071
2009-08-21,1.4320902824401855,1.4320902824401855,1.4320902824401855,1.4320902824401855,0,0.004258531347762606,0.10153557233144202,1.3502323853969573
2009-08-24,1.4293065071105957,1.4298174381256104,1.4285918474197388,1.4293065071105957,0,-0.0019457463697590803,0.10130502726713213,1.3510569262504577
2009-08-25,1.430124044418335,1.430308222770691,1.4283673763275146,1.4284082651138306,0,-0.0006286435826815868,0.10102819990246246,1.3518804907798767
2009-08-26,1.4248058795928955,1.4253947734832764,1.4236091375350952,1.4236294031143188,0,-0.003351194498703161,0.09844086705433779,1.3527459806203843
2009-08-27,1.4351937770843506,1.4376904964447021,1.4350907802581787,1.4372979402542114,0,0.009555392011256684,0.09687525881083081,1.3537129455804824
2009-08-28,1.430206060409546,1.4359976053237915,1.430206060409546,1.4359976053237915,0,-0.0009051174851781665,0.09611431116618986,1.3545974487066268
2009-08-31,1.433794617652893,1.4344321489334106,1.433794617652893,1.434267520904541,0,-0.0012055225233143238,0.08681228405683367,1.35530992269516
2009-09-01,1.4220300912857056,1.4223941564559937,1.4203133583068848,1.4212015867233276,0,-0.00915157886809881,0.08414543545394751,1.355898895263672
2009-09-02,1.4274091720581055,1.4280002117156982,1.4272258281707764,1.4274091720581055,0,0.0043583316125286944,0.08585768134167107,1.356586325764656
2009-09-03,1.4257606267929077,1.4263097047805786,1.4253947734832764,1.4256386756896973,0,-0.0012411264655640168,0.0858978579699403,1.357266982793808
2009-09-04,1.4294085502624512,1.4294085502624512,1.4294085502624512,1.4294085502624512,0,0.0026408507217955185,0.08618197513985128,1.3580650609731675
2009-09-07,1.4336917400360107,1.434144139289856,1.4331985712051392,1.4331985712051392,0,0.0026479520216309434,0.07369137071688203,1.3589315235614776
2009-09-08,1.4504525661468506,1.4512102603912354,1.4503893852233887,1.4504104852676392,0,0.011937900135362485,0.08155660248018706,1.359826943874359
2009-09-09,1.455561637878418,1.4558159112930298,1.4546935558319092,1.4547992944717407,0,0.0030213395076040127,0.08179001775086726,1.3607469737529754
2009-09-10,1.4584063291549683,1.458491325378418,1.4577046632766724,1.4581297636032104,0,0.0022866815609291144,0.0809440095077988,1.3616506212949753
2009-09-11,1.4580022096633911,1.4580022096633911,1.4580022096633911,1.4580022096633911,0,-8.748159621725039e-05,0.08033898352206773,1.3625821405649186
2009-09-14,1.4636788368225098,1.4643217325210571,1.4625656604766846,1.4643217325210571,0,0.0043250049163589465,0.07818148242139206,1.3624447363615035
2009-09-15,1.4662971496582031,1.4674590826034546,1.466060757637024,1.4670931100845337,0,0.0018908128244945895,0.07169048369059522,1.363317164182663
2009-09-16,1.4708045721054077,1.4719085693359375,1.4706099033355713,1.4711940288543701,0,0.0027913687387893407,0.07128519851254095,1.364166106581688
2009-09-17,1.4740999937057495,1.4744043350219727,1.473101258277893,1.4732965230941772,0,0.0014280871750397544,0.06942670984826131,1.3648676109313964
2009-09-18,1.4716053009033203,1.4716053009033203,1.4716053009033203,1.4716053009033203,0,-0.001148576406181736,0.06996726766581036,1.3655486434698105
2009-09-21,1.4684934616088867,1.4695078134536743,1.4682347774505615,1.468407154083252,0,-0.002175601723122646,0.0703189244195663,1.3660426771640777
2009-09-22,1.4797276258468628,1.4837455749511719,1.4797276258468628,1.4811961650848389,0,0.008671736339453676,0.07387721829093644,1.3664176934957504
2009-09-23,1.4713022708892822,1.4729058742523193,1.4706963300704956,1.4726022481918335,0,-0.005818908361053961,0.07800922017736081,1.3665765088796615
2009-09-24,1.4656953811645508,1.4661037921905518,1.4628009796142578,1.4650940895080566,0,-0.005111607306385965,0.07959687546811689,1.366755446791649
2009-09-25,1.4684934616088867,1.4684934616088867,1.4684934616088867,1.4684934616088867,0,0.0023175538913464285,0.07396495151410867,1.3671349012851715
2009-09-28,1.4628437757492065,1.4635074138641357,1.462159276008606,1.462159276008606,0,-0.004322719906256064,0.07600648526995372,1.3674661618471147
2009-09-29,1.4588955640792847,1.459704875946045,1.458299994468689,1.4591723680496216,0,-0.0020448955228323158,0.076348707707114,1.3677930909395217
2009-09-30,1.4641073942184448,1.4656953811645508,1.4641073942184448,1.465502142906189,0,0.004328539614152708,0.06798846930624822,1.3681161326169968
2009-10-01,1.4543339014053345,1.4543339014053345,1.4513788223266602,1.4515894651412964,0,-0.009538804484458692,0.07697769772481138,1.3683665680885315
2009-10-02,1.4580022096633911,1.4590020179748535,1.4580022096633911,1.4590020179748535,0,0.005093513742767313,0.07798257075045739,1.3686480700969696
2009-10-05,1.464986801147461,1.466275691986084,1.464986801147461,1.465996265411377,0,0.004782403331256961,0.07886309304129094,1.3689585369825363
2009-10-06,1.4718002080917358,1.473708987236023,1.4717570543289185,1.4721685647964478,0,0.004201471885613791,0.079403371860203,1.3692493438720703
2009-10-07,1.4689680337905884,1.4718002080917358,1.4689680337905884,1.4711507558822632,0,-0.000691606206369541,0.0694704005798714,1.3696151208877563
2009-10-08,1.477803349494934,1.4783931970596313,1.4764506816864014,1.4781310558319092,0,0.0047335679864074385,0.07044508216694743,1.3700063079595566
2009-10-09,1.473405122756958,1.473405122756958,1.473405122756958,1.473405122756958,0,-0.00320235757093146,0.07150218215335111,1.370411872267723
2009-10-12,1.4783495664596558,1.4799906015396118,1.4783495664596558,1.4792898893356323,0,0.003986036042489614,0.0724690401715493,1.3709853637218474
2009-10-13,1.4848030805587769,1.485398530960083,1.4840757846832275,1.4846047163009644,0,0.003586384382157092,0.07204619175077273,1.3716533654928207
2009-10-14,1.4930051565170288,1.4938973188400269,1.4929383993148804,1.4932059049606323,0,0.005776870106051113,0.07411400672091475,1.3723138964176178
2009-10-15,1.4942322969436646,1.495796799659729,1.4934512376785278,1.4955954551696777,0,0.0015990026972394623,0.07383303022836207,1.3729423707723618
2009-10-16,1.4908016920089722,1.4908016920089722,1.4908016920089722,1.4908016920089722,0,-0.0032104017260722725,0.07506089913049416,1.3736688959598542
2009-10-19,1.4964011907577515,1.4977010488510132,1.496199607849121,1.496490716934204,0,0.003808821517313419,0.07559956874640059,1.3744713228940963
2009-10-20,1.4936072826385498,1.4936072826385498,1.4924482107162476,1.4934512376785278,0,-0.0020331366620663554,0.07553052948442424,1.3753375703096389
2009-10-21,1.5017945766448975,1.502200722694397,1.500690221786499,1.500690221786499,0,0.0048354416855880475,0.0715610420052889,1.376232509613037
2009-10-22,1.502990961074829,1.5043928623199463,1.502990961074829,1.504189133644104,0,0.0023288212437660755,0.06778653773310599,1.377174420952797
2009-10-23,1.5010056495666504,1.5010056495666504,1.5010056495666504,1.5010056495666504,0,-0.0021186548612736797,0.0651210812158566,1.3780334293842316
2009-10-26,1.499497652053833,1.5059107542037964,1.4846928119659424,1.4861712455749512,0,-0.009932137573453494,0.0753788278639424,1.3789172983169555
2009-10-27,1.4857738018035889,1.4926042556762695,1.4774104356765747,1.4817010164260864,0,-0.0030124157205675193,0.07443803139915613,1.3798833346366883
2009-10-28,1.4824038743972778,1.4840097427368164,1.4695078134536743,1.4718002080917358,0,-0.006704480322511892,0.07820429292014547,1.3807397931814194
2009-10-29,1.4719085693359375,1.4859503507614136,1.468709111213684,1.4840097427368164,0,0.008261427013941842,0.08179151433306092,1.3816564536094667
2009-10-30,1.4840978384017944,1.4859061241149902,1.4705017805099487,1.4732965230941772,0,-0.007245287126007325,0.07853103798022515,1.3825404578447342
2009-11-02,1.4711940288543701,1.4842300415039062,1.4711940288543701,1.4774104356765747,0,0.002788426845134525,0.07730504583378642,1.3833315521478653
2009-11-03,1.4773448705673218,1.4806040525436401,1.4629079103469849,1.473101258277893,0,-0.0029209716208634527,0.07665307155051312,1.384089070558548
2009-11-04,1.4727107286453247,1.4900908470153809,1.4704583883285522,1.4869003295898438,0,0.009323759374994479,0.08187283927480367,1.384946961402893
2009-11-05,1.486303687095642,1.4916023015975952,1.4813936948776245,1.4878073930740356,0,0.0006098505109553054,0.08176340490597268,1.385917023420334
2009-11-06,1.4874091148376465,1.491290807723999,1.4813936948776245,1.4848912954330444,0,-0.0019619200476894564,0.08071548557526048,1.3869229942560195
2009-11-09,1.486303687095642,1.5019299983978271,1.4855530261993408,1.5008028745651245,0,0.010658646776519816,0.08732723177911772,1.3880195450782775
2009-11-10,1.5005100965499878,1.5019526481628418,1.4942991733551025,1.4989807605743408,0,-0.0012148304254554216,0.08685160786084183,1.389008014202118
2009-11-11,1.5001050233840942,1.5048003196716309,1.4956402778625488,1.4983967542648315,0,-0.00038967818635332743,0.08623606041983957,1.3900721889734269
2009-11-12,1.4984415769577026,1.5016368627548218,1.4825797080993652,1.4856854677200317,0,-0.00851944583441405,0.08925635880610223,1.3911050373315812
2009-11-13,1.4858399629592896,1.4934957027435303,1.4833053350448608,1.490890622138977,0,0.0034974141883518895,0.08998857642826372,1.39209595143795
2009-11-16,1.496199607849121,1.5015466213226318,1.4886490106582642,1.498374342918396,0,0.0050070746502096555,0.09096441656326544,1.3931082850694656
2009-11-17,1.4983068704605103,1.4997899532318115,1.4811961650848389,1.4876967668533325,0,-0.007151619088631293,0.09343838669866539,1.3940897405147552
2009-11-18,1.4876303672790527,1.4990030527114868,1.4870109558105469,1.495394229888916,0,0.005160741075628836,0.09504764273684067,1.3951326990127564
2009-11-19,1.495796799659729,1.495796799659729,1.4846047163009644,1.4916245937347412,0,-0.0025240136591121727,0.0938014013704713,1.3961453634500502
2009-11-20,1.4916023015975952,1.4936072826385498,1.48069167137146,1.4863920211791992,0,-0.0035141361630797808,0.09393081583008735,1.3971443039178848
2009-11-23,1.4872100353240967,1.4997899532318115,1.4872100353240967,1.496199607849121,0,0.006576577177872717,0.09690322465161014,1.398225793838501
2009-11-24,1.495796799659729,1.498711109161377,1.4890037775039673,1.496669888496399,0,0.00031426739570351,0.09013857042386292,1.39941817343235
2009-11-25,1.49671471118927,1.5145319700241089,1.496199607849121,1.5127906799316406,0,0.010713511782507611,0.09606171837675306,1.4006976407766343
2009-11-26,1.5126075744628906,1.5136377811431885,1.4955060482025146,1.4972974061965942,0,-0.010294323696855233,0.10039155829851105,1.4018546134233474
2009-11-27,1.4974095821380615,1.4997899532318115,1.4833933115005493,1.4990930557250977,0,0.0011985418898353367,0.09670697769954875,1.402883613705635
2009-11-30,1.5000824928283691,1.5084093809127808,1.4974992275238037,1.5038950443267822,0,0.003198143005990216,0.09288442201763464,1.4040640252828598
2009-12-01,1.5034430027008057,1.5118072032928467,1.497588872909546,1.5090012550354004,0,0.0033895727500187047,0.09305517345810019,1.4051720368862153
2009-12-02,1.5090694427490234,1.5110077857971191,1.5033977031707764,1.5069773197174072,0,-0.00134214190959636,0.09237357964609778,1.4063447910547255
2009-12-03,1.5067049264907837,1.51377534866333,1.504098653793335,1.506545901298523,0,-0.00028632161771508267,0.08743765365138817,1.407517249584198
2009-12-04,1.5062963962554932,1.509297251701355,1.4824038743972778,1.485707402229309,0,-0.013928523991728394,0.10093206345644093,1.4086063206195831
2009-12-07,1.4874753952026367,1.4904017448425293,1.476581335067749,1.4841198921203613,0,-0.0010690926460087359,0.10076814325939566,1.4097448819875718
2009-12-08,1.4833933115005493,1.48659086227417,1.4677391052246094,1.4697020053863525,0,-0.009762268503943279,0.09828853131069729,1.4108274924755095
2009-12-09,1.4693998098373413,1.477803349494934,1.4678038358688354,1.4737958908081055,0,0.0027816483692899036,0.09914825543659782,1.4118774366378783
2009-12-10,1.4738175868988037,1.4759929180145264,1.4689033031463623,1.4729492664337158,0,-0.0005746166380245707,0.09914052009872276,1.412968814969063
2009-12-11,1.4729926586151123,1.4776942729949951,1.4591084718704224,1.4619027376174927,0,-0.0075278623705536145,0.098224947459746,1.4139592933654785
2009-12-14,1.4628009796142578,1.4684934616088867,1.461091160774231,1.4656953811645508,0,0.002590960586030251,0.0977780991040048,1.4149763923883438
2009-12-15,1.4656095504760742,1.4659103155136108,1.450810194015503,1.4542070627212524,0,-0.007869014766812227,0.09829571570134364,1.4158890974521636
2009-12-16,1.4539955854415894,1.4588104486465454,1.4508944749832153,1.452601671218872,0,-0.0011045733053306746,0.09606330394201669,1.4167487454414367
2009-12-17,1.4524328708648682,1.4534038305282593,1.430922269821167,1.4346996545791626,0,-0.012400677330579707,0.10070766667732245,1.4174727940559386
2009-12-18,1.4345967769622803,1.4407975673675537,1.4264724254608154,1.4349054098129272,0,0.0001434031718653089,0.10094741821723358,1.418182361125946
2009-12-21,1.4334040880203247,1.43709135055542,1.4267982244491577,1.428673505783081,0,-0.004352535098154882,0.10116352637119684,1.4188376992940903
2009-12-22,1.4287755489349365,1.4331985712051392,1.422191858291626,1.4254355430603027,0,-0.0022689841604015518,0.09636709138881312,1.4194482666254045
2009-12-23,1.4255776405334473,1.4365959167480469,1.423933506011963,1.4336096048355103,0,0.005718051743872437,0.09997001639468818,1.4198743176460267
2009-12-24,1.4336917400360107,1.441794753074646,1.433301329612732,1.4384970664978027,0,0.003403401711193029,0.09101678234435306,1.420235828757286
2009-12-25,1.4384970664978027,1.4437931776046753,1.4363069534301758,1.4399055242538452,0,0.0009786385497139152,0.086981740546303,1.4206443697214126
2009-12-28,1.437483787536621,1.4415037631988525,1.43562650680542,1.437504529953003,0,-0.0016688583224906217,0.08627512937445285,1.421021665930748
2009-12-29,1.437504529953003,1.4456089735031128,1.4338973760604858,1.434308648109436,0,-0.0022256901578875045,0.08417982505252171,1.421452575325966
2009-12-30,1.4348026514053345,1.4362038373947144,1.4277962446212769,1.4342057704925537,0,-7.172884769849826e-05,0.08208275360201095,1.4218351066112518
2009-12-31,1.4342057704925537,1.4438974857330322,1.4310450553894043,1.4327058792114258,0,-0.0010463464530747226,0.08213810771906482,1.4222332853078843
2010-01-01,1.4327058792114258,1.4401957988739014,1.4327058792114258,1.4389938116073608,0,0.004379247917253258,0.08518907621805155,1.4227822345495225
2010-01-04,1.4310041666030884,1.4451910257339478,1.4262080192565918,1.4423978328704834,0,0.0023627630442169213,0.07497114381028924,1.423401135802269
2010-01-05,1.442710041999817,1.4483097791671753,1.4351937770843506,1.4365959167480469,0,-0.0040305221069684306,0.07550207850215705,1.4239606338739395
2010-01-06,1.4365959167480469,1.4434596300125122,1.4291226863861084,1.4404033422470093,0,0.002646804798315725,0.07057103949217755,1.424542151093483
2010-01-07,1.4402996301651,1.444481372833252,1.430206060409546,1.4318032264709473,0,-0.005988525735909824,0.07125008642936291,1.4249677050113678
2010-01-08,1.4320902824401855,1.4436055421829224,1.4271035194396973,1.44110906124115,0,0.006478351153559585,0.07626290728742971,1.425428706407547
2010-01-11,1.4464871883392334,1.4554345607757568,1.4464871883392334,1.4511260986328125,0,0.006926876198316234,0.07720283199091084,1.425981474518776
2010-01-12,1.4508944749832153,1.454376220703125,1.4459643363952637,1.447659969329834,0,-0.0023914361899113113,0.07673734077134317,1.4265810787677764
2010-01-13,1.4478065967559814,1.4577046632766724,1.4458597898483276,1.4523905515670776,0,0.0032624165675256152,0.07303121008081977,1.4272173553705216
2010-01-14,1.4524117708206177,1.4552016258239746,1.4462571144104004,1.4499897956848145,0,-0.0016543361948232623,0.0731550593549631,1.427887318134308
2010-01-15,1.4499057531356812,1.4504104852676392,1.434576153755188,1.4390974044799805,0,-0.007540404328297255,0.06424021360094237,1.4284948426485062
2010-01-18,1.437235951423645,1.4406731128692627,1.4336917400360107,1.4406731128692627,0,0.0010943292439722868,0.06432417987118647,1.4290162175893784
2010-01-19,1.4405070543289185,1.4413999319076538,1.4256997108459473,1.4281021356582642,0,-0.008764058934729351,0.06983013648629931,1.4295197069644927
2010-01-20,1.4284082651138306,1.4290001392364502,1.4087086915969849,1.4110342264175415,0,-0.012023455501879625,0.08106236672267689,1.4299619084596633
2010-01-21,1.411113977432251,1.414027214050293,1.4030951261520386,1.4097015857696533,0,-0.0009448887352587097,0.07786243247244526,1.4304201966524124
2010-01-22,1.409840703010559,1.4181982278823853,1.4089070558547974,1.414107084274292,0,0.0031202553669437325,0.07767574944477942,1.4309682554006578
2010-01-25,1.4154081344604492,1.4194263219833374,1.413107991218567,1.4150075912475586,0,0.0006365998603516985,0.07758525515491016,1.4315788346529006
2010-01-26,1.4148073196411133,1.4178967475891113,1.404415488243103,1.4082324504852295,0,-0.00479955913635074,0.07876052633364251,1.4321525281667709
2010-01-27,1.408093810081482,1.4097412824630737,1.4001679420471191,1.4030951261520386,0,-0.003654736000310232,0.07919973349891189,1.4326651233434677
2010-01-28,1.4029968976974487,1.404968023300171,1.3949919939041138,1.3968042135238647,0,-0.004493678129876433,0.07999051461847519,1.433078669309616
2010-01-29,1.3967065811157227,1.398699164390564,1.386481761932373,1.3866932392120361,0,-0.007264974338785243,0.08263971974610476,1.4333831214904784
2010-02-01,1.387597680091858,1.3937088251113892,1.385578989982605,1.3926994800567627,0,0.004321987427387519,0.0825881380465869,1.4338371342420577
2010-02-02,1.3921760320663452,1.3976240158081055,1.3889081478118896,1.3976240158081055,0,0.003529727554191717,0.0833811558049519,1.4342597836256028
2010-02-03,1.3975849151611328,1.4024064540863037,1.3886189460754395,1.3901052474975586,0,-0.005394201396022098,0.08403355819665151,1.434577338695526
2010-02-04,1.3901824951171875,1.3906078338623047,1.372005581855774,1.3744947910308838,0,-0.011293223003581414,0.08895750804514065,1.434832204580307
2010-02-05,1.3744759559631348,1.3746082782745361,1.3588064908981323,1.368007779121399,0,-0.004730733220285858,0.08839288195524499,1.4350382161140443
2010-02-08,1.364498496055603,1.3714035749435425,1.3625277280807495,1.3654673099517822,0,-0.0018587840154328738,0.08264576024677074,1.4351562148332595
2010-02-09,1.3656724691390991,1.3839489221572876,1.365094542503357,1.378207802772522,0,0.009287239831575736,0.08638235099684624,1.4353892868757248
2010-02-10,1.378207802772522,1.3811010122299194,1.3681387901306152,1.3753266334533691,0,-0.002092706982513662,0.08639132055732719,1.4356094598770142
2010-02-11,1.3750051259994507,1.3799575567245483,1.360007643699646,1.3681762218475342,0,-0.005212626465916843,0.08430498483216697,1.4357543009519578
2010-02-12,1.3689440488815308,1.3689440488815308,1.3533082008361816,1.363493800163269,0,-0.003428251752621481,0.0842133785123831,1.435752255320549
2010-02-15,1.3628062009811401,1.3631964921951294,1.3583080768585205,1.3603036403656006,0,-0.0023424364887807947,0.0825352013533128,1.4357588183879852
2010-02-16,1.3597302436828613,1.377771019935608,1.359194278717041,1.3767088651657104,0,0.011987830695040481,0.09629414787684988,1.4358198702335359
2010-02-17,1.3765382766723633,1.3788729906082153,1.3592311143875122,1.3606922626495361,0,-0.011702183600792938,0.09932235644790367,1.435829022526741
2010-02-18,1.36106276512146,1.3653181791305542,1.3450260162353516,1.3461486101150513,0,-0.01074595306545125,0.0978343895551638,1.4357417386770248
2010-02-19,1.3470553159713745,1.3620080947875977,1.3456957340240479,1.3615074157714844,0,0.011344846050983796,0.10856167346306328,1.4357982659339905
2010-02-22,1.3628991842269897,1.3652995824813843,1.3577179908752441,1.3605626821517944,0,-0.0006941288237528771,0.10724309761087183,1.4358220618963242
2010-02-23,1.360618233680725,1.3692628145217896,1.3497827053070068,1.3527040481567383,0,-0.005792763300923473,0.10768552807683385,1.435769414305687
2010-02-24,1.352685809135437,1.3621937036514282,1.3502929210662842,1.354316234588623,0,0.001191115288473585,0.10782380444150313,1.4356545120477677
2010-02-25,1.3544628620147705,1.356999397277832,1.3452069759368896,1.3536012172698975,0,-0.0005280938935948968,0.10771162240379982,1.4354694789648057
2010-02-26,1.353747844696045,1.3678580522537231,1.3536012172698975,1.3631035089492798,0,0.0069954826806198495,0.11126491489191097,1.4352834701538086
2010-03-01,1.3642936944961548,1.365392804145813,1.3462574481964111,1.356208086013794,0,-0.005071458325896351,0.1100014662371729,1.4350610232353211
2010-03-02,1.355968952178955,1.3623050451278687,1.3445197343826294,1.3620638847351074,0,0.004308478211709109,0.10999315005828814,1.4348743236064911
2010-03-03,1.3620080947875977,1.3733999729156494,1.359841227531433,1.3701633214950562,0,0.005928833785702982,0.11155714001386927,1.434808171391487
2010-03-04,1.3701257705688477,1.3711966276168823,1.3557482957839966,1.3584003448486328,0,-0.008622155066121798,0.11371875147089452,1.434634638428688
2010-03-05,1.3583080768585205,1.3628991842269897,1.3536561727523804,1.3628991842269897,0,0.0033063934556415726,0.10834690422233217,1.4343705904483794
2010-03-08,1.3641074895858765,1.370369791984558,1.36104416847229,1.3616927862167358,0,-0.0008855623903917359,0.10722484547701738,1.4340971022844315
2010-03-09,1.3618227243423462,1.3635867834091187,1.3538578748703003,1.3606922626495361,0,-0.0007350346069986799,0.10707904857140099,1.4337462598085404
2010-03-10,1.3609329462051392,1.367671012878418,1.354866623878479,1.3643310070037842,0,0.0026706168401978876,0.10205351628646006,1.4334930771589278
2010-03-11,1.364926815032959,1.3687942028045654,1.3623050451278687,1.3685319423675537,0,0.003074386641760194,0.10259415764250673,1.433246756196022
2010-03-12,1.3684945106506348,1.3794054985046387,1.367353081703186,1.376993179321289,0,0.006163676066468489,0.10320777793327587,1.4331457501649856
2010-03-15,1.3773914575576782,1.3773914575576782,1.3645915985107422,1.3677457571029663,0,-0.006738314588262822,0.10533186392259454,1.4330329865217208
2010-03-16,1.3673717975616455,1.3782837390899658,1.3661015033721924,1.3768794536590576,0,0.006655721326007922,0.10724564373618192,1.432885727286339
2010-03-17,1.3768984079360962,1.3816543817520142,1.3730982542037964,1.3738338947296143,0,-0.0022143784452943378,0.0991871179948352,1.4327629655599594
2010-03-18,1.373494267463684,1.3740037679672241,1.3591018915176392,1.361396312713623,0,-0.009094421161701475,0.09569333863011911,1.4325144773721694
2010-03-19,1.3612295389175415,1.3628062009811401,1.3504936695098877,1.353692889213562,0,-0.005674542232874572,0.08994092231087708,1.4322823959589004
2010-03-22,1.3514060974121094,1.3569073677062988,1.3468738794326782,1.356704831123352,0,0.002222510096576412,0.08087747715961197,1.4321734565496445
2010-03-23,1.356704831123352,1.3569073677062988,1.3464930057525635,1.3468012809753418,0,-0.007326482010404814,0.08459854278176462,1.4319925034046173
2010-03-24,1.3470009565353394,1.3485448360443115,1.3307960033416748,1.3331022262573242,0,-0.010223632308132048,0.08936027870088761,1.431688984632492
2010-03-25,1.3329956531524658,1.3370592594146729,1.3269991874694824,1.3307074308395386,0,-0.0017980234110052788,0.089165004684488,1.4313850319385528
2010-03-26,1.3307074308395386,1.3424079418182373,1.3302825689315796,1.3410038948059082,0,0.007707804989096178,0.09396041281682144,1.4311165505647658
2010-03-29,1.3448090553283691,1.350511908531189,1.3421378135681152,1.3481086492538452,0,0.005284100879331864,0.09242732424189581,1.4309244924783706
2010-03-30,1.3477815389633179,1.3534914255142212,1.3400514125823975,1.3424079418182373,0,-0.004237636731491626,0.09195465353249525,1.43060052216053
2010-03-31,1.3424079418182373,1.3545913696289062,1.33879554271698,1.3508037328720093,0,0.0062348001309614105,0.09345039766563161,1.4303840541839599
2010-04-01,1.3508403301239014,1.3591203689575195,1.3462755680084229,1.3584003448486328,0,0.005608017460515234,0.09318306699837665,1.4301832443475724
2010-04-02,1.3583265542984009,1.359194278717041,1.3477997779846191,1.3504936695098877,0,-0.005837583715019452,0.0905533758783806,1.4299091947078706
2010-04-05,1.34969162940979,1.3538944721221924,1.3462755680084229,1.34890878200531,0,-0.0011742507574594597,0.08964434348464244,1.4296106916666032
2010-04-06,1.34890878200531,1.3497827053070068,1.3358268737792969,1.3401951789855957,0,-0.006480696650848827,0.09201825026943308,1.4292922520637512
2010-04-07,1.3400155305862427,1.3410038948059082,1.3329956531524658,1.3348461389541626,0,-0.003999225824925799,0.09270030637618033,1.4288960468769074
2010-04-08,1.3342050313949585,1.3367018699645996,1.3285682201385498,1.336112380027771,0,0.0009481548735943754,0.09205101450704374,1.4285978519916533
2010-04-09,1.336094617843628,1.3500925302505493,1.3344007730484009,1.3500925302505493,0,0.01040894266375973,0.0993535605564049,1.428368291258812
2010-04-12,1.3636983633041382,1.3687942028045654,1.356999397277832,1.3596007823944092,0,0.0070179832710689045,0.10013236202525287,1.4281777840852738
2010-04-13,1.3596007823944092,1.3621937036514282,1.354958415031433,1.3608589172363281,0,0.0009249428923988827,0.09770784628493637,1.4280241048336029
2010-04-14,1.3616743087768555,1.3678019046783447,1.3602850437164307,1.3655978441238403,0,0.003476256603012132,0.09547564374139485,1.4279125648736954
2010-04-15,1.3657097816467285,1.3667924404144287,1.3525028228759766,1.3574045896530151,0,-0.006017827303584209,0.09728249458103709,1.4276855880022048
2010-04-16,1.3574045896530151,1.357496738433838,1.3479633331298828,1.3504024744033813,0,-0.005171809284392291,0.09384122281935274,1.4274706101417542
2010-04-19,1.34890878200531,1.3493273258209229,1.3419936895370483,1.348726749420166,0,-0.0012416783781395578,0.09193049981853946,1.427219182252884
2010-04-20,1.34890878200531,1.3521919250488281,1.3430029153823853,1.343508243560791,0,-0.003876713889154276,0.09235324788294594,1.42695094704628
2010-04-21,1.343562364578247,1.3448090553283691,1.3363981246948242,1.3389928340911865,0,-0.0033665699312839777,0.08962495656715463,1.4265949183702469
2010-04-22,1.338849425315857,1.3419936895370483,1.3268054723739624,1.3269991874694824,0,-0.008997571964234886,0.08799630527229918,1.4261593788862228
2010-04-23,1.326981544494629,1.3399975299835205,1.320916771888733,1.338401436805725,0,0.008555801171260513,0.0928312849112804,1.4257989013195038
2010-04-26,1.3363981246948242,1.3413995504379272,1.3295927047729492,1.3401232957839966,0,0.0012856772942977386,0.08893587286314862,1.4253936111927032
2010-04-27,1.3403747081756592,1.3413276672363281,1.3148033618927002,1.3170719146728516,0,-0.017350595323902363,0.10500323691056307,1.4248797231912613
2010-04-28,1.3172974586486816,1.3265942335128784,1.3119055032730103,1.321283221244812,0,0.003192375500305,0.1053677815321839,1.4243831604719162
2010-04-29,1.3211959600448608,1.3276686668395996,1.3185480833053589,1.3262951374053955,0,0.0037860425403388816,0.10364832667260343,1.423932984471321
2010-04-30,1.3265942335128784,1.3342050313949585,1.3228038549423218,1.3298048973083496,0,0.002642793494121407,0.1018051162235956,1.4234760010242462
2010-05-03,1.3323030471801758,1.3326935768127441,1.3159972429275513,1.3199926614761353,0,-0.007406060624911719,0.10288096508100149,1.4229524427652358
2010-05-04,1.3199926614761353,1.32144033908844,1.2963947057724,1.2963947057724,0,-0.018039068609863564,0.11846642691226864,1.422361380457878
2010-05-05,1.2967981100082397,1.2994945049285889,1.27962327003479,1.2814927101135254,0,-0.011561530236906613,0.12219548636399731,1.4217615282535554
2010-05-06,1.2815911769866943,1.2854626178741455,1.2540442943572998,1.263296127319336,0,-0.014301298926443492,0.12918926236747133,1.4210355573892592
2010-05-07,1.2628495693206787,1.2795906066894531,1.2592238187789917,1.2756078243255615,0,0.009698510652536201,0.1356327903419188,1.420283573269844
2010-05-10,1.2878963947296143,1.3091918230056763,1.2763731479644775,1.2779226303100586,0,0.0018130244848811644,0.12864742482776725,1.4194672256708145
2010-05-11,1.2779226303100586,1.28009831905365,1.2618932723999023,1.2629930973052979,0,-0.011751436422304053,0.12736110831194158,1.418572385907173
2010-05-12,1.2635036706924438,1.273836612701416,1.2608431577682495,1.2639029026031494,0,0.0007200971762976007,0.1272731809212106,1.4176860439777375
2010-05-13,1.2635995149612427,1.26850426197052,1.251830816268921,1.2541072368621826,0,-0.007780520819727087,0.12543732739466718,1.4167700904607772
2010-05-14,1.2539026737213135,1.257703423500061,1.2358037233352661,1.2360023260116577,0,-0.014541713473336352,0.13049093905819142,1.4158545821905135
2010-05-17,1.2372256517410278,1.2410643100738525,1.2246047258377075,1.2392956018447876,0,0.0026609142594335804,0.13275506296876927,1.4149855202436448
2010-05-18,1.2391266822814941,1.2441680431365967,1.2167818546295166,1.217893362045288,0,-0.017420541411739418,0.14001529957592315,1.4139999490976334
2010-05-19,1.2185908555984497,1.2433016300201416,1.2145946025848389,1.2393416166305542,0,0.017457670512705855,0.15998200804062793,1.4130881237983703
2010-05-20,1.2390038967132568,1.25979483127594,1.229906439781189,1.2478941679000854,0,0.006877180708703355,0.1642451070202542,1.4121896320581435
2010-05-21,1.24819016456604,1.2672022581100464,1.2477073669433594,1.2567076683044434,0,0.007037874568230381,0.1666795053134931,1.4113696867227554
2010-05-24,1.2533998489379883,1.2545005083084106,1.2333954572677612,1.234994888305664,0,-0.017428508509895628,0.169070584524729,1.4104916793107987
2010-05-25,1.235193133354187,1.2386049032211304,1.2181010246276855,1.2345983982086182,0,-0.00032109748809052677,0.16854894258474526,1.4095821166038514
2010-05-26,1.2345983982086182,1.2358037233352661,1.215569019317627,1.217300295829773,0,-0.01411019910489194,0.16564072620686224,1.4085416442155838
2010-05-27,1.2172558307647705,1.2394952774047852,1.216604232788086,1.2347966432571411,0,0.01427076073688679,0.1756362614003052,1.4075856041908263
2010-05-28,1.2341870069503784,1.2447254657745361,1.226798176765442,1.227400541305542,0,-0.006007743200723137,0.1739801536577466,1.4065621554851533
2010-05-31,1.2277169227600098,1.2334866523742676,1.2270991802215576,1.2287880182266235,0,0.0011297805807935497,0.17336408643577308,1.4055595630407334
2010-06-01,1.2288031578063965,1.2338976860046387,1.2115044593811035,1.2233014106750488,0,-0.004475054329738393,0.17288449170652645,1.4045340287685395
2010-06-02,1.2237056493759155,1.2272950410842896,1.2181158065795898,1.223900318145752,0,0.0004894631085020045,0.16515860378371072,1.4035353833436965
2010-06-03,1.2237505912780762,1.2324985265731812,1.2154951095581055,1.216944694519043,0,-0.005699372486833643,0.16243953078026227,1.4024336171150207
2010-06-04,1.2170928716659546,1.221672534942627,1.1958003044128418,1.1971030235290527,0,-0.016438877880181633,0.16455768059517442,1.401239144206047
2010-06-07,1.1944148540496826,1.1988970041275024,1.1881988048553467,1.1922929286956787,0,-0.004026206980611523,0.15842631153415204,1.4000292712450026
2010-06-08,1.1923072338104248,1.200898289680481,1.190504550933838,1.197203278541565,0,0.004109951497747085,0.1595409757115405,1.3989092797040938
2010-06-09,1.1971030235290527,1.2073066234588623,1.1925773620605469,1.1991989612579346,0,0.0016655661095444536,0.1571329584032299,1.397768228650093
2010-06-10,1.1991989612579346,1.2141520977020264,1.1958575248718262,1.2109030485153198,0,0.009712600726572622,0.16243039750752586,1.3966945505142212
2010-06-11,1.2107563018798828,1.2151997089385986,1.2053711414337158,1.2114017009735107,0,0.0004117173657361627,0.1612571545637243,1.3956045162677766
2010-06-14,1.2147272825241089,1.2298005819320679,1.2147272825241089,1.2218068838119507,0,0.008552695671447504,0.15780135401562284,1.3945475578308106
2010-06-15,1.221567988395691,1.235101580619812,1.2171964645385742,1.2319064140319824,0,0.008232084215862603,0.16038866391332054,1.3934550374746322
2010-06-16,1.2319064140319824,1.234903335571289,1.226301670074463,1.2311935424804688,0,-0.0005788409597696201,0.14783650563027023,1.3923370087146758
2010-06-17,1.2314057350158691,1.2410026788711548,1.2246947288513184,1.238206148147583,0,0.005679618852154692,0.13598623937774396,1.3912373906373978
2010-06-18,1.2382827997207642,1.2414957284927368,1.235696792602539,1.2392956018447876,0,0.0008794776975884809,0.1337082567046085,1.3901438575983047
2010-06-21,1.2408949136734009,1.2468050718307495,1.2306026220321655,1.2316029071807861,0,-0.006226657623136823,0.13238840550823291,1.3889802634716033
2010-06-22,1.231693983078003,1.234750747680664,1.225805640220642,1.2275059223175049,0,-0.0033320921830014517,0.11858082847309345,1.3877823275327683
2010-06-23,1.2275059223175049,1.2340651750564575,1.2210757732391357,1.2319064140319824,0,0.0035784942161648527,0.11933483683143077,1.3865858894586562
2010-06-24,1.2319064140319824,1.2386661767959595,1.226602554321289,1.2337453365325928,0,0.001491632255975468,0.10795843538313109,1.3853881335258484
2010-06-25,1.23350191116333,1.2394031286239624,1.225895881652832,1.2373021841049194,0,0.0028788196091727477,0.09643119707281646,1.3842166179418565
2010-06-28,1.238006830215454,1.2398948669433594,1.226798176765442,1.2277017831802368,0,-0.007789398795184143,0.09803639694567425,1.3830130910873413
2010-06-29,1.227325201034546,1.2289994955062866,1.2154361009597778,1.2186353206634521,0,-0.007412309622866143,0.1012228281561266,1.3817002868652344
2010-06-30,1.21873939037323,1.230027437210083,1.2167818546295166,1.223002314567566,0,0.003577106199264056,0.10097634759779656,1.380452287197113
2010-07-01,1.2231967449188232,1.224259853363037,1.2198989391326904,1.2507504224777222,0,0.022434959929625495,0.12748571055235014,1.3793805688619614
2010-07-02,1.2509069442749023,1.2610021829605103,1.2483927011489868,1.257102608680725,0,0.0050658469285492815,0.1257648642700552,1.3783236145973206
2010-07-05,1.2555242776870728,1.2557923793792725,1.2511730194091797,1.2536983489990234,0,-0.0027116938579534516,0.10888804076769709,1.3772813099622727
2010-07-06,1.2541072368621826,1.2660791873931885,1.2483770847320557,1.262403130531311,0,0.006919288695354777,0.10759640408178459,1.376297463774681
2010-07-07,1.261702299118042,1.2660951614379883,1.2561078071594238,1.2633121013641357,0,0.0007197730453446378,0.10768581902063463,1.3752865135669707
2010-07-08,1.2634079456329346,1.2710840702056885,1.262403130531311,1.2694060802459717,0,0.004812213760013983,0.1079081573667006,1.3743755966424942
2010-07-09,1.269196629524231,1.2721028327941895,1.2613998651504517,1.2643983364105225,0,-0.003952752093030131,0.10711381111969558,1.3734025782346726
2010-07-12,1.264606237411499,1.2647020816802979,1.2553982734680176,1.2590018510818481,0,-0.004277160303314083,0.10923272007342341,1.372367606163025
2010-07-13,1.2590177059173584,1.2738852500915527,1.252536416053772,1.2720866203308105,0,0.01033933500313667,0.11078146012782701,1.3713671964406968
2010-07-14,1.2721675634384155,1.277563452720642,1.2686008214950562,1.274047613143921,0,0.001540369062299982,0.10837678832251792,1.370381680727005
2010-07-15,1.2741451263427734,1.2956053018569946,1.2712457180023193,1.2928582429885864,0,0.014656530180525616,0.11702026569045572,1.3694553166627883
2010-07-16,1.2922067642211914,1.3004070520401,1.28940749168396,1.2931926250457764,0,0.0002586043942033506,0.11656937927128315,1.3685542541742324
2010-07-19,1.2902560234069824,1.2990050315856934,1.2874983549118042,1.2939456701278687,0,0.0005821452256834415,0.11661215367389939,1.3676275330781937
2010-07-20,1.2942136526107788,1.302677035331726,1.284406065940857,1.289307713508606,0,-0.0035907910792182833,0.11459351889887688,1.3666510480642318
2010-07-21,1.289324402809143,1.291205644607544,1.2735933065414429,1.276796817779541,0,-0.009750962757509874,0.12048974030282103,1.3655690026283265
2010-07-22,1.2769924402236938,1.2925074100494385,1.2739015817642212,1.2903059720993042,0,0.010524922553194389,0.1240767900625743,1.3645425552129746
2010-07-23,1.2901561260223389,1.2964283227920532,1.2799999713897705,1.291305661201477,0,0.0007744690481291679,0.12415363037362329,1.363545075058937
2010-07-26,1.2889255285263062,1.3004916906356812,1.2886930704116821,1.299899935722351,0,0.006633442012646263,0.1251008558987616,1.3625621211528778
2010-07-27,1.299595832824707,1.3045804500579834,1.2956053018569946,1.2990893125534058,0,-0.0006237988062238497,0.12014756466431561,1.3615903115272523
2010-07-28,1.299595832824707,1.3040019273757935,1.296764612197876,1.2992243766784668,0,0.0001039629092840535,0.11488961642789597,1.360582982301712
2010-07-29,1.2997984886169434,1.310701847076416,1.2981956005096436,1.307805061340332,0,0.006582753168812028,0.11553357237263646,1.3596010619401933
2010-07-30,1.307651162147522,1.3093974590301514,1.2982797622680664,1.3039000034332275,0,-0.0029904301752239084,0.09368219894898805,1.358615533709526
2010-08-02,1.3060115575790405,1.319400429725647,1.3057729005813599,1.3175925016403198,0,0.010446432862118028,0.09768286612173666,1.3577726399898529
2010-08-03,1.3175057172775269,1.3261016607284546,1.3149935007095337,1.3225064277648926,0,0.003722536109771636,0.09610508993305558,1.3569766670465468
2010-08-04,1.3225939273834229,1.3239772319793701,1.3136979341506958,1.3225064277648926,0,0.0,0.09512025134179893,1.3562301981449127
2010-08-05,1.3161011934280396,1.323556661605835,1.3122326135635376,1.3158068656921387,0,-0.0050786815117948685,0.09833507797107217,1.3553891837596894
2010-08-06,1.3179919719696045,1.3329956531524658,1.3159972429275513,1.3181308507919312,0,0.0017646474237553932,0.09777811132445291,1.354613355398178
2010-08-09,1.3286035060882568,1.3304240703582764,1.323118805885315,1.3285682201385498,0,0.007887125187317354,0.0976127140910849,1.353869144320488
2010-08-10,1.323101282119751,1.323101282119751,1.3081471920013428,1.3229963779449463,0,-0.004202688781353308,0.09754925698108292,1.3531186199188232
2010-08-11,1.3185653686523438,1.3185653686523438,1.287166953086853,1.3184958696365356,0,-0.003407553186880817,0.09497207767217018,1.3522765976190567
2010-08-12,1.2841421365737915,1.2931926250457764,1.2787070274353027,1.284406065940857,0,-0.02619518817946638,0.13552427347366805,1.3512595909833909
2010-08-13,1.2828571796417236,1.2903891801834106,1.2753475904464722,1.2829889059066772,0,-0.001103967401704031,0.12521836274246154,1.350250079035759
2010-08-16,1.2769924402236938,1.2869846820831299,1.2735933065414429,1.277090311050415,0,-0.004608142791233524,0.1260452004453331,1.3491315162181854
2010-08-17,1.281295657157898,1.2912222146987915,1.2805408239364624,1.2811970710754395,0,0.0032105568602749032,0.1266821777111536,1.348042597770691
2010-08-18,1.287697434425354,1.2919062376022339,1.282495141029358,1.2879958152770996,0,0.005292525997281642,0.12765989685324877,1.3469905930757522
2010-08-19,1.2855453491210938,1.2900062799453735,1.2780042886734009,1.28564453125,0,-0.001827205331509851,0.12293535309697293,1.3459903883934021
2010-08-20,1.2809016704559326,1.2833017110824585,1.2665603160858154,1.2808033227920532,0,-0.0037726963300603726,0.11786652088637108,1.3449399518966674
2010-08-23,1.2710840702056885,1.2728638648986816,1.2649260759353638,1.2710033655166626,0,-0.007680836874902004,0.12045913494530844,1.3438030970096588
2010-08-24,1.264014720916748,1.271795392036438,1.2591921091079712,1.2635036706924438,0,-0.0059180871120244295,0.11859198031389626,1.3426821315288544
2010-08-25,1.2634557485580444,1.271876335144043,1.261304497718811,1.263296127319336,0,-0.0001642736980887827,0.11863822344733303,1.3415216410160065
2010-08-26,1.2660951614379883,1.276356816291809,1.2651981115341187,1.26639986038208,0,0.002453840014940038,0.11927376889965542,1.3403955173492432
2010-08-27,1.270599603652954,1.2780042886734009,1.2682629823684692,1.2706480026245117,0,0.0033488892934487834,0.11711521169570425,1.3393167972564697
2010-08-30,1.275298833847046,1.2757054567337036,1.2673307657241821,1.2753963470458984,0,0.0037299821012289247,0.11825371940724984,1.3382127809524536
2010-08-31,1.2662074565887451,1.2741937637329102,1.2628016471862793,1.266592264175415,0,-0.006926953201297012,0.11212319405957341,1.3370623928308487
2010-09-01,1.2686008214950562,1.285000205039978,1.266784906387329,1.268729567527771,0,0.0016860217365177637,0.11105793816778979,1.3358420872688292
2010-09-02,1.280442476272583,1.2848845720291138,1.2779062986373901,1.2802950143814087,0,0.009074472093895964,0.11736296266676195,1.3347570753097535
2010-09-03,1.2826104164123535,1.2884937524795532,1.28127920627594,1.2825939655303955,0,0.0017940314883815697,0.11717001569474153,1.33367457985878
2010-09-06,1.28940749168396,1.2916392087936401,1.2869019508361816,1.28940749168396,0,0.005298241237920658,0.11892934669336523,1.3326021420955658
2010-09-07,1.2868025302886963,1.2868025302886963,1.270405888557434,1.2868356704711914,0,-0.00199656779676877,0.11441455913956666,1.3314913141727447
2010-09-08,1.2678931951522827,1.2761938571929932,1.2664159536361694,1.2677966356277466,0,-0.014905775134682301,0.12324361808671787,1.3302954107522964
2010-09-09,1.2732040882110596,1.2763731479644775,1.2668811082839966,1.2732040882110596,0,0.004256166238409801,0.12501054168862427,1.3291287016868591
2010-09-10,1.2689871788024902,1.2744373083114624,1.2647020816802979,1.269309401512146,0,-0.003063653161283119,0.08802934242231272,1.3280467116832733
2010-09-13,1.2718924283981323,1.2887927293777466,1.2716983556747437,1.2716983556747437,0,0.0018803207976895843,0.08840449897979975,1.3269846040010451
2010-09-14,1.287166953086853,1.3017951250076294,1.283285140991211,1.2872000932693481,0,0.012116094124892242,0.09698992129862077,1.3260720944404603
2010-09-15,1.299106240272522,1.3035939931869507,1.2959243059158325,1.2991737127304077,0,0.009259067637498604,0.10138139844321992,1.3251989835500717
2010-09-16,1.3013039827346802,1.3113033771514893,1.2978922128677368,1.3015071153640747,0,0.0017944556937577775,0.10008482075966597,1.3243417727947235
2010-09-17,1.3075141906738281,1.3157029151916504,1.302592158317566,1.3075997829437256,0,0.004670317385591432,0.10071264397761218,1.3235702580213546
2010-09-20,1.304206132888794,1.3119227886199951,1.3031013011932373,1.3043931722640991,0,-0.0024552993407984166,0.10005921500905475,1.3227637469768525
2010-09-21,1.3067454099655151,1.3148897886276245,1.305943250656128,1.3066941499710083,0,0.0017624675229667383,0.09511743513085702,1.3220261824131012
2010-09-22,1.325398564338684,1.343706727027893,1.3252054452896118,1.3256973028182983,0,0.014438189232468136,0.10152597055768313,1.3213916605710982
2010-09-23,1.3392258882522583,1.3412017822265625,1.3313274383544922,1.3391003608703613,0,0.010059428719971893,0.10454659084476035,1.3209136641025543
2010-09-24,1.3318061828613281,1.349199891090393,1.3288507461547852,1.331912636756897,0,-0.005382034059724284,0.10830607735613709,1.3203987002372741
2010-09-27,1.348199486732483,1.3503658771514893,1.3431833982467651,1.3479087352752686,0,0.011938324449518322,0.11322785676138569,1.3199948763847351
2010-09-28,1.3439956903457642,1.3580129146575928,1.338401436805725,1.3439054489135742,0,-0.0029744172808687758,0.11491145545057942,1.3195872259140016
2010-09-29,1.356999397277832,1.364237904548645,1.3567785024642944,1.3570915460586548,0,0.009763951553616946,0.11218799877779623,1.3192046356201172
2010-09-30,1.3628062009811401,1.367708444595337,1.3565207719802856,1.3628062009811401,0,0.0042021163021390764,0.11207428222983475,1.318826181292534
2010-10-01,1.3623050451278687,1.377581238746643,1.3620823621749878,1.3622123003005981,0,-0.000435887455197779,0.11084917884423125,1.3184377151727675
2010-10-04,1.377771019935608,1.378435730934143,1.3669419288635254,1.377695083618164,0,0.011301804002874567,0.11443144081476982,1.3181386679410934
2010-10-05,1.3675026893615723,1.3847538232803345,1.3639029264450073,1.367409110069275,0,-0.007494084714141646,0.1202010923627847,1.3178041702508927
2010-10-06,1.3836042881011963,1.3928158283233643,1.3804336786270142,1.3833937644958496,0,0.011621940993247981,0.12259206149218912,1.317550110220909
2010-10-07,1.3924086093902588,1.4023081064224243,1.389970064163208,1.3920016288757324,0,0.0062030022828410275,0.1030244195571882,1.3173465889692306
2010-10-08,1.3922922611236572,1.397506833076477,1.3850990533828735,1.3927963972091675,0,0.0005707906624240265,0.10389933029429277,1.3171156018972396
2010-10-11,1.3987383842468262,1.4006190299987793,1.3886960744857788,1.3977607488632202,0,0.003557968270295541,0.1004820525614098,1.3168924164772033
2010-10-12,1.3880984783172607,1.3881947994232178,1.3780179023742676,1.3880213499069214,0,-0.006992247269975627,0.10792245747264789,1.3166495436429977
2010-10-13,1.3916915655136108,1.3999327421188354,1.3912075757980347,1.3916915655136108,0,0.0026407171180504964,0.10405183703470082,1.3164059847593308
2010-10-14,1.3969016075134277,1.4118908643722534,1.3967065811157227,1.3967260122299194,0,0.0036109743582841878,0.10208202298181727,1.3162305986881255
2010-10-15,1.4070039987564087,1.4148073196411133,1.3993059396743774,1.4072020053863525,0,0.00747240431001589,0.1028156116808816,1.3160610634088517
2010-10-18,1.397096872329712,1.397409200668335,1.3837957382202148,1.3964334726333618,0,-0.007681872905857012,0.11002532644897266,1.3157876002788544
2010-10-19,1.3937865495681763,1.3994038105010986,1.377353549003601,1.3935922384262085,0,-0.002036708965121064,0.10976684178970152,1.3155172616243362
2010-10-20,1.3740037679672241,1.3983080387115479,1.3704450130462646,1.3739094734191895,0,-0.014224451459383641,0.12519853567824057,1.3151248562335969
2010-10-21,1.3963944911956787,1.4051061868667603,1.3879058361053467,1.3963165283203125,0,0.016177411923509133,0.12743267981889075,1.3148564898967743
2010-10-22,1.3916722536087036,1.3968042135238647,1.3866932392120361,1.3916915655136108,0,-0.0033177572614473817,0.12581140545535807,1.3146194607019424
2010-10-25,1.3937475681304932,1.4076972007751465,1.3936116695404053,1.3944084644317627,0,0.0019503246474671958,0.12304574671026454,1.314388137459755
2010-10-26,1.3935922384262085,1.3981907367706299,1.3839681148529053,1.3948947191238403,0,0.0003486567540382671,0.1179114979419279,1.3142221003770829
2010-10-27,1.385751724243164,1.387694001197815,1.3760079145431519,1.3854252099990845,0,-0.0068118389124068365,0.12052075165342994,1.3140940552949905
2010-10-28,1.377695083618164,1.3939614295959473,1.3775053024291992,1.377808928489685,0,-0.005512598943926412,0.11884736259661181,1.3139345920085908
2010-10-29,1.377695083618164,1.3941168785095215,1.38089120388031,1.377808928489685,0,0.0,0.11818633890076591,1.3137531012296677
2010-11-01,1.3937671184539795,1.4011685848236084,1.3866163492202759,1.397506833076477,0,0.014195311128468011,0.1272160819688756,1.3136655974388123
2010-11-02,1.3912075757980347,1.4047904014587402,1.3883682489395142,1.3910914659500122,0,-0.004601149220226048,0.12319773881630626,1.3135798925161362
2010-11-03,1.4030951261520386,1.4059555530548096,1.399364709854126,1.4036072492599487,0,0.008956863160489622,0.12299381813760629,1.3135824531316758
2010-11-04,1.413207769393921,1.4282041788101196,1.4105168581008911,1.4127286672592163,0,0.006477529785477337,0.11874213411526525,1.3136620754003525
2010-11-05,1.4228191375732422,1.4230014085769653,1.403311848640442,1.422798991203308,0,0.007102992808711045,0.11927881229776718,1.3138426041603088
2010-11-08,1.4075981378555298,1.4081135988235474,1.3893907070159912,1.407578468322754,0,-0.010755222451550838,0.12610030270844935,1.3139169991016388
2010-11-09,1.385809302330017,1.3971943855285645,1.3828389644622803,1.3869625329971313,0,-0.014754701630107541,0.13607205157489308,1.3138636916875839
2010-11-10,1.3770312070846558,1.3820935487747192,1.3675026893615723,1.377201795578003,0,-0.0070623717178888,0.1361152668618805,1.3137991744279862
2010-11-11,1.377201795578003,1.3819025754928589,1.3661761283874512,1.3775622844696045,0,0.00026172033842768085,0.13570050965311514,1.3138145118951798
2010-11-12,1.361655831336975,1.377201795578003,1.357994556427002,1.3621008396148682,0,-0.011287233725628645,0.13978550618660499,1.313784977197647
2010-11-15,1.3695628643035889,1.3747026920318604,1.359194278717041,1.3693190813064575,0,0.0052853524569610255,0.13827390615125723,1.3138042360544204
2010-11-16,1.3576072454452515,1.3653181791305542,1.3542062044143677,1.357478380203247,0,-0.008684748826313858,0.13889938912027294,1.313700588941574
2010-11-17,1.3493820428848267,1.3553073406219482,1.3465473651885986,1.3490543365478516,0,-0.006224990968142396,0.13991535889806989,1.3135692274570465
2010-11-18,1.3547749519348145,1.3667924404144287,1.3545180559158325,1.355399250984192,0,0.004692205558127927,0.13351745263516948,1.3135053426027299
2010-11-19,1.3659336566925049,1.3730982542037964,1.360970139503479,1.365728497505188,0,0.0075919229732363085,0.12276659892497005,1.3135165160894393
2010-11-22,1.3744947910308838,1.3786447048187256,1.3610072135925293,1.3744381666183472,0,0.006357057443670333,0.12507249444969099,1.3135871887207031
2010-11-23,1.3601926565170288,1.3613591194152832,1.3400874137878418,1.3601926565170288,0,-0.010418692601628437,0.1291741546493254,1.3135046076774597
2010-11-24,1.338777780532837,1.3418855667114258,1.3289920091629028,1.3386342525482178,0,-0.015976469224680656,0.13875859470871554,1.3133943176269531
2010-11-25,1.3357912302017212,1.3375064134597778,1.3289036750793457,1.3357912302017212,0,-0.002126081609495989,0.13763925320643464,1.3133425307273865
2010-11-26,1.3342229127883911,1.3350600004196167,1.3204457759857178,1.3339736461639404,0,-0.0013616062857695526,0.13695407159857856,1.3132048618793488
2010-11-29,1.324275255203247,1.3297518491744995,1.306796669960022,1.3238019943237305,0,-0.007654296583068306,0.13842868008366963,1.3130210584402084
2010-11-30,1.310152292251587,1.315028190612793,1.2972524166107178,1.3103927373886108,0,-0.010181003400475444,0.1280755421553989,1.3128095018863677
2010-12-01,1.2994945049285889,1.313456416130066,1.297706961631775,1.2992074489593506,0,-0.008572467909573613,0.12940766754327623,1.3125339579582214
2010-12-02,1.3125598430633545,1.3211959600448608,1.3065063953399658,1.3124909400939941,0,0.010172388768412144,0.1309125996520291,1.312328406572342
2010-12-03,1.321300745010376,1.337667465209961,1.3195048570632935,1.3215975761413574,0,0.006914477075129106,0.1313275187362911,1.3121208769083024
2010-12-06,1.341705560684204,1.3419756889343262,1.3250473737716675,1.341597557067871,0,0.01501982086632797,0.1415965990181175,1.3120478242635727
2010-12-07,1.3290449380874634,1.3398001194000244,1.3283741474151611,1.328691840171814,0,-0.009666231231329044,0.14087395090397126,1.3118809640407563
2010-12-08,1.3248717784881592,1.3280036449432373,1.3186001777648926,1.3244681358337402,0,-0.003183907449486137,0.13398008106064765,1.3116524881124496
2010-12-09,1.3245383501052856,1.3323030471801758,1.317401647567749,1.3250824213027954,0,0.00046369032544568266,0.1330688663623292,1.3114858984947204
2010-12-10,1.3240649700164795,1.3281975984573364,1.3183915615081787,1.3242051601409912,0,-0.0006622619605450978,0.13292365645534615,1.3112924283742904
2010-12-13,1.3198705911636353,1.338258147239685,1.3183915615081787,1.319713830947876,0,-0.003397481941385476,0.1286294386953368,1.3110825335979461
2010-12-14,1.3394052982330322,1.3494184017181396,1.3367018699645996,1.3395488262176514,0,0.014917942056763405,0.13895095828751897,1.3109768164157867
2010-12-15,1.3360053300857544,1.3377926349639893,1.328691840171814,1.336094617843628,0,-0.002581966069253917,0.13630715339239927,1.3108356344699859
2010-12-16,1.3226288557052612,1.3261016607284546,1.3184610605239868,1.3224014043807983,0,-0.010301564827892904,0.13907149082030618,1.3106049817800522
2010-12-17,1.3240998983383179,1.3360053300857544,1.3143022060394287,1.323994755744934,0,0.001204167071185813,0.1378075315974865,1.3103399896621704
2010-12-20,1.3163783550262451,1.3182003498077393,1.3098949193954468,1.3164995908737183,0,-0.005677107403229118,0.13487722470749902,1.3100837588310241
2010-12-21,1.3119227886199951,1.3199926614761353,1.3119055032730103,1.3118022680282593,0,-0.0035744203663818073,0.1317078392738854,1.3097583729028701
2010-12-22,1.309174656867981,1.3179919719696045,1.3079931735992432,1.3090033531188965,0,-0.0021359203069993963,0.1282932456398819,1.3094342201948166
2010-12-23,1.3115957975387573,1.3152011632919312,1.3058068752288818,1.3115441799163818,0,0.0019391577993921958,0.11799379005186707,1.3091849595308305
2010-12-24,1.3123704195022583,1.3146650791168213,1.309963583946228,1.31271493434906,0,0.0008922552685333885,0.1180855421530231,1.308980069756508
2010-12-27,1.3081984519958496,1.3169851303100586,1.3081984519958496,1.3079760074615479,0,-0.003616551633095957,0.11847122371119365,1.3087364256381988
2010-12-28,1.3188958168029785,1.327439546585083,1.314198613166809,1.3189654350280762,0,0.00836675800694652,0.12001510502039989,1.3085972464084625
2010-12-29,1.3086949586868286,1.3156336545944214,1.3086949586868286,1.3086265325546265,0,-0.007869529179463017,0.11783402826481532,1.308474867939949
2010-12-30,1.3221042156219482,1.33109712600708,1.3221042156219482,1.3224539756774902,0,0.010510944369789865,0.11900986265045825,1.3084336006641388
2010-12-31,1.3301055431365967,1.342371940612793,1.3289920091629028,1.3301233053207397,0,0.005782565559017043,0.11559719156993643,1.308379197716713
2011-01-03,1.335594892501831,1.3365052938461304,1.3252933025360107,1.3357912302017212,0,0.004252149381005747,0.11413370991849935,1.3083176106214522
2011-01-04,1.3360053300857544,1.3430931568145752,1.3318239450454712,1.3356841802597046,0,-8.014293648722583e-05,0.10119707838421625,1.3082839918136597
2011-01-05,1.3323917388916016,1.3323917388916016,1.3129045963287354,1.3321077823638916,0,-0.0026811686131298852,0.0957177345512315,1.308190512061119
2011-01-06,1.3161011934280396,1.3170371055603027,1.303373098373413,1.3156856298446655,0,-0.012404565265891997,0.1046439471672976,1.3079769384860993
2011-01-07,1.2989037036895752,1.3021341562271118,1.2938953638076782,1.2979933023452759,0,-0.013538462981196597,0.1141388439348076,1.3077144366502762
2011-01-10,1.2898067235946655,1.2948336601257324,1.287713885307312,1.289507269859314,0,-0.006559274229663551,0.11574637443891643,1.3074174290895462
2011-01-11,1.2959076166152954,1.2986000776290894,1.2910054922103882,1.2964956760406494,0,0.005404806830928461,0.11770229150323064,1.3071989315748214
2011-01-12,1.2986000776290894,1.3063186407089233,1.2966636419296265,1.2983977794647217,0,0.0014660361185259315,0.10335253502326944,1.3070166897773743
2011-01-13,1.3128011226654053,1.3352917432785034,1.3091918230056763,1.3128355741500854,0,0.011058331339293227,0.11197164112934962,1.3069003057479858
2011-01-14,1.3351134061813354,1.3448994159698486,1.3326047658920288,1.335327386856079,0,0.016987137040285576,0.1223301830575414,1.3068264800310134
2011-01-17,1.3376137018203735,1.3376137018203735,1.3252933025360107,1.3380253314971924,0,0.002018398499029463,0.1224248055938874,1.3067186027765274
2011-01-18,1.3283741474151611,1.3461124897003174,1.3255919218063354,1.3283917903900146,0,-0.007225863458861638,0.12352237807232587,1.306556267142296
2011-01-19,1.3381685018539429,1.3536745309829712,1.3381685018539429,1.3378105163574219,0,0.0070653041776155955,0.12467169005848437,1.3064173305034636
2011-01-20,1.3453155755996704,1.351807951927185,1.3403029441833496,1.3452069759368896,0,0.005513552064375582,0.12511297465930038,1.3063563424348832
2011-01-21,1.3465656042099,1.3588987588882446,1.3450984954833984,1.3468012809753418,0,0.0011844727598855896,0.1250916425311722,1.306338336467743
2011-01-24,1.3621937036514282,1.368007779121399,1.3547013998031616,1.361952543258667,0,0.011187004268384345,0.12970531432750337,1.3064044654369353
2011-01-25,1.3644053936004639,1.3684009313583374,1.3575890064239502,1.3644053936004639,0,0.001799360949958059,0.1282285235723702,1.3065089511871337
2011-01-26,1.3687942028045654,1.3717608451843262,1.3650199174880981,1.3686069250106812,0,0.0030746547986904953,0.12621831706180595,1.3066570216417313
2011-01-27,1.3708019256591797,1.3756294250488281,1.3642936944961548,1.3710086345672607,0,0.0017533191205943912,0.12127365298400856,1.3068770688772202
2011-01-28,1.372495174407959,1.3747026920318604,1.3616001605987549,1.3723068237304688,0,0.0009464381911931488,0.1174995164889458,1.3070465958118438
2011-01-31,1.3576072454452515,1.3737962245941162,1.3572940826416016,1.3572757244110107,0,-0.011013589801631637,0.12445782692290933,1.307132357954979
2011-02-01,1.3714975118637085,1.3793293237686157,1.3704825639724731,1.3713847398757935,0,0.010341441443834042,0.1282167511121407,1.3074039220809937
2011-02-02,1.3827816247940063,1.386001467704773,1.3781508207321167,1.382991909980774,0,0.008428214648801158,0.13047054256389515,1.3077124655246735
2011-02-03,1.381577968597412,1.382456660270691,1.3618968725204468,1.3817880153656006,0,-0.0008708792191564442,0.12986133179788564,1.3079899299144744
2011-02-04,1.3628991842269897,1.3647592067718506,1.3545913696289062,1.362453579902649,0,-0.014091146651487621,0.13228538796369135,1.308153173327446
2011-02-07,1.3575152158737183,1.36263906955719,1.3510043621063232,1.357496738433838,0,-0.0036448069825923807,0.12199972131107968,1.3083406937122346
2011-02-08,1.3594160079956055,1.3674652576446533,1.3574045896530151,1.359194278717041,0,0.001249711868901054,0.11791901069500954,1.3086546915769577
2011-02-09,1.362323522567749,1.3718926906585693,1.3612109422683716,1.3626948595046997,0,0.002572171414704725,0.11744903229680805,1.3090607023239136
2011-02-10,1.3718926906585693,1.3728156089782715,1.3581420183181763,1.372099757194519,0,0.006877982506284142,0.1184156728158582,1.3096047204732895
2011-02-11,1.360544204711914,1.3621565103530884,1.3509862422943115,1.3601926565170288,0,-0.008715887067009048,0.12047463586801715,1.310027644634247
2011-02-14,1.351515769958496,1.3558955192565918,1.3431652784347534,1.3510043621063232,0,-0.006778061147924772,0.11013104310588334,1.3103930532932282
2011-02-15,1.3483085632324219,1.3547013998031616,1.346203088760376,1.3481086492538452,0,-0.002145678192252829,0.11037863765872265,1.3108186310529708
2011-02-16,1.3496005535125732,1.3567968606948853,1.3465473651885986,1.3498555421829224,0,0.0012949713556189896,0.10689414836845335,1.3112483942508697
2011-02-17,1.3576626777648926,1.36106276512146,1.3538944721221924,1.357533574104309,0,0.005671923890932834,0.10596401454424159,1.3117655259370804
2011-02-18,1.3622123003005981,1.364517092704773,1.3547931909561157,1.3626019954681396,0,0.0037265989873324114,0.10511798926177723,1.3123985242843628
2011-02-21,1.3713659048080444,1.3713659048080444,1.3650014400482178,1.3713470697402954,0,0.006397415525529514,0.10700988806836734,1.3130587816238404
2011-02-22,1.3681200742721558,1.3700506687164307,1.3527954816818237,1.3682323694229126,0,-0.002273853873248204,0.10061019206988109,1.3138104766607284
2011-02-23,1.367409110069275,1.3783977031707764,1.367409110069275,1.3673717975616455,0,-0.0006291640435710969,0.1004811977678408,1.314450627565384
2011-02-24,1.3757808208465576,1.3816925287246704,1.3708019256591797,1.3764055967330933,0,0.006584959722761727,0.10250450071340454,1.315093184709549
2011-02-25,1.382208228111267,1.3837957382202148,1.37247633934021,1.381998062133789,0,0.004054861981699148,0.10323146487856144,1.3157196366786956
2011-02-28,1.3736075162887573,1.3853293657302856,1.371309518814087,1.373437762260437,0,-0.0062134108425232456,0.10568692596517713,1.3164118510484695
2011-03-01,1.3827433586120605,1.3852909803390503,1.378834843635559,1.3821508884429932,0,0.006323988320142943,0.09973852234767382,1.3171496134996414
2011-03-02,1.376955270767212,1.3890045881271362,1.3744571208953857,1.3771828413009644,0,-0.003600907318075315,0.09460898393116796,1.3179490262269973
2011-03-03,1.3867510557174683,1.397506833076477,1.3834511041641235,1.3866548538208008,0,0.006854273404183277,0.0930283017294129,1.3187083172798157
2011-03-04,1.3959071636199951,1.4006974697113037,1.3947001695632935,1.3958877325057983,0,0.006636313575586683,0.09561369052958654,1.319550753235817
2011-03-07,1.3988752365112305,1.4036072492599487,1.3958877325057983,1.3990709781646729,0,0.002277849059524925,0.07965744040531923,1.3204021680355071
2011-03-08,1.3964920043945312,1.3989927768707275,1.3868086338043213,1.3963944911956787,0,-0.0019148780882221393,0.07853197647440667,1.3212676334381104
2011-03-09,1.3894485235214233,1.3940778970718384,1.385905385017395,1.3897961378097534,0,-0.004736478296190604,0.08131238409217675,1.3220971125364303
2011-03-10,1.3904725313186646,1.3925055265426636,1.3795006275177002,1.3902212381362915,0,0.0003058256639182276,0.08116027510180894,1.3229634952545166
2011-03-11,1.3803004026412964,1.3842363357543945,1.375421166419983,1.3801289796829224,0,-0.007285940264144612,0.08294177296837808,1.3238786250352859
2011-03-14,1.3934756517410278,1.3979365825653076,1.390665888786316,1.3934563398361206,0,0.009610277810928372,0.08219512448562998,1.3248844420909882
2011-03-15,1.3990318775177002,1.4000111818313599,1.385809302330017,1.3992079496383667,0,0.004119090114892922,0.07748393571646374,1.3258944654464722
2011-03-16,1.3985623121261597,1.4000699520111084,1.3914979696273804,1.3986209630966187,0,-0.00041960146146790336,0.07663919425651232,1.3268915754556656
2011-03-17,1.388406753540039,1.4046916961669922,1.388406753540039,1.3884838819503784,0,-0.007274305353067483,0.08278507389470963,1.3277794796228408
2011-03-18,1.4035087823867798,1.4145472049713135,1.3983275890350342,1.4032920598983765,0,0.010608528143582223,0.0876599549787958,1.3287389314174651
2011-03-21,1.4167917966842651,1.4201923608779907,1.414587140083313,1.4170527458190918,0,0.009758236005273894,0.09190929927676757,1.3297151607275008
2011-03-22,1.4218480587005615,1.4248058795928955,1.4180777072906494,1.4217066764831543,0,0.0032788511749044322,0.09059745920019968,1.3306641620397568
2011-03-23,1.4172536134719849,1.421403408050537,1.4110939502716064,1.4168118238449097,0,-0.003448881865391004,0.09133811087536961,1.331592253446579
2011-03-24,1.4108550548553467,1.4210197925567627,1.40559983253479,1.4105963706970215,0,-0.004396579999944026,0.0934367998122081,1.3324542045593262
2011-03-25,1.4169723987579346,1.4193657636642456,1.4113727807998657,1.4171934127807617,0,0.00466587303668697,0.09234633881362403,1.333343693614006
2011-03-28,1.402504801750183,1.4114325046539307,1.4024064540863037,1.402603268623352,0,-0.010348458425385322,0.10025113610389852,1.3341986954212188
2011-03-29,1.4077171087265015,1.4150075912475586,1.4051061868667603,1.4079747200012207,0,0.0038223155090464124,0.09751551661805356,1.3351010394096374
2011-03-30,1.4112931489944458,1.4129084348678589,1.405402421951294,1.411113977432251,0,0.0022271443473864377,0.09581174300828678,1.3359970772266387
2011-03-31,1.4121900796890259,1.4233052730560303,1.4118908643722534,1.4121301174163818,0,0.0007198385926761102,0.09436266312071527,1.3368890011310577
2011-04-01,1.4160094261169434,1.4215044975280762,1.406469702720642,1.415869116783142,0,0.00264427337899569,0.09228443727320583,1.3377818357944489
2011-04-04,1.4223941564559937,1.4268592596054077,1.4194867610931396,1.4223334789276123,0,0.004555258551591935,0.09095288683624465,1.3387549942731858
2011-04-05,1.4219290018081665,1.423284888267517,1.415608525276184,1.422009825706482,0,-0.00022757676402840172,0.09088654738985297,1.3397718667984009
2011-04-06,1.422009825706482,1.4346996545791626,1.422009825706482,1.4219088554382324,0,-7.100784488771909e-05,0.0904223597508038,1.3407663995027541
2011-04-07,1.4336096048355103,1.4336096048355103,1.4248058795928955,1.4335273504257202,0,0.008137852341283986,0.09137165661646808,1.3416802841424942
2011-04-08,1.4301036596298218,1.4443144798278809,1.4293065071105957,1.430206060409546,0,-0.002319553553933248,0.0922434931217772,1.3425458014011382
2011-04-11,1.4460898637771606,1.4483307600021362,1.442168951034546,1.446215271949768,0,0.01113145467756859,0.092579935125829,1.343508386015892
2011-04-12,1.4434388875961304,1.4516948461532593,1.4380420446395874,1.4437931776046753,0,-0.0016761853499484781,0.08944156471906935,1.3444153362512588
2011-04-13,1.4474921226501465,1.4519267082214355,1.445776104927063,1.447638988494873,0,0.0026601441342125054,0.08908436003482742,1.3453369706869125
2011-04-14,1.4446065425872803,1.451505184173584,1.4368435144424438,1.444210171699524,0,-0.0023713673931142335,0.08990033655211219,1.3462109911441802
2011-04-15,1.4486035108566284,1.450494647026062,1.4394289255142212,1.4432096481323242,0,-0.0006930226081929647,0.08451081724399084,1.3471050477027893
2011-04-18,1.4416908025741577,1.4420026540756226,1.4165911674499512,1.4412959814071655,0,-0.0013268596090236307,0.07883171753757644,1.348016518354416
2011-04-19,1.4222726821899414,1.432808518409729,1.4207572937011719,1.4223941564559937,0,-0.013201218389951367,0.08735213357291903,1.348768056035042
2011-04-20,1.4338973760604858,1.4539532661437988,1.4336096048355103,1.433794617652893,0,0.007983030985188096,0.09090325198750371,1.3495667910575866
2011-04-21,1.4513999223709106,1.4647936820983887,1.4508734941482544,1.4513999223709106,0,0.012204045850334869,0.0984079080645954,1.3503594994544983
2011-04-22,1.4553074836730957,1.4588955640792847,1.4536997079849243,1.455498218536377,0,0.0028197058735337246,0.09643977865376782,1.3511710274219513
2011-04-25,1.455519437789917,1.4625656604766846,1.4530448913574219,1.4557099342346191,0,0.0001454486848794958,0.09583481084624319,1.351979848742485
2011-04-26,1.457789659500122,1.4649009704589844,1.4499688148498535,1.4578959941864014,0,0.001500587530156706,0.08601057756049145,1.352822790145874
2011-04-27,1.468989610671997,1.4709992408752441,1.4638073444366455,1.4687954187393188,0,0.0074483253643903595,0.08795808102157425,1.353782783150673
2011-04-28,1.4779999256134033,1.4882060289382935,1.4778470993041992,1.4779999256134033,0,0.006247150367585707,0.08917488190780117,1.3547212529182433
2011-04-29,1.4842960834503174,1.4878959655761719,1.4804943799972534,1.4844063520431519,0,0.004325157197472595,0.0892926844463579,1.3556867563724517
2011-05-02,1.480560302734375,1.4902464151382446,1.4771267175674438,1.4793994426727295,0,-0.0033787059479022425,0.09147634963876844,1.3565842539072037
2011-05-03,1.4824918508529663,1.48873770236969,1.4757968187332153,1.4823819398880005,0,0.002013989446320694,0.0910359936482501,1.3575007170438766
2011-05-04,1.4835034608840942,1.4938081502914429,1.4778908491134644,1.4833273887634277,0,0.0006375870341181958,0.09082203315650846,1.3584212321043014
2011-05-05,1.4824038743972778,1.489735722541809,1.4581297636032104,1.4829754829406738,0,-0.0002372689773264426,0.0908718531481827,1.359297084212303
2011-05-06,1.4540168046951294,1.4587039947509766,1.4466965198516846,1.454439640045166,0,-0.01942983162322825,0.11452110451205465,1.3600497823953628
2011-05-09,1.4345967769622803,1.4440432786941528,1.4258012771606445,1.4352967739105225,0,-0.013249060409645273,0.12400539479308384,1.3606383037567138
2011-05-10,1.4375457763671875,1.4394081830978394,1.4274905920028687,1.4376078844070435,0,0.001608901978955893,0.11762181373302615,1.3612138110399246
2011-05-11,1.44110906124115,1.4422314167022705,1.4265742301940918,1.44110906124115,0,0.002432457672316356,0.11787003636064658,1.3618068242073058
2011-05-12,1.4212822914123535,1.4255776405334473,1.4126089811325073,1.4211004972457886,0,-0.013981429050206752,0.1267434833252377,1.3623332923650742
2011-05-13,1.4236091375350952,1.4340001344680786,1.414207100868225,1.423791527748108,0,0.0018918337014444718,0.12697205229137162,1.362861595749855
2011-05-16,1.407558560371399,1.4246028661727905,1.4050863981246948,1.4077963829040527,0,-0.0112977703556589,0.1321946664778779,1.3632577365636827
2011-05-17,1.415808916091919,1.422292947769165,1.4125491380691528,1.415808916091919,0,0.005675407039250048,0.13430723511607204,1.3637217992544175
2011-05-18,1.4268999099731445,1.4286531209945679,1.4196277856826782,1.4268999099731445,0,0.0078031559590804175,0.12959475955062824,1.3642638194561005
2011-05-19,1.4256184101104736,1.4305946826934814,1.4211004972457886,1.4255167245864868,0,-0.0009698341247315047,0.12644981813482337,1.3649693727493286
2011-05-20,1.4318032264709473,1.434390902519226,1.4145071506500244,1.4316186904907227,0,0.004271393752962423,0.11937310976959321,1.3657125216722488
2011-05-23,1.4108750820159912,1.413467526435852,1.3976044654846191,1.4105764627456665,0,-0.014807295825034516,0.1282017505571071,1.3663799524307252
2011-05-24,1.4037057161331177,1.4133076667785645,1.4004229307174683,1.403666377067566,0,-0.00491080546945864,0.12858355075366293,1.3669922989606857
2011-05-25,1.4099202156066895,1.411671757698059,1.4017970561981201,1.4099003076553345,0,0.0044313439043920265,0.12990636718393633,1.367601821422577
2011-05-26,1.4082324504852295,1.420494794845581,1.4070239067077637,1.4084903001785278,0,-0.001000576421538962,0.12572603489767012,1.3682160502672196
2011-05-27,1.413107991218567,1.430308222770691,1.4128285646438599,1.4135074615478516,0,0.0035557552337789756,0.12383398635208755,1.3688795709609984
2011-05-30,1.4294904470443726,1.4305537939071655,1.425984263420105,1.4297356605529785,0,0.011415397512140662,0.13073067734205196,1.3696732324361802
2011-05-31,1.4324184656143188,1.4422937631607056,1.4324184656143188,1.4322338104248047,0,0.0017457562225029375,0.13114905254166173,1.370516883134842
2011-06-01,1.4427516460418701,1.445776104927063,1.438807487487793,1.4427932500839233,0,0.007345661044578624,0.13423520996799715,1.3714143687486648
2011-06-02,1.4345967769622803,1.4483938217163086,1.4329932928085327,1.434493899345398,0,-0.005768888070189921,0.13490949058765217,1.3722548389434814
2011-06-03,1.448708415031433,1.460493564605713,1.445985198020935,1.4486035108566284,0,0.009787892775456952,0.1405325370299127,1.373144616484642
2011-06-06,1.4656095504760742,1.4657169580459595,1.4595344066619873,1.465502142906189,0,0.011597947006651978,0.13031894089092586,1.3740951454639434
2011-06-07,1.4581509828567505,1.4691839218139648,1.4567067623138428,1.458299994468689,0,-0.004926573458887725,0.12231041112609206,1.37505368411541
2011-06-08,1.4687954187393188,1.4690111875534058,1.4572373628616333,1.4686013460159302,0,0.007039112620537417,0.12421851917625093,1.3760530430078506
2011-06-09,1.4598966836929321,1.4645577669143677,1.4482049942016602,1.4601950645446777,0,-0.005740449916637077,0.12625374590007396,1.376952543258667
2011-06-10,1.4512313604354858,1.4547992944717407,1.435708999633789,1.451568365097046,0,-0.0059254296558553035,0.1172741221352514,1.3777974152565002
2011-06-13,1.4333628416061401,1.4403409957885742,1.4326032400131226,1.4332603216171265,0,-0.012692808665095298,0.12641879351502838,1.378516679406166
2011-06-14,1.4417531490325928,1.4486035108566284,1.4381040334701538,1.4416908025741577,0,0.005864798918182356,0.12038934996239291,1.379290955066681
2011-06-15,1.4448988437652588,1.444961428642273,1.4209591150283813,1.4450031518936157,0,0.0022949095577444933,0.11934722225973277,1.3801769876480103
2011-06-16,1.4186408519744873,1.420030951499939,1.4077963829040527,1.4181982278823853,0,-0.01872429047038763,0.13461651006061348,1.3809019583463669
2011-06-17,1.4199906587600708,1.4338356256484985,1.4129482507705688,1.419909954071045,0,0.0012062446435934565,0.13468934211314063,1.3816549611091613
2011-06-20,1.4294085502624512,1.4325006008148193,1.4194263219833374,1.4285101890563965,0,0.0060386183828864196,0.13556281104671647,1.3824390202760697
2011-06-21,1.432479977607727,1.4404033422470093,1.4310245513916016,1.4325416088104248,0,0.00281814011555654,0.12479703124142859,1.383165727853775
2011-06-22,1.4380213022232056,1.4437931776046753,1.4349054098129272,1.4381660223007202,0,0.003918490776311298,0.12350472549220896,1.3838606894016265
2011-06-23,1.4318032264709473,1.4334040880203247,1.4131278991699219,1.4314342737197876,0,-0.0046917760211844595,0.12449593640619863,1.3845103251934052
2011-06-24,1.4273072481155396,1.4305946826934814,1.4161096811294556,1.427001714706421,0,-0.0031013901197990096,0.1250735104288075,1.3851073348522187
2011-06-27,1.4175951480865479,1.4294085502624512,1.4107954502105713,1.4171332120895386,0,-0.006939573877147329,0.12723685949940358,1.385671035051346
2011-06-28,1.4317007064819336,1.4395946264266968,1.4244202375411987,1.4316802024841309,0,0.010212755077597753,0.12595360231592137,1.3862959653139115
2011-06-29,1.435811996459961,1.4447944164276123,1.4334040880203247,1.4357914924621582,0,0.0028675385374914127,0.12620194814615024,1.3868464362621307
2011-06-30,1.4481000900268555,1.4527071714401245,1.4448988437652588,1.4478904008865356,0,0.008391341255214162,0.12700593105450303,1.3873903864622117
2011-07-01,1.4495905637741089,1.4546089172363281,1.4446065425872803,1.4496954679489136,0,0.0012459111671488774,0.12518596552921935,1.3879793006181718
2011-07-04,1.4546089172363281,1.4577046632766724,1.4498006105422974,1.4539955854415894,0,0.0029618306887010224,0.12096831557637587,1.3885097348690032
2011-07-05,1.4553074836730957,1.4553074836730957,1.4445648193359375,1.4553074836730957,0,0.0009018643223208997,0.11370035027160919,1.389066745042801
2011-07-06,1.4423978328704834,1.4466545581817627,1.4290001392364502,1.4428139925003052,0,-0.008621839124782656,0.11627312950956603,1.389495357275009
2011-07-07,1.4331985712051392,1.4374011754989624,1.4223334789276123,1.4331575632095337,0,-0.006715271964029441,0.11477629242534614,1.389847114086151
2011-07-08,1.4366164207458496,1.436884880065918,1.421403408050537,1.4364513158798218,0,0.0022956118798976646,0.11411237578806707,1.3902183091640472
2011-07-11,1.420494794845581,1.4225763082504272,1.3988949060440063,1.4201923608779907,0,-0.011383380227067048,0.11868746943227872,1.3904307955503463
2011-07-12,1.4041393995285034,1.4046916961669922,1.3841979503631592,1.4040604829788208,0,-0.011423944125107234,0.11718980859138317,1.390614052414894
2011-07-13,1.3969016075134277,1.4192047119140625,1.3967260122299194,1.3969016075134277,0,-0.00511173719776712,0.11526442406553866,1.390681591629982
2011-07-14,1.4229203462600708,1.4274091720581055,1.4150876998901367,1.4234267473220825,0,0.018810520333179828,0.13468361665067788,1.3908387172222136
2011-07-15,1.415808916091919,1.4196076393127441,1.409641981124878,1.4157286882400513,0,-0.0054227942930777095,0.11927543604946131,1.3909533786773682
2011-07-18,1.411930799484253,1.413207769393921,1.4017970561981201,1.4123096466064453,0,-0.002417961070239253,0.11944246336062402,1.3910261231660843
2011-07-19,1.4110939502716064,1.421464204788208,1.4073010683059692,1.411193609237671,0,-0.000790533833871936,0.11723034256223532,1.391141984462738
2011-07-20,1.4173942804336548,1.423791527748108,1.4134875535964966,1.417293906211853,0,0.004313475947415048,0.11788920613232205,1.3912699961662292
2011-07-21,1.4268999099731445,1.4397811889648438,1.4145071506500244,1.427001714706421,0,0.006826186504122887,0.11968200493092089,1.3914213746786117
2011-07-22,1.441794753074646,1.4435222148895264,1.4327058792114258,1.4420026540756226,0,0.01045733930256299,0.12421062950030927,1.391595377922058
2011-07-25,1.4381660223007202,1.4407145977020264,1.4328700304031372,1.4388489723205566,0,-0.0021894102326816866,0.12393117032863234,1.391807455420494
2011-07-26,1.436781644821167,1.4520952701568604,1.4360594749450684,1.4371533393859863,0,-0.0011791597831046106,0.12121306013884575,1.392025260925293
2011-07-27,1.4504104852676392,1.4535094499588013,1.4363069534301758,1.450810194015503,0,0.009457845483739503,0.12049011642503317,1.3924097645282745
2011-07-28,1.4375457763671875,1.4400299787521362,1.4258012771606445,1.4372979402542114,0,-0.009357234372762336,0.12499016159151533,1.392614671587944
2011-07-29,1.4334040880203247,1.4406315088272095,1.4238524436950684,1.4331985712051392,0,-0.0028562109862000085,0.12155803499564029,1.3928222066164018
2011-08-01,1.4365339279174805,1.4451284408569336,1.4188220500946045,1.4363688230514526,0,0.0022095686914159834,0.12177663694784943,1.3930320084095
2011-08-02,1.4271239042282104,1.4283469915390015,1.4152878522872925,1.4262080192565918,0,-0.0070990908034767085,0.12321440112180146,1.3931885749101638
2011-08-03,1.4175951480865479,1.434390902519226,1.4144872426986694,1.417333960533142,0,-0.00624157307721745,0.12436388220787309,1.3933481186628343
2011-08-04,1.4345349073410034,1.4364101886749268,1.4115123748779297,1.4352967739105225,0,0.012594024584066252,0.13012024510374678,1.3936355578899384
2011-08-05,1.406647801399231,1.42253577709198,1.4057974815368652,1.4067071676254272,0,-0.02012000780048922,0.14584892425174611,1.3937800490856171
2011-08-08,1.4300627708435059,1.4399470090866089,1.413327693939209,1.4294085502624512,0,0.016009126384070146,0.15693472333720113,1.393939557671547
2011-08-09,1.4177157878875732,1.4285714626312256,1.4157087802886963,1.4170728921890259,0,-0.008667356908595254,0.15477055943116866,1.394069464802742
2011-08-10,1.4380005598068237,1.440050721168518,1.416330337524414,1.4383108615875244,0,0.014876011691912402,0.15732849620174955,1.3942429828643799
2011-08-11,1.4128683805465698,1.4285918474197388,1.4106560945510864,1.4124692678451538,0,-0.01812998575949092,0.16982170912355857,1.3942416858673097
2011-08-12,1.422191858291626,1.4287959337234497,1.4150876998901367,1.4226369857788086,0,0.0071727551751329995,0.15843877504005638,1.394240875840187
2011-08-15,1.4272868633270264,1.4474921226501465,1.4267370700836182,1.4274091720581055,0,0.0033488515448092957,0.15758586327327417,1.394340029358864
2011-08-16,1.4438347816467285,1.444481372833252,1.4357914924621582,1.4438347816467285,0,0.011441583538398128,0.16173186038520596,1.3946243906021119
2011-08-17,1.4401957988739014,1.4513788223266602,1.4338973760604858,1.439801812171936,0,-0.00279714310252304,0.1621685696612783,1.3949373906850815
2011-08-18,1.4429389238357544,1.4451075792312622,1.4278982877731323,1.4429181814193726,0,0.002162104171317879,0.16177807375785536,1.3952641701698303
2011-08-19,1.4320697784423828,1.445170283317566,1.426594614982605,1.4324390888214111,0,-0.0072889300409729,0.16259890461734927,1.3956158614158631
2011-08-22,1.4369467496871948,1.4433971643447876,1.4350084066390991,1.4369261264801025,0,0.0031275498094733645,0.15869777034590216,1.3959538966417313
2011-08-23,1.436100721359253,1.4498006105422974,1.4355852603912354,1.436100721359253,0,-0.0005745892309913628,0.15853710381235847,1.3963470083475114
2011-08-24,1.4437098503112793,1.4480791091918945,1.4389524459838867,1.4437098503112793,0,0.005284477204432829,0.15955600822149502,1.3968202859163283
2011-08-25,1.44110906124115,1.4473036527633667,1.4333628416061401,1.44123375415802,0,-0.0017165651054168517,0.156058584817563,1.3972494584321975
2011-08-26,1.4374011754989624,1.4474921226501465,1.4332191944122314,1.4372979402542114,0,-0.0027345999796553155,0.15287770279380714,1.3976073056459426
2011-08-29,1.4496746063232422,1.4546935558319092,1.4466965198516846,1.449506402015686,0,0.008458165568049786,0.1552205012184871,1.3979826468229293
2011-08-30,1.452601671218872,1.4532349109649658,1.4388697147369385,1.4524328708648682,0,0.0020169063278352513,0.15519580403825303,1.3984438478946686
2011-08-31,1.4434596300125122,1.4468011856079102,1.439801812171936,1.4433138370513916,0,-0.006298246965419108,0.15472387360395248,1.3989672458171845
2011-09-01,1.437504529953003,1.4377937316894531,1.422960877418518,1.4374631643295288,0,-0.004061876891663101,0.15369601696571902,1.3994756054878235
2011-09-02,1.4262080192565918,1.4287959337234497,1.419305443763733,1.4262080192565918,0,-0.00786068113706364,0.14999218758187371,1.3999367773532867
2011-09-05,1.4155683517456055,1.4171934127807617,1.4065884351730347,1.4157688617706299,0,-0.0073464386750377,0.13444883303681615,1.4003966116905213
2011-09-06,1.4069050550460815,1.4236901998519897,1.3975263833999634,1.4063115119934082,0,-0.0067024208587801466,0.12360720974747588,1.4008762055635453
2011-09-07,1.400383710861206,1.4130680561065674,1.400207281112671,1.4003249406814575,0,-0.004266017699107671,0.12097898309583455,1.4013817930221557
2011-09-08,1.4083911180496216,1.4090063571929932,1.3943500518798828,1.4085696935653687,0,0.0058704776329306626,0.11002124753853504,1.4018621867895127
2011-09-09,1.390395164489746,1.393805980682373,1.364908218383789,1.3904144763946533,0,-0.01297290065871201,0.1009801024797458,1.402206271290779
2011-09-12,1.3596007823944092,1.3687005043029785,1.3514974117279053,1.3600815534591675,0,-0.02205722342215124,0.120889422420531,1.4022986912727355
2011-09-13,1.3658030033111572,1.372099757194519,1.355913758277893,1.3660268783569336,0,0.004361773914954049,0.1215183299391198,1.4024853664636612
2011-09-14,1.3681013584136963,1.3748539686203003,1.3593051433563232,1.3686069250106812,0,0.0018869418026663388,0.11226470648856082,1.4027060604095458
2011-09-15,1.3748350143432617,1.3927576541900635,1.3704074621200562,1.3746082782745361,0,0.004375422555973764,0.114785413140053,1.4029536896944046
2011-09-16,1.386731743812561,1.3880984783172607,1.37589430809021,1.3869048357009888,0,0.008905725369257938,0.12026556828975361,1.4032671880722045
2011-09-19,1.3703510761260986,1.3706891536712646,1.3591388463974,1.3701446056365967,0,-0.012158241542317604,0.12414258077282386,1.4035193419456482
2011-09-20,1.3604146242141724,1.3726646900177002,1.3599522113800049,1.3605626821517944,0,-0.007017934770640378,0.12371592940710541,1.403624411225319
2011-09-21,1.3690941333770752,1.3730982542037964,1.363754153251648,1.369394063949585,0,0.006470001854692044,0.12751772852096974,1.4037909084558486
2011-09-22,1.3584741353988647,1.3585665225982666,1.3392080068588257,1.3586033582687378,0,-0.00791112328165159,0.12585652177676382,1.4039719182252883
2011-09-23,1.3479087352752686,1.356594443321228,1.3421016931533813,1.348090410232544,0,-0.007768149485341671,0.1268852843934747,1.4040923964977265
2011-09-26,1.3544996976852417,1.3544996976852417,1.3367018699645996,1.3547013998031616,0,0.004891980751379578,0.12993741625260183,1.4042834055423736
2011-09-27,1.3520090579986572,1.3655046224594116,1.3480722904205322,1.351807951927185,0,-0.0021381407579063793,0.12336935751123693,1.4044834339618684
2011-09-28,1.3584926128387451,1.3684009313583374,1.3545913696289062,1.3582342863082886,0,0.004742617170867145,0.12520355474468928,1.4047295886278153
2011-09-29,1.3545546531677246,1.367708444595337,1.3521004915237427,1.3537662029266357,0,-0.0032950491285057494,0.12469626627594868,1.4049406987428665
2011-09-30,1.3581973314285278,1.3598966598510742,1.341525673866272,1.3585848808288574,0,0.0035531410374232885,0.1266919677003413,1.4051700484752656
2011-10-03,1.336094617843628,1.3380789756774902,1.3245033025741577,1.336094617843628,0,-0.016692734873780066,0.13467855592872555,1.4053106415271759
2011-10-04,1.3194178342819214,1.3298933506011963,1.314941644668579,1.3195048570632935,0,-0.01249433640377093,0.1378628371224047,1.405313338637352
2011-10-05,1.332746982574463,1.337238073348999,1.326611876487732,1.3330134153366089,0,0.010185547222206373,0.14492491958652973,1.4054352730512618
2011-10-06,1.3340448141098022,1.3432915210723877,1.3242928981781006,1.333991527557373,0,0.0007334911524802194,0.14521310457500777,1.4054929608106612
2011-10-07,1.3426964282989502,1.3521736860275269,1.3403927087783813,1.3428946733474731,0,0.006651891750708847,0.14579189816474358,1.4055568176507949
2011-10-10,1.3385984897613525,1.3690004348754883,1.3380969762802124,1.3385984897613525,0,-0.0032043246063185433,0.14059364047213788,1.4055708539485932
2011-10-11,1.3633079528808594,1.367409110069275,1.356999397277832,1.3635495901107788,0,0.01846812889909193,0.1370964959065984,1.4057101809978485
2011-10-12,1.3644053936004639,1.3815971612930298,1.3586403131484985,1.3645730018615723,0,0.0007502681894220026,0.13625724446361662,1.4058725070953368
2011-10-13,1.3788729906082153,1.3823038339614868,1.3686069250106812,1.379196286201477,0,0.010659367654543866,0.14113060985071418,1.406190060377121
2011-10-14,1.374306082725525,1.389294147491455,1.37247633934021,1.3735508918762207,0,-0.004101649642825564,0.1411520298582019,1.4065678483247757
2011-10-17,1.38825261592865,1.39130437374115,1.374098300933838,1.3879058361053467,0,0.010396739799124411,0.14243092959386913,1.4070598411560058
2011-10-18,1.374343752861023,1.3786828517913818,1.3654487133026123,1.3744003772735596,0,-0.009778471612249585,0.14008332085153616,1.4074493646621704
2011-10-19,1.3733999729156494,1.3866932392120361,1.3726459741592407,1.3740037679672241,0,-0.0002886106177471514,0.13766482853279852,1.4078273946046829
2011-10-20,1.3764055967330933,1.384006381034851,1.3659336566925049,1.3765003681182861,0,0.0018153769005150302,0.13604261005972737,1.4081457185745239
2011-10-21,1.3779988288879395,1.3897961378097534,1.3710086345672607,1.377903938293457,0,0.0010191461677499425,0.13277341519518435,1.4083586013317109
2011-10-24,1.3847922086715698,1.3954007625579834,1.3823038339614868,1.3847730159759521,0,0.004972779627426743,0.12987283232715677,1.4085923397541047
2011-10-25,1.3924086093902588,1.395634412765503,1.3850032091140747,1.3922340869903564,0,0.005373474888955781,0.13005222070325373,1.4089115512371064
2011-10-26,1.390395164489746,1.3966870307922363,1.3804908990859985,1.3904531002044678,0,-0.0012800483196722503,0.12980000140274858,1.4091747641563415
2011-10-27,1.3872126340866089,1.4182988405227661,1.3868086338043213,1.387694001197815,0,-0.0019862878480350443,0.12967181420395046,1.409387199282646
2011-10-28,1.4174946546554565,1.4200913906097412,1.4139271974563599,1.4173942804336548,0,0.02117679458620206,0.14607899285368317,1.4097401642799376
2011-10-31,1.414207100868225,1.4169524908065796,1.3935922384262085,1.4140071868896484,0,-0.00239252200635293,0.1468285133450839,1.4100004374980926
2011-11-01,1.3864625692367554,1.386981725692749,1.3611923456192017,1.386001467704773,0,-0.020004690410207387,0.15245441382704272,1.4101084178686143
2011-11-02,1.3658030033111572,1.382590413093567,1.3658030033111572,1.3655978441238403,0,-0.014830645922874523,0.15539068572524098,1.41009337246418
2011-11-03,1.3693190813064575,1.382533073425293,1.3657844066619873,1.3690004348754883,0,0.002488550171164383,0.15231118221769502,1.410083331465721
2011-11-04,1.3822846412658691,1.3865010738372803,1.3717608451843262,1.382991909980774,0,0.010168339083803348,0.1553695170904485,1.4101367568969727
2011-11-07,1.3795197010040283,1.38119637966156,1.3683634996414185,1.3789299726486206,0,-0.002941386783075982,0.15508461173555135,1.4102450281381607
2011-11-08,1.3760079145431519,1.3842554092407227,1.373192548751831,1.3760079145431519,0,-0.0021213249233897192,0.15473670060024933,1.4102681440114975
2011-11-09,1.3827050924301147,1.3856940269470215,1.3556013107299805,1.3826478719711304,0,0.004813917186178885,0.14239977529240538,1.4102664238214493
2011-11-10,1.3527406454086304,1.3649641275405884,1.3485995531082153,1.3526674509048462,0,-0.021921876021723154,0.16246775715089357,1.4101208209991456
2011-11-11,1.3611923456192017,1.374192714691162,1.3581973314285278,1.3610072135925293,0,0.006146491362933261,0.15931251651430076,1.4101135891675949
2011-11-14,1.378796935081482,1.378796935081482,1.3621008396148682,1.3787018060684204,0,0.01291731230363892,0.165433499014498,1.4102196145057677
2011-11-15,1.3626948595046997,1.3641074895858765,1.351278305053711,1.362416386604309,0,-0.011882458131531732,0.16609504359509045,1.4102357250452042
2011-11-16,1.3508766889572144,1.3553258180618286,1.343075156211853,1.350712537765503,0,-0.008627619080228318,0.16536464463773484,1.410175813436508
2011-11-17,1.3443028926849365,1.3534914255142212,1.3425341844558716,1.3441040515899658,0,-0.004904600520091122,0.16594705695260792,1.4100358349084854
2011-11-18,1.345496654510498,1.3613035678863525,1.3448452949523926,1.3458044528961182,0,0.0012642820600115257,0.16583820192800475,1.409963893890381
2011-11-21,1.3536012172698975,1.3540045022964478,1.3432915210723877,1.3529969453811646,0,0.005330151020494553,0.16719064491884902,1.409973856806755
2011-11-22,1.3486357927322388,1.3568705320358276,1.347127914428711,1.348435878753662,0,-0.003376779108307488,0.16601267266014724,1.409975492954254
2011-11-23,1.3514426946640015,1.3531067371368408,1.3352560997009277,1.3521919250488281,0,0.002781611528772255,0.16494589481059357,1.4099871748685837
2011-11-24,1.3347035646438599,1.3412017822265625,1.3320190906524658,1.3352025747299194,0,-0.012643902231596928,0.16948570996114548,1.4098755198717117
2011-11-25,1.332800269126892,1.3334044218063354,1.3218421936035156,1.3331022262573242,0,-0.0015742945900413458,0.169490019108742,1.4097280210256578
2011-11-28,1.331026315689087,1.33969247341156,1.3278273344039917,1.3313452005386353,0,-0.0013188670609156415,0.14734710763196324,1.4095280116796494
2011-11-29,1.3307604789733887,1.343742847442627,1.3289036750793457,1.3316997289657593,0,0.0002662579405180645,0.1477684734383967,1.4093453484773635
2011-11-30,1.3323917388916016,1.3523930311203003,1.326435923576355,1.3324095010757446,0,0.0005328401093880924,0.13424478158284128,1.409170536994934
2011-12-01,1.3442305326461792,1.3521004915237427,1.3419936895370483,1.3443931341171265,0,0.008953751721584781,0.13056236790523368,1.4090104746818541
2011-12-02,1.3467469215393066,1.3538029193878174,1.3419756889343262,1.346692442893982,0,0.001708834052709402,0.13034679728340393,1.4088339465856552
2011-12-05,1.3417415618896484,1.3483994007110596,1.3401411771774292,1.3419036865234375,0,-0.0035622765220722865,0.12435264859580357,1.4086762762069702
2011-12-06,1.3384730815887451,1.3424980640411377,1.3340270519256592,1.3386701345443726,0,-0.0024125830984946276,0.12428547279358244,1.4084588724374771
2011-12-07,1.3412017822265625,1.3452612161636353,1.3353630304336548,1.3412017822265625,0,0.0018893801748214758,0.12477225681977247,1.4082789671421052
2011-12-08,1.340105414390564,1.3456957340240479,1.33109712600708,1.3403747081756592,0,-0.0006168565991606585,0.12286683110950372,1.4080475664138794
2011-12-09,1.3345433473587036,1.3430029153823853,1.3286035060882568,1.3345433473587036,0,-0.004360036407616262,0.09874181839309473,1.4077408444881438
2011-12-12,1.337095022201538,1.3377926349639893,1.3211086988449097,1.3371665477752686,0,0.0019636871984335218,0.09614732302678558,1.407431322336197
2011-12-13,1.3165690898895264,1.3231713771820068,1.3099979162216187,1.3171066045761108,0,-0.015115494136826025,0.09462954882974405,1.407034882903099
2011-12-14,1.3027958869934082,1.305909276008606,1.2954038381576538,1.3019137382507324,0,-0.011602076165823342,0.09427149993736815,1.406595470905304
2011-12-15,1.2987350225448608,1.3049037456512451,1.29629385471344,1.2988024950027466,0,-0.0023926060770595933,0.09131208158319791,1.4061383771896363
2011-12-16,1.302999496459961,1.3084039688110352,1.3006945848464966,1.302965521812439,0,0.00320015492202198,0.09222566065395023,1.4057525599002838
2011-12-19,1.3035939931869507,1.304103970527649,1.2984988689422607,1.3036959171295166,0,0.0005604067527000442,0.09199367674039101,1.4053037577867509
2011-12-20,1.3007960319519043,1.3131976127624512,1.2996971607208252,1.3007792234420776,0,-0.00223975638032038,0.08857158154937539,1.4048116141557694
2011-12-21,1.3087977170944214,1.3194178342819214,1.3028467893600464,1.3087977170944214,0,0.006145455045773066,0.09258750271537554,1.4043624979257583
2011-12-22,1.303797960281372,1.3119055032730103,1.3023545742034912,1.3040019273757935,0,-0.003671001038711747,0.09159010238308007,1.4039400881528854
2011-12-23,1.3057047128677368,1.3093974590301514,1.3033052682876587,1.3056023120880127,0,0.0012265345745922584,0.08295746767915292,1.4034516394138337
2011-12-26,1.3043931722640991,1.3084039688110352,1.3043931722640991,1.3044953346252441,0,-0.000848226908701346,0.08293971107565555,1.4028888523578644
2011-12-27,1.3050060272216797,1.3085922002792358,1.3044953346252441,1.3050570487976074,0,0.00043050615470083324,0.08308499283833995,1.4023056042194366
2011-12-28,1.3071041107177734,1.307958960533142,1.294732928276062,1.307206630706787,0,0.0016457621879670619,0.08347587912390511,1.4017575782537461
2011-12-29,1.292574167251587,1.2943978309631348,1.2861239910125732,1.292724609375,0,-0.011140426244686018,0.09047995983168647,1.401168219447136
2011-12-30,1.2952193021774292,1.299595832824707,1.2906056642532349,1.2956053018569946,0,0.0022259091925654617,0.08347239772079243,1.400560278892517
2012-01-02,1.2960082292556763,1.2963947057724,1.2922568321228027,1.2960082292556763,0,0.00031094713551305017,0.0828787462772128,1.4000273036956787
2012-01-03,1.2936275005340576,1.3065917491912842,1.2936275005340576,1.2940963506698608,0,-0.0014762947781102548,0.08264304912966584,1.399457911849022
2012-01-04,1.305397868156433,1.3073946237564087,1.2902060747146606,1.3056023120880127,0,0.008851823260751207,0.09032183587700034,1.3989303535223008
2012-01-05,1.2930923700332642,1.2942973375320435,1.2785271406173706,1.2931424379348755,0,-0.009589221588583472,0.09406425384867179,1.3983354151248932
2012-01-06,1.2792959213256836,1.281295657157898,1.270405888557434,1.279606819152832,0,-0.010522396330770147,0.09872054780101933,1.3976541036367416
2012-01-09,1.2679574489593506,1.2784944772720337,1.2679574489593506,1.2680377960205078,0,-0.009082195049580685,0.1013373582827395,1.3968826252222062
2012-01-10,1.2775959968566895,1.2817062139511108,1.2745510339736938,1.2775959968566895,0,0.007509521425102243,0.10607999051163215,1.396160556077957
2012-01-11,1.2754288911819458,1.27883780002594,1.26739501953125,1.2751848697662354,0,-0.0018890205884630877,0.09506553801289845,1.3954269361495972
2012-01-12,1.272394061088562,1.2829065322875977,1.270099401473999,1.272394061088562,0,-0.002190950600397528,0.08782956396570703,1.3946212697029114
2012-01-13,1.2825446128845215,1.2874983549118042,1.2651821374893188,1.2820513248443604,0,0.007561179282910563,0.09261082613291835,1.3938804960250855
2012-01-16,1.2648460865020752,1.268295168876648,1.2628655433654785,1.2647020816802979,0,-0.013624806787234982,0.10175851275321596,1.3929729300737381
2012-01-17,1.2667367458343506,1.2803605794906616,1.2666724920272827,1.2667046785354614,0,0.0015822010941941955,0.1020700776322597,1.392087487578392
2012-01-18,1.274827241897583,1.284406065940857,1.2737231254577637,1.2745997905731201,0,0.006213452606059865,0.10531216475402859,1.3912222915887833
2012-01-19,1.2863060235977173,1.2921065092086792,1.284505009651184,1.2866039276123047,0,0.009373893106578754,0.10860232580869648,1.3904342603683473
2012-01-20,1.2961595058441162,1.2984483242034912,1.2887760400772095,1.2964956760406494,0,0.007658858192625108,0.11188951737132384,1.3897006905078888
2012-01-23,1.2890418767929077,1.30451238155365,1.2883775234222412,1.2884771823883057,0,-0.006203948598389735,0.11358110636298897,1.3889365965127944
2012-01-24,1.3025072813034058,1.3056364059448242,1.295823574066162,1.3026939630508423,0,0.010973357237505504,0.12046691839140303,1.3883380955457687
2012-01-25,1.3035939931869507,1.3050060272216797,1.2933766841888428,1.304103970527649,0,0.001081792797326048,0.12052184094092694,1.3876896423101426
2012-01-26,1.3107362985610962,1.3179919719696045,1.309483289718628,1.3107362985610962,0,0.005072846961054672,0.12170287466923795,1.3869863241910934
2012-01-27,1.3089176416397095,1.3159972429275513,0.7605719566345215,1.3092775344848633,0,-0.0011135545992719772,0.1147635439694341,1.3862552207708358
2012-01-30,1.3206549882888794,1.3208470344543457,1.3083868026733398,1.3207945823669434,0,0.008758027146282257,0.11810743614063375,1.3855806440114975
2012-01-31,1.3138878345489502,1.3213530778884888,1.3086949586868286,1.3139568567276,0,-0.005190425851082879,0.1199856566296925,1.3848609483242036
2012-02-01,1.3138878345489502,1.3213530778884888,1.3046995401382446,1.3077024221420288,0,-0.004771364838780931,0.12125930035960687,1.384055483341217
2012-02-02,1.3171759843826294,1.3196094036102295,1.3092947006225586,1.317002534866333,0,0.007086626342989132,0.11987330154404068,1.3832504963874817
2012-02-03,1.3135426044464111,1.3187392950057983,1.3078563213348389,1.3137152194976807,0,-0.002499178845178526,0.11482842688631659,1.3823970407247543
2012-02-06,1.312508225440979,1.3128528594970703,1.303441047668457,1.31271493434906,0,-0.0007617070612131868,0.10749771547375825,1.3815636181831359
2012-02-07,1.3118194341659546,1.324327826499939,1.3093974590301514,1.3121638298034668,0,-0.0004199085772778022,0.10103515630980311,1.3807125276327132
2012-02-08,1.3248542547225952,1.3287270069122314,1.3238019943237305,1.3248542547225952,0,0.009624903949070934,0.10283619500240693,1.3799201619625092
2012-02-09,1.3250298500061035,1.3319002389907837,1.323101282119751,1.3248542547225952,0,0.0,0.10220491139978836,1.3791295558214187
2012-02-10,1.3278449773788452,1.3289036750793457,1.316482424736023,1.3278449773788452,0,0.0022548533864811308,0.10116179396780496,1.3784965825080873
2012-02-13,1.3229262828826904,1.3281975984573364,1.3211086988449097,1.3236793279647827,0,-0.003142081581407857,0.1005827639677045,1.3779384952783584
2012-02-14,1.3154432773590088,1.3213530778884888,1.3131976127624512,1.3157894611358643,0,-0.005978392592413037,0.08888164267841508,1.3773294031620025
2012-02-15,1.3129734992980957,1.318913221359253,1.3064996004104614,1.3133701086044312,0,-0.0018404004398631696,0.08981478568181711,1.376690708398819
2012-02-16,1.3058239221572876,1.3058239221572876,1.2979933023452759,1.3058068752288818,0,-0.005775290821672951,0.09184083671163902,1.3761142402887345
2012-02-17,1.3130252361297607,1.3199002742767334,1.311681866645813,1.3126804828643799,0,0.005250071880236851,0.08822909517472806,1.3755586850643158
2012-02-20,1.3224539756774902,1.3276686668395996,1.3183915615081787,1.3227163553237915,0,0.007616250294251725,0.08818842030541842,1.3751332849264144
2012-02-21,1.3204805850982666,1.3292039632797241,1.318913221359253,1.3204805850982666,0,-0.0016917171206937813,0.08489796805494927,1.3746566432714462
2012-02-22,1.3248542547225952,1.3263795375823975,1.3213530778884888,1.324327826499939,0,0.002909280005583503,0.07743054181393556,1.3741437828540801
2012-02-23,1.3257324695587158,1.3340002298355103,1.3234516382217407,1.325574278831482,0,0.0009407535629053901,0.07742525570362455,1.3736440706253052
2012-02-24,1.3374348878860474,1.3477089405059814,1.3358803987503052,1.337363362312317,0,0.008854252024843193,0.08108981860086531,1.3731727939844132
2012-02-27,1.346982717514038,1.346982717514038,1.337019920349121,1.3467106819152832,0,0.0069650518107681305,0.08328904036013199,1.3728534650802613
2012-02-28,1.3410218954086304,1.346293568611145,1.3395847082138062,1.3406623601913452,0,-0.004501296873633843,0.08104904268448308,1.3725384449958802
2012-02-29,1.3478904962539673,1.348617672920227,1.335505723953247,1.3477997779846191,0,0.005309678317946272,0.07956412437811952,1.3722279423475265
2012-03-01,1.3326226472854614,1.3357020616531372,1.3285505771636963,1.3320900201797485,0,-0.011724316253571386,0.08921190200463933,1.3718459409475328
2012-03-02,1.331894874572754,1.3331555128097534,1.3191741704940796,1.3322675228118896,0,0.00013324235170368798,0.08632136929162201,1.3714397412538528
2012-03-05,1.3185653686523438,1.3238019943237305,1.3162293434143066,1.318617582321167,0,-0.010298493213170072,0.0937036897203319,1.3708841508626939
2012-03-06,1.3222966194152832,1.3227514028549194,1.3114582300186157,1.3225764036178589,0,0.002997753502724959,0.09413297772086357,1.3703358638286591
2012-03-07,1.3120088577270508,1.3161357641220093,1.3099807500839233,1.3123359680175781,0,-0.007772924268490518,0.09825306418201939,1.3696835774183274
2012-03-08,1.3140604496002197,1.32722806930542,1.3136979341506958,1.3139914274215698,0,0.001260665083961073,0.09200968033636746,1.3690810650587082
2012-03-09,1.32722806930542,1.327316164970398,1.310760259628296,1.327492356300354,0,0.01022232014269834,0.09909956814467465,1.3684755092859269
2012-03-12,1.3121638298034668,1.314659833908081,1.308215618133545,1.312508225440979,0,-0.011351733684889787,0.10630953737194314,1.3677105396986007
2012-03-13,1.3171759843826294,1.318913221359253,1.30532968044281,1.3168290853500366,0,0.0032866561325980946,0.1066688946283369,1.3670031851530076
2012-03-14,1.30804443359375,1.3089004755020142,1.3015918731689453,1.30804443359375,0,-0.0066934155038114425,0.1071804942647967,1.3662004005908965
2012-03-15,1.3022359609603882,1.3082892894744873,1.3004916906356812,1.3022528886795044,0,-0.004437467232810932,0.10803075455301055,1.3654106897115708
2012-03-16,1.3078734874725342,1.318426251411438,1.3050570487976074,1.3078734874725342,0,0.004306770378691392,0.10735896991149312,1.3646922153234482
2012-03-19,1.3176966905593872,1.3264797925949097,1.314405918121338,1.3177140951156616,0,0.007495963026750442,0.10899243221158116,1.364114484190941
2012-03-20,1.3229262828826904,1.3249402046203613,1.3175230026245117,1.3229262828826904,0,0.003947674646958991,0.10655323784950378,1.3635206615924835
2012-03-21,1.3239772319793701,1.3285505771636963,1.3182698488235474,1.323766827583313,0,0.0006351659930329813,0.10639043193863801,1.362914479970932
2012-03-22,1.3218071460723877,1.325556755065918,1.3141001462936401,1.3218770027160645,0,-0.0014286315996364265,0.10601718434851623,1.3624328738451004
2012-03-23,1.3204805850982666,1.328570008277893,1.3192437887191772,1.3204805850982666,0,-0.0010569483511521601,0.10599874124618708,1.3619357270002366
2012-03-26,1.3283741474151611,1.3336997032165527,1.3199577331542969,1.328303575515747,0,0.0059068709937708545,0.10328949633695637,1.3614346939325332
2012-03-27,1.3360053300857544,1.3383405208587646,1.3321788311004639,1.3360053300857544,0,0.005781443740594299,0.10231388250848114,1.3609520125389098
2012-03-28,1.332800269126892,1.3372559547424316,1.3280211687088013,1.3328713178634644,0,-0.0023485638912794206,0.10148974630094555,1.3604255390167237
2012-03-29,1.3326226472854614,1.334359884262085,1.3257324695587158,1.3326226472854614,0,-0.00018658498722988308,0.09944251364395759,1.359931480884552
2012-03-30,1.3313806056976318,1.3369001150131226,1.331238865852356,1.3313806056976318,0,-0.000932462583469887,0.0907995332265524,1.3594533753395082
2012-04-02,1.3358268737792969,1.3379000425338745,1.3280495405197144,1.3358268737792969,0,0.0033340279933281388,0.09154391813578039,1.3590468436479568
2012-04-03,1.3331555128097534,1.3366892337799072,1.3303179740905762,1.3333333730697632,0,-0.0018683789688872718,0.08377529338407755,1.358555109500885
2012-04-04,1.322383999824524,1.3234516382217407,1.3108307123184204,1.3225239515304565,0,-0.008140106869707212,0.0883960605740669,1.3579887717962265
2012-04-05,1.314405918121338,1.3166003227233887,1.3037300109863281,1.314405918121338,0,-0.006157205126725581,0.0867685638026934,1.3573213493824006
2012-04-06,1.3064039945602417,1.3113033771514893,1.305483102798462,1.3065063953399658,0,-0.006028089273925127,0.08915450223019959,1.3566054040193558
2012-04-09,1.3085066080093384,1.3085066080093384,1.303797960281372,1.3079075813293457,0,0.0010718930789401378,0.08082937673349724,1.3558749639987946
2012-04-10,1.311131477355957,1.314405918121338,1.3056296110153198,1.311131477355957,0,0.002461893528647215,0.07154007898197824,1.355154083967209
2012-04-11,1.3075313568115234,1.3153568506240845,1.3066771030426025,1.3073604106903076,0,-0.002880336799999552,0.0711043209950907,1.3544768160581588
2012-04-12,1.3119055032730103,1.3186992406845093,1.3103927373886108,1.311991572380066,0,0.0035361162191303876,0.06837158099348906,1.3538709861040115
2012-04-13,1.318913221359253,1.3199577331542969,1.3070870637893677,1.318913221359253,0,0.005261813324024981,0.06843904103818987,1.3532832956314087
2012-04-16,1.30565345287323,1.3085237741470337,1.2996903657913208,1.30565345287323,0,-0.010104434712292337,0.07636674205488576,1.352710601091385
2012-04-17,1.3126804828643799,1.316482424736023,1.3091061115264893,1.3126804828643799,0,0.005367571161522159,0.07402601784023695,1.3522537010908127
2012-04-18,1.3135426044464111,1.3142330646514893,1.3060098886489868,1.3135426044464111,0,0.0006565486513049737,0.07257622456907005,1.3518369060754776
2012-04-19,1.311991572380066,1.3156994581222534,1.307160496711731,1.311991572380066,0,-0.0011814984245596726,0.0725418200442837,1.3512797302007675
2012-04-20,1.314405918121338,1.322469711303711,1.3131976127624512,1.314578652381897,0,0.001969930835327263,0.0729040781906955,1.3507739800214766
2012-04-23,1.320899248123169,1.3210039138793945,1.3107877969741821,1.3204805850982666,0,0.004479552111485653,0.07464688094803675,1.3503148347139358
2012-04-24,1.3152703046798706,1.3214927911758423,1.314699649810791,1.3152011632919312,0,-0.00400612013976583,0.07263460337312214,1.349834872484207
2012-04-25,1.3196094036102295,1.3236197233200073,1.3183046579360962,1.3197835683822632,0,0.003478129990540043,0.07054412885607214,1.3493473207950593
2012-04-26,1.323276400566101,1.3259503841400146,1.3202539682388306,1.323276400566101,0,0.0026430230552151124,0.0710859955465503,1.3488286942243577
2012-04-27,1.3192611932754517,1.3268758058547974,1.3159972429275513,1.319087266921997,0,-0.0031707498898219497,0.07175124608343608,1.3482141172885895
2012-04-30,1.3241524696350098,1.3264693021774292,1.3210039138793945,1.3241524696350098,0,0.0038325762457608417,0.0732605908268993,1.3476406347751617
2012-05-01,1.323994755744934,1.3280917406082153,1.3205991983413696,1.3239772319793701,0,-0.00013234824245101287,0.07209315196863439,1.3470747542381287
2012-05-02,1.3239772319793701,1.3241699934005737,1.3130252361297607,1.3239772319793701,0,0.0,0.07191189522526756,1.346440589427948
2012-05-03,1.3149243593215942,1.3180196285247803,1.3099498748779297,1.3147515058517456,0,-0.006992582137937592,0.07043739569178657,1.3458278572559357
2012-05-04,1.3156163692474365,1.3175925016403198,1.3086093664169312,1.3156163692474365,0,0.0006575988363033622,0.06715304911879239,1.345239946246147
2012-05-07,1.29629385471344,1.3058239221572876,1.29629385471344,1.297033667564392,0,-0.014225414648115053,0.08105663722471919,1.344543270468712
2012-05-08,1.306165099143982,1.306165099143982,1.298380970954895,1.306165099143982,0,0.00701557572102152,0.0848914439891585,1.3439430558681489
2012-05-09,1.299291968345642,1.3003901243209839,1.2913223505020142,1.299545168876648,0,-0.005081105594241374,0.08607721286269673,1.3433541119098664
2012-05-10,1.2936609983444214,1.2978501319885254,1.292574167251587,1.2936609983444214,0,-0.004538151038832012,0.08686161597175293,1.3426459330320357
2012-05-11,1.2933933734893799,1.2954694032669067,1.2909055948257446,1.2934937477111816,0,-0.00012929310372926858,0.08563413087258295,1.3420798659324646
2012-05-14,1.2901561260223389,1.2904890775680542,1.2828242778778076,1.289989709854126,0,-0.0027126475267236125,0.0830845032848565,1.341382771730423
2012-05-15,1.283202886581421,1.2869797945022583,1.275650143623352,1.283202886581421,0,-0.005275033838975709,0.07798523481351621,1.340713421702385
2012-05-16,1.273560881614685,1.275830864906311,1.268295168876648,1.273560881614685,0,-0.007542386821841305,0.07788944019598808,1.3398896718025208
2012-05-17,1.273382544517517,1.275022268295288,1.2669453620910645,1.2730745077133179,0,-0.00038197372840965374,0.07761972055030851,1.3391926980018616
2012-05-18,1.269841194152832,1.2739827632904053,1.26455819606781,1.269841194152832,0,-0.0025429984175696727,0.07769476050415125,1.3384287190437316
2012-05-21,1.2773023843765259,1.2812299728393555,1.2730745077133179,1.2773023843765259,0,0.005858493118947677,0.08101443269730861,1.3376781851053239
2012-05-22,1.2813942432403564,1.2813942432403564,1.274047613143921,1.281065821647644,0,0.002942062817123323,0.07978140831240668,1.3368643403053284
2012-05-23,1.2664639949798584,1.268391728401184,1.2570078372955322,1.2664639949798584,0,-0.011463643314812278,0.08668409281024664,1.335997651219368
2012-05-24,1.2561235427856445,1.2609800100326538,1.2519201040267944,1.2561235427856445,0,-0.008198335999705948,0.08716470001815757,1.3350636780261993
2012-05-25,1.2537612915039062,1.25979483127594,1.2506800889968872,1.2536041736602783,0,-0.002007683905399019,0.08527353069421682,1.3341695034503938
2012-05-28,1.256691813468933,1.2618694305419922,1.2526618242263794,1.2569130659103394,0,0.0026360258467293643,0.08711551594202767,1.333269438147545
2012-05-29,1.2525050640106201,1.2573871612548828,1.2475003004074097,1.2525050640106201,0,-0.003513170149624311,0.08427087114452086,1.3323514598608017
2012-05-30,1.2478163242340088,1.2485953569412231,1.2391574382781982,1.2478163242340088,0,-0.0037505140697335257,0.08384043847961786,1.3313719922304152
2012-05-31,1.2374706268310547,1.242919921875,1.234229564666748,1.2374706268310547,0,-0.008325603736317203,0.08525904647256136,1.3303531765937806
2012-06-01,1.2360938787460327,1.2446696758270264,1.2297006845474243,1.2362467050552368,0,-0.000989540607499971,0.08444219899209698,1.3293479204177856
2012-06-04,1.2399410009384155,1.2507003545761108,1.2388503551483154,1.2402331829071045,0,0.003219473991748515,0.08626106972029857,1.3283015543222427
2012-06-05,1.2510946989059448,1.2540128231048584,1.2412338256835938,1.2509382963180542,0,0.0085944941124048,0.0844113143165279,1.3272940814495087
2012-06-06,1.2462612390518188,1.2528095245361328,1.2444993257522583,1.2462612390518188,0,-0.0037458462319731444,0.07839091033270264,1.3263088184595109
2012-06-07,1.2575610876083374,1.262148141860962,1.2545477151870728,1.2573871612548828,0,0.008887825815465206,0.08651610887719184,1.3254084384441376
2012-06-08,1.256897211074829,1.257228970527649,1.244400143623352,1.2570710182189941,0,-0.0002514601675504715,0.0859357656102895,1.3245627534389497
2012-06-11,1.2645422220230103,1.26479971408844,1.248769998550415,1.2645422220230103,0,0.005925750663966395,0.08951908074072708,1.3238066202402115
2012-06-12,1.2478163242340088,1.252770185470581,1.2450354099273682,1.2478163242340088,0,-0.01331509384024409,0.09899177963090015,1.3230141443014145
2012-06-13,1.2504688501358032,1.2606000900268555,1.2476606369018555,1.2504688501358032,0,0.0021234780766652577,0.09883239373434984,1.3222648638486862
2012-06-14,1.2575610876083374,1.261670470237732,1.2543588876724243,1.2573871612548828,0,0.005517325267162982,0.09867748175425121,1.3215089511871339
2012-06-15,1.262785792350769,1.2648621797561646,1.2594902515411377,1.262785792350769,0,0.004284340363286039,0.10012587258349048,1.3208708077669145
2012-06-18,1.27048659324646,1.2724264860153198,1.2563492059707642,1.27048659324646,0,0.00607974464967934,0.10221936708223398,1.3204228329658507
2012-06-19,1.2596521377563477,1.2700024843215942,1.257228970527649,1.2597631216049194,0,-0.00847626681486473,0.10395703615430327,1.3198915141820908
2012-06-20,1.2680699825286865,1.2724264860153198,1.2663357257843018,1.2680699825286865,0,0.006572341197575767,0.10627603044652635,1.3193888294696807
2012-06-21,1.2682307958602905,1.270099401473999,1.2570710182189941,1.2680699825286865,0,0.0,0.09848949179695435,1.3188561379909516
2012-06-22,1.255020022392273,1.258130669593811,1.2526932954788208,1.255177617073059,0,-0.010218955642809488,0.10084494926359121,1.3181975018978118
2012-06-25,1.2539185285568237,1.2545477151870728,1.2475050687789917,1.2537612915039062,0,-0.0011290236798987073,0.1006742668910297,1.3176155853271485
2012-06-26,1.250296950340271,1.2526618242263794,1.2450973987579346,1.2504688501358032,0,-0.0026295053401312342,0.10059339838589808,1.3170651161670686
2012-06-27,1.248751163482666,1.250781774520874,1.2448649406433105,1.248751163482666,0,-0.001374578399849958,0.09998886184496306,1.3164619016647339
2012-06-28,1.2471938133239746,1.2523481845855713,1.2408487796783447,1.2473493814468384,0,-0.0011231776588813778,0.09920561187038783,1.3159056317806244
2012-06-29,1.2440905570983887,1.2691595554351807,1.2436264753341675,1.2440905570983887,0,-0.0026160182764403176,0.09506634202736564,1.3153856325149536
2012-07-02,1.2656625509262085,1.2666244506835938,1.257228970527649,1.2655184268951416,0,0.017077075094517676,0.111302536830145,1.3149397176504136
2012-07-03,1.2579724788665771,1.2624667882919312,1.2564393281936646,1.2581782341003418,0,-0.005817033089813545,0.11352877896398203,1.3144715690612794
2012-07-04,1.2605571746826172,1.2607160806655884,1.2510900497436523,1.2605571746826172,0,0.0018889965824749808,0.10996206475545973,1.313983183503151
2012-07-05,1.251877784729004,1.2537612915039062,1.236567735671997,1.2516272068023682,0,-0.0071093551558247935,0.11214201066579704,1.3134724885225295
2012-07-06,1.2391574382781982,1.2401301860809326,1.2283955812454224,1.2391574382781982,0,-0.010012806791382391,0.11281333244489486,1.3128753513097764
2012-07-09,1.227144479751587,1.2315407991409302,1.227144479751587,1.227144479751587,0,-0.009741754197162366,0.11705321935732955,1.312330600619316
2012-07-10,1.2318001985549927,1.2332006692886353,1.2236906290054321,1.2318304777145386,0,0.00381134718047147,0.11566429167417912,1.3118922287225723
2012-07-11,1.2256402969360352,1.2295993566513062,1.2233299016952515,1.2256402969360352,0,-0.005037857568511677,0.10808958361826848,1.3113553631305694
2012-07-12,1.2247397899627686,1.2247397899627686,1.2173298597335815,1.2247247695922852,0,-0.0007472579485057693,0.10754934317859023,1.310809029340744
2012-07-13,1.2190662622451782,1.225144863128662,1.2163097858428955,1.2192742824554443,0,-0.004460309563896552,0.10547593302021106,1.310190927386284
2012-07-16,1.2248897552490234,1.227400541305542,1.217730164527893,1.2248897552490234,0,0.0045950129266621766,0.10569459569243751,1.3096223837137222
2012-07-17,1.2268433570861816,1.2312238216400146,1.2192147970199585,1.2268433570861816,0,0.0015936500109216209,0.10276920380542659,1.3089388525485992
2012-07-18,1.2295585870742798,1.2306177616119385,1.2219994068145752,1.2295585870742798,0,0.002210738434247454,0.1004866786500615,1.3082637804746629
2012-07-19,1.2277470827102661,1.2321598529815674,1.223199725151062,1.2277470827102661,0,-0.0014743828693702388,0.0964754331578541,1.3075065344572068
2012-07-20,1.2277470827102661,1.2278977632522583,1.2148010730743408,1.2276867628097534,0,-4.913176596867201e-05,0.09646570855483795,1.3067772138118743
2012-07-23,1.2128562927246094,1.2134449481964111,1.207292079925537,1.2127091884613037,0,-0.012274862527051808,0.09902494982093987,1.3059012305736541
2012-07-24,1.2124298810958862,1.2137985229492188,1.2059904336929321,1.212415099143982,0,-0.0002425354611856021,0.09913004062505992,1.3050913041830063
2012-07-25,1.2061853408813477,1.2167004346847534,1.205545425415039,1.2061853408813477,0,-0.005151551233425392,0.09984350173443352,1.3042522120475768
2012-07-26,1.2140341997146606,1.2323496341705322,1.2121212482452393,1.2140341997146606,0,0.0064860945199821576,0.10381726989880805,1.3034398812055588
2012-07-27,1.2280486822128296,1.237700343132019,1.2245897054672241,1.2280486822128296,0,0.011477609095058215,0.11292947638375717,1.3026906049251556
2012-07-30,1.2303149700164795,1.2306177616119385,1.223199725151062,1.230466365814209,0,0.001966784285227875,0.11308729090622807,1.301919071674347
2012-07-31,1.2260912656784058,1.2324893474578857,1.2253400087356567,1.2259409427642822,0,-0.0036845910317584796,0.09355390147818594,1.3010876059532166
2012-08-01,1.2294074296951294,1.233500361442566,1.2281843423843384,1.2294074296951294,0,0.002823623134604158,0.09333319936621806,1.3002823776006698
2012-08-02,1.2241400480270386,1.2378382682800293,1.2137999534606934,1.2241400480270386,0,-0.00429369295542993,0.0932944560340469,1.299464607834816
2012-08-03,1.218026876449585,1.2391574382781982,1.2169891595840454,1.218026876449585,0,-0.005006360772785269,0.09194641227873519,1.2984677708148957
2012-08-06,1.2428536415100098,1.2428536415100098,1.2344155311584473,1.2428536415100098,0,0.020177824330586288,0.11295979897329284,1.2976120030879974
2012-08-07,1.2390038967132568,1.2440905570983887,1.2377402782440186,1.2390038967132568,0,-0.003102311736323295,0.10786677568542517,1.2968770152330398
2012-08-08,1.2386969327926636,1.240079402923584,1.2331064939498901,1.2386969327926636,0,-0.00024778126439503194,0.10719116002863496,1.296242510676384
2012-08-09,1.2372409105300903,1.2386969327926636,1.2269939184188843,1.237332820892334,0,-0.0011018543184398008,0.10559310549243285,1.2955841726064683
2012-08-10,1.2294074296951294,1.2315999269485474,1.2247397899627686,1.2294074296951294,0,-0.006425823283212942,0.10820577293302856,1.29481625020504
2012-08-13,1.227596402168274,1.2371643781661987,1.2263919115066528,1.2277169227600098,0,-0.0013760045967251909,0.10706000691260667,1.2940601849555968
2012-08-14,1.2327415943145752,1.2385435104370117,1.2318001985549927,1.2327415943145752,0,0.004084343226895655,0.1068179313211689,1.2933438533544541
2012-08-15,1.2325897216796875,1.2344155311584473,1.2267695665359497,1.2325897216796875,0,-0.0001232066733541915,0.10672233643474993,1.2925935626029967
2012-08-16,1.2289540767669678,1.2371001243591309,1.2258793115615845,1.2289540767669678,0,-0.002953957235042525,0.10700924644082012,1.2919749957323075
2012-08-17,1.2357884645462036,1.2383394241333008,1.22933030128479,1.2357884645462036,0,0.00554573565452952,0.10856186114472617,1.2913489019870759
2012-08-20,1.2333498001098633,1.2368431091308594,1.2297006845474243,1.233258605003357,0,-0.0020492605907647047,0.10886610733951052,1.2906216859817505
2012-08-21,1.2351778745651245,1.248751163482666,1.2347966432571411,1.2353304624557495,0,0.00167857661380693,0.09897585969894283,1.2899862563610076
2012-08-22,1.2476606369018555,1.2483599185943604,1.2434996366500854,1.2476606369018555,0,0.009931792186990203,0.10368506911978488,1.2894709968566895
2012-08-23,1.2534469366073608,1.2589004039764404,1.2527559995651245,1.2534469366073608,0,0.004626998126816065,0.10145114447466705,1.2890177112817764
2012-08-24,1.2561235427856445,1.256754994392395,1.2489196062088013,1.2561235427856445,0,0.0021331197630722566,0.10004493472295829,1.288569306731224
2012-08-27,1.2504533529281616,1.253619909286499,1.2491568326950073,1.250437617301941,0,-0.004536841412042091,0.0954439409209501,1.2880565100908279
2012-08-28,1.250156283378601,1.257228970527649,1.2468360662460327,1.250156283378601,0,-0.00022501368530915386,0.09542578762903088,1.2875651121139526
2012-08-29,1.257228970527649,1.257228970527649,1.2522101402282715,1.257228970527649,0,0.005641499164331914,0.09542632574481476,1.2870902973413467
2012-08-30,1.2531328201293945,1.2563997507095337,1.2495313882827759,1.2531328201293945,0,-0.0032633973706506884,0.09644565015333645,1.2866799485683442
2012-08-31,1.2510946989059448,1.2629005908966064,1.2496875524520874,1.2510946989059448,0,-0.0016277448098997063,0.09506546597253356,1.2862699109315872
2012-09-03,1.257703423500061,1.260299801826477,1.2561235427856445,1.257703423500061,0,0.00526845091391233,0.09348520782660376,1.2859017020463943
2012-09-04,1.2586532831192017,1.26262629032135,1.2559658288955688,1.2586532831192017,0,0.0007549483439738081,0.06432276684822391,1.2855364698171616
2012-09-05,1.2537612915039062,1.262148141860962,1.2504688501358032,1.2534469366073608,0,-0.00414502090738888,0.0651750609133241,1.2851416569948197
2012-09-06,1.2602394819259644,1.264222502708435,1.2564393281936646,1.2602394819259644,0,0.005404462387742879,0.06721057471098286,1.284720888733864
2012-09-07,1.2632642984390259,1.2801966667175293,1.262785792350769,1.2632642984390259,0,0.0023973159741334086,0.06704202229703811,1.284303748011589
2012-09-10,1.2795906066894531,1.2804096937179565,1.2773023843765259,1.2795906066894531,0,0.012841104350352605,0.07314206051797802,1.2839921826124192
2012-09-11,1.2761613130569458,1.2870012521743774,1.2760310173034668,1.2761613130569458,0,-0.002683590425237534,0.07401618641602359,1.283679638504982
2012-09-12,1.2851818799972534,1.2936609983444214,1.2846039533615112,1.2851818799972534,0,0.0070436513619412215,0.0758329917863682,1.2833995389938355
2012-09-13,1.2903226613998413,1.2931592464447021,1.2887096405029297,1.2903226613998413,0,0.003992063028549831,0.07573217388924464,1.2831492787599563
2012-09-14,1.299376368522644,1.3168100118637085,1.2985326051712036,1.299376368522644,0,0.006992120632000732,0.07507153725044168,1.282973443865776
2012-09-17,1.3116475343704224,1.3166210651397705,1.3087891340255737,1.3116475343704224,0,0.009399574000485786,0.07806956325675492,1.2828458487987517
2012-09-18,1.3109596967697144,1.3114066123962402,1.3043080568313599,1.3110111951828003,0,-0.0004852626786234526,0.07701709512184828,1.2828153717517852
2012-09-19,1.3046314716339111,1.3085579872131348,1.2997140884399414,1.3046314716339111,0,-0.004878140489867131,0.0815549706849866,1.282828960418701
2012-09-20,1.3058239221572876,1.3059945106506348,1.2923102378845215,1.3058239221572876,0,0.0009135958493321619,0.07720583750813019,1.2828640675544738
2012-09-21,1.2973533868789673,1.3044953346252441,1.2961763143539429,1.2973533868789673,0,-0.006507866478759256,0.0822134541602647,1.2828360068798066
2012-09-24,1.2968990802764893,1.2980270385742188,1.2894906997680664,1.2968486547470093,0,-0.0003891232295926891,0.08248646192525336,1.282801770567894
2012-09-25,1.2941633462905884,1.2970504760742188,1.2888091802597046,1.2941633462905884,0,-0.002072788097304648,0.08062766152005837,1.2827686911821365
2012-09-26,1.289989709854126,1.2913223505020142,1.284092664718628,1.2900062799453735,0,-0.0032173351848969363,0.08215018849005563,1.2826747339963913
2012-09-27,1.2881617546081543,1.2901561260223389,1.2836641073226929,1.2881617546081543,0,-0.0014308808636272067,0.0813002504000145,1.2825955331325531
2012-09-28,1.2913223505020142,1.2958402633666992,1.2842097282409668,1.2913223505020142,0,0.002450565575717097,0.0797806948663279,1.2825241333246231
2012-10-01,1.2806720733642578,1.2934937477111816,1.2806720733642578,1.2809016704559326,0,-0.00810251126769299,0.08583045951477158,1.2824061650037766
2012-10-02,1.2888258695602417,1.2959192991256714,1.2884937524795532,1.2888258695602417,0,0.006167365293188808,0.08643211436570958,1.2823250091075897
2012-10-03,1.2914891242980957,1.2938284873962402,1.2881617546081543,1.2916558980941772,0,0.002193411869076394,0.08648995471421927,1.2822472554445268
2012-10-04,1.2924906015396118,1.300980567932129,1.2913223505020142,1.2923235893249512,0,0.0005167929922704262,0.08431822075127818,1.2822452503442765
2012-10-05,1.301574945449829,1.3071895837783813,1.2997140884399414,1.3017443418502808,0,0.0072633363443466385,0.0856507898164023,1.282275945544243
2012-10-08,1.301574945449829,1.301574945449829,1.2940493822097778,1.301574945449829,0,-0.00013013878206721803,0.08578054769124427,1.2823037791252136
2012-10-09,1.2976900339126587,1.2993003129959106,1.2868356704711914,1.2976900339126587,0,-0.0029892407744781476,0.0762259957036757,1.2823217475414277
2012-10-10,1.2858428955078125,1.291205644607544,1.2839772701263428,1.2858428955078125,0,-0.009171333805507767,0.08284675321607501,1.2822229504585265
2012-10-11,1.2860082387924194,1.2951691150665283,1.2830382585525513,1.2858428955078125,0,0.0,0.07919958631342784,1.2821864527463913
2012-10-12,1.293326497077942,1.2990386486053467,1.2924906015396118,1.293326497077942,0,0.005803126070959652,0.08057921120467189,1.282255051136017
2012-10-15,1.2941633462905884,1.2980270385742188,1.289823293685913,1.2943308353424072,0,0.0007762529468751664,0.07667302548499369,1.2823865163326262
2012-10-16,1.2968486547470093,1.3061991930007935,1.2953367233276367,1.2968486547470093,0,0.0019433776831409243,0.06888349991170484,1.282482779622078
2012-10-17,1.3107877969741821,1.3137807846069336,1.3087291717529297,1.3107877969741821,0,0.01069111837891596,0.07911625701514104,1.2826607942581176
2012-10-18,1.3116475343704224,1.3128994703292847,1.3082600831985474,1.3116475343704224,0,0.0006556786485944823,0.07712148862052512,1.282857061624527
2012-10-19,1.3070186376571655,1.3079007863998413,1.301608681678772,1.3069161176681519,0,-0.0036137535535062447,0.07822144012028605,1.2829813855886458
2012-10-22,1.3022528886795044,1.30804443359375,1.3022528886795044,1.3022528886795044,0,-0.003574497430014742,0.07574852638661489,1.283169139623642
2012-10-23,1.3070186376571655,1.3071895837783813,1.295350193977356,1.3070186376571655,0,0.0036529385531968773,0.07665493361765775,1.2833707094192506
2012-10-24,1.2973533868789673,1.299899935722351,1.292370319366455,1.2973533868789673,0,-0.007422361367593739,0.08092571155342779,1.2834844774007796
2012-10-25,1.2965123653411865,1.3022003173828125,1.2944146394729614,1.2965123653411865,0,-0.0006484696183930339,0.08007680645047748,1.283534019589424
2012-10-26,1.2938284873962402,1.2956725358963013,1.2891747951507568,1.2938284873962402,0,-0.002072220651975511,0.08027594916152726,1.283520683646202
2012-10-29,1.2923235893249512,1.2936946153640747,1.2889920473098755,1.2924071550369263,0,-0.0010991515847128687,0.07996825182042569,1.2835403335094453
2012-10-30,1.2908222675323486,1.2983640432357788,1.2887760400772095,1.2908222675323486,0,-0.0012270591915616393,0.07450773695146234,1.2834809750318528
2012-10-31,1.2962435483932495,1.3019137382507324,1.294732928276062,1.2962603569030762,0,0.004204038424388151,0.07287454987333136,1.2834417569637298
2012-11-01,1.2965123653411865,1.29830002784729,1.2928247451782227,1.2965123653411865,0,0.00019439300386182352,0.07253934701737326,1.2833706372976303
2012-11-02,1.2948336601257324,1.295400619506836,1.283779501914978,1.2948336601257324,0,-0.0012956243078193113,0.07270442713604586,1.2832984179258347
2012-11-05,1.2825446128845215,1.284300446510315,1.2769924402236938,1.2827913761138916,0,-0.009343773012860858,0.07479609663800658,1.2831084018945693
2012-11-06,1.2802459001541138,1.2819000482559204,1.2768000364303589,1.2802459001541138,0,-0.0019862971328994785,0.07489471785400478,1.282939847111702
2012-11-07,1.2809016704559326,1.2876193523406982,1.2738691568374634,1.2808033227920532,0,0.0004353080305895034,0.074564614910273,1.282805351614952
2012-11-08,1.2755590677261353,1.2775993347167969,1.2724006175994873,1.2759984731674194,0,-0.0037584886622258284,0.06888790613761407,1.2826003313064576
2012-11-09,1.2743724584579468,1.2789359092712402,1.2693400382995605,1.274534821510315,0,-0.0011477221809470441,0.06892579975895305,1.2824044293165207
2012-11-12,1.2724264860153198,1.274047613143921,1.270147681236267,1.272394061088562,0,-0.0016810527694880474,0.06518522014950426,1.2822028249502182
2012-11-13,1.2709709405899048,1.2721998691558838,1.2666566371917725,1.2709709405899048,0,-0.0011190848708216385,0.06494638169456504,1.2819968605041503
2012-11-14,1.2711325883865356,1.2757998704910278,1.2706480026245117,1.2709709405899048,0,0.0,0.06423166539255853,1.281727443933487
2012-11-15,1.2729448080062866,1.2802459001541138,1.2720056772232056,1.273236632347107,0,0.0017810593602762183,0.04962209506406845,1.2814693558216095
2012-11-16,1.2782820463180542,1.2784454822540283,1.2693737745285034,1.2784454822540283,0,0.004082684996178389,0.05272040763021962,1.2812223583459854
2012-11-19,1.2759984731674194,1.281850814819336,1.2747459411621094,1.2759497165679932,0,-0.0019540958120791625,0.05208088133659239,1.2809837102890014
2012-11-20,1.2766826152801514,1.2823965549468994,1.2766826152801514,1.276943564414978,0,0.0007786051258752523,0.05170066235541272,1.280789480805397
2012-11-21,1.2813942432403564,1.2829904556274414,1.2742505073547363,1.281443476676941,0,0.0035177764975567074,0.051551452058266424,1.2806298476457596
2012-11-22,1.2865046262741089,1.2898998260498047,1.2837135791778564,1.2865046262741089,0,0.003941790057651514,0.04848893101928016,1.2805333364009857
2012-11-23,1.2874983549118042,1.2968504428863525,1.2869184017181396,1.2875149250030518,0,0.0007849969751179096,0.04865032674761328,1.280407508611679
2012-11-26,1.2973196506500244,1.2980270385742188,1.2946659326553345,1.2965964078903198,0,0.007028737624003663,0.05442045478928506,1.2802769088745116
2012-11-27,1.2990386486053467,1.3005592823028564,1.2921065092086792,1.298701286315918,0,0.001622071249715867,0.0544802165073018,1.2801680123806
2012-11-28,1.2938284873962402,1.2939958572387695,1.288259744644165,1.2938284873962402,0,-0.0037591118197992574,0.056018630723537466,1.2800155156850814
2012-11-29,1.2953367233276367,1.301100730895996,1.2939958572387695,1.2953367233276367,0,0.0011650365884301502,0.05417969523981808,1.2798643279075623
2012-11-30,1.2973533868789673,1.3028602600097656,1.2970168590545654,1.2973533868789673,0,0.0015556536819384401,0.05445648271721085,1.2796642780303955
2012-12-03,1.2997140884399414,1.3075997829437256,1.299511432647705,1.299680233001709,0,0.001791926548470343,0.05455908562455193,1.2794291257858277
2012-12-05,1.3099292516708374,1.312508225440979,1.3063528537750244,1.3099292516708374,0,0.00785486979982089,0.04898431191877017,1.279275460243225
2012-12-06,1.3070186376571655,1.3084791898727417,1.2979427576065063,1.3070186376571655,0,-0.0022244349806974668,0.049173627567775914,1.2790715545415878
2012-12-07,1.2963443994522095,1.2974039316177368,1.28823983669281,1.2963443994522095,0,-0.008200391470385832,0.05858918429615424,1.2788928264379502
2012-12-10,1.2906556129455566,1.2942638397216797,1.2888258695602417,1.2906056642532349,0,-0.004436687582816538,0.05926434343847992,1.2786845171451569
2012-12-11,1.2938284873962402,1.3007994890213013,1.2929919958114624,1.2938284873962402,0,0.0024940274152400973,0.05929872181381024,1.2785605716705322
2012-12-12,1.3012362718582153,1.305200219154358,1.2996971607208252,1.3013207912445068,0,0.005774099182791437,0.06109877238438198,1.2784542936086654
2012-12-13,1.3066771030426025,1.3100991249084473,1.3045207262039185,1.3066771030426025,0,0.004107610164108555,0.06142059918141515,1.2784259992837905
2012-12-14,1.3078734874725342,1.3120002746582031,1.3068478107452393,1.3078734874725342,0,0.0009151741165565272,0.06125449620491874,1.2783954095840455
2012-12-17,1.3166556358337402,1.3179693222045898,1.3147515058517456,1.3165863752365112,0,0.0066397813111627535,0.06392648822611849,1.2783408796787261
2012-12-18,1.316482424736023,1.3213896751403809,1.3157376050949097,1.316482424736023,0,-7.895767899669292e-05,0.0635095335345647,1.2783607506752015
2012-12-19,1.323101282119751,1.3306896686553955,1.3225239515304565,1.323101282119751,0,0.0050150872193668785,0.06346588864722463,1.27839211165905
2012-12-20,1.3213530778884888,1.3294336795806885,1.3206027746200562,1.3215277194976807,0,-0.0011900064672992097,0.06419908052105402,1.2784595280885696
2012-12-21,1.3238019943237305,1.3238019943237305,1.3169001340866089,1.323766827583313,0,0.0016928992825087793,0.06383467760467902,1.2785670977830887
2012-12-24,1.3182177543640137,1.3234516382217407,1.3172106742858887,1.3182003498077393,0,-0.004213894903889022,0.06618862101967561,1.2786187320947646
2012-12-25,1.3183915615081787,1.3203063011169434,1.317401647567749,1.3180439472198486,0,-0.00011865561036998284,0.06632683367313555,1.2786203813552857
2012-12-26,1.3182177543640137,1.3252054452896118,1.3175230026245117,1.3180439472198486,0,0.0,0.06280754737694674,1.2785959696769715
2012-12-27,1.3227514028549194,1.3285505771636963,1.3214927911758423,1.3225764036178589,0,0.0034328757995704495,0.06342322197477554,1.278590017557144
2012-12-28,1.3248542547225952,1.3257324695587158,1.3166383504867554,1.3250298500061035,0,0.0018533322975444059,0.061205760700387746,1.2786057817935943
2012-12-31,1.3227514028549194,1.3234516382217407,1.3176966905593872,1.3227688074111938,0,-0.0017078663728159408,0.06199188608168247,1.278617222905159
2013-01-01,1.3201320171356201,1.3224014043807983,1.319591999053955,1.3201320171356201,0,-0.001995376539259237,0.0628044816197798,1.2785763651132585
2013-01-02,1.3197835683822632,1.3298048973083496,1.3194352388381958,1.3197835683822632,0,-0.000263984770794928,0.06281104271215372,1.278495256304741
2013-01-03,1.3183915615081787,1.318913221359253,1.3089004755020142,1.3182177543640137,0,-0.0011871216201709736,0.057472341915635286,1.2784219884872436
2013-01-04,1.3031013011932373,1.306380033493042,1.3000519275665283,1.3032711744308472,0,-0.011403246248573008,0.06998626133387008,1.2782752311229706
2013-01-07,1.3068478107452393,1.3099292516708374,1.302059531211853,1.3067454099655151,0,0.002662234107940564,0.06408357152602304,1.27815205514431
2013-01-08,1.3123359680175781,1.3138188123703003,1.306762456893921,1.312508225440979,0,0.004400356419408042,0.06301634046593357,1.2780354619026184
2013-01-09,1.3083868026733398,1.3095004558563232,1.3039000034332275,1.3082326650619507,0,-0.003262866762420411,0.06421213451434643,1.2779099583625793
2013-01-10,1.3053637742996216,1.3215975761413574,1.304103970527649,1.305483102798462,0,-0.002103949719068507,0.061857209593905754,1.2778247541189194
2013-01-11,1.327316164970398,1.3362106084823608,1.3252054452896118,1.327316164970398,0,0.016585816427728228,0.08329829173739667,1.2778893053531646
2013-01-14,1.3360053300857544,1.3403029441833496,1.333840250968933,1.3362016677856445,0,0.006672030251265356,0.08579513844155282,1.2780377817153932
2013-01-15,1.3377926349639893,1.3394052982330322,1.331079363822937,1.3377926349639893,0,0.0011899556887180166,0.08333950084579478,1.2781872069835662
2013-01-16,1.331026315689087,1.3327007293701172,1.326084017753601,1.330849051475525,0,-0.0052038452318998365,0.08584351949160347,1.2782857948541642
2013-01-17,1.32908034324646,1.3376137018203735,1.3271048069000244,1.32908034324646,0,-0.0013298913070807386,0.08445694510530284,1.278394394516945
2013-01-18,1.3372559547424316,1.3397642374038696,1.329734206199646,1.3372559547424316,0,0.0061324875816171605,0.08670176303704978,1.2785207164287566
2013-01-21,1.331912636756897,1.3331555128097534,1.3301303386688232,1.3320013284683228,0,-0.0039371499292233485,0.08796200413153833,1.278586156964302
2013-01-22,1.331026315689087,1.3373006582260132,1.3271805047988892,1.3311502933502197,0,-0.000639118809533329,0.08651274353240274,1.278713641166687
2013-01-23,1.3315579891204834,1.335800051689148,1.327400803565979,1.331398367881775,0,0.0001863436607826252,0.08649324303173975,1.278807230591774
2013-01-24,1.330849051475525,1.3377926349639893,1.3288700580596924,1.330849051475525,0,-0.00041267119656229377,0.0865339056886642,1.2788937628269195
2013-01-25,1.3368983268737793,1.3479105234146118,1.335327386856079,1.3369340896606445,0,0.004561876596430402,0.08710902362977764,1.2790184754133225
2013-01-28,1.346619963645935,1.347550868988037,1.3427594900131226,1.3466018438339233,0,0.00720526666208905,0.0900683795949679,1.2791785913705827
2013-01-29,1.3448090553283691,1.3491816520690918,1.3417415618896484,1.3446282148361206,0,-0.0014667117329918023,0.089988658351296,1.2792993295192718
2013-01-30,1.34916353225708,1.3576995134353638,1.3483631610870361,1.34916353225708,0,0.0033672400333745137,0.08982162716767786,1.2794691413640975
2013-01-31,1.3568521738052368,1.359000325202942,1.354400634765625,1.3568336963653564,0,0.005669026242172078,0.09108232529701403,1.279654392004013
2013-02-01,1.3610997200012207,1.3693002462387085,1.3588895797729492,1.3610997200012207,0,0.0031391697187494287,0.09081538948012949,1.2798435086011886
2013-02-04,1.3647218942642212,1.36481511592865,1.354830026626587,1.3648709058761597,0,0.002766859073976453,0.07772160863294943,1.2800724267959596
2013-02-05,1.3510775566101074,1.3569073677062988,1.3464386463165283,1.3511687517166138,0,-0.010089889790595784,0.08856206533355263,1.2802075082063675
2013-02-06,1.3583265542984009,1.359619379043579,1.35023832321167,1.3581420183181763,0,0.005147642770956367,0.08889785173316266,1.2803783321380615
2013-02-07,1.3522651195526123,1.3575594425201416,1.3373703956604004,1.3523930311203003,0,-0.0042419638290926475,0.08963812235523863,1.2805204111337662
2013-02-08,1.3385447263717651,1.342799186706543,1.3365410566329956,1.3389389514923096,0,-0.009998165808551313,0.09754924899787516,1.280641348361969
2013-02-11,1.3367197513580322,1.3411099910736084,1.3360053300857544,1.3368269205093384,0,-0.0015786369380713376,0.08021676493243525,1.2807474011182785
2013-02-12,1.3403029441833496,1.3473457098007202,1.3368269205093384,1.340356707572937,0,0.0026369420998443764,0.07737082356064656,1.2809640163183211
2013-02-13,1.3451708555221558,1.3518098592758179,1.3431200981140137,1.3452069759368896,0,0.0036121084503193085,0.07823205723381427,1.2811592257022857
2013-02-14,1.3444474935531616,1.345532774925232,1.3320298194885254,1.3444474935531616,0,-0.0005647434735789681,0.07575872632310826,1.2813837373256682
2013-02-15,1.3352917432785034,1.3389999866485596,1.3309376239776611,1.3352917432785034,0,-0.006833340927921165,0.07971459380343583,1.2815918910503388
2013-02-18,1.3342229127883911,1.3374348878860474,1.332549810409546,1.3344007730484009,0,-0.0006674703230669799,0.07678853669696246,1.281796426177025
2013-02-19,1.334935188293457,1.3372005224227905,1.3331555128097534,1.3347214460372925,0,0.0002402834820688379,0.07551249129519151,1.2820200848579406
2013-02-20,1.3395847082138062,1.3433998823165894,1.3365052938461304,1.3395847082138062,0,0.003637031257409674,0.0764344347205373,1.2823019939661027
2013-02-21,1.327316164970398,1.3289036750793457,1.3171707391738892,1.327316164970398,0,-0.009200664271603936,0.08322669023423877,1.2825707703828813
2013-02-22,1.3194352388381958,1.3243296146392822,1.3149001598358154,1.3194352388381958,0,-0.0059551867332724336,0.08563019351886354,1.2828025740385056
2013-02-25,1.3194352388381958,1.3312033414840698,1.3182872533798218,1.319591999053955,0,0.00011880151420411266,0.0837420126685906,1.2830513280630111
2013-02-26,1.3065063953399658,1.3115957975387573,1.3020002841949463,1.3065063953399658,0,-0.009965896210080764,0.08464079167273217,1.2831973481178283
2013-02-27,1.3069332838058472,1.3126115798950195,1.304291009902954,1.3065917491912842,0,6.532770422518989e-05,0.08480079729738997,1.2833249777555467
2013-02-28,1.3150973320007324,1.3160008192062378,1.3059945106506348,1.3150973320007324,0,0.006488650933249562,0.08763814197519351,1.283568144440651
2013-03-01,1.306165099143982,1.3099995851516724,1.2970504760742188,1.3059945106506348,0,-0.006945851952969497,0.08602775036201676,1.2838174992799758
2013-03-04,1.3017443418502808,1.3029316663742065,1.2983640432357788,1.3016934394836426,0,-0.003298765151000186,0.08422482880080633,1.2840579456090928
2013-03-05,1.3035939931869507,1.3073604106903076,1.3014055490493774,1.3036110401153564,0,0.0014720743721258502,0.08339257767712709,1.2842914354801178
2013-03-06,1.3048017024993896,1.3070391416549683,1.2989999055862427,1.3048527240753174,0,0.0009520424019637552,0.0788562691798454,1.2845531737804412
2013-03-07,1.297858476638794,1.3113206624984741,1.2976733446121216,1.297858476638794,0,-0.0053745988191833995,0.07577304509031554,1.2848033845424651
2013-03-08,1.311131477355957,1.3134305477142334,1.2959998846054077,1.311131477355957,0,0.010174907119175859,0.08648726608838306,1.2851716887950897
2013-03-11,1.2988699674606323,1.3024225234985352,1.2985326051712036,1.2988024950027466,0,-0.009447805340505221,0.08582237562906976,1.2854844677448272
2013-03-12,1.3032373189926147,1.3073005676269531,1.2993797063827515,1.3032711744308472,0,0.0034347096884790665,0.08746851361114254,1.285799657702446
2013-03-13,1.3029316663742065,1.3065063953399658,1.2925074100494385,1.3029316663742065,0,-0.000260538476319298,0.08643237540508497,1.2860596245527267
2013-03-14,1.2958402633666992,1.2980101108551025,1.2912806272506714,1.2958402633666992,0,-0.005457516704327802,0.08557966142278188,1.2863075196743012
2013-03-15,1.3012362718582153,1.3104099035263062,1.3003901243209839,1.3012362718582153,0,0.004155454167862972,0.08795364456459144,1.2865267652273178
2013-03-18,1.289823293685913,1.2973601818084717,1.2882447242736816,1.2892745733261108,0,-0.009235076987730174,0.09013595355331946,1.2866877830028534
2013-03-19,1.2944984436035156,1.2965123653411865,1.2889920473098755,1.2944984436035156,0,0.004043603955159299,0.09224879763598852,1.286837564110756
2013-03-20,1.2865046262741089,1.2972304821014404,1.2865046262741089,1.2863887548446655,0,-0.006284440059350325,0.0935066613959716,1.2870304262638093
2013-03-21,1.2939958572387695,1.2956725358963013,1.288500428199768,1.2941633462905884,0,0.006025543886735387,0.0955854966004866,1.2872488987445831
2013-03-22,1.2904890775680542,1.3003901243209839,1.2889920473098755,1.2904890775680542,0,-0.0028431453016186975,0.09171005923938023,1.287414408326149
2013-03-25,1.3024225234985352,1.3048017024993896,1.2867363691329956,1.302405595779419,0,0.009191736350872682,0.09696502709085973,1.2876125073432922
2013-03-26,1.2860082387924194,1.2886996269226074,1.2834597826004028,1.2858428955078125,0,-0.01279855965292542,0.10566208013905758,1.287689288854599
2013-03-27,1.286041259765625,1.2868356704711914,1.2756305932998657,1.2860082387924194,0,0.0001285792032281428,0.10082637987327456,1.2878205144405366
2013-03-28,1.2774654626846313,1.284521460533142,1.275835633277893,1.277791976928711,0,-0.0064094619706589395,0.10264261446793128,1.2878691244125366
2013-03-29,1.2813942432403564,1.2835322618484497,1.2794922590255737,1.2815911769866943,0,0.002968842584348151,0.10007245194225134,1.2879367303848266
2013-04-01,1.2805572748184204,1.2866535186767578,1.277432918548584,1.2805737257003784,0,-0.0007942122216494621,0.0978895721618227,1.2880637109279633
2013-04-02,1.2850167751312256,1.2878299951553345,1.2814303636550903,1.2850167751312256,0,0.0034635721258691036,0.09863307232667692,1.2882199883460999
2013-04-03,1.2820513248443604,1.2863390445709229,1.2792631387710571,1.2820513248443604,0,-0.002310380161702017,0.09849530474295928,1.2883779007196425
2013-04-04,1.2850167751312256,1.2880804538726807,1.274980068206787,1.2850167751312256,0,0.0023103801617020657,0.09891025090103454,1.2885592287778855
2013-04-05,1.292657732963562,1.3041210174560547,1.2901394367218018,1.2928247451782227,0,0.006057776525567641,0.10006687499052234,1.2887866055965425
2013-04-08,1.2992074489593506,1.3034002780914307,1.2969160079956055,1.2992074489593506,0,0.004924874541507465,0.09472857468705341,1.2890621900558472
2013-04-09,1.3029316663742065,1.309800624847412,1.3009297847747803,1.3029316663742065,0,0.002862429557109776,0.08942084462387645,1.2892492562532425
2013-04-10,1.30804443359375,1.311991572380066,1.30565345287323,1.3080273866653442,0,0.00390333717036839,0.08965210367243447,1.2894985020160674
2013-04-11,1.3053126335144043,1.3140000104904175,1.3046314716339111,1.3055341243743896,0,-0.0019079428869484103,0.08993377859227462,1.2897233867645264
2013-04-12,1.311475396156311,1.3126804828643799,1.3040393590927124,1.311475396156311,0,0.004540512323350586,0.0888180634239151,1.290022627711296
2013-04-15,1.3096890449523926,1.3109596967697144,1.3056193590164185,1.3099292516708374,0,-0.0011796306732325752,0.08802450009523555,1.2903764867782592
2013-04-16,1.305193305015564,1.3147342205047607,1.303118348121643,1.3054660558700562,0,-0.003413021443032482,0.08218040289949802,1.2907680946588516
2013-04-17,1.3178702592849731,1.319710373878479,1.3039000034332275,1.3178702592849731,0,0.009456885713221962,0.08703905564753023,1.291198293566704
2013-04-18,1.303441047668457,1.3087806701660156,1.3024225234985352,1.3034920692443848,0,-0.010970123494505981,0.09317692566152296,1.2915875524282456
2013-04-19,1.3053126335144043,1.3117094039916992,1.3051422834396362,1.3053126335144043,0,0.0013957078225384414,0.09115664320669406,1.2919904917478562
2013-04-22,1.3058239221572876,1.3084039688110352,1.30180025100708,1.3055682182312012,0,0.00019578428287324982,0.09039547355130374,1.292421961426735
2013-04-23,1.3059945106506348,1.308215618133545,1.2974375486373901,1.306165099143982,0,0.0004570764704050366,0.08476682124084149,1.2928283381462098
2013-04-24,1.299376368522644,1.3030997514724731,1.2961997985839844,1.2994438409805298,0,-0.005159080449683407,0.07345349746409079,1.2931913405656814
2013-04-25,1.3017443418502808,1.309260368347168,1.2993255853652954,1.3017443418502808,0,0.00176880818137652,0.07356837068755939,1.2935522693395614
2013-04-26,1.3007283210754395,1.3046314716339111,1.299349308013916,1.3007283210754395,0,-0.0007808119108683959,0.06929074339813772,1.2939171755313874
2013-04-29,1.304291009902954,1.3115270137786865,1.303441047668457,1.3042571544647217,0,0.0027092938375022375,0.06919637636470877,1.294300027489662
2013-04-30,1.3095861673355103,1.3186001777648926,1.305977463722229,1.3095861673355103,0,0.0040775361015878255,0.0698065360149009,1.2947844123840333
2013-05-01,1.3168984651565552,1.3241524696350098,1.3162050247192383,1.3168290853500366,0,0.005515454091312861,0.07104509532162669,1.2953064823150635
2013-05-02,1.3182177543640137,1.3217006921768188,1.3044612407684326,1.3182177543640137,0,0.0010539995886262228,0.06991869657882807,1.295866644382477
2013-05-03,1.3065063953399658,1.3150973320007324,1.3037469387054443,1.3065063953399658,0,-0.008923937204134204,0.0782566249133698,1.2963290053606034
2013-05-06,1.3123359680175781,1.3138878345489502,1.305680751800537,1.3123359680175781,0,0.004452029941140388,0.07708353285946892,1.2967504417896272
2013-05-07,1.3075313568115234,1.3133012056350708,1.3068478107452393,1.3070186376571655,0,-0.004060036509057848,0.07718179571407618,1.2971332031488418
2013-05-08,1.3077024221420288,1.3189705610275269,1.3075313568115234,1.3077024221420288,0,0.0005230267281386599,0.07662102976741127,1.2975420105457305
2013-05-09,1.3161357641220093,1.317800760269165,1.308910846710205,1.3161357641220093,0,0.006428270664547212,0.07864206582608928,1.297975652217865
2013-05-10,1.303441047668457,1.3051422834396362,1.2937798500061035,1.303441047668457,0,-0.009692264624364979,0.08569551102334623,1.298372157216072
2013-05-13,1.2968990802764893,1.2995991706848145,1.2944196462631226,1.2965291738510132,0,-0.005316899434552162,0.08580716564199634,1.2987646687030792
2013-05-14,1.298751950263977,1.302592158317566,1.2948001623153687,1.2988024950027466,0,0.0017518545012306938,0.08613460490033498,1.299044412970543
2013-05-15,1.2936946153640747,1.2941968441009521,1.284422516822815,1.2937111854553223,0,-0.003927706249768594,0.08637909156730439,1.2993179494142533
2013-05-16,1.2883940935134888,1.2927396297454834,1.2848351001739502,1.2882447242736816,0,-0.004234363049165181,0.07936834573495392,1.2995656883716584
2013-05-17,1.2883278131484985,1.289000391960144,1.2799999713897705,1.2883278131484985,0,6.449566130111644e-05,0.0707888713566553,1.2998206633329392
2013-05-20,1.2830052375793457,1.2877006530761719,1.2821663618087769,1.2835652828216553,0,-0.0037035254520621902,0.07121893744859613,1.3000914525985718
2013-05-21,1.2891913652420044,1.2916992902755737,1.284505009651184,1.2891082763671875,0,0.004309137552953992,0.07333755913061822,1.3003984093666077
2013-05-22,1.2920230627059937,1.2997006177902222,1.2866899967193604,1.2919062376022339,0,0.0021681104975852144,0.0738869965677096,1.300694232583046
2013-05-23,1.2843894958496094,1.2951992750167847,1.282450795173645,1.2842081785202026,0,-0.005976506282108431,0.07458426094382294,1.3009523248672485
2013-05-24,1.2924405336380005,1.2990050315856934,1.2906056642532349,1.2925074100494385,0,0.0064417355681352755,0.07809784303020126,1.3012700915336608
2013-05-27,1.2936946153640747,1.2951992750167847,1.2916558980941772,1.2937781810760498,0,0.000982699770850516,0.07821101510884305,1.30156004011631
2013-05-28,1.2936946153640747,1.2946995496749878,1.285490870475769,1.2933933734893799,0,-0.0002974735779145312,0.07746505783809472,1.3018607139587401
2013-05-29,1.284703016281128,1.2968990802764893,1.2839707136154175,1.2846370935440063,0,-0.0067930257062580645,0.07869410050198816,1.3021072471141815
2013-05-30,1.2947665452957153,1.3061002492904663,1.2935941219329834,1.294783353805542,0,0.007867125813207816,0.0814878174104467,1.3023428606987
2013-05-31,1.3043080568313599,1.3049379587173462,1.2946794033050537,1.3043931722640991,0,0.007394543733594915,0.08613688553805779,1.3025975918769837
2013-06-03,1.299511432647705,1.310360074043274,1.295706033706665,1.2996464967727661,0,-0.0036456286015574156,0.08144730643998534,1.3028152066469192
2013-06-04,1.3072919845581055,1.3098194599151611,1.304479956626892,1.3072919845581055,0,0.005865508342304203,0.0826144532848601,1.3030994784832002
2013-06-05,1.3072919845581055,1.3112106323242188,1.3056875467300415,1.3073433637619019,0,3.930123857307964e-05,0.08140227874770424,1.3033854138851166
2013-06-06,1.309311866760254,1.327199935913086,1.3076168298721313,1.3093289136886597,0,0.0015176148155457577,0.08155374857554556,1.3036459136009215
2013-06-07,1.3243805170059204,1.3275099992752075,1.3194701671600342,1.3245558738708496,0,0.011562487392139139,0.08826880564693396,1.304003028869629
2013-06-10,1.3224014043807983,1.3240596055984497,1.3180596828460693,1.3224014043807983,0,-0.0016278842001214964,0.08087270038907073,1.3043595623970032
2013-06-11,1.3224014043807983,1.331611156463623,1.3180596828460693,1.3224014043807983,0,0.0,0.07794290136246074,1.3046830523014068
2013-06-12,1.3224014043807983,1.3359695672988892,1.3180596828460693,1.3224014043807983,0,0.0,0.07794948347331823,1.305001792907715
2013-06-13,1.3339380025863647,1.3388994932174683,1.3281199932098389,1.3339558839797974,0,0.008699546948616884,0.08041654120736111,1.305404337644577
2013-06-14,1.336755394935608,1.337095022201538,1.3299287557601929,1.3367911577224731,0,0.002123207300073294,0.07771579839091505,1.3057870960235596
2013-06-17,1.3350956439971924,1.3360999822616577,1.3319693803787231,1.3348639011383057,0,-0.0014427438243390341,0.07830365811511932,1.306145094037056
2013-06-18,1.3363444805145264,1.3412556648254395,1.3328534364700317,1.3363088369369507,0,0.0010818738294116166,0.0758675174296705,1.3064286851882934
2013-06-19,1.33879554271698,1.3413403034210205,1.3386164903640747,1.3389928340911865,0,0.002006501235949165,0.07537064080135569,1.3067428427934646
2013-06-20,1.3287447690963745,1.3301055431365967,1.3164701461791992,1.329186201095581,0,-0.007350838923890919,0.08174144829222486,1.3069628643989564
2013-06-21,1.3236967325210571,1.325398564338684,1.3111608028411865,1.323556661605835,0,-0.004244322372817905,0.07998535194252414,1.3071290343999862
2013-06-24,1.3104099035263062,1.3122997283935547,1.3062999248504639,1.3105300664901733,0,-0.009890867430486087,0.08682689562957306,1.3071848028898239
2013-06-25,1.313094139099121,1.314941644668579,1.3067795038223267,1.313232183456421,0,0.002059727722364065,0.08695748441730351,1.3071927261352538
2013-06-26,1.30804443359375,1.308746337890625,1.298709750175476,1.3079760074615479,0,-0.0040105040554759604,0.08843854470959749,1.3071775501966476
2013-06-27,1.301456332206726,1.3049992322921753,1.3004307746887207,1.301337718963623,0,-0.005088159965166926,0.08684164704988818,1.3071610814332961
2013-06-28,1.303475022315979,1.3099979162216187,1.2992581129074097,1.3035939931869507,0,0.0017323101231719836,0.08289725396507257,1.3071499317884445
2013-07-01,1.3013885021209717,1.3065695762634277,1.3008298873901367,1.3014055490493774,0,-0.0016801881281958578,0.07901269400945367,1.3071701925992967
2013-07-02,1.3069161176681519,1.3078100681304932,1.2994945049285889,1.306762456893921,0,0.004107799317410856,0.07920493821326591,1.3072197616100312
2013-07-03,1.2978248596191406,1.3030096292495728,1.292669415473938,1.2978922128677368,0,-0.006811097394825702,0.08006935498781896,1.307238405942917
2013-07-04,1.3009145259857178,1.3023037910461426,1.2886996269226074,1.3010838031768799,0,0.0024560379886374474,0.08065054378985187,1.3072937935590745
2013-07-05,1.2906056642532349,1.2908055782318115,1.28109872341156,1.2907721996307373,0,-0.007956968242132212,0.08464520098402505,1.3073068457841872
2013-07-08,1.2827913761138916,1.287697434425354,1.281320333480835,1.2829065322875977,0,-0.006112411572627294,0.07389766611581967,1.3072647666931152
2013-07-09,1.2870012521743774,1.2896901369094849,1.2762998342514038,1.2871006727218628,0,0.003263916264117598,0.07572907286209445,1.307295761704445
2013-07-10,1.2783310413360596,1.2860000133514404,1.2767152786254883,1.278183937072754,0,-0.006951877016797796,0.07803279932214008,1.3072425520420075
2013-07-11,1.317644476890564,1.317644476890564,1.3008891344070435,1.3187741041183472,0,0.031262324758573094,0.13817726234182234,1.3073781430721283
2013-07-12,1.3097920417785645,1.3101009130477905,1.3000603914260864,1.3097747564315796,0,-0.006847415305516424,0.13613915569147622,1.3074653989076614
2013-07-15,1.3060967922210693,1.3081128597259521,1.2997479438781738,1.3059945106506348,0,-0.0028903531058660607,0.13585723993476065,1.3074866497516633
2013-07-16,1.3061139583587646,1.3152892589569092,1.3054488897323608,1.3058750629425049,0,-9.146529322965793e-05,0.13589615878240485,1.3075081503391266
2013-07-17,1.3153048753738403,1.3172800540924072,1.308749794960022,1.3151146173477173,0,0.0070504609375198765,0.13861901983714897,1.3075952732563019
2013-07-18,1.3116302490234375,1.3125253915786743,1.307172417640686,1.3116990327835083,0,-0.0026005548501486573,0.13837845236358354,1.3077245539426803
2013-07-19,1.310994029045105,1.3149296045303345,1.3090547323226929,1.3110626935958862,0,-0.00048524362217734567,0.13642622152911688,1.3078506529331206
2013-07-22,1.315598964691162,1.321880578994751,1.3144991397857666,1.3159972429275513,0,0.0037567130208616788,0.13658828875836262,1.3079640066623688
2013-07-23,1.3190349340438843,1.3226988315582275,1.316482424736023,1.3190349340438843,0,0.0023056207727168657,0.13223188207837938,1.308087527155876
2013-07-24,1.3222615718841553,1.32550048828125,1.3191393613815308,1.3223315477371216,0,0.0024961438919357277,0.1323133430489341,1.3082149416208266
2013-07-25,1.3190523386001587,1.3239001035690308,1.3168394565582275,1.319087266921997,0,-0.002456469552285838,0.13177961184639103,1.3082564389705658
2013-07-26,1.3275980949401855,1.3297996520996094,1.3253810405731201,1.3274219036102295,0,0.006298609757837202,0.13170478998441632,1.3083353108167648
2013-07-29,1.3286564350128174,1.3297005891799927,1.3241596221923828,1.3287447690963745,0,0.000996071224831133,0.13167402905677808,1.308444454073906
2013-07-30,1.326400637626648,1.3300206661224365,1.3237897157669067,1.3263654708862305,0,-0.0017922410988432727,0.1317023711116542,1.3085650169849397
2013-07-31,1.3266470432281494,1.3299003839492798,1.3218002319335938,1.3264886140823364,0,9.283827323340583e-05,0.1312054426038086,1.3086623668670654
2013-08-01,1.3301055431365967,1.33109712600708,1.3198497295379639,1.3301409482955933,0,0.0027496016501841825,0.1284479010016989,1.3088263046741486
2013-08-02,1.3212658166885376,1.3294000625610352,1.3191741704940796,1.3211959600448608,0,-0.006747556043127298,0.13121269379136813,1.308949722647667
2013-08-05,1.3279154300689697,1.3301993608474731,1.3237406015396118,1.3278977870941162,0,0.005059723804918386,0.12806375435882159,1.3091200691461564
2013-08-06,1.3259083032608032,1.3322906494140625,1.3247401714324951,1.3257501125335693,0,-0.0016186586244294973,0.12568831910434147,1.3092867839336395
2013-08-07,1.3306188583374023,1.3332995176315308,1.3267173767089844,1.3308136463165283,0,0.0038120974119779535,0.12579601918173366,1.3094867408275603
2013-08-08,1.3338313102722168,1.339699625968933,1.3329956531524658,1.334098219871521,0,0.0024650535425876047,0.12190833687914673,1.3096759301424026
2013-08-09,1.3379000425338745,1.3392008543014526,1.3334897756576538,1.3380074501037598,0,0.0029259569074284375,0.06024305084423507,1.3098834055662154
2013-08-12,1.3339380025863647,1.334115982055664,1.3278801441192627,1.3339380025863647,0,-0.003046058189412581,0.0555035024325571,1.3100789272785187
2013-08-13,1.3293983936309814,1.3316093683242798,1.3234305381774902,1.3292922973632812,0,-0.00348877822192013,0.05605043108842387,1.3103114318847657
2013-08-14,1.3266997337341309,1.3280000686645508,1.3239490985870361,1.326559066772461,0,-0.0020582714775905335,0.05687122513963817,1.3105429977178573
2013-08-15,1.3265942335128784,1.3307074308395386,1.3209097385406494,1.3264182806015015,0,-0.00010613446905685383,0.052080459499475276,1.3107710725069046
2013-08-16,1.3350956439971924,1.3380002975463867,1.3319392204284668,1.33539879322052,0,0.006747681335261716,0.05524865158862093,1.31106807410717
2013-08-19,1.3329956531524658,1.3373990058898926,1.3316820859909058,1.332906723022461,0,-0.0018679052360929733,0.05587461505344008,1.3113599336147308
2013-08-20,1.3336000442504883,1.3450206518173218,1.3324273824691772,1.3333866596221924,0,0.0003600028474276832,0.05482894678240237,1.311664896607399
2013-08-21,1.3421016931533813,1.3426964282989502,1.3358608484268188,1.3421016931533813,0,0.0065147466223815205,0.05828435404484883,1.3120205503702165
2013-08-22,1.3342584371566772,1.336683988571167,1.3301764726638794,1.334294080734253,0,-0.0058344394676827635,0.062282738004969106,1.3123371660709382
2013-08-23,1.3356306552886963,1.3410003185272217,1.333653450012207,1.335505723953247,0,0.0009076660355220502,0.06140310897444994,1.3126485115289688
2013-08-26,1.3388673067092896,1.339209794998169,1.3358893394470215,1.33865225315094,0,0.002353287035953543,0.05821917068682745,1.3129495453834534
2013-08-27,1.3377926349639893,1.3399975299835205,1.3326705694198608,1.3379179239273071,0,-0.0005487091265873901,0.058266196127094376,1.31325938642025
2013-08-28,1.3392080068588257,1.3397642374038696,1.3308296203613281,1.3392080068588257,0,0.0009637821041912405,0.05778295446284516,1.3135707086324693
2013-08-29,1.3335822820663452,1.334098219871521,1.3221217393875122,1.3334933519363403,0,-0.004276320369498135,0.06006865830663977,1.3138309580087661
2013-08-30,1.3237143754959106,1.3253458738327026,1.3179206848144531,1.3236267566680908,0,-0.007426567270852635,0.06488532152916966,1.3140165686607361
2013-09-02,1.3207945823669434,1.3229000568389893,1.3186348676681519,1.3208295106887817,0,-0.00211555551673276,0.060887112741697426,1.3141831415891647
2013-09-03,1.3190349340438843,1.3196965456008911,1.314300537109375,1.319000244140625,0,-0.0013858975849495054,0.0581532293678184,1.3142951607704163
2013-09-04,1.3172974586486816,1.3218107223510742,1.3160908222198486,1.317401647567749,0,-0.0012127109859999992,0.05805593817339392,1.3143886625766754
2013-09-05,1.3200970888137817,1.3220866918563843,1.3112002611160278,1.320062279701233,0,0.002017569232703299,0.05677271742624845,1.3145198315382003
2013-09-06,1.3119227886199951,1.318704605102539,1.3106194734573364,1.3118367195129395,0,-0.006250685890698153,0.059232224459409066,1.3146023315191269
2013-09-09,1.3172106742858887,1.3263003826141357,1.316759705543518,1.3174188137054443,0,0.004246146872347496,0.060443135388161935,1.3147026586532593
2013-09-10,1.3255919218063354,1.3278007507324219,1.3231993913650513,1.3258028030395508,0,0.006343786989198022,0.06453963012621482,1.3148332715034485
2013-09-11,1.3268582820892334,1.331419587135315,1.3246804475784302,1.326629400253296,0,0.0006232749244094438,0.06353689489112879,1.3149167722463608
2013-09-12,1.3315047025680542,1.3323917388916016,1.3269498348236084,1.3315579891204834,0,0.0037082370751209356,0.06442627279380424,1.3150394690036773
2013-09-13,1.3299994468688965,1.3319499492645264,1.3257008790969849,1.3298933506011963,0,-0.0012509255469101393,0.06461191880951751,1.3152072137594224
2013-09-16,1.3357733488082886,1.3386002779006958,1.3341693878173828,1.3359339237213135,0,0.004531864098348325,0.062159426405037445,1.3154338550567628
2013-09-17,1.3334755897521973,1.3370002508163452,1.3326935768127441,1.3337956666946411,0,-0.0016018532300554344,0.062064421315286326,1.3156336909532547
2013-09-18,1.3357375860214233,1.3366999626159668,1.3339896202087402,1.3357912302017212,0,0.0014950357158973195,0.06226428364682404,1.3158060431480407
2013-09-19,1.352338194847107,1.356999397277832,1.351607084274292,1.3523015975952148,0,0.012284229802837462,0.07218722566957686,1.3160341656208039
2013-09-20,1.3534914255142212,1.3550007343292236,1.350001335144043,1.353417992591858,0,0.0008252112037365481,0.06858240776839089,1.3162618881464005
2013-09-23,1.3533813953399658,1.3546005487442017,1.3482195138931274,1.3534547090530396,0,2.7128324994165675e-05,0.06861302420541908,1.316446229815483
2013-09-24,1.3497644662857056,1.3518006801605225,1.3466018438339233,1.349892020225525,0,-0.0026357631830961448,0.06921341119697863,1.3166132777929307
2013-09-25,1.347400188446045,1.353500485420227,1.3463118076324463,1.347182273864746,0,-0.00200939757460392,0.06964878398146125,1.3167336827516556
2013-09-26,1.3514974117279053,1.353000521659851,1.3479704856872559,1.351698398590088,0,0.003346668110638331,0.07040761866902401,1.3168845361471175
2013-09-27,1.3487995862960815,1.3565999269485474,1.3475455045700073,1.348617672920227,0,-0.0022817528947719212,0.06904934046350213,1.3170087903738021
2013-09-30,1.3496005535125732,1.3555792570114136,1.3480504751205444,1.349545955657959,0,0.0006880848622560554,0.06268579142894205,1.3171655184030533
2013-10-01,1.3525028228759766,1.3588008880615234,1.3518701791763306,1.3525211811065674,0,0.002202185586375878,0.06182682697551269,1.317337904572487
2013-10-02,1.3523930311203003,1.360540509223938,1.3509496450424194,1.352338194847107,0,-0.00013530186549907483,0.06133567662395322,1.317509375810623
2013-10-03,1.3590834140777588,1.3646008968353271,1.358105182647705,1.3591018915176392,0,0.004989017263364264,0.06203477898722525,1.317692003250122
2013-10-04,1.3623607158660889,1.3633079528808594,1.358105182647705,1.362416386604309,0,0.0024357703213313607,0.06209699059408241,1.3178789359331131
2013-10-07,1.3569625616073608,1.3591997623443604,1.3545491695404053,1.356999397277832,0,-0.003983941347518267,0.05894691849989172,1.3180500888824462
2013-10-09,1.360063076019287,1.360063076019287,1.350160002708435,1.3598041534423828,0,0.002064747861684517,0.05819817539364626,1.3182484495639801
2013-10-10,1.3519359827041626,1.3544501066207886,1.3489506244659424,1.352027416229248,0,-0.005735428865251535,0.06054665279720021,1.318409668803215
2013-10-11,1.3527040481567383,1.3583006858825684,1.3520822525024414,1.3526674509048462,0,0.00047327681604477967,0.060558540607295486,1.3185819172859192
2013-10-14,1.3556196689605713,1.3598004579544067,1.354699730873108,1.3556748628616333,0,0.0022208516091871884,0.059913142144860085,1.318843935728073
2013-10-15,1.3557482957839966,1.357500433921814,1.348210334777832,1.3558586835861206,0,0.0001355843264486392,0.059490177191383345,1.3190895020961761
2013-10-16,1.3520822525024414,1.3568999767303467,1.347559928894043,1.3521736860275269,0,-0.0027215330765080663,0.059248348538527486,1.3192878293991088
2013-10-17,1.3522467613220215,1.3682005405426025,1.3517348766326904,1.3522467613220215,0,5.404137110702812e-05,0.05875728204716657,1.3195078998804093
2013-10-18,1.3669979572296143,1.3703999519348145,1.366045594215393,1.366698980331421,0,0.010630852170054737,0.06817293909853776,1.319813979268074
2013-10-21,1.3681200742721558,1.3687005043029785,1.365329384803772,1.3681949377059937,0,0.001093978463955791,0.05471099730312545,1.320018373131752
2013-10-22,1.3672970533370972,1.3785003423690796,1.366400122642517,1.36759614944458,0,-0.000437744149242651,0.054807649146000524,1.3201753455400467
2013-10-23,1.3780938386917114,1.3793483972549438,1.3743400573730469,1.3778469562530518,0,0.007467540975660065,0.05983506551408685,1.320375617146492
2013-10-24,1.3779419660568237,1.3822999000549316,1.3768794536590576,1.3780938386917114,0,0.00017916381931931766,0.058549248766464154,1.320611841082573
2013-10-25,1.380167007446289,1.3829996585845947,1.3775907754898071,1.380395531654358,0,0.0016688072258379605,0.057557350726875685,1.3208684170246123
2013-10-28,1.3806052207946777,1.3818072080612183,1.3777103424072266,1.3805290460586548,0,9.671716893585458e-05,0.05710069499584676,1.3210847824811935
2013-10-29,1.3791011571884155,1.3814005851745605,1.3755006790161133,1.3789299726486206,0,-0.0011589761458217073,0.05641472955103328,1.321319425702095
2013-10-30,1.3743627071380615,1.377630591392517,1.3733999729156494,1.374306082725525,0,-0.0033588796437010794,0.05845450446971713,1.3215352046489715
2013-10-31,1.372457504272461,1.3740037679672241,1.3588618040084839,1.3724011182785034,0,-0.0013870897864594889,0.0587421784417598,1.3217402184009552
2013-11-01,1.3579760789871216,1.3580129146575928,1.3481395244598389,1.3579760789871216,0,-0.010566432738998956,0.07053054605367785,1.3218758535385131
2013-11-04,1.3493638038635254,1.3520090579986572,1.3445016145706177,1.349400281906128,0,-0.0063351559736912234,0.07173718490380497,1.3219381844997407
2013-11-05,1.351607084274292,1.3523930311203003,1.344971776008606,1.351698398590088,0,0.0017016166459005954,0.07142350347219845,1.3219636672735213
2013-11-06,1.3472912311553955,1.354699730873108,1.3468738794326782,1.3473094701766968,0,-0.0032522560106001365,0.07100153553467572,1.3219770735502243
2013-11-07,1.3517714738845825,1.3530993461608887,1.3305799961090088,1.351807951927185,0,0.0033333013812805283,0.07167595651181886,1.3219902956485747
2013-11-08,1.3408960103988647,1.3436291217803955,1.3321309089660645,1.3409138917922974,0,-0.008091529839222568,0.0743499582891044,1.3219106966257095
2013-11-11,1.3345433473587036,1.341270089149475,1.3345433473587036,1.3347926139831543,0,-0.004575455846821724,0.07565429763891014,1.321779161095619
2013-11-12,1.3408780097961426,1.345496654510498,1.336389183998108,1.3409318923950195,0,0.004588879886957575,0.07720875826953146,1.3216594660282135
2013-11-13,1.343833088874817,1.345406174659729,1.3392601013183594,1.3439956903457642,0,0.0022822211669795006,0.07779454015815705,1.3216236007213593
2013-11-14,1.348435878753662,1.3495094776153564,1.342200756072998,1.3489633798599243,0,0.003689395211376175,0.07856919702173494,1.321577707529068
2013-11-15,1.3447729349136353,1.3503295183181763,1.3434702157974243,1.3448994159698486,0,-0.0030172041273950605,0.07920458520180958,1.3215402394533158
2013-11-18,1.3483266830444336,1.3542062044143677,1.347563624382019,1.3483994007110596,0,0.002599033341362619,0.0695936237761223,1.3215875416994094
2013-11-19,1.3502565622329712,1.354169487953186,1.3490360975265503,1.3504389524459839,0,0.0015114296273465266,0.06973969301358053,1.3216556018590928
2013-11-20,1.3562999963760376,1.3565024137496948,1.3459293842315674,1.3567416667938232,0,0.004656302346840675,0.07210182517118842,1.3217375266551972
2013-11-21,1.3433637619018555,1.3474892377853394,1.3399994373321533,1.3433817625045776,0,-0.009895853774490438,0.07336900070275698,1.3217284005880356
2013-11-22,1.347218632698059,1.353830337524414,1.3463480472564697,1.347182273864746,0,0.002825068525748274,0.0745613655755197,1.3217420744895936
2013-11-25,1.355233907699585,1.355546236038208,1.3490725755691528,1.355233907699585,0,0.0059588583834959555,0.07795803039594719,1.3218417853116988
2013-11-26,1.3533082008361816,1.3567802906036377,1.3523491621017456,1.3527590036392212,0,-0.0018278517193040253,0.07794052939436304,1.321933576464653
2013-11-27,1.3569073677062988,1.3612998723983765,1.3559322357177734,1.3567785024642944,0,0.002966928314919584,0.07911453791166297,1.322043861746788
2013-11-28,1.3574230670928955,1.3617002964019775,1.356594443321228,1.357367753982544,0,0.0004342076453011844,0.07864103524088153,1.3221327769756317
2013-11-29,1.3603591918945312,1.3622123003005981,1.360007643699646,1.360396146774292,0,0.00222859244271521,0.07917520827782373,1.3222981768846511
2013-12-02,1.3586586713790894,1.3614592552185059,1.3528138399124146,1.3585110902786255,0,-0.0013866282541871052,0.07023089474208273,1.3224935561418534
2013-12-03,1.3542611598968506,1.359397530555725,1.35255765914917,1.3542062044143677,0,-0.003173857804059327,0.06742493293759709,1.3226666271686554
2013-12-04,1.3591018915176392,1.3599891662597656,1.3530298471450806,1.3590649366378784,0,0.0035814610221002333,0.06827237080551106,1.322929419875145
2013-12-05,1.35869562625885,1.366639256477356,1.3545308113098145,1.3586403131484985,0,-0.00031248678852761186,0.06711718096078677,1.323189662694931
2013-12-06,1.367091417312622,1.3694990873336792,1.3632298707962036,1.3669979572296143,0,0.006132633494046031,0.06932358973396993,1.3234491658210754
2013-12-09,1.3708207607269287,1.3730907440185547,1.369510293006897,1.3706516027450562,0,0.0026691858140464662,0.062103184707461276,1.3237724512815476
2013-12-10,1.3737962245941162,1.3793293237686157,1.3736263513565063,1.3740227222442627,0,0.002456481749918085,0.058773267499364304,1.3241340976953506
2013-12-11,1.376595139503479,1.379799485206604,1.37444007396698,1.37644362449646,0,0.001760358115441614,0.05763274797337541,1.3244982606172562
2013-12-12,1.378530740737915,1.3805004358291626,1.3748294115066528,1.3786067962646484,0,0.001570332213457252,0.05752392536884521,1.324867030978203
2013-12-13,1.3750807046890259,1.3768415451049805,1.3710838556289673,1.3750807046890259,0,-0.002560997572613717,0.058201413411798235,1.325253142118454
2013-12-16,1.3738150596618652,1.379900336265564,1.3738150596618652,1.3739283084869385,0,-0.0008384085058058076,0.05682052526314458,1.3255671262741089
2013-12-17,1.3761783838272095,1.3782095909118652,1.372700572013855,1.3762919902801514,0,0.0017189040283475162,0.05659308226433064,1.3259545737504959
2013-12-18,1.37710702419281,1.3780994415283203,1.3734792470932007,1.3771259784698486,0,0.0006057839562805383,0.0565718691278324,1.326323847770691
2013-12-19,1.3683072328567505,1.369394063949585,1.3651131391525269,1.3684945106506348,0,-0.0062874649198490975,0.06008685904139397,1.326651661992073
2013-12-20,1.3655978441238403,1.3708696365356445,1.3625833988189697,1.3655791282653809,0,-0.0021326298229233658,0.0481386824499122,1.3270003563165664
2013-12-23,1.3678767681121826,1.3715990781784058,1.3674297332763672,1.3678393363952637,0,0.0016537596963132426,0.047680645698665834,1.3273333716392517
2013-12-24,1.3698254823684692,1.3698630332946777,1.3655791282653809,1.3699944019317627,0,0.0015742855027451362,0.043883949220862195,1.32773697078228
2013-12-25,1.3681949377059937,1.3707079887390137,1.366400122642517,1.3681949377059937,0,-0.001314346278958142,0.04357335337147781,1.3281054532527923
2013-12-26,1.367708444595337,1.3700695037841797,1.3667362928390503,1.3668484687805176,0,-0.0009846052395807224,0.04294614296681221,1.3285077518224717
2013-12-27,1.3695628643035889,1.3883509635925293,1.369394063949585,1.3696191310882568,0,0.0020249925521883703,0.043336231830901725,1.32888503074646
2013-12-30,1.3751943111419678,1.3811582326889038,1.3730002641677856,1.3750240802764893,0,0.003938549209401466,0.04461738484000429,1.3293077057600022
2013-12-31,1.3807768821716309,1.3812536001205444,1.376119613647461,1.3810056447982788,0,0.0043407179968599,0.04594239098074112,1.3297007060050965
2014-01-01,1.3744947910308838,1.377903938293457,1.3744003772735596,1.3744947910308838,0,-0.004725722993673581,0.04789891090069038,1.3301439654827119
2014-01-02,1.376595139503479,1.377467393875122,1.3632707595825195,1.3766709566116333,0,0.0015819955860336674,0.046877531512536444,1.330597279071808
2014-01-03,1.366624355316162,1.3672970533370972,1.3601703643798828,1.3666616678237915,0,-0.007297207137206514,0.05427544743798915,1.3310416275262833
2014-01-06,1.3595823049545288,1.364610195159912,1.3572793006896973,1.3596007823944092,0,-0.005179913046636604,0.05303915448667268,1.3314316755533218
2014-01-07,1.36306631565094,1.3657993078231812,1.3598780632019043,1.3631964921951294,0,0.0026411895770189855,0.053019768976716904,1.3318447893857956
2014-01-08,1.3616927862167358,1.3636053800582886,1.3572019338607788,1.3616372346878052,0,-0.001144479138039092,0.05215572926362883,1.3322278916835786
2014-01-09,1.3572572469711304,1.3632800579071045,1.3554892539978027,1.3572019338607788,0,-0.003262645920922542,0.052398300810701244,1.3326036447286607
2014-01-10,1.360710859298706,1.3687005043029785,1.357810139656067,1.360710859298706,0,0.0025820750366173165,0.05305652026920058,1.332982115149498
2014-01-13,1.3672221899032593,1.3684757947921753,1.3639309406280518,1.3671848773956299,0,0.004746537900696673,0.05566655716395353,1.333353915810585
2014-01-14,1.367091417312622,1.3698593378067017,1.3650293350219727,1.3669979572296143,0,-0.00013672835915707617,0.05563000704732626,1.3336928683519362
2014-01-15,1.3668110370635986,1.367353081703186,1.358260154724121,1.3668484687805176,0,-0.00010936126318097094,0.05517716878875556,1.3340124523639678
2014-01-16,1.3601185083389282,1.364790916442871,1.3588064908981323,1.359933614730835,0,-0.0050718162732845155,0.057426117904844975,1.3342719835042953
2014-01-17,1.3615630865097046,1.3621008396148682,1.3556932210922241,1.3618041276931763,0,0.0013744992602880853,0.053886373465948156,1.3345533335208892
2014-01-20,1.3528321981430054,1.356640338897705,1.3509314060211182,1.3527590036392212,0,-0.006664171796130559,0.058026243806104515,1.3347597515583038
2014-01-21,1.3545364141464233,1.356399416923523,1.351862907409668,1.3549033403396606,0,0.001583902921653464,0.05799484086198541,1.334984622001648
2014-01-22,1.3557482957839966,1.3580868244171143,1.3535407781600952,1.355913758277893,0,0.0007454711611054409,0.05770020211257734,1.335236860513687
2014-01-23,1.3545180559158325,1.3685506582260132,1.353363037109375,1.354224443435669,0,-0.0012466634062765418,0.05768852241940404,1.3354186314344405
2014-01-24,1.3690004348754883,1.373494267463684,1.366493582725525,1.3689066171646118,0,0.010783407536758027,0.06958984208907658,1.3357457041740417
2014-01-27,1.368812918663025,1.3714994192123413,1.3655400276184082,1.3687942028045654,0,-8.212318839923763e-05,0.06922647005377576,1.3360631120204927
2014-01-28,1.36759614944458,1.3689403533935547,1.3631796836853027,1.3674652576446533,0,-0.0009713591007093001,0.06775489132042287,1.3363725972175597
2014-01-29,1.3654299974441528,1.36859929561615,1.3604499101638794,1.3655046224594116,0,-0.0014348021439030973,0.06573461014399667,1.336669294834137
2014-01-30,1.3659149408340454,1.3662135601043701,1.3560609817504883,1.365859031677246,0,0.000259510826606219,0.06397745305977337,1.3370013707876205
2014-01-31,1.3558586835861206,1.3562393188476562,1.3481086492538452,1.3558770418167114,0,-0.007335049649193158,0.06800255729670257,1.3372720342874527
2014-02-03,1.3488178253173828,1.3519597053527832,1.3479305505752563,1.3488178253173828,0,-0.00521998441625946,0.06581856931333749,1.3375124818086623
2014-02-04,1.3522833585739136,1.3540045022964478,1.3495640754699707,1.3525028228759766,0,0.0027282950262569393,0.06461418565421928,1.3377537101507186
2014-02-05,1.3516618013381958,1.3553000688552856,1.3500396013259888,1.3515887260437012,0,-0.0006760842601348421,0.06376062507489905,1.3379637229442596
2014-02-06,1.3534914255142212,1.3620080947875977,1.3491089344024658,1.3535096645355225,0,0.0014202358194438222,0.06400547357152594,1.3381471258401871
2014-02-07,1.3589726686477661,1.3642098903656006,1.3555792570114136,1.3592127561569214,0,0.004204705929538309,0.06485004330429195,1.3383521008491517
2014-02-10,1.3620266914367676,1.3652007579803467,1.3620266914367676,1.361933946609497,0,0.0020000328221204703,0.06459686491305516,1.3386292386054992
2014-02-11,1.3645915985107422,1.3684009313583374,1.3631296157836914,1.364610195159912,0,0.0019631073408210953,0.06273589030668225,1.338890609741211
2014-02-12,1.3639029264450073,1.3655009269714355,1.3562999963760376,1.3639029264450073,0,-0.0005184279490139596,0.06275342254549518,1.3391750311851502
2014-02-13,1.3588987588882446,1.3691710233688354,1.35869562625885,1.3590095043182373,0,-0.003594259837032748,0.06390501815356,1.3394315665960312
2014-02-14,1.3677645921707153,1.3715990781784058,1.3674839735031128,1.3678767681121826,0,0.0065036045972052875,0.06551470173960727,1.339690271615982
2014-02-17,1.3702572584152222,1.3726081848144531,1.369281530380249,1.3699944019317627,0,0.001546920297079445,0.06555379562477485,1.3400230383872986
2014-02-18,1.3707079887390137,1.376900315284729,1.3696191310882568,1.3704450130462646,0,0.0003288604857311306,0.06049315532526641,1.3403926175832748
2014-02-19,1.3761025667190552,1.3773345947265625,1.3742002248764038,1.376197338104248,0,0.004188629412028152,0.061678219214026934,1.3407795917987824
2014-02-20,1.373173713684082,1.3764055967330933,1.3690191507339478,1.3730417490005493,0,-0.0022956100866479315,0.06256963085393849,1.3411762446165085
2014-02-21,1.372062087059021,1.3756691217422485,1.3703510761260986,1.372118592262268,0,-0.0006725703844722217,0.06238774053518253,1.3415956139564513
2014-02-24,1.3740037679672241,1.376900315284729,1.3710105419158936,1.3737962245941162,0,0.0012219115686215951,0.05041482713106076,1.3420229560136796
2014-02-25,1.373513102531433,1.3765003681182861,1.3718700408935547,1.3736075162887573,0,-0.0001373720963159454,0.05041866869173875,1.342473167181015
2014-02-26,1.3746459484100342,1.3757997751235962,1.3665794134140015,1.3746082782745361,0,0.0007282994530443482,0.050278663419903925,1.3429006671905517
2014-02-27,1.3681949377059937,1.3696004152297974,1.364498496055603,1.3681949377059937,0,-0.004676494630947171,0.052834871399752584,1.3432821106910706
2014-02-28,1.3707455396652222,1.3823399543762207,1.369529128074646,1.3707455396652222,0,0.0018624739877314625,0.053188855249669556,1.3437147974967956
2014-03-03,1.377543330192566,1.379599690437317,1.374986171722412,1.377695083618164,0,0.0050570921596805795,0.048250663795602604,1.3441407358646393
2014-03-04,1.373645305633545,1.377890706062317,1.3722316026687622,1.373701810836792,0,-0.002902725952262302,0.04520345970113039,1.344540354013443
2014-03-05,1.374306082725525,1.3746006488800049,1.3710838556289673,1.374117136001587,0,0.0003022944204060538,0.04472585580507678,1.344943972826004
2014-03-06,1.3732490539550781,1.384999394416809,1.3722691535949707,1.3734188079833984,0,-0.000508330407654611,0.04466195459452113,1.345387881398201
2014-03-07,1.3864625692367554,1.3915308713912964,1.3854252099990845,1.3863087892532349,0,0.009341556042900706,0.053655004421186696,1.3458455085754395
2014-03-10,1.3877516984939575,1.3898154497146606,1.386328101158142,1.3878673315048218,0,0.0011236074046602443,0.05248653285701265,1.3462628793716431
2014-03-11,1.387694001197815,1.3876997232437134,1.3835277557373047,1.3878865242004395,0,1.3828816686088018e-05,0.052457551746762004,1.3467040795087815
2014-03-12,1.385751724243164,1.3905401229858398,1.3844892978668213,1.385809302330017,0,-0.0014978010486165843,0.05294065121773067,1.347096666097641
2014-03-13,1.390395164489746,1.3965407609939575,1.3898926973342896,1.3904531002044678,0,0.0033453626005333277,0.053478092556801006,1.3475122147798537
2014-03-14,1.3865779638290405,1.3933204412460327,1.3849802017211914,1.3865394592285156,0,-0.002818620131832985,0.05271553304019946,1.347898267507553
2014-03-17,1.391072154045105,1.3949005603790283,1.3882139921188354,1.39130437374115,0,0.0034306602332643083,0.049624278527096076,1.3482320100069045
2014-03-18,1.39271879196167,1.393805980682373,1.3882602453231812,1.3926606178283691,0,0.0009743256101407129,0.049556541743946046,1.3485833060741426
2014-03-19,1.3929710388183594,1.393301010131836,1.3901052474975586,1.3930875062942505,0,0.00030648030633230396,0.04955917738375165,1.3489367365837097
2014-03-20,1.3818453550338745,1.3844088315963745,1.375269889831543,1.381921648979187,0,-0.008047481612097382,0.05658474079217678,1.3492343378067018
2014-03-21,1.378207802772522,1.3811391592025757,1.3768301010131836,1.378207802772522,0,-0.002691068308819494,0.056820386747801335,1.3494555974006652
2014-03-24,1.379747986793518,1.3823496103286743,1.376197338104248,1.3795576095581055,0,0.00097891349810862,0.056796585083330305,1.3496694296598435
2014-03-25,1.3837192058563232,1.384899616241455,1.3775509595870972,1.3838915824890137,0,0.0031366427844640413,0.05758803536394552,1.349914568066597
2014-03-26,1.382055401802063,1.3823038339614868,1.3781299591064453,1.3819025754928589,0,-0.001438290216428007,0.05790184617612254,1.3501425367593765
2014-03-27,1.3787018060684204,1.3795197010040283,1.3741793632507324,1.378207802772522,0,-0.0026772660661445744,0.05876989224879979,1.3503386116027831
2014-03-28,1.374192714691162,1.3771296739578247,1.3708508014678955,1.3741360902786255,0,-0.00295872581512067,0.05728423221661453,1.3505633610486985
2014-03-31,1.3754968643188477,1.3805996179580688,1.3738603591918945,1.3752131462097168,0,0.0007834988526700136,0.05701247814602428,1.3508216434717177
2014-04-01,1.3775053024291992,1.3812918663024902,1.3771448135375977,1.3775053024291992,0,0.0016653768207834318,0.05449289283452918,1.351156519651413
2014-04-02,1.3793483972549438,1.3819999694824219,1.3755196332931519,1.379481554031372,0,0.0014336317462118945,0.05365297109613847,1.3514877665042877
2014-04-03,1.376822590827942,1.3799384832382202,1.3699606657028198,1.376822590827942,0,-0.0019293691033437019,0.05415393416700954,1.3518319994211196
2014-04-04,1.372118592262268,1.3730002641677856,1.367629885673523,1.3723821640014648,0,-0.0032303382860289142,0.05534305768551599,1.352187221646309
2014-04-07,1.3704074621200562,1.3748916387557983,1.3697879314422607,1.3704074621200562,0,-0.0014399224816908297,0.04370275253574505,1.3525212889909743
2014-04-08,1.374306082725525,1.3809007406234741,1.373947262763977,1.374306082725525,0,0.0028408233964540954,0.044918952187299264,1.352885791659355
2014-04-09,1.3793293237686157,1.38277006149292,1.3780994415283203,1.3793293237686157,0,0.003648447142524785,0.04712039623275756,1.3532486259937286
2014-04-10,1.3852909803390503,1.3899602890014648,1.3837709426879883,1.3855020999908447,0,0.004465217246398965,0.04966091669266293,1.3536866754293442
2014-04-11,1.3889081478118896,1.3906078338623047,1.3865586519241333,1.3886381387710571,0,0.002260909576430914,0.04887338544085452,1.354124447107315
2014-04-14,1.3847347497940063,1.3862895965576172,1.3809999227523804,1.3846195936203003,0,-0.0028980703209830214,0.04893058663955596,1.3545936840772628
2014-04-15,1.3818072080612183,1.3832405805587769,1.3792704343795776,1.381711721420288,0,-0.002102331890052032,0.047686777167999676,1.3550877100229264
2014-04-16,1.381043791770935,1.38520085811615,1.3804794549942017,1.38119637966156,0,-0.00037304300096163267,0.04745045113903868,1.3555581885576249
2014-04-17,1.3823992013931274,1.3865606784820557,1.3823992013931274,1.3827050924301147,0,0.0010917269907322023,0.0476738748878426,1.3560807943344115
2014-04-18,1.3812155723571777,1.3823038339614868,1.3809484243392944,1.3812155723571777,0,-0.001077831383595211,0.03879246453815695,1.3563930016756058
2014-04-21,1.3815207481384277,1.3830493688583374,1.3788918256759644,1.3815207481384277,0,0.00022092284394073823,0.03756222886081291,1.35675173163414
2014-04-22,1.3792723417282104,1.3824700117111206,1.3786695003509521,1.3795006275177002,0,-0.00146331426406953,0.03780588161021333,1.3571192622184753
2014-04-23,1.380738615989685,1.38554048538208,1.3801099061965942,1.3810056447982788,0,0.0010903923275149465,0.036299949867658485,1.3574949151277542
2014-04-24,1.3818072080612183,1.3841999769210815,1.3792152404785156,1.381921648979187,0,0.0006630679110028417,0.03605239703149394,1.3578289502859116
2014-04-25,1.3830493688583374,1.3849073648452759,1.382877230644226,1.3832024335861206,0,0.0009263849724542293,0.034819870084886455,1.3581864672899246
2014-04-28,1.38410222530365,1.3880001306533813,1.381711721420288,1.384063959121704,0,0.0006226545920465611,0.032920584403497086,1.3585514736175537
2014-04-29,1.3852909803390503,1.3878999948501587,1.3807406425476074,1.3852909803390503,0,0.0008861423143385382,0.03293981207971473,1.3588979423046113
2014-04-30,1.3813872337341309,1.3876997232437134,1.3786600828170776,1.3813681602478027,0,-0.0028357831743951265,0.03433208764593387,1.3592096084356309
2014-05-01,1.3868663311004639,1.3891011476516724,1.3863991498947144,1.386924147605896,0,0.004014023231827639,0.036648947219808964,1.3595325714349746
2014-05-02,1.3870972394943237,1.3870991468429565,1.381348967552185,1.3870972394943237,0,0.00012479492008045753,0.03578607714586934,1.3598726212978363
2014-05-05,1.387270450592041,1.3888001441955566,1.3865971565246582,1.387270450592041,0,0.0001248652790770361,0.0333566881401088,1.3601718640327454
2014-05-06,1.387694001197815,1.3951690196990967,1.3873474597930908,1.387597680091858,0,0.00023585228985511126,0.03261689700621502,1.3604661285877229
2014-05-07,1.3929904699325562,1.393790364265442,1.391259789466858,1.3930680751800537,0,0.003934598852896429,0.033766230383643514,1.3607996416091919
2014-05-08,1.3912075757980347,1.399110198020935,1.3851796388626099,1.3911689519882202,0,-0.0013641967029599535,0.03259408169933851,1.3611230432987214
2014-05-09,1.3843512535095215,1.3845045566558838,1.3755403757095337,1.3844279050827026,0,-0.004857376994374057,0.0339397803036662,1.3613944780826568
2014-05-12,1.376159429550171,1.3776001930236816,1.3750240802764893,1.376064658164978,0,-0.006059261029613223,0.03874050364969256,1.3616688215732575
2014-05-13,1.3756482601165771,1.3773990869522095,1.369990587234497,1.3756672143936157,0,-0.0002888680965536431,0.03768882489266046,1.3619076687097549
2014-05-14,1.3708958625793457,1.3729795217514038,1.3699193000793457,1.3709522485733032,0,-0.003433289915365347,0.03875380477744497,1.3621336793899537
2014-05-15,1.3718926906585693,1.373049259185791,1.3650591373443604,1.372005581855774,0,0.0007680273626977313,0.03895458221195787,1.3623396390676499
2014-05-16,1.3717044591903687,1.372800350189209,1.3686106204986572,1.3716480731964111,0,-0.00026060771973013144,0.03861820579606026,1.3625273883342743
2014-05-19,1.3703886270523071,1.3734301328659058,1.3701257705688477,1.3703323602676392,0,-0.0009596808304641249,0.03859355559996611,1.3626890128850937
2014-05-20,1.371328353881836,1.3714975118637085,1.368149995803833,1.3713847398757935,0,0.0007676792472735973,0.03874640650123266,1.362876246571541
2014-05-21,1.3704637289047241,1.3721994161605835,1.3654392957687378,1.3704074621200562,0,-0.0007128751744299505,0.038561645159568246,1.3630818223953247
2014-05-22,1.3683072328567505,1.3687305450439453,1.3647797107696533,1.3681762218475342,0,-0.001629485181911676,0.03846363797293055,1.3632899081707002
2014-05-23,1.3655046224594116,1.3655046224594116,1.3616186380386353,1.3654487133026123,0,-0.001995525732119659,0.03860141666608827,1.3634850603342057
2014-05-26,1.3628062009811401,1.3655997514724731,1.3616743087768555,1.3628805875778198,0,-0.0018825634298810995,0.03845458870216122,1.3636224693059922
2014-05-27,1.3652995824813843,1.366923213005066,1.3614296913146973,1.3651318550109863,0,0.0016504821672182729,0.03906168685422244,1.3637835949659347
2014-05-28,1.3635681867599487,1.3639029264450073,1.359190583229065,1.3636983633041382,0,-0.0010506273560637216,0.038672580009744516,1.3639351534843445
2014-05-29,1.359397530555725,1.3626019954681396,1.3588802814483643,1.359342098236084,0,-0.003199562287751592,0.03893963109865084,1.364021355509758
2014-05-30,1.360322117805481,1.365094542503357,1.359933614730835,1.360451579093933,0,0.0008158566795989035,0.03540962410050239,1.3641521430015564
2014-06-02,1.36284339427948,1.3637299537658691,1.3594696521759033,1.3628062009811401,0,0.0017292688861119182,0.03642642683755921,1.3642886453866958
2014-06-03,1.359767198562622,1.3646008968353271,1.3594603538513184,1.3598966598510742,0,-0.002137245513965305,0.036513201801618225,1.3643948674201964
2014-06-04,1.3621937036514282,1.3637503385543823,1.3601185083389282,1.3621008396148682,0,0.0016195314257280659,0.03738320026526772,1.3645157819986344
2014-06-05,1.3603407144546509,1.3637913465499878,1.350679636001587,1.3604146242141724,0,-0.0012387188529966071,0.0330240296000866,1.364621815085411
2014-06-06,1.3660829067230225,1.3675774335861206,1.3621751070022583,1.3661948442459106,0,0.004239865486853921,0.03787222152922796,1.3647853225469588
2014-06-09,1.3645356893539429,1.3669008016586304,1.3583265542984009,1.3642936944961548,0,-0.001392534727759818,0.03506520005404613,1.3649886572360992
2014-06-10,1.3592681884765625,1.3602999448776245,1.3537899255752563,1.3592681884765625,0,-0.0036903965755663752,0.031254465037277475,1.3651808506250382
2014-06-11,1.3540228605270386,1.3558990955352783,1.3523015975952148,1.3540961742401123,0,-0.003812256526535743,0.03315923968676167,1.3653563302755356
2014-06-12,1.3536561727523804,1.356208086013794,1.3513001203536987,1.3537112474441528,0,-0.00028430884373080244,0.03171441385201739,1.3655378782749177
2014-06-13,1.3550686836242676,1.3580996990203857,1.3523601293563843,1.3554543256759644,0,0.001286800991146501,0.032046100730067056,1.3657148385047913
2014-06-16,1.353692889213562,1.358105182647705,1.3513604402542114,1.3538029193878174,0,-0.001219084304879375,0.0320984702404122,1.3659246695041656
2014-06-17,1.3576995134353638,1.35869562625885,1.3538578748703003,1.3577179908752441,0,0.002887733001251756,0.03428348344559041,1.3661261653900147
2014-06-18,1.354976773262024,1.3582711219787598,1.3542006015777588,1.3547931909561157,0,-0.0021565264484265365,0.03448111317053156,1.3662711173295974
2014-06-19,1.3591018915176392,1.3645002841949463,1.3585480451583862,1.3590649366378784,0,0.0031481006072270603,0.0368085344044249,1.3664332950115203
2014-06-20,1.3608219623565674,1.3634008169174194,1.3565300703048706,1.361136794090271,0,0.0015233119144290616,0.03709623414791873,1.3665811890363693
2014-06-23,1.359194278717041,1.3615074157714844,1.3575999736785889,1.3593051433563232,0,-0.001346583424928799,0.03677726991911999,1.366728248000145
2014-06-24,1.360063076019287,1.362999439239502,1.3583818674087524,1.3601926565170288,0,0.0006527037398267139,0.03637503485625352,1.3668495416641235
2014-06-25,1.3607479333877563,1.3652007579803467,1.3601001501083374,1.3605812788009644,0,0.0002856703980684675,0.035853827701913185,1.3669834697246552
2014-06-26,1.36286199092865,1.3642005920410156,1.3576995134353638,1.3628991842269897,0,0.0017021645773803514,0.036257120955657196,1.3671190094947816
2014-06-27,1.3611738681793213,1.3639699220657349,1.36104416847229,1.3613035678863525,0,-0.0011714374209973015,0.03466755508207417,1.367164019346237
2014-06-30,1.3644241094589233,1.3696998357772827,1.3641393184661865,1.3644425868988037,0,0.0023032375150731353,0.03544563896758972,1.367219142317772
2014-07-01,1.369187831878662,1.3698067665100098,1.3676691055297852,1.3693565130233765,0,0.003594946985580636,0.037052745650692775,1.3672986513376235
2014-07-02,1.3681575059890747,1.3683072328567505,1.3644706010818481,1.3680826425552368,0,-0.0009307023737836352,0.03631046400459734,1.3673896044492722
2014-07-03,1.3653554916381836,1.3664991855621338,1.359933614730835,1.3652995824813843,0,-0.0020363496989736973,0.036823360459999364,1.3674801909923553
2014-07-04,1.3609145879745483,1.3613035678863525,1.3586199283599854,1.3610072135925293,0,-0.003148855031068846,0.03827200237750339,1.3675267350673677
2014-07-07,1.3589541912078857,1.3606997728347778,1.3577308654785156,1.3588433265686035,0,-0.0015911811686182163,0.03539478526088831,1.3675778633356095
2014-07-08,1.3606739044189453,1.3618004322052002,1.3589726686477661,1.360618233680725,0,0.0013053373433097946,0.03553768974510819,1.3676332247257232
2014-07-09,1.361748456954956,1.3642005920410156,1.3602850437164307,1.3617113828659058,0,0.000803098373753132,0.03319466410634306,1.36767917573452
2014-07-10,1.364349603652954,1.3650591373443604,1.3590095043182373,1.3642936944961548,0,0.0018945763704627317,0.03053119608840348,1.3677389532327653
2014-07-11,1.3605812788009644,1.3624721765518188,1.3593605756759644,1.3605072498321533,0,-0.002779246762342726,0.032360285708137794,1.3677459800243377
2014-07-14,1.3603591918945312,1.363999605178833,1.3598780632019043,1.360377550125122,0,-9.533641933791956e-05,0.03214962294746976,1.3677357858419419
2014-07-15,1.3622123003005981,1.362839698791504,1.3562631607055664,1.3621751070022583,0,0.001320493936916862,0.03196755589535464,1.367761664390564
2014-07-16,1.3572019338607788,1.3572019338607788,1.3526400327682495,1.3572019338607788,0,-0.0036575867273885487,0.03328864721067011,1.367748653292656
2014-07-17,1.3529053926467896,1.354019045829773,1.3518993854522705,1.3529969453811646,0,-0.003103087294461216,0.0342037174708153,1.3677535009384156
2014-07-18,1.351807951927185,1.353637933731079,1.349269151687622,1.3518811464309692,0,-0.0008250272105525464,0.03221491914596672,1.3677495694160462
2014-07-21,1.3531982898712158,1.3549199104309082,1.3514701128005981,1.3532166481018066,0,0.0009873963019309177,0.03189461889531457,1.367737278342247
2014-07-22,1.3522833585739136,1.353033423423767,1.346166729927063,1.3527040481567383,0,-0.00037887285603661945,0.03166137844039178,1.3677215051651002
2014-07-23,1.346819519996643,1.3475091457366943,1.3455908298492432,1.3468012809753418,0,-0.004373228328382976,0.03454758698021391,1.3676946431398391
2014-07-24,1.346203088760376,1.3485703468322754,1.3441762924194336,1.346293568611145,0,-0.00037704752232523123,0.034440774695284844,1.3676648771762847
2014-07-25,1.346619963645935,1.3476998805999756,1.3429001569747925,1.3464748859405518,0,0.0001346698260477592,0.03359400781653436,1.3675637567043304
2014-07-28,1.3429127931594849,1.3445992469787598,1.3427324295043945,1.3428946733474731,0,-0.0026624936656148607,0.034315582727397355,1.3674372553825378
2014-07-29,1.3439054489135742,1.3443931341171265,1.3409894704818726,1.3439054489135742,0,0.00075240104793088,0.03303133797747983,1.3673188018798828
2014-07-30,1.3411476612091064,1.341705560684204,1.3368805646896362,1.3411117792129517,0,-0.002080933172027975,0.029328594353721166,1.3671351259946822
2014-07-31,1.3395488262176514,1.3402005434036255,1.3372291326522827,1.3396027088165283,0,-0.0011258718991288403,0.029331207372032465,1.3669426703453065
2014-08-01,1.3389928340911865,1.3445992469787598,1.3379608392715454,1.3389928340911865,0,-0.00045536903657983596,0.02913923958073491,1.3667356568574904
2014-08-04,1.3428946733474731,1.3432915210723877,1.3412107229232788,1.3428946733474731,0,0.0029097730598057867,0.030826499669128402,1.3665474849939345
2014-08-05,1.3422459363937378,1.3426063060760498,1.3361481428146362,1.342209815979004,0,-0.000510116001848461,0.03063216509207501,1.3663638842105865
2014-08-06,1.3371665477752686,1.3374992609024048,1.3334044218063354,1.337238073348999,0,-0.003711024465589124,0.031640872325247094,1.366178544163704
2014-08-07,1.3382043838500977,1.3392976522445679,1.3339380025863647,1.3382940292358398,0,0.000789342755893455,0.03163198659967823,1.3660080087184907
2014-08-08,1.3360053300857544,1.3430101871490479,1.334507703781128,1.3358268737792969,0,-0.0018452091330461266,0.030199630930114855,1.3658972626924515
2014-08-11,1.3405005931854248,1.3408960103988647,1.3380969762802124,1.3405184745788574,0,0.0035059792325814122,0.03324014376037272,1.3658528536558152
2014-08-12,1.3382760286331177,1.3385089635849,1.333749532699585,1.3384909629821777,0,-0.0015136281010066938,0.03327555219074852,1.3657868164777756
2014-08-13,1.3365768194198608,1.3414806127548218,1.3345005512237549,1.3366124629974365,0,-0.0014044318999147539,0.03244461511156783,1.3657333314418794
2014-08-14,1.3366659879684448,1.3406891822814941,1.3349494934082031,1.3367911577224731,0,0.00013368331210283007,0.031014186789581975,1.3656582474708556
2014-08-15,1.3363981246948242,1.3409498929977417,1.3358982801437378,1.3363981246948242,0,-0.00029405551867663066,0.029799097679838443,1.3656356686353683
2014-08-18,1.3392080068588257,1.3400999307632446,1.3354896306991577,1.339046597480774,0,0.0019798380651353236,0.0310745314050368,1.3656569385528565
2014-08-19,1.3360588550567627,1.336094617843628,1.3314799070358276,1.336112380027771,0,-0.0021936779491223105,0.03116874566282683,1.3656328409910201
2014-08-20,1.3321433067321777,1.332196593284607,1.3276492357254028,1.332196593284607,0,-0.002935034580590213,0.03217585074342689,1.3655738455057145
2014-08-21,1.3259961605072021,1.3290996551513672,1.3242928981781006,1.3260489702224731,0,-0.004625331915573926,0.03254550227238279,1.3654592734575273
2014-08-22,1.3279507160186768,1.3299003839492798,1.322499394416809,1.3279330730438232,0,0.0014198311120055315,0.03338210974860195,1.365374441742897
2014-08-25,1.3198009729385376,1.3210301399230957,1.318610668182373,1.3198705911636353,0,-0.0060899581848375345,0.03815263322499654,1.36523179769516
2014-08-26,1.3187566995620728,1.3217006921768188,1.3185653686523438,1.3188958168029785,0,-0.0007388106821833362,0.03764343737574794,1.365074082016945
2014-08-27,1.3169331550598145,1.3209795951843262,1.3156163692474365,1.3170199394226074,0,-0.001423321434022919,0.03722230604118967,1.3648754733800887
2014-08-28,1.3193308115005493,1.3218997716903687,1.316250205039978,1.319087266921997,0,0.001568470294556384,0.03797950588922197,1.364754000902176
2014-08-29,1.3184958696365356,1.3196808099746704,1.3144301176071167,1.3184958696365356,0,-0.0004484387901749892,0.03797618750077484,1.3646105688810348
2014-09-01,1.312766671180725,1.314699649810791,1.312026023864746,1.3127838373184204,0,-0.004341645075290919,0.039924439540477266,1.364398318529129
2014-09-02,1.3131976127624512,1.3137307167053223,1.3111796379089355,1.3131976127624512,0,0.0003151396575497919,0.03772192197479915,1.364200511574745
2014-09-03,1.313094139099121,1.3160994052886963,1.312404751777649,1.3131976127624512,0,0.0,0.03785759391079636,1.363982607126236
2014-09-04,1.3149243593215942,1.3155003786087036,1.2924203872680664,1.3150973320007324,0,0.0014455908556928003,0.03748694136194376,1.363771255016327
2014-09-05,1.2930420637130737,1.2988194227218628,1.2926744222640991,1.2932761907577515,0,-0.016731998034018994,0.0662546460952243,1.363435655236244
2014-09-08,1.295202612876892,1.295873999595642,1.2931692600250244,1.2953367233276367,0,0.0015919977790944744,0.06717705217982463,1.3631197834014892
2014-09-09,1.28940749168396,1.2924906015396118,1.2861074209213257,1.2891082763671875,0,-0.004819958652208914,0.06558570066340999,1.3627942937612534
2014-09-10,1.2939958572387695,1.2962805032730103,1.289889931678772,1.2941968441009521,0,0.003939584429881898,0.06860198631269397,1.3624699532985687
2014-09-11,1.2917560338974,1.295209288597107,1.2899596691131592,1.2917059659957886,0,-0.0019265061825450428,0.06860683209342246,1.3621352815628052
2014-09-12,1.2924739122390747,1.2960201501846313,1.2913206815719604,1.2923569679260254,0,0.0005038592020833038,0.06873841403567553,1.3617620766162872
2014-09-15,1.296075463294983,1.2968990802764893,1.2912389039993286,1.2960082292556763,0,0.0028212894807351867,0.0703187291482017,1.3613888597488404
2014-09-16,1.2939623594284058,1.29781973361969,1.2924203872680664,1.2939791679382324,0,-0.001566850660939781,0.0691961489761456,1.3609886419773103
2014-09-17,1.2959076166152954,1.2979999780654907,1.294089674949646,1.2959076166152954,0,0.0014892149301410894,0.06998987497711952,1.3605859619379044
2014-09-18,1.2850167751312256,1.2926894426345825,1.2850167751312256,1.285000205039978,0,-0.008452434002087304,0.07395727653482909,1.360117928981781
2014-09-19,1.2921398878097534,1.2929586172103882,1.283202886581421,1.2920063734054565,0,0.005437460413247005,0.07711974355790899,1.3597025573253632
2014-09-22,1.2840760946273804,1.286900281906128,1.2819527387619019,1.2841421365737915,0,-0.006105440917241304,0.07824898148058926,1.3592536264657975
2014-09-23,1.2852975130081177,1.289929747581482,1.284589171409607,1.2851488590240479,0,0.000783657828951279,0.07688679308861993,1.358797910809517
2014-09-24,1.2850992679595947,1.2863903045654297,1.277550458908081,1.2853965759277344,0,0.00019273489671494176,0.07703538004689921,1.3583392637968064
2014-09-25,1.2779062986373901,1.2784944772720337,1.2705398797988892,1.2778083086013794,0,-0.005920938697456,0.07873789591988767,1.3578858327865602
2014-09-26,1.2757054567337036,1.2760473489761353,1.2681503295898438,1.2757054567337036,0,-0.0016470264398722578,0.07797440889960798,1.3574364644289016
2014-09-29,1.2676360607147217,1.2714558839797974,1.2665106058120728,1.2673146724700928,0,-0.006599094216688757,0.07972868312856955,1.3569338411092757
2014-09-30,1.2690999507904053,1.2701992988586426,1.2573903799057007,1.269083857536316,0,0.0013950373588495434,0.07997798202395912,1.3564292883872986
2014-10-01,1.2629133462905884,1.2639987468719482,1.2585740089416504,1.262833595275879,0,-0.004937186992221701,0.08045141618351306,1.355902481675148
2014-10-02,1.2624987363815308,1.2690500020980835,1.2616099119186401,1.2624191045761108,0,-0.00032827661446683257,0.0803636612722693,1.355380334854126
2014-10-03,1.266993522644043,1.266993522644043,1.2501593828201294,1.2670577764511108,0,0.003667696755596474,0.08187597457367102,1.3548675280809404
2014-10-06,1.2515017986297607,1.2593204975128174,1.2515017986297607,1.2513607740402222,0,-0.012465922856609534,0.07289580242872142,1.3542492115497589
2014-10-07,1.2643983364105225,1.266430377960205,1.258469581604004,1.264606237411499,0,0.010529220519758681,0.0835713988851582,1.353667214512825
2014-10-08,1.266800880432129,1.2690999507904053,1.2624493837356567,1.266800880432129,0,0.0017339317370273523,0.08302045108599862,1.3531287449598313
2014-10-09,1.2738852500915527,1.2793008089065552,1.2677806615829468,1.2743074893951416,0,0.005908154794018427,0.08470873238433803,1.3526169276237487
2014-10-10,1.2689067125320435,1.2716013193130493,1.2610498666763306,1.2689067125320435,0,-0.004247212033996563,0.0854969758560344,1.35212815284729
2014-10-13,1.2640947103500366,1.269999384880066,1.2635036706924438,1.263982892036438,0,-0.0038879125951955125,0.08597424203748026,1.3516500633955002
2014-10-14,1.272248387336731,1.2732040882110596,1.264080286026001,1.272394061088562,0,0.006632452542418983,0.08909746971757829,1.3511960512399674
2014-10-15,1.2644143104553223,1.2840431928634644,1.2626103162765503,1.2639029026031494,0,-0.006695738180943411,0.09134199864815565,1.3507073795795441
2014-10-16,1.2820513248443604,1.284438967704773,1.2710679769515991,1.2821663618087769,0,0.014346642267713119,0.10569999819779075,1.350332201719284
2014-10-17,1.2807542085647583,1.283489465713501,1.2746502161026,1.280442476272583,0,-0.0013454146966292945,0.10176304012739068,1.3499308598041535
2014-10-20,1.2748922109603882,1.2788541316986084,1.2732398509979248,1.274957299232483,0,-0.00429301553282247,0.1005838188774151,1.3494697219133378
2014-10-21,1.2795250415802002,1.2839277982711792,1.271709680557251,1.2795250415802002,0,0.003576260554283605,0.09953220651858204,1.3490323573350906
2014-10-22,1.2714234590530396,1.2739096879959106,1.2651101350784302,1.2714719772338867,0,-0.006313681308307219,0.10168721742376872,1.3485554748773574
2014-10-23,1.2645422220230103,1.2675796747207642,1.261702299118042,1.2641425132751465,0,-0.005781229284117251,0.10326099699336469,1.348076519370079
2014-10-24,1.2650701999664307,1.2695107460021973,1.2635835409164429,1.2654062509536743,0,0.0009991804084093232,0.1017025683614504,1.3475945299863816
2014-10-27,1.2676842212677002,1.2721998691558838,1.2667094469070435,1.2676681280136108,0,0.0017858754404349979,0.10189467717575788,1.3471690756082535
2014-10-28,1.2702445983886719,1.2762998342514038,1.2686975002288818,1.270147681236267,0,0.0019540850857833057,0.09951335535656594,1.3467452973127365
2014-10-29,1.2738043069839478,1.2769794464111328,1.2725075483322144,1.273836612701416,0,0.0029001232904505023,0.0998947925211673,1.3463349115848542
2014-10-30,1.2632323503494263,1.2634079456329346,1.2558696269989014,1.2632802724838257,0,-0.008321572566705956,0.10272621367686964,1.345880190730095
2014-10-31,1.2610021829605103,1.2610021829605103,1.249125599861145,1.2613362073898315,0,-0.0015400877667940134,0.10286319006397228,1.345342338681221
2014-11-03,1.2503281831741333,1.2511416673660278,1.2442917823791504,1.2503125667572021,0,-0.008778067643115502,0.10619073494133417,1.3447499305009842
2014-11-04,1.2492660284042358,1.2568103075027466,1.2492660284042358,1.2495938539505005,0,-0.0005749917841322348,0.09709586177165017,1.3441605734825135
2014-11-05,1.2553982734680176,1.2567076683044434,1.245969295501709,1.2552564144134521,0,0.004521284310398561,0.09086494925127402,1.3436093324422835
2014-11-06,1.2477695941925049,1.2533605098724365,1.2402100563049316,1.2480031251907349,0,-0.005795091884752446,0.09241561134115299,1.343020052909851
2014-11-07,1.238175392150879,1.2442995309829712,1.236390471458435,1.238006830215454,0,-0.00804208271928087,0.09245918076063159,1.3424307018518449
2014-11-10,1.2461835145950317,1.2508692741394043,1.2430498600006104,1.246137022972107,0,0.006545693217500635,0.09573755972471927,1.3419172978401184
2014-11-11,1.242714524269104,1.2441989183425903,1.2396397590637207,1.242992639541626,0,-0.0025264936177730552,0.09531064077156536,1.3413697469234467
2014-11-12,1.2478007078170776,1.25,1.2431780099868774,1.2475829124450684,0,0.003686118333005689,0.09293351560467515,1.3408497178554535
2014-11-13,1.243193507194519,1.2490195035934448,1.243193507194519,1.242992639541626,0,-0.0036861183330056473,0.09115168858352833,1.340297132730484
2014-11-14,1.2475050687789917,1.2493003606796265,1.2399563789367676,1.2475982904434204,0,0.0036984444905884704,0.07487571095087937,1.3397390604019166
2014-11-17,1.2521443367004395,1.2575926780700684,1.2448292970657349,1.251846432685852,0,0.0033992720813102516,0.07662416018826297,1.3391886228322982
2014-11-18,1.2451130151748657,1.2535696029663086,1.2451130151748657,1.2448959350585938,0,-0.005567667430865188,0.07742162755405069,1.3385900515317917
2014-11-19,1.2533998489379883,1.2570995092391968,1.251392126083374,1.253337025642395,0,0.0067576745958032635,0.08058146751951119,1.3380372220277785
2014-11-20,1.2542959451675415,1.2575294971466064,1.2506800889968872,1.2540757656097412,0,0.00058924481146331,0.07834658001770883,1.3375125533342362
2014-11-21,1.2543588876724243,1.2567235231399536,1.2406902313232422,1.2545005083084106,0,0.0003386324802194491,0.07613938913698756,1.3369456720352173
2014-11-24,1.237424612045288,1.2440301179885864,1.237424612045288,1.2375012636184692,0,-0.013643255446288693,0.08869497269827803,1.3362832063436507
2014-11-25,1.2435954809188843,1.247889518737793,1.2406023740768433,1.2433171272277832,0,0.004688673935398437,0.0904224867517996,1.3356475669145584
2014-11-26,1.2478941679000854,1.2524595260620117,1.2444404363632202,1.24806547164917,0,0.003811819327120834,0.09139124725608828,1.335006907582283
2014-11-27,1.2505470514297485,1.252097249031067,1.246618628501892,1.2505940198898315,0,0.002023924518213486,0.09098954246324004,1.3343946689367294
2014-11-28,1.2458264827728271,1.248953938484192,1.2431100606918335,1.246199131011963,0,-0.0035204305292648487,0.08749277177274477,1.3337650716304779
2014-12-01,1.2437965869903564,1.250589370727539,1.2422822713851929,1.2438275814056396,0,-0.001904839262628329,0.08754872393989159,1.3331152284145356
2014-12-02,1.247007131576538,1.2478007078170776,1.2395721673965454,1.247007131576538,0,0.002553001113484618,0.08300028685990228,1.3324822264909744
2014-12-03,1.2388043403625488,1.2392956018447876,1.2302998304367065,1.2388503551483154,0,-0.006562569049886793,0.08594765303462146,1.3318034368753433
2014-12-04,1.2312238216400146,1.2431780099868774,1.229770302772522,1.231663703918457,0,-0.005817956368221108,0.08593398654216801,1.3311207807064056
2014-12-05,1.2385741472244263,1.2392494678497314,1.2275059223175049,1.2386661767959595,0,0.005669276550895459,0.08688294902750272,1.3304603838920592
2014-12-08,1.2296946048736572,1.2303906679153442,1.2247997522354126,1.2294074296951294,0,-0.007502847978101314,0.08630013844635796,1.329718945622444
2014-12-09,1.2314057350158691,1.2447998523712158,1.2293771505355835,1.2315119504928589,0,0.0017103537220306037,0.08300746065054347,1.3290079963207244
2014-12-10,1.238712191581726,1.2435954809188843,1.2362926006317139,1.2394952774047852,0,0.006461619859937172,0.08610896807976476,1.3283348870277405
2014-12-11,1.2480031251907349,1.2495938539505005,1.2374200820922852,1.2473959922790527,0,0.0063539098402195645,0.08807378483638705,1.3277047729492188
2014-12-12,1.2391266822814941,1.2477073669433594,1.2386692762374878,1.2394952774047852,0,-0.0063539098402196174,0.08994292007411402,1.3269707053899764
2014-12-15,1.2464786767959595,1.248000144958496,1.2417100667953491,1.2463544607162476,0,0.005518596409306962,0.09113329873917858,1.3262631410360337
2014-12-16,1.2443537712097168,1.2565702199935913,1.2436264753341675,1.2443537712097168,0,-0.0016065229248346349,0.09039456540254967,1.32554547727108
2014-12-17,1.2513765096664429,1.2515957355499268,1.239009976387024,1.2512043714523315,0,0.005490248721144899,0.09036971079537441,1.3248724526166915
2014-12-18,1.2338062524795532,1.2351473569869995,1.226670265197754,1.2338976860046387,0,-0.013928575040830933,0.09952124347469675,1.3240896755456923
2014-12-19,1.2291052341461182,1.23099946975708,1.2254902124404907,1.229044795036316,0,-0.003940731288586331,0.09999243807038546,1.3233022022247314
2014-12-22,1.2224938869476318,1.2280004024505615,1.2223594188690186,1.2225985527038574,0,-0.005258723454903546,0.10095179683731659,1.322458673119545
2014-12-23,1.2224639654159546,1.2249993085861206,1.216570258140564,1.2223743200302124,0,-0.00018342344553128737,0.09029782961668945,1.3216072416305542
2014-12-24,1.2175966501235962,1.2221053838729858,1.2170928716659546,1.217492938041687,0,-0.0040013557994161555,0.08890936444600629,1.3207292687892913
2014-12-25,1.2198543548583984,1.2255953550338745,1.2191553115844727,1.2198543548583984,0,0.0019376947736993472,0.0878623658164868,1.3199189323186875
2014-12-26,1.2211055755615234,1.222299575805664,1.2169995307922363,1.2210012674331665,0,0.0009397628017831247,0.08745776038952831,1.3191328996419907
2014-12-29,1.2169595956802368,1.2219994068145752,1.2169595956802368,1.216944694519043,0,-0.0033278642933047666,0.08739425099236012,1.3183198350667953
2014-12-30,1.2154951095581055,1.2189993858337402,1.2124900817871094,1.215347409248352,0,-0.001313399404478628,0.08735228637696733,1.317477114200592
2014-12-31,1.2162047624588013,1.2169743776321411,1.21053946018219,1.2162047624588013,0,0.0007051900888287724,0.0866091957180728,1.3166486251354217
2015-01-01,1.2098628282546997,1.2098628282546997,1.2098628282546997,1.2098628282546997,0,-0.005228171444292634,0.08568483976126555,1.3158069002628325
2015-01-02,1.2088682651519775,1.208956003189087,1.2010799646377563,1.2089413404464722,0,-0.0007619367162765674,0.0839704037756211,1.3149809265136718
2015-01-05,1.195500135421753,1.1975904703140259,1.1889094114303589,1.194643259048462,0,-0.011897438565102713,0.08861090492207843,1.3140780770778655
2015-01-06,1.1938302516937256,1.1969999074935913,1.1886931657791138,1.193901538848877,0,-0.0006210645277236351,0.08612717611642173,1.313160058259964
2015-01-07,1.1874792575836182,1.1900001764297485,1.1804006099700928,1.1875356435775757,0,-0.00534627617400705,0.0863894429727629,1.312200328707695
2015-01-08,1.1838942766189575,1.184805989265442,1.1756006479263306,1.1836000680923462,0,-0.0033195730466938967,0.08118926414936094,1.3112342160940171
2015-01-09,1.1794260740280151,1.1838297843933105,1.176830530166626,1.1796069145202637,0,-0.0033794393820058676,0.07504069835008484,1.3102703398466111
2015-01-12,1.1870139837265015,1.1872000694274902,1.1788004636764526,1.187070369720459,0,0.006307137852062381,0.07985246357787819,1.309353654384613
2015-01-13,1.1832358837127686,1.1859019994735718,1.1756504774093628,1.1831519603729248,0,-0.003306367396404937,0.07500697314028454,1.30839788377285
2015-01-14,1.1776759624481201,1.184356927871704,1.173060417175293,1.1778285503387451,0,-0.004509498516605509,0.07525563421404326,1.3073903799057007
2015-01-15,1.178383708000183,1.1788560152053833,1.1592293977737427,1.1785920858383179,0,0.0006480468848150304,0.07039584808152949,1.306355829834938
2015-01-16,1.1639004945755005,1.1650002002716064,1.1464300155639648,1.1637378931045532,0,-0.012683432307938381,0.06801812488486557,1.3052313286066055
2015-01-19,1.156376838684082,1.1638705730438232,1.155401587486267,1.1566041707992554,0,-0.006148873386060637,0.06891399613002959,1.3040912514925003
2015-01-20,1.1597026586532593,1.1615993976593018,1.1569199562072754,1.1597968339920044,0,0.002756573846945433,0.07100843975013643,1.3029816770553588
2015-01-21,1.1546677350997925,1.1663997173309326,1.1543744802474976,1.1546944379806519,0,-0.004409093556812298,0.07077149042375698,1.3018491673469543
2015-01-22,1.1616965532302856,1.1642893552780151,1.1414000988006592,1.1615345478057861,0,0.005906263803163871,0.0765813726253881,1.3007433146238327
2015-01-23,1.1346487998962402,1.1373976469039917,1.1121799945831299,1.1346745491027832,0,-0.02339614797820338,0.10439778853705715,1.2995106095075608
2015-01-26,1.1140819787979126,1.1283994913101196,1.1140819787979126,1.1125450134277344,0,-0.019695673188945495,0.11716490036909902,1.2981657308340073
2015-01-27,1.1250998973846436,1.14199960231781,1.1226003170013428,1.1247708797454834,0,0.01092915671812222,0.1286957040957759,1.2968920820951462
2015-01-28,1.1366994380950928,1.138200283050537,1.1307804584503174,1.1367381811141968,0,0.01058356411852316,0.13781051697316707,1.2956707447767257
2015-01-29,1.1284770965576172,1.1368002891540527,1.126405119895935,1.1281461715698242,0,-0.007587187178921266,0.13785555681710376,1.2944018673896789
2015-01-30,1.1337354183197021,1.1363998651504517,1.1285994052886963,1.13355553150177,0,0.004783451539234167,0.14068005048797574,1.2931536328792572
2015-02-02,1.130467176437378,1.1359995603561401,1.1292927265167236,1.1309019327163696,0,-0.002343696043751205,0.1404550227901228,1.2918878227472306
2015-02-03,1.1336969137191772,1.1450005769729614,1.1317901611328125,1.1341726779937744,0,0.002887982175268975,0.1382098747712014,1.290632231235504
2015-02-04,1.1456853151321411,1.1484194993972778,1.1404199600219727,1.145737886428833,0,0.010145404662095805,0.14489849449454997,1.2894540798664094
2015-02-05,1.131721019744873,1.1460003852844238,1.1316953897476196,1.131874680519104,0,-0.012173604340968083,0.14878636401410839,1.2881788325309753
2015-02-06,1.1470915079116821,1.147599697113037,1.132002830505371,1.147196888923645,0,0.013446211575507286,0.1583470182563412,1.2869793307781219
2015-02-09,1.1314777135849,1.1359995603561401,1.1271694898605347,1.1314393281936646,0,-0.013830915005197415,0.16395990485464806,1.28570017516613
2015-02-10,1.1326054334640503,1.1350003480911255,1.127559781074524,1.1326953172683716,0,0.001109465116006892,0.16161958130835447,1.2844256633520126
2015-02-11,1.1319515705108643,1.1331958770751953,1.128860592842102,1.1321951150894165,0,-0.00044170100234545756,0.1616844548739089,1.2831212985515594
2015-02-12,1.130825161933899,1.1398193836212158,1.1306205987930298,1.131196141242981,0,-0.000882723133711319,0.16149042509027206,1.2818214344978331
2015-02-13,1.1404849290847778,1.1450005769729614,1.138200283050537,1.140393853187561,0,0.008098083044709882,0.16500911808552304,1.2806012642383575
2015-02-16,1.1397050619125366,1.1435000896453857,1.1397050619125366,1.1400039196014404,0,-0.0003419873449920823,0.15999711084691287,1.2794209605455398
2015-02-17,1.1333627700805664,1.1442302465438843,1.1325156688690186,1.1334012746810913,0,-0.005808611242167605,0.1598629230190257,1.2782096308469773
2015-02-18,1.1404979228973389,1.1415003538131714,1.1347800493240356,1.1404719352722168,0,0.006219065644784293,0.16132187163701076,1.2770572292804718
2015-02-19,1.1400818824768066,1.1450005769729614,1.135620355606079,1.1400039196014404,0,-0.00041045440261669463,0.16078854344175297,1.2758972209692
2015-02-20,1.1366735696792603,1.1375994682312012,1.1282098293304443,1.1366735696792603,0,-0.0029256250068887004,0.15918154019071942,1.2747223484516144
2015-02-23,1.1379412412643433,1.1393024921417236,1.1296601295471191,1.1381484270095825,0,0.0012966795108525343,0.136887636444433,1.273561428785324
2015-02-24,1.1334141492843628,1.1347401142120361,1.1290695667266846,1.1332985162734985,0,-0.0042703336043747155,0.11781706305032716,1.2723709976673125
2015-02-25,1.1340696811676025,1.1388003826141357,1.1337804794311523,1.1339025497436523,0,0.0005328450956548737,0.11200508339165743,1.2711884731054306
2015-02-26,1.1362732648849487,1.1378804445266724,1.1202698945999146,1.1363636255264282,0,0.0021680953305266886,0.10598198774487103,1.270029410123825
2015-02-27,1.120360255241394,1.1249998807907104,1.117680549621582,1.1205360889434814,0,-0.014026140340517966,0.11383437985301915,1.2688048470020294
2015-03-02,1.117093801498413,1.1240400075912476,1.1163954734802246,1.1161960363388062,0,-0.0038807132980833957,0.1128906668675361,1.2675714242458342
2015-03-03,1.1176680326461792,1.1214005947113037,1.115599513053894,1.1179054975509644,0,0.0015303346959355403,0.11299265171024826,1.2663352924585343
2015-03-04,1.1184055805206299,1.118806004524231,1.1062803268432617,1.118217945098877,0,0.0002794546526248074,0.1123519910241586,1.265107890367508
2015-03-05,1.1079963445663452,1.1108901500701904,1.1010500192642212,1.1082050800323486,0,-0.008994636203198564,0.10862894839767791,1.2638522052764893
2015-03-06,1.103399634361267,1.103399634361267,1.0852224826812744,1.1032048463821411,0,-0.004522220970351142,0.10228067311711557,1.2625659716129303
2015-03-09,1.0845634937286377,1.0910003185272217,1.0837758779525757,1.0845986604690552,0,-0.017009420131539596,0.10165884400338121,1.26117493391037
2015-03-10,1.0835762023925781,1.0837054252624512,1.0705904960632324,1.0833414793014526,0,-0.001159793377558223,0.09326318558812269,1.2597921580076217
2015-03-11,1.070939064025879,1.0714553594589233,1.0561401844024658,1.0708701610565186,0,-0.011578674390493175,0.09804965229428675,1.25833600461483
2015-03-12,1.0549412965774536,1.0681501626968384,1.0501554012298584,1.0548745393753052,0,-0.015049712776884282,0.1065511693394238,1.2568083041906357
2015-03-13,1.062597632408142,1.0629997253417969,1.0486302375793457,1.0626314878463745,0,0.007326527593731302,0.11258807153294399,1.255290487408638
2015-03-16,1.0484488010406494,1.0613998174667358,1.0484488010406494,1.0481630563735962,0,-0.013709205487791821,0.11088849423122718,1.2537098342180253
2015-03-17,1.057283639907837,1.064900279045105,1.055297613143921,1.0572947263717651,0,0.008674338979073777,0.11877099618494136,1.2521999669075012
2015-03-18,1.0595914125442505,1.064599871635437,1.0580499172210693,1.0598047971725464,0,0.0023712366367233243,0.12021412791431163,1.2507285100221635
2015-03-19,1.0843987464904785,1.0914051532745361,1.0621405839920044,1.0849988460540771,0,0.0234941858924157,0.14876742358184233,1.249384948015213
2015-03-20,1.067270040512085,1.0814902782440186,1.065719723701477,1.066894292831421,0,-0.016827025546640437,0.15669491398298926,1.2479421478509902
2015-03-23,1.082602620124817,1.094369649887085,1.0769503116607666,1.0826611518859863,0,0.014670142016394026,0.1684365159669798,1.246586439013481
2015-03-24,1.0947985649108887,1.1030004024505615,1.0893305540084839,1.094499111175537,0,0.010874785980817097,0.17419609569086997,1.2452703446149826
2015-03-25,1.0910598039627075,1.1012972593307495,1.0910003185272217,1.0902034044265747,0,-0.0039325375004806,0.1741411777074213,1.2439473956823348
2015-03-26,1.0966475009918213,1.1045196056365967,1.0912598371505737,1.0960465669631958,0,0.005345387331017505,0.1757600233740176,1.2426323038339615
2015-03-27,1.0885539054870605,1.089538335800171,1.0805296897888184,1.0886367559432983,0,-0.006783444864340464,0.1760662503250699,1.2412698036432266
2015-03-30,1.0881984233856201,1.0884946584701538,1.0811103582382202,1.0884946584701538,0,-0.00013053642274932147,0.17064677024944716,1.2399157512187957
2015-03-31,1.0829074382781982,1.0843517780303955,1.071765422821045,1.0830246210098267,0,-0.005037992599711713,0.17090721856159094,1.2385299110412598
2015-04-01,1.0741022825241089,1.0800302028656006,1.072129726409912,1.073814034461975,0,-0.008540873017487882,0.1722597865016367,1.2370960748195647
2015-04-02,1.0769827365875244,1.0896902084350586,1.0752688646316528,1.0769942998886108,0,0.002957276753665615,0.17293827642083198,1.235666550397873
2015-04-03,1.0870983600616455,1.1021955013275146,1.0865904092788696,1.087074637413025,0,0.009316163877554637,0.17494573548646378,1.2342954057455062
2015-04-06,1.1001462936401367,1.103594422340393,1.0968520641326904,1.100134253501892,0,0.011941951539813292,0.17989700216956897,1.2329738640785217
2015-04-07,1.0934817790985107,1.095554232597351,1.0837700366973877,1.0934817790985107,0,-0.0060653229178221696,0.17072130986159073,1.2315944904088973
2015-04-08,1.0824971199035645,1.088999629020691,1.078950047492981,1.0824151039123535,0,-0.010172146205242448,0.17456246173238982,1.230166152715683
2015-04-09,1.0784345865249634,1.0790047645568848,1.067000150680542,1.078527569770813,0,-0.0035980022818393863,0.17004681143350292,1.22873229265213
2015-04-10,1.0667235851287842,1.068349838256836,1.0571495294570923,1.0669056177139282,0,-0.010834236933770044,0.16581431405720193,1.2272617846727372
2015-04-13,1.0608278512954712,1.0619995594024658,1.0521597862243652,1.0609854459762573,0,-0.00556437038889904,0.16517836542704029,1.2257724952697755
2015-04-14,1.0574960708618164,1.0706901550292969,1.0532501935958862,1.0572947263717651,0,-0.0034846413494175107,0.15819327735023575,1.2242558777332306
2015-04-15,1.0647926330566406,1.0668703317642212,1.0574603080749512,1.0647132396697998,0,0.006992003460704671,0.15719045921065355,1.22277088701725
2015-04-16,1.0677144527435303,1.0762397050857544,1.0627998113632202,1.0676802396774292,0,0.002782790278670431,0.1572641482898465,1.2212878197431565
2015-04-17,1.0759977102279663,1.0846904516220093,1.073509693145752,1.0755579471588135,0,0.007351252890400624,0.1358126731422718,1.2198630732297897
2015-04-20,1.0810226202011108,1.0818647146224976,1.0716196298599243,1.0810226202011108,0,0.0050679161456982395,0.12305692856907238,1.2184662985801697
2015-04-21,1.0748181343078613,1.076500415802002,1.0661594867706299,1.0747487545013428,0,-0.005820546172887794,0.11370907751595212,1.2170291668176652
2015-04-22,1.073825478553772,1.0799999237060547,1.0710101127624512,1.074171543121338,0,-0.0005372106117897189,0.10613534809883667,1.2156140148639678
2015-04-23,1.0725010633468628,1.0818202495574951,1.0671299695968628,1.0725815296173096,0,-0.0014813196868964213,0.10558902460568868,1.2142119377851486
2015-04-24,1.0815136432647705,1.0897995233535767,1.078771948814392,1.0815019607543945,0,0.008282392182623336,0.10819248150848851,1.2128600418567657
2015-04-27,1.0867438316345215,1.0904899835586548,1.082390546798706,1.086897373199463,0,0.004976411397304738,0.10744021242439016,1.2115284454822541
2015-04-28,1.0877013206481934,1.0988999605178833,1.0861797332763672,1.0877959728240967,0,0.0008264150689745702,0.10748523924334336,1.2102039051055908
2015-04-29,1.0972130298614502,1.1175994873046875,1.096059799194336,1.096912145614624,0,0.008345486175603142,0.10960687437445556,1.2089544594287873
2015-04-30,1.1113210916519165,1.1247594356536865,1.107299566268921,1.1114321947097778,0,0.013150357104829433,0.11251455598385336,1.2077801525592804
2015-05-01,1.1215037107467651,1.1289701461791992,1.118599534034729,1.1214659214019775,0,0.008987238741826697,0.11530858966584268,1.2066551077365875
2015-05-04,1.1190940141677856,1.1223105192184448,1.1124002933502197,1.1185932159423828,0,-0.0025648492814611475,0.11303796958908822,1.205533600449562
2015-05-05,1.1150012016296387,1.1209995746612549,1.1068999767303467,1.1149141788482666,0,-0.0032944063047326937,0.10724145675420627,1.2043886440992355
2015-05-06,1.1184431314468384,1.1365302801132202,1.1178054809570312,1.1186307668685913,0,0.003327975519527869,0.10475391479691892,1.2032762390375138
2015-05-07,1.1339282989501953,1.1390599012374878,1.1238203048706055,1.1341469287872314,0,0.013775355917792378,0.10518119379510929,1.2022489601373672
2015-05-08,1.1245051622390747,1.1289000511169434,1.1185194253921509,1.1246949434280396,0,-0.008368926256090859,0.10970909102558825,1.2011774706840515
2015-05-11,1.1196954250335693,1.1202975511550903,1.1134605407714844,1.1194071769714355,0,-0.004712598588704311,0.10250133975922085,1.2000600332021714
2015-05-12,1.1146035194396973,1.127789855003357,1.113598108291626,1.114441990852356,0,-0.00444541589227636,0.10148963534410933,1.198921194076538
2015-05-13,1.1218937635421753,1.1382806301116943,1.1205499172210693,1.1221455335617065,0,0.006888684738586101,0.10034248768948004,1.1978457313776016
2015-05-14,1.134803295135498,1.1443794965744019,1.1342240571975708,1.1350480318069458,0,0.011432461064799745,0.10378066041243186,1.196829501390457
2015-05-15,1.140393853187561,1.1451002359390259,1.1324695348739624,1.1404979228973389,0,0.0047899727089588595,0.10394926212656379,1.1958528566360473
2015-05-18,1.1444004774093628,1.1447004079818726,1.1338794231414795,1.144505262374878,0,0.0035075168488019185,0.1028348132151919,1.1948727905750274
2015-05-19,1.132541298866272,1.1326183080673218,1.1120996475219727,1.1326183080673218,0,-0.010440419164911752,0.1124135286994048,1.1938434273004532
2015-05-20,1.1146780252456665,1.1150758266448975,1.1065741777420044,1.1146656274795532,0,-0.01597756493461942,0.12622547531459258,1.1927336931228638
2015-05-21,1.1103092432022095,1.1180005073547363,1.1085859537124634,1.1100751161575317,0,-0.004126789020246717,0.12764470198022151,1.191600112915039
2015-05-22,1.1110987663269043,1.1209995746612549,1.1006996631622314,1.1111851930618286,0,0.000999501942301675,0.1271870242964431,1.190474048256874
2015-05-25,1.0992151498794556,1.1010003089904785,1.096070647239685,1.0992997884750366,0,-0.010753766006082483,0.13175584102462784,1.1892753142118453
2015-05-26,1.0971288681030273,1.0971288681030273,1.0875203609466553,1.0971167087554932,0,-0.0019878565301065165,0.13116655941358965,1.1880803358554841
2015-05-27,1.0887553691864014,1.093000054359436,1.0821995735168457,1.08888578414917,0,-0.007530607610023686,0.13402445114747052,1.186863781809807
2015-05-28,1.0897995233535767,1.0950000286102295,1.0868797302246094,1.0900014638900757,0,0.0010240822139052667,0.13067076761444152,1.1856835442781448
2015-05-29,1.0957943201065063,1.1003496646881104,1.0929105281829834,1.0960345268249512,0,0.005519651348569679,0.12323545697012553,1.1845240515470505
2015-06-01,1.095902442932129,1.0979998111724854,1.0888904333114624,1.0957943201065063,0,-0.00021918382883109443,0.11817316343267985,1.1834036701917647
2015-06-02,1.0922753810882568,1.116629719734192,1.091941475868225,1.0922993421554565,0,-0.0031945441674160616,0.1182914038281901,1.1822706878185272
2015-06-03,1.1148271560668945,1.1283293962478638,1.1086794137954712,1.1150012016296387,0,0.020570519995353528,0.1397398866257981,1.1812605941295624
2015-06-04,1.126227617263794,1.1376047134399414,1.1232597827911377,1.1257838010787964,0,0.00962402252899677,0.14328414635090755,1.1802940768003465
2015-06-05,1.121604323387146,1.128020167350769,1.105180025100708,1.120787262916565,0,-0.004448153437737399,0.13538390587151974,1.1793055337667466
2015-06-08,1.1105434894561768,1.1242802143096924,1.1088072061538696,1.1108149290084839,0,-0.008937435466511465,0.13581050568940561,1.1782956892251968
2015-06-09,1.1281970739364624,1.1339694261550903,1.1216697692871094,1.128095269203186,0,0.015436691791918054,0.14568389071055718,1.1773701775074006
2015-06-10,1.1293309926986694,1.138200283050537,1.1266602277755737,1.1299052238464355,0,0.001603148481557447,0.14466898037280962,1.1764537155628205
2015-06-11,1.131298542022705,1.132054090499878,1.118879795074463,1.131196141242981,0,0.0011418484431849935,0.14290848617758034,1.1755342096090318
2015-06-12,1.1245051622390747,1.1293296813964844,1.1152499914169312,1.1240627765655518,0,-0.006326003998797131,0.13878832936318944,1.1746881425380706
2015-06-15,1.1217930316925049,1.1258105039596558,1.1191502809524536,1.1219944953918457,0,-0.0018416999282599,0.13752113809900002,1.1738214313983917
2015-06-16,1.1277008056640625,1.133009672164917,1.1211603879928589,1.1277008056640625,0,0.005072973666452048,0.13824098017820347,1.173014394044876
2015-06-17,1.1242396831512451,1.129110336303711,1.122949481010437,1.124201774597168,0,-0.0031076245602327905,0.13400267076546632,1.1721644186973572
2015-06-18,1.1364152431488037,1.1428401470184326,1.1341005563735962,1.1369967460632324,0,0.011317102775775476,0.12708747378335852,1.1713908725976945
2015-06-19,1.1372941732406616,1.1387965679168701,1.12959885597229,1.1370742321014404,0,6.814742282183998e-05,0.12580258673294908,1.1706144589185714
2015-06-22,1.1362345218658447,1.1410002708435059,1.1316006183624268,1.1372941732406616,0,0.00019340854312802777,0.1258452626397765,1.1698208886384964
2015-06-23,1.1346230506896973,1.1346230506896973,1.113770604133606,1.13490629196167,0,-0.0021018234919251122,0.11895185734748567,1.1690255242586136
2015-06-24,1.1177055835723877,1.1239995956420898,1.1162832975387573,1.1172186136245728,0,-0.015707869466468967,0.1327422970886784,1.16813207924366
2015-06-25,1.1207119226455688,1.1224100589752197,1.1156704425811768,1.1206992864608765,0,0.0031106374749242938,0.1293371420362005,1.1673105746507644
2015-06-26,1.1203854084014893,1.1219995021820068,1.1136304140090942,1.1202975511550903,0,-0.0003585326880844614,0.12947252416222924,1.1664520305395127
2015-06-29,1.0982975959777832,1.119740605354309,1.0982975959777832,1.0975021123886108,0,-0.020557530003985847,0.1488423728620882,1.1655188304185868
2015-06-30,1.121604323387146,1.1238796710968018,1.1123000383377075,1.122296690940857,0,0.02234041188051138,0.16763187483850914,1.1647045695781708
2015-07-01,1.1134989261627197,1.1167594194412231,1.106119990348816,1.1134989261627197,0,-0.00786995923882678,0.16992121755131018,1.1638450813293457
2015-07-02,1.1037039756774902,1.1121602058410645,1.1037039756774902,1.103363037109375,0,-0.0091444211248127,0.157323979390872,1.1629728549718856
2015-07-03,1.108598232269287,1.1119993925094604,1.108270287513733,1.1086965799331665,0,0.004822250827471875,0.15428061171019838,1.162137810587883
2015-07-06,1.0997954607009888,1.1091405153274536,1.0997954607009888,1.0995051860809326,0,-0.008324825272776826,0.156032848964172,1.1612987631559373
2015-07-07,1.1048015356063843,1.105265498161316,1.0916804075241089,1.1048991680145264,0,0.004893832375966082,0.15441815177832027,1.1604778397083282
2015-07-08,1.1009942293167114,1.109010100364685,1.0975021123886108,1.1009942293167114,0,-0.003540463724615513,0.14374543984645627,1.1596686428785323
2015-07-09,1.1072357892990112,1.1116199493408203,1.102290391921997,1.1071009635925293,0,0.0055312378423183215,0.14533143332616377,1.1588920521736146
2015-07-10,1.1063048839569092,1.1219995021820068,1.1056197881698608,1.1063048839569092,0,-0.000719325532484412,0.1451333934057191,1.1580882877111436
2015-07-13,1.1129041910171509,1.119759440422058,1.1007699966430664,1.1129041910171509,0,0.005947458116812767,0.1457480060088246,1.157396004796028
2015-07-14,1.0985147953033447,1.1074001789093018,1.0968496799468994,1.099045991897583,0,-0.012530463436316726,0.15159678924903722,1.1565682035684586
2015-07-15,1.100897192955017,1.1040000915527344,1.0936096906661987,1.1008002758026123,0,0.0015949153380938235,0.15031921847708823,1.155738200545311
2015-07-16,1.0938884019851685,1.0950000286102295,1.0859402418136597,1.0943553447723389,0,-0.005871975078522234,0.15107600784780598,1.154838439822197
2015-07-17,1.0886012315750122,1.0910003185272217,1.0843905210494995,1.0886012315750122,0,-0.005271865310069692,0.14442858224531052,1.1539369124174117
2015-07-20,1.0832945108413696,1.0871999263763428,1.0821573734283447,1.0830246210098267,0,-0.005135896514216152,0.14458226876016636,1.1530321210622787
2015-07-21,1.083482265472412,1.0940704345703125,1.081270456314087,1.0835410356521606,0,0.00047671267245076127,0.14464761641322704,1.1520878559350967
2015-07-22,1.093900442123413,1.097000002861023,1.0881404876708984,1.0939961671829224,0,0.009602785990565396,0.15042277481798014,1.1512383222579956
2015-07-23,1.0927051305770874,1.1019999980926514,1.0923947095870972,1.0927051305770874,0,-0.0011808076001654936,0.14159472551919525,1.1502910161018371
2015-07-24,1.0988407135009766,1.0996019840240479,1.092789888381958,1.0989010334014893,0,0.005654226962210038,0.1428068957455019,1.1493833088874816
2015-07-27,1.0974057912826538,1.112999439239502,1.0974057912826538,1.0972371101379395,0,-0.0015153177743711492,0.14280424595458863,1.148494707942009
2015-07-28,1.1091023683547974,1.1100996732711792,1.1023000478744507,1.109004020690918,0,0.010667031779729927,0.12921371227172665,1.1476421028375625
2015-07-29,1.106549620628357,1.108598232269287,1.1014198064804077,1.1065986156463623,0,-0.002171333388186789,0.10204492439859306,1.146817736029625
2015-07-30,1.0983941555023193,1.099000096321106,1.091130018234253,1.098406195640564,0,-0.0074307844230215424,0.10166516709735411,1.145989054441452
2015-07-31,1.0941756963729858,1.1110296249389648,1.0923899412155151,1.0939244031906128,0,-0.0040886157368478495,0.09777668153847038,1.1451316452026368
2015-08-03,1.0969001054763794,1.09954035282135,1.0943995714187622,1.0969001054763794,0,0.0027165152698595996,0.09662240634015931,1.1442778050899505
2015-08-04,1.0953983068466187,1.0995995998382568,1.0933502912521362,1.09560227394104,0,-0.0011838816679125206,0.09241971024194558,1.1434050780534744
2015-08-05,1.0886012315750122,1.0918794870376587,1.0850305557250977,1.0888975858688354,0,-0.006138438595033697,0.09270548875990053,1.1424803829193115
2015-08-06,1.0904054641723633,1.093460202217102,1.0877498388290405,1.0903104543685913,0,0.0012966808782204785,0.09234821877518509,1.1416155338287353
2015-08-07,1.0922038555145264,1.0968605279922485,1.0859096050262451,1.0927051305770874,0,0.0021939166953536663,0.09031951620550405,1.1407723784446717
2015-08-10,1.095902442932129,1.0999999046325684,1.0927098989486694,1.0965032577514648,0,0.0034698670125750844,0.09142245682457689,1.140003331899643
2015-08-11,1.1017948389053345,1.108589768409729,1.0961499214172363,1.1016976833343506,0,0.004726078634827191,0.09044262358649084,1.1392638510465622
2015-08-12,1.1043744087219238,1.1210297346115112,1.103302240371704,1.104203701019287,0,0.0022721040757417775,0.07946610431859077,1.1385085874795913
2015-08-13,1.1155858039855957,1.1189061403274536,1.1081806421279907,1.1160963773727417,0,0.010712777255804502,0.0873368397903147,1.1378490537405015
2015-08-14,1.1158970594406128,1.1190000772476196,1.110109567642212,1.1160963773727417,0,0.0,0.08411508790920723,1.137239501476288
2015-08-17,1.1094961166381836,1.112599492073059,1.1062498092651367,1.1092993021011353,0,-0.006108663255521878,0.08493923577788727,1.136555312871933
2015-08-18,1.107714056968689,1.1099998950958252,1.102189540863037,1.107800006866455,0,-0.001352483812664581,0.08253038933797882,1.135879349708557
2015-08-19,1.103095293045044,1.1080001592636108,1.1020400524139404,1.1030831336975098,0,-0.004266964851350222,0.08457577334741226,1.1351568508148193
2015-08-20,1.1120007038116455,1.1219995021820068,1.110839605331421,1.1118029356002808,0,0.007873855973152174,0.08250837900180841,1.1345009022951127
2015-08-21,1.1235954761505127,1.1369102001190186,1.123204231262207,1.1236965656280518,0,0.01064079168330274,0.08890345866482287,1.1338813936710357
2015-08-24,1.13779878616333,1.1705996990203857,1.1372941732406616,1.1376951932907104,0,0.012380699998706527,0.09580947716365718,1.13331063747406
2015-08-25,1.1582385301589966,1.1589996814727783,1.140029788017273,1.1583056449890137,0,0.017953830837384836,0.11033598003549501,1.1328776860237122
2015-08-26,1.1554815769195557,1.1558955907821655,1.135500431060791,1.1550945043563843,0,-0.002776123876240186,0.10771606883388697,1.1323864734172822
2015-08-27,1.1339540481567383,1.1361596584320068,1.1211603879928589,1.1340054273605347,0,-0.018426171253778,0.1282851796920001,1.131786121726036
2015-08-28,1.1245051622390747,1.1310003995895386,1.1156704425811768,1.1247961521148682,0,-0.008154170208421229,0.1289188197467549,1.1311375999450684
2015-08-31,1.121176838874817,1.126400113105774,1.1185895204544067,1.1214030981063843,0,-0.0030211537012615167,0.12842639889230456,1.130557109117508
2015-09-01,1.1225990056991577,1.1332305669784546,1.122536063194275,1.1225864887237549,0,0.0010547203374023822,0.1283050725364649,1.1299534559249877
2015-09-02,1.1296244859695435,1.1299996376037598,1.1222903728485107,1.1293437480926514,0,0.006001322367030283,0.12910373350599455,1.1293598473072053
2015-09-03,1.1215037107467651,1.1249998807907104,1.1089695692062378,1.121604323387146,0,-0.006876618169878343,0.12967409107168387,1.1287148988246918
2015-09-04,1.1125946044921875,1.1160004138946533,1.109460473060608,1.1125946044921875,0,-0.00806532276265567,0.13376731047900048,1.128046876192093
2015-09-07,1.1158970594406128,1.1180005073547363,1.1124200820922852,1.115200161933899,0,0.0023391370417215353,0.13378508663258645,1.1274037390947342
2015-09-08,1.1158970594406128,1.122999906539917,1.1153706312179565,1.1163954734802246,0,0.0010712618734940818,0.13347811290654593,1.1267506808042527
2015-09-09,1.1207997798919678,1.1209995746612549,1.1133204698562622,1.1207369565963745,0,0.0038812977792104116,0.1332012963427103,1.126160113811493
2015-09-10,1.1219441890716553,1.1279997825622559,1.1174894571304321,1.1220699548721313,0,0.0011886876448424237,0.1331048974164367,1.1256121450662613
2015-09-11,1.1282861232757568,1.1342202425003052,1.125579833984375,1.1290887594223022,0,0.006235746284049337,0.12974992351281198,1.125064257979393
2015-09-14,1.1344043016433716,1.1372101306915283,1.128770112991333,1.1344043016433716,0,0.004696768975418549,0.1305163883820662,1.1245892423391342
2015-09-15,1.1310937404632568,1.1330032348632812,1.1259803771972656,1.1307612657546997,0,-0.00321657637933327,0.12896987242927097,1.1240854889154435
2015-09-16,1.1272940635681152,1.1311602592468262,1.1214998960494995,1.1271796226501465,0,-0.0031724888166512403,0.12952551329502787,1.1235239106416701
2015-09-17,1.129394769668579,1.134000301361084,1.1287955045700073,1.12920343875885,0,0.001793859106660745,0.1282178781339777,1.1229329478740693
2015-09-18,1.1406019926071167,1.1460003852844238,1.1351704597473145,1.1400948762893677,0,0.009599021060692499,0.12949671155486636,1.122435945868492
2015-09-21,1.1293054819107056,1.1329994201660156,1.118390679359436,1.12920343875885,0,-0.009599021060692518,0.1298778275194298,1.121850190758705
2015-09-22,1.1190940141677856,1.1209995746612549,1.1130800247192383,1.1190940141677856,0,-0.008993020661598322,0.1257267044921295,1.1212238919734956
2015-09-23,1.1121985912322998,1.1190601587295532,1.110679268836975,1.1120749711990356,0,-0.006291828337582641,0.10682779594531219,1.120528244972229
2015-09-24,1.118806004524231,1.1296104192733765,1.1166696548461914,1.1189937591552734,0,0.006202238453062305,0.1104093854409325,1.119953725337982
2015-09-25,1.1181179285049438,1.1204394102096558,1.1118301153182983,1.1178929805755615,0,-0.00098420599399791,0.09168692247894104,1.1193979662656783
2015-09-28,1.120046615600586,1.1241399049758911,1.1152101755142212,1.1201720237731934,0,0.0020366200096589206,0.08794124885425508,1.118885833621025
2015-09-29,1.1233556270599365,1.1280303001403809,1.1194798946380615,1.123103380203247,0,0.0026134625229994684,0.08782666983049493,1.1183894789218902
2015-09-30,1.1254037618637085,1.1262022256851196,1.115799903869629,1.1255937814712524,0,0.0022149734776488374,0.08808182031096394,1.1179299831390381
2015-10-01,1.1171561479568481,1.1209995746612549,1.1138957738876343,1.11720609664917,0,-0.0074796900146919185,0.08912777476619228,1.117416741847992
2015-10-02,1.119494915008545,1.1315301656723022,1.115180253982544,1.1193444728851318,0,0.001912209736439254,0.08638068456340323,1.1169084578752517
2015-10-05,1.1221455335617065,1.1287994384765625,1.1196954250335693,1.1226998567581177,0,0.002993149005734862,0.08190404635895844,1.1164372336864472
2015-10-06,1.119795799255371,1.1279997825622559,1.1176055669784546,1.1195199489593506,0,-0.002836394471725679,0.0823455053325549,1.1159580963850022
2015-10-07,1.1272940635681152,1.128426194190979,1.1214194297790527,1.1267986297607422,0,0.0064805645506604915,0.08516361940549466,1.115511065721512
2015-10-08,1.124201774597168,1.1313101053237915,1.123974323272705,1.1239995956420898,0,-0.002487149252157135,0.0847792521520921,1.1150817495584489
2015-10-09,1.128604531288147,1.137869954109192,1.1270017623901367,1.1286935806274414,0,0.004167448837163841,0.0858652173344054,1.1146805107593536
2015-10-12,1.1369062662124634,1.1399999856948853,1.135839581489563,1.1369967460632324,0,0.007329512343022761,0.08689845591844006,1.1143922781944275
2015-10-13,1.1353960037231445,1.1410002708435059,1.1347002983093262,1.135550618171692,0,-0.0012726934624083094,0.0855711086500534,1.1141005235910415
2015-10-14,1.138511300086975,1.1450005769729614,1.138511300086975,1.138498306274414,0,0.0025924593986939803,0.0851436767248546,1.1138553369045257
2015-10-15,1.1474995613098145,1.1494200229644775,1.1365302801132202,1.147552251815796,0,0.007921078428440172,0.08802602688309814,1.1136750978231431
2015-10-16,1.1366994380950928,1.1399999856948853,1.1339398622512817,1.1368157863616943,0,-0.009400012897170327,0.09479876800071166,1.1134611421823501
2015-10-19,1.1360021829605103,1.1379995346069336,1.1308494806289673,1.1361054182052612,0,-0.0006250706607294275,0.0886028350357954,1.1132063174247742
2015-10-20,1.1331958770751953,1.1390001773834229,1.1325798034667969,1.132900595664978,0,-0.0028248710244674503,0.08240747235955856,1.1129550606012344
2015-10-21,1.1356022357940674,1.1378000974655151,1.13379967212677,1.1353960037231445,0,0.0022002493549996794,0.07559029068129733,1.1127428978681564
2015-10-22,1.1347002983093262,1.1352026462554932,1.113800287246704,1.134803295135498,0,-0.0005221643768558413,0.07140327150959362,1.1125239539146423
2015-10-23,1.1084016561508179,1.1140943765640259,1.1011033058166504,1.108094573020935,0,-0.02381738826847203,0.10931340900840596,1.1122457373142243
2015-10-26,1.1020376682281494,1.1060001850128174,1.1006003618240356,1.1020376682281494,0,-0.00548104755284386,0.11068330221745443,1.1119729048013687
2015-10-27,1.106096863746643,1.107800006866455,1.1031999588012695,1.1065986156463623,0,0.004130108641989425,0.11156484858443966,1.1117069137096405
2015-10-28,1.103594422340393,1.1099998950958252,1.1027060747146606,1.1037039756774902,0,-0.002619226557564859,0.11114906715273871,1.1114519613981246
2015-10-29,1.0925976037979126,1.0981999635696411,1.0910003185272217,1.0928961038589478,0,-0.009840625188651057,0.11477449997077133,1.1111087691783905
2015-10-30,1.099203109741211,1.107200264930725,1.0969964265823364,1.0993843078613281,0,0.00591915423892352,0.11522152848323342,1.1109323179721833
2015-11-02,1.1024993658065796,1.1060001850128174,1.1004005670547485,1.102596640586853,0,0.002917677381930443,0.11556809995036597,1.1108825761079788
2015-11-03,1.1016976833343506,1.1031999588012695,1.0937999486923218,1.1016006469726562,0,-0.0009037246235673501,0.11477711780361181,1.1107667249441147
2015-11-04,1.0965032577514648,1.0966956615447998,1.084799885749817,1.0963950157165527,0,-0.004736716343411822,0.11536761795755199,1.1105650091171264
2015-11-05,1.0866022109985352,1.0900002717971802,1.0837054252624512,1.0868029594421387,0,-0.008787217746186592,0.11502675084987467,1.1103582930564881
2015-11-06,1.0884946584701538,1.0895025730133057,1.0711684226989746,1.0883997678756714,0,0.0014681930105341625,0.11550983012392442,1.1101325142383576
2015-11-09,1.0732377767562866,1.0790001153945923,1.072995901107788,1.0733413696289062,0,-0.013931956563694949,0.12113527843402691,1.1098447114229202
2015-11-10,1.0759745836257935,1.0762755870819092,1.0676004886627197,1.0759514570236206,0,0.002428788339518725,0.117307560080483,1.1095536053180695
2015-11-11,1.0738024711608887,1.0772960186004639,1.0708003044128418,1.0737563371658325,0,-0.0020422502320261928,0.11722580687646283,1.1091936975717545
2015-11-12,1.0764957666397095,1.0799999237060547,1.0693997144699097,1.0762988328933716,0,0.0023650527187023917,0.11709989137709728,1.1089158183336258
2015-11-13,1.080894112586975,1.0811045169830322,1.072199821472168,1.0815019607543945,0,0.004822630486338896,0.11401847212929908,1.1085873436927796
2015-11-16,1.070102334022522,1.0759999752044678,1.070102334022522,1.06999933719635,0,-0.010692750373652691,0.11504142419635568,1.108280143737793
2015-11-17,1.0689013004302979,1.069198489189148,1.064400553703308,1.068798542022705,0,-0.0011228693571087788,0.1149311109064406,1.1079606598615646
2015-11-18,1.0643960237503052,1.0691996812820435,1.063230276107788,1.0643846988677979,0,-0.004138275014857699,0.11500914995899904,1.1076216077804566
2015-11-19,1.0673041343688965,1.0734001398086548,1.067000150680542,1.066996693611145,0,0.002450988884636416,0.1151543844699129,1.1073006105422973
2015-11-20,1.0726966857910156,1.0730005502700806,1.0664005279541016,1.0726161003112793,0,0.005252744456065196,0.11838630378375718,1.106961721777916
2015-11-23,1.0639996528625488,1.0653995275497437,1.0602991580963135,1.0641014575958252,0,-0.007969876742935606,0.09267775946262417,1.1065822094678879
2015-11-24,1.063897728919983,1.0672005414962769,1.0623831748962402,1.0642033815383911,0,9.577945862803017e-05,0.09199566894233711,1.1062362200021745
2015-11-25,1.0643960237503052,1.0689996480941772,1.0576001405715942,1.0643846988677979,0,0.0001703639436059141,0.08985118464384478,1.1058557838201524
2015-11-26,1.0624960660934448,1.0629997253417969,1.0602003335952759,1.0624960660934448,0,-0.0017759653496997336,0.08980794448260371,1.1054682445526123
2015-11-27,1.0604453086853027,1.06380033493042,1.0569998025894165,1.0604453086853027,0,-0.0019319968703760816,0.08494662117482725,1.1050871032476426
2015-11-30,1.0583018064498901,1.0597037076950073,1.056400179862976,1.0583018064498901,0,-0.0020233683872846395,0.08062827075359699,1.1046878701448442
2015-12-01,1.0572947263717651,1.0639996528625488,1.056602120399475,1.0572947263717651,0,-0.0009520531335437165,0.07886215063475462,1.1043078511953355
2015-12-02,1.062699317932129,1.0639996528625488,1.0562005043029785,1.0625863075256348,0,0.004992348211680542,0.08245584612873492,1.1039512699842453
2015-12-03,1.0611993074417114,1.0892000198364258,1.0541995763778687,1.0613007545471191,0,-0.0012105663794157561,0.08173033955688706,1.1035759556293487
2015-12-04,1.0918341875076294,1.0951943397521973,1.0857999324798584,1.0915957689285278,0,0.02814535106681541,0.12771669364296934,1.103431254029274
2015-12-07,1.0883049964904785,1.0883049964904785,1.0798004865646362,1.0883997678756714,0,-0.002932119161395868,0.12807941796939867,1.1032922726869583
2015-12-08,1.0835996866226196,1.0900002717971802,1.0831419229507446,1.0834001302719116,0,-0.0046041501705232305,0.11905283371837656,1.103119745850563
2015-12-09,1.0895025730133057,1.099000096321106,1.0881984233856201,1.0893957614898682,0,0.00551883079155255,0.12017777278711292,1.102975634932518
2015-12-10,1.1016976833343506,1.1023049354553223,1.092799425125122,1.1017948389053345,0,0.011317326529582651,0.12529091440703696,1.1029435837268828
2015-12-11,1.0947985649108887,1.1030004024505615,1.0928006172180176,1.0948106050491333,0,-0.006359136923268454,0.12791035840292367,1.1029016125202178
2015-12-14,1.098997712135315,1.1040000915527344,1.0947027206420898,1.0983941555023193,0,0.0032678696551226723,0.12740852826115565,1.102970589995384
2015-12-15,1.0992271900177002,1.107000470161438,1.0922002792358398,1.0992997884750366,0,0.000824166646554093,0.12044540070081702,1.1030503815412522
2015-12-16,1.0936013460159302,1.0958002805709839,1.0913218259811401,1.0936251878738403,0,-0.0051753829505153375,0.12227107757682555,1.1031641566753387
2015-12-17,1.0874056816101074,1.0888975858688354,1.0833531618118286,1.087453007698059,0,-0.0056597664993413435,0.12320141663877539,1.1033270490169524
2015-12-18,1.0843987464904785,1.0870002508163452,1.0805997848510742,1.0844104290008545,0,-0.0028018158381321384,0.12377562923090855,1.103435943722725
2015-12-21,1.0870156288146973,1.091999888420105,1.0852001905441284,1.0869920253753662,0,0.0023778158541476377,0.12286124817159029,1.1036300885677337
2015-12-22,1.091202735900879,1.0984002351760864,1.0905005931854248,1.09129798412323,0,0.0039535271591315735,0.11922959802847985,1.1038001048564912
2015-12-23,1.0950024127960205,1.095494270324707,1.0884946584701538,1.0950024127960205,0,0.0033887678226377175,0.11939030113867592,1.1039760929346085
2015-12-24,1.0910003185272217,1.0966956615447998,1.0910003185272217,1.0909169912338257,0,-0.0037379478049748846,0.1206414892952614,1.1040056836605072
2015-12-25,1.0965152978897095,1.0975021123886108,1.0947027206420898,1.0969964265823364,0,0.005557304914586227,0.12105711957780016,1.1041561943292617
2015-12-28,1.0965994596481323,1.0999999046325684,1.0958002805709839,1.0965994596481323,0,-0.00036193260666587116,0.12061409982352789,1.1042258858680725
2015-12-29,1.0976948738098145,1.0999999046325684,1.0910003185272217,1.0975261926651,0,0.0008447402008170112,0.11993684896301537,1.1042410212755203
2015-12-30,1.0928006172180176,1.0950000286102295,1.0910003185272217,1.0928006172180176,0,-0.004314956798066429,0.12144176875463213,1.1042540073394775
2015-12-31,1.0938047170639038,1.093900442123413,1.0865998268127441,1.093398094177246,0,0.0005465898145392706,0.12083950366779894,1.1042407649755477
2016-01-01,1.0859060287475586,1.0866966247558594,1.0859060287475586,1.0859060287475586,0,-0.006875676383504475,0.12391307438059863,1.1042271113395692
2016-01-04,1.0855052471160889,1.094599723815918,1.0805997848510742,1.0853991508483887,0,-0.0004668877623843841,0.07531072409120601,1.1042116338014603
2016-01-05,1.082602620124817,1.0841047763824463,1.0712006092071533,1.0827549695968628,0,-0.0024391094133951064,0.07511032963242033,1.1042102855443954
2016-01-06,1.0751993656158447,1.0772031545639038,1.072199821472168,1.0751993656158447,0,-0.007002590122124636,0.07729103459128775,1.1042172122001648
2016-01-07,1.0777952671051025,1.0875996351242065,1.0774004459381104,1.0778998136520386,0,0.0025084301533166513,0.07507686407227257,1.104221739768982
2016-01-08,1.0927051305770874,1.0928961038589478,1.0808006525039673,1.0925976037979126,0,0.013543452932964715,0.07974475783670872,1.1042493546009065
2016-01-11,1.093900442123413,1.0945948362350464,1.0852001905441284,1.0941038131713867,0,0.0013776088495606677,0.07691243107867811,1.1042192023992539
2016-01-12,1.085894227027893,1.0901999473571777,1.082399845123291,1.0857999324798584,0,-0.0076186124028738075,0.08020452753814772,1.1041807931661607
2016-01-13,1.0843987464904785,1.0883997678756714,1.0805997848510742,1.0843987464904785,0,-0.0012912976103600176,0.08008281396825644,1.1041907113790512
2016-01-14,1.0888028144836426,1.0950000286102295,1.0839990377426147,1.0886012315750122,0,0.0038679156615933005,0.07977037631200987,1.1042410796880722
2016-01-15,1.0857763290405273,1.0981999635696411,1.0857763290405273,1.085894227027893,0,-0.002489778430947763,0.07777718796216496,1.104336022734642
2016-01-18,1.0919057130813599,1.0927051305770874,1.0875996351242065,1.0920010805130005,0,0.005608046878191127,0.07949020045488422,1.1044911009073257
2016-01-19,1.0895025730133057,1.0910003185272217,1.0861997604370117,1.0895025730133057,0,-0.002290629757255015,0.07962137924372549,1.1046521401405334
2016-01-20,1.0911551713943481,1.0975996255874634,1.0892889499664307,1.09129798412323,0,0.0016465618643457622,0.07861281846545488,1.1047850638628005
2016-01-21,1.0877013206481934,1.0922002792358398,1.0781996250152588,1.0877013206481934,0,-0.0033012096273051864,0.07839477752041095,1.1048851692676545
2016-01-22,1.0860947370529175,1.0864002704620361,1.0795987844467163,1.0862009525299072,0,-0.001380345726692188,0.07751961043720391,1.10493838429451
2016-01-25,1.079901933670044,1.0850000381469727,1.079202651977539,1.079901933670044,0,-0.005816008700090541,0.07687407697808636,1.1049327808618545
2016-01-26,1.0853756666183472,1.0879995822906494,1.082000494003296,1.0853049755096436,0,0.004990796058909852,0.07940721295854922,1.104985561966896
2016-01-27,1.0864014625549316,1.091200351715088,1.0853049755096436,1.0864958763122559,0,0.0010966944054516929,0.07946546967371199,1.1050471836328506
2016-01-28,1.0904054641723633,1.0950000286102295,1.0870002508163452,1.090798020362854,0,0.003951831818423023,0.07959985425269996,1.1051382660865783
2016-01-29,1.0936970710754395,1.0947147607803345,1.082000494003296,1.0936970710754395,0,0.0026542082203697926,0.08014431313107022,1.1051992416381835
2016-02-01,1.0826259851455688,1.091200351715088,1.0826259851455688,1.0825908184051514,0,-0.01020669107372115,0.08446600942594354,1.105177708864212
2016-02-02,1.0898945331573486,1.0939997434616089,1.0895264148712158,1.0897282361984253,0,0.006571266280479868,0.08758966913447644,1.1051873701810837
2016-02-03,1.0922038555145264,1.107800006866455,1.0906004905700684,1.0922038555145264,0,0.00226920020820641,0.08732742684493269,1.1051638287305832
2016-02-04,1.1092008352279663,1.1238000392913818,1.107200264930725,1.1091023683547974,0,0.015353470236526761,0.09718762422350102,1.1051521795988082
2016-02-05,1.119996428489685,1.1217050552368164,1.1110000610351562,1.119996428489685,0,0.009774485442781082,0.10132915304969911,1.1051448321342467
2016-02-08,1.1147029399871826,1.1190000772476196,1.108799934387207,1.114504098892212,0,-0.004915944830655657,0.09436697543355849,1.105124386548996
2016-02-09,1.1190940141677856,1.1313996315002441,1.1164003610610962,1.1189812421798706,0,0.004009114545849865,0.09495731240050721,1.105144721865654
2016-02-10,1.1289994716644287,1.1309019327163696,1.1166322231292725,1.1289994716644287,0,0.00891315103106425,0.09314796033737911,1.1051965653896332
2016-02-11,1.1284006834030151,1.1368002891540527,1.1276004314422607,1.128095269203186,0,-0.0008012091767712855,0.0929544623465835,1.105166307091713
2016-02-12,1.131733775138855,1.133375644683838,1.122999906539917,1.1317979097366333,0,0.0032768308529634027,0.0928177334924438,1.105201821923256
2016-02-15,1.1225990056991577,1.1239490509033203,1.112999439239502,1.1225990056991577,0,-0.008160901062795104,0.09809033268116232,1.1052177810668946
2016-02-16,1.117817997932434,1.1192004680633545,1.112999439239502,1.1174057722091675,0,-0.004636814033404699,0.09920709477458262,1.1052325999736785
2016-02-17,1.1146035194396973,1.1180005073547363,1.1108001470565796,1.1147029399871826,0,-0.0024217759002733655,0.0992645133193449,1.105195387005806
2016-02-18,1.1121985912322998,1.115200161933899,1.1074001789093018,1.112297534942627,0,-0.0021602204463326666,0.09986913850955989,1.1050816345214844
2016-02-19,1.1110000610351562,1.1150000095367432,1.1067994832992554,1.1110987663269043,0,-0.001078322142747798,0.09898168920240505,1.1049346387386323
2016-02-22,1.1123965978622437,1.1124955415725708,1.1006003618240356,1.1123965978622437,0,0.0011673797064114223,0.0985980549187083,1.104774095416069
2016-02-23,1.1027060747146606,1.1051994562149048,1.0991994142532349,1.102803349494934,0,-0.008661347569662766,0.10157321313114642,1.104625020623207
2016-02-24,1.1024993658065796,1.1040000915527344,1.0959985256195068,1.1027060747146606,0,-8.82107138321326e-05,0.10057731998083698,1.1045652228593825
2016-02-25,1.1014914512634277,1.105000376701355,1.0991994142532349,1.1013944149017334,0,-0.001190199788027206,0.10079188783239329,1.1045218193531037
2016-02-26,1.1024993658065796,1.107000470161438,1.0926001071929932,1.1024993658065796,0,0.0010027261813616976,0.10008935478498167,1.1044783902168274
2016-02-29,1.0925976037979126,1.0962003469467163,1.0864002704620361,1.0923947095870972,0,-0.009207485427379999,0.1051892312445851,1.1044438648223878
2016-03-01,1.0886961221694946,1.0894005298614502,1.0838005542755127,1.0888975858688354,0,-0.0032064723483805242,0.0993091307285302,1.1044027692079543
2016-03-02,1.0877013206481934,1.0879995822906494,1.0826002359390259,1.0875948667526245,0,-0.0011970813592380746,0.09671717812934556,1.1043963146209717
2016-03-03,1.0870037078857422,1.0937999486923218,1.0855995416641235,1.086897373199463,0,-0.0006415231696556842,0.09634619452769694,1.1043807941675186
2016-03-04,1.0947985649108887,1.1040000915527344,1.090800404548645,1.094894528388977,0,0.007330846721414482,0.08309054500645686,1.1043750941753387
2016-03-07,1.0993964672088623,1.0999042987823486,1.0941996574401855,1.0993964672088623,0,0.00410332553486821,0.07619277069118344,1.1043931049108506
2016-03-08,1.1013944149017334,1.1060001850128174,1.1006003618240356,1.1016006469726562,0,0.0020028926766375924,0.07534450617190862,1.1044396114349366
2016-03-09,1.1001946926116943,1.1015156507492065,1.0947985649108887,1.1004005670547485,0,-0.0010899903497587624,0.07350093460277723,1.104366608262062
2016-03-10,1.0986958742141724,1.1160004138946533,1.0827666521072388,1.0989010334014893,0,-0.0013636455184836945,0.0644589611543823,1.1042321944236755
2016-03-11,1.1179054975509644,1.12100088596344,1.1083770990371704,1.1178430318832397,0,0.01709034418919461,0.09063747786787194,1.1042174732685088
2016-03-14,1.1162956953048706,1.1168005466461182,1.1095995903015137,1.1167943477630615,0,-0.0009385721430363726,0.08963321935333086,1.1042473703622817
2016-03-15,1.1101982593536377,1.112999439239502,1.1074001789093018,1.1101982593536377,0,-0.0059237805074355485,0.08757808809851679,1.104157885313034
2016-03-16,1.1110000610351562,1.1110987663269043,1.1057995557785034,1.1109012365341187,0,0.00063299929179697,0.08635769279416353,1.1040628653764726
2016-03-17,1.1217050552368164,1.1344043016433716,1.1207997798919678,1.1218937635421753,0,0.009846507020469904,0.09274163378964852,1.1040163534879683
2016-03-18,1.1315417289733887,1.1339025497436523,1.1258002519607544,1.1317979097366333,0,0.008789321158289546,0.09674277752654514,1.1040550291538238
2016-03-21,1.1275991201400757,1.1289994716644287,1.1238000392913818,1.1279042959213257,0,-0.0034461334408439088,0.09767378285236405,1.1040845781564712
2016-03-22,1.1236965656280518,1.126199722290039,1.1191942691802979,1.1235954761505127,0,-0.0038275154051225038,0.09890700357007798,1.1040640515089035
2016-03-23,1.122296690940857,1.122296690940857,1.1165997982025146,1.122296690940857,0,-0.0011565874563953665,0.09343558488262639,1.104054526090622
2016-03-24,1.1182055473327637,1.1190000772476196,1.1149640083312988,1.118105411529541,0,-0.0037415464806334225,0.09473809885782154,1.1039600694179534
2016-03-25,1.1166945695877075,1.1177055835723877,1.1156729459762573,1.1167943477630615,0,-0.001173264180125696,0.09473394862644954,1.1038586699962616
2016-03-28,1.1159967184066772,1.1218056678771973,1.115536093711853,1.1159967184066772,0,-0.0007144684537660043,0.09484264591823427,1.1037521827220917
2016-03-29,1.1200968027114868,1.122399926185608,1.1170001029968262,1.1202723979949951,0,0.0038239447721831305,0.0884250995699632,1.1036790132522583
2016-03-30,1.1290122270584106,1.1361995935440063,1.1287955045700073,1.12920343875885,0,0.00794059446678328,0.08984588955342146,1.1037389373779296
2016-03-31,1.1334012746810913,1.1410002708435059,1.1311999559402466,1.1334655284881592,0,0.003767316237481857,0.08945245311749364,1.103802768588066
2016-04-01,1.1379023790359497,1.1437996625900269,1.1341983079910278,1.1379671096801758,0,0.0039636544882739695,0.08918234400351982,1.1038911163806915
2016-04-04,1.1397050619125366,1.1412007808685303,1.1359995603561401,1.1390039920806885,0,0.0009107559348322408,0.08726863427521725,1.1040986257791519
2016-04-05,1.1387057304382324,1.140706181526184,1.134000301361084,1.1389002799987793,0,-9.10592102153291e-05,0.08713212967178662,1.1041816437244416
2016-04-06,1.138096570968628,1.142799735069275,1.133144497871399,1.138200283050537,0,-0.0006148142788692096,0.08748145555268726,1.1043051505088806
2016-04-07,1.1399649381637573,1.145304799079895,1.134000301361084,1.1404979228973389,0,0.002016625650093088,0.08695770155357063,1.1044908249378205
2016-04-08,1.1369062662124634,1.14199960231781,1.1350003480911255,1.1373976469039917,0,-0.002722054468835322,0.0876858448801613,1.1046343302726747
2016-04-11,1.140706181526184,1.1450005769729614,1.1374363899230957,1.1403028964996338,0,0.0025510387479342374,0.06756115763544936,1.1048383188247681
2016-04-12,1.1412137746810913,1.1463998556137085,1.1353057622909546,1.141291856765747,0,0.0008669027018344033,0.06721476236713132,1.1050202822685242
2016-04-13,1.1386020183563232,1.1393024921417236,1.1273995637893677,1.138498306274414,0,-0.0024507096616071316,0.06366852603872773,1.1052078026533128
2016-04-14,1.128006100654602,1.1293998956680298,1.1236006021499634,1.1279042959213257,0,-0.009348813403846658,0.07342753738172342,1.1053118193149567
2016-04-15,1.1265066862106323,1.1318004131317139,1.124758243560791,1.1270017623901367,0,-0.0008005065896722636,0.06560575706685164,1.1054153037071228
2016-04-18,1.130096673965454,1.133199691772461,1.1274974346160889,1.1299946308135986,0,0.002652082375212579,0.05856805171473072,1.105500755906105
2016-04-19,1.1310042142868042,1.1386020183563232,1.1305055618286133,1.1309019327163696,0,0.000802603680426066,0.057323612018440544,1.1056600356101989
2016-04-20,1.1358860731124878,1.1385993957519531,1.1322002410888672,1.1359634399414062,0,0.0044656517299041295,0.05731490220296842,1.105835851430893
2016-04-21,1.1305055618286133,1.1393998861312866,1.1278001070022583,1.1305055618286133,0,-0.004816204111791496,0.060003753673984986,1.1060166025161744
2016-04-22,1.1293054819107056,1.1309019327163696,1.1239995956420898,1.12920343875885,0,-0.0011524698211553375,0.05843057319445162,1.1062196135520934
2016-04-25,1.1233052015304565,1.1279042959213257,1.1226998567581177,1.123406171798706,0,-0.00514716774006994,0.061385891094663664,1.106421521306038
2016-04-26,1.1266716718673706,1.1339025497436523,1.1257964372634888,1.1269001960754395,0,0.0031053790136885565,0.06202813691816929,1.1066383171081542
2016-04-27,1.1298030614852905,1.134000301361084,1.1291996240615845,1.1299052238464355,0,0.0026630825328960495,0.06136237014672734,1.106817862391472
2016-04-28,1.1327978372573853,1.1366000175476074,1.1299052238464355,1.132900595664978,0,0.002647486180481382,0.055648544199985404,1.1070188397169114
2016-04-29,1.1357957124710083,1.1460003852844238,1.1357957124710083,1.135589361190796,0,0.002370534440149008,0.05470873786453677,1.1072022813558577
2016-05-02,1.1461974382400513,1.15280020236969,1.1450163125991821,1.146302580833435,0,0.009389838457966277,0.062258877000434344,1.1074476087093352
2016-05-03,1.1526048183441162,1.1613997220993042,1.1503998041152954,1.1524986028671265,0,0.005390668042070114,0.06465746316138599,1.1076650816202163
2016-05-04,1.150244951248169,1.15280020236969,1.146999478340149,1.1504037380218506,0,-0.0018193263221850378,0.06515230695400598,1.1078841072320937
2016-05-05,1.1491215229034424,1.1495997905731201,1.1390001773834229,1.1493064165115356,0,-0.0009543129523783916,0.06523465688371534,1.1081386083364486
2016-05-06,1.140198826789856,1.1471836566925049,1.1393284797668457,1.1406019926071167,0,-0.007602457630280269,0.07063380986996547,1.1083719962835312
2016-05-09,1.1387965679168701,1.142999529838562,1.1375994682312012,1.1387965679168701,0,-0.0015841240747149496,0.07018897286851916,1.1085814785957337
2016-05-10,1.1383687257766724,1.1405993700027466,1.1361995935440063,1.1387965679168701,0,0.0,0.06960137770955852,1.1087974500656128
2016-05-11,1.1375011205673218,1.1445995569229126,1.1373976469039917,1.1374363899230957,0,-0.0011951133129711508,0.06962080982874855,1.1090401440858841
2016-05-12,1.1425960063934326,1.143105387687683,1.1379995346069336,1.142700433731079,0,0.004617313404738642,0.07098404905547409,1.1093020939826965
2016-05-13,1.1375269889831543,1.1380059719085693,1.1283994913101196,1.1376951932907104,0,-0.004389807118385353,0.06437095411296752,1.1095270442962646
2016-05-16,1.1316953897476196,1.1344043016433716,1.1305439472198486,1.1316953897476196,0,-0.005287602378223741,0.06724793217474909,1.1097030049562455
2016-05-17,1.1316057443618774,1.1347993612289429,1.130399465560913,1.1316057443618774,0,-7.921648996507311e-05,0.0666549814357067,1.109852545261383
2016-05-18,1.1313753128051758,1.1316953897476196,1.1259993314743042,1.1316057443618774,0,0.0,0.06660146911155712,1.109989555478096
2016-05-19,1.1221959590911865,1.123103380203247,1.118200421333313,1.122296690940857,0,-0.00826043417725727,0.07040293435159713,1.1100205570459365
2016-05-20,1.1201595067977905,1.1239995956420898,1.1198960542678833,1.1205987930297852,0,-0.0015140235000181696,0.0688084950227627,1.1100430691242218
2016-05-23,1.1220952272415161,1.1243029832839966,1.1190000772476196,1.1221708059310913,0,0.0014018498908452475,0.06903404524989534,1.1101074266433715
2016-05-24,1.1217050552368164,1.122999906539917,1.1145998239517212,1.121604323387146,0,-0.0005049370131429516,0.06676052829031634,1.110176448225975
2016-05-25,1.1136974096298218,1.1171000003814697,1.112999439239502,1.113796591758728,0,-0.006985559794362882,0.06978383126171968,1.1102300155162812
2016-05-26,1.1156978607177734,1.1219995021820068,1.1156978607177734,1.1158970594406128,0,0.0018840869032437442,0.06938193912347264,1.1102504861354827
2016-05-27,1.1192944049835205,1.1201996803283691,1.112599492073059,1.1192066669464111,0,0.0029614821769575715,0.06957503813700533,1.1102280366420745
2016-05-30,1.1110987663269043,1.1150000095367432,1.1100010871887207,1.1110000610351562,0,-0.007359535642408992,0.07248125852988316,1.1100945609807968
2016-05-31,1.1150012016296387,1.1175994873046875,1.1121997833251953,1.1148396730422974,0,0.003450037985085013,0.06415117577598574,1.1098772311210632
2016-06-01,1.113598108291626,1.1190000772476196,1.1117039918899536,1.113598108291626,0,-0.0011142917155116097,0.05934841743771497,1.1096697491407395
2016-06-02,1.1192944049835205,1.1219995021820068,1.1150000095367432,1.1189061403274536,0,0.004755235777335846,0.06332773267996407,1.109594252705574
2016-06-03,1.1153992414474487,1.1350003480911255,1.113800287246704,1.115200161933899,0,-0.0033176414112727104,0.06368303803050074,1.1095462727546692
2016-06-06,1.1350995302200317,1.1379995346069336,1.1333242654800415,1.1350995302200317,0,0.01768643268221709,0.08831283019982122,1.1096147549152375
2016-06-07,1.1364669799804688,1.1379995346069336,1.1340054273605347,1.1364023685455322,0,0.001147116336616802,0.0882920754467225,1.1096838343143463
2016-06-08,1.1356538534164429,1.14199960231781,1.1356538534164429,1.1357828378677368,0,-0.0005453170730971647,0.08830448358491041,1.1097160297632218
2016-06-09,1.1406019926071167,1.1416958570480347,1.130799651145935,1.140706181526184,0,0.0043253899249274174,0.08952478871742886,1.109811539053917
2016-06-10,1.131196141242981,1.1324002742767334,1.1273995637893677,1.1315033435821533,0,-0.00810038701414356,0.09230162890185366,1.1099060827493668
2016-06-13,1.1241008043289185,1.1302001476287842,1.1236965656280518,1.1239995956420898,0,-0.006653749364378424,0.09383383362540774,1.1099500799179076
2016-06-14,1.1287955045700073,1.1299946308135986,1.1190000772476196,1.1291015148162842,0,0.004528805094961433,0.0937858338308401,1.110013610124588
2016-06-15,1.1213024854660034,1.1260005235671997,1.1190940141677856,1.1213024854660034,0,-0.006931253741881397,0.0967160707079595,1.110016437768936
2016-06-16,1.1261261701583862,1.1299996376037598,1.1132001876831055,1.1262656450271606,0,0.004416478024524096,0.09816586513048726,1.1100374162197113
2016-06-17,1.1270017623901367,1.129600167274475,1.1226003170013428,1.1252011060714722,0,-0.0009456404670404876,0.0937947932970818,1.110017977952957
2016-06-20,1.13490629196167,1.1383998394012451,1.130799651145935,1.13490629196167,0,0.008588304743647803,0.0980070266982098,1.1100204879045485
2016-06-21,1.1322848796844482,1.1350003480911255,1.12440025806427,1.1322976350784302,0,-0.0023012116407544942,0.09846567470418949,1.1100281697511674
2016-06-22,1.1252011060714722,1.1335041522979736,1.1237596273422241,1.1250618696212769,0,-0.006410844372746685,0.10125642944808082,1.1100175809860229
2016-06-23,1.1327978372573853,1.1422044038772583,1.1320003271102905,1.1328235864639282,0,0.006875235761559178,0.10033508192744141,1.1100356817245483
2016-06-24,1.1330032348632812,1.1335169076919556,1.0919057130813599,1.1324002742767334,0,-0.0003737486607474257,0.10033442389808765,1.1099972087144852
2016-06-27,1.10349702835083,1.1081929206848145,1.0973997116088867,1.103594422340393,0,-0.025767007174789764,0.13539953219402662,1.109869163632393
2016-06-28,1.1016006469726562,1.1110000610351562,1.1016006469726562,1.1015034914016724,0,-0.0018964523546687237,0.1333044763264044,1.1097812110185623
2016-06-29,1.107800006866455,1.1128050088882446,1.10515558719635,1.1073951721191406,0,0.005334508808740789,0.13414897903702294,1.1097578120231628
2016-06-30,1.1125946044921875,1.1154004335403442,1.1053999662399292,1.1128050088882446,0,0.004873297031417912,0.13530030041565444,1.1097268682718278
2016-07-01,1.1103708744049072,1.1170001029968262,1.1074001789093018,1.1106051206588745,0,-0.0019788422459705002,0.13430424455244222,1.1096904289722442
2016-07-04,1.1131023168563843,1.1150000095367432,1.1099998950958252,1.1131023168563843,0,0.0022459764311803096,0.13414040384067882,1.1096550804376601
2016-07-05,1.1145538091659546,1.1180005073547363,1.1075999736785889,1.1146035194396973,0,0.0013477567694009662,0.11780510153127179,1.1096125811338424
2016-07-06,1.106439471244812,1.109000325202942,1.103399634361267,1.1065007448196411,0,-0.007296200089325156,0.11960276992698761,1.1095171159505843
2016-07-07,1.1100010871887207,1.1108001470565796,1.1057995557785034,1.1099025011062622,0,0.003069620985244283,0.12053061776101166,1.10948059797287
2016-07-08,1.1065007448196411,1.1108001470565796,1.1010003089904785,1.1065741777420044,0,-0.003003258186911798,0.11904036021279846,1.1094167464971543
2016-07-11,1.1047039031982422,1.107200264930725,1.1019999980926514,1.1043988466262817,0,-0.0019677597091128443,0.11659170605177847,1.1093252414464951
2016-07-12,1.1058032512664795,1.1124002933502197,1.1053999662399292,1.1058032512664795,0,0.0012708383822002361,0.11510443591354744,1.1092566579580307
2016-07-13,1.1060723066329956,1.1119993925094604,1.1044000387191772,1.1062926054000854,0,0.00044243484305962847,0.11359144893082918,1.1091541278362274
2016-07-14,1.109594702720642,1.1170001029968262,1.1091995239257812,1.1094961166381836,0,0.0028915333292139182,0.11218597867621281,1.1090816104412078
2016-07-15,1.1106421947479248,1.115700364112854,1.1058766841888428,1.1106051206588745,0,0.0009990572450506185,0.11091477947503695,1.1089911681413651
2016-07-18,1.105534315109253,1.109000325202942,1.1038258075714111,1.1053143739700317,0,-0.004775224691423465,0.11182570532084184,1.108832756280899
2016-07-19,1.107137680053711,1.1080701351165771,1.100199580192566,1.1071866750717163,0,0.0016924751736727699,0.10693748884280481,1.1086909365653992
2016-07-20,1.1014549732208252,1.1030004024505615,1.0984002351760864,1.1013579368591309,0,-0.0052783645066787396,0.10782528596165283,1.1085052347183229
2016-07-21,1.1017341613769531,1.1057995557785034,1.0986005067825317,1.1019526720046997,0,0.0005398559400754168,0.10636829132211133,1.1082772368192673
2016-07-22,1.1033143997192383,1.1040000915527344,1.0968003273010254,1.1032899618148804,0,0.0012128279705787804,0.10284405186596839,1.108109607696533
2016-07-25,1.0969241857528687,1.0998003482818604,1.0953621864318848,1.097044587135315,0,-0.005676765339448428,0.10390478063430338,1.1079143035411834
2016-07-26,1.0989856719970703,1.1023997068405151,1.0979998111724854,1.0991184711456299,0,0.0018886435767623317,0.055401206261357035,1.1077453929185868
2016-07-27,1.0988044738769531,1.1010003089904785,1.0982855558395386,1.0987803936004639,0,-0.000307637037586267,0.055058184135790625,1.1075623148679734
2016-07-28,1.1068191528320312,1.1119993925094604,1.1060845851898193,1.1073460578918457,0,0.007765382015010036,0.058620091195444986,1.107425028681755
2016-07-29,1.1083648204803467,1.1196001768112183,1.1074001789093018,1.108438491821289,0,0.0009860471480390611,0.05603619290016517,1.107426748275757
2016-08-01,1.1167818307876587,1.1184005737304688,1.115599513053894,1.1168068647384644,0,0.007521339022459522,0.061596862658339635,1.1075005942583085
2016-08-02,1.1167070865631104,1.1232004165649414,1.1163579225540161,1.1168068647384644,0,0.0,0.061176756640089036,1.107551635503769
2016-08-03,1.1218559741973877,1.1219995021820068,1.1164003610610962,1.1219062805175781,0,0.004555674861185275,0.06294637464739326,1.1076426470279694
2016-08-04,1.1152374744415283,1.1155610084533691,1.1117781400680542,1.1151504516601562,0,-0.006039944627668497,0.06115847409012166,1.1077539187669754
2016-08-05,1.1134493350982666,1.116146206855774,1.1049113273620605,1.1134741306304932,0,-0.0015043550709452347,0.06066577679663585,1.1078243678808213
2016-08-08,1.1087703704833984,1.110600233078003,1.1073706150054932,1.1089547872543335,0,-0.004067036357604987,0.06146971761071011,1.1078561586141586
2016-08-09,1.1086843013763428,1.1121997833251953,1.107200264930725,1.1083648204803467,0,-0.0005321441129649647,0.06106035729202575,1.107889979481697
2016-08-10,1.111815333366394,1.1200001239776611,1.111815333366394,1.111580491065979,0,0.0028970739216054786,0.061686205740439363,1.1079659068584442
2016-08-11,1.1186057329177856,1.1190940141677856,1.113800287246704,1.1186434030532837,0,0.006333835466558864,0.06519614496733629,1.1081251090764999
2016-08-12,1.1138957738876343,1.1219995021820068,1.1132633686065674,1.113908290863037,0,-0.0042418899444097,0.06660641206340055,1.1082526516914368
2016-08-15,1.1166945695877075,1.1205737590789795,1.1155484914779663,1.1166945695877075,0,0.0024982306112892433,0.06703721306441554,1.1084694176912309
2016-08-16,1.1184431314468384,1.13237464427948,1.1179429292678833,1.1184055805206299,0,0.0015310376736969462,0.06458302923289551,1.1086816883087158
2016-08-17,1.1279042959213257,1.129433035850525,1.1256000995635986,1.1275991201400757,0,0.00818661774229303,0.06973001689243559,1.108950902223587
2016-08-18,1.1301988363265991,1.1340440511703491,1.129611611366272,1.1298924684524536,0,0.0020317675714881405,0.06611295200463442,1.1092188704013823
2016-08-19,1.1349449157714844,1.1352026462554932,1.130600094795227,1.1349449157714844,0,0.004461649861066459,0.0669960069976741,1.1094860851764679
2016-08-22,1.1300712823867798,1.1332728862762451,1.1273956298828125,1.1298158168792725,0,-0.004529491868557557,0.07008517907021605,1.1097851675748824
2016-08-23,1.131861925125122,1.1357183456420898,1.1310003995895386,1.1319260597229004,0,0.0018660338545216854,0.06557884102271623,1.1101008051633834
2016-08-24,1.1303266286849976,1.1313496828079224,1.1246000528335571,1.1300839185714722,0,-0.0016287651923312064,0.06643614110475766,1.1104293012619018
2016-08-25,1.1262530088424683,1.1299996376037598,1.1260627508163452,1.1263798475265503,0,-0.003283078973066947,0.06813419434884181,1.110726217031479
2016-08-26,1.1289230585098267,1.1340440511703491,1.1234692335128784,1.1290504932403564,0,0.0023681928133100437,0.06400260280810656,1.1110083889961242
2016-08-29,1.1196954250335693,1.12100088596344,1.116071343421936,1.1199462413787842,0,-0.008096322643500537,0.07121853286943967,1.111287612915039
2016-08-30,1.1191942691802979,1.1191942691802979,1.1140000820159912,1.1192818880081177,0,-0.0005933771387031251,0.06651911406697521,1.1115630054473877
2016-08-31,1.1150758266448975,1.1164453029632568,1.1125946044921875,1.1153244972229004,0,-0.003541916776530722,0.0677107344147362,1.1118177044391633
2016-09-01,1.1158223152160645,1.1200001239776611,1.112999439239502,1.116071343421936,0,0.000669398242409528,0.06567823783089345,1.1120855808258057
2016-09-02,1.1200717687606812,1.125112533569336,1.1154004335403442,1.1200717687606812,0,0.0035779727913655378,0.06340311805596922,1.1123837131261824
2016-09-05,1.116071343421936,1.1184431314468384,1.1141316890716553,1.1161960363388062,0,-0.003466254170083479,0.06442736968395177,1.1126731842756272
2016-09-06,1.115200161933899,1.1253999471664429,1.1144545078277588,1.1153244972229004,0,-0.0007811168636914772,0.06272204004063257,1.1129633331298827
2016-09-07,1.1248594522476196,1.1265066862106323,1.1232799291610718,1.1253657341003418,0,0.008962688331043682,0.06944993142280415,1.1132772302627563
2016-09-08,1.1241008043289185,1.1329994201660156,1.1238480806350708,1.1241008043289185,0,-0.0011246487850704737,0.06926208807585589,1.1135912305116653
2016-09-09,1.126887559890747,1.128668189048767,1.1206001043319702,1.1271415948867798,0,0.0027014349127084296,0.0665177696099696,1.1137689596414566
2016-09-12,1.1241008043289185,1.1262530088424683,1.1214659214019775,1.1241133213043213,0,-0.0026902998742258147,0.06537242109602674,1.1139475274086
2016-09-13,1.1241259574890137,1.1260005235671997,1.1219995021820068,1.1243535280227661,0,0.00021366267368412217,0.06494120545116448,1.114152294397354
2016-09-14,1.121956706047058,1.1275228261947632,1.1214534044265747,1.12186861038208,0,-0.002212531531855705,0.0653590278839883,1.1143146586418151
2016-09-15,1.1245431900024414,1.1281588077545166,1.1220952272415161,1.1247328519821167,0,0.0025498453552103796,0.059254631010414366,1.114429348707199
2016-09-16,1.1247961521148682,1.124985933303833,1.115599513053894,1.124593734741211,0,-0.00012369679165697225,0.058736015143439776,1.1145782643556594
2016-09-19,1.116071343421936,1.1209995746612549,1.1153992414474487,1.1158473491668701,0,-0.007807775057992242,0.06170640884636791,1.1146655303239823
2016-09-20,1.1179429292678833,1.1213276386260986,1.1165997982025146,1.118067979812622,0,0.0019881070230172073,0.060878692690367,1.1147593712806703
2016-09-21,1.1155734062194824,1.1169440746307373,1.112599492073059,1.1153992414474487,0,-0.002389772824843842,0.06058095669079967,1.1148682415485383
2016-09-22,1.1193194389343262,1.1258726119995117,1.1182055473327637,1.1193194389343262,0,0.003508451907178094,0.062181663129913446,1.1150275737047195
2016-09-23,1.1209505796432495,1.122999906539917,1.1196001768112183,1.1210134029388428,0,0.0015122434449735868,0.06165096793584111,1.1152105885744095
2016-09-26,1.123974323272705,1.1279042959213257,1.1221996545791626,1.123923897743225,0,0.002592942292141068,0.06177498446165691,1.1153952479362488
2016-09-27,1.1250745058059692,1.1260005235671997,1.1193996667861938,1.124985933303833,0,0.0009444893031245314,0.05478854490456951,1.1155636876821518
2016-09-28,1.1218308210372925,1.123721718788147,1.1184005737304688,1.121956706047058,0,-0.002696311903076753,0.05565634101618429,1.115698459148407
2016-09-29,1.1224603652954102,1.1249998807907104,1.1199462413787842,1.1224982738494873,0,0.00048258291459646655,0.05404857218358612,1.1158563655614853
2016-09-30,1.1222084760665894,1.1249998807907104,1.1154004335403442,1.121956706047058,0,-0.00048258291459651463,0.05409808953532718,1.115981166958809
2016-10-03,1.1235954761505127,1.1243535280227661,1.1206001043319702,1.1234692335128784,0,0.0013472078218555506,0.052908046367578995,1.1161155158281326
2016-10-04,1.1213276386260986,1.1249998807907104,1.1140000820159912,1.121038556098938,0,-0.0021658898894434467,0.05197345850960787,1.1162330776453018
2016-10-05,1.121076226234436,1.1239995956420898,1.1192004680633545,1.121076226234436,0,3.360232562436578e-05,0.051854953620489225,1.1163744556903838
2016-10-06,1.120824933052063,1.1212018728256226,1.114951491355896,1.120824933052063,0,-0.00022417864622131028,0.041030244871687514,1.116511589884758
2016-10-07,1.1145787239074707,1.1201971769332886,1.110600233078003,1.1144545078277588,0,-0.005699907005050658,0.04519012007381008,1.116654332280159
2016-10-10,1.1195449829101562,1.1201971769332886,1.1150758266448975,1.1196954250335693,0,0.004691651837804753,0.047389321213447556,1.116825813651085
2016-10-11,1.1143302917480469,1.1143302917480469,1.105600357055664,1.1140819787979126,0,-0.005025978007065925,0.04950740930395331,1.11698244869709
2016-10-12,1.1061947345733643,1.1061947345733643,1.1006003618240356,1.1061947345733643,0,-0.007104769738430352,0.05454879368390628,1.1171374255418778
2016-10-13,1.1013215780258179,1.1048502922058105,1.0986005067825317,1.1011881828308105,0,-0.0045361955898909475,0.055897407571687964,1.1172538673877717
2016-10-14,1.1049723625183105,1.1058276891708374,1.098538875579834,1.1049723625183105,0,0.0034305603068918436,0.05665759630466328,1.1173157411813737
2016-10-17,1.0968520641326904,1.1012003421783447,1.0965272188186646,1.0967799425125122,0,-0.007441761541419799,0.0609908721826747,1.1173291218280792
2016-10-18,1.1012003421783447,1.1029006242752075,1.09719979763031,1.1015641689300537,0,0.004352579694611333,0.05888291395755205,1.1174079430103303
2016-10-19,1.0975743532180786,1.100473165512085,1.0955997705459595,1.0976948738098145,0,-0.0035187297515541743,0.058907328810477125,1.117474423646927
2016-10-20,1.0975743532180786,1.1029006242752075,1.0916005373001099,1.0975141525268555,0,-0.000164650638002241,0.05869061989269778,1.117518988251686
2016-10-21,1.0930275917053223,1.093135118484497,1.0862481594085693,1.0930395126342773,0,-0.0040854019578793815,0.05760113383805497,1.117554714679718
2016-10-24,1.0884946584701538,1.0901999473571777,1.0860475301742554,1.0882576704025269,0,-0.004384409358858317,0.0578127084486118,1.1175359976291657
2016-10-25,1.0875475406646729,1.0900002717971802,1.0853402614593506,1.0875475406646729,0,-0.0006527512292521241,0.05604588442159458,1.1175262224674225
2016-10-26,1.0887197256088257,1.0948106050491333,1.0876659154891968,1.0887316465377808,0,0.0010881930929809549,0.05612916223993717,1.1175133907794952
2016-10-27,1.0911074876785278,1.0942115783691406,1.0893957614898682,1.091202735900879,0,0.002267123672550751,0.05748013446012648,1.1175308978557588
2016-10-28,1.0900014638900757,1.0952903032302856,1.089751958847046,1.0900371074676514,0,-0.0010687761345710978,0.057116010032337565,1.1175500786304473
2016-10-31,1.0984183549880981,1.0984183549880981,1.0939244031906128,1.0984665155410767,0,0.007703391184510614,0.06523091153250951,1.1176429015398026
2016-11-01,1.0973334312438965,1.1050944328308105,1.0961787700653076,1.0973334312438965,0,-0.0010320470217807629,0.0646669605331608,1.1177030438184739
2016-11-02,1.1059499979019165,1.1119760274887085,1.10515558719635,1.1057054996490479,0,0.007600509088301996,0.07119841289418519,1.1177990919351577
2016-11-03,1.1097548007965088,1.1128422021865845,1.1060845851898193,1.1097548007965088,0,0.0036554982779584805,0.07272932812945912,1.117893875837326
2016-11-04,1.1102476119995117,1.1125946044921875,1.1084016561508179,1.1102476119995117,0,0.00044397358152166964,0.07279612516549122,1.1179766285419463
2016-11-07,1.1096316576004028,1.1112345457077026,1.1033873558044434,1.1101243495941162,0,-0.00011102860930896501,0.07024899279803201,1.1181142961978912
2016-11-08,1.1050456762313843,1.1068068742752075,1.1030588150024414,1.1052166223526,0,-0.004430681626231969,0.06937130838665424,1.1181917381286621
2016-11-09,1.1020498275756836,1.1301988363265991,1.093398094177246,1.1019041538238525,0,-0.0030016218881541235,0.06809388946267406,1.1182402396202087
2016-11-10,1.0920368432998657,1.0955302715301514,1.0866104364395142,1.0920606851577759,0,-0.008973283929279272,0.07062980161594429,1.1181550312042237
2016-11-11,1.0889687538146973,1.0925379991531372,1.0856997966766357,1.0889687538146973,0,-0.0028352972767285173,0.06967854399610446,1.1179998928308488
2016-11-14,1.082602620124817,1.0874292850494385,1.0710800886154175,1.0824854373931885,0,-0.005971422941238589,0.07054905161251578,1.1178397995233536
2016-11-15,1.0746910572052002,1.0816657543182373,1.072369933128357,1.0750375986099243,0,-0.006904091630366802,0.0699505039500282,1.117620081305504
2016-11-16,1.0726161003112793,1.0760787725448608,1.067121982574463,1.0727311372756958,0,-0.0021477752071920996,0.06731232830721504,1.1173387396335601
2016-11-17,1.0705492496490479,1.0750375986099243,1.0666905641555786,1.0706638097763062,0,-0.0019290221275351884,0.06686486492220396,1.1170515823364258
2016-11-18,1.0624734163284302,1.0639996528625488,1.057305932044983,1.062304139137268,0,-0.00783857389608081,0.0705677969293065,1.116704113483429
2016-11-21,1.0585371255874634,1.0650999546051025,1.0585371255874634,1.0584250688552856,0,-0.0036582460348251198,0.07038992172065112,1.1163832437992096
2016-11-22,1.0638750791549683,1.065870761871338,1.0587276220321655,1.0638864040374756,0,0.005146602943733133,0.07321081085120366,1.116115646958351
2016-11-23,1.0634112358093262,1.0645092725753784,1.0529640913009644,1.0633772611618042,0,-0.000478683384408412,0.07322604826745659,1.1158590185642243
2016-11-24,1.0546298027038574,1.0587612390518188,1.0522550344467163,1.0545185804367065,0,-0.008365597792199357,0.07694365564006385,1.1155701237916946
2016-11-25,1.0564124584197998,1.0628122091293335,1.0541073083877563,1.0561892986297607,0,0.0015830883643816397,0.07655489731348379,1.1152955764532089
2016-11-28,1.0611205101013184,1.0684902667999268,1.056747317314148,1.0612331628799438,0,0.004764163866232262,0.0796247906263523,1.1150397592782975
2016-11-29,1.062022089958191,1.0633999109268188,1.056859016418457,1.062134861946106,0,0.0008493102559907696,0.0731644233378671,1.1148364168405533
2016-11-30,1.0648492574691772,1.066699743270874,1.058500051498413,1.0648492574691772,0,0.0025523434536833026,0.07455639212692829,1.114647132754326
2016-12-01,1.0592098236083984,1.0637166500091553,1.0587612390518188,1.0592098236083984,0,-0.005310066148516394,0.0679742541901964,1.1144362097978593
2016-12-02,1.0663254261016846,1.0691757202148438,1.0627998113632202,1.0663141012191772,0,0.006684755681079142,0.0718737269914497,1.1142552834749222
2016-12-05,1.0570825338363647,1.0741138458251953,1.054185152053833,1.0582010746002197,0,-0.007637569407832346,0.07397232509669359,1.1140843152999877
2016-12-06,1.0758472681045532,1.078515887260437,1.07260000705719,1.0757315158843994,0,0.016430543065026008,0.09829624896595753,1.1140184849500656
2016-12-07,1.071926236152649,1.0769003629684448,1.0713521242141724,1.0720411539077759,0,-0.003436458299545448,0.09798241332352801,1.1139407163858415
2016-12-08,1.0760092735290527,1.0856584310531616,1.0609999895095825,1.0761945247650146,0,0.003866778746451157,0.09949026951443951,1.1138872021436692
2016-12-09,1.062134861946106,1.063151240348816,1.0538407564163208,1.062134861946106,0,-0.01315032709034517,0.10456524633830945,1.1137234038114547
2016-12-12,1.0546298027038574,1.062699317932129,1.0527424812316895,1.0547411441802979,0,-0.006985527551627461,0.10629551179919142,1.1135001271963119
2016-12-13,1.0642826557159424,1.065303087234497,1.0606703758239746,1.0641694068908691,0,0.008899219392906561,0.11083556427820052,1.113312970995903
2016-12-14,1.0630381107330322,1.0666667222976685,1.0615001916885376,1.062925100326538,0,-0.0011699590234880463,0.10862259383929468,1.113125593662262
2016-12-15,1.0515247583389282,1.052520751953125,1.0403661727905273,1.051414132118225,0,-0.010888585673538545,0.11432377536204844,1.1128881591558457
2016-12-16,1.041775107383728,1.0472300052642822,1.0403661727905273,1.0418837070465088,0,-0.009105718970210059,0.11774546768502527,1.112508362531662
2016-12-19,1.0448229312896729,1.0481960773468018,1.0413411855697632,1.0449975728988647,0,0.0029842312480278035,0.1161276359034361,1.112149378657341
2016-12-20,1.040474534034729,1.0419923067092896,1.0355182886123657,1.0405826568603516,0,-0.004233759574618508,0.11632417582236887,1.1118013006448746
2016-12-21,1.0393929481506348,1.0451505184173584,1.0385295152664185,1.039047360420227,0,-0.001476509481291881,0.11429610486981717,1.1114420312643052
2016-12-22,1.0427528619766235,1.0497585535049438,1.0427528619766235,1.0428615808486938,0,0.0036641609249652264,0.11548605717808359,1.1110468703508376
2016-12-23,1.0439503192901611,1.0467915534973145,1.0429704189300537,1.0437650680541992,0,0.0008659788395229713,0.11238047118731918,1.1106067061424256
2016-12-26,1.0455876588821411,1.0470107793807983,1.044600248336792,1.045478343963623,0,0.0016400925651978298,0.11239388132402309,1.110194576382637
2016-12-27,1.0455766916275024,1.0461344718933105,1.0435363054275513,1.0456969738006592,0,0.00020909756917603204,0.11080968195086283,1.1098050838708877
2016-12-28,1.0462440252304077,1.048218011856079,1.0387451648712158,1.046233057975769,0,0.0005125259245785663,0.11075639200374718,1.1094247657060623
2016-12-29,1.041775107383728,1.0490977764129639,1.041775107383728,1.0416991710662842,0,-0.004342951339742504,0.11076643904436956,1.1090427345037461
2016-12-30,1.0569037199020386,1.0590976476669312,1.0509997606277466,1.0575296878814697,0,0.015082506933972048,0.12275405971337487,1.1087464112043381
2017-01-02,1.0530749559402466,1.0540739297866821,1.0465724468231201,1.052698016166687,0,-0.004579297436805697,0.12112866148068367,1.108429917693138
2017-01-03,1.0459157228469849,1.0492078065872192,1.0347682237625122,1.0460032224655151,0,-0.006379961365256615,0.12028498850367926,1.1080585718154907
2017-01-04,1.0418403148651123,1.0478885173797607,1.0391337871551514,1.0419923067092896,0,-0.0038418862814960275,0.10355818579582701,1.1076225161552429
2017-01-05,1.0498688220977783,1.060895323753357,1.048657774925232,1.0500892400741577,0,0.007740590997296944,0.10808747682282001,1.107205634713173
2017-01-06,1.0605578422546387,1.060895323753357,1.0539628267288208,1.0605915784835815,0,0.009951694252328738,0.11345139723798192,1.10681875705719
2017-01-09,1.0534077882766724,1.0560777187347412,1.0513478517532349,1.0531858205795288,0,-0.007007159987028705,0.10675190313598638,1.1063896661996842
2017-01-10,1.0587612390518188,1.0625863075256348,1.0561892986297607,1.0588620901107788,0,0.0053751462447140155,0.10573075560755271,1.1059894752502442
2017-01-11,1.0554089546203613,1.056747317314148,1.0456969738006592,1.0552419424057007,0,-0.003424761684181396,0.1014664818151017,1.10557468354702
2017-01-12,1.0596587657928467,1.0686043500900269,1.0575296878814697,1.0597710609436035,0,0.004282834624411188,0.10269665298920559,1.1051710492372513
2017-01-13,1.0617965459823608,1.0667804479599,1.0600003004074097,1.0616837739944458,0,0.001803209323731725,0.09509106593305158,1.1047924798727036
2017-01-16,1.0626879930496216,1.0633434057235718,1.058133840560913,1.0628687143325806,0,0.0011154729925587558,0.08849500801187436,1.1044053089618684
2017-01-17,1.0603891611099243,1.071799874305725,1.0601418018341064,1.0602991580963135,0,-0.002420493946028402,0.0889088407679562,1.1040003454685212
2017-01-18,1.0697818994522095,1.0714668035507202,1.0659617185592651,1.0696789026260376,0,0.008807419508532952,0.09125124073140313,1.1036562484502792
2017-01-19,1.0629477500915527,1.0676802396774292,1.058974266052246,1.062778353691101,0,-0.006471944983548921,0.09474928498382161,1.103330618739128
2017-01-20,1.0661321878433228,1.0695186853408813,1.0626766681671143,1.0659730434417725,0,0.0030014703955947883,0.09454873992259043,1.1030254751443862
2017-01-23,1.0711455345153809,1.0756157636642456,1.070835828781128,1.0713750123977661,0,0.005054843962894792,0.09555759367023484,1.1027323770523072
2017-01-24,1.0757546424865723,1.077284336090088,1.0727771520614624,1.0760787725448608,0,0.0043807859360458536,0.09617067108662798,1.1024582612514495
2017-01-25,1.0727887153625488,1.076878309249878,1.0712143182754517,1.0728693008422852,0,-0.0029870187452542053,0.09728918224588372,1.102142790555954
2017-01-26,1.0755001306533813,1.076658010482788,1.0670650005340576,1.0751993656158447,0,0.002169451772020358,0.09730634053417213,1.10186625957489
2017-01-27,1.0682847499847412,1.0724780559539795,1.0660525560379028,1.068296194076538,0,-0.0064410634062073814,0.09909455267449567,1.1015617233514785
2017-01-30,1.071914792060852,1.0740330219268799,1.0620898008346558,1.0713980197906494,0,0.002899318852993123,0.08566742585926025,1.1013016825914383
2017-01-31,1.0707095861434937,1.0810343027114868,1.0686043500900269,1.0708587169647217,0,-0.0005034903875596175,0.08369104123770965,1.1010214751958847
2017-02-01,1.080263614654541,1.0808473825454712,1.0739407539367676,1.0803803205490112,0,0.008852261972059784,0.08382618980478435,1.1007738506793976
2017-02-02,1.076843500137329,1.0826611518859863,1.076843500137329,1.0767391920089722,0,-0.0033759205059840968,0.08346401330344322,1.1004930436611176
2017-02-03,1.0763335227966309,1.079715371131897,1.0728923082351685,1.0761713981628418,0,-0.0005274662699758506,0.08061784291245878,1.1001959538459778
2017-02-06,1.0783414840698242,1.0788882970809937,1.0706638097763062,1.0782949924468994,0,0.0019713419350956586,0.07414235103203247,1.099855915904045
2017-02-07,1.0743216276168823,1.0743446350097656,1.0656777620315552,1.0743216276168823,0,-0.0036916646517806554,0.07055270465259514,1.0994650310277938
2017-02-08,1.067896842956543,1.0707440376281738,1.0642147064208984,1.0678056478500366,0,-0.006083672000636754,0.07262519913562146,1.0990520405769348
2017-02-09,1.0692099332809448,1.0710078477859497,1.0657345056533813,1.0692213773727417,0,0.001324952574866799,0.0713251591883258,1.098651615381241
2017-02-10,1.0656890869140625,1.066894292831421,1.0609854459762573,1.0658594369888306,0,-0.0031492420707108556,0.07117131100131768,1.0982779026031495
2017-02-13,1.061931848526001,1.0658026933670044,1.0593445301055908,1.061954379081726,0,-0.003670492466827683,0.07220658079866762,1.0978936916589737
2017-02-14,1.0599170923233032,1.0633207559585571,1.056178092956543,1.059849739074707,0,-0.001983821861077884,0.0724077672161894,1.097498957514763
2017-02-15,1.0578652620315552,1.0587948560714722,1.0522106885910034,1.0578316450119019,0,-0.0019059474091681953,0.07222487562409118,1.097100933790207
2017-02-16,1.0601868629455566,1.0674750804901123,1.0600519180297852,1.0607378482818604,0,0.0027435541785109114,0.06553524121706765,1.0966911208629608
2017-02-17,1.06670081615448,1.0676915645599365,1.0625863075256348,1.0672245025634766,0,0.006096606333929302,0.06532414292708869,1.0963387674093246
2017-02-20,1.0626766681671143,1.063151240348816,1.0605241060256958,1.062665343284607,0,-0.004281128670700643,0.06625200578332609,1.0959936171770095
2017-02-21,1.061030387878418,1.061255693435669,1.0526647567749023,1.0609403848648071,0,-0.0016245565514428882,0.06363140057221499,1.0956402903795242
2017-02-22,1.0542184114456177,1.0556206703186035,1.0496814250946045,1.0542073249816895,0,-0.006366536572582948,0.06420538547806738,1.0952532982826233
2017-02-23,1.0551751852035522,1.0595015287399292,1.0538963079452515,1.0554089546203613,0,0.0011391927339987058,0.06416948639347166,1.0949188596010209
2017-02-24,1.0584698915481567,1.0618078708648682,1.0566245317459106,1.0584474802017212,0,0.00287486664094481,0.0646231311247474,1.0946081030368804
2017-02-27,1.0552864074707031,1.0614584684371948,1.0552864074707031,1.055275321006775,0,-0.0030014925084968615,0.06184365055349396,1.094273625612259
2017-02-28,1.0582793951034546,1.062699317932129,1.0576637983322144,1.0584250688552856,0,0.0029803184926625644,0.06190174391261692,1.0939577293395997
2017-03-01,1.0569260120391846,1.05880606174469,1.0515247583389282,1.0569148063659668,0,-0.001427914978222764,0.061970119470018015,1.0936733204126359
2017-03-02,1.053629755973816,1.0545185804367065,1.050045132637024,1.0535852909088135,0,-0.003155193618451976,0.051990400680129,1.0933617615699769
2017-03-03,1.0508506298065186,1.057373046875,1.05035400390625,1.0509721040725708,0,-0.0024833612858004657,0.051609378524267696,1.0930205887556077
2017-03-06,1.0618754625320435,1.0638071298599243,1.057820439338684,1.062044620513916,0,0.010480388215962188,0.06550754466143478,1.0927758115530013
2017-03-07,1.0581226348876953,1.060400366783142,1.0560777187347412,1.0579211711883545,0,-0.003890114210058578,0.06572207791119426,1.0924912190437317
2017-03-08,1.0568925142288208,1.0575296878814697,1.0537296533584595,1.0570154190063477,0,-0.000856528977351755,0.06493837130476086,1.0922083055973053
2017-03-09,1.0544073581695557,1.0614020824432373,1.052565097808838,1.0547411441802979,0,-0.0021539184439741004,0.06226095476002471,1.0918874806165695
2017-03-10,1.058133840560913,1.0669056177139282,1.058133840560913,1.0578428506851196,0,0.002936412224148051,0.06312842485095528,1.0916006940603256
2017-03-13,1.068798542022705,1.0715816020965576,1.0656890869140625,1.0690041780471802,0,0.010495752325234368,0.07288163928092901,1.0912702172994613
2017-03-14,1.065200924873352,1.0662117004394531,1.0627444982528687,1.0651443004608154,0,-0.0036172570315181995,0.0728467917104367,1.0909139269590378
2017-03-15,1.0612443685531616,1.0641003847122192,1.0610530376434326,1.0612443685531616,0,-0.0036681311722004924,0.0736950642082513,1.090541234612465
2017-03-16,1.0737909078598022,1.0745755434036255,1.0707095861434937,1.0737909078598022,0,0.01175313951260352,0.08361944703936694,1.090206658244133
2017-03-17,1.077052354812622,1.078299641609192,1.0729843378067017,1.077470064163208,0,0.0034204682168346265,0.08385909164550373,1.0899364918470382
2017-03-20,1.0742292404174805,1.0777000188827515,1.0742292404174805,1.0742985010147095,0,-0.0029478685547742137,0.0824275474491728,1.0896879863739013
2017-03-21,1.0736756324768066,1.0818997621536255,1.0736756324768066,1.073767900466919,0,-0.0004940262165230438,0.08079488429369192,1.0894113183021545
2017-03-22,1.0811277627944946,1.0820754766464233,1.0776559114456177,1.081244707107544,0,0.0069390189319521985,0.08336930168284935,1.0892110294103623
2017-03-23,1.0789697170257568,1.0804970264434814,1.077052354812622,1.0790164470672607,0,-0.002062955051731874,0.07990204641866872,1.0889747834205628
2017-03-24,1.078399658203125,1.08119797706604,1.0761598348617554,1.0783880949020386,0,-0.0005825075184240264,0.08011578997507358,1.0887407183647155
2017-03-27,1.0845986604690552,1.0904886722564697,1.0839051008224487,1.0849517583847046,0,0.006068102164538236,0.08179061522601723,1.0884909456968308
2017-03-28,1.0862716436386108,1.0874292850494385,1.0846928358078003,1.0860947370529175,0,0.0010529288766616446,0.08037392385682122,1.0882599312067032
2017-03-29,1.0817476511001587,1.0826494693756104,1.0740907192230225,1.0817711353302002,0,-0.00398881453912946,0.08221998488484256,1.0880434775352479
2017-03-30,1.0759977102279663,1.0769003629684448,1.0721906423568726,1.0759629011154175,0,-0.005383655395307408,0.08481631636978518,1.0877591741085053
2017-03-31,1.0687528848648071,1.0700910091400146,1.0672245025634766,1.0687072277069092,0,-0.00676626301898027,0.08783396422351915,1.0874407088756561
2017-04-03,1.0668145418167114,1.068376064300537,1.064373254776001,1.0668829679489136,0,-0.001708436576849294,0.08752293454780677,1.0872571516036986
2017-04-04,1.0670194625854492,1.067463755607605,1.0636826753616333,1.067008137702942,0,0.00011731597159801833,0.07999307017192556,1.087084674835205
2017-04-05,1.0679539442062378,1.0689127445220947,1.065405249595642,1.0680338144302368,0,0.0009608024846293539,0.0786039855645103,1.0868878680467606
2017-04-06,1.0673270225524902,1.0683988332748413,1.0631964206695557,1.0672472715377808,0,-0.0007367113708814336,0.0785799258206472,1.0866600793600083
2017-04-07,1.064305305480957,1.0660412311553955,1.0611655712127686,1.0644639730453491,0,-0.002611329354407584,0.07878725044931391,1.0864293736219406
2017-04-10,1.0584250688552856,1.060782790184021,1.0570378303527832,1.0582010746002197,0,-0.005900993777431644,0.08116644212722109,1.0861548674106598
2017-04-11,1.0597823858261108,1.0629477500915527,1.0579211711883545,1.0597598552703857,0,0.0014719638399648264,0.07198662538430552,1.0858806490898132
2017-04-12,1.0609629154205322,1.0623831748962402,1.0596587657928467,1.0611318349838257,0,0.0012937764913874173,0.07123912272184124,1.085653804540634
2017-04-13,1.0671560764312744,1.0678056478500366,1.0611768960952759,1.0670650005340576,0,0.0055757821106804445,0.07271725275356934,1.0854396170377731
2017-04-14,1.0617965459823608,1.063151240348816,1.0607041120529175,1.0616387128829956,0,-0.005098219512770225,0.06176572554587141,1.085214939713478
2017-04-17,1.0611205101013184,1.0669853687286377,1.0609742403030396,1.0610530376434326,0,-0.0005518231785464774,0.060064181226583614,1.0849982106685638
2017-04-18,1.0643846988677979,1.0708587169647217,1.063795804977417,1.0644525289535522,0,0.003198762931699693,0.06097309399455449,1.0847914570569992
2017-04-19,1.0728347301483154,1.0736525058746338,1.070159673690796,1.0728693008422852,0,0.00787603933151079,0.06742914813769126,1.0846243405342102
2017-04-20,1.0714898109436035,1.077818512916565,1.0710651874542236,1.0715012550354004,0,-0.0012759417804318331,0.06254413468839633,1.0844343662261964
2017-04-21,1.071329116821289,1.0737563371658325,1.0687072277069092,1.0714898109436035,0,-1.068048484067434e-05,0.062272893885455545,1.08423878967762
2017-04-24,1.0875357389450073,1.0877995491027832,1.0821690559387207,1.087393879890442,0,0.01473387077510292,0.08122089881568868,1.084149187207222
2017-04-25,1.086767554283142,1.0940918922424316,1.085198998451233,1.0864840745925903,0,-0.0008370344334140607,0.07862575883029971,1.0840456742048263
2017-04-26,1.0928484201431274,1.0950744152069092,1.0860711336135864,1.0928245782852173,0,0.005818837615714092,0.08107381027944056,1.0840030074119569
2017-04-27,1.0909289121627808,1.0930753946304321,1.085257887840271,1.090893268585205,0,-0.0017688276041054596,0.07995309748625735,1.0839477103948594
2017-04-28,1.0866730213165283,1.0948106050491333,1.0858235359191895,1.0864251852035522,0,-0.004104213277379672,0.0789029114175429,1.0838633865118026
2017-05-01,1.0906076431274414,1.0925379991531372,1.0885419845581055,1.0907504558563232,0,0.003973291140565258,0.07519187682797118,1.0838319158554077
2017-05-02,1.0909645557403564,1.0925379991531372,1.0889095067977905,1.090893268585205,0,0.00013092213681450298,0.07463353616753397,1.0837907898426056
2017-05-03,1.0935654640197754,1.0939722061157227,1.0905719995498657,1.0935654640197754,0,0.0024465527570567713,0.07469905401212125,1.083764715194702
2017-05-04,1.0888738632202148,1.0968520641326904,1.0876303911209106,1.0888975858688354,0,-0.004277630513799503,0.07705161834494866,1.083672472834587
2017-05-05,1.098140835762024,1.0999890565872192,1.0953261852264404,1.098152995109558,0,0.008463877857979456,0.08104538250125967,1.0836210453510284
2017-05-08,1.0966956615447998,1.0996261835098267,1.0919533967971802,1.0965152978897095,0,-0.001492432846504041,0.08044512595593765,1.0835195875167847
2017-05-09,1.0927289724349976,1.093400478363037,1.087263822555542,1.0927767753601074,0,-0.0034152831494476646,0.07802202715319438,1.083399437069893
2017-05-10,1.0886961221694946,1.0900371074676514,1.0859414339065552,1.0886842012405396,0,-0.003752144975261105,0.08014180021304788,1.0832333266735077
2017-05-11,1.0866730213165283,1.0892000198364258,1.0839990377426147,1.087074637413025,0,-0.0014795427623111868,0.08071058758497303,1.083092947602272
2017-05-12,1.0866022109985352,1.0933741331100464,1.0857645273208618,1.0864958763122559,0,-0.0005325441349084907,0.07925092681614307,1.0829580563306809
2017-05-15,1.0928006172180176,1.099000096321106,1.0923231840133667,1.0927289724349976,0,0.005720486460082988,0.0778526069078688,1.0828769272565841
2017-05-16,1.0980684757232666,1.108930230140686,1.0979599952697754,1.0981770753860474,0,0.0049733891475483355,0.07848026182796002,1.0828259885311127
2017-05-17,1.109570026397705,1.1150261163711548,1.1083157062530518,1.1093976497650146,0,0.010165609234827322,0.08375964665558554,1.0828150743246079
2017-05-18,1.1154240369796753,1.11720609664917,1.1104941368103027,1.115635633468628,0,0.005607107178077628,0.08209584897066308,1.0828000354766845
2017-05-19,1.111086368560791,1.1198208332061768,1.1100751161575317,1.1113580465316772,0,-0.003841584496626299,0.08379472339709643,1.0827872842550277
2017-05-22,1.1202348470687866,1.1263290643692017,1.116233468055725,1.120485782623291,0,0.008179592912204795,0.08640235969963798,1.0828062403202057
2017-05-23,1.1237092018127441,1.1266716718673706,1.1196328401565552,1.123885989189148,0,0.0030299874646010755,0.07342704614192157,1.0828336423635483
2017-05-24,1.1180930137634277,1.1202473640441895,1.1169440746307373,1.11793053150177,0,-0.005313076821422747,0.07683528754763856,1.0827852994203568
2017-05-25,1.12311589717865,1.1250998973846436,1.119557499885559,1.1230907440185547,0,0.0046052410952720935,0.07605874036678026,1.0827512907981873
2017-05-26,1.1210637092590332,1.123204231262207,1.1163455247879028,1.121076226234436,0,-0.0017953372916784775,0.07607227569174953,1.082681947350502
2017-05-29,1.1175181865692139,1.11906898021698,1.1162956953048706,1.1176055669784546,0,-0.0031006300645787972,0.07524900287830483,1.082620896100998
2017-05-30,1.1129412651062012,1.1201595067977905,1.1110740900039673,1.1129041910171509,0,-0.0042155232961007755,0.0769754705917679,1.0825257867574691
2017-05-31,1.1173683404922485,1.125226378440857,1.1165823936462402,1.117168664932251,0,0.0038245199942626854,0.0775370901351903,1.082461210489273
2017-06-01,1.123822808265686,1.1257203817367554,1.1203100681304932,1.1243535280227661,0,0.006410721892161138,0.07957235535992417,1.082451078891754
2017-06-02,1.1213276386260986,1.1281461715698242,1.1206239461898804,1.1215791702270508,0,-0.0024705630841270632,0.07820449502358066,1.0824137222766876
2017-06-05,1.127548336982727,1.1279042959213257,1.1236207485198975,1.128082513809204,0,0.005781635295709812,0.07566613567766343,1.0824544036388397
2017-06-06,1.125821828842163,1.1279042959213257,1.1241259574890137,1.1256824731826782,0,-0.002129806388517568,0.07599195148959745,1.0824864065647126
2017-06-07,1.127052664756775,1.1279934644699097,1.120523452758789,1.1271415948867798,0,0.001295371377476745,0.07407589624416897,1.082545492053032
2017-06-08,1.12546706199646,1.1270145177841187,1.1196452379226685,1.125517725944519,0,-0.0014417352935042875,0.07243611884848764,1.0825927239656448
2017-06-09,1.1193194389343262,1.1217050552368164,1.1167818307876587,1.1184805631637573,0,-0.006272006430605042,0.07676354419831338,1.0825847679376601
2017-06-12,1.1202348470687866,1.1230995655059814,1.1194071769714355,1.1201971769332886,0,0.0015335964397459661,0.07645604346632676,1.0826047736406326
2017-06-13,1.1199086904525757,1.1225234270095825,1.1185808181762695,1.1196202039718628,0,-0.0005151964433409355,0.07511189260831522,1.0826262521743775
2017-06-14,1.121076226234436,1.1295095682144165,1.1198583841323853,1.1208877563476562,0,0.0011314867284345825,0.07382071294355542,1.082603862285614
2017-06-15,1.1216169595718384,1.1228384971618652,1.1133625507354736,1.1215791702270508,0,0.0006166547146009237,0.06581834176316938,1.0825912541151046
2017-06-16,1.114740252494812,1.1199712753295898,1.113908290863037,1.1146905422210693,0,-0.006160839863208458,0.0669722503516251,1.0825289988517761
2017-06-19,1.1203352212905884,1.1213276386260986,1.1159842014312744,1.120824933052063,0,0.0054881357753700745,0.06808894045145568,1.0825125569105147
2017-06-20,1.114466905593872,1.1165997982025146,1.1120872497558594,1.1144545078277588,0,-0.005699907005050658,0.06502417033662435,1.0824630618095399
2017-06-21,1.1136353015899658,1.1154489517211914,1.112866997718811,1.1136974096298218,0,-0.0006795750515412816,0.06392183488526834,1.0824222058057784
2017-06-22,1.1168441772460938,1.117817997932434,1.114715337753296,1.1167196035385132,0,0.0027099826986903166,0.062224662883703735,1.0823821395635604
2017-06-23,1.114976406097412,1.120862603187561,1.1146284341812134,1.1149640083312988,0,-0.001573337331533338,0.060041105720476655,1.0823339909315108
2017-06-26,1.1199712753295898,1.12186861038208,1.1172560453414917,1.1198835372924805,0,0.004402570472360325,0.06196376306818304,1.082354171872139
2017-06-27,1.118067979812622,1.1330161094665527,1.1180554628372192,1.118355631828308,0,-0.0013652747414871296,0.061174083954277425,1.0823556101322174
2017-06-28,1.1336840391159058,1.1387965679168701,1.129726529121399,1.1339154243469238,0,0.013817200221092344,0.07559273986591715,1.0824481910467147
2017-06-29,1.13779878616333,1.1435105800628662,1.13779878616333,1.1382650136947632,0,0.003828564481944142,0.07559471899567478,1.082542918920517
2017-06-30,1.1440469026565552,1.1445000171661377,1.1392894983291626,1.144164800643921,0,0.005169753787889567,0.07456823509835486,1.0826586759090424
2017-07-03,1.1425045728683472,1.1425960063934326,1.1356925964355469,1.1423088312149048,0,-0.001623434279564029,0.07415211825854537,1.0827506005764007
2017-07-04,1.1375269889831543,1.1379153728485107,1.1337867975234985,1.1371389627456665,0,-0.00453607873585738,0.0741585161686963,1.08281136572361
2017-07-05,1.1359893083572388,1.1368803977966309,1.1315033435821533,1.1360150575637817,0,-0.0009888509651569779,0.07377616585526552,1.0828816574811935
2017-07-06,1.1344943046569824,1.1409013271331787,1.1330673694610596,1.1346874237060547,0,-0.0011693597201414949,0.0739079757229547,1.0829426032304763
2017-07-07,1.142126202583313,1.1438244581222534,1.1382910013198853,1.1424784660339355,0,0.006842780109586038,0.07693285274176372,1.0830452120304108
2017-07-10,1.1406410932540894,1.1417349576950073,1.1383039951324463,1.140380859375,0,-0.001837701715489709,0.073308734031193,1.0831297701597213
2017-07-12,1.1473942995071411,1.149100422859192,1.1394842863082886,1.1473942995071411,0,0.006131251207802693,0.07548861382828519,1.0832615488767623
2017-07-13,1.1419044733047485,1.1455278396606445,1.137255311012268,1.1418914794921875,0,-0.004807464986444529,0.07809545268129993,1.0833656251430512
2017-07-14,1.140393853187561,1.1466838121414185,1.139237642288208,1.140393853187561,0,-0.0013123920117594798,0.07847706664721768,1.0834634697437286
2017-07-17,1.1475127935409546,1.1487255096435547,1.1436283588409424,1.1475391387939453,0,0.006246082259973493,0.08068375187947999,1.0836288928985596
2017-07-18,1.1473416090011597,1.1584800481796265,1.1472363471984863,1.1474337577819824,0,-9.1836389174089e-05,0.0764394111274434,1.0837675845623016
2017-07-19,1.154961109161377,1.1553213596343994,1.1510659456253052,1.1549744606018066,0,0.00655029783305211,0.07724324570945326,1.0839720469713212
2017-07-20,1.1528840065002441,1.1649987697601318,1.1480133533477783,1.1528440713882446,0,-0.0018462368588922442,0.07384038630927912,1.0842052936553954
2017-07-21,1.1628042459487915,1.1675150394439697,1.1620204448699951,1.1628718376159668,0,0.008660672812457637,0.07719935366807139,1.0845137119293213
2017-07-24,1.1681560277938843,1.1681697368621826,1.1631693840026855,1.1681697368621826,0,0.0045455288539196816,0.07765534582415022,1.0848296988010406
2017-07-25,1.1638869047164917,1.1706860065460205,1.1631559133529663,1.1638869047164917,0,-0.0036730128113636957,0.07924641742822536,1.0851652336120605
2017-07-26,1.1643340587615967,1.1655012369155884,1.1615750789642334,1.1644561290740967,0,0.0004889523241931771,0.07893840226486414,1.0854796934127808
2017-07-27,1.1730343103408813,1.1774957180023193,1.1654876470565796,1.1728004217147827,0,0.007140275713109553,0.08005255117545179,1.0858552211523056
2017-07-28,1.1690027713775635,1.1763322353363037,1.1672561168670654,1.1688660383224487,0,-0.003360330911062203,0.07034172770100189,1.0862119805812835
2017-07-31,1.1746878623962402,1.1824663877487183,1.1723741292953491,1.1747292280197144,0,0.005003595982651434,0.07095835899772814,1.0866204291582107
2017-08-01,1.1823545694351196,1.1837540864944458,1.1791062355041504,1.182410478591919,0,0.006517456509259816,0.07198238932610103,1.0870911931991578
2017-08-02,1.180930256843567,1.186760425567627,1.1794956922531128,1.1811256408691406,0,-0.0010872165978424119,0.07170648951885998,1.08755908370018
2017-08-03,1.1851431131362915,1.18948495388031,1.1833997964859009,1.1851149797439575,0,0.0033718824872047953,0.0683461149187477,1.0880410003662109
2017-08-04,1.1887779235839844,1.1891002655029297,1.1736950874328613,1.1884952783584595,0,0.0028482358366716766,0.06754239751329319,1.088527463078499
2017-08-07,1.177773118019104,1.1812511682510376,1.177773118019104,1.1778424978256226,0,-0.009003661780450435,0.07716165695765706,1.0889664900302887
2017-08-08,1.18002450466156,1.1824523210525513,1.1718658208847046,1.1800941228866577,0,0.001909827198615512,0.07494171407204206,1.0893746280670167
2017-08-09,1.1753367185592651,1.1760278940200806,1.169235110282898,1.1754610538482666,0,-0.003933743568074438,0.07646913501093427,1.0897652661800385
2017-08-10,1.1764705181121826,1.1764705181121826,1.1704667806625366,1.1761523485183716,0,0.0005879322590374358,0.07457430901934456,1.090117500424385
2017-08-11,1.1769968271255493,1.1831799745559692,1.1749224662780762,1.177024483680725,0,0.0007412406839569163,0.07137044991272051,1.0904538488388063
2017-08-14,1.1826341152191162,1.1839994192123413,1.1773293018341064,1.182550311088562,0,0.004683757024378315,0.0714761143780632,1.0908153623342514
2017-08-15,1.1777037382125854,1.1792453527450562,1.1689002513885498,1.1775789260864258,0,-0.004212813668356419,0.07232454057527829,1.091152635216713
2017-08-16,1.1739845275878906,1.1757513284683228,1.1683608293533325,1.1741223335266113,0,-0.002939654885911766,0.0736414187292303,1.091497163772583
2017-08-17,1.1774264574050903,1.1790227890014648,1.1666978597640991,1.1774264574050903,0,0.002810170102040692,0.07125127158042957,1.0918747752904892
2017-08-18,1.1717286109924316,1.176816701889038,1.1712207794189453,1.1715501546859741,0,-0.005003297987145659,0.07359463199240177,1.0922722226381303
2017-08-21,1.175723671913147,1.1824663877487183,1.1731857061386108,1.1756268739700317,0,0.003473724677504832,0.06860876538996187,1.092705513238907
2017-08-22,1.1811814308166504,1.1825922727584839,1.1746463775634766,1.1811953783035278,0,0.004725443074964061,0.06874448794515262,1.0931990629434585
2017-08-23,1.1760832071304321,1.1818654537200928,1.1743566989898682,1.176221489906311,0,-0.0042197846676600495,0.069190150488253,1.0937049823999405
2017-08-24,1.1816420555114746,1.1818934679031372,1.1785225868225098,1.1816558837890625,0,0.0046095726316787945,0.07063764046002002,1.0942496061325073
2017-08-25,1.1798295974731445,1.188424825668335,1.1774818897247314,1.1802195310592651,0,-0.0012162816868652579,0.06686597699427693,1.094797384738922
2017-08-28,1.1951429843902588,1.197604775428772,1.1917815208435059,1.1951857805252075,0,0.012601173730479498,0.07781955996737826,1.0954617929458619
2017-08-29,1.1965157985687256,1.2066947221755981,1.196300983428955,1.1963869333267212,0,0.0010044878799235918,0.07648796459975085,1.096151602268219
2017-08-30,1.1970313787460327,1.1986095905303955,1.189668893814087,1.1970456838607788,0,0.0005504650901480018,0.0736780814465316,1.0968173986673355
2017-08-31,1.1890040636062622,1.1908164024353027,1.1824384927749634,1.1893434524536133,0,-0.006455156902391667,0.07746319990949714,1.0974472296237945
2017-09-01,1.191085934638977,1.1978631019592285,1.1851149797439575,1.1910432577133179,0,0.0014281759693642322,0.07679124825927602,1.0981298530101775
2017-09-04,1.1882553100585938,1.1923214197158813,1.1879446506500244,1.1882835626602173,0,-0.0023197286450903896,0.07666421090582724,1.0987903243303299
2017-09-05,1.18944251537323,1.193816065788269,1.187042236328125,1.1893434524536133,0,0.0008915526757262396,0.0693494929001909,1.0994308757781983
2017-09-06,1.1923640966415405,1.1949286460876465,1.1903769969940186,1.1924067735671997,0,0.0025723291798226953,0.0695613301041653,1.1000822353363038
2017-09-07,1.1927480697631836,1.205690860748291,1.1915684938430786,1.1927765607833862,0,0.00031007026908479087,0.06768566094241775,1.1007218718528748
2017-09-08,1.2028627395629883,1.2093360424041748,1.2018941640853882,1.2029062509536743,0,0.008456670882772186,0.0728207018685928,1.1014403539896012
2017-09-11,1.2015330791473389,1.2029350996017456,1.1962437629699707,1.2017642259597778,0,-0.0009498391490405942,0.07315207898126305,1.102117604613304
2017-09-12,1.1958575248718262,1.1977481842041016,1.1927480697631836,1.1959433555603027,0,-0.0048553725898403035,0.07453432221423423,1.1028063160181045
2017-09-13,1.1971603631973267,1.1996002197265625,1.188565969467163,1.1974613666534424,0,0.0012684952800507596,0.0725252680108308,1.1034149652719498
2017-09-14,1.1890465021133423,1.1910008192062378,1.1845674514770508,1.1890605688095093,0,-0.007040230737258596,0.0764712178316172,1.1040000623464585
2017-09-15,1.1922788619995117,1.198552131652832,1.1902352571487427,1.1921650171279907,0,0.0026074388715421597,0.07640065020985766,1.1045799148082733
2017-09-18,1.1937447786331177,1.1968880891799927,1.1916821002960205,1.193716287612915,0,0.0013003754213913215,0.0736546512517179,1.1052378219366075
2017-09-19,1.1961722373962402,1.2005378007888794,1.196000576019287,1.1959290504455566,0,0.0018519597279447737,0.07315107991833913,1.1059437614679337
2017-09-20,1.1992852687835693,1.2019230127334595,1.198667049407959,1.199256420135498,0,0.0027783834456705627,0.07214374189394222,1.1066191965341567
2017-09-21,1.187295913696289,1.1953572034835815,1.1866196393966675,1.1872113943099976,0,-0.010094523826527133,0.07969039392539538,1.107240628004074
2017-09-22,1.1944862604141235,1.2002496719360352,1.1940582990646362,1.194557547569275,0,0.006168672724767713,0.08089150633024324,1.1079563450813295
2017-09-25,1.1926769018173218,1.1938873529434204,1.185185194015503,1.1927196979522705,0,-0.0015397038475801963,0.0809865328311586,1.1087105250358582
2017-09-26,1.185564637184143,1.186380386352539,1.1765259504318237,1.185564637184143,0,-0.00601701171679182,0.07100457843131831,1.1094133603572844
2017-09-27,1.1781338453292847,1.1795234680175781,1.1719207763671875,1.1786059141159058,0,-0.005886836853223914,0.07328202239683546,1.1101034766435622
2017-09-28,1.175046682357788,1.1802752017974854,1.172195553779602,1.1749638319015503,0,-0.0030949455631941935,0.07357752422585599,1.1107830590009689
2017-09-29,1.1780644655227661,1.1831939220428467,1.1773293018341064,1.178175449371338,0,0.0027296467229846197,0.07167359775198905,1.1114596283435823
2017-10-02,1.1807630062103271,1.1807630062103271,1.17311692237854,1.1807351112365723,0,0.002170207648058877,0.07196400808946127,1.112144478559494
2017-10-03,1.1733232736587524,1.177163004875183,1.169741153717041,1.173378348350525,0,-0.006250154855581805,0.0745181941974415,1.1127839785814286
2017-10-04,1.1747844219207764,1.1786754131317139,1.1747430562973022,1.1747568845748901,0,0.0011741541657486819,0.07459590836896658,1.1134292781352997
2017-10-05,1.1756960153579712,1.177994966506958,1.1703845262527466,1.175723671913147,0,0.0008226295598220761,0.07390505180399486,1.1140767312049866
2017-10-06,1.1713991165161133,1.1738742589950562,1.1671334505081177,1.1712344884872437,0,-0.0038255380743325205,0.07459863686289173,1.1147244077920915
2017-10-09,1.1742877960205078,1.1750881671905518,1.1720993518829346,1.1742464303970337,0,0.0025682950913297697,0.06780404979890314,1.115307991504669
2017-10-10,1.1741912364959717,1.1817677021026611,1.1741912364959717,1.1741636991500854,0,-7.0457239084023e-05,0.06790483394174768,1.1159153199195861
2017-10-11,1.181404709815979,1.1858035326004028,1.179634690284729,1.1814883947372437,0,0.006218846333423547,0.07096830948600945,1.1165927457809448
2017-10-12,1.1865352392196655,1.1880717277526855,1.1831799745559692,1.1865493059158325,0,0.004274356681467382,0.07269712234428219,1.1173155307769775
2017-10-13,1.1831378936767578,1.1874369382858276,1.1806235313415527,1.1831799745559692,0,-0.0028436443420641394,0.06926598086017834,1.1179809844493866
2017-10-16,1.1815024614334106,1.182102918624878,1.1781060695648193,1.181404709815979,0,-0.001501544931142891,0.06859988427184252,1.1185850501060486
2017-10-17,1.1795096397399902,1.1795096397399902,1.1738604307174683,1.1794538497924805,0,-0.0016526703470598411,0.06842287941074121,1.1192163902521133
2017-10-18,1.1772878170013428,1.1779812574386597,1.1732269525527954,1.1771907806396484,0,-0.0019205864297465773,0.06798528231275348,1.1198080337047578
2017-10-19,1.179356575012207,1.1857191324234009,1.1769968271255493,1.1795234680175781,0,0.001979610503095839,0.06751734071646,1.120429441332817
2017-10-20,1.18519926071167,1.1858035326004028,1.1764997243881226,1.184805989265442,0,0.004468522795391385,0.06073668057068747,1.1210546159744263
2017-10-23,1.1754748821258545,1.1778993606567383,1.1734058856964111,1.175364375114441,0,-0.008000833040873344,0.06213775096434776,1.1216230189800263
2017-10-24,1.175530195236206,1.1777175664901733,1.174384355545044,1.1759172677993774,0,0.0004702904875673446,0.06221463495436906,1.1221882617473602
2017-10-25,1.1759862899780273,1.1817537546157837,1.1753782033920288,1.1759034395217896,0,-1.1759635881293249e-05,0.05911928187682591,1.1227662831544876
2017-10-26,1.1822147369384766,1.1835579872131348,1.1692214012145996,1.182075023651123,0,0.005234651900610724,0.0586403148441726,1.1233282637596131
2017-10-27,1.1639004945755005,1.1644154787063599,1.157594919204712,1.163724422454834,0,-0.01564581794464382,0.07970019072428013,1.1238329941034317
2017-10-30,1.160725712776184,1.1642799377441406,1.1598103046417236,1.1604562997817993,0,-0.002812281158441295,0.07921831476885284,1.1243054103851318
2017-10-31,1.164985179901123,1.1658952236175537,1.1625608205795288,1.1652703285217285,0,0.004139812097083693,0.0804091155220426,1.1247748869657517
2017-11-01,1.1651616096496582,1.165745735168457,1.160833477973938,1.165175199508667,0,-8.164019452086343e-05,0.07777055560226229,1.1252203691005707
2017-11-02,1.162912368774414,1.168729543685913,1.1628854274749756,1.1628718376159668,0,-0.0019787939054160286,0.07776706827997981,1.1256703817844391
2017-11-03,1.1663167476654053,1.1686748266220093,1.1605236530303955,1.1661807298660278,0,0.00284140815238091,0.07850545199894808,1.12612528860569
2017-11-06,1.1615345478057861,1.1626555919647217,1.1582788228988647,1.1614941358566284,0,-0.004026851354010363,0.07861953221459772,1.1265912783145904
2017-11-07,1.1611839532852173,1.1617100238800049,1.1555883884429932,1.1612648963928223,0,-0.0001973854897280328,0.07788520575836266,1.1270406126976014
2017-11-08,1.1602543592453003,1.1609547138214111,1.1581177711486816,1.1601063013076782,0,-0.00099819898040769,0.07788263460203398,1.127486850619316
2017-11-09,1.1595547199249268,1.1652567386627197,1.1586410999298096,1.15968918800354,0,-0.0003596121387038146,0.07388500767152566,1.1278833949565887
2017-11-10,1.164523959159851,1.1675150394439697,1.1623986959457397,1.164686679840088,0,0.0043000786630653445,0.07390769739136573,1.1283231323957443
2017-11-13,1.1661127805709839,1.1675150394439697,1.163873314857483,1.1661127805709839,0,0.0012237010803180745,0.0738929747136375,1.128772839307785
2017-11-14,1.1664936542510986,1.177412509918213,1.166330337524414,1.1664936542510986,0,0.0003265648913710829,0.07391195111597942,1.129213832616806
2017-11-15,1.1791757345199585,1.1859441995620728,1.1786059141159058,1.1792869567871094,0,0.010907609447217186,0.08381198037638755,1.1297386592626573
2017-11-17,1.1777315139770508,1.1821727752685547,1.177467942237854,1.1777453422546387,0,-0.0013080981138200777,0.08366247713199905,1.1302883577346803
2017-11-20,1.1732131242752075,1.1807490587234497,1.1725940704345703,1.1731857061386108,0,-0.0038790094132601784,0.08439394617145901,1.1308081793785094
2017-11-21,1.1738742589950562,1.1756683588027954,1.1715501546859741,1.1741223335266113,0,0.0007980439055144413,0.08274633571631736,1.1313494938611983
2017-11-22,1.174094796180725,1.179815649986267,1.1735574007034302,1.173722743988037,0,-0.00034038833844638117,0.07803784752118857,1.13190833568573
2017-11-23,1.181516408920288,1.185499906539917,1.1814465522766113,1.1814744472503662,0,0.006582660069541397,0.0813690959349876,1.1325164592266084
2017-11-24,1.1850868463516235,1.1943720579147339,1.183726191520691,1.1853959560394287,0,0.003313668861567561,0.08205992902263225,1.1331542807817458
2017-11-27,1.1928761005401611,1.1960434913635254,1.1908164024353027,1.1926485300064087,0,0.00609963059633493,0.08275606865731316,1.1338138341903687
2017-11-28,1.1904053688049316,1.192099690437317,1.1867464780807495,1.1904903650283813,0,-0.0018111957909793374,0.05952183978955302,1.1344301635026932
2017-11-29,1.1849744319915771,1.1884952783584595,1.1820051670074463,1.184805989265442,0,-0.00478625465344035,0.06150908783204032,1.1350408667325973
2017-11-30,1.1850025653839111,1.1929757595062256,1.1815024614334106,1.18519926071167,0,0.00033187390605268443,0.06045664305034476,1.1356621611118316
2017-12-01,1.18990957736969,1.1939870119094849,1.185213327407837,1.1898245811462402,0,0.0038949725055720153,0.06128347476037662,1.1363402473926545
2017-12-04,1.1857051849365234,1.1878741979599,1.1831238269805908,1.1859863996505737,0,-0.0032310523571200717,0.06219634307306146,1.1369931346178055
2017-12-05,1.186859130859375,1.187930703163147,1.1808885335922241,1.1867746114730835,0,0.0006643836844992693,0.06181257190244256,1.1376347702741623
2017-12-06,1.183053970336914,1.1848341226577759,1.1781338453292847,1.1832919120788574,0,-0.0029389064537555013,0.06084195075349063,1.1382748532295226
2017-12-07,1.1804981231689453,1.1809163093566895,1.1777175664901733,1.1804285049438477,0,-0.002422797988340597,0.06182147442460539,1.1388848704099654
2017-12-08,1.1774401664733887,1.1777175664901733,1.1731857061386108,1.1772184371948242,0,-0.0027231131814485885,0.06272852300340981,1.1394863885641098
2017-12-11,1.1769275665283203,1.1810418367385864,1.176885962486267,1.1769968271255493,0,-0.00018826661545196552,0.06269494694415889,1.1401034462451936
2017-12-12,1.1777175664901733,1.1792994737625122,1.1718933582305908,1.1777591705322266,0,0.0006474925079878913,0.06131788707994542,1.1407373815774917
2017-12-13,1.1743566989898682,1.177024483680725,1.1730480194091797,1.1742602586746216,0,-0.002975242802169791,0.06243566918170031,1.1412984597682954
2017-12-14,1.1839923858642578,1.1859863996505737,1.177163004875183,1.1835860013961792,0,0.007910432083082026,0.06773064549619072,1.1419267839193343
2017-12-15,1.1775233745574951,1.1814005374908447,1.1761661767959595,1.1774957180023193,0,-0.0051589039474551224,0.05957563689955565,1.1425291854143143
2017-12-18,1.1746740341186523,1.18343186378479,1.174315333366394,1.1743566989898682,0,-0.002669402938509404,0.06011559977186111,1.1431272631883622
2017-12-19,1.1782865524291992,1.1832919120788574,1.1777037382125854,1.1784253120422363,0,0.0034585584970408443,0.0597334081548228,1.1437301754951477
2017-12-20,1.183712124824524,1.1901220083236694,1.1830118894577026,1.1841325759887695,0,0.00483143721251939,0.06182916212824317,1.1443058174848557
2017-12-21,1.1877753734588623,1.189202070236206,1.1850166320800781,1.1878176927566528,0,0.0031072487323386346,0.062456255119380105,1.144919184446335
2017-12-22,1.185157060623169,1.1861974000930786,1.1817537546157837,1.1857331991195679,0,-0.0017564352044181224,0.058918674949081803,1.1455416285991669
2017-12-25,1.1856770515441895,1.1884952783584595,1.1849043369293213,1.1856067180633545,0,-0.00010667475836490332,0.05780094746618913,1.1461007076501846
2017-12-26,1.187126874923706,1.1877895593643188,1.1847498416900635,1.187253713607788,0,0.0013881944230198205,0.05370407921135649,1.1466496258974075
2017-12-27,1.1860989332199097,1.1910432577133179,1.185564637184143,1.1857894659042358,0,-0.001234067632668466,0.05352498000783527,1.147207080721855
2017-12-28,1.1900228261947632,1.195500135421753,1.1898245811462402,1.1900794506072998,0,0.003611301394254342,0.052327444166094486,1.147788638472557
2017-12-29,1.1939870119094849,1.202284336090088,1.193801760673523,1.1941723823547363,0,0.0034333082699906565,0.05350698889054827,1.148353276848793
2018-01-01,1.200494647026062,1.2015043497085571,1.199903964996338,1.200494647026062,0,0.005280299334562936,0.05485857543980907,1.148960667848587
2018-01-02,1.2010858058929443,1.2080942392349243,1.200855016708374,1.2011579275131226,0,0.0005523534177722327,0.053222606355970925,1.1495745170116425
2018-01-03,1.2061998844146729,1.2067092657089233,1.200494647026062,1.2063454389572144,0,0.004309459786959923,0.054749542618249235,1.150181485414505
2018-01-04,1.2011290788650513,1.209189772605896,1.200494647026062,1.2010425329208374,0,-0.0044055338609388685,0.05622036744095487,1.1507562243938445
2018-01-05,1.2066218852996826,1.2084592580795288,1.202154278755188,1.2068840265274048,0,0.004851896369631849,0.05675957894463152,1.1513817888498306
2018-01-08,1.203948974609375,1.2054002285003662,1.195971965789795,1.2037460803985596,0,-0.0026034254630769985,0.056660613125385555,1.1520207047462463
2018-01-09,1.1969597339630127,1.1975760459899902,1.1917957067489624,1.1970456838607788,0,-0.005581836821075154,0.06106823772742448,1.1526623970270158
2018-01-10,1.1929330825805664,1.2016342878341675,1.1924494504928589,1.1929330825805664,0,-0.003441541320087566,0.06281823641139142,1.153292647600174
2018-01-11,1.1954858303070068,1.2059234380722046,1.1931180953979492,1.1956144571304321,0,0.0022451934756694413,0.06165681964449419,1.1539356791973114
2018-01-12,1.2042099237442017,1.2156133651733398,1.2041373252868652,1.2042099237442017,0,0.007163443657419456,0.060625959989626374,1.1546165597438813
2018-01-15,1.2193039655685425,1.2299003601074219,1.2188136577606201,1.2192296981811523,0,0.012395577440172478,0.06875582630114362,1.155376471877098
2018-01-16,1.2269939184188843,1.2281240224838257,1.2196757793426514,1.2268433570861816,0,0.0062252298447128904,0.06860504163488891,1.1561883687973022
2018-01-17,1.227144479751587,1.2321492433547974,1.2199138402938843,1.227129340171814,0,0.00023307764364815267,0.06869945093730498,1.1570330101251602
2018-01-18,1.218145489692688,1.2262566089630127,1.2175078392028809,1.218397855758667,0,-0.007140809171959861,0.07459097077903946,1.1578262001276016
2018-01-19,1.223585844039917,1.2294830083847046,1.222030758857727,1.2236607074737549,0,0.004310183172470693,0.07506125664442458,1.1586388444900513
2018-01-22,1.2255953550338745,1.2266627550125122,1.2214635610580444,1.2255502939224243,0,0.0015430167694837121,0.07416926517647786,1.1594312709569932
2018-01-23,1.225730538368225,1.2306995391845703,1.2223594188690186,1.2256253957748413,0,6.12782288566978e-05,0.07412361426500219,1.1602512043714523
2018-01-24,1.2309662103652954,1.240199327468872,1.2295132875442505,1.2310267686843872,0,0.00439735155950313,0.07475537312111495,1.161101073026657
2018-01-25,1.23960280418396,1.2529915571212769,1.2386507987976074,1.239111304283142,0,0.006545840132911253,0.07572801965933675,1.1619743669033051
2018-01-26,1.239234209060669,1.2490164041519165,1.2387429475784302,1.239234209060669,0,9.918292422570005e-05,0.07581894544501575,1.162806191444397
2018-01-29,1.2428226470947266,1.243193507194519,1.2338062524795532,1.2428072690963745,0,0.0028791319849890973,0.07570446629704582,1.1636627215147017
2018-01-30,1.238175392150879,1.245221495628357,1.2336845397949219,1.2381141185760498,0,-0.0037833976858985714,0.07710451544065734,1.164495843052864
2018-01-31,1.2408334016799927,1.2476606369018555,1.2400639057159424,1.2409565448760986,0,0.002293139592610932,0.07707947276823762,1.1652636563777923
2018-02-01,1.2417423725128174,1.2487823963165283,1.2386507987976074,1.241865873336792,0,0.0007324958037122442,0.07646073691296427,1.1660405653715133
2018-02-02,1.2512669563293457,1.251799464225769,1.241187572479248,1.2510008811950684,0,0.007328950679841816,0.0760738535354569,1.1668314468860626
2018-02-05,1.2447099685668945,1.2478163242340088,1.2401562929153442,1.244694471359253,0,-0.005053840607735393,0.0789810102025812,1.1676004528999329
2018-02-06,1.2368277311325073,1.2428536415100098,1.231618046760559,1.2367818355560303,0,-0.006377383172319828,0.08243914415910729,1.1683522361516951
2018-02-07,1.2381447553634644,1.2403254508972168,1.2278525829315186,1.2381294965744019,0,0.0010890581283255556,0.07858210719120824,1.1690891313552856
2018-02-08,1.2268433570861816,1.2294527292251587,1.2216575145721436,1.2268133163452148,0,-0.009181762489920628,0.08544487251666046,1.1697687315940857
2018-02-09,1.2260762453079224,1.2285465002059937,1.2226433753967285,1.2260762453079224,0,-0.000600981855033339,0.08563089297690846,1.1704312855005263
2018-02-12,1.2253400087356567,1.2297097444534302,1.2236307859420776,1.2252799272537231,0,-0.0006496959447372854,0.08300997592881361,1.1711131972074509
2018-02-13,1.2301182746887207,1.2371996641159058,1.228606939315796,1.2303755283355713,0,0.004150100441697588,0.07281834115627005,1.1717743098735809
2018-02-14,1.2352999448776245,1.2416189908981323,1.2278525829315186,1.235376238822937,0,0.004056140127369198,0.07100971366933133,1.172468614578247
2018-02-15,1.2467117309570312,1.2511996030807495,1.2450509071350098,1.2467273473739624,0,0.009146425433200864,0.07729146655479135,1.1732383674383164
2018-02-16,1.250734806060791,1.2558081150054932,1.2430543899536133,1.2503595352172852,0,0.0029091421930713865,0.07201689845451303,1.1740467441082
2018-02-19,1.241187572479248,1.2437996864318848,1.2371032238006592,1.241187572479248,0,-0.007362497093656409,0.07691756838678789,1.1748173087835312
2018-02-20,1.2399102449417114,1.2409104108810425,1.2321947813034058,1.2398641109466553,0,-0.0010668553718264204,0.07707857910945376,1.1755841499567032
2018-02-21,1.233547568321228,1.2347005605697632,1.2300727367401123,1.233532428741455,0,-0.0051198390023570895,0.07954513804191024,1.1762881672382355
2018-02-22,1.2280335426330566,1.2353304624557495,1.2261663675308228,1.2281843423843384,0,-0.004345012256307387,0.07964464666350687,1.176938203573227
2018-02-23,1.2326048612594604,1.233500361442566,1.2280486822128296,1.2326656579971313,0,0.0036420916071724634,0.07718424388566397,1.1775545436143875
2018-02-26,1.2288333177566528,1.2354830503463745,1.228244662284851,1.228712558746338,0,-0.003212105009122826,0.07784589338557144,1.1781199282407762
2018-02-27,1.2316029071807861,1.2345678806304932,1.2223145961761475,1.2315573692321777,0,0.0023126013299230768,0.07756889649640383,1.1787209248542785
2018-02-28,1.2222100496292114,1.224289894104004,1.2189176082611084,1.2230321168899536,0,-0.006946405230548275,0.08002525254814556,1.1792336565256119
2018-03-01,1.2190959453582764,1.2221801280975342,1.2157995700836182,1.2191256284713745,0,-0.003199213284151269,0.07979891239015992,1.179709854722023
2018-03-02,1.227129340171814,1.2330456972122192,1.2252799272537231,1.2270842790603638,0,0.006506946640574449,0.08365150200331958,1.180255623459816
2018-03-05,1.231845736503601,1.2348270416259766,1.2275512218475342,1.2315422296524048,0,0.0036263787619993924,0.08015643312497135,1.1807978808879853
2018-03-06,1.2337758541107178,1.2419891357421875,1.233121633529663,1.2336541414260864,0,0.001713382605229048,0.07899399368888105,1.1813607704639435
2018-03-07,1.2419275045394897,1.2440595626831055,1.2386049032211304,1.2416653633117676,0,0.006472901653150981,0.07933363830515887,1.18198106944561
2018-03-08,1.2416189908981323,1.24447762966156,1.2306329011917114,1.2414649724960327,0,-0.00016140177040260427,0.07927285405817354,1.1826238733530046
2018-03-09,1.2307844161987305,1.2333801984786987,1.2275512218475342,1.2306632995605469,0,-0.008738819743630995,0.07862964767062092,1.1831913465261459
2018-03-12,1.2308601140975952,1.2342007160186768,1.229135513305664,1.2308752536773682,0,0.00017221271392751176,0.07858230368246015,1.183723955154419
2018-03-13,1.2338672876358032,1.2398948669433594,1.231496810913086,1.2339584827423096,0,0.002501775781071896,0.07891761141744566,1.1842858517169952
2018-03-14,1.2392956018447876,1.2416189908981323,1.235010027885437,1.239234209060669,0,0.004266335039781299,0.07898938645436954,1.1848416101932526
2018-03-15,1.2375319004058838,1.2386969327926636,1.2320733070373535,1.2375624179840088,0,-0.0013499625381387281,0.07799995161242093,1.1854010099172592
2018-03-16,1.2307692766189575,1.23350191116333,1.2261513471603394,1.2309207916259766,0,-0.005381152570823163,0.0727939665442543,1.1859199059009553
2018-03-19,1.228078842163086,1.2332433462142944,1.226046085357666,1.228078842163086,0,-0.0023114690130010985,0.07185651741294709,1.186432711482048
2018-03-20,1.2338062524795532,1.2354220151901245,1.2264971733093262,1.2336845397949219,0,0.00455422106110146,0.07009712091853025,1.1870087313652038
2018-03-21,1.224814772605896,1.229619026184082,1.2246992588043213,1.2251899242401123,0,-0.006909380265738672,0.07374138445022586,1.187533695101738
2018-03-22,1.234872817993164,1.2386815547943115,1.230042576789856,1.2347661256790161,0,0.007785708051778266,0.07717343692272557,1.1881094247102737
2018-03-23,1.2326048612594604,1.2360174655914307,1.2319974899291992,1.2324985265731812,0,-0.0018381487711451225,0.07585286627608423,1.1886674785614013
2018-03-26,1.2353914976119995,1.2448959350585938,1.2352389097213745,1.235437273979187,0,0.002381543956155749,0.07524849007319791,1.189236769080162
2018-03-27,1.2455006837844849,1.2478163242340088,1.237332820892334,1.2457488775253296,0,0.00831188172368744,0.07932272128964046,1.1898920607566834
2018-03-28,1.240802526473999,1.2422360181808472,1.2337149381637573,1.240787148475647,0,-0.003990881759450981,0.080657966747712,1.1904918718338013
2018-03-29,1.231284499168396,1.2338062524795532,1.2285163402557373,1.2310267686843872,0,-0.007897382931562176,0.08180188571514309,1.1910747331380844
2018-03-30,1.2302544116973877,1.2333498001098633,1.2298005819320679,1.2302846908569336,0,-0.0006029938609045437,0.08088773938058506,1.19165766954422
2018-04-02,1.231284499168396,1.2345678806304932,1.228380560874939,1.231420874595642,0,0.0009230866886203371,0.07786154798097618,1.1922311758995057
2018-04-03,1.2293318510055542,1.2336997985839844,1.2255052328109741,1.229271411895752,0,-0.0017470394477167334,0.07707531069961554,1.192802712917328
2018-04-04,1.2279430627822876,1.2310571670532227,1.225760579109192,1.2278525829315186,0,-0.001154869778581974,0.07687086857332888,1.193342558145523
2018-04-05,1.2287880182266235,1.2291052341461182,1.2219412326812744,1.228682279586792,0,0.0006755016584394306,0.07303423721456023,1.1938941913843155
2018-04-06,1.2250999212265015,1.2280033826828003,1.2218068838119507,1.2251598834991455,0,-0.002870925082302187,0.0734774930795574,1.1943504136800767
2018-04-09,1.227144479751587,1.2330456972122192,1.2262566089630127,1.227144479751587,0,0.001618556583301758,0.06759941129210241,1.1947948110103608
2018-04-10,1.2322251796722412,1.2377768754959106,1.2303755283355713,1.2322403192520142,0,0.004144001211158943,0.06920885466975787,1.1952351886034012
2018-04-11,1.2363842725753784,1.2393723726272583,1.235406756401062,1.2363078594207764,0,0.0032954948055088436,0.06961615865104799,1.1957051837444306
2018-04-12,1.237623691558838,1.2379761934280396,1.230042576789856,1.2371643781661987,0,0.0006925638918780253,0.0679971097210614,1.1962053108215331
2018-04-13,1.2333498001098633,1.234872817993164,1.2308752536773682,1.2329696416854858,0,-0.0033963667390498223,0.06884309605371915,1.1966900837421417
2018-04-16,1.2333041429519653,1.2394031286239624,1.232635259628296,1.233258605003357,0,0.00023433623354313018,0.06619170826732283,1.1971829396486282
2018-04-17,1.238466739654541,1.2415003776550293,1.2338367700576782,1.2385127544403076,0,0.0042513295822551745,0.06708924326175726,1.1976631110906601
2018-04-18,1.2373021841049194,1.2396950721740723,1.2344460487365723,1.237317442893982,0,-0.0009655845061456074,0.06549149705110639,1.198147794008255
2018-04-19,1.2378535270690918,1.240199327468872,1.2330456972122192,1.237914800643921,0,0.00048266805112577506,0.06026346356109204,1.198600396513939
2018-04-20,1.2344155311584473,1.2352694272994995,1.2255052328109741,1.2345526218414307,0,-0.002719696805180505,0.055001317161028095,1.1990637022256851
2018-04-23,1.227385401725769,1.2289692163467407,1.2212249040603638,1.2273402214050293,0,-0.00585924857787994,0.05834898594756761,1.1994984340667725
2018-04-24,1.2211204767227173,1.223466157913208,1.2184869050979614,1.22089684009552,0,-0.0052637028397498915,0.06007242075039654,1.1998652225732804
2018-04-25,1.2236157655715942,1.2236157655715942,1.21690034866333,1.2241400480270386,0,0.0026528923546068075,0.05222316591840041,1.2002487540245057
2018-04-26,1.2170779705047607,1.2210012674331665,1.2099798917770386,1.2171669006347656,0,-0.005712650234150854,0.053850143807070296,1.2005597162246704
2018-04-27,1.2107563018798828,1.2116997241973877,1.2056035995483398,1.2109616994857788,0,-0.00511110874201837,0.050027521337591335,1.2008503043651582
2018-04-30,1.2128562927246094,1.2138574123382568,1.2066364288330078,1.2122827768325806,0,0.0010903377604621455,0.050446246485215486,1.201097359061241
2018-05-01,1.208313226699829,1.2084592580795288,1.1983511447906494,1.2081234455108643,0,-0.003436890367875175,0.050935196519937886,1.2012971276044846
2018-05-02,1.1992132663726807,1.2031089067459106,1.1954143047332764,1.1991558074951172,0,-0.007450468811979409,0.055723548905520406,1.2014734721183777
2018-05-03,1.1951714754104614,1.2009127140045166,1.1950715780258179,1.19510018825531,0,-0.0033877940587112173,0.05624470987792776,1.2016266924142838
2018-05-04,1.1989257335662842,1.1997599601745605,1.1914832592010498,1.1989257335662842,0,0.003195912401978984,0.058003220208191646,1.2017573189735413
2018-05-07,1.1955716609954834,1.1978917121887207,1.18995201587677,1.195500135421753,0,-0.0028613126228246057,0.057999672607192215,1.2018904894590379
2018-05-08,1.1932604312896729,1.1938873529434204,1.183936357498169,1.1933743953704834,0,-0.0017797005116395965,0.05713139933607072,1.2019837152957917
2018-05-09,1.186676025390625,1.1896122694015503,1.1823545694351196,1.1867886781692505,0,-0.005533851088539423,0.05525583648141076,1.2020056062936784
2018-05-10,1.1847639083862305,1.1942437887191772,1.184469223022461,1.184721827507019,0,-0.0017430672818787454,0.052078611705500544,1.2020235872268676
2018-05-11,1.191525936126709,1.1967878341674805,1.1893434524536133,1.1917530298233032,0,0.00591735512042152,0.05829386657521883,1.2020567774772644
2018-05-14,1.1951572895050049,1.1996996402740479,1.1951572895050049,1.1952143907546997,0,0.0029002183504962887,0.06014639570390166,1.2020903730392456
2018-05-15,1.1932035684585571,1.1940299272537231,1.182396411895752,1.1931180953979492,0,-0.0017554472898831247,0.05982550274031962,1.2021667510271072
2018-05-16,1.1822566986083984,1.1853959560394287,1.176567554473877,1.1820889711380005,0,-0.00928694064996898,0.061567288482813363,1.202176725268364
2018-05-17,1.1814186573028564,1.1836841106414795,1.1778563261032104,1.1816978454589844,0,-0.0003309314358126005,0.06176918948043196,1.2022079092264175
2018-05-18,1.1792036294937134,1.182228684425354,1.175046682357788,1.1795234680175781,0,-0.0018417401567751084,0.06102217571024222,1.2022247648239135
2018-05-21,1.1763737201690674,1.1778979301452637,1.1718658208847046,1.1766643524169922,0,-0.0024269007581673207,0.06100528037026699,1.202222964167595
2018-05-22,1.1788839101791382,1.1828161478042603,1.1759449243545532,1.1792453527450562,0,0.002191086827304078,0.06143796509472356,1.2022064393758773
2018-05-23,1.1789672374725342,1.1791006326675415,1.168620228767395,1.1788560152053833,0,-0.0003302127283434639,0.06040653016597205,1.202212824821472
2018-05-24,1.1707134246826172,1.174936294555664,1.1692214012145996,1.1710150241851807,0,-0.006673574838505811,0.060638854139594946,1.202197288274765
2018-05-25,1.1723191738128662,1.1733232736587524,1.1648359298706055,1.1722642183303833,0,0.0010661932567615083,0.06011275289906444,1.2021714770793914
2018-05-28,1.1687567234039307,1.1730204820632935,1.1608469486236572,1.1688934564590454,0,-0.0028795704251883274,0.059046890993269895,1.2021581935882568
2018-05-29,1.1627501249313354,1.1639816761016846,1.1514369249343872,1.162696123123169,0,-0.005315985270053203,0.05942382760617906,1.2020935398340225
2018-05-30,1.153761863708496,1.1670994758605957,1.1520073413848877,1.1539349555969238,0,-0.007563750116088786,0.06233911801942187,1.2019572377204895
2018-05-31,1.1666160821914673,1.1724016666412354,1.1642934083938599,1.1667250394821167,0,0.011022910220800021,0.07436562867591541,1.2019097554683684
2018-06-01,1.1693308353424072,1.1715501546859741,1.1629935503005981,1.1693171262741089,0,0.0022192132434978853,0.07492195170711431,1.2018480616807938
2018-06-04,1.1669973134994507,1.174425721168518,1.1668747663497925,1.1668611764907837,0,-0.002102537023960953,0.0733811204221795,1.2017812699079513
2018-06-05,1.1701792478561401,1.171385407447815,1.1655282974243164,1.1700559854507446,0,0.002734209840494974,0.07442489824014287,1.201655620932579
2018-06-06,1.1726628541946411,1.1797001361846924,1.1714677810668945,1.1726216077804565,0,0.00219033413974912,0.0751840315650101,1.2015367943048476
2018-06-07,1.1783976554870605,1.1841003894805908,1.1783559322357178,1.178550362586975,0,0.005043244345701682,0.07578122733061624,1.2014443176984786
2018-06-08,1.1793843507766724,1.181199550628662,1.1728416681289673,1.1795234680175781,0,0.0008253392859986731,0.07570076907865174,1.2013952177762985
2018-06-11,1.1786893606185913,1.1820330619812012,1.1776067018508911,1.1783976554870605,0,-0.0009549196576974336,0.07236231125940579,1.2013319897651673
2018-06-12,1.1773293018341064,1.1808466911315918,1.174315333366394,1.177412509918213,0,-0.0008363539989250407,0.07127570530169577,1.2012776345014573
2018-06-13,1.1747568845748901,1.1789672374725342,1.1733646392822266,1.17482590675354,0,-0.002199270438669329,0.07137388352659232,1.201205046772957
2018-06-14,1.1806375980377197,1.1841607093811035,1.1628854274749756,1.1807769536972046,0,0.005052684987134998,0.0668705720314067,1.2011468976736068
2018-06-15,1.156336784362793,1.1626555919647217,1.1545344591140747,1.1566576957702637,0,-0.020638107698380467,0.0977882372130712,1.2009663033485412
2018-06-18,1.1597026586532593,1.1623716354370117,1.156644344329834,1.159595012664795,0,0.002536267703775233,0.09849807909715691,1.200749747157097
2018-06-19,1.163007140159607,1.164686679840088,1.153322696685791,1.1630746126174927,0,0.0029962096356120605,0.09916661165340886,1.2005562990903855
2018-06-20,1.1589365005493164,1.1600120067596436,1.1546010971069336,1.1588560342788696,0,-0.0036336856020979945,0.09918840002906508,1.2003708624839782
2018-06-21,1.1577022075653076,1.1628313064575195,1.151410460472107,1.1579033136367798,0,-0.0008224597834486959,0.09917177018295999,1.200173072218895
2018-06-22,1.1606987714767456,1.1675995588302612,1.1601735353469849,1.1605775356292725,0,0.0023068753656377444,0.09739509781175298,1.2000306570529937
2018-06-25,1.1660583019256592,1.1700011491775513,1.1629935503005981,1.1661399602890015,0,0.0047813585160605306,0.09895033495115277,1.1999005317687987
2018-06-26,1.1701792478561401,1.17205810546875,1.1652023792266846,1.1702749729156494,0,0.0035396255050087304,0.09929843942058526,1.1997833251953125
2018-06-27,1.164808750152588,1.1671879291534424,1.1583592891693115,1.1650259494781494,0,-0.0044953797831452195,0.09877837312485639,1.1996288096904755
2018-06-28,1.156243085861206,1.1596999168395996,1.1528042554855347,1.1563634872436523,0,-0.007463204842131897,0.09868070834504944,1.1994143450260162
2018-06-29,1.15644371509552,1.1682379245758057,1.15644371509552,1.1562966108322144,0,-5.783505454369426e-05,0.09033964825821737,1.1992597711086272
2018-07-02,1.1678422689437866,1.1678422689437866,1.1592589616775513,1.1678558588027954,0,0.00994714712822947,0.09691926128222954,1.199126262664795
2018-07-03,1.1640766859054565,1.1675423383712769,1.1622636318206787,1.1642121076583862,0,-0.003124912448468689,0.0972549308377683,1.1989837247133255
2018-07-04,1.16593599319458,1.1681833267211914,1.1631423234939575,1.1659224033355713,0,0.0014679804760208625,0.09688685284178462,1.1988855135440826
2018-07-05,1.1661807298660278,1.1719757318496704,1.165080189704895,1.166235089302063,0,0.0002681516744493763,0.096525327347006,1.1988236594200135
2018-07-06,1.169385552406311,1.1767336130142212,1.1680742502212524,1.1695905923843384,0,0.002873078600661516,0.09530805971225526,1.1987967932224273
2018-07-09,1.1751710176467896,1.179078459739685,1.1742877960205078,1.1752262115478516,0,0.004806882998706923,0.0969181645473056,1.19878204703331
2018-07-10,1.1757513284683228,1.1762906312942505,1.1691941022872925,1.1756960153579712,0,0.0003996761874951096,0.09689419864032678,1.1987568515539169
2018-07-11,1.1730343103408813,1.1755163669586182,1.1698368787765503,1.1727042198181152,0,-0.0025479448635795567,0.09723682259205257,1.1987534809112548
2018-07-12,1.167569637298584,1.169700026512146,1.1650530099868774,1.1676785945892334,0,-0.004294710183780235,0.09804971887071094,1.1987180894613265
2018-07-13,1.16637122631073,1.1675423383712769,1.1614537239074707,1.1665889024734497,0,-0.0009336480898713101,0.09611305473963308,1.1986724156141282
2018-07-16,1.1678968667984009,1.1726078987121582,1.1676650047302246,1.1679104566574097,0,0.0011321950635473854,0.06259851647137181,1.198655795454979
2018-07-17,1.1710561513900757,1.1745359897613525,1.1664528846740723,1.170946478843689,0,0.002596160411045844,0.06262387288994534,1.1986392956972123
2018-07-18,1.1657729148864746,1.166534423828125,1.1603754758834839,1.1653246879577637,0,-0.004812627760435433,0.06446058363563019,1.1985951006412505
2018-07-19,1.1646188497543335,1.1657049655914307,1.157594919204712,1.164564609527588,0,-0.0006524588597063798,0.06310243693778064,1.1985104817152024
2018-07-20,1.1654739379882812,1.172236680984497,1.1628042459487915,1.1655147075653076,0,0.0008155070803001822,0.06301194829904008,1.1984053087234496
2018-07-23,1.1741775274276733,1.1750881671905518,1.1688660383224487,1.1741912364959717,0,0.007416802719637017,0.06738488603544164,1.1983603650331498
2018-07-24,1.169864296913147,1.1716599464416504,1.1657185554504395,1.1694128513336182,0,-0.004077814856735979,0.06737266199709291,1.1983004057407378
2018-07-25,1.168770432472229,1.1713716983795166,1.1667522192001343,1.1685519218444824,0,-0.0007364777587126888,0.06626805747949065,1.1982458961009979
2018-07-26,1.1739845275878906,1.174315333366394,1.1650937795639038,1.1737502813339233,0,0.004438682606524639,0.06597711032193541,1.1982286936044693
2018-07-27,1.1644561290740967,1.1663167476654053,1.1623716354370117,1.1642934083938599,0,-0.008089604616354043,0.06694105128196948,1.1981525433063507
2018-07-30,1.1663167476654053,1.1719207763671875,1.1649445295333862,1.16604483127594,0,0.0015031493557779215,0.06704675693622217,1.1980587375164031
2018-07-31,1.170864224433899,1.1748120784759521,1.1692761182785034,1.1707408428192139,0,0.004019211446705295,0.05908238151978201,1.1980356198549271
2018-08-01,1.168961763381958,1.169864296913147,1.166534423828125,1.168961763381958,0,-0.0015207742859470093,0.05822830194894293,1.1980008423328399
2018-08-02,1.1663848161697388,1.1669973134994507,1.1604158878326416,1.1665889024734497,0,-0.002031950545646603,0.05852482928908848,1.1979542696475982
2018-08-03,1.1585606336593628,1.1612001657485962,1.1562163829803467,1.1586008071899414,0,-0.00687094620857647,0.0631934351336489,1.1978368985652923
2018-08-06,1.156136155128479,1.1570056676864624,1.1530966758728027,1.1562297344207764,0,-0.0020485936709178547,0.062361521221072816,1.197799425125122
2018-08-07,1.155748724937439,1.1609008312225342,1.1552013158798218,1.1558021306991577,0,-0.0003698943193172203,0.05926292052001844,1.197776154279709
2018-08-08,1.1603351831436157,1.1629259586334229,1.1574609279632568,1.1602946519851685,0,0.0038793948110081187,0.06133542257079988,1.1977512758970261
2018-08-09,1.1610087156295776,1.1621150970458984,1.156176209449768,1.1610760688781738,0,0.0006732375104906637,0.06107937977250084,1.1977307802438737
2018-08-10,1.1528706550598145,1.1539349555969238,1.1396141052246094,1.1523923873901367,0,-0.007507102373803506,0.06452733055244414,1.1976783829927444
2018-08-13,1.1395881175994873,1.143379807472229,1.1365960836410522,1.1394712924957275,0,-0.011275742016472816,0.07434427462870508,1.1975448358058929
2018-08-14,1.139847993850708,1.1431001424789429,1.134751796722412,1.1402509212493896,0,0.0006839682303000879,0.0741892377132809,1.1974386197328568
2018-08-15,1.1348161697387695,1.1349449157714844,1.1302244663238525,1.1345715522766113,0,-0.004993251859405852,0.0740299040471573,1.1973051530122758
2018-08-16,1.134429931640625,1.140836238861084,1.1338382959365845,1.134429931640625,0,-0.0001248308008382202,0.07316505507420572,1.1971767711639405
2018-08-17,1.137229561805725,1.1422044038772583,1.1367381811141968,1.1371389627456665,0,0.0023851641885435427,0.07424183386469166,1.197064020037651
2018-08-20,1.1437852382659912,1.1449376344680786,1.1395231485366821,1.1437721252441406,0,0.0058162558222769525,0.07783136665630107,1.1969594472646714
2018-08-21,1.1489102840423584,1.1539082527160645,1.1486594676971436,1.149134635925293,0,0.004677486716083236,0.07465841582661484,1.196874556541443
2018-08-22,1.15763521194458,1.162520408630371,1.1554415225982666,1.1576753854751587,0,0.007404847816651862,0.07920449239059899,1.1968304651975632
2018-08-23,1.1586277484893799,1.1589634418487549,1.154521107673645,1.1584800481796265,0,0.0006948261978871789,0.0793013093974167,1.1967264306545258
2018-08-24,1.1542812585830688,1.1636972427368164,1.1539349555969238,1.154334545135498,0,-0.0035848160899412435,0.07797693902860084,1.19660937666893
2018-08-27,1.164442539215088,1.1680878400802612,1.1597161293029785,1.164890170097351,0,0.009102781442062224,0.08041552518026293,1.1965678989887238
2018-08-28,1.1683471202850342,1.1732999086380005,1.1663440465927124,1.1683608293533325,0,0.002974957959103324,0.08091660822638608,1.1965390914678573
2018-08-29,1.1693034172058105,1.1706311702728271,1.1654006242752075,1.1691256761550903,0,0.0006544181771759916,0.0796904709890663,1.1965161061286926
2018-08-30,1.1709327697753906,1.1717559099197388,1.1644154787063599,1.1709738969802856,0,0.0015796090309269939,0.07970093123819826,1.1964636033773421
2018-08-31,1.1665889024734497,1.1689343452453613,1.1596487760543823,1.1664663553237915,0,-0.0038568234970335043,0.08055687071497125,1.196368955373764
2018-09-03,1.1598505973815918,1.1627906560897827,1.1590977907180786,1.1601063013076782,0,-0.005467329671144762,0.07918456199879721,1.1962062442302703
2018-09-04,1.16130530834198,1.1615750789642334,1.153322696685791,1.161548137664795,0,0.0012420767865190061,0.07889949184659341,1.1960615330934525
2018-09-05,1.1588022708892822,1.1632641553878784,1.1546810865402222,1.1586545705795288,0,-0.00249423774492734,0.07944044615449807,1.1959307760000228
2018-09-06,1.1634942293167114,1.165623426437378,1.1607661247253418,1.1635212898254395,0,0.004191522661239412,0.07963381310751567,1.1958223861455917
2018-09-07,1.1623852252960205,1.1650937795639038,1.1563901901245117,1.1620069742202759,0,-0.0013023413584009917,0.07975867190186431,1.195683298110962
2018-09-10,1.1558955907821655,1.161440134048462,1.1527643203735352,1.1561094522476196,0,-0.005088212679201238,0.07727696082434636,1.195533913373947
2018-09-11,1.1593396663665771,1.1642799377441406,1.1566845178604126,1.159595012664795,0,0.0030103695028976135,0.06562207923108898,1.1953980153799058
2018-09-12,1.159595012664795,1.1648223400115967,1.1570860147476196,1.1596084833145142,0,1.1616617293630954e-05,0.06568270618195775,1.195279598236084
2018-09-13,1.1626555919647217,1.1700832843780518,1.16096830368042,1.1629259586334229,0,0.0028567736307313144,0.06250877352923745,1.195192085504532
2018-09-14,1.1690436601638794,1.1721267700195312,1.1655691862106323,1.1691803932189941,0,0.005363777321440594,0.06394529822779854,1.1951518952846527
2018-09-17,1.162358283996582,1.1695905923843384,1.162358283996582,1.1628988981246948,0,-0.0053870469228903305,0.06803044383215831,1.1950814056396484
2018-09-18,1.1669156551361084,1.1720443964004517,1.1669156551361084,1.1669156551361084,0,0.0034481379521063144,0.06642288263739969,1.195027188062668
2018-09-19,1.167883276939392,1.1716461181640625,1.165338158607483,1.167992353439331,0,0.000922261926881197,0.06502963103334711,1.1949958485364913
2018-09-20,1.1674060821533203,1.1776995658874512,1.1672834157943726,1.167460560798645,0,-0.00045540858189432155,0.060473522185988435,1.1949152213335037
2018-09-21,1.1776067018508911,1.180163860321045,1.1735711097717285,1.1775927543640137,0,0.008641386999915996,0.06688571955289284,1.1949157065153122
2018-09-24,1.1751019954681396,1.1815024614334106,1.172525405883789,1.1751019954681396,0,-0.0021173676071735976,0.06586470865072605,1.1949194329977035
2018-09-25,1.1753228902816772,1.1792453527450562,1.1732544898986816,1.175295352935791,0,0.00016453172755568672,0.058632536132859396,1.1949037832021714
2018-09-26,1.1766090393066406,1.1776995658874512,1.1728966236114502,1.1763184070587158,0,0.0008700869206251829,0.05792755510571271,1.1948647123575211
2018-09-27,1.1747153997421265,1.1759172677993774,1.1664528846740723,1.1748534440994263,0,-0.0012461557398680272,0.05816429892634277,1.194799891114235
2018-09-28,1.1636837720870972,1.1653001308441162,1.1570591926574707,1.1637378931045532,0,-0.009506265183163212,0.0669445594045384,1.1946899145841599
2018-10-01,1.160496711730957,1.1621285676956177,1.156510591506958,1.1605371236801147,0,-0.0027542106030115305,0.06631138398673274,1.1945645666122438
2018-10-02,1.157755732536316,1.1582117080688477,1.1506686210632324,1.157755732536316,0,-0.0023995177924754293,0.06407983045324181,1.1944170767068862
2018-10-03,1.155041217803955,1.159326195716858,1.1516358852386475,1.1551746129989624,0,-0.002231905179333874,0.06429506412818473,1.1942640024423599
2018-10-04,1.147736668586731,1.153599500656128,1.1464602947235107,1.147631287574768,0,-0.0065514443949888455,0.06752490623883495,1.1940517616271973
2018-10-05,1.1517553329467773,1.1542545557022095,1.1487782001495361,1.1518083810806274,0,0.003633144332951674,0.06706690391677572,1.1938399416208267
2018-10-08,1.1523923873901367,1.1531364917755127,1.146092414855957,1.1522595882415771,0,0.0003916613335415117,0.06706248831265489,1.1935987663269043
2018-10-09,1.1494648456573486,1.150483250617981,1.1433275938034058,1.1494120359420776,0,-0.0024743353677267104,0.0653500497492042,1.193340036869049
2018-10-10,1.1504037380218506,1.1541999578475952,1.1480661630630493,1.1506949663162231,0,0.001115539847432275,0.06447293034239879,1.1930617845058442
2018-10-11,1.1532163619995117,1.1597565412521362,1.1532163619995117,1.1533360481262207,0,0.0022925758813270494,0.0651225675813727,1.1928232520818711
2018-10-12,1.1590440273284912,1.1609547138214111,1.1536953449249268,1.1590440273284912,0,0.004936896711930574,0.06675447411837392,1.1925840520858764
2018-10-15,1.1550945043563843,1.1605640649795532,1.1543611288070679,1.1551345586776733,0,-0.00337871276967803,0.06447136841204408,1.192340994477272
2018-10-16,1.1583324670791626,1.1620069742202759,1.156711220741272,1.1583458185195923,0,0.00277613066095182,0.06297952044249036,1.1921474951505662
2018-10-17,1.15763521194458,1.1582117080688477,1.1521799564361572,1.1575279235839844,0,-0.0007063381347118181,0.06158720150445952,1.1919704693555833
2018-10-18,1.1500862836837769,1.1527377367019653,1.1482902765274048,1.1500862836837769,0,-0.006449661883067655,0.06482545842993795,1.19174282848835
2018-10-19,1.145514726638794,1.151450276374817,1.1433666944503784,1.1460003852844238,0,-0.0035590143590289915,0.06554393858690222,1.191451780796051
2018-10-22,1.1511188745498657,1.1551998853683472,1.1462368965148926,1.1509466171264648,0,0.004306794612387999,0.05900046647930966,1.1911103653907775
2018-10-23,1.1464734077453613,1.1489763259887695,1.1439945697784424,1.1467890739440918,0,-0.003618821551799291,0.059556560793162884,1.1907100939750672
2018-10-24,1.1472625732421875,1.1475785970687866,1.138407588005066,1.147315263748169,0,0.00045873224217338594,0.05964773851430127,1.1903110235929488
2018-10-25,1.1398738622665405,1.143079161643982,1.1366219520568848,1.1399258375167847,0,-0.006461454314165988,0.0618880868993093,1.1899186635017396
2018-10-26,1.1375141143798828,1.139847993850708,1.133619785308838,1.1377859115600586,0,-0.0018790143987378028,0.06189466072517136,1.189489289522171
2018-10-29,1.1398738622665405,1.1415785551071167,1.1364411115646362,1.1398738622665405,0,0.0018334180682723267,0.055621481428177084,1.1890609073638916
2018-10-30,1.1375141143798828,1.1387057304382324,1.1347389221191406,1.137617588043213,0,-0.0019813685457873696,0.055375916889151076,1.1886208683252335
2018-10-31,1.1345844268798828,1.1360150575637817,1.1311705112457275,1.1346358060836792,0,-0.002624516859612044,0.05545556140217783,1.18813891351223
2018-11-01,1.1313880681991577,1.1413179636001587,1.1313753128051758,1.1316697597503662,0,-0.0026175181948033402,0.05558289233540879,1.187601705789566
2018-11-02,1.1402769088745117,1.1455409526824951,1.1375658512115479,1.1403288841247559,0,0.0076225100963029264,0.05924402848291725,1.1871071791648864
2018-11-05,1.1397050619125366,1.1406410932540894,1.135524868965149,1.1397570371627808,0,-0.0005016012498704805,0.05748720295878262,1.1865919280052184
2018-11-06,1.140862226486206,1.1438113451004028,1.1393284797668457,1.141291856765747,0,0.0013457141043092423,0.05776815092915015,1.186107816696167
2018-11-07,1.144099235534668,1.149993658065796,1.1400558948516846,1.1438506841659546,0,0.0022395351045813323,0.05799983978599597,1.1856222873926163
2018-11-08,1.1433275938034058,1.144426703453064,1.1405109167099,1.1434059143066406,0,-0.0003889112093649832,0.05779353889015015,1.1851299875974655
2018-11-09,1.1368545293807983,1.1369191408157349,1.132502794265747,1.1368415355682373,0,-0.005757617992678804,0.05992737508818766,1.1845591908693314
2018-11-12,1.1324771642684937,1.1332728862762451,1.1241639852523804,1.132502794265747,0,-0.0038237886881901163,0.05719209020139996,1.1839982324838638
2018-11-13,1.1224100589752197,1.1291906833648682,1.1223218441009521,1.1233429908752441,0,-0.00812099283730819,0.06174748305671431,1.1834310382604598
2018-11-14,1.1316057443618774,1.1339668035507202,1.126481294631958,1.1311193704605103,0,0.006898682860815119,0.06665707766990528,1.1828959876298903
2018-11-15,1.1313625574111938,1.1351124048233032,1.1274974346160889,1.131183385848999,0,5.659312249631377e-05,0.06677085147421824,1.1824178379774093
2018-11-16,1.13252854347229,1.141422152519226,1.1322592496871948,1.1324899196624756,0,0.0011543485143173634,0.0642369163626868,1.181949906349182
2018-11-19,1.1412137746810913,1.1462894678115845,1.1394453048706055,1.141396164894104,0,0.007833541738013036,0.06980604497473099,1.181530487537384
2018-11-20,1.1454753875732422,1.1472758054733276,1.1387057304382324,1.1455016136169434,0,0.0035904124545615974,0.0692663826481716,1.181106117963791
2018-11-21,1.137268304824829,1.1422044038772583,1.1366348266601562,1.1372424364089966,0,-0.007236214894346958,0.07255452377311652,1.180615448951721
2018-11-22,1.1388872861862183,1.1434059143066406,1.1386280059814453,1.1388354301452637,0,0.001399771088484465,0.07276746510017658,1.1800759893655777
2018-11-23,1.1402637958526611,1.1419435739517212,1.1332343816757202,1.1403158903121948,0,0.00129913302540532,0.06944972755725906,1.1795257711410523
2018-11-26,1.1338896751403809,1.1383557319641113,1.132733702659607,1.1337354183197021,0,-0.005787459882789436,0.07206420759592867,1.1789885103702544
2018-11-27,1.1334270238876343,1.1344943046569824,1.1279425621032715,1.1333370208740234,0,-0.0003514642433935953,0.07169545245502078,1.1784558749198915
2018-11-28,1.129713773727417,1.130799651145935,1.1267732381820679,1.1298797130584717,0,-0.0030552182237152223,0.07211298394081785,1.1779376113414763
2018-11-29,1.1366606950759888,1.1401468515396118,1.1349579095840454,1.1368545293807983,0,0.006154085648589298,0.07494230134588424,1.1774809622764588
2018-11-30,1.1392766237258911,1.1401208639144897,1.1314777135849,1.1392766237258911,0,0.0021282563230342836,0.07458185809558082,1.1770140171051025
2018-12-03,1.1341854333877563,1.1380059719085693,1.132169485092163,1.1342240571975708,0,-0.004444753317076851,0.07133668825672736,1.1765415745973586
2018-12-04,1.135589361190796,1.14177405834198,1.1343270540237427,1.135486125946045,0,0.0011120969434071908,0.0714854414551156,1.176061218380928
2018-12-05,1.1343655586242676,1.1360280513763428,1.1315033435821533,1.1342884302139282,0,-0.001055343439309746,0.07132396238392492,1.175617499947548
2018-12-06,1.1347260475158691,1.1412267684936523,1.132336139678955,1.13490629196167,0,0.0005445647806004922,0.07080540373588146,1.1751964032649993
2018-12-07,1.137682318687439,1.1410704851150513,1.1361312866210938,1.1374752521514893,0,0.00226102987934065,0.07139092286901282,1.174748358130455
2018-12-10,1.140380859375,1.1445575952529907,1.1362345218658447,1.1400948762893677,0,0.002300368502689518,0.06897081671089167,1.1742911213636398
2018-12-11,1.135499119758606,1.1399389505386353,1.1307612657546997,1.1356538534164429,0,-0.003902916391754538,0.06902857914759117,1.1738011199235916
2018-12-12,1.1322848796844482,1.138044834136963,1.1316184997558594,1.1323105096817017,0,-0.0029483233608125887,0.06332609468269423,1.1732543456554412
2018-12-13,1.137268304824829,1.139250636100769,1.1333627700805664,1.1373459100723267,0,0.004437154988177638,0.060650320955344394,1.1727337503433228
2018-12-14,1.1363248825073242,1.1366219520568848,1.1270780563354492,1.1363636255264282,0,-0.0008640370211149319,0.060773217259406515,1.1722622519731523
2018-12-17,1.130671739578247,1.1353960037231445,1.1304799318313599,1.1305949687957764,0,-0.005089346754260064,0.06335452150282483,1.1717608505487442
2018-12-18,1.1349965333938599,1.1403002738952637,1.133863925933838,1.1349835395812988,0,0.003874133037778065,0.05841535349703251,1.1712659758329391
2018-12-19,1.1375658512115479,1.1439684629440308,1.1375658512115479,1.1375399827957153,0,0.0022498726790910906,0.057476647134103796,1.1707575047016143
2018-12-20,1.138783574104309,1.1484880447387695,1.1378376483917236,1.1389521360397339,0,0.0012406398541556292,0.05187504644031118,1.170264453291893
2018-12-21,1.1457772254943848,1.147446870803833,1.138783574104309,1.1456853151321411,0,0.005894325669240089,0.055532624198593394,1.169838275909424
2018-12-24,1.137203574180603,1.143837571144104,1.137203574180603,1.1372811794281006,0,-0.007362502855146589,0.06134267791611606,1.169384287595749
2018-12-25,1.1405109167099,1.1422044038772583,1.1370097398757935,1.140393853187561,0,0.002733204388363113,0.05846968891932547,1.168917834162712
2018-12-26,1.1413440704345703,1.1419435739517212,1.137617588043213,1.1415525674819946,0,0.001015549167608685,0.058475770518198605,1.1684996473789215
2018-12-27,1.1363636255264282,1.1434321403503418,1.1359118223190308,1.1361312866210938,0,-0.004760354329909309,0.06000304745555503,1.168006473183632
2018-12-28,1.1430922746658325,1.147315263748169,1.1430922746658325,1.143105387687683,0,0.006119700433588459,0.05996061210616767,1.1675595074892045
2018-12-31,1.1438899040222168,1.1465917825698853,1.14223051071167,1.1439945697784424,0,0.0007775629855240129,0.05961220133528886,1.1671022939682008
2019-01-01,1.1494252681732178,1.155001163482666,1.146499752998352,1.1493064165115356,0,0.0046324981013964464,0.058996899874569145,1.1666200816631318
2019-01-02,1.1461317539215088,1.1497001647949219,1.1345715522766113,1.14617121219635,0,-0.002731637394770495,0.060092728163112556,1.1661470019817353
2019-01-03,1.131733775138855,1.1409143209457397,1.131733775138855,1.1318106651306152,0,-0.012608298115566716,0.0751656830523587,1.1656509214639663
2019-01-04,1.1390948295593262,1.14177405834198,1.1348161697387695,1.1391078233718872,0,0.006426636088957116,0.07849344238872058,1.1651950371265412
2019-01-07,1.141291856765747,1.147446870803833,1.1405240297317505,1.1410444974899292,0,0.0016987238668561887,0.0783292355964254,1.1647431552410126
2019-01-08,1.1479343175888062,1.1486331224441528,1.1424654722213745,1.1479737758636475,0,0.006054385516065666,0.08067270398216173,1.1643366670608521
2019-01-09,1.1457247734069824,1.1540148258209229,1.144164800643921,1.1456066370010376,0,-0.0020641436330749562,0.07970327583290299,1.1639254373311996
2019-01-10,1.1555217504501343,1.157139539718628,1.151145339012146,1.1554949283599854,0,0.008594450913368567,0.08350433850455455,1.1635595005750656
2019-01-11,1.1515165567398071,1.1539002656936646,1.1459741592407227,1.151012897491455,0,-0.0038864264493645136,0.08411952511749757,1.1631887656450273
2019-01-14,1.1462763547897339,1.148369312286377,1.1451605558395386,1.146013617515564,0,-0.00435283427225836,0.08572121833706124,1.1627831113338472
2019-01-15,1.147315263748169,1.1491611003875732,1.1386150121688843,1.1472889184951782,0,0.0011121961372727578,0.08337475720644609,1.1623583543300628
2019-01-16,1.141409158706665,1.14223051071167,1.1378893852233887,1.1416828632354736,0,-0.004898327287011697,0.08469170257190292,1.1618852293491364
2019-01-17,1.1398999691009521,1.1407711505889893,1.1372424364089966,1.1398088932037354,0,-0.0016427589079669254,0.08462450312901464,1.1613984519243241
2019-01-18,1.1391856670379639,1.1410315036773682,1.1354217529296875,1.13926362991333,0,-0.0004784957874557275,0.08454072998493677,1.1609299218654632
2019-01-21,1.1365444660186768,1.1388224363327026,1.1357957124710083,1.1365574598312378,0,-0.0023781934087444396,0.08211144410199778,1.1604464161396026
2019-01-22,1.1369578838348389,1.1375269889831543,1.1336840391159058,1.136932134628296,0,0.0003296032683529126,0.07809603918007665,1.1599385130405426
2019-01-23,1.1363766193389893,1.1393154859542847,1.1351640224456787,1.1364023685455322,0,-0.00046606963613473793,0.07746148419641415,1.1594339376688003
2019-01-24,1.1387057304382324,1.1393414735794067,1.131324052810669,1.1388224363327026,0,0.002127322710837133,0.07777045783945202,1.1589384758472443
2019-01-25,1.1309914588928223,1.1411616802215576,1.1305822134017944,1.1313496828079224,0,-0.006583448410776002,0.07938255379754043,1.1584224611520768
2019-01-28,1.141265869140625,1.1445575952529907,1.1390948295593262,1.1413049697875977,0,0.008760988515929479,0.08249851199882517,1.1579922848939896
2019-01-29,1.1429747343063354,1.1450556516647339,1.1411746740341187,1.143000841140747,0,0.0014848026534814308,0.08262688765466272,1.1576028048992157
2019-01-30,1.1435105800628662,1.1450294256210327,1.140862226486206,1.1435366868972778,0,0.0004686962359195961,0.08090012057028997,1.157199788093567
2019-01-31,1.1485539674758911,1.1513707637786865,1.1450556516647339,1.1487650871276855,0,0.004561711164055767,0.08200693846179237,1.1568577790260315
2019-02-01,1.145081877708435,1.1488442420959473,1.1435105800628662,1.1449507474899292,0,-0.0033259073301630383,0.06917099005348686,1.1565277242660523
2019-02-04,1.1457247734069824,1.1462632417678833,1.1425436735153198,1.1455278396606445,0,0.0005039053289246995,0.06579069755061734,1.1561939495801925
2019-02-05,1.14357590675354,1.1442956924438477,1.1403288841247559,1.1436283588409424,0,-0.0016595470915367278,0.06589871219499732,1.155871474146843
2019-02-06,1.1408753395080566,1.141096591949463,1.1375399827957153,1.140992522239685,0,-0.0023074618573273305,0.06267863515182384,1.1555806577205658
2019-02-07,1.1366348266601562,1.1370097398757935,1.1326054334640503,1.1365960836410522,0,-0.003860612972666276,0.06362102492394521,1.1552881371974946
2019-02-08,1.1339925527572632,1.1350995302200317,1.132182240486145,1.1338768005371094,0,-0.002395346293797252,0.05488747185358969,1.1549628925323487
2019-02-11,1.1324259042739868,1.133144497871399,1.1273448467254639,1.1324259042739868,0,-0.001280408356981286,0.05383273925499807,1.1546475213766099
2019-02-12,1.128031611442566,1.1319899559020996,1.125885248184204,1.1279042959213257,0,-0.004000844109966494,0.05355106755964199,1.154320170879364
2019-02-13,1.1332728862762451,1.134429931640625,1.1282861232757568,1.1334655284881592,0,0.004918473500405294,0.056753873883096564,1.1540535551309585
2019-02-14,1.126405119895935,1.130825161933899,1.1250618696212769,1.12649405002594,0,-0.0061695798826221495,0.058127651415689416,1.1537624162435531
2019-02-15,1.1294713020324707,1.1298158168792725,1.1234945058822632,1.1295350790023804,0,0.002695914497866886,0.05911711153058294,1.1534513264894486
2019-02-18,1.1294840574264526,1.1334141492843628,1.1294840574264526,1.1298030614852905,0,0.00023722211329471452,0.05916186496718502,1.1531242698431015
2019-02-19,1.131208896636963,1.1341854333877563,1.1277008056640625,1.131196141242981,0,0.0012322692836783213,0.05896018180621714,1.1528146600723266
2019-02-20,1.1343011856079102,1.1369578838348389,1.1325926780700684,1.1343011856079102,0,0.0027411608677647453,0.05983146239228044,1.152575721144676
2019-02-21,1.1346358060836792,1.1365832090377808,1.1322592496871948,1.1346358060836792,0,0.00029495792912739876,0.05983252755899697,1.1523404109477997
2019-02-22,1.1339796781539917,1.1355764865875244,1.131874680519104,1.1343011856079102,0,-0.0002949579291274804,0.05929556192632651,1.1521142995357514
2019-02-25,1.1340183019638062,1.1367511749267578,1.13379967212677,1.1342240571975708,0,-6.799872349992361e-05,0.054548574020408074,1.1519020980596542
2019-02-26,1.1366219520568848,1.1378635168075562,1.1346487998962402,1.1367511749267578,0,0.0022255802146592192,0.045443572062673895,1.1516896271705628
2019-02-27,1.1394193172454834,1.140380859375,1.1363893747329712,1.1393154859542847,0,0.00225328383968603,0.045876422281850814,1.1514919245243072
2019-02-28,1.1377859115600586,1.1422044038772583,1.1360796689987183,1.1380189657211304,0,-0.0011386297452060565,0.04593946790772423,1.151326944231987
2019-03-01,1.137255311012268,1.1408882141113281,1.135434627532959,1.1373459100723267,0,-0.0005916024068003128,0.042506515515520905,1.1511523526906968
2019-03-04,1.1375269889831543,1.1375269889831543,1.1310553550720215,1.1375917196273804,0,0.00021610223753054902,0.04126681515936559,1.1509958440065384
2019-03-05,1.133825421333313,1.1339154243469238,1.1293182373046875,1.1337354183197021,0,-0.0033956403273073116,0.04249394991157025,1.150851040482521
2019-03-06,1.1306205987930298,1.132502794265747,1.1291651725769043,1.1307101249694824,0,-0.0026719963826243357,0.04298611242813724,1.1507349163293839
2019-03-07,1.1312474012374878,1.1319899559020996,1.1208752393722534,1.1314009428024292,0,0.0006107727107340299,0.04266252612447416,1.1505582958459855
2019-03-08,1.1201971769332886,1.1244546175003052,1.1186057329177856,1.1198333501815796,0,-0.010276757477315702,0.05360323862394296,1.1503108769655228
2019-03-11,1.123103380203247,1.1257457733154297,1.1222589015960693,1.1232421398162842,0,0.00303939147306997,0.05474109476442685,1.1500927817821502
2019-03-12,1.125885248184204,1.129433035850525,1.1250239610671997,1.1259232759475708,0,0.0023841175775367028,0.05550612628611604,1.1498721182346343
2019-03-13,1.1286808252334595,1.1313753128051758,1.1279042959213257,1.1287446022033691,0,0.0025026548306310145,0.05456855795530049,1.149652733206749
2019-03-14,1.1332857608795166,1.133594036102295,1.1294713020324707,1.133105993270874,0,0.00385648502303467,0.05348440621967626,1.1494255113601684
2019-03-15,1.1307612657546997,1.1343011856079102,1.1302244663238525,1.1308379173278809,0,-0.0020036509660536087,0.04922129678192469,1.14918208360672
2019-03-18,1.1319899559020996,1.1359764337539673,1.1234692335128784,1.1319772005081177,0,0.001006960990779451,0.048477052307563405,1.1489499813318254
2019-03-19,1.13355553150177,1.1363636255264282,1.1334270238876343,1.133619785308838,0,0.0014500240764859019,0.048700946682808575,1.1487310177087784
2019-03-20,1.1353057622909546,1.1367511749267578,1.1336454153060913,1.135486125946045,0,0.0016450012745673303,0.04883618211561868,1.148534318804741
2019-03-21,1.143000841140747,1.1439945697784424,1.1355119943618774,1.1427918672561646,0,0.0064134108071521164,0.05276159739261237,1.1483443933725357
2019-03-22,1.1373976469039917,1.139211654663086,1.1275609731674194,1.1375011205673218,0,-0.004640417885864895,0.055529845604692374,1.148248610496521
2019-03-25,1.129611611366272,1.1331701278686523,1.1290504932403564,1.129586100578308,0,-0.006982574004310345,0.06074704417690534,1.1480985659360885
2019-03-26,1.1314520835876465,1.1328877210617065,1.1279551982879639,1.131580114364624,0,0.0017637043133131368,0.06112677133745822,1.1479410934448242
2019-03-27,1.1274465322494507,1.1285535097122192,1.1242650747299194,1.127484679222107,0,-0.0036257832363158385,0.06166672658992104,1.1477842366695403
2019-03-28,1.1251378059387207,1.1262998580932617,1.121516227722168,1.1251758337020874,0,-0.0020498839618826913,0.0611422933695941,1.147620599269867
2019-03-29,1.1229519844055176,1.1246063709259033,1.1210887432098389,1.1230024099349976,0,-0.0019334983338959073,0.06129320916381466,1.1474327236413955
2019-04-01,1.1223469972610474,1.1250239610671997,1.1209882497787476,1.1223849058151245,0,-0.0005500201511864402,0.06129372829253123,1.1472139483690262
2019-04-02,1.1205987930297852,1.1214005947113037,1.1184556484222412,1.1205737590789795,0,-0.0016149625564934353,0.06130324355640874,1.1469654422998428
2019-04-03,1.1202850341796875,1.125499963760376,1.1202473640441895,1.1203854084014893,0,-0.00016809826851559137,0.06054162180816898,1.1467422395944595
2019-04-04,1.124530553817749,1.124985933303833,1.1209254264831543,1.1246949434280396,0,0.0038390967308610242,0.061872042436079515,1.1465838968753814
2019-04-05,1.1224603652954102,1.1241512298583984,1.1211642026901245,1.1225864887237549,0,-0.0018764497341418646,0.06203372172934282,1.1464153462648392
2019-04-08,1.1222084760665894,1.1274083852767944,1.1215540170669556,1.121956706047058,0,-0.0005611678088361302,0.05055682508392304,1.1461858505010605
2019-04-09,1.1256444454193115,1.1287955045700073,1.1256444454193115,1.1256444454193115,0,0.0032814920734817597,0.05074139040380356,1.1459930121898652
2019-04-10,1.12649405002594,1.1282861232757568,1.123103380203247,1.126697063446045,0,0.0009346878341712132,0.05016506163331838,1.1457968854904175
2019-04-11,1.1276118755340576,1.1287446022033691,1.1256064176559448,1.1276500225067139,0,0.0008454413460724173,0.049460495305459116,1.1456039601564407
2019-04-12,1.1259359121322632,1.132502794265747,1.1258344650268555,1.1260753870010376,0,-0.0013973625671128659,0.04754862694604622,1.1453863841295242
2019-04-15,1.130365014076233,1.1322463750839233,1.1299434900283813,1.1305055618286133,0,0.003926453887287985,0.04927203964143801,1.145162780880928
2019-04-16,1.130441665649414,1.1314995288848877,1.128604531288147,1.1304928064346313,0,-1.1282974955778956e-05,0.049132252187612045,1.1449367648363113
2019-04-17,1.1285152435302734,1.13237464427948,1.1281843185424805,1.128502607345581,0,-0.0017620218189266376,0.04914628359391323,1.1447157567739488
2019-04-18,1.1300712823867798,1.130600094795227,1.1237722635269165,1.129713773727417,0,0.0010726753274142547,0.048912733027839085,1.1445259326696395
2019-04-19,1.123608112335205,1.125112533569336,1.1233052015304565,1.1235954761505127,0,-0.005430513022733237,0.04570745212066046,1.1443109655380248
2019-04-22,1.1244546175003052,1.1263798475265503,1.1236711740493774,1.1244546175003052,0,0.0007643436363329363,0.04378989392502498,1.1440936863422393
2019-04-23,1.125885248184204,1.1261261701583862,1.1193444728851318,1.1258978843688965,0,0.0012827031012071087,0.0373815771319183,1.1438684433698654
2019-04-24,1.1224478483200073,1.1224603652954102,1.1183055639266968,1.122435212135315,0,-0.0030802152729997824,0.038008488042935766,1.1436539959907532
2019-04-25,1.1156978607177734,1.1164003610610962,1.1121737957000732,1.1153494119644165,0,-0.00633289171461129,0.041875702122043994,1.1434079200029372
2019-04-26,1.113709807395935,1.1172809600830078,1.112297534942627,1.113684892654419,0,-0.0014934894594870038,0.04166260702177759,1.143148770928383
2019-04-29,1.1149017810821533,1.116994023323059,1.1145538091659546,1.1150261163711548,0,0.0012035870718230023,0.041709226259759716,1.1428529453277587
2019-04-30,1.1184180974960327,1.12296462059021,1.117655634880066,1.1185182332992554,0,0.003126975986935249,0.043386514700934437,1.142598472237587
2019-05-01,1.1218308210372925,1.1249985694885254,1.1214408874511719,1.121604323387146,0,0.0027552885720882737,0.04417941279377032,1.1423637342453004
2019-05-02,1.1201846599578857,1.1218183040618896,1.1173559427261353,1.1200841665267944,0,-0.0013562607830761623,0.04444215442710681,1.1420954036712647
2019-05-03,1.1172560453414917,1.1200717687606812,1.1141316890716553,1.1173559427261353,0,-0.0024387022843649175,0.04287961364052068,1.141860716342926
2019-05-06,1.1187058687210083,1.1204482316970825,1.1179929971694946,1.1185808181762695,0,0.0010956263111556311,0.042748914656211154,1.1416233962774276
2019-05-07,1.1204482316970825,1.121956706047058,1.1176055669784546,1.1201846599578857,0,0.0014327914841074847,0.043075932503690344,1.1413706153631211
2019-05-08,1.118956208229065,1.1214998960494995,1.118956208229065,1.1191065311431885,0,-0.0009629197866596529,0.041384535926221065,1.1411213392019273
2019-05-09,1.1197456121444702,1.1250998973846436,1.1175681352615356,1.1198333501815796,0,0.0006492528629151659,0.04129090817964335,1.1408875614404679
2019-05-10,1.1218559741973877,1.1252391338348389,1.1218559741973877,1.1222084760665894,0,0.0021187176311267208,0.04196257441059209,1.140705599784851
2019-05-13,1.1236711740493774,1.126341700553894,1.1224100589752197,1.1236460208892822,0,0.0012801764504052242,0.042049315165258234,1.1405426812171937
2019-05-14,1.1232421398162842,1.1246063709259033,1.120485782623291,1.1232547760009766,0,-0.0003482529293695144,0.039412890438855146,1.1403799444437026
2019-05-15,1.120360255241394,1.1222715377807617,1.1180429458618164,1.1204482316970825,0,-0.0025017087894480925,0.04011584944937988,1.1401807123422623
2019-05-16,1.1209505796432495,1.122435212135315,1.1174308061599731,1.1207244396209717,0,0.000246485180568536,0.03987502556778601,1.1399789541959762
2019-05-17,1.117480754852295,1.1184431314468384,1.1157352924346924,1.1173559427261353,0,-0.0030101684148013666,0.04056848540161655,1.1398037719726561
2019-05-20,1.1165324449539185,1.1177005767822266,1.1151255369186401,1.1165324449539185,0,-0.0007372774880440244,0.03646644115730118,1.139689077734947
2019-05-21,1.1169440746307373,1.11831796169281,1.1142433881759644,1.1168566942214966,0,0.00029036522491189705,0.03632879060086469,1.1395721065998077
2019-05-23,1.115511178970337,1.1172809600830078,1.1109507083892822,1.1155484914779663,0,-0.0011720120537771794,0.03595512096469369,1.1394769912958145
2019-05-24,1.1183805465698242,1.1212018728256226,1.1178054809570312,1.1184556484222412,0,0.002602643865678214,0.036085630000381626,1.1393971198797226
2019-05-27,1.1206364631652832,1.1218308210372925,1.118806004524231,1.1209630966186523,0,0.002239375060896092,0.029197183111161342,1.1393162405490875
2019-05-28,1.1193571090698242,1.1199462413787842,1.1171810626983643,1.1193821430206299,0,-0.0014113484229803018,0.029137092279370287,1.13919429063797
2019-05-29,1.1170687675476074,1.1175681352615356,1.1125946044921875,1.1170687675476074,0,-0.0020687923774008418,0.02997092763704877,1.1390339612960816
2019-05-30,1.1138337850570679,1.1146035194396973,1.1118524074554443,1.1137346029281616,0,-0.0029892075171091474,0.029641658497990515,1.1388142573833466
2019-05-31,1.1129908561706543,1.1179429292678833,1.1126564741134644,1.1131147146224976,0,-0.0005567402489159767,0.02762721842874055,1.138587430715561
2019-06-03,1.1173434257507324,1.1211000680923462,1.1162209510803223,1.1174057722091675,0,0.0038475888526603077,0.030948573094263937,1.1384027868509292
2019-06-04,1.1245558261871338,1.1277772188186646,1.1227755546569824,1.124631643295288,0,0.006445830078432219,0.03720962522835788,1.138201494216919
2019-06-05,1.1255050897598267,1.130454421043396,1.123987078666687,1.1254037618637085,0,0.0006863168436886033,0.03712753137216594,1.1379867088794708
2019-06-06,1.122725009918213,1.1307867765426636,1.1223849058151245,1.1229015588760376,0,-0.0022258578473965626,0.037863968512611736,1.1377555882930757
2019-06-07,1.127548336982727,1.1348161697387695,1.1253150701522827,1.1276500225067139,0,0.004219828344535549,0.04018932979167417,1.1375389689207076
2019-06-10,1.1319003105163574,1.1326953172683716,1.12920343875885,1.1320157051086426,0,0.003864012256703314,0.04198162545103211,1.1373667156696319
2019-06-11,1.1318362951278687,1.1332728862762451,1.1304799318313599,1.1318106651306152,0,-0.0001811446154029547,0.04162928166042364,1.1372252374887466
2019-06-12,1.132939100265503,1.1343011856079102,1.1308507919311523,1.1329518556594849,0,0.0010077795044543913,0.04156783454076695,1.1370822560787202
2019-06-13,1.1293054819107056,1.1305004358291626,1.127116084098816,1.1295605897903442,0,-0.0029977898381629686,0.043146272535764515,1.1369367861747741
2019-06-14,1.1279551982879639,1.1290504932403564,1.1215037107467651,1.1280443668365479,0,-0.0013432139022488056,0.042389722127052915,1.1367594015598297
2019-06-17,1.121604323387146,1.1246000528335571,1.1205360889434814,1.1217050552368164,0,-0.005635586181714401,0.047151134934306026,1.1365578919649124
2019-06-18,1.12271249294281,1.12440025806427,1.1182304620742798,1.1224603652954102,0,0.0006731322746558854,0.04585589290912255,1.1363896465301513
2019-06-19,1.1197456121444702,1.1222084760665894,1.1188685894012451,1.1198208332061768,0,-0.0023543285384641957,0.04661576366495265,1.1361907756328582
2019-06-20,1.1235828399658203,1.1315160989761353,1.1235828399658203,1.1238480806350708,0,0.0035898806005276213,0.0481266060497736,1.1360119736194612
2019-06-21,1.1293182373046875,1.1333370208740234,1.1283625364303589,1.1295605897903442,0,0.005070115747244044,0.05052362746993842,1.1358451467752457
2019-06-24,1.1383039951324463,1.1401208639144897,1.1373846530914307,1.1384724378585815,0,0.007858698550878718,0.05612616812023465,1.1356916069984435
2019-06-25,1.1400169134140015,1.141396164894104,1.1378376483917236,1.140029788017273,0,0.001366994847334753,0.055934056223956155,1.1355772614479065
2019-06-26,1.1368545293807983,1.1389521360397339,1.1350866556167603,1.1369967460632324,0,-0.0026640390021479346,0.056721744742650244,1.135427666902542
2019-06-27,1.1374623775482178,1.1383039951324463,1.1348419189453125,1.1374752521514893,0,0.00042076235336564207,0.05581484408287752,1.135275081396103
2019-06-28,1.1371389627456665,1.1393414735794067,1.1361312866210938,1.1372941732406616,0,-0.0001592063874156251,0.05419176473609492,1.135124249458313
2019-07-01,1.1363636255264282,1.1367511749267578,1.1305694580078125,1.1364928483963013,0,-0.0007048372340149661,0.05424765875086214,1.1349187499284745
2019-07-02,1.1287063360214233,1.1321053504943848,1.1276754140853882,1.1287446022033691,0,-0.006841027998014664,0.05953151564558545,1.1346869629621505
2019-07-03,1.1290887594223022,1.1305310726165771,1.127039909362793,1.1293054819107056,0,0.0004967823546674645,0.055447619319890125,1.134457013607025
2019-07-04,1.1287955045700073,1.1298158168792725,1.1274338960647583,1.1287955045700073,0,-0.00045168692846070087,0.05546134390465004,1.1342193990945817
2019-07-05,1.128604531288147,1.1287955045700073,1.120824933052063,1.128579020500183,0,-0.00019180164220305857,0.05481031431335416,1.1339880269765854
2019-07-08,1.1227880716323853,1.123721718788147,1.1208375692367554,1.1227376461029053,0,-0.005189307743699327,0.055883201268062205,1.133783025741577
2019-07-09,1.12147855758667,1.1222084760665894,1.1195324659347534,1.121604323387146,0,-0.0010099377256192056,0.05392467604436108,1.1335883617401123
2019-07-10,1.1204607486724854,1.1262998580932617,1.1202598810195923,1.120824933052063,0,-0.0006951303941730276,0.0539229839762258,1.133403707742691
2019-07-11,1.1261261701583862,1.1287955045700073,1.1251758337020874,1.125885248184204,0,0.0045046519407322076,0.056428374595642,1.1332572609186173
2019-07-12,1.1250239610671997,1.1278001070022583,1.123974323272705,1.1252391338348389,0,-0.0005740370210267257,0.05558555400753184,1.1331453001499177
2019-07-15,1.1271796226501465,1.1285994052886963,1.1255683898925781,1.1272051334381104,0,0.001745659265439037,0.05580233202130795,1.133022283911705
2019-07-16,1.1260881423950195,1.126633644104004,1.1209003925323486,1.1261768341064453,0,-0.0009126720794380647,0.05210620197602248,1.1328918701410293
2019-07-17,1.1213276386260986,1.1233429908752441,1.1201093196868896,1.1212271451950073,0,-0.0044048128062413846,0.054429678372984555,1.132750945687294
2019-07-18,1.1227755546569824,1.1247328519821167,1.1206239461898804,1.12296462059021,0,0.0015484200315144313,0.054027483941950845,1.132612293958664
2019-07-19,1.1261515617370605,1.1271415948867798,1.1215037107467651,1.1261515617370605,0,0.002833951669395673,0.053478819427662444,1.132476371526718
2019-07-22,1.1218056678771973,1.12271249294281,1.1208375692367554,1.1218308210372925,0,-0.0038441102150741594,0.05192788011502306,1.1322903054952622
2019-07-23,1.1204984188079834,1.121076226234436,1.1149640083312988,1.1206114292144775,0,-0.0010875570533576903,0.042561765891122524,1.1321176898479461
2019-07-24,1.115100622177124,1.1155734062194824,1.1130032539367676,1.1151255369186401,0,-0.004907467549868986,0.044144363516952424,1.1319015884399415
2019-07-25,1.114230990409851,1.1186933517456055,1.110383152961731,1.1142433881759644,0,-0.000791388790600397,0.04375754725679638,1.1316851657629012
2019-07-26,1.1145166158676147,1.1153244972229004,1.1115680932998657,1.1146159172058105,0,0.0003342777468417021,0.04372410964638538,1.1315078139305115
2019-07-29,1.113089919090271,1.1144545078277588,1.1114444732666016,1.1132138967514038,0,-0.0012586424965775793,0.04363404545207964,1.1313438814878465
2019-07-30,1.1142184734344482,1.1158099174499512,1.1133253574371338,1.1143054962158203,0,0.0009801032980864398,0.044173986828282844,1.131160675883293
2019-07-31,1.1157352924346924,1.1164453029632568,1.1127803325653076,1.1157974004745483,0,0.0013379691883316093,0.03921211170552497,1.1310057175159454
2019-08-01,1.1072235107421875,1.1072970628738403,1.1027547121047974,1.1071745157241821,0,-0.0077580179364134675,0.04623493420702952,1.1308050137758254
2019-08-02,1.1081806421279907,1.1114197969436646,1.1070764064788818,1.1078859567642212,0,0.0006423671708642403,0.04653561137621663,1.1306448143720627
2019-08-05,1.1107407808303833,1.1199462413787842,1.1107407808303833,1.1108025312423706,0,0.0026290992844662667,0.04806985397526402,1.1305098974704741
2019-08-06,1.1242650747299194,1.1249732971191406,1.1170687675476074,1.1243788003921509,0,0.012147950516988368,0.06309343824217727,1.1304324221611024
2019-08-07,1.1205862760543823,1.1240994930267334,1.1180930137634277,1.1206992864608765,0,-0.0032778523360136405,0.06406401344922792,1.1303478306531907
2019-08-08,1.120485782623291,1.1228384971618652,1.1184431314468384,1.1204355955123901,0,-0.0002353191249881552,0.06402441490128619,1.1302768296003343
2019-08-09,1.118730902671814,1.1219818592071533,1.1184055805206299,1.1187183856964111,0,-0.0015338026478230985,0.06203784948522835,1.1302120727300644
2019-08-12,1.1206867694854736,1.1230276823043823,1.1163331270217896,1.1208499670028687,0,0.001903564986125621,0.06249402042445611,1.1301146781444549
2019-08-13,1.1218308210372925,1.1228259801864624,1.117817997932434,1.1218308210372925,0,0.0008747157439385969,0.06222706076258645,1.1300250470638276
2019-08-14,1.1177555322647095,1.1191002130508423,1.1139951944351196,1.1177055835723877,0,-0.003684014354080683,0.06334205825382444,1.1299071156978606
2019-08-15,1.114504098892212,1.1158995628356934,1.1095577478408813,1.1143302917480469,0,-0.003024408733292059,0.06240483397824957,1.1297595137357712
2019-08-16,1.1111358404159546,1.1113580465316772,1.1067456007003784,1.1113580465316772,0,-0.0026708564106834526,0.06254689073599899,1.1295992743968963
2019-08-19,1.109385371208191,1.1110000610351562,1.108819603919983,1.109385371208191,0,-0.001776590511615778,0.06148538888923855,1.129461993575096
2019-08-20,1.1082541942596436,1.1099001169204712,1.1068925857543945,1.1083157062530518,0,-0.0009646611520012486,0.0604387376746731,1.1293410581350327
2019-08-21,1.1098532676696777,1.1107407808303833,1.1088809967041016,1.1097793579101562,0,0.0013197377273767932,0.06075705460923289,1.1292732399702072
2019-08-22,1.1090408563613892,1.1114000082015991,1.1064517498016357,1.10907781124115,0,-0.0006323495735885972,0.05858219437691952,1.1291630321741104
2019-08-23,1.1083279848098755,1.1149004697799683,1.105299711227417,1.1084016561508179,0,-0.0006098411473300269,0.058564777310877426,1.1290491235256195
2019-08-26,1.1143054962158203,1.1152499914169312,1.110839605331421,1.1143054962158203,0,0.005312309309738485,0.061648499648905355,1.1289582014083863
2019-08-27,1.110111951828003,1.1118524074554443,1.1088809967041016,1.1103708744049072,0,-0.003537256893122397,0.06272442512026905,1.1288030749559403
2019-08-28,1.109004020690918,1.1100010871887207,1.107444167137146,1.109004020690918,0,-0.0012317467317716595,0.06270282305435983,1.1286205869913102
2019-08-29,1.1085368394851685,1.1090162992477417,1.1056197881698608,1.1085859537124634,0,-0.00037704624230177567,0.062444373515107815,1.1284773045778274
2019-08-30,1.1059622764587402,1.106096863746643,1.0987199544906616,1.1061947345733643,0,-0.0021593289853707575,0.056784248061666036,1.128314101099968
2019-09-02,1.0990943908691406,1.0997470617294312,1.0958784818649292,1.0991789102554321,0,-0.006362502791238149,0.06076540888744348,1.1281084161996842
2019-09-03,1.0967316627502441,1.0977309942245483,1.0930395126342773,1.0968520641326904,0,-0.0021191385919894787,0.06002866130788686,1.127923999428749
2019-09-04,1.0973576307296753,1.103499412536621,1.0972732305526733,1.0974539518356323,0,0.0005485905007386359,0.03861569219641148,1.1277445840835572
2019-09-05,1.1037527322769165,1.1082788705825806,1.1018311977386475,1.10349702835083,0,0.005491346018407023,0.04409830802305298,1.127612670660019
2019-09-06,1.1036310195922852,1.10574209690094,1.1021226644515991,1.1036310195922852,0,0.00012141682649037292,0.04416666485626296,1.1274465531110764
2019-09-09,1.102074146270752,1.106525182723999,1.1016126871109009,1.1020619869232178,0,-0.001422711981305087,0.04414253125244824,1.127260479927063
2019-09-10,1.1047282218933105,1.1059499979019165,1.1031805276870728,1.1048381328582764,0,0.0025158795130875685,0.04464814746706145,1.1271135503053664
2019-09-11,1.1049723625183105,1.1058276891708374,1.0986233949661255,1.1050333976745605,0,0.00017672051437775128,0.04440569732581469,1.126961286664009
2019-09-12,1.1014429330825806,1.1077508926391602,1.0929558277130127,1.1013457775115967,0,-0.003342692532724868,0.04413338663544004,1.1267965734004974
2019-09-13,1.1057665348052979,1.110913634300232,1.1057665348052979,1.1058276891708374,0,0.004061228432765623,0.04621225707566086,1.1266511803865433
2019-09-16,1.1084139347076416,1.1084262132644653,1.099493145942688,1.1083402633666992,0,0.0022695435289529064,0.04627478786945601,1.1265055054426194
2019-09-17,1.1004005670547485,1.1068068742752075,1.0992876291275024,1.100594401359558,0,-0.007013239349717472,0.05184384576573014,1.1263080030679702
2019-09-18,1.1074320077896118,1.1077877283096313,1.1037527322769165,1.1074687242507935,0,0.0062265838521357595,0.056587906409519564,1.126167077422142
2019-09-19,1.1031439304351807,1.107499361038208,1.102353572845459,1.1031439304351807,0,-0.003912760857539547,0.057895769394539026,1.1260212445259095
2019-09-20,1.1046061515808105,1.1068999767303467,1.0998800992965698,1.1048502922058105,0,0.0015456218977689294,0.0582220743870362,1.125858766436577
2019-09-23,1.1019526720046997,1.102803349494934,1.0968279838562012,1.1019041538238525,0,-0.0026701114277863374,0.05884697839801771,1.125686469078064
2019-09-24,1.0993722677230835,1.1013944149017334,1.0985147953033447,1.0993722677230835,0,-0.0023003809903158227,0.055548019464455305,1.1255303555727005
2019-09-25,1.1015641689300537,1.1019283533096313,1.094834566116333,1.1016855239868164,0,0.002101950365998579,0.05527946013952847,1.125363865494728
2019-09-26,1.0951822996139526,1.0967316627502441,1.092514157295227,1.0952903032302856,0,-0.0058218563359692605,0.05837697260740239,1.1251526170969008
2019-09-27,1.0923112630844116,1.0958423614501953,1.0905839204788208,1.0922753810882568,0,-0.0027564192221066833,0.05884630965721248,1.1249192333221436
2019-09-30,1.0941636562347412,1.0948106050491333,1.088767170906067,1.0942714214324951,0,0.0018257472434580673,0.059224076847215375,1.1246621638536454
2019-10-01,1.0899182558059692,1.0937328338623047,1.0881510972976685,1.0899657011032104,0,-0.003942544389598497,0.05675589931663044,1.124425586462021
2019-10-02,1.0935415029525757,1.0957943201065063,1.090524435043335,1.0934937000274658,0,0.00323157095816303,0.05773299599986387,1.1241910856962205
2019-10-03,1.0962027311325073,1.0998317003250122,1.0941877365112305,1.0963709354400635,0,0.002627776184569618,0.058492475392844114,1.1239651775360107
2019-10-04,1.0974900722503662,1.0992271900177002,1.0959144830703735,1.0975382328033447,0,0.0010641256168013682,0.05512422718842584,1.123772212266922
2019-10-07,1.098659634590149,1.1001100540161133,1.0963709354400635,1.098659634590149,0,0.001021221175843762,0.055290105603174954,1.1235499835014344
2019-10-08,1.0972732305526733,1.0998003482818604,1.094666838645935,1.0972130298614502,0,-0.0013175672354694208,0.0552623597003762,1.1233160758018494
2019-10-09,1.0960224866867065,1.0991994142532349,1.095554232597351,1.0960105657577515,0,-0.0010965267988039308,0.05442774905199555,1.1230495965480805
2019-10-10,1.098587155342102,1.1033873558044434,1.0980443954467773,1.0987803936004639,0,0.0025240028453327565,0.055331237742291095,1.122812642455101
2019-10-11,1.1014429330825806,1.1061996221542358,1.1003884077072144,1.1011033058166504,0,0.0021118508038712965,0.05473797525863557,1.122659105658531
2019-10-14,1.1028155088424683,1.1043000221252441,1.1015156507492065,1.1030004024505615,0,0.0017214227218684101,0.053121195073066375,1.1224785685539245
2019-10-15,1.1025844812393188,1.1045451164245605,1.0992755889892578,1.1029006242752075,0,-9.046477989097708e-05,0.05240679682165394,1.122287849187851
2019-10-16,1.103399634361267,1.1076282262802124,1.102353572845459,1.1034727096557617,0,0.0005185753331738292,0.04626612144826715,1.1220653438568116
2019-10-17,1.1074295043945312,1.1139951944351196,1.1065863370895386,1.107493281364441,0,0.003636940737031737,0.042694317466386654,1.1218747770786286
2019-10-18,1.1127183437347412,1.1161960363388062,1.1115063428878784,1.1127183437347412,0,0.004706823401557925,0.04317681797563287,1.1216608941555024
2019-10-21,1.1156107187271118,1.118067979812622,1.1140000820159912,1.1155734062194824,0,0.002562558558288225,0.043654451514103826,1.1214836966991424
2019-10-22,1.115200161933899,1.116071343421936,1.1124708652496338,1.1151753664016724,0,-0.00035686656150583955,0.04227838672780846,1.121329505443573
2019-10-23,1.1129660606384277,1.1133378744125366,1.1108025312423706,1.112928867340088,0,-0.002016512323627505,0.04204634416645667,1.1211577051877974
2019-10-24,1.1132633686065674,1.1165698766708374,1.109385371208191,1.1132385730743408,0,0.0002782411876379464,0.041689650421446754,1.121015483736992
2019-10-25,1.1104449033737183,1.1125946044921875,1.1080454587936401,1.1103955507278442,0,-0.0025570968400006238,0.03668903708716517,1.1208684170246124
2019-10-28,1.1084753274917603,1.1106668710708618,1.107714056968689,1.1084262132644653,0,-0.0017751204828271693,0.035684019042561084,1.1207142299413682
2019-10-29,1.1102476119995117,1.1118770837783813,1.1075055599212646,1.1099148988723755,0,0.0013421613323952551,0.035530607044016685,1.1205810171365738
2019-10-30,1.111222267150879,1.1125946044921875,1.1103339195251465,1.1114816665649414,0,0.0014106152649590552,0.03135712255255482,1.120453764796257
2019-10-31,1.1154240369796753,1.1176930665969849,1.113374948501587,1.1154489517211914,0,0.003563011187457375,0.03168286146984678,1.1203489977121353
2019-11-01,1.1156107187271118,1.1174432039260864,1.1130775213241577,1.1157102584838867,0,0.00023423408127475206,0.031163278627299958,1.1202334368228912
2019-11-04,1.1169440746307373,1.1177005767822266,1.1141999959945679,1.1166571378707886,0,0.0008483186461446384,0.031152045825344563,1.1201599740982056
2019-11-05,1.1128298044204712,1.1138995885849,1.1064640283584595,1.1128545999526978,0,-0.0034110980809337267,0.03440908474787634,1.120017722249031
2019-11-06,1.107444167137146,1.1095085144042969,1.1067456007003784,1.107419729232788,0,-0.004895684739124028,0.038878583647125944,1.1198398166894912
2019-11-07,1.1070642471313477,1.109139323234558,1.1038014888763428,1.1070396900177002,0,-0.0003432343040610424,0.03858974338347592,1.1196573317050933
2019-11-08,1.103460431098938,1.103813648223877,1.1017802953720093,1.1019697189331055,0,-0.0045902746872287185,0.04158726351278937,1.1194233548641206
2019-11-11,1.102280616760254,1.1043622493743896,1.101722002029419,1.102244257926941,0,0.0002491037604672152,0.040969309544072234,1.1192098224163056
2019-11-12,1.1034847497940063,1.1041183471679688,1.1003884077072144,1.1035456657409668,0,0.0011799926648196426,0.04073312911131156,1.118999911546707
2019-11-13,1.1012123823165894,1.1020498275756836,1.1001100540161133,1.1012367010116577,0,-0.0020945065673948536,0.04139008554183826,1.1187879532575606
2019-11-14,1.1008729934692383,1.1017826795578003,1.0990822315216064,1.1013215780258179,0,7.707129932495918e-05,0.04133894971613969,1.1185895985364913
2019-11-15,1.102292776107788,1.1055831909179688,1.1015278100967407,1.1020498275756836,0,0.0006610320661624054,0.03918504914051314,1.1184168672561645
2019-11-18,1.1053999662399292,1.1090999841690063,1.1053999662399292,1.105509877204895,0,0.003134730585158303,0.03700488500621712,1.1182750326395035
2019-11-19,1.1072235107421875,1.1085245609283447,1.1064271926879883,1.1072357892990112,0,0.0015599736293654563,0.03617818240928565,1.1181490820646287
2019-11-20,1.108033299446106,1.1082788705825806,1.1053632497787476,1.1080001592636108,0,0.0006901025558301477,0.03635965212098447,1.11804956138134
2019-11-21,1.107898235321045,1.1096439361572266,1.106378197669983,1.1078859567642212,0,-0.0001030761451725312,0.035826625746944736,1.1179216635227203
2019-11-22,1.1065618991851807,1.1078613996505737,1.102864146232605,1.1065863370895386,0,-0.001173751261188495,0.03592704439788911,1.1178221249580382
2019-11-25,1.1024142503738403,1.1033873558044434,1.100618600845337,1.1022562980651855,0,-0.0039206455924227866,0.03729775185065868,1.1176857310533523
2019-11-26,1.1012003421783447,1.102657437324524,1.1008002758026123,1.1014429330825806,0,-0.0007381815159191847,0.03697018178967484,1.1175439304113388
2019-11-27,1.1022076606750488,1.1022076606750488,1.09933602809906,1.1022562980651855,0,0.0007381815159192047,0.036690095322996406,1.11739923119545
2019-11-28,1.1006064414978027,1.1019283533096313,1.100158452987671,1.1004853248596191,0,-0.0016079721459086524,0.03637473209397338,1.1172301518917083
2019-11-29,1.1011276245117188,1.102669596672058,1.0982855558395386,1.101176142692566,0,0.0006275423045720938,0.03358469358795771,1.1170628535747529
2019-12-02,1.1017705202102661,1.1089179515838623,1.1003763675689697,1.1019041538238525,0,0.0006609029720223214,0.03375245680707838,1.1169008684158326
2019-12-03,1.1076037883758545,1.1092623472213745,1.1066476106643677,1.1079105138778687,0,0.005436089218695316,0.03947689285686548,1.116769300699234
2019-12-04,1.1081806421279907,1.1113457679748535,1.1067945957183838,1.1085245609283447,0,0.0005540853176037691,0.03799563904292166,1.116628167629242
2019-12-05,1.1082665920257568,1.1104941368103027,1.1079963445663452,1.108303427696228,0,-0.00019950418705007048,0.03392512367720249,1.1164731073379517
2019-12-06,1.1104201078414917,1.1112345457077026,1.1042280197143555,1.1105434894561768,0,0.002019123089264813,0.03457149622651763,1.116335729956627
2019-12-09,1.105780005455017,1.108033299446106,1.1053999662399292,1.105888843536377,0,-0.004200130717519964,0.03391762950242244,1.116178444623947
2019-12-10,1.1064517498016357,1.1097548007965088,1.106353759765625,1.106499433517456,0,0.0005519736322186549,0.03394285356211735,1.1160229831933974
2019-12-11,1.109385371208191,1.1098779439926147,1.1071745157241821,1.1092746257781982,0,0.002504942866564743,0.03473406982917727,1.11590067923069
2019-12-12,1.1133253574371338,1.1153370141983032,1.1111851930618286,1.1135857105255127,0,0.003878867315365377,0.03580823780988777,1.1158150571584702
2019-12-13,1.1183431148529053,1.1186933517456055,1.111889362335205,1.1186057329177856,0,0.004497849743318054,0.03829070497946984,1.115751081109047
2019-12-16,1.1125203371047974,1.115785002708435,1.1123470067977905,1.1124460697174072,0,-0.005521771250448632,0.044016416504098835,1.115714144706726
2019-12-17,1.113709807395935,1.1173185110092163,1.113089919090271,1.1136974096298218,0,0.001124222275714461,0.04300910268813398,1.1156664210557938
2019-12-18,1.1151504516601562,1.1151504516601562,1.1111358404159546,1.115138053894043,0,0.0012927328987956917,0.042924359540773144,1.1156124949455262
2019-12-19,1.1115927696228027,1.1142433881759644,1.110987663269043,1.1115927696228027,0,-0.0031842980116769575,0.044590560143635265,1.1155267357826233
2019-12-20,1.112371802330017,1.1125946044921875,1.1074320077896118,1.1125946044921875,0,0.0009008548009907165,0.04465316297284407,1.1154241788387298
2019-12-23,1.1079840660095215,1.1097548007965088,1.1071499586105347,1.1079840660095215,0,-0.0041525618246866895,0.04694309025288409,1.1153099095821382
2019-12-24,1.1092993021011353,1.1097548007965088,1.1070642471313477,1.109385371208191,0,0.0012639349687982339,0.04478974060903122,1.1151969504356385
2019-12-25,1.109139323234558,1.110864281654358,1.1077877283096313,1.1090162992477417,0,-0.0003327368246873999,0.04469244578568407,1.115073933005333
2019-12-26,1.1095085144042969,1.1104941368103027,1.1082788705825806,1.1095454692840576,0,0.0004770388220483902,0.04467127216635936,1.1149442297220231
2019-12-27,1.1101243495941162,1.118067979812622,1.1099998950958252,1.110111951828003,0,0.0005104234111590525,0.04412232063532065,1.1147808301448823
2019-12-30,1.1181554794311523,1.1220699548721313,1.1181554794311523,1.1182304620742798,0,0.007286623560670526,0.05014588038574326,1.114684476852417
2019-12-31,1.1204482316970825,1.1241008043289185,1.1200717687606812,1.120229721069336,0,0.0017862810709916835,0.05027718428469246,1.1146376949548722
2020-01-01,1.1220825910568237,1.1228384971618652,1.115946888923645,1.1220825910568237,0,0.0016526425861242138,0.04749907155575618,1.1145902073383331
2020-01-02,1.1218937635421753,1.12271249294281,1.1166820526123047,1.1220825910568237,0,0.0,0.04754535270091321,1.1145631968975067
2020-01-03,1.1170812845230103,1.118067979812622,1.112569808959961,1.1171437501907349,0,-0.004411210053900827,0.05055725564196436,1.1145230364799499
2020-01-06,1.1162458658218384,1.120824933052063,1.1158099174499512,1.1161960363388062,0,-0.0008486965705175967,0.050360200230802704,1.114489004611969
2020-01-07,1.1195825338363647,1.1199462413787842,1.1134865283966064,1.1197994947433472,0,0.0032231383954302996,0.048646482223971305,1.11447607755661
2020-01-08,1.1155734062194824,1.1165200471878052,1.111086368560791,1.1154738664627075,0,-0.00387033975832015,0.05104885237617613,1.1144505780935288
2020-01-09,1.1114444732666016,1.1122233867645264,1.1095085144042969,1.1113210916519165,0,-0.0037298266820401005,0.05233854564527492,1.1144052565097808
2020-01-10,1.1109259128570557,1.1120996475219727,1.1086229085922241,1.1111111640930176,0,-0.0001889169480695333,0.05049026992711671,1.1143373376131058
2020-01-13,1.1116546392440796,1.114466905593872,1.1114075183868408,1.1116669178009033,0,0.0005000532657698783,0.04772054182274988,1.1142827397584916
2020-01-14,1.1134493350982666,1.1145787239074707,1.11055588722229,1.1135733127593994,0,0.00171342886823665,0.044189182057166265,1.1142408227920533
2020-01-15,1.1129660606384277,1.1163455247879028,1.112025499343872,1.113089919090271,0,-0.0004341866069445138,0.0440405622871187,1.114178050160408
2020-01-16,1.1152697801589966,1.117193579673767,1.112978458404541,1.1154004335403442,0,0.0020736147906197213,0.04441664564520786,1.1141215670108795
2020-01-17,1.113800287246704,1.1145004034042358,1.1087580919265747,1.1139578819274902,0,-0.001294140833420409,0.04316830741414408,1.1140531063079835
2020-01-20,1.1095207929611206,1.1104941368103027,1.1077508926391602,1.1094592809677124,0,-0.004046570453323238,0.045360017705181006,1.1139700257778167
2020-01-21,1.1096439361572266,1.1119760274887085,1.1086474657058716,1.109693169593811,0,0.00021079095030663436,0.04294382780505214,1.1138659638166428
2020-01-22,1.1085859537124634,1.1097793579101562,1.1071622371673584,1.108561396598816,0,-0.0010204176837492315,0.04287490454467325,1.1137563067674636
2020-01-23,1.1097548007965088,1.1103215217590332,1.1037039756774902,1.1096439361572266,0,0.0009760499881296328,0.043000061675371126,1.1136620134115218
2020-01-24,1.105534315109253,1.1060845851898193,1.1021226644515991,1.1055220365524292,0,-0.0037215309488002925,0.04486556727269306,1.113541054725647
2020-01-27,1.1026331186294556,1.1039965152740479,1.1010063886642456,1.1025358438491821,0,-0.0027048154401573266,0.045624547748441456,1.1134357565641404
2020-01-28,1.1019648313522339,1.102657437324524,1.099855899810791,1.101976990699768,0,-0.0005070083082549927,0.03626779730878735,1.1133233684301376
2020-01-29,1.102292776107788,1.1030223369598389,1.0993238687515259,1.1022562980651855,0,0.00025342813606535716,0.035321612205439556,1.113205160498619
2020-01-30,1.101406455039978,1.1036553382873535,1.1008244752883911,1.1016855239868164,0,-0.000517957493631393,0.03422902521195527,1.1131014120578766
2020-01-31,1.1028763055801392,1.1090162992477417,1.1017948389053345,1.1029127836227417,0,0.0011133636077491934,0.03479958113522292,1.1130392289161681
2020-02-03,1.108905553817749,1.108905553817749,1.104349970817566,1.1089794635772705,0,0.005485525052044301,0.0386115936132913,1.1130157017707825
2020-02-04,1.1062926054000854,1.1065618991851807,1.1033873558044434,1.1062926054000854,0,-0.002425760277789674,0.03924981887586515,1.112972034215927
2020-02-05,1.104472041130066,1.1048502922058105,1.0998317003250122,1.1047282218933105,0,-0.0014150782738120962,0.037045529675889366,1.1129030841588974
2020-02-06,1.1000494956970215,1.1012852191925049,1.0965512990951538,1.1002310514450073,0,-0.00407914716479985,0.03728088939796541,1.1127962177991868
2020-02-07,1.0981045961380005,1.0986994504928589,1.0946906805038452,1.0982975959777832,0,-0.0017588635635342222,0.035829728452429356,1.1126872849464418
2020-02-10,1.0948705673217773,1.0961307287216187,1.090959906578064,1.0949305295944214,0,-0.003070422989157765,0.036828837319955864,1.112575157880783
2020-02-11,1.091226577758789,1.0927003622055054,1.089348316192627,1.0913456678390503,0,-0.003279425511196765,0.03759811078264117,1.112438982129097
2020-02-12,1.0921800136566162,1.0924997329711914,1.0887079238891602,1.091941475868225,0,0.000545789907371758,0.03679281741194105,1.1122977662086486
2020-02-13,1.0876421928405762,1.0890873670578003,1.0835527181625366,1.0875948667526245,0,-0.003988568387689874,0.0382169424450585,1.1121402078866958
2020-02-14,1.0845986604690552,1.0862481594085693,1.0831302404403687,1.0845986604690552,0,-0.0027586935935611265,0.03679500343380793,1.1119640344381332
2020-02-17,1.0840578079223633,1.0854003429412842,1.0830246210098267,1.0841753482818604,0,-0.00039037003474076096,0.036940090049609464,1.1117738687992096
2020-02-18,1.0837054252624512,1.0839003324508667,1.078690528869629,1.0840108394622803,0,-0.00015174787186237877,0.035722473741795935,1.1115756928920746
2020-02-19,1.0794706344604492,1.0808473825454712,1.0783600807189941,1.079540491104126,0,-0.00413242307371629,0.036857101921712807,1.1113571214675904
2020-02-20,1.080964207649231,1.0821000337600708,1.0779578685760498,1.081009864807129,0,0.001360184848757387,0.037999135986293564,1.1111599296331405
2020-02-21,1.078771948814392,1.0863661766052246,1.078771948814392,1.078799843788147,0,-0.0020464967645173063,0.03725501338151153,1.1109503066539765
2020-02-24,1.0838581323623657,1.0863661766052246,1.0808473825454712,1.0839051008224487,0,0.004721186336458318,0.041678655684435725,1.110783052444458
2020-02-25,1.084904670715332,1.088174819946289,1.083177089691162,1.0849199295043945,0,0.0009358327590466026,0.04164471453782806,1.1106249898672105
2020-02-26,1.0881001949310303,1.090358018875122,1.085564136505127,1.0881996154785156,0,0.003018415136661551,0.04366373714431131,1.1104817044734956
2020-02-27,1.088565707206726,1.1005700826644897,1.088565707206726,1.0885894298553467,0,0.0003581554049379228,0.04369100023378281,1.1103469091653824
2020-02-28,1.0995535850524902,1.10527765750885,1.095158338546753,1.0997228622436523,0,0.010175447527352876,0.05745967282877793,1.1102532452344895
2020-03-02,1.1052532196044922,1.116407871246338,1.1037284135818481,1.1051311492919922,0,0.004905810422639446,0.05990596278484147,1.1101740854978561
2020-03-03,1.1144297122955322,1.120749592781067,1.1097301244735718,1.1144047975540161,0,0.008356433460813023,0.06385583806393105,1.110149198770523
2020-03-04,1.1177304983139038,1.1185681819915771,1.109693169593811,1.118067979812622,0,0.003281729195869594,0.06392303519848806,1.110154194831848
2020-03-05,1.113908290863037,1.1204482316970825,1.1121737957000732,1.113908290863037,0,-0.0037273637898381047,0.0652851339400875,1.1101550632715225
2020-03-06,1.1223849058151245,1.135473370552063,1.1213905811309814,1.1223849058151245,0,0.0075809876464607955,0.06767026086225032,1.1102014142274856
2020-03-09,1.1386150121688843,1.1495838165283203,1.1356796026229858,1.1386020183563232,0,0.01434540861589893,0.08119348357165876,1.1103073954582214
2020-03-10,1.1397439241409302,1.1422958374023438,1.1334141492843628,1.1397960186004639,0,0.0010481051458756956,0.07936713357900095,1.1103832173347472
2020-03-11,1.1316184997558594,1.1365960836410522,1.1259005069732666,1.1316505670547485,0,-0.007172069563950376,0.08360774410209852,1.1104144513607026
2020-03-12,1.1260753870010376,1.1332857608795166,1.1080824136734009,1.1261515617370605,0,-0.004871123222760194,0.08662334938350554,1.1104307013750077
2020-03-13,1.118355631828308,1.1221328973770142,1.1065373420715332,1.1184931993484497,0,-0.006823700781210622,0.0893866748007836,1.1103849172592164
2020-03-16,1.1159594058990479,1.1235400438308716,1.1088687181472778,1.115536093711853,0,-0.0026473308768339967,0.08932323885314807,1.1103025192022324
2020-03-17,1.1163331270217896,1.1189061403274536,1.0957943201065063,1.1163206100463867,0,0.0007030167891367934,0.08913657519189672,1.1102250689268112
2020-03-18,1.1016855239868164,1.1045000553131104,1.0831888914108276,1.101552128791809,0,-0.013317896271767483,0.10265222850828178,1.1100680702924728
2020-03-19,1.0943433046340942,1.0945589542388916,1.0697933435440063,1.0961546897888184,0,-0.004911892531991977,0.1031550158242591,1.1099010407924652
2020-03-20,1.0658481121063232,1.0829894542694092,1.0654505491256714,1.0657345056533813,0,-0.028144080771162875,0.14358414478899068,1.1095894914865494
2020-03-23,1.0687528848648071,1.0824854373931885,1.0660412311553955,1.0694386959075928,0,0.003469689454375606,0.14419178545593117,1.1093281596899032
2020-03-24,1.0764726400375366,1.0888501405715942,1.0753382444381714,1.0764610767364502,0,0.006544952365581136,0.1451455768626703,1.1090981632471084
2020-03-25,1.0801235437393188,1.0849517583847046,1.0770175457000732,1.080263614654541,0,0.0035262190611547056,0.14570611049391452,1.1089003771543502
2020-03-26,1.0887553691864014,1.1025480031967163,1.0876539945602417,1.0889569520950317,0,0.00801521441819402,0.1481072365725898,1.10872592151165
2020-03-27,1.1046184301376343,1.1086474657058716,1.0955182313919067,1.1048258543014526,0,0.014467411219748412,0.15633352445567683,1.1086022478342057
2020-03-30,1.1135361194610596,1.1137841939926147,1.1012245416641235,1.113908290863037,0,0.008187089303251458,0.15496154822480854,1.108479427099228
2020-03-31,1.1028398275375366,1.1043622493743896,1.0929678678512573,1.1030466556549072,0,-0.00979877568790389,0.15816466041738347,1.108294511437416
2020-04-01,1.1028155088424683,1.1037527322769165,1.0918699502944946,1.102657437324524,0,-0.0003529198097441969,0.15515324052561577,1.1081228148937226
2020-04-02,1.0950982570648193,1.0962989330291748,1.0844340324401855,1.0953621864318848,0,-0.006638045995333951,0.15590651803390593,1.1079122495651246
2020-04-03,1.084386944770813,1.085894227027893,1.0776199102401733,1.0847399234771729,0,-0.009744816047908876,0.15861406933766886,1.1076494783163071
2020-04-06,1.0808240175247192,1.083435297012329,1.0769248008728027,1.0806955099105835,0,-0.0037354318739070817,0.15547645782276226,1.1073704916238785
2020-04-07,1.0801936388015747,1.0923351049423218,1.0791398286819458,1.0803803205490112,0,-0.0002916967182406305,0.14417925026255182,1.1071286702156067
2020-04-08,1.0894314050674438,1.0896213054656982,1.083177089691162,1.0895144939422607,0,0.008419050808379198,0.14865589025293233,1.1069297152757644
2020-04-09,1.0861183404922485,1.0943553447723389,1.0841801166534424,1.0863661766052246,0,-0.0028938347371023966,0.14756899257025907,1.1067175686359405
2020-04-10,1.0925976037979126,1.0954102277755737,1.0921083688735962,1.0927408933639526,0,0.005850777165835929,0.1495507409557243,1.1065383780002593
2020-04-13,1.093135118484497,1.0968520641326904,1.089360237121582,1.0932666063308716,0,0.00048098003060578255,0.14836989474278325,1.1063910228013993
2020-04-14,1.0919533967971802,1.0983941555023193,1.0915720462799072,1.0922993421554565,0,-0.0008851384596624093,0.14826182411006208,1.1062444978952408
2020-04-15,1.0982372760772705,1.0989010334014893,1.0857645273208618,1.098538875579834,0,0.0056960393003238855,0.14998437516413896,1.1061330676078795
2020-04-16,1.0903817415237427,1.0907741785049438,1.0829660892486572,1.0905101299285889,0,-0.007335406043470732,0.1450250991894213,1.1059561920166017
2020-04-17,1.0860122442245483,1.0893245935440063,1.0812681913375854,1.0858471393585205,0,-0.004285139918145141,0.1447998312345113,1.10575923204422
2020-04-20,1.0866258144378662,1.0897043943405151,1.084304690361023,1.0866966247558594,0,0.0007820191746308519,0.10402061327012031,1.1055566895008087
2020-04-21,1.0863542556762695,1.0879971981048584,1.0817945003509521,1.0864840745925903,0,-0.0001956120482852273,0.10366626065963624,1.1053582257032395
2020-04-22,1.0857409238815308,1.0883169174194336,1.0824267864227295,1.0856467485427856,0,-0.0007709720633413682,0.10159308142655449,1.1051803237199784
2020-04-23,1.0806838274002075,1.0843987464904785,1.0758357048034668,1.080964207649231,0,-0.00432246331143561,0.10219082548598317,1.1049703216552735
2020-04-24,1.0776326656341553,1.0817711353302002,1.0727657079696655,1.077702283859253,0,-0.0030221678851646873,0.09840766988097174,1.1047280752658843
2020-04-27,1.08236825466156,1.0860357284545898,1.081221342086792,1.08236825466156,0,0.004320208971249524,0.08422410473515016,1.1045307624340057
2020-04-28,1.0827198028564453,1.0889687538146973,1.0811277627944946,1.0824854373931885,0,0.00010825926220592308,0.0775308845282937,1.1043401324748994
2020-04-29,1.0832358598709106,1.0874292850494385,1.0831655263900757,1.0836584568023682,0,0.0010830485703049676,0.07154459352981736,1.1041827970743179
2020-04-30,1.0876659154891968,1.0969964265823364,1.0835645198822021,1.087725043296814,0,0.0037456223174487475,0.07328691117064959,1.1040502053499222
2020-05-01,1.0944750308990479,1.101624846458435,1.0935415029525757,1.094546914100647,0,0.0062521016248604224,0.07361724373567552,1.1039498603343965
2020-05-04,1.0957462787628174,1.0957822799682617,1.0901321172714233,1.0959625244140625,0,0.0012924943262924613,0.06465911854154778,1.1038636034727096
2020-05-05,1.090453028678894,1.092132329940796,1.0826963186264038,1.0904293060302734,0,-0.00506151744593804,0.06590228195299767,1.103744222521782
2020-05-06,1.0840108394622803,1.084481120109558,1.0784229040145874,1.0838581323623657,0,-0.006044457194208517,0.06960192926660759,1.103584526181221
2020-05-07,1.0800535678863525,1.08157217502594,1.0767507553100586,1.0798553228378296,0,-0.003699948420920635,0.06389398568760007,1.1034479302167892
2020-05-08,1.0836936235427856,1.0873347520828247,1.0816305875778198,1.0837171077728271,0,0.003569826442106355,0.06466451711766233,1.1033270859718323
2020-05-11,1.0840108394622803,1.0853049755096436,1.0804269313812256,1.0839520692825317,0,0.00021678724144065777,0.06095262630746731,1.1031928336620331
2020-05-12,1.080917477607727,1.08804452419281,1.078539252281189,1.080940842628479,0,-0.0027818730242308957,0.061415066315994825,1.1029756438732148
2020-05-13,1.0846339464187622,1.0893363952636719,1.0831419229507446,1.0846810340881348,0,0.003454153486910613,0.06292864188427329,1.102795552611351
2020-05-14,1.0821925401687622,1.0824854373931885,1.0776559114456177,1.08236825466156,0,-0.0021344971862724505,0.05921197356276076,1.102605215907097
2020-05-15,1.0806254148483276,1.0849517583847046,1.079086184501648,1.0806955099105835,0,-0.0015466442661771166,0.05423212141191326,1.1024151015281678
2020-05-18,1.081946611404419,1.0912741422653198,1.0800886154174805,1.0821340084075928,0,0.0013302007365226065,0.052669274724567096,1.1022215217351914
2020-05-19,1.0915838479995728,1.0975141525268555,1.090274691581726,1.0915124416351318,0,0.008629270343230282,0.06082685123426979,1.1020699298381806
2020-05-20,1.0930156707763672,1.0999042987823486,1.0929200649261475,1.0927767753601074,0,0.00115766159200992,0.06089359939162767,1.101945285797119
2020-05-21,1.0979359149932861,1.1008729934692383,1.093948245048523,1.0982975959777832,0,0.005039383759406821,0.062928533809376,1.1018651223182678
2020-05-22,1.0952422618865967,1.0955302715301514,1.0886130332946777,1.0952903032302856,0,-0.0027418957158269978,0.06161038682894999,1.101784783601761
2020-05-25,1.0909050703048706,1.0914647579193115,1.0872046947479248,1.0907801389694214,0,-0.004126281178358824,0.06254598664752511,1.101691757440567
2020-05-26,1.0901083946228027,1.0991548299789429,1.0898351669311523,1.0902997255325317,0,-0.0004405280636237495,0.06111126057620975,1.1016016775369644
2020-05-27,1.098056435585022,1.1029858589172363,1.0936611890792847,1.0981770753860474,0,0.0071989649335533965,0.06553734301894482,1.1015436661243438
2020-05-28,1.1015278100967407,1.1071866750717163,1.0993118286132812,1.1016855239868164,0,0.0031897006443984094,0.06610229350882212,1.1015067046880722
2020-05-29,1.1078122854232788,1.114466905593872,1.1070396900177002,1.1079105138778687,0,0.005634519843012447,0.06747758163601326,1.1015042489767075
2020-06-01,1.1114568710327148,1.115200161933899,1.1101489067077637,1.1118524074554443,0,0.003551638495555174,0.06538236415565894,1.1014919835329056
2020-06-02,1.1125574111938477,1.1195701360702515,1.1115680932998657,1.1125946044921875,0,0.0006673092775855425,0.06535250346256177,1.101503102183342
2020-06-03,1.1185681819915771,1.1249985694885254,1.118105411529541,1.118943691253662,0,0.005690338279647767,0.06397223088110912,1.1015528005361557
2020-06-04,1.123721718788147,1.1360538005828857,1.1195951700210571,1.1235954761505127,0,0.004148682561719183,0.058914165123014686,1.101627848148346
2020-06-05,1.1337226629257202,1.1383945941925049,1.1285662651062012,1.1337867975234985,0,0.00902938836116304,0.06065009032341073,1.1017658084630966
2020-06-08,1.1316057443618774,1.131874680519104,1.126950979232788,1.1319515705108643,0,-0.0016199817594840025,0.061953908789860616,1.1019296717643738
2020-06-09,1.1302883625030518,1.1363377571105957,1.1243661642074585,1.1305567026138306,0,-0.001233028042661829,0.06270048561745183,1.1020981949567794
2020-06-10,1.1334141492843628,1.1388872861862183,1.1334141492843628,1.1332215070724487,0,0.00235429926666161,0.06023615379441828,1.1022770327329636
2020-06-11,1.1368675231933594,1.1400169134140015,1.1326054334640503,1.1365444660186768,0,0.0029280210908834464,0.06013102147829102,1.1024422699213028
2020-06-12,1.1289358139038086,1.1339796781539917,1.1234692335128784,1.1288082599639893,0,-0.00683004994336145,0.06630282419438223,1.1025681561231613
2020-06-15,1.1254163980484009,1.12920343875885,1.1228764057159424,1.1252011060714722,0,-0.003200658370140185,0.0676516345166329,1.1026838517189026
2020-06-16,1.13379967212677,1.1349835395812988,1.1231664419174194,1.1337740421295166,0,0.007590147436824098,0.07038229899547783,1.1028285312652588
2020-06-17,1.12649405002594,1.1296881437301636,1.1210259199142456,1.1265701055526733,0,-0.006374216046632403,0.07232980164909475,1.1029362148046493
2020-06-18,1.1241259574890137,1.1262530088424683,1.1204607486724854,1.1242902278900146,0,-0.002025784015529618,0.07335604092040122,1.1030509370565413
2020-06-19,1.1207244396209717,1.1252998113632202,1.1173933744430542,1.1211000680923462,0,-0.0028415210931360207,0.07344699973537294,1.103127298951149
2020-06-22,1.1179429292678833,1.1267732381820679,1.1175556182861328,1.1177555322647095,0,-0.0029877213296057113,0.07360865592843555,1.103174375295639
2020-06-23,1.1277135610580444,1.1348998546600342,1.1234314441680908,1.1279679536819458,0,0.009095057230980143,0.07628218335963252,1.103311243057251
2020-06-24,1.1313625574111938,1.1326310634613037,1.1259866952896118,1.1312345266342163,0,0.0028917950091841924,0.07603402664569653,1.103430072069168
2020-06-25,1.1251378059387207,1.1259993314743042,1.119144082069397,1.1250872611999512,0,-0.0054489396656502145,0.07723791998832427,1.1035397887229919
2020-06-26,1.1220825910568237,1.1238985061645508,1.1197832822799683,1.1222084760665894,0,-0.0025620007730021385,0.07789382670539041,1.103626579642296
2020-06-29,1.1224100589752197,1.1289230585098267,1.1220574378967285,1.1225864887237549,0,0.0003367903676439813,0.07595626059355326,1.1037299913167953
2020-06-30,1.124707579612732,1.126164197921753,1.1192318201065063,1.1247202157974243,0,0.0018989199031385483,0.0753678293045377,1.103856731057167
2020-07-01,1.123368263244629,1.1274592876434326,1.1189186573028564,1.1235954761505127,0,-0.0010005176272754655,0.07555575867501771,1.1039662808179855
2020-07-02,1.1253403425216675,1.1303266286849976,1.1227755546569824,1.1251378059387207,0,0.0013717322924298595,0.0732406505727583,1.1041155183315277
2020-07-03,1.123974323272705,1.125112533569336,1.122107744216919,1.1237848997116089,0,-0.001203159527819667,0.07199885249141387,1.1042730659246445
2020-07-06,1.1248847246170044,1.1346874237060547,1.1248847246170044,1.1247202157974243,0,0.0008319448626654612,0.06423876442437275,1.1044253098964691
2020-07-07,1.131029725074768,1.1336582899093628,1.126037359237671,1.1312856674194336,0,0.005820437088329796,0.06751946682794693,1.1046319097280501
2020-07-08,1.1272813081741333,1.1345586776733398,1.1265194416046143,1.1275228261947632,0,-0.0033317075936469443,0.06837734068619354,1.1048020553588866
2020-07-09,1.1337867975234985,1.137268304824829,1.1287955045700073,1.1339154243469238,0,0.005653583667688177,0.07079875602535622,1.104989777803421
2020-07-10,1.1289230585098267,1.1324771642684937,1.1257203817367554,1.1287955045700073,0,-0.004525481756836082,0.07165633531375155,1.1051460641622544
2020-07-13,1.1308763027191162,1.1370484828948975,1.130454421043396,1.1310042142868042,0,0.0019547842241856806,0.06797653052290532,1.1053077870607375
2020-07-14,1.1345844268798828,1.140706181526184,1.1326310634613037,1.134549617767334,0,0.003129836355739189,0.06764873006745868,1.1054944700002671
2020-07-15,1.1410835981369019,1.1452995538711548,1.1393544673919678,1.1410704851150513,0,0.005731084189124986,0.06542702864684337,1.1057197695970535
2020-07-16,1.1417349576950073,1.1442996263504028,1.1379542350769043,1.1417193412780762,0,0.0005684764957306626,0.0607491340623254,1.1059344643354416
2020-07-17,1.1386499404907227,1.144164800643921,1.1378893852233887,1.139211654663086,0,-0.0021988281362380624,0.060847549067986555,1.1061250060796737
2020-07-20,1.1439553499221802,1.1467890739440918,1.1405240297317505,1.1442956924438477,0,0.004452839784056593,0.060853813754513694,1.1063314825296402
2020-07-21,1.1457641124725342,1.1498006582260132,1.1426221132278442,1.1458691358566284,0,0.001374087699634121,0.05912611835297324,1.1065463250875474
2020-07-22,1.1535090208053589,1.160092830657959,1.1508538722991943,1.15340256690979,0,0.006552908037431887,0.05537668964204747,1.1067959743738174
2020-07-23,1.156671166419983,1.1624257564544678,1.15421462059021,1.1568717956542969,0,0.003003306800597305,0.055424447069727344,1.1070428669452668
2020-07-24,1.1595009565353394,1.1640088558197021,1.1581714153289795,1.1596084833145142,0,0.002362799250454524,0.050213731515030134,1.1072773176431656
2020-07-27,1.1652567386627197,1.1779533624649048,1.1652567386627197,1.1652567386627197,0,0.004859005509410978,0.0493358389485809,1.1075257343053817
2020-07-28,1.1766505241394043,1.1775789260864258,1.1700997352600098,1.1769275665283203,0,0.009965846353996966,0.05651030458166003,1.107834495306015
2020-07-29,1.17205810546875,1.1778993606567383,1.1714951992034912,1.171879529953003,0,-0.0042983898977795604,0.0609039088414809,1.1081292486190797
2020-07-30,1.1786893606185913,1.1807351112365723,1.17326819896698,1.1782865524291992,0,0.0054524132545194165,0.061059070667454626,1.1084544885158538
2020-07-31,1.1873664855957031,1.1907994747161865,1.180261254310608,1.1872254610061646,0,0.007557730482728887,0.06362733895325942,1.1088386380672455
2020-08-03,1.1784114837646484,1.1787587404251099,1.1701380014419556,1.1782310009002686,0,-0.007604877620557198,0.07174224983045618,1.1091876620054244
2020-08-04,1.1760554313659668,1.1804981231689453,1.1724153757095337,1.1763322353363037,0,-0.0016128392275391056,0.07284380329039918,1.1095197486877442
2020-08-05,1.1814883947372437,1.190532922744751,1.1799967288970947,1.181544303894043,0,0.004420992329538805,0.07210966742162395,1.1098700618743897
2020-08-06,1.1873664855957031,1.1911852359771729,1.182075023651123,1.187281847000122,0,0.004844217313191569,0.0699217081396571,1.1102292263507842
2020-08-07,1.1875073909759521,1.1883541345596313,1.1756545305252075,1.1876484155654907,0,0.0003086983850073394,0.06929361923734048,1.1105889171361922
2020-08-10,1.1782448291778564,1.1801999807357788,1.174300193786621,1.1782727241516113,0,-0.007925657651976375,0.07427658754507027,1.1108969950675964
2020-08-11,1.1737639904022217,1.1804981231689453,1.1723191738128662,1.1737778186798096,0,-0.003822121048824024,0.07700840016382765,1.111201611161232
2020-08-12,1.1739845275878906,1.181265115737915,1.1713030338287354,1.1736538410186768,0,-0.00010562834554598832,0.07710286493571028,1.1115327817201615
2020-08-13,1.1796486377716064,1.186400055885315,1.179467797279358,1.179380178451538,0,0.004867204375342793,0.07657787561098345,1.1118944841623306
2020-08-14,1.1818934679031372,1.183800458908081,1.178467035293579,1.1816558837890625,0,0.0019277181561497953,0.07649804766455218,1.1122929149866103
2020-08-17,1.185044765472412,1.1880717277526855,1.183039903640747,1.1852554082870483,0,0.0030415396512393574,0.07533201135328459,1.1127079707384109
2020-08-18,1.187930703163147,1.1965157985687256,1.1875356435775757,1.1876484155654907,0,0.0020169448636142393,0.07475691806741998,1.1131284844875335
2020-08-19,1.1947288513183594,1.1954572200775146,1.1893434524536133,1.1947859525680542,0,0.005991819503850231,0.0761466939550189,1.1135962307453156
2020-08-20,1.184174656867981,1.1868449449539185,1.1806515455245972,1.1843500137329102,0,-0.008772937668035469,0.08279433277066883,1.114011372923851
2020-08-21,1.1870845556259155,1.1886366605758667,1.1754900217056274,1.1873664855957031,0,0.002543704941241629,0.08268769698378033,1.114437956213951
2020-08-24,1.1799131631851196,1.1852554082870483,1.1786198616027832,1.1798018217086792,0,-0.006391340754740066,0.08665420519018978,1.11480941593647
2020-08-25,1.1795234680175781,1.184413194656372,1.178480863571167,1.1794538497924805,0,-0.00029498449271552575,0.08545992499015787,1.1151705062389374
2020-08-26,1.1833338737487793,1.1839923858642578,1.1776067018508911,1.183501958847046,0,0.00342631292556195,0.07917880797508574,1.1155480152368547
2020-08-27,1.1840205192565918,1.1898529529571533,1.1766228675842285,1.1842728853225708,0,0.0006511822732343915,0.07742119844724568,1.1159299498796462
2020-08-28,1.1820470094680786,1.1920371055603027,1.1811953783035278,1.1819632053375244,0,-0.0019521980310365427,0.07568393619245958,1.1163068342208862
2020-08-31,1.1916537284851074,1.1963582038879395,1.188509464263916,1.1918240785598755,0,0.008308183307316214,0.07664814462456263,1.1167546731233597
2020-09-01,1.1939157247543335,1.2011290788650513,1.1937304735183716,1.193901538848877,0,0.0017415756438502092,0.07133492456764727,1.1172169661521911
2020-09-02,1.1923072338104248,1.1924351453781128,1.182410478591919,1.1923214197158813,0,-0.0013243685869994246,0.07122760640102722,1.1176672917604447
2020-09-03,1.1845955848693848,1.184805989265442,1.1789672374725342,1.184735894203186,0,-0.006382304050645309,0.07379259081732893,1.1180885446071624
2020-09-04,1.184370994567871,1.186352252960205,1.178175449371338,1.1839784383773804,0,-0.0006395501907557035,0.07179506485469095,1.1185025560855866
2020-09-07,1.183656096458435,1.1848621368408203,1.1813768148422241,1.183445930480957,0,-0.0004498626544599933,0.07178439321106352,1.118910264968872
2020-09-08,1.181921362876892,1.1828720569610596,1.1767197847366333,1.1821727752685547,0,-0.0010763825397821381,0.06615967508257038,1.1192815762758255
2020-09-09,1.1769136190414429,1.183053970336914,1.175364375114441,1.177024483680725,0,-0.0043644504422306754,0.06659593383429731,1.1196240758895875
2020-09-10,1.1806375980377197,1.1914690732955933,1.1802891492843628,1.1806375980377197,0,0.0030650000384235014,0.06735505861121992,1.1199857467412948
2020-09-11,1.1826202869415283,1.1876484155654907,1.1825922727584839,1.1824384927749634,0,0.0015241955964890776,0.06545670802691558,1.1203452217578889
2020-09-14,1.184356927871704,1.188800573348999,1.1833059787750244,1.1842728853225708,0,0.0015501619098305707,0.06533852958425086,1.1207371419668197
2020-09-15,1.186690092086792,1.1900993585586548,1.1841466426849365,1.187000036239624,0,0.0023001587836135036,0.06496816805806842,1.1211396449804305
2020-09-16,1.1842728853225708,1.1883004903793335,1.1814604997634888,1.1844412088394165,0,-0.0021580365093011983,0.06500150497991836,1.1215154778957368
2020-09-17,1.1804285049438477,1.1830118894577026,1.1741636991500854,1.1803449392318726,0,-0.0034643925057169208,0.061965476152903674,1.1218492740392685
2020-09-18,1.1852554082870483,1.1871000528335571,1.1831238269805908,1.1848200559616089,0,0.003784194404350613,0.0560270622395057,1.1221803456544877
2020-09-21,1.1845533847808838,1.187300205230713,1.17326819896698,1.1845533847808838,0,-0.00022509848153577297,0.0552707995669005,1.122540882229805
2020-09-22,1.1761800050735474,1.1773016452789307,1.169344425201416,1.176800012588501,0,-0.006566912063439029,0.05552485272213747,1.1228563952445985
2020-09-23,1.1707545518875122,1.172000527381897,1.1664936542510986,1.1708368062973022,0,-0.005080188782394758,0.058126843761268525,1.1231348890066146
2020-09-24,1.1661943197250366,1.168100118637085,1.1629664897918701,1.1658544540405273,0,-0.0042644570910396855,0.05793778389904544,1.1234061974287033
2020-09-25,1.1673650741577148,1.168510913848877,1.1613458395004272,1.1673243045806885,0,0.001259955525634199,0.058156676549568985,1.1236798459291457
2020-09-28,1.1635076999664307,1.167965054512024,1.1616694927215576,1.1635348796844482,0,-0.0032515291017523847,0.05868478321169122,1.1239575999975204
2020-09-29,1.1677740812301636,1.1741636991500854,1.1666569709777832,1.167883276939392,0,0.003730263732286211,0.05148402404971602,1.1242500895261764
2020-09-30,1.1742740869522095,1.1756407022476196,1.1686065196990967,1.1742050647735596,0,0.005398432735944618,0.05532280814132833,1.1245760333538055
2020-10-01,1.1723741292953491,1.1767003536224365,1.1718108654022217,1.1726078987121582,0,-0.0013611364287141254,0.05532741137232797,1.124891345500946
2020-10-02,1.1744118928909302,1.1747002601623535,1.1697137355804443,1.1744946241378784,0,0.0016077063645410661,0.05198067493109616,1.1252132588624955
2020-10-05,1.172195553779602,1.1796625852584839,1.1719304323196411,1.1720443964004517,0,-0.002088376631710885,0.05230139257595915,1.1254823285341262
2020-10-06,1.178828239440918,1.1807351112365723,1.1767336130142212,1.1792453527450562,0,0.006125130992924238,0.05709287227566654,1.1257774066925048
2020-10-07,1.173736572265625,1.178139328956604,1.172540545463562,1.1737639904022217,0,-0.0046590314432261234,0.05912285912606865,1.126035813689232
2020-10-08,1.1765536069869995,1.1781338453292847,1.173529863357544,1.176747441291809,0,0.002538556036391257,0.05802793231066514,1.1263091379404069
2020-10-09,1.1767059564590454,1.1824523210525513,1.1758756637573242,1.1767003536224365,0,-4.001590303437655e-05,0.056940601297682455,1.1266069209575653
2020-10-12,1.1813349723815918,1.182732105255127,1.1788004636764526,1.181683897972107,0,0.004226242406377237,0.058689528940370855,1.1269343602657318
2020-10-13,1.1814186573028564,1.1814186573028564,1.1735711097717285,1.1816140413284302,0,-5.911793222122852e-05,0.05840753690012178,1.1272434329986571
2020-10-14,1.1743981838226318,1.177024483680725,1.1721680164337158,1.1742188930511475,0,-0.006278180816363138,0.06143389175888223,1.1275371581315994
2020-10-15,1.1747568845748901,1.1760554313659668,1.1690163612365723,1.1743981838226318,0,0.00015267773840031283,0.061176403327838115,1.127852543592453
2020-10-16,1.1705764532089233,1.1746740341186523,1.169494867324829,1.1707134246826172,0,-0.0031425047396492416,0.06098346622648739,1.128150554895401
2020-10-19,1.1715638637542725,1.1795234680175781,1.1704941987991333,1.1715501546859741,0,0.0007144627498970919,0.0592380413898376,1.1284499710798264
2020-10-20,1.1768028736114502,1.1839923858642578,1.1762629747390747,1.176885962486267,0,0.004544144882610952,0.061802104882407526,1.1287665343284607
2020-10-21,1.1829279661178589,1.1882128715515137,1.1829279661178589,1.1829839944839478,0,0.005168120008133394,0.06017884396180145,1.1291160047054292
2020-10-22,1.1851290464401245,1.1869436502456665,1.1813349723815918,1.1853959560394287,0,0.002036803587023197,0.057213879138278724,1.1294659823179245
2020-10-23,1.181404709815979,1.1859582662582397,1.1788004636764526,1.1815024614334106,0,-0.0032899579374845926,0.05626409385640073,1.1298037052154541
2020-10-26,1.1848341226577759,1.1851009130477905,1.1804006099700928,1.1848480701446533,0,0.002827654564092691,0.05674358423996817,1.1301806491613389
2020-10-27,1.1809443235397339,1.183800458908081,1.179940938949585,1.1809443235397339,0,-0.0033001629038455164,0.056786594459275155,1.1305369049310685
2020-10-28,1.17816162109375,1.178828239440918,1.1719304323196411,1.1784114837646484,0,-0.0021470612785486148,0.05649331463455774,1.1308861553668976
2020-10-29,1.1747430562973022,1.1759172677993774,1.165623426437378,1.1748672723770142,0,-0.003012149800032766,0.054651123172041786,1.1312122720479965
2020-10-30,1.1676785945892334,1.1703435182571411,1.1643069982528687,1.1678695678710938,0,-0.005973974709475419,0.058338912960252995,1.1315240097045898
2020-11-02,1.164252758026123,1.1656994819641113,1.162439227104187,1.1642121076583862,0,-0.0031366510442316082,0.058807057089963415,1.1318323910236359
2020-11-03,1.1642799377441406,1.1741995811462402,1.163805603981018,1.1642799377441406,0,5.826095554634443e-05,0.058508518851893655,1.1321439057588578
2020-11-04,1.1764568090438843,1.176885962486267,1.1607661247253418,1.176221489906311,0,0.010204356761020732,0.06546072158682087,1.1325137317180634
2020-11-05,1.1729930639266968,1.1856770515441895,1.1712756156921387,1.17326819896698,0,-0.002513986342437094,0.06399285170868167,1.1328716450929641
2020-11-06,1.1814186573028564,1.1890605688095093,1.1796208620071411,1.1817537546157837,0,0.007206380695062468,0.06824604661614211,1.1332658499479293
2020-11-09,1.1893151998519897,1.1919234991073608,1.179746150970459,1.1893010139465332,0,0.006366183456068054,0.0714905570316693,1.1336674576997756
2020-11-10,1.1823265552520752,1.184356927871704,1.178078293800354,1.182732105255127,0,-0.0055386456714018525,0.07307514060475943,1.1340496551990509
2020-11-11,1.1819632053375244,1.1832919120788574,1.1747292280197144,1.1818794012069702,0,-0.000721221293889815,0.073122688641911,1.1344354110956192
2020-11-12,1.1778701543807983,1.182300090789795,1.1759587526321411,1.1780297756195068,0,-0.0032625230156320003,0.07055591832033316,1.1348244047164917
2020-11-13,1.1805260181427002,1.1833899021148682,1.1799688339233398,1.1803393363952637,0,0.0019586090254565085,0.07083220057150122,1.1352346134185791
2020-11-16,1.1844271421432495,1.186873197555542,1.1814744472503662,1.1845253705978394,0,0.00354019285936168,0.0705933815858024,1.135682587623596
2020-11-17,1.1859723329544067,1.1892727613449097,1.1845533847808838,1.1859441995620728,0,0.0011970869835477517,0.07062660463695243,1.1361555802822112
2020-11-18,1.186436653137207,1.1891002655029297,1.1851149797439575,1.186366319656372,0,0.0003558725515353005,0.06914030197114064,1.1366277045011521
2020-11-19,1.1842869520187378,1.1855363845825195,1.1817398071289062,1.1847639083862305,0,-0.0013516014389545322,0.06711279158517855,1.13711354970932
2020-11-20,1.1867464780807495,1.1890889406204224,1.185185194015503,1.1866477727890015,0,0.0015888129539179579,0.06696528332703676,1.1376237952709198
2020-11-23,1.1865352392196655,1.1905895471572876,1.1803170442581177,1.1866477727890015,0,0.0,0.06585823973463344,1.1381361573934554
2020-11-24,1.1841803789138794,1.1893858909606934,1.1838942766189575,1.1842728853225708,0,-0.0020033468877048368,0.06556157282693637,1.1386374676227569
2020-11-25,1.1900511980056763,1.1928049325942993,1.1882835626602173,1.1900511980056763,0,0.004867342357784169,0.06651566227413659,1.1391900211572648
2020-11-26,1.1917530298233032,1.1940997838974,1.1886931657791138,1.1920002698898315,0,0.0016364653286423468,0.06600397832768254,1.1397449731826783
2020-11-27,1.1911852359771729,1.1961865425109863,1.1910717487335205,1.191599726676941,0,-0.00033608257865220067,0.06482678717681492,1.1403089725971223
2020-11-30,1.197074294090271,1.2002063989639282,1.1944148540496826,1.1971460580825806,0,0.004643726768977662,0.061455070648512466,1.140875177383423
2020-12-01,1.1937732696533203,1.2053565979003906,1.1935994625091553,1.193816065788269,0,-0.0027854849009629613,0.061155658421469715,1.1414196580648421
2020-12-02,1.2069860696792603,1.210741639137268,1.2040793895721436,1.2074378728866577,0,0.011345699845260208,0.0703231350113317,1.1420158493518828
2020-12-03,1.2113430500030518,1.2175003290176392,1.2102434635162354,1.2114603519439697,0,0.0033258801250090177,0.06359826878303063,1.142630203962326
2020-12-04,1.2145354747772217,1.2177746295928955,1.2133712768554688,1.2145650386810303,0,0.002559485522245068,0.06206839385084644,1.1432044148445129
2020-12-07,1.2120624780654907,1.2163525819778442,1.2080796957015991,1.212135910987854,0,-0.0020020007037436782,0.05983327166785027,1.1437394386529922
2020-12-08,1.2109469175338745,1.213415503501892,1.2097164392471313,1.2113136053085327,0,-0.0006786241721560766,0.057096263556168106,1.1442239826917648
2020-12-09,1.2109909057617188,1.214900016784668,1.207394003868103,1.2110936641693115,0,-0.00018158890339934348,0.05233315425422796,1.1446891111135482
2020-12-10,1.2081671953201294,1.2158055305480957,1.2080358266830444,1.207875370979309,0,-0.002660881592207315,0.05361264375599434,1.1451589465141296
2020-12-11,1.214343786239624,1.2163970470428467,1.2107857465744019,1.2144293785095215,0,0.005411394685255497,0.05326879053164948,1.1456191688776016
2020-12-14,1.213356614112854,1.2174040079116821,1.2117539644241333,1.213340401649475,0,-0.0008971006575492733,0.05384011740903821,1.1459928607940675
2020-12-15,1.2148748636245728,1.2166485786437988,1.212694525718689,1.214889645576477,0,0.0012760274826384625,0.05322785754178371,1.1463683289289475
2020-12-16,1.215376853942871,1.2212995290756226,1.2146978378295898,1.2154301404953003,0,0.0004447932579340932,0.0532930734084364,1.1467872267961503
2020-12-17,1.219705581665039,1.2263002395629883,1.2192445993423462,1.2199585437774658,0,0.003718838418115041,0.05391583015923855,1.1472562617063522
2020-12-18,1.2261964082717896,1.2268433570861816,1.2227181196212769,1.226271629333496,0,0.0051614926845374685,0.05455176216123389,1.1477951538562774
2020-12-21,1.221060872077942,1.223466157913208,1.2130769491195679,1.221612811088562,0,-0.0038064083361426973,0.05772453315971043,1.148325537443161
2020-12-22,1.2238404750823975,1.2259002923965454,1.216604232788086,1.2236906290054321,0,0.0016994360559735861,0.05751136874461104,1.1488623875379562
2020-12-23,1.2185908555984497,1.2219412326812744,1.2157758474349976,1.2186651229858398,0,-0.004115299835438355,0.059544987862931005,1.1494479525089263
2020-12-24,1.219393253326416,1.2217471599578857,1.2179378271102905,1.2191405296325684,0,0.0003900283455694203,0.05823053081223129,1.150062881708145
2020-12-25,1.2184720039367676,1.2212995290756226,1.2167004346847534,1.2184720039367676,0,-0.0005485085946641497,0.058491863402423065,1.150826569199562
2020-12-28,1.220703125,1.2252004146575928,1.218353271484375,1.2205095291137695,0,0.0016708003921992543,0.05830724813203698,1.151581923365593
2020-12-29,1.2220009565353394,1.2275993824005127,1.2220009565353394,1.2223445177078247,0,0.001502332029679512,0.056928982054042974,1.15231134057045
2020-12-30,1.2253249883651733,1.2308752536773682,1.2252049446105957,1.225295066833496,0,0.0024109354771881916,0.055410216368523134,1.1530364978313445
2020-12-31,1.229906439781189,1.230950951576233,1.222299575805664,1.2299896478652954,0,0.003824067102786903,0.042820386301896114,1.1537416613101958
2021-01-01,1.217285394668579,1.2216993570327759,1.2134994268417358,1.218026876449585,0,-0.009773517884413802,0.05554920263907197,1.1543076664209366
2021-01-04,1.2249047756195068,1.23099946975708,1.2171372175216675,1.2250697612762451,0,0.005765555261008046,0.058267071766810015,1.1548634737730026
2021-01-05,1.225295066833496,1.2294830083847046,1.2249947786331177,1.2251598834991455,0,7.356226640494462e-05,0.05762451775707821,1.1554740399122239
2021-01-06,1.2298610210418701,1.2350252866744995,1.2266929149627686,1.230027437210083,0,0.003965123188171507,0.058654823648764495,1.1561108899116517
2021-01-07,1.2337758541107178,1.2345678806304932,1.2246646881103516,1.2341108322143555,0,0.0033142610483495433,0.05921763757129159,1.156804633140564
2021-01-08,1.2268733978271484,1.2282146215438843,1.2214934825897217,1.227144479751587,0,-0.005660827653219173,0.06231901378988298,1.157516655921936
2021-01-11,1.2187838554382324,1.2199585437774658,1.2134743928909302,1.2186205387115479,0,-0.0069703961647830355,0.06534565503442606,1.1582062810659408
2021-01-12,1.2161602973937988,1.217848777770996,1.2138868570327759,1.2160701751708984,0,-0.002095021317432315,0.06572144701586004,1.1588847303390504
2021-01-13,1.2209266424179077,1.2224938869476318,1.2155394554138184,1.2208894491195679,0,0.003955158044529991,0.06696541221502042,1.1595416051149368
2021-01-14,1.2161750793457031,1.217285394668579,1.2113136053085327,1.2162491083145142,0,-0.0038080283932926044,0.06840231496005517,1.1601910197734833
2021-01-15,1.2153000831604004,1.2162491083145142,1.208473801612854,1.2151259183883667,0,-0.0009239134183000088,0.06712821262887868,1.1608029448986052
2021-01-18,1.206723928451538,1.2086198329925537,1.205545425415039,1.2068113088607788,0,-0.006866108748783546,0.06797383526446257,1.1613706684112548
2021-01-19,1.2078461647033691,1.2144912481307983,1.2078461647033691,1.207729458808899,0,0.0007605172831768469,0.06723336197280842,1.161947818994522
2021-01-20,1.2139458656311035,1.2160005569458008,1.207773208618164,1.2138868570327759,0,0.005085373313111707,0.06963724676083186,1.1625245589017867
2021-01-21,1.211533784866333,1.2171964645385742,1.2109909057617188,1.2115631103515625,0,-0.0019161371485265039,0.06856051619796558,1.1631298238039016
2021-01-22,1.2166190147399902,1.2188003063201904,1.2151997089385986,1.2166293859481812,0,0.004172884115166977,0.07025650687766,1.16378373503685
2021-01-25,1.2168558835983276,1.218599796295166,1.2117246389389038,1.216944694519043,0,0.00025913209312755636,0.07024698522852478,1.164434975385666
2021-01-26,1.2143291234970093,1.2175003290176392,1.2108443975448608,1.214624047279358,0,-0.0019087660606736155,0.07023030834248443,1.1650756752490998
2021-01-27,1.2163230180740356,1.2171372175216675,1.2061998844146729,1.216299295425415,0,0.0013782815622589177,0.07019305456984191,1.165728937983513
2021-01-28,1.2104778289794922,1.214399814605713,1.2082401514053345,1.2105072736740112,0,-0.004773378169334243,0.07118432077083336,1.1663766533136368
2021-01-29,1.212135910987854,1.2157005071640015,1.2095993757247925,1.2120037078857422,0,0.0012354407583351585,0.06971688922405363,1.1670481604337692
2021-02-01,1.2122827768325806,1.2136069536209106,1.2069132328033447,1.2123857736587524,0,0.0003151851458534282,0.061444219017039545,1.1676982480287552
2021-02-02,1.2067675590515137,1.208795189857483,1.2018364667892456,1.2068694829940796,0,-0.00456032922487926,0.05913619720924082,1.1683201682567597
2021-02-03,1.203905463218689,1.204999327659607,1.200494647026062,1.203905463218689,0,-0.0024589779925830125,0.05936220818291043,1.1689214032888413
2021-02-04,1.2041809558868408,1.2043839693069458,1.1967161893844604,1.2042388916015625,0,0.000276917273947226,0.05693085145029963,1.169503972530365
2021-02-05,1.1967447996139526,1.2039779424667358,1.1953572034835815,1.1966731548309326,0,-0.006302406474781382,0.05747337884385717,1.1700146037340164
2021-02-08,1.2049354314804077,1.2068549394607544,1.2021398544311523,1.2048773765563965,0,0.006832463888964413,0.062095141338989836,1.1705591779947282
2021-02-09,1.2052549123764038,1.211475133895874,1.2050195932388306,1.2053595781326294,0,0.0004001279473606964,0.058094784457792537,1.1711338293552398
2021-02-10,1.2116951942443848,1.2143733501434326,1.2110203504562378,1.2119992971420288,0,0.005493380213142898,0.061359749518494724,1.1717745351791382
2021-02-11,1.2119449377059937,1.2150993347167969,1.2114311456680298,1.2121212482452393,0,0.0001006147186412552,0.059528284484941185,1.1724358648061752
2021-02-12,1.213003396987915,1.213592290878296,1.2083992958068848,1.2131506204605103,0,0.0008488716587742157,0.05828592589662801,1.1730830323696138
2021-02-15,1.212106466293335,1.214699387550354,1.2117393016815186,1.2122093439102173,0,-0.0007761953783182415,0.05826254290868763,1.1737243187427522
2021-02-16,1.2132388353347778,1.2171002626419067,1.2095847129821777,1.2132196426391602,0,0.0008330887385099504,0.052876243611722586,1.1743857127428055
2021-02-17,1.2088537216186523,1.2098335027694702,1.202558994293213,1.2092483043670654,0,-0.0032787569674480477,0.05422125012507209,1.1750085490942002
2021-02-18,1.2045869827270508,1.2089003324508667,1.2036300897598267,1.2048004865646362,0,-0.0036849485827756168,0.05246203026987637,1.1756207102537155
2021-02-19,1.2091752290725708,1.2147716283798218,1.208299994468689,1.209189772605896,0,0.003636543984999715,0.05389058883419646,1.176263181567192
2021-02-22,1.212444543838501,1.2155098915100098,1.2092190980911255,1.2126356363296509,0,0.0028456766837020647,0.05275078847104638,1.1769156897068023
2021-02-23,1.2166930437088013,1.2178784608840942,1.213680624961853,1.2166796922683716,0,0.003329382255763756,0.05411031464407514,1.1775415259599686
2021-02-24,1.2151997089385986,1.2174040079116821,1.2111302614212036,1.215214490890503,0,-0.001204987918721342,0.053853517578348546,1.1781537145376206
2021-02-25,1.2169506549835205,1.224155068397522,1.2156577110290527,1.2171372175216675,0,0.001580961359324078,0.053922311884638,1.17874791264534
2021-02-26,1.2160124778747559,1.2182493209838867,1.2091752290725708,1.2160420417785645,0,-0.0009002015062182222,0.051171591835909684,1.1793516713380814
2021-03-01,1.2090904712677002,1.2101556062698364,1.2029930353164673,1.208956003189087,0,-0.005844176882910137,0.055121035344754425,1.1799425506591796
2021-03-02,1.2049063444137573,1.2080358266830444,1.1994003057479858,1.2051095962524414,0,-0.0031866658408165566,0.05609892882903155,1.1805166000127791
2021-03-03,1.208503007888794,1.2110495567321777,1.2044709920883179,1.208546757698059,0,0.002848097048624638,0.05484381192120394,1.1810684484243392
2021-03-04,1.204833745956421,1.2064006328582764,1.2025011777877808,1.2050660848617554,0,-0.0028842034545033873,0.055109634363177694,1.181585351228714
2021-03-05,1.196859359741211,1.196859359741211,1.1897962093353271,1.1967735290527344,0,-0.00690519775863099,0.06011863876711172,1.1820296663045884
2021-03-08,1.1924636363983154,1.1932177543640137,1.1848341226577759,1.1925631761550903,0,-0.0035242896042219775,0.05732690982847656,1.1824332201480865
2021-03-09,1.18519926071167,1.191599726676941,1.1836141347885132,1.185171127319336,0,-0.006217744884170941,0.05503846101622027,1.1827961027622222
2021-03-10,1.189668893814087,1.1925063133239746,1.187000036239624,1.1897906064987183,0,0.0038901553143102156,0.05726822581101539,1.1831503373384475
2021-03-11,1.1927480697631836,1.1977769136428833,1.1917104721069336,1.1926058530807495,0,0.0023633748120306186,0.05399153602218839,1.1834953892230988
2021-03-12,1.198164463043213,1.1990407705307007,1.191057562828064,1.1986095905303955,0,0.005021504926535071,0.05756211485519871,1.1838195031881333
2021-03-15,1.1951143741607666,1.1965444087982178,1.1911852359771729,1.1950000524520874,0,-0.0030159811771838406,0.05794806465738157,1.1841347455978393
2021-03-16,1.192733883857727,1.1953001022338867,1.188438892364502,1.1925773620605469,0,-0.002029413754968581,0.05812630999290859,1.184444848895073
2021-03-17,1.1902097463607788,1.1917999982833862,1.1887637376785278,1.190164566040039,0,-0.0020252271693676203,0.05797151524974577,1.184729564189911
2021-03-18,1.198063850402832,1.1990997791290283,1.1910150051116943,1.1982792615890503,0,0.006794990677772875,0.06307180236591739,1.1850382381677627
2021-03-19,1.1917673349380493,1.1937447786331177,1.1874933242797852,1.1918240785598755,0,-0.005401606379240153,0.06445195052539442,1.1853533172607422
2021-03-22,1.188452959060669,1.1937447786331177,1.1876062154769897,1.1883116960525513,0,-0.0029514157086691552,0.06313107458900402,1.1856688702106475
2021-03-23,1.1933317184448242,1.1943150758743286,1.186436653137207,1.193303108215332,0,0.004191626170597192,0.06428002664719486,1.1859665155410766
2021-03-24,1.184118628501892,1.1851149797439575,1.1813349723815918,1.1840205192565918,0,-0.0078093163477120295,0.06686864122990643,1.1862537676095963
2021-03-25,1.1813768148422241,1.1830118894577026,1.1775233745574951,1.1813069581985474,0,-0.002294449520728023,0.06695646217196455,1.186538851261139
2021-03-26,1.1776067018508911,1.1804006099700928,1.1772600412368774,1.1776621341705322,0,-0.0030901862514860034,0.06633457706402789,1.18682166159153
2021-03-29,1.1787601709365845,1.179356575012207,1.1761800050735474,1.1788004636764526,0,0.0009661342348527806,0.06688480464145934,1.1871268862485886
2021-03-30,1.1769136190414429,1.1775789260864258,1.1713168621063232,1.177100658416748,0,-0.0014430194363622135,0.0649778332778948,1.1873725497722625
2021-03-31,1.172333002090454,1.1758618354797363,1.1704530715942383,1.1723604202270508,0,-0.004035176121666364,0.06535830513919125,1.1875781792402267
2021-04-01,1.1728966236114502,1.1775789260864258,1.1714814901351929,1.1728830337524414,0,0.00044567955889988594,0.0639461738697978,1.1878171581029893
2021-04-02,1.177773118019104,1.1787004470825195,1.1751433610916138,1.177994966506958,0,0.004348963077613154,0.06671738682522138,1.188096090555191
2021-04-05,1.1766366958618164,1.1816140413284302,1.1739431619644165,1.176816701889038,0,-0.0010007294698471864,0.06327008741596309,1.1883672416210174
2021-04-06,1.181907296180725,1.1855363845825195,1.1796486377716064,1.1818934679031372,0,0.00430470340840242,0.06481740703912835,1.188653107881546
2021-04-07,1.1875497102737427,1.1914690732955933,1.1865352392196655,1.1874228715896606,0,0.004667518332491089,0.06352145623683289,1.1889722448587419
2021-04-08,1.187197208404541,1.1914832592010498,1.1861833333969116,1.1873664855957031,0,-4.7487154005886665e-05,0.061999920147601785,1.1892833882570266
2021-04-09,1.1915684938430786,1.1923214197158813,1.186859130859375,1.1915684938430786,0,0.0035326838721787264,0.06271283665019006,1.189622306227684
2021-04-12,1.1896406412124634,1.1920371055603027,1.1873382329940796,1.1900511980056763,0,-0.001274171563053901,0.06004402671584668,1.1899489611387253
2021-04-13,1.191213607788086,1.1953144073486328,1.1884304285049438,1.1914690732955933,0,0.0011907313782124399,0.059448250190568805,1.1902498781681061
2021-04-14,1.1957430839538574,1.198193073272705,1.1951857805252075,1.1954143047332764,0,0.00330576270865255,0.0601810725901972,1.1905893355607986
2021-04-15,1.1982362270355225,1.199313998222351,1.1957861185073853,1.1986095905303955,0,0.00266938663461784,0.06027649571917692,1.190912806391716
2021-04-16,1.197074294090271,1.199472188949585,1.1950900554656982,1.1971746683120728,0,-0.001197872792266197,0.05566916245440383,1.1912547022104263
2021-04-19,1.1968307495117188,1.2048193216323853,1.1943435668945312,1.1969454288482666,0,-0.0001915020593817065,0.052166674767841044,1.1915844082832336
2021-04-20,1.2043839693069458,1.2081671953201294,1.2028772830963135,1.204529047012329,0,0.006315822590865152,0.054909027814647286,1.1919343054294587
2021-04-21,1.2032536268234253,1.204529047012329,1.2000004053115845,1.2032392024993896,0,-0.0010714026456539285,0.05363837904571641,1.1922451490163803
2021-04-22,1.203818440437317,1.2070006132125854,1.2003936767578125,1.2037750482559204,0,0.0004452368864991329,0.04458853833028418,1.1925554275512695
2021-04-23,1.2017930746078491,1.2077994346618652,1.2013888359069824,1.2014753818511963,0,-0.0019122059613187559,0.04427414472672467,1.19286674618721
2021-04-26,1.208956003189087,1.2118273973464966,1.2063744068145752,1.2089852094650269,0,0.006231051392350071,0.045690240179580455,1.193190193772316
2021-04-27,1.2079205513000488,1.209189772605896,1.2057925462722778,1.2081671953201294,0,-0.0006768412074528475,0.04617080860180203,1.1935016840696335
2021-04-28,1.2088537216186523,1.2102141380310059,1.205763578414917,1.2090305089950562,0,0.0007143095577937462,0.04522654385018925,1.1937798237800599
2021-04-29,1.2135775089263916,1.215214490890503,1.2104192972183228,1.213592290878296,0,0.00376599054132821,0.04161625898978616,1.1940634262561798
2021-04-30,1.2124886512756348,1.2128562927246094,1.2024723291397095,1.2127091884613037,0,-0.0007279412418516312,0.04223672438365328,1.1943289297819137
2021-05-03,1.2026457786560059,1.2077994346618652,1.201489806175232,1.2027760744094849,0,-0.008224575158544535,0.0529802920344027,1.1945165264606477
2021-05-04,1.2059816122055054,1.2063002586364746,1.2000048160552979,1.2061271667480469,0,0.002782257454785237,0.05280847680265841,1.1946625244617461
2021-05-05,1.2016342878341675,1.2029350996017456,1.198724627494812,1.2015043497085571,0,-0.003840141391094418,0.05423750054692364,1.1948106485605239
2021-05-06,1.2009127140045166,1.2070006132125854,1.1994003057479858,1.2007973194122314,0,-0.000588627419968323,0.05252422056403404,1.1949232023954393
2021-05-07,1.2065927982330322,1.2165449857711792,1.205342173576355,1.2068549394607544,0,0.00503198317631046,0.054717973081694175,1.195021349787712
2021-05-10,1.2167521715164185,1.217730164527893,1.2137395143508911,1.2171076536178589,0,0.008459516107695119,0.060230349389087647,1.1952157330513
2021-05-11,1.214211106300354,1.2179675102233887,1.2125474214553833,1.2140932083129883,0,-0.0024798007411299186,0.060946945621720115,1.1954045379161835
2021-05-12,1.214550256729126,1.2150667905807495,1.2068113088607788,1.2144500017166138,0,0.00029383327808949253,0.06098194292845941,1.1955690664052963
2021-05-13,1.2076857089996338,1.2106537818908691,1.205312967300415,1.2078505754470825,0,-0.005448904780958964,0.06410865630811999,1.195671910047531
2021-05-14,1.2080212831497192,1.2147716283798218,1.2071462869644165,1.207729458808899,0,-0.00010027954906686701,0.06364007264130003,1.1957723152637483
2021-05-17,1.2147568464279175,1.2169995307922363,1.2127532958984375,1.2150373458862305,0,0.0060326971844055525,0.0662827222284917,1.1959561383724213
2021-05-18,1.215524673461914,1.2232415676116943,1.2154065370559692,1.2156872749328613,0,0.0005347615740200223,0.06620661869875788,1.1961656856536864
2021-05-19,1.2226433753967285,1.2247997522354126,1.2191851139068604,1.2223997116088867,0,0.00550632825897061,0.06540209420491101,1.1964094150066376
2021-05-20,1.217285394668579,1.2229005098342896,1.2170928716659546,1.217285394668579,0,-0.004192610282990834,0.06733325989040792,1.1965989410877227
2021-05-21,1.2227928638458252,1.2242000102996826,1.2173744440078735,1.222538709640503,0,0.00430631296814461,0.06857266067623642,1.19680335521698
2021-05-24,1.2181158065795898,1.2229423522949219,1.217581868171692,1.2183235883712769,0,-0.0034538002924195703,0.06952428700092698,1.196968696117401
2021-05-25,1.2214486598968506,1.2267003059387207,1.2212398052215576,1.2214635610580444,0,0.002573974062547223,0.06694016501904866,1.197137771844864
2021-05-26,1.2248897552490234,1.2265002727508545,1.2200031280517578,1.2249093055725098,0,0.002817025025208322,0.06726682880549689,1.1972883886098862
2021-05-27,1.2190364599227905,1.2216993570327759,1.2175670862197876,1.21925950050354,0,-0.004623097322663016,0.06970473958196273,1.1974629360437392
2021-05-28,1.2192742824554443,1.2201074361801147,1.2133419513702393,1.2193188667297363,0,4.868920925875243e-05,0.06862484420124929,1.1976226979494096
2021-05-31,1.2190067768096924,1.2233912944793701,1.2184126377105713,1.2190067768096924,0,-0.00025598707258409764,0.06856178542828217,1.1978187227249146
2021-06-01,1.223406195640564,1.2254151105880737,1.2214635610580444,1.223286509513855,0,0.003504687261543158,0.0620300259077496,1.1980378860235215
2021-06-02,1.2218068838119507,1.2229423522949219,1.2165746688842773,1.2217769622802734,0,-0.0012347715654755192,0.06197761469739604,1.1982292610406875
2021-06-03,1.2211503982543945,1.2215979099273682,1.2120903730392456,1.220986247062683,0,-0.0006473941004048983,0.06004322556882544,1.1984128278493882
2021-06-04,1.2130298614501953,1.2187690734863281,1.210551142692566,1.2133007049560547,0,-0.006314430298984803,0.06476153333082535,1.1985695153474807
2021-06-07,1.2165746688842773,1.220199704170227,1.2145060300827026,1.2168411016464233,0,0.0029137387666372154,0.06329000279409042,1.1986946004629135
2021-06-08,1.2189621925354004,1.219660997390747,1.2166634798049927,1.2193634510040283,0,0.002070721242316343,0.05653882687819644,1.1988219100236892
2021-06-09,1.2171818017959595,1.221899390220642,1.2171818017959595,1.217285394668579,0,-0.001705667883123736,0.056158114796637924,1.1989467298984529
2021-06-10,1.217730164527893,1.2192147970199585,1.2145354747772217,1.218200445175171,0,0.0007514316319798007,0.05619780295061767,1.1991140526533126
2021-06-11,1.2173150777816772,1.2195003032684326,1.2094998359680176,1.2172558307647705,0,-0.0007757186750589432,0.05254787700479356,1.1992804396152497
2021-06-14,1.2110790014266968,1.2131506204605103,1.2095261812210083,1.2110203504562378,0,-0.005135737081496744,0.05590298642784389,1.199418311715126
2021-06-15,1.212415099143982,1.2149192094802856,1.2102874517440796,1.212224006652832,0,0.0009934254397854871,0.051771035042511786,1.1995685678720474
2021-06-16,1.2125474214553833,1.2134994268417358,1.2110350131988525,1.2127091884613037,0,0.00040016097426804237,0.051751996834895335,1.1997469913959504
2021-06-17,1.199184536933899,1.2007685899734497,1.19070303440094,1.1995586156845093,0,-0.010903186645947914,0.059868707803616875,1.1998415964841842
2021-06-18,1.1913270950317383,1.1927480697631836,1.1851149797439575,1.1913414001464844,0,-0.0068737695746302375,0.062394815334752496,1.199886111021042
2021-06-21,1.186901330947876,1.1920514106750488,1.1848762035369873,1.1873664855957031,0,-0.003342081870940971,0.059727419340528456,1.1999015790224075
2021-06-22,1.1911568641662598,1.1917530298233032,1.1882412433624268,1.1912561655044556,0,0.0032705342094358175,0.06132097132675482,1.1999228596687317
2021-06-23,1.1937447786331177,1.1969999074935913,1.1915826797485352,1.1936734914779663,0,0.002027168217937988,0.06093963396119217,1.1999690210819245
2021-06-24,1.1931607723236084,1.1956716775894165,1.191994547843933,1.1933174133300781,0,-0.000298348979723606,0.059354112205445925,1.2000338834524156
2021-06-25,1.1927907466888428,1.1974470615386963,1.1927907466888428,1.1930327415466309,0,-0.00023858341510851012,0.05814010840726725,1.2000749468803407
2021-06-28,1.1942152976989746,1.1946003437042236,1.1904619932174683,1.1942152976989746,0,0.0009907275906234155,0.058452193951850466,1.2001232564449311
2021-06-29,1.1930327415466309,1.1930327415466309,1.1880435943603516,1.1928904056549072,0,-0.0011100406473405179,0.058391788158958756,1.200203708410263
2021-06-30,1.18999445438385,1.1910432577133179,1.1845815181732178,1.1901928186416626,0,-0.0022639479292535175,0.056120702086421406,1.2003004884719848
2021-07-01,1.1855363845825195,1.188399314880371,1.1838102340698242,1.1856770515441895,0,-0.0038013635275336794,0.056780064457202954,1.200399601459503
2021-07-02,1.184707760810852,1.1860989332199097,1.1819353103637695,1.1846235990524292,0,-0.0008888767430041129,0.05674437374792814,1.200486097931862
2021-07-05,1.1855926513671875,1.1882002353668213,1.1852006912231445,1.1856207847595215,0,0.0008414202119710983,0.05436314888336878,1.2005965274572372
2021-07-06,1.1861495971679688,1.1896264553070068,1.1814996004104614,1.186380386352539,0,0.0006404732242418524,0.052796710221987196,1.200689013004303
2021-07-07,1.1820330619812012,1.1841325759887695,1.1782448291778564,1.1824523210525513,0,-0.0033164595271548305,0.051872461024564394,1.200730249285698
2021-07-08,1.179356575012207,1.186633825302124,1.1784253120422363,1.17933988571167,0,-0.002635657052069856,0.05202692223566891,1.2007639092206954
2021-07-09,1.1846938133239746,1.1874650716781616,1.1825222969055176,1.184800386428833,0,0.004619447070696502,0.055736675263010224,1.2008154380321503
2021-07-12,1.1873664855957031,1.1882128715515137,1.183670163154602,1.187295913696289,0,0.0021040698794469346,0.0569725539973245,1.2008916956186295
2021-07-13,1.1864930391311646,1.1877895593643188,1.1793426275253296,1.186521053314209,0,-0.0006528392208572587,0.05514443868158419,1.2009280741214752
2021-07-14,1.1774401664733887,1.1828006505966187,1.1772600412368774,1.1775373220443726,0,-0.007600298375475396,0.05917121524283779,1.200946940779686
2021-07-15,1.1833338737487793,1.1851149797439575,1.1805957555770874,1.1833338737487793,0,0.004910529098378265,0.06283285455451455,1.2009798729419707
2021-07-16,1.1813069581985474,1.182300090789795,1.1793996095657349,1.1811814308166504,0,-0.0018206213531582575,0.05205393682213045,1.201002278327942
2021-07-19,1.1811535358428955,1.1823265552520752,1.176429033279419,1.1814005374908447,0,0.00018548069676449624,0.04707009163988552,1.2010008615255356
2021-07-20,1.1792453527450562,1.1804006099700928,1.175709843635559,1.1793843507766724,0,-0.0017080651561058448,0.04611340637597765,1.2009897130727767
2021-07-21,1.178550362586975,1.1802752017974854,1.175364375114441,1.1784114837646484,0,-0.0008252343591270102,0.04423838662191323,1.2010106760263444
2021-07-22,1.1795234680175781,1.1829839944839478,1.1766643524169922,1.179273009300232,0,0.0007308234638374334,0.04352141109750517,1.2010350501537324
2021-07-23,1.1773570775985718,1.178550362586975,1.1755993366241455,1.1772738695144653,0,-0.0016966692097776699,0.04367749572299891,1.2010678523778915
2021-07-26,1.1773016452789307,1.1817537546157837,1.1764568090438843,1.1773432493209839,0,5.893086054934966e-05,0.043724472957287104,1.2010968178510666
2021-07-27,1.1806375980377197,1.183712124824524,1.1771769523620605,1.1807769536972046,0,0.0029122406895440082,0.04510691753526097,1.2011162728071212
2021-07-28,1.1822398900985718,1.1830118894577026,1.1785781383514404,1.1823126077651978,0,0.0012997004508067118,0.04549321650428368,1.2011129158735274
2021-07-29,1.1846797466278076,1.189202070236206,1.184174656867981,1.1845955848693848,0,0.0019290801555133712,0.045675030533455376,1.2011089140176774
2021-07-30,1.189202070236206,1.1911001205444336,1.1855504512786865,1.1892997026443481,0,0.003963210978191812,0.045932461039445455,1.201147900223732
2021-08-02,1.1865352392196655,1.1898996829986572,1.1859582662582397,1.186704158782959,0,-0.0021847985485023355,0.04651576430757429,1.2011571806669235
2021-08-03,1.1874933242797852,1.1895995140075684,1.185564637184143,1.1874650716781616,0,0.0006409929936695579,0.0464797870949946,1.2011897844076156
2021-08-04,1.186915397644043,1.190199851989746,1.18343186378479,1.1869436502456665,0,-0.0004392010828315455,0.046464469415384645,1.2012324452400207
2021-08-05,1.1839923858642578,1.1859005689620972,1.1829839944839478,1.1837401390075684,0,-0.0027026069039768293,0.045954504166979555,1.2012768095731736
2021-08-06,1.1833199262619019,1.1835720539093018,1.1756407022476196,1.1835720539093018,0,-0.00014200501231056276,0.044917190849994695,1.2013553220033646
2021-08-09,1.1750881671905518,1.177163004875183,1.1741775274276733,1.1749500036239624,0,-0.00731143358773178,0.048868358640862794,1.2014090114831923
2021-08-10,1.1739004850387573,1.174399495124817,1.171069860458374,1.17384672164917,0,-0.000939444477304895,0.0480354659702023,1.2014568454027177
2021-08-11,1.1719757318496704,1.1746878623962402,1.1706448793411255,1.172333002090454,0,-0.001290369832655863,0.048104638312884695,1.2014374029636383
2021-08-12,1.1742050647735596,1.175100564956665,1.1725116968154907,1.1741899251937866,0,0.0015827021925636149,0.04122804917964294,1.2014420115947724
2021-08-13,1.1736124753952026,1.1803003549575806,1.1731030941009521,1.173626184463501,0,-0.00048022563504941196,0.03691854179900647,1.201401373744011
2021-08-16,1.179634690284729,1.18035888671875,1.1768028736114502,1.179467797279358,0,0.0049650586518873285,0.04088124310252677,1.201352207660675
2021-08-17,1.177994966506958,1.1784114837646484,1.1710561513900757,1.177994966506958,0,-0.0012495051770467507,0.04107041432618778,1.2013285219669343
2021-08-18,1.1709601879119873,1.1731003522872925,1.1696864366531372,1.1709738969802856,0,-0.00597801915977613,0.04554744541226665,1.2012739944458009
2021-08-19,1.1703845262527466,1.1706860065460205,1.1668747663497925,1.1703298091888428,0,-0.0005501958639484956,0.0455205440275195,1.2012354946136474
2021-08-20,1.1676785945892334,1.1690996885299683,1.1664936542510986,1.1676595211029053,0,-0.0022842612773609403,0.045834287178042915,1.2011720955371856
2021-08-23,1.1699738502502441,1.174329161643982,1.1695605516433716,1.1697548627853394,0,0.0017928718657227044,0.046250924629881375,1.2010982429981232
2021-08-24,1.1746740341186523,1.17648446559906,1.172814130783081,1.1744533777236938,0,0.004008621033643521,0.04860640174550107,1.2010407888889312
2021-08-25,1.1755025386810303,1.1760554313659668,1.1728553771972656,1.175309181213379,0,0.0007284170260269493,0.047466867680924875,1.2009855031967163
2021-08-26,1.177300214767456,1.1781338453292847,1.1747844219207764,1.1774401664733887,0,0.0018114856517436977,0.04770596737437163,1.200948884487152
2021-08-27,1.175295352935791,1.18035888671875,1.1735987663269043,1.1756407022476196,0,-0.0015294540875912131,0.04726657155486942,1.2008938491344452
2021-08-30,1.1799967288970947,1.1811953783035278,1.1784532070159912,1.1799006462097168,0,0.0036169593109244688,0.04688105597663933,1.2008601135015489
2021-08-31,1.179940938949585,1.1845533847808838,1.1796486377716064,1.1796904802322388,0,-0.00017813762365744638,0.046419598217265025,1.200837201476097
2021-09-01,1.1811953783035278,1.1860004663467407,1.1795096397399902,1.1810280084609985,0,0.0011331536380010299,0.04657398987818869,1.2007920855283738
2021-09-02,1.1842306852340698,1.1872254610061646,1.1834795475006104,1.1840906143188477,0,0.0025898130775567317,0.04759693586788787,1.2007525372505188
2021-09-03,1.1874228715896606,1.1907596588134766,1.186816930770874,1.1876484155654907,0,0.0030001647486994007,0.04778917578950654,1.2007327806949615
2021-09-06,1.1885942220687866,1.1886366605758667,1.1857051849365234,1.1885942220687866,0,0.0007960521693053499,0.04782569865518619,1.2006900215148926
2021-09-07,1.187394618988037,1.1887779235839844,1.1838297843933105,1.1875073909759521,0,-0.0009148019282187784,0.03958826678298679,1.200658478140831
2021-09-08,1.1845533847808838,1.185400128364563,1.1803170442581177,1.184356927871704,0,-0.002656530503864459,0.04080645472755274,1.2005430734157563
2021-09-09,1.1820330619812012,1.1841325759887695,1.1806097030639648,1.1819101572036743,0,-0.002068043422056589,0.041304120295272514,1.2003953224420547
2021-09-10,1.1823545694351196,1.185300350189209,1.1819353103637695,1.1825922727584839,0,0.0005769633095642835,0.04108375441355203,1.200235458612442
2021-09-13,1.1812511682510376,1.1817537546157837,1.1770604848861694,1.1811953783035278,0,-0.0011819121036024795,0.04133132936540413,1.2000807559490203
2021-09-14,1.1810698509216309,1.1846994161605835,1.1801999807357788,1.1811953783035278,0,0.0,0.03769850888724044,1.1999301648139953
2021-09-15,1.18035888671875,1.183300256729126,1.1800997257232666,1.1804981231689453,0,-0.0005904704860357741,0.037476400709209046,1.1997771871089935
2021-09-16,1.1819353103637695,1.1823126077651978,1.1751710176467896,1.1819995641708374,0,0.0012710625809980738,0.030406580505392904,1.199647808074951
2021-09-17,1.17648446559906,1.1789672374725342,1.1729655265808105,1.176747441291809,0,-0.004453323350837845,0.034718649101754644,1.1994593983888626
2021-09-20,1.1728830337524414,1.1737089157104492,1.1700559854507446,1.1729930639266968,0,-0.0031955703633193186,0.03569017758046754,1.1992576617002486
2021-09-21,1.1725666522979736,1.1748948097229004,1.1715912818908691,1.1730204820632935,0,2.3374235536573305e-05,0.0352291453220343,1.1990483158826828
2021-09-22,1.1726078987121582,1.1744533777236938,1.1717147827148438,1.17229163646698,0,-0.0006215340073654814,0.032343729559289804,1.1988326233625413
2021-09-23,1.1688934564590454,1.175100564956665,1.1684194803237915,1.168770432472229,0,-0.003008212978931102,0.03371668375223556,1.198576682806015
2021-09-24,1.1741775274276733,1.1748120784759521,1.1701655387878418,1.1740258932113647,0,0.004486492911866468,0.03691481850971917,1.1983154541254044
2021-09-27,1.1722092628479004,1.1728004217147827,1.1686612367630005,1.1723054647445679,0,-0.0014664840661052921,0.03688555051696246,1.1980689173936845
2021-09-28,1.1696043014526367,1.1705996990203857,1.1669973134994507,1.1696795225143433,0,-0.0022424937349731,0.0349069106934703,1.197798861861229
2021-09-29,1.168688416481018,1.1691995859146118,1.1610087156295776,1.1686338186264038,0,-0.0008944087511727837,0.034934024804266474,1.1975487053394318
2021-09-30,1.1602274179458618,1.161170482635498,1.1570056676864624,1.1601601839065552,0,-0.007277304997338633,0.0416414773881335,1.1972538036108018
2021-10-01,1.1574207544326782,1.1608995199203491,1.1563901901245117,1.1574475765228271,0,-0.0023408694678413076,0.03998098942581665,1.196948681473732
2021-10-04,1.160725712776184,1.1640088558197021,1.1588560342788696,1.160725712776184,0,0.0028282082737945743,0.03976352208711142,1.196649762392044
2021-10-05,1.1616560220718384,1.16225004196167,1.1583056449890137,1.1618449687957764,0,0.0009638080038769708,0.039867989565814936,1.1963472646474838
2021-10-06,1.1595144271850586,1.1599582433700562,1.1530168056488037,1.1596084833145142,0,-0.0019267982057976168,0.03996790782139645,1.196018831729889
2021-10-07,1.1555349826812744,1.157139539718628,1.1549345254898071,1.1555349826812744,0,-0.0035190085597075326,0.04049065058886459,1.1956465584039688
2021-10-08,1.1559224128723145,1.1583727598190308,1.1542545557022095,1.1559758186340332,0,0.0003814266910217661,0.04069710018767442,1.1953363031148911
2021-10-11,1.1565908193588257,1.1587486267089844,1.15529465675354,1.1566041707992554,0,0.0005434209268923678,0.040680299016912405,1.194993975162506
2021-10-12,1.15529465675354,1.1570056676864624,1.1533892154693604,1.1553747653961182,0,-0.0010635092731745039,0.040677826945638304,1.194645049571991
2021-10-13,1.1530966758728027,1.1579005718231201,1.1530567407608032,1.15340256690979,0,-0.0017084358360839192,0.04055118276302725,1.1942619252204896
2021-10-14,1.1599582433700562,1.162500023841858,1.1584665775299072,1.1599582433700562,0,0.005667679663200196,0.04690483950516748,1.193891162276268
2021-10-15,1.1590708494186401,1.1619800329208374,1.1588828563690186,1.159151554107666,0,-0.0006956887472967136,0.04628238421273208,1.1935511976480484
2021-10-18,1.159595012664795,1.1612108945846558,1.1573002338409424,1.1597026586532593,0,0.0004753248849683281,0.04467539257466117,1.193256608247757
2021-10-19,1.1614537239074707,1.1670000553131104,1.1614537239074707,1.161386251449585,0,0.0014506924609902151,0.04429602506171263,1.1929831886291504
2021-10-20,1.1633858680725098,1.1654006242752075,1.1618045568466187,1.1631964445114136,0,0.0015574351739559725,0.0448284261754252,1.1926947236061096
2021-10-21,1.165243148803711,1.1669973134994507,1.1633182764053345,1.1655012369155884,0,0.0019794696195469387,0.04556623687691153,1.192440984249115
2021-10-22,1.1625880002975464,1.1654061079025269,1.1622366905212402,1.1625338792800903,0,-0.0025492392462915913,0.0452461708239589,1.1921780240535735
2021-10-25,1.1641308069229126,1.1668611764907837,1.159326195716858,1.1640088558197021,0,0.0012679558513762864,0.0422726041822414,1.1919640117883683
2021-10-26,1.161170482635498,1.1629002094268799,1.1585874557495117,1.161170482635498,0,-0.002441424235212492,0.0427128032722165,1.1917312169075012
2021-10-27,1.1598236560821533,1.162439227104187,1.1585336923599243,1.1598236560821533,0,-0.0011605601944853995,0.042304614480272805,1.1914609009027481
2021-10-28,1.1598910093307495,1.1693171262741089,1.158319115638733,1.1600120067596436,0,0.00016238277643621524,0.042308318792219544,1.1912031453847884
2021-10-29,1.1683744192123413,1.1691803932189941,1.1546677350997925,1.1683608293533325,0,0.00717141021851913,0.042117074311506165,1.1909618026018143
2021-11-01,1.1559356451034546,1.159326195716858,1.1546677350997925,1.1556684970855713,0,-0.010922804040502254,0.05688961946535848,1.190655421614647
2021-11-02,1.1601735353469849,1.1614995002746582,1.1579166650772095,1.1599582433700562,0,0.003705045477995642,0.05753056938734456,1.1903820925951003
2021-11-03,1.158077597618103,1.159900426864624,1.1563634872436523,1.1579434871673584,0,-0.0017384315163677048,0.05770281568438187,1.1900903135538101
2021-11-04,1.1615750789642334,1.1617100238800049,1.152923822402954,1.1615750789642334,0,0.0031313349393210293,0.05840760914752552,1.1898456525802612
2021-11-05,1.1556684970855713,1.1564704179763794,1.151410460472107,1.1555349826812744,0,-0.005213485594809396,0.05999678236300573,1.1895633089542388
2021-11-08,1.1568450927734375,1.1595547199249268,1.1551746129989624,1.1568851470947266,0,0.0011677502279925879,0.060121474158139586,1.1892858058214189
2021-11-09,1.1588693857192993,1.1609008312225342,1.157019019126892,1.159151554107666,0,0.0019571431965666247,0.06046983394230349,1.1890472161769867
2021-11-10,1.159366488456726,1.1598236560821533,1.1513441801071167,1.1595547199249268,0,0.00034775066237484683,0.06032373073808083,1.188825462460518
2021-11-11,1.1485671997070312,1.1491611003875732,1.1454885005950928,1.148593544960022,0,-0.009497879778277242,0.06881983356600573,1.1885472357273101
2021-11-12,1.1447803974151611,1.1459873914718628,1.1434059143066406,1.145081877708435,0,-0.003062046147157758,0.06603082878304217,1.1882892793416977
2021-11-15,1.1442302465438843,1.1464208364486694,1.1416958570480347,1.144164800643921,0,-0.0008012042758382873,0.06603347186332457,1.1879857164621352
2021-11-16,1.1367381811141968,1.1387006044387817,1.1330673694610596,1.1366478204727173,0,-0.006591516828806556,0.06902679395508443,1.1876421576738359
2021-11-17,1.1316184997558594,1.1334000825881958,1.127052664756775,1.1321182250976562,0,-0.003993008800771305,0.06921072299245039,1.187242752313614
2021-11-18,1.1318106651306152,1.1359764337539673,1.1315033435821533,1.1321182250976562,0,0.0,0.06863238284117738,1.186842737197876
2021-11-19,1.1370097398757935,1.1370097398757935,1.1252391338348389,1.1368415355682373,0,0.0041634209432113425,0.07033885257014805,1.1864611917734147
2021-11-22,1.1275737285614014,1.1290504932403564,1.123822808265686,1.1275737285614014,0,-0.008185652960956939,0.07431334662132318,1.1860380136966706
2021-11-23,1.1243535280227661,1.1273448467254639,1.12271249294281,1.12421452999115,0,-0.0029835852011364673,0.07380890489841162,1.1855929881334304
2021-11-24,1.1243914365768433,1.1254544258117676,1.1187809705734253,1.1244926452636719,0,0.00024735570464710834,0.07403594334731965,1.1851692098379134
2021-11-25,1.1206992864608765,1.1230907440185547,1.1203980445861816,1.1202975511550903,0,-0.0037376312485883747,0.0744118778614141,1.1847466951608658
2021-11-26,1.1209003925323486,1.1322002410888672,1.1207997798919678,1.1209630966186523,0,0.0005939027964335268,0.0745592565083896,1.1843055617809295
2021-11-29,1.1291142702102661,1.12980055809021,1.125885248184204,1.1293182373046875,0,0.007425897335294688,0.07494202897735795,1.1838889747858048
2021-11-30,1.1293565034866333,1.1381744146347046,1.1246063709259033,1.1293437480926514,0,2.2589292359688217e-05,0.06698930185082298,1.1834522950649262
2021-12-01,1.1330032348632812,1.1358473300933838,1.1304160356521606,1.1330289840698242,0,0.00325785330087555,0.06660216285964898,1.1830413675308227
2021-12-02,1.1319644451141357,1.1348161697387695,1.1301862001419067,1.1319515705108643,0,-0.0009513667903637022,0.06656565855415822,1.1826154392957688
2021-12-03,1.130684494972229,1.1331830024719238,1.1267352104187012,1.1306205987930298,0,-0.0011765121921122,0.06477953950298238,1.182188332080841
2021-12-06,1.1302627325057983,1.1310003995895386,1.1269001960754395,1.1304799318313599,0,-0.00012442344773816848,0.06327336951677744,1.1817959517240524
2021-12-07,1.1284515857696533,1.1299434900283813,1.1231285333633423,1.128668189048767,0,-0.0016039171174724173,0.06277923586719533,1.181413744688034
2021-12-08,1.1273066997528076,1.1339025497436523,1.12696373462677,1.1276500225067139,0,-0.0009025026753298797,0.06175427342916834,1.1810092610120773
2021-12-09,1.1344043016433716,1.1345586776733398,1.1279425621032715,1.1345586776733398,0,0.00610790387659828,0.06672831860536896,1.1806567239761352
2021-12-10,1.129407525062561,1.1322592496871948,1.1267352104187012,1.1293309926986694,0,-0.0046183295368528,0.06081191580787408,1.180319511294365
2021-12-13,1.1311193704605103,1.1316057443618774,1.126354455947876,1.131183385848999,0,0.0016389133221552789,0.060794260252315255,1.1800126123428345
2021-12-14,1.1283371448516846,1.13275945186615,1.1266590356826782,1.1285407543182373,0,-0.0023388985305647886,0.06109688257523844,1.179729460477829
2021-12-15,1.1258726119995117,1.1278001070022583,1.1249226331710815,1.1261261701583862,0,-0.0021418552396564616,0.057486722185807616,1.1794111382961274
2021-12-16,1.1293054819107056,1.1363636255264282,1.1282098293304443,1.1290758848190308,0,0.0026159220068292816,0.05689988932088107,1.1790934884548188
2021-12-17,1.1335426568984985,1.13490629196167,1.1268366575241089,1.1334141492843628,0,0.0038349515063402,0.058535998171288094,1.1787675112485885
2021-12-20,1.1242523193359375,1.130454421043396,1.1237343549728394,1.1243535280227661,0,-0.008026219874793841,0.0628277835530315,1.178414278626442
2021-12-21,1.1276754140853882,1.1303266286849976,1.1261768341064453,1.1277517080307007,0,0.0030177831235175586,0.05736728292413386,1.1780901503562928
2021-12-22,1.1290504932403564,1.134199619293213,1.1265320777893066,1.128757357597351,0,0.0008913322339793929,0.056383598579154225,1.1777831143140793
2021-12-23,1.1330161094665527,1.1345586776733398,1.1291524171829224,1.1328877210617065,0,0.0036525342506323407,0.057645469246911406,1.1774561566114425
2021-12-24,1.1324644088745117,1.134429931640625,1.1308379173278809,1.132733702659607,0,-0.00013596128702198155,0.055743004026002074,1.1771607047319412
2021-12-27,1.132387399673462,1.1335002183914185,1.1304160356521606,1.1324259042739868,0,-0.0002717675050997526,0.0558102783939894,1.1768812757730485
2021-12-28,1.1329776048660278,1.1336004734039307,1.1290377378463745,1.1330032348632812,0,0.0005096876276717915,0.049789399160839715,1.1765797764062882
2021-12-29,1.1313369274139404,1.137000560760498,1.1275355815887451,1.1314777135849,0,-0.0013473476208362394,0.05006076903904473,1.1763170623779298
2021-12-30,1.1359764337539673,1.1359764337539673,1.1300712823867798,1.1360150575637817,0,0.0040020855569774935,0.05071628090352787,1.1760906028747558
2021-12-31,1.1323232650756836,1.1379153728485107,1.1305055618286133,1.132502794265747,0,-0.003096529393978275,0.05182244890301735,1.175864806175232
2022-01-03,1.1373846530914307,1.1375917196273804,1.1285407543182373,1.1373459100723267,0,0.004267353279425453,0.05363407078684526,1.1756575334072112
2022-01-04,1.1301988363265991,1.1323001384735107,1.1273448467254639,1.1302244663238525,0,-0.006281143232397632,0.058263167130131646,1.1754231524467469
2022-01-05,1.1285407543182373,1.1345586776733398,1.1277644634246826,1.1283625364303589,0,-0.0016487567784744634,0.05827882095319106,1.1752031630277633
2022-01-06,1.1312217712402344,1.1330673694610596,1.1285535097122192,1.1313496828079224,0,0.0026438305657729066,0.05888834211178774,1.1749954962730407
2022-01-07,1.129586100578308,1.1359764337539673,1.1290504932403564,1.1296881437301636,0,-0.0014697139139755349,0.054957475493452534,1.1747539621591567
2022-01-10,1.135344386100769,1.1359764337539673,1.1288337707519531,1.1353960037231445,0,0.005039876404767347,0.05536710250143907,1.1745468586683274
2022-01-11,1.1332728862762451,1.136899709701538,1.1315544843673706,1.1330417394638062,0,-0.0020756708987675625,0.05569159516358256,1.1743026000261307
2022-01-12,1.1370097398757935,1.1433000564575195,1.1355764865875244,1.1366478204727173,0,0.003177601119399733,0.05595288029135782,1.174048724770546
2022-01-13,1.1439814567565918,1.1479079723358154,1.1436413526535034,1.144164800643921,0,0.006591516828806482,0.05915732063846667,1.1738327163457871
2022-01-14,1.14565908908844,1.148369312286377,1.1410053968429565,1.1457115411758423,0,0.0013509382484209274,0.05881772081432391,1.1736034315824508
2022-01-17,1.1412137746810913,1.143458366394043,1.1393154859542847,1.1410704851150513,0,-0.004059033506041168,0.05985796465955268,1.1733585280179977
2022-01-18,1.141291856765747,1.1423349380493164,1.1329647302627563,1.1410574913024902,0,-1.1387453022310162e-05,0.05165258591144716,1.1731064701080323
2022-01-19,1.1330032348632812,1.1356796026229858,1.1319515705108643,1.1329647302627563,0,-0.0071176043295396296,0.057526410509730584,1.1727942222356795
2022-01-20,1.134352684020996,1.136893391609192,1.1330161094665527,1.1343399286270142,0,0.0012130690311104274,0.05758451386293186,1.1724728739261627
2022-01-21,1.1315417289733887,1.1361054182052612,1.1302244663238525,1.1313753128051758,0,-0.0026169374328443096,0.05698861510143326,1.1721438771486283
2022-01-24,1.1340954303741455,1.1340954303741455,1.1291396617889404,1.1341469287872314,0,0.002446780096805452,0.05764581650748055,1.171829884648323
2022-01-25,1.132387399673462,1.132502794265747,1.1266844272613525,1.1324130296707153,0,-0.0015299833108573517,0.05790109627922656,1.171469304561615
2022-01-26,1.130352258682251,1.1313496828079224,1.1272051334381104,1.130454421043396,0,-0.0017310860305212211,0.05817197258546897,1.171105380654335
2022-01-27,1.1242270469665527,1.12447988986969,1.1133501529693604,1.1243535280227661,0,-0.0054114656739098176,0.06090311275187823,1.1707082730531693
2022-01-28,1.1146159172058105,1.1170064210891724,1.1123347282409668,1.1147029399871826,0,-0.008620280849588057,0.06521050100906851,1.1702744108438492
2022-01-31,1.115138053894043,1.121692419052124,1.114504098892212,1.1152374744415283,0,0.00047941591723723085,0.06486976303664274,1.1698056721687318
2022-02-01,1.12291419506073,1.1279042959213257,1.1222084760665894,1.12296462059021,0,0.006904807091364752,0.06799857949481879,1.169379659295082
2022-02-02,1.1273066997528076,1.132939100265503,1.126697063446045,1.1273956298828125,0,0.003938049490606719,0.0664492024739746,1.168971484899521
2022-02-03,1.1299946308135986,1.1450687646865845,1.1272051334381104,1.1299946308135986,0,0.0023026608419609075,0.06671257486284819,1.1685534965991975
2022-02-04,1.1435105800628662,1.148369312286377,1.1413440704345703,1.14357590675354,0,0.011947232126998369,0.07805706505706576,1.1682078301906587
2022-02-07,1.1454622745513916,1.1460003852844238,1.1416698694229126,1.145514726638794,0,0.0016939655604672347,0.07781408893504405,1.1679215234518052
2022-02-08,1.144086241722107,1.145081877708435,1.1397050619125366,1.1442956924438477,0,-0.001064746932719005,0.07634676797406913,1.1676123660802842
2022-02-09,1.1421130895614624,1.1447004079818726,1.1403288841247559,1.142126202583313,0,-0.0018977167042882913,0.07627734548050515,1.167315475344658
2022-02-10,1.142126202583313,1.1494252681732178,1.1380836963653564,1.142152190208435,0,2.2753465781710023e-05,0.07559944972968559,1.1670222496986389
2022-02-11,1.1411746740341187,1.1419005393981934,1.1371259689331055,1.1415525674819946,0,-0.0005251315768386432,0.07198731552171304,1.166695737838745
2022-02-14,1.1365832090377808,1.136893391609192,1.1292799711227417,1.1365057229995728,0,-0.004430837226841851,0.07328457903398389,1.1662927281856537
2022-02-15,1.1306078433990479,1.1368803977966309,1.1305822134017944,1.1306334733963013,0,-0.005180328358145332,0.0740915415814688,1.1658754295110703
2022-02-16,1.135563611984253,1.1393154859542847,1.1345458030700684,1.1356796026229858,0,0.0044531689986751725,0.07600454651164648,1.1654815775156022
2022-02-17,1.1373329162597656,1.1386927366256714,1.13275945186615,1.1375269889831543,0,0.0016253575664351733,0.07193996576839468,1.1651299595832825
2022-02-18,1.1363893747329712,1.137669324874878,1.131580114364624,1.1366478204727173,0,-0.000773175879513556,0.0719135673047296,1.1647745513916015
2022-02-21,1.131733775138855,1.1385631561279297,1.1314136981964111,1.131721019744873,0,-0.0043439218417605854,0.07297569538801787,1.1643579697608948
2022-02-22,1.1309658288955688,1.1363766193389893,1.1289101839065552,1.1309658288955688,0,-0.0006675169193645805,0.0724634806873682,1.1639343625307084
2022-02-23,1.1330546140670776,1.1359764337539673,1.1307356357574463,1.13291335105896,0,0.0017205181805229717,0.07254912899183497,1.1634869307279587
2022-02-24,1.1305949687957764,1.1305949687957764,1.1110494136810303,1.1305694580078125,0,-0.002071050753779992,0.0726620508891642,1.1630533510446548
2022-02-25,1.1190814971923828,1.1266082525253296,1.1168068647384644,1.11906898021698,0,-0.010224378977160433,0.07883313268361163,1.1625360023975373
2022-02-28,1.118105411529541,1.1244546175003052,1.1143178939819336,1.118105411529541,0,-0.0008614158561598332,0.0727699107725912,1.1620349115133286
2022-03-01,1.1214659214019775,1.1232168674468994,1.1102105379104614,1.1215918064117432,0,0.003113275910922149,0.0734907766618603,1.161535552740097
2022-03-02,1.1131023168563843,1.1141936779022217,1.1058521270751953,1.1132758855819702,0,-0.0074420147912893815,0.07397514058189576,1.1609773856401444
2022-03-03,1.1113580465316772,1.111605167388916,1.1039842367172241,1.1112345457077026,0,-0.0018353165879163118,0.07238319613548717,1.160437260866165
2022-03-04,1.1069294214248657,1.1069294214248657,1.0890042781829834,1.1066844463348389,0,-0.004103040528148159,0.0724502025214388,1.1598740887641907
2022-03-07,1.087393879890442,1.0930753946304321,1.0808590650558472,1.087453007698059,0,-0.017530288361510188,0.07787163334951538,1.1592163199186325
2022-03-08,1.08695650100708,1.0922157764434814,1.0851165056228638,1.0865312814712524,0,-0.0008479603892523628,0.07667803528053498,1.1585325437784195
2022-03-09,1.0900845527648926,1.1091147661209106,1.0897876024246216,1.0898232460021973,0,0.0030252121150615412,0.07893013879321344,1.157872775197029
2022-03-10,1.1073338985443115,1.1116174459457397,1.0982131958007812,1.107382893562317,0,0.015983954438480188,0.10128405545488235,1.1573047584295273
2022-03-11,1.1012123823165894,1.104191541671753,1.0934697389602661,1.1013944149017334,0,-0.005422450974016716,0.10202589813630146,1.1567452269792557
2022-03-14,1.0932546854019165,1.0986958742141724,1.0902509689331055,1.093206763267517,0,-0.007461665202687137,0.10380749964716272,1.156127055287361
2022-03-15,1.094534993171692,1.1018311977386475,1.093948245048523,1.0943193435668945,0,0.0010172042215486929,0.10395560491070159,1.1555018347501755
2022-03-16,1.0967316627502441,1.1038745641708374,1.0955781936645508,1.0969363451004028,0,0.002388587321219563,0.10416194918290105,1.1549000895023347
2022-03-17,1.102244257926941,1.1110494136810303,1.1021226644515991,1.1021955013275146,0,0.004782947654196474,0.10440305609643914,1.1543200647830962
2022-03-18,1.1098902225494385,1.1117905378341675,1.1005337238311768,1.1099518537521362,0,0.007012538465957428,0.10799249898451418,1.1537835448980331
2022-03-21,1.1042159795761108,1.1066721677780151,1.1026087999343872,1.1043134927749634,0,-0.00509277099290486,0.1088266813206406,1.1532500106096268
2022-03-22,1.1016370058059692,1.1045695543289185,1.0961546897888184,1.101722002029419,0,-0.002349456247391793,0.1083592392049613,1.1526975005865097
2022-03-23,1.1030100584030151,1.1042001247406006,1.096575379371643,1.1029735803604126,0,0.001135375310259787,0.1086670344564707,1.1521488225460053
2022-03-24,1.1006306409835815,1.101333737373352,1.0969964265823364,1.1006306409835815,0,-0.002126461945392862,0.10818329439199059,1.1516541826725006
2022-03-25,1.100897192955017,1.1038745641708374,1.0982975959777832,1.1009578704833984,0,0.0002972667240242951,0.10830276091893246,1.151202265024185
2022-03-28,1.098189115524292,1.0996744632720947,1.094534993171692,1.098189115524292,0,-0.0025180276167579654,0.10345050558002947,1.1507563781738281
2022-03-29,1.0993843078613281,1.1136353015899658,1.097044587135315,1.0993843078613281,0,0.001087738359192738,0.10367902172912606,1.1502970188856125
2022-03-30,1.1091516017913818,1.1170001029968262,1.108905553817749,1.1091516017913818,0,0.008845097393777042,0.10821004096010152,1.1498744094371796
2022-03-31,1.1161835193634033,1.1183055639266968,1.1074001789093018,1.1161835193634033,0,0.006319893943473477,0.10763547619388096,1.1494887399673461
2022-04-01,1.1072357892990112,1.1075423955917358,1.1029735803604126,1.1072357892990112,0,-0.00804866480475227,0.11115520416485886,1.1490597552061081
2022-04-04,1.1047282218933105,1.1057054996490479,1.0980926752090454,1.1047282218933105,0,-0.0022672778283932002,0.11051719094483961,1.1486123198270797
2022-04-05,1.0975863933563232,1.0991426706314087,1.092132329940796,1.0975863933563232,0,-0.00648577049140211,0.09392662969231484,1.1481357997655868
2022-04-06,1.090643286705017,1.0937448740005493,1.0875712633132935,1.090643286705017,0,-0.006345887741704586,0.09676577504914996,1.1476380521059035
2022-04-07,1.0898232460021973,1.0935057401657104,1.08672034740448,1.0898232460021973,0,-0.0007521699867265114,0.09624962814042935,1.1471587830781937
2022-04-08,1.0864840745925903,1.0891940593719482,1.0836936235427856,1.0864840745925903,0,-0.003068660384801401,0.07710840478986641,1.1466680854558944
2022-04-11,1.0884946584701538,1.0932785272598267,1.0874648094177246,1.0884946584701538,0,0.0018488313653010355,0.07584734040870103,1.1461824548244477
2022-04-12,1.0877959728240967,1.0903936624526978,1.0851871967315674,1.0877959728240967,0,-0.0006420885703541868,0.0715890981306277,1.1456895327568055
2022-04-13,1.0826143026351929,1.0873819589614868,1.0810343027114868,1.0826143026351929,0,-0.004774839201849695,0.0731068746098074,1.1451903426647185
2022-04-14,1.089656949043274,1.0922634601593018,1.0758588314056396,1.089656949043274,0,0.006484154387127226,0.07645438280940771,1.1447419279813766
2022-04-15,1.0820988416671753,1.0823447704315186,1.0798786878585815,1.0820988416671753,0,-0.006960393910240724,0.07740083573580143,1.1442284202575683
2022-04-18,1.081525444984436,1.081583857536316,1.0783647298812866,1.081525444984436,0,-0.0005300335180195361,0.07193140430267092,1.1436995679140092
2022-04-19,1.0781787633895874,1.081209659576416,1.0761945247650146,1.0781787633895874,0,-0.0030992061418720638,0.07090863384828265,1.143157856464386
2022-04-20,1.0794472694396973,1.08672034740448,1.0784810781478882,1.0794472694396973,0,0.0011758350863038487,0.0712022919940203,1.1426674062013626
2022-04-21,1.0849870443344116,1.0934697389602661,1.082438588142395,1.0849870443344116,0,0.0051189236431801914,0.0739716401874285,1.1421756720542908
2022-04-22,1.0835175514221191,1.0854227542877197,1.077284336090088,1.0835175514221191,0,-0.0013553055318443394,0.07384328600150007,1.1416873526573181
2022-04-25,1.0811045169830322,1.081221342086792,1.0700336694717407,1.0811045169830322,0,-0.00222952123962869,0.0739121289560031,1.141185872554779
2022-04-26,1.0714209079742432,1.0738831758499146,1.0644639730453491,1.0714209079742432,0,-0.008997500540048975,0.07897129079910026,1.140646055340767
2022-04-27,1.0643619298934937,1.0656436681747437,1.0516685247421265,1.0643619298934937,0,-0.0066102261513955,0.08067593151805859,1.140075807571411
2022-04-28,1.0555092096328735,1.056222677230835,1.0472848415374756,1.0555092096328735,0,-0.008352179109846734,0.07454018730545127,1.1394569885730743
2022-04-29,1.0504201650619507,1.0590416193008423,1.0505415201187134,1.0504201650619507,0,-0.004833072313007677,0.06789120868364631,1.1388227200508119
2022-05-02,1.0535964965820312,1.056769609451294,1.0503981113433838,1.0535964965820312,0,0.0030193049237596144,0.06812388263492455,1.138203986287117
2022-05-03,1.0509058237075806,1.0577645301818848,1.0494390726089478,1.0509058237075806,0,-0.0025570647412530415,0.06812606128961309,1.1375546306371689
2022-05-04,1.0528532266616821,1.0566357374191284,1.0506519079208374,1.0528532266616821,0,0.0018513560381259822,0.06791403871904537,1.1369073337316513
2022-05-05,1.0622477531433105,1.0639996528625488,1.0504642724990845,1.0622477531433105,0,0.008883347273825875,0.07563391649669872,1.1362955945730209
2022-05-06,1.0539740324020386,1.0598385334014893,1.048536777496338,1.0539740324020386,0,-0.007819372198253727,0.0789307697002404,1.1356189662218095
2022-05-09,1.053219199180603,1.0572165250778198,1.0496593713760376,1.053219199180603,0,-0.0007164347743801674,0.07879705380788793,1.1349515414237976
2022-05-10,1.056579828262329,1.0585819482803345,1.0527312755584717,1.056579828262329,0,0.003185736537216687,0.07964042114335391,1.1342971152067185
2022-05-11,1.0532968044281006,1.0575631856918335,1.0507071018218994,1.0532968044281006,0,-0.0031120553998316533,0.07979704186912076,1.1336288809776307
2022-05-12,1.05124831199646,1.0529751777648926,1.0373551845550537,1.05124831199646,0,-0.0019467323960849386,0.07894698501857933,1.132966421842575
2022-05-13,1.0379581451416016,1.041938066482544,1.0351966619491577,1.0379581451416016,0,-0.012722865261767163,0.08272525381418058,1.1322383522987365
2022-05-16,1.0400632619857788,1.0437977313995361,1.0391337871551514,1.0400632619857788,0,0.0020260788046566882,0.08222210667809891,1.1315639185905457
2022-05-17,1.0438958406448364,1.055375576019287,1.0432424545288086,1.0438958406448364,0,0.003678174850093924,0.08436145266696259,1.130914164185524
2022-05-18,1.0547856092453003,1.0564124584197998,1.0492409467697144,1.0547856092453003,0,0.010377817305916337,0.09389660156311389,1.1303264272212983
2022-05-19,1.0472739934921265,1.0598047971725464,1.0466053485870361,1.0472739934921265,0,-0.007146940759466621,0.09582328929607106,1.12969184756279
2022-05-20,1.057898759841919,1.05988347530365,1.0541073083877563,1.057898759841919,0,0.010094047194697555,0.10149654346406105,1.129113210439682
2022-05-23,1.0569819211959839,1.069027066230774,1.0568702220916748,1.0569819211959839,0,-0.0008670358678781887,0.10150146379265958,1.128500781059265
2022-05-24,1.0682048797607422,1.0746333599090576,1.0662003755569458,1.0682048797607422,0,0.010561954262868753,0.10921507929247697,1.127951830625534
2022-05-25,1.0736525058746338,1.0736525058746338,1.064407229423523,1.0736525058746338,0,0.005086835283498354,0.10638511090446054,1.1274652236700058
2022-05-26,1.0686614513397217,1.0728693008422852,1.0664504766464233,1.0686614513397217,0,-0.00465950711675043,0.10504112822927279,1.1269568818807603
2022-05-27,1.0732953548431396,1.0765074491500854,1.0698047876358032,1.0732953548431396,0,0.004326801286931803,0.10115717031942062,1.1264850610494614
2022-05-30,1.0731456279754639,1.078515887260437,1.0727427005767822,1.0731456279754639,0,-0.00013951174909264155,0.09915324026755852,1.126002014875412
2022-05-31,1.0773539543151855,1.0774933099746704,1.068216323852539,1.0773539543151855,0,0.00391381774383384,0.09942862725456286,1.1255165177583695
2022-06-01,1.0734105110168457,1.0736640691757202,1.063173770904541,1.0734105110168457,0,-0.0036670195931451026,0.10001029718537849,1.1250070244073869
2022-06-02,1.0654165744781494,1.0738486051559448,1.064565896987915,1.0654165744781494,0,-0.007475100550259082,0.10415311419592688,1.1244469064474105
2022-06-03,1.0751069784164429,1.0765421390533447,1.0706638097763062,1.0751069784164429,0,0.009054299007338812,0.1043266878764083,1.1239442378282547
2022-06-06,1.0726046562194824,1.0752688646316528,1.0686043500900269,1.0726046562194824,0,-0.002330222818458084,0.10042280124214262,1.1234077578783035
2022-06-07,1.0691413879394531,1.0708931684494019,1.0652804374694824,1.0691413879394531,0,-0.0032340634484176282,0.10128766558186604,1.1228550124168395
2022-06-08,1.0698620080947876,1.0748296976089478,1.0673270225524902,1.0698620080947876,0,0.0006737905923230617,0.10088844261239367,1.1222991824150086
2022-06-09,1.071765422821045,1.0770059823989868,1.0647132396697998,1.071765422821045,0,0.0017775409484932394,0.10004306410882262,1.1217375564575196
2022-06-10,1.0619205236434937,1.0642147064208984,1.0507733821868896,1.0619205236434937,0,-0.00922813318281883,0.1056121605276978,1.1211089169979096
2022-06-13,1.0489987134933472,1.0497585535049438,1.041905403137207,1.0489987134933472,0,-0.01224298052450652,0.10486666039143464,1.1204109394550323
2022-06-14,1.0415147542953491,1.0482399463653564,1.0398253202438354,1.0415147542953491,0,-0.007159954992260149,0.10796867595738938,1.1196809762716293
2022-06-15,1.0440592765808105,1.0507181882858276,1.0386265516281128,1.0440592765808105,0,0.0024401181740231668,0.1075311342974033,1.1189794880151749
2022-06-16,1.0456204414367676,1.0530306100845337,1.0382598638534546,1.0456204414367676,0,0.0014941669127020091,0.1009375231041267,1.1182980394363404
2022-06-17,1.0546854734420776,1.0551751852035522,1.0445609092712402,1.0546854734420776,0,0.008632159944394863,0.10246720852231615,1.1176585054397583
2022-06-20,1.049141764640808,1.0545185804367065,1.048635721206665,1.049141764640808,0,-0.005270130105696999,0.09774485346016773,1.1169982373714447
2022-06-21,1.0520778894424438,1.058189868927002,1.0514252185821533,1.0520778894424438,0,0.002794688034567393,0.09834364846957104,1.1163526499271392
2022-06-22,1.053263545036316,1.0602879524230957,1.0471861362457275,1.053263545036316,0,0.001126331054716773,0.09042008560475343,1.115716477036476
2022-06-23,1.0564124584197998,1.058066725730896,1.0484488010406494,1.0564124584197998,0,0.002985212626758971,0.08901609982498451,1.115088541507721
2022-06-24,1.052011489868164,1.0569148063659668,1.0513699054718018,1.052011489868164,0,-0.004174658466384516,0.08876471451053754,1.1144648617506028
2022-06-27,1.0566133260726929,1.0614246129989624,1.0550860166549683,1.0566133260726929,0,0.004364781705743179,0.08879216600070196,1.1138829630613327
2022-06-28,1.0580891370773315,1.0605015754699707,1.0505746603012085,1.0580891370773315,0,0.0013957625433815856,0.0890830838900013,1.1133083063364029
2022-06-29,1.0523545742034912,1.053629755973816,1.0468025207519531,1.0523545742034912,0,-0.005434475183267472,0.08890428745061321,1.1127086210250854
2022-06-30,1.04465913772583,1.047877550125122,1.0383893251419067,1.04465913772583,0,-0.007339457036861056,0.09111374475331241,1.1120880645513536
2022-07-01,1.0477677583694458,1.0477896928787231,1.036989450454712,1.0477677583694458,0,0.0029713085188302992,0.08935197571796775,1.111456773877144
2022-07-04,1.0433948040008545,1.0463534593582153,1.041807770729065,1.0433948040008545,0,-0.004182325010529268,0.08246679055466599,1.1108122205734252
2022-07-05,1.0433186292648315,1.0448557138442993,1.0237300395965576,1.0433186292648315,0,-7.300929283569905e-05,0.08252553001923281,1.1101804161071778
2022-07-06,1.0257673263549805,1.0273902416229248,1.0162187814712524,1.0257673263549805,0,-0.016965678829353473,0.09867163097489003,1.1094660836458206
2022-07-07,1.0186411142349243,1.0219202041625977,1.015331506729126,1.0186411142349243,0,-0.006971445470808471,0.0996379521365483,1.1087584882974624
2022-07-08,1.0169836282730103,1.0191082954406738,1.007973074913025,1.0169836282730103,0,-0.0016284792512089388,0.09855883453284402,1.1080561685562134
2022-07-11,1.0166114568710327,1.0167768001556396,1.0054292678833008,1.0166114568710327,0,-0.000366023117238468,0.09567322938308753,1.1073355972766876
2022-07-12,1.004752516746521,1.007384181022644,1.0001100301742554,1.004752516746521,0,-0.011733736567112072,0.0950053229364331,1.1065501350164413
2022-07-13,1.0033109188079834,1.011623501777649,0.9998899698257446,1.0033109188079834,0,-0.0014358094078833954,0.09317943091906863,1.1057686471939088
2022-07-14,1.0032706260681152,1.0049240589141846,0.9953616261482239,1.0032706260681152,0,-4.0160580542073956e-05,0.09215468123699945,1.1050073254108428
2022-07-15,1.0025665760040283,1.009795069694519,1.0010610818862915,1.0025665760040283,0,-0.0007020012314786962,0.09144751204908716,1.1042402791976929
2022-07-18,1.009631872177124,1.0198878049850464,1.008237361907959,1.009631872177124,0,0.00702249344752808,0.08923211345477625,1.1035054177045822
2022-07-19,1.0145177841186523,1.0268205404281616,1.0125659704208374,1.0145177841186523,0,0.004827628644534584,0.09150898390086563,1.1028011327981948
2022-07-20,1.0231330394744873,1.0271897315979004,1.0175942182540894,1.0231330394744873,0,0.008456116811406341,0.09687733809441545,1.1021497851610185
2022-07-21,1.0182781219482422,1.0275379419326782,1.016311764717102,1.0182781219482422,0,-0.004756441789894104,0.09714211463782856,1.1014413845539093
2022-07-22,1.0221081972122192,1.025514841079712,1.0133970975875854,1.0221081972122192,0,0.0037542692053991913,0.09763563258907203,1.100756167769432
2022-07-25,1.0200231075286865,1.0256409645080566,1.0180604457855225,1.0200231075286865,0,-0.002042072812136406,0.09719784072046493,1.1000577700138092
2022-07-26,1.022494912147522,1.0249052047729492,1.011398434638977,1.022494912147522,0,0.0024203515481354024,0.09595242213715265,1.0993633133172989
2022-07-27,1.0129557847976685,1.0171905755996704,1.0107442140579224,1.0129557847976685,0,-0.009373056494817926,0.09897243328813446,1.0986121100187303
2022-07-28,1.0209290981292725,1.0233110189437866,1.0115723609924316,1.0209290981292725,0,0.007840516682384753,0.10385891289109672,1.0978892493247985
2022-07-29,1.0192328691482544,1.0253781080245972,1.014857530593872,1.0192328691482544,0,-0.0016628379501900366,0.10163643237082755,1.0971727442741395
2022-08-01,1.0208247900009155,1.0277491807937622,1.0209603309631348,1.0208247900009155,0,0.0015606629240480755,0.1010272632926621,1.0964568239450454
2022-08-02,1.0261356830596924,1.0293148756027222,1.0183714628219604,1.0261356830596924,0,0.005189064513554008,0.10278935151206015,1.0957816499471664
2022-08-03,1.015568733215332,1.020762324333191,1.0123199224472046,1.015568733215332,0,-0.010351198843136136,0.10791909562629157,1.0950603753328323
2022-08-04,1.015764594078064,1.0232481956481934,1.0155996084213257,1.015764594078064,0,0.00019283970848837684,0.09164446049103282,1.0943391382694245
2022-08-05,1.024779200553894,1.0249052047729492,1.014363408088684,1.024779200553894,0,0.00883555172373451,0.09383996191763513,1.0936212301254273
2022-08-08,1.0170871019363403,1.0221813917160034,1.0160020589828491,1.0170871019363403,0,-0.007534415937540125,0.09751637086385682,1.0929283231496811
2022-08-09,1.0197629928588867,1.0246951580047607,1.0189213752746582,1.0197629928588867,0,0.0026274810000368686,0.09792343174930344,1.0922273468971253
2022-08-10,1.0208144187927246,1.0369141101837158,1.0203040838241577,1.0208144187927246,0,0.001030518147346478,0.0878774040366718,1.091541701555252
2022-08-11,1.0300782918930054,1.036591649055481,1.0276330709457397,1.0300782918930054,0,0.009034052397915944,0.09197702647134091,1.0908842176198958
2022-08-12,1.0316723585128784,1.0327378511428833,1.0239607095718384,1.0316723585128784,0,0.0015463236906874298,0.09185992406826932,1.090264904499054
2022-08-15,1.0256409645080566,1.0267151594161987,1.0182262659072876,1.0256409645080566,0,-0.005863386210464329,0.09498490839976569,1.0896086835861205
2022-08-16,1.0161981582641602,1.019440770149231,1.0123404264450073,1.0161981582641602,0,-0.00924938057915025,0.09881369666047617,1.0888939166069032
2022-08-17,1.0170663595199585,1.019783854484558,1.0148060321807861,1.0170663595199585,0,0.0008539974026696639,0.09747367766035603,1.0881814748048781
2022-08-18,1.0180189609527588,1.0193679332733154,1.0113166570663452,1.0180189609527588,0,0.0009361784420449659,0.09273563129724054,1.087528601884842
2022-08-19,1.0089900493621826,1.011224627494812,1.003623127937317,1.0089900493621826,0,-0.008908664203253895,0.09633024306786672,1.0868481427431107
2022-08-22,1.0035223960876465,1.0048232078552246,0.99277263879776,1.0035223960876465,0,-0.005433672462005448,0.09655183495364983,1.0861449307203292
2022-08-23,0.9939467906951904,1.0019036531448364,0.9903146624565125,0.9939467906951904,0,-0.009587811226055044,0.1011318583524397,1.0854314255714417
2022-08-24,0.9966909885406494,0.9998200535774231,0.9911981225013733,0.9966909885406494,0,0.0027571059008813115,0.1012917483968703,1.0847542893886566
2022-08-25,0.9969095587730408,1.0030593872070312,0.995678722858429,0.9969095587730408,0,0.00021927184316001224,0.09691579377378186,1.0840782460570335
2022-08-26,0.9971283078193665,1.0088272094726562,0.9947279095649719,0.9971283078193665,0,0.00021940310248669677,0.09185765739906453,1.083379679918289
2022-08-29,0.993867814540863,1.0031095743179321,0.9914930462837219,0.993867814540863,0,-0.0032752411283479355,0.09214635587443898,1.0827111503481865
2022-08-30,1.0014019012451172,1.0052272081375122,0.998342752456665,1.0014019012451172,0,0.0075519840269269055,0.09663601806196588,1.0820970872044564
2022-08-31,1.0025062561035156,1.0077394247055054,0.9971680045127869,1.0025062561035156,0,0.0011022011823750134,0.0943945056973851,1.0814871552586556
2022-09-01,1.003905177116394,1.0045808553695679,0.9917388558387756,1.003905177116394,0,0.0013944510247493138,0.08848929365914034,1.0809051933884621
2022-09-02,0.995232880115509,1.0033310651779175,0.9951239228248596,0.995232880115509,0,-0.008676090547837427,0.09278046561922411,1.0802765423059464
2022-09-05,0.9909427762031555,0.9943521022796631,0.9880836606025696,0.9909427762031555,0,-0.0043199709658943205,0.08621779492398121,1.0795846650004386
2022-09-06,0.9952229857444763,0.9985321760177612,0.9865143895149231,0.9952229857444763,0,0.004310029151858244,0.08570500726153815,1.0789140611886978
2022-09-07,0.9897951483726501,0.9955201148986816,0.9877811670303345,0.9897951483726501,0,-0.005468817444529171,0.08593451918766346,1.078197892010212
2022-09-08,0.9995701909065247,1.00290846824646,0.9933445453643799,0.9995701909065247,0,0.009827376612398795,0.0941098851649931,1.0775359851121902
2022-09-09,1.0012015104293823,1.011224627494812,1.000930905342102,1.0012015104293823,0,0.00163069068126299,0.08741919211106802,1.076888889670372
2022-09-12,1.0071406364440918,1.0196797847747803,1.0064716339111328,1.0071406364440918,0,0.005914473623920646,0.09050051987333273,1.0762721931934356
2022-09-13,1.0129557847976685,1.018744945526123,0.9995802044868469,1.0129557847976685,0,0.005757313715473667,0.09181167248710101,1.07569363117218
2022-09-14,0.9982032775878906,1.0022751092910767,0.9963633418083191,0.9982032775878906,0,-0.014670914986609497,0.09982388671783254,1.0750463974475861
2022-09-15,0.9984025359153748,1.0017931461334229,0.9957482218742371,0.9984025359153748,0,0.00019959706297365223,0.09970874428424549,1.0743656167387963
2022-09-16,0.9988313317298889,1.0035626888275146,0.994579553604126,0.9988313317298889,0,0.00042938969546725455,0.09960771130916252,1.0737131184339523
2022-09-19,1.002234935760498,1.002807855606079,0.9966810345649719,1.002234935760498,0,0.003401793701857418,0.09621682714074198,1.0730683761835098
2022-09-20,1.0029587745666504,1.0050251483917236,0.9957084655761719,1.0029587745666504,0,0.0007219640016474552,0.09444108174281503,1.072440466284752
2022-09-21,0.997078537940979,0.9974067807197571,0.9869135022163391,0.997078537940979,0,-0.005880143867171973,0.09050281212171545,1.071795228123665
2022-09-22,0.983071506023407,0.9906188249588013,0.9811038970947266,0.983071506023407,0,-0.014147680973100527,0.1025149170869802,1.0710652062296868
2022-09-23,0.9841550588607788,0.9852216839790344,0.9703933596611023,0.9841550588607788,0,0.0011016046308961233,0.10265521787857196,1.0703189107775688
2022-09-26,0.968992292881012,0.9699885249137878,0.9582307934761047,0.968992292881012,0,-0.015526806604905349,0.11481742953143846,1.06954210460186
2022-09-27,0.9623712301254272,0.9670057892799377,0.9594534635543823,0.9623712301254272,0,-0.006856387846966306,0.11623041056852686,1.0687152022123336
2022-09-28,0.9596191644668579,0.9686262011528015,0.954016387462616,0.9596191644668579,0,-0.0028637682551989094,0.11147478339154683,1.0678695112466812
2022-09-29,0.9708172082901001,0.9787322282791138,0.9638276100158691,0.9708172082901001,0,0.011601697507510935,0.12073984954102725,1.067059158682823
2022-09-30,0.9829555749893188,0.9849985241889954,0.9736055731773376,0.9829555749893188,0,0.012425726247878138,0.12981222063100506,1.0663102680444718
2022-10-03,0.9792688488960266,0.9844263195991516,0.9753623604774475,0.9792688488960266,0,-0.0037577051702841185,0.12724238114679884,1.065544482767582
2022-10-04,0.9832068681716919,0.998013973236084,0.9806710481643677,0.9832068681716919,0,0.00401332309708905,0.12758708415916467,1.064795500934124
2022-10-05,0.998432457447052,0.9994204044342041,0.9835453629493713,0.998432457447052,0,0.015366962792935441,0.13802334695668916,1.0641302746534347
2022-10-06,0.9910998940467834,0.9926347136497498,0.9789333343505859,0.9910998940467834,0,-0.0073711760409446,0.13915241267431053,1.0634056988358498
2022-10-07,0.9789045453071594,0.9816046953201294,0.9731696844100952,0.9789045453071594,0,-0.012381194971008931,0.14077357231317583,1.062637707591057
2022-10-10,0.9735012650489807,0.9752291440963745,0.96825110912323,0.9735012650489807,0,-0.005535011240227645,0.1412772539463108,1.0618184843659402
2022-10-11,0.9710057377815247,0.975809633731842,0.9673987030982971,0.9710057377815247,0,-0.0025667468761050396,0.13882653161013284,1.0610223907232283
2022-10-12,0.9700167775154114,0.9733022451400757,0.9669683575630188,0.9700167775154114,0,-0.0010190096651593531,0.13617480349948963,1.0602306619286537
2022-10-13,0.9707984328269958,0.979508638381958,0.9635953307151794,0.9707984328269958,0,0.0008054917847734313,0.12845424653984072,1.059427905678749
2022-10-14,0.975134015083313,0.9803825616836548,0.9709492325782776,0.975134015083313,0,0.004456053379512562,0.1299288332477822,1.058655135035515
2022-10-17,0.973937451839447,0.9847074747085571,0.9724504947662354,0.973937451839447,0,-0.0012278291632679555,0.12980612531564759,1.0578478422760964
2022-10-18,0.9846396446228027,0.9873617887496948,0.9814602136611938,0.9846396446228027,0,0.010928647456162878,0.1356564648399999,1.0571058318018913
2022-10-19,0.9863878488540649,0.9866993427276611,0.9760192036628723,0.9863878488540649,0,0.0017739018816072146,0.13585820568660598,1.0563545319437981
2022-10-20,0.9766482710838318,0.9845135807991028,0.9755526185035706,0.9766482710838318,0,-0.009923054996403982,0.1384624300775133,1.0555169492959977
2022-10-21,0.9778899550437927,0.9856975078582764,0.9707323908805847,0.9778899550437927,0,0.0012705652009295035,0.130040836640003,1.0546778413653373
2022-10-24,0.9860085844993591,0.9889631271362305,0.9808922410011292,0.9860085844993591,0,0.00826791765473566,0.13330895695187842,1.053902531862259
2022-10-25,0.9886503219604492,0.9975360631942749,0.9852216839790344,0.9886503219604492,0,0.002675640869900312,0.12076404815840525,1.0531404960155486
2022-10-26,0.9963731169700623,1.0080543756484985,0.9944608211517334,0.9963731169700623,0,0.0077811010421081125,0.11947038443496891,1.0524575379490853
2022-10-27,1.009193778038025,1.0094891786575317,0.9976455569267273,1.009193778038025,0,0.012785248640600487,0.12421957220454738,1.0518318071961403
2022-10-28,0.9967803955078125,0.9998999834060669,0.9931473135948181,0.9967803955078125,0,-0.012376571094321193,0.1294951565752584,1.0511588326096535
2022-10-31,0.9955002665519714,0.9968101382255554,0.9873520135879517,0.9955002665519714,0,-0.0012850891507328465,0.12314958536053897,1.0504655992984773
2022-11-01,0.9886307716369629,0.9951634407043457,0.9862127304077148,0.9886307716369629,0,-0.006924464393830943,0.12503689598101358,1.0497466880083084
2022-11-02,0.9877909421920776,0.9913553595542908,0.9867576956748962,0.9877909421920776,0,-0.0008498484807727607,0.12442554449329639,1.0490333706140518
2022-11-03,0.9814409017562866,0.9839614629745483,0.9731224179267883,0.9814409017562866,0,-0.0064492786516353135,0.11343098111472177,1.0483188074827194
2022-11-04,0.9749630093574524,0.993818461894989,0.9748489260673523,0.9749630093574524,0,-0.006622268577274553,0.11291426514481655,1.0476201078295708
2022-11-07,0.9928810596466064,1.0005003213882446,0.9919454455375671,0.9928810596466064,0,0.01821134690851107,0.12262975106013584,1.0470083257555962
2022-11-08,1.0018634796142578,1.0094178915023804,0.9976056814193726,1.0018634796142578,0,0.00900614640617105,0.12369231854134624,1.0464028200507165
2022-11-09,1.008084774017334,1.0088781118392944,1.0012515783309937,1.008084774017334,0,0.006190521830417323,0.1239025441444718,1.045806265771389
2022-11-10,1.0019538402557373,1.018298864364624,0.9937788844108582,1.0019538402557373,0,-0.006100333328057607,0.1265727867041895,1.0451660618185996
2022-11-11,1.0192224979400635,1.0338374376296997,1.016621708869934,1.0192224979400635,0,0.01708814571666528,0.1374762908489609,1.0445442947745323
2022-11-14,1.0328551530838013,1.0350252389907837,1.0273585319519043,1.0328551530838013,0,0.01328688092947431,0.1425178736369402,1.0439809969067573
2022-11-15,1.0319278240203857,1.0475481748580933,1.031385064125061,1.0319278240203857,0,-0.000898233989768149,0.14240682861254989,1.04341915756464
2022-11-16,1.0357863903045654,1.0437324047088623,1.0336451530456543,1.0357863903045654,0,0.0037322089642766866,0.13935106900128794,1.0428874585032464
2022-11-17,1.0395010709762573,1.040571928024292,1.0309491157531738,1.0395010709762573,0,0.003579922982457949,0.13938739177959447,1.0423742029070855
2022-11-18,1.036172866821289,1.0395874977111816,1.0328017473220825,1.036172866821289,0,-0.003206868811748218,0.13367118666347444,1.041847304403782
2022-11-21,1.0330898761749268,1.0333247184753418,1.022704005241394,1.0330898761749268,0,-0.0029797984214465644,0.13509418787417315,1.0413302251696586
2022-11-22,1.0245691537857056,1.0290182828903198,1.0243382453918457,1.0245691537857056,0,-0.008282004908750605,0.13849040020545814,1.0407999035716058
2022-11-23,1.0311086177825928,1.0382059812545776,1.0298130512237549,1.0311086177825928,0,0.006362364906543442,0.13936124944797396,1.0402770486474038
2022-11-24,1.0416233539581299,1.0448229312896729,1.0383676290512085,1.0416233539581299,0,0.010145862095391638,0.14082979380221716,1.0397975304722786
2022-11-25,1.040810227394104,1.0429050922393799,1.0356147289276123,1.040810227394104,0,-0.0007809388137341562,0.135623354552544,1.0393183425068855
2022-11-28,1.0367528200149536,1.0496704578399658,1.0342438220977783,1.0367528200149536,0,-0.00390593444818525,0.12766852199037035,1.038843501508236
2022-11-29,1.034554123878479,1.039414644241333,1.032545804977417,1.034554123878479,0,-0.002123004481568896,0.12796228552088273,1.0383614429831505
2022-11-30,1.0324499607086182,1.0394577980041504,1.0292301177978516,1.0324499607086182,0,-0.0020359552381959117,0.12482930242130941,1.0378591260313987
2022-12-01,1.042535424232483,1.053141474723816,1.0397928953170776,1.042535424232483,0,0.009721073718734909,0.12706989876173097,1.0374189558625222
2022-12-02,1.052842140197754,1.0545185804367065,1.0434166193008423,1.052842140197754,0,0.009837653378816175,0.12501491696499104,1.037087821662426
2022-12-05,1.0544185638427734,1.0594117641448975,1.0492409467697144,1.0544185638427734,0,0.0014961831121075887,0.11991940845826352,1.036769387423992
2022-12-06,1.0496923923492432,1.0532081127166748,1.0477018356323242,1.0496923923492432,0,-0.004492329102575546,0.11082107818506437,1.0364098903536796
2022-12-07,1.0469011068344116,1.0546187162399292,1.0443755388259888,1.0469011068344116,0,-0.002662687988950827,0.10975463232920818,1.036078016459942
2022-12-08,1.051325798034668,1.0563119649887085,1.049163818359375,1.051325798034668,0,0.004217558881531055,0.109037212446377,1.0357784727215766
2022-12-09,1.0559661388397217,1.0588396787643433,1.0520004034042358,1.0559661388397217,0,0.004404086803714652,0.10520922152084138,1.0355248811841011
2022-12-12,1.0522217750549316,1.0579211711883545,1.0507071018218994,1.0522217750549316,0,-0.0035522143897896534,0.09270135976210182,1.0353487250208855
2022-12-13,1.0541739463806152,1.066894292831421,1.0529308319091797,1.0541739463806152,0,0.001853566131702255,0.08228700623113513,1.0351869383454322
2022-12-14,1.062665343284607,1.0669853687286377,1.0620108842849731,1.062665343284607,0,0.00802275589918932,0.08547231501514305,1.0350511488318443
2022-12-15,1.0676347017288208,1.0725586414337158,1.0607378482818604,1.0676347017288208,0,0.004665415530993445,0.08585375673129696,1.0348524078726768
2022-12-16,1.064056158065796,1.0663254261016846,1.0599396228790283,1.064056158065796,0,-0.003357472785711803,0.08703253891293075,1.0346657165884972
2022-12-19,1.05850350856781,1.0659003257751465,1.0577198266983032,1.05850350856781,0,-0.005232043416178128,0.08856793042240402,1.0344922003149986
2022-12-20,1.0614584684371948,1.065552830696106,1.058066725730896,1.0614584684371948,0,0.002787749794717641,0.08753737147812211,1.03432789593935
2022-12-21,1.062699317932129,1.0643506050109863,1.0597037076950073,1.062699317932129,0,0.0011683215286929897,0.08034266007559072,1.0341567108035088
2022-12-22,1.0610079765319824,1.0657458305358887,1.05840265750885,1.0610079765319824,0,-0.0015928200295245159,0.07929510828027678,1.033950773179531
2022-12-23,1.060333013534546,1.063117265701294,1.0587948560714722,1.060333013534546,0,-0.0006363550446384674,0.07277284421899825,1.0337026789784431
2022-12-26,1.0667804479599,1.0637166500091553,1.060895323753357,1.0667804479599,0,0.00606216291441548,0.07467906916154578,1.0335150137543678
2022-12-27,1.064022183418274,1.0668998956680298,1.0612443685531616,1.064022183418274,0,-0.0025889456317026356,0.07368308164529574,1.0333265146613122
2022-12-28,1.0637166500091553,1.067429542541504,1.0613908767700195,1.0637166500091553,0,-0.0002871907082003092,0.07289875403326718,1.0331302300095557
2022-12-29,1.062925100326538,1.0670194625854492,1.0612331628799438,1.062925100326538,0,-0.0007444128462590291,0.07228345456275861,1.0329417023062706
2022-12-30,1.066075325012207,1.0697933435440063,1.0639203786849976,1.066075325012207,0,0.0029593483845724387,0.06597848672655957,1.0327672895789146
2023-01-02,1.0709733963012695,1.071237325668335,1.0653257369995117,1.0709733963012695,0,0.004583966492703552,0.05935239789397949,1.0326312109827995
2023-01-03,1.0677714347839355,1.068261981010437,1.0521553754806519,1.0677714347839355,0,-0.002994245842760573,0.06072376166371896,1.0324731466174126
2023-01-04,1.0546854734420776,1.063151240348816,1.0545964241027832,1.0546854734420776,0,-0.012331112219669753,0.07369199489112517,1.0322008159756662
2023-01-05,1.0606365203857422,1.06326425075531,1.0515578985214233,1.0606365203857422,0,0.0056266257915620664,0.0751774458514205,1.0319230809807778
2023-01-06,1.0522217750549316,1.062225103378296,1.0485258102416992,1.0522217750549316,0,-0.007965313943903736,0.0795515671530307,1.0316480109095574
2023-01-09,1.0656323432922363,1.0759514570236206,1.0652804374694824,1.0656323432922363,0,0.01266446764454612,0.08975286140658642,1.031452531516552
2023-01-10,1.073318362236023,1.0756852626800537,1.0713175535202026,1.073318362236023,0,0.007186750031592487,0.09143711498661837,1.0313311913609504
2023-01-11,1.0738946199417114,1.077470064163208,1.0726851224899292,1.0738946199417114,0,0.0005367494741383354,0.09138607244551926,1.0312474480271339
2023-01-12,1.0766000747680664,1.0838346481323242,1.0738024711608887,1.0766000747680664,0,0.0025161245552818563,0.08788896397798078,1.0311813321709633
2023-01-13,1.0860239267349243,1.0867793560028076,1.0780625343322754,1.0860239267349243,0,0.00871525666027755,0.09129132325230313,1.0311790314316749
2023-01-16,1.082461953163147,1.0875475406646729,1.080263614654541,1.082461953163147,0,-0.0032852201698865342,0.09125006570933392,1.03114886790514
2023-01-17,1.0830129384994507,1.086909294128418,1.0787020921707153,1.0830129384994507,0,0.000508881770290038,0.08858328994181253,1.0311249527335167
2023-01-18,1.0793308019638062,1.0884472131729126,1.0767043828964233,1.0793308019638062,0,-0.00340569357753422,0.08967906162430442,1.0311085352301597
2023-01-19,1.0797853469848633,1.0833063125610352,1.0782949924468994,1.0797853469848633,0,0.00042104731419264534,0.08967723840731252,1.0310591772198676
2023-01-20,1.083388328552246,1.0856584310531616,1.0804619789123535,1.083388328552246,0,0.0033312026121230954,0.08967199785579845,1.031065624654293
2023-01-23,1.0864723920822144,1.0919533967971802,1.0847516059875488,1.086507797241211,0,0.002875225962125885,0.08969263124019188,1.031090536415577
2023-01-24,1.0874292850494385,1.089680790901184,1.0839285850524902,1.0874292850494385,0,0.0008477594599432104,0.08790364065943855,1.0311367890238763
2023-01-25,1.088814616203308,1.0922634601593018,1.0858116149902344,1.088814616203308,0,0.0012731397801450267,0.08697828008721901,1.0311836257576943
2023-01-26,1.0922038555145264,1.0932546854019165,1.0851635932922363,1.0922038555145264,0,0.0031079443693967086,0.08709266096175143,1.031219709813595
2023-01-27,1.0894432067871094,1.0901559591293335,1.0838816165924072,1.0894432067871094,0,-0.0025307945071393893,0.08782704738091901,1.0312493380904197
2023-01-30,1.0871455669403076,1.0915005207061768,1.0854581594467163,1.0871455669403076,0,-0.002111230865447573,0.0882831687250377,1.0312795433402062
2023-01-31,1.0850694179534912,1.0868383646011353,1.0804152488708496,1.0850694179534912,0,-0.0019115507750811752,0.08776352083922366,1.0313477858901023
2023-02-01,1.0860947370529175,1.092442512512207,1.085293173789978,1.0860947370529175,0,0.0009444879359142555,0.08677325863159924,1.0314564499258996
2023-02-02,1.1012852191925049,1.102657437324524,1.088767170906067,1.1012852191925049,0,0.013889426300072026,0.08424107868488043,1.0316853299736977
2023-02-03,1.0905125141143799,1.094067931175232,1.0811045169830322,1.0905125141143799,0,-0.009830096693875624,0.09259476163327579,1.0318857917189599
2023-02-06,1.079086184501648,1.0800302028656006,1.0718343257904053,1.079086184501648,0,-0.01053322466006526,0.09619753391176594,1.032013240158558
2023-02-07,1.0730764865875244,1.0745997428894043,1.0669511556625366,1.0730764865875244,0,-0.005584813467052059,0.08932151458313829,1.0321240934729576
2023-02-08,1.0729728937149048,1.0760208368301392,1.0716849565505981,1.0729728937149048,0,-9.654286024440955e-05,0.08577110529873525,1.0322246918082236
2023-02-09,1.0715816020965576,1.0790396928787231,1.0711569786071777,1.0715816020965576,0,-0.0012975112698280708,0.08585765952226874,1.0322713610529899
2023-02-10,1.0742292404174805,1.0751763582229614,1.0669283866882324,1.0742292404174805,0,0.0024677288529569175,0.08583922174702022,1.0323726370930673
2023-02-13,1.0677714347839355,1.0725010633468628,1.065723180770874,1.0677714347839355,0,-0.006029713504830647,0.08185339202003929,1.0324453982710837
2023-02-14,1.0730419158935547,1.0798436403274536,1.0709964036941528,1.0730419158935547,0,0.004923821832561969,0.08364209007985617,1.03252770870924
2023-02-15,1.0735719203948975,1.0744600296020508,1.0665984153747559,1.0735719203948975,0,0.000493805176462593,0.08364000531184741,1.032629084289074
2023-02-16,1.0691757202148438,1.0722250938415527,1.0655754804611206,1.0691757202148438,0,-0.004103335609945398,0.0839883033061315,1.0327187213301658
2023-02-17,1.0665756464004517,1.0681477785110474,1.0613795518875122,1.0665756464004517,0,-0.0024348106615187685,0.08419743425866172,1.03286180883646
2023-02-20,1.0684444904327393,1.0705492496490479,1.0671560764312744,1.0684444904327393,0,0.0017506575018656283,0.0834455416084414,1.0330037149786948
2023-02-21,1.068261981010437,1.0695644617080688,1.0644866228103638,1.068261981010437,0,-0.00017083247061335562,0.08248045500883486,1.0331255456805228
2023-02-22,1.065200924873352,1.0665528774261475,1.0619093179702759,1.065200924873352,0,-0.0028695678084155025,0.08254626504838385,1.0331776222586633
2023-02-23,1.0605803728103638,1.0630381107330322,1.0582010746002197,1.0605803728103638,0,-0.004347163411922486,0.08290555624877467,1.0332441541552544
2023-02-24,1.0598047971725464,1.0614246129989624,1.053774118423462,1.0598047971725464,0,-0.0007315422531570732,0.08141541952957974,1.0332536843419076
2023-02-27,1.0554758310317993,1.0618642568588257,1.0533522367477417,1.0554758310317993,0,-0.0040930476331470945,0.08185926862034026,1.0332461538910866
2023-02-28,1.0611205101013184,1.0645002126693726,1.058234691619873,1.0611205101013184,0,0.005333744882631658,0.08516431576656994,1.0332107320427895
2023-03-01,1.0577309131622314,1.0691070556640625,1.0565686225891113,1.0577309131622314,0,-0.003199469102332789,0.08542516176002563,1.0331311240792274
2023-03-02,1.066894292831421,1.067270040512085,1.0583466291427612,1.066894292831421,0,0.008625932198623705,0.09177994437338435,1.033122288286686
2023-03-03,1.0599732398986816,1.062925100326538,1.0591312646865845,1.0599732398986816,0,-0.006508235473883866,0.07642176906297143,1.0330556777119637
2023-03-06,1.0626201629638672,1.0693814754486084,1.062304139137268,1.0626201629638672,0,0.00249404754925224,0.07194044909003006,1.0330030503869057
2023-03-07,1.0688328742980957,1.06963312625885,1.0571606159210205,1.0688328742980957,0,0.005829571489454962,0.06748169429798649,1.0329604449868202
2023-03-08,1.05507493019104,1.0573283433914185,1.0526647567749023,1.05507493019104,0,-0.01295549318169404,0.07847667016204085,1.0328687670826913
2023-03-09,1.0549525022506714,1.0586491823196411,1.053851842880249,1.0549525022506714,0,-0.00011604393253258556,0.07847447906842091,1.0328164467215537
2023-03-10,1.0584698915481567,1.0698620080947876,1.0575743913650513,1.0584698915481567,0,0.0033286223856131797,0.07973594633023681,1.0327332612872124
2023-03-13,1.0683646202087402,1.0737217664718628,1.0652350187301636,1.0683646202087402,0,0.00930472022571737,0.08628401840477785,1.0327120611071587
2023-03-14,1.0725010633468628,1.0747140645980835,1.0679652690887451,1.0725010633468628,0,0.0038642763226350934,0.08474219811605127,1.0327288594841957
2023-03-15,1.0727657079696655,1.0760092735290527,1.052033543586731,1.0727657079696655,0,0.00024672420948644856,0.08299525727587914,1.0327433779835702
2023-03-16,1.0583354234695435,1.063456416130066,1.0555092096328735,1.0583354234695435,0,-0.013542768888188937,0.09525498304066507,1.0326762279868127
2023-03-17,1.0614134073257446,1.0669625997543335,1.0612106323242188,1.0614134073257446,0,0.002904104462518152,0.09517542743897452,1.0326736924052238
2023-03-20,1.0678855180740356,1.0730534791946411,1.0632416009902954,1.0678855180740356,0,0.006079118908904215,0.09736662505519995,1.0327681264281272
2023-03-21,1.071914792060852,1.0787253379821777,1.070491909980774,1.071914792060852,0,0.003766032493777598,0.09805581901071757,1.0329201266169548
2023-03-22,1.0774236917495728,1.0801469087600708,1.0759514570236206,1.0774236917495728,0,0.0051261462943097014,0.09954006258460904,1.0330869486927987
2023-03-23,1.0870392322540283,1.0928997993469238,1.0868619680404663,1.0870392322540283,0,0.008884978951823826,0.10293586437416286,1.0332940426468848
2023-03-24,1.0835057497024536,1.0839003324508667,1.0718917846679688,1.0835057497024536,0,-0.003255851136334388,0.10229347602030933,1.0334381440281868
2023-03-27,1.077818512916565,1.0795999765396118,1.074806571006775,1.077818512916565,0,-0.0052627456329634136,0.10445167227263324,1.0335815277695657
2023-03-28,1.0807071924209595,1.08489990234375,1.0804035663604736,1.0807071924209595,0,0.0026765316917468037,0.10307722846110345,1.0337246742844581
2023-03-29,1.0839520692825317,1.0871999263763428,1.0821340084075928,1.0839520692825317,0,0.0029980508706156195,0.10218930029167707,1.0338781169056892
2023-03-30,1.0843634605407715,1.0923947095870972,1.0826963186264038,1.0843634605407715,0,0.0003794570093860563,0.10107608039153614,1.034017871916294
2023-03-31,1.0904649496078491,1.0925856828689575,1.086059331893921,1.0904649496078491,0,0.00561102204353346,0.09879299289044513,1.0342101392149925
2023-04-03,1.0803335905075073,1.0915720462799072,1.078934907913208,1.0803335905075073,0,-0.009334291021729486,0.10194849576268562,1.0343287405371666
2023-04-04,1.091226577758789,1.0971648693084717,1.0883879661560059,1.091226577758789,0,0.010032490718915267,0.1066635402554371,1.0344944277405739
2023-04-05,1.0960105657577515,1.0969241857528687,1.0905362367630005,1.0960105657577515,0,0.004374464508325442,0.10599594977218021,1.0347127076983451
2023-04-06,1.090334177017212,1.0930156707763672,1.0885539054870605,1.090334177017212,0,-0.005192595096162501,0.0958643114784358,1.034941082894802
2023-04-07,1.0920130014419556,1.0925379991531372,1.0881037712097168,1.0920130014419556,0,0.001538549661100185,0.09566980291557235,1.0351623091101647
2023-04-10,1.0913575887680054,1.0918222665786743,1.0832475423812866,1.0913575887680054,0,-0.0006003677951654333,0.09576624504963407,1.0354021230340005
2023-04-11,1.086932897567749,1.0926692485809326,1.0868029594421387,1.086932897567749,0,-0.004062541073859795,0.09312277344079689,1.035620194375515
2023-04-12,1.0917507410049438,1.099855899810791,1.091524362564087,1.0917507410049438,0,0.004422717649457876,0.09337251864188796,1.0359501114487648
2023-04-13,1.0999890565872192,1.1068999767303467,1.0981649160385132,1.0999890565872192,0,0.007517639083118104,0.09613956242253546,1.0363568511605263
2023-04-14,1.1054610013961792,1.1075423955917358,1.0978032350540161,1.1054610013961792,0,0.004962212603613521,0.08049971192701844,1.0367992380261422
2023-04-17,1.098659634590149,1.0999042987823486,1.0910717248916626,1.098659634590149,0,-0.0061715209978287396,0.08531634567130358,1.0372094789147377
2023-04-18,1.0925379991531372,1.0983458757400513,1.0922753810882568,1.0925379991531372,0,-0.005587493587279635,0.08722267536605119,1.0376484063267708
2023-04-19,1.0975382328033447,1.098659634590149,1.0918341875076294,1.0975382328033447,0,0.004566272411435851,0.08757573377860203,1.0381195428967476
2023-04-20,1.095218300819397,1.0989010334014893,1.0934339761734009,1.095218300819397,0,-0.002115996750198505,0.08699804182512144,1.038579281270504
2023-04-21,1.0970927476882935,1.099251389503479,1.0939722061157227,1.0970927476882935,0,0.0017100195037912675,0.08198155469253704,1.0390519121289252
2023-04-24,1.0992271900177002,1.103423833847046,1.0968761444091797,1.0992271900177002,0,0.0019436539865794662,0.08100214377225719,1.0394998887181282
2023-04-25,1.1059499979019165,1.1068068742752075,1.0969241857528687,1.1059499979019165,0,0.006097313856667734,0.08004371866141238,1.0399570497870445
2023-04-26,1.0978394746780396,1.109410047531128,1.0969241857528687,1.0978394746780396,0,-0.007360557750447326,0.08514259264603102,1.0403305819630624
2023-04-27,1.1047282218933105,1.1065618991851807,1.0994206666946411,1.1047282218933105,0,0.006255217206481515,0.08695502316745857,1.0407628324627876
2023-04-28,1.1032048463821411,1.1043744087219238,1.0965633392333984,1.1032048463821411,0,-0.0013799111710282468,0.08730166245550283,1.0411683157086373
2023-05-01,1.1010911464691162,1.103557825088501,1.0966956615447998,1.1010911464691162,0,-0.0019178010282847264,0.08598169692125654,1.0415736559033393
2023-05-02,1.0969241857528687,1.1005216836929321,1.0943553447723389,1.0969241857528687,0,-0.003791571102515303,0.07995768367218282,1.0419458022713661
2023-05-03,1.1010911464691162,1.1058155298233032,1.100594401359558,1.1010911464691162,0,0.0037915711025152355,0.07346382722378933,1.0423864790797233
2023-05-04,1.1068925857543945,1.109139323234558,1.0986838340759277,1.1068925857543945,0,0.005254977698491383,0.07412012866077992,1.042816296517849
2023-05-05,1.102292776107788,1.1048002243041992,1.0971648693084717,1.102292776107788,0,-0.004164264686123018,0.073210182917661,1.0432315960526466
2023-05-08,1.10186767578125,1.1053388118743896,1.1012487411499023,1.10186767578125,0,-0.0003857253962110418,0.0731761315250689,1.0436368104815483
2023-05-09,1.0996140241622925,1.1001100540161133,1.0944032669067383,1.0996140241622925,0,-0.002047395993579254,0.07360275294183127,1.0440042021870612
2023-05-10,1.096467137336731,1.100473165512085,1.0942834615707397,1.096467137336731,0,-0.002865913186300644,0.07280947551818891,1.0444086942076682
2023-05-11,1.098406195640564,1.0998680591583252,1.0901321172714233,1.098406195640564,0,0.0017668981432014084,0.0715380731397021,1.0448219022154808
2023-05-12,1.0912145376205444,1.0935176610946655,1.085564136505127,1.0912145376205444,0,-0.006568885442957101,0.07023516527517212,1.045154078900814
2023-05-15,1.0852696895599365,1.0892059803009033,1.0848575830459595,1.0852696895599365,0,-0.0054628127053399055,0.06952218815690157,1.045494991838932
2023-05-16,1.0873701572418213,1.090358018875122,1.0856702327728271,1.0873701572418213,0,0.0019335633003226245,0.06738257923119827,1.0458330276608467
2023-05-17,1.0865668058395386,1.0875475406646729,1.081162929534912,1.0865668058395386,0,-0.0007390751916854932,0.06480672342525651,1.0461617895960809
2023-05-18,1.0838346481323242,1.0849517583847046,1.0765421390533447,1.0838346481323242,0,-0.0025176532621469594,0.06277228813530943,1.0464305713772775
2023-05-19,1.0775396823883057,1.082391619682312,1.0761018991470337,1.0775396823883057,0,-0.005824982238710198,0.0651712553515092,1.0466599079966545
2023-05-22,1.0822745561599731,1.0830715894699097,1.0796570777893066,1.0822745561599731,0,0.004384526476817772,0.06708656586174501,1.046943075954914
2023-05-23,1.0811045169830322,1.0821340084075928,1.0763798952102661,1.0811045169830322,0,-0.0010816775529980448,0.06642957740583819,1.0472676077485084
2023-05-24,1.076971173286438,1.0799369812011719,1.0749683380126953,1.076971173286438,0,-0.003830587378759216,0.06222660901806837,1.047567131817341
2023-05-25,1.0757315158843994,1.0754191875457764,1.0709964036941528,1.0757315158843994,0,-0.0011517220146606885,0.05814570466921227,1.047855694591999
2023-05-26,1.0724436044692993,1.0757546424865723,1.0702054500579834,1.0724436044692993,0,-0.003061122858548678,0.052215664209394816,1.0481729623675347
2023-05-29,1.0723055601119995,1.0745755434036255,1.0706294775009155,1.0723055601119995,0,-0.00012872774100586773,0.05240500187090832,1.0485168781876564
2023-05-30,1.0707669258117676,1.0745755434036255,1.067338466644287,1.0707669258117676,0,-0.0014359146269737272,0.05236610966844471,1.0489009788632393
2023-05-31,1.073306918144226,1.0738831758499146,1.06516695022583,1.073306918144226,0,0.0023693153366323217,0.053061211770562715,1.0492840585112573
2023-06-01,1.0695186853408813,1.0753995180130005,1.0664163827896118,1.0695186853408813,0,-0.003535739673558048,0.050678191003584186,1.0496471041440965
2023-06-02,1.0760787725448608,1.077934741973877,1.071811318397522,1.0760787725448608,0,0.006114947257608808,0.05216376415009281,1.0500418564677239
2023-06-05,1.0698620080947876,1.0722709894180298,1.0674750804901123,1.0698620080947876,0,-0.005793991984985513,0.05356060802641084,1.0504218274354935
2023-06-06,1.0711798667907715,1.073306918144226,1.0667349100112915,1.0711798667907715,0,0.001231044453519269,0.054243229107083006,1.0507707172632217
2023-06-07,1.0698047876358032,1.074021577835083,1.0668829679489136,1.0698047876358032,0,-0.0012845298458357445,0.05418310891138424,1.0511072099208831
2023-06-08,1.0707440376281738,1.078283429145813,1.0702168941497803,1.0707440376281738,0,0.0008775787233301165,0.0543789880834509,1.0514414042234421
2023-06-09,1.078271746635437,1.0787487030029297,1.0747718811035156,1.078271746635437,0,0.007005755705541979,0.06057167756950253,1.0518565985560417
2023-06-12,1.0750954151153564,1.0789697170257568,1.073433518409729,1.0750954151153564,0,-0.002950108908663662,0.057509799248555885,1.0522773617506027
2023-06-13,1.0762988328933716,1.0822510719299316,1.076055645942688,1.0762988328933716,0,0.001118733030584114,0.05512421066837243,1.0526827409863473
2023-06-14,1.078934907913208,1.085835337638855,1.077574610710144,1.078934907913208,0,0.0024462092295930112,0.055424881894250766,1.05312843978405
2023-06-15,1.084304690361023,1.0938525199890137,1.0804269313812256,1.084304690361023,0,0.004964585042939019,0.05838982543393817,1.0535521122813225
2023-06-16,1.0945948362350464,1.0970999002456665,1.0920130014419556,1.0945948362350464,0,0.0094453390353827,0.0663148360923016,1.0540190789103507
2023-06-19,1.0942115783691406,1.0949305295944214,1.0911003351211548,1.0942115783691406,0,-0.00035019805065028125,0.06236019162952704,1.0544544336199762
2023-06-20,1.0924304723739624,1.0945229530334473,1.0894551277160645,1.0924304723739624,0,-0.0016290790607261115,0.06139306680484544,1.0548518070578574
2023-06-21,1.0920368432998657,1.0961307287216187,1.0906671285629272,1.0920368432998657,0,-0.00036038907566404775,0.061217696481405716,1.0553209748864174
2023-06-22,1.0992635488510132,1.1011154651641846,1.095110297203064,1.0992635488510132,0,0.006595838504738627,0.06260809934766506,1.0558252799510957
2023-06-23,1.0958904027938843,1.0958904027938843,1.0845046043395996,1.0958904027938843,0,-0.0030732684689764585,0.06377377170687133,1.0563105753064155
2023-06-26,1.0906671285629272,1.0921800136566162,1.088814616203308,1.0906671285629272,0,-0.004777632503592157,0.06536899811429461,1.0567527362704277
2023-06-27,1.091048002243042,1.0976104736328125,1.0903223752975464,1.091048002243042,0,0.00034915070130469645,0.06530416182334862,1.0571931824088097
2023-06-28,1.0957223176956177,1.0962508916854858,1.0899657011032104,1.0957223176956177,0,0.004275092385421326,0.06580742919306046,1.0576864013075828
2023-06-29,1.0915838479995728,1.094067931175232,1.0862362384796143,1.0915838479995728,0,-0.0037840835446616475,0.0677326312850621,1.0582289630174637
2023-06-30,1.0868029594421387,1.0933741331100464,1.0836466550827026,1.0868029594421387,0,-0.004389391468143035,0.06848220112013391,1.0587422025203705
2023-07-03,1.0907504558563232,1.093135118484497,1.0871810913085938,1.0907504558563232,0,0.0036256293054998654,0.0665467205091605,1.059350993335247
2023-07-04,1.091309905052185,1.0918222665786743,1.0890754461288452,1.091309905052185,0,0.0005127715237786305,0.06230921224797345,1.0599956867098808
2023-07-05,1.0884946584701538,1.0906195640563965,1.086507797241211,1.0884946584701538,0,-0.002583028033271871,0.06347857263417862,1.0606400641798972
2023-07-06,1.0856584310531616,1.0901559591293335,1.083435297012329,1.0856584310531616,0,-0.002609042610231512,0.06417898492295641,1.0612142702937126
2023-07-07,1.0890636444091797,1.096467137336731,1.0868619680404663,1.0890636444091797,0,0.0031316333957207934,0.064729976183279,1.0617448106408118
2023-07-10,1.0969723463058472,1.0992755889892578,1.0944511890411377,1.0969723463058472,0,0.007235687276283276,0.06501166591333436,1.062333328127861
2023-07-11,1.100594401359558,1.1025601625442505,1.0978635549545288,1.100594401359558,0,0.0032964262291078506,0.06404276452246346,1.0629202657938004
2023-07-12,1.101406455039978,1.1125946044921875,1.1012852191925049,1.101406455039978,0,0.0007375598559580265,0.06405618807297331,1.063435135781765
2023-07-13,1.1144545078277588,1.1196202039718628,1.113065242767334,1.1144545078277588,0,0.011777095963888725,0.07392547613874441,1.06405190885067
2023-07-14,1.1223469972610474,1.12447988986969,1.1206114292144775,1.1223469972610474,0,0.007056971456513566,0.07548481763153835,1.0647691211104393
2023-07-17,1.1227755546569824,1.125112533569336,1.1205486059188843,1.1227755546569824,0,0.00038176749039734993,0.07001036462169333,1.0655154925584793
2023-07-18,1.1237596273422241,1.1275737285614014,1.1220070123672485,1.1237596273422241,0,0.0008760804247072025,0.06979447460552758,1.0662792620062829
2023-07-19,1.1228890419006348,1.123974323272705,1.1176306009292603,1.1228890419006348,0,-0.0007750081239522248,0.06940930096972578,1.067043623328209
2023-07-20,1.120523452758789,1.12296462059021,1.1133129596710205,1.120523452758789,0,-0.0021089211406578354,0.07019914904227675,1.067792248427868
2023-07-21,1.113709807395935,1.1147029399871826,1.110962986946106,1.113709807395935,0,-0.006099333142796828,0.07172238533916075,1.068485127389431
2023-07-24,1.112532615661621,1.114504098892212,1.1068804264068604,1.112532615661621,0,-0.0010575594390251743,0.07074720714730141,1.069178103208542
2023-07-25,1.1063170433044434,1.1088933944702148,1.1022076606750488,1.1063170433044434,0,-0.0056025324565005105,0.07160703255018727,1.06978649020195
2023-07-26,1.1050456762313843,1.1086474657058716,1.1038380861282349,1.1050456762313843,0,-0.0011498495492449896,0.07188163519532834,1.0703797793388368
2023-07-27,1.1078368425369263,1.115200161933899,1.0984907150268555,1.1078368425369263,0,0.002522653382695378,0.07100588491935023,1.0710357221961022
2023-07-28,1.0978755950927734,1.1046794652938843,1.0947027206420898,1.0978755950927734,0,-0.009032288158556577,0.07708482788119073,1.0716356503963471
2023-07-31,1.1024264097213745,1.1045451164245605,1.100618600845337,1.1024264097213745,0,0.004136542263487282,0.07623969729812692,1.072217739522457
2023-08-01,1.0997591018676758,1.1002310514450073,1.095446228981018,1.0997591018676758,0,-0.0024224200404568785,0.07617377147930447,1.0727732834219932
2023-08-02,1.1007881164550781,1.1007033586502075,1.0919772386550903,1.1007881164550781,0,0.0009352352486126049,0.07619628833843275,1.0732953584194183
2023-08-03,1.0944151878356934,1.0953983068466187,1.0913575887680054,1.0944151878356934,0,-0.00580624720349853,0.07857352500893833,1.0737214654684066
2023-08-04,1.095158338546753,1.1040940284729004,1.0936251878738403,1.095158338546753,0,0.000678808663551108,0.07788419253946495,1.0742133551836013
2023-08-07,1.1002674102783203,1.1012003421783447,1.096611499786377,1.1002674102783203,0,0.004654296286017525,0.07872747061052088,1.0747371909022332
2023-08-08,1.100315809249878,1.1009820699691772,1.0930992364883423,1.100315809249878,0,4.3987404008198875e-05,0.07480414221050066,1.0752956160902978
2023-08-09,1.0958904027938843,1.0994327068328857,1.0955902338027954,1.0958904027938843,0,-0.0040300518423631165,0.07521923067192808,1.0758361133933068
2023-08-10,1.0977671146392822,1.1058399677276611,1.096803903579712,1.0977671146392822,0,0.0017110349162028462,0.0754480054765303,1.0764177444577216
2023-08-11,1.0981649160385132,1.1004369258880615,1.0951822996139526,1.0981649160385132,0,0.0003623075742100826,0.06182977635843232,1.077033753991127
2023-08-14,1.094439148902893,1.0960345268249512,1.087748646736145,1.094439148902893,0,-0.0033984892951348677,0.05559339110714507,1.0775415444374083
2023-08-15,1.0909883975982666,1.0949664115905762,1.0900845527648926,1.0909883975982666,0,-0.003157967124503774,0.055677383762094766,1.0779871690273284
2023-08-16,1.0904173851013184,1.0934697389602661,1.0897756814956665,1.0904173851013184,0,-0.0005235270892915599,0.05517556360529692,1.0783988320827484
2023-08-17,1.0874884128570557,1.0917268991470337,1.0862362384796143,1.0874884128570557,0,-0.0026897159765402793,0.05528586682726598,1.078826504945755
2023-08-18,1.0874648094177246,1.089561939239502,1.0846457481384277,1.0874648094177246,0,-2.170477883410121e-05,0.05548075677674724,1.0791677165031432
2023-08-21,1.087559461593628,1.0913575887680054,1.0870628356933594,1.087559461593628,0,8.703551240746353e-05,0.05299828406788024,1.0794412380456924
2023-08-22,1.0898351669311523,1.093199610710144,1.0834001302719116,1.0898351669311523,0,0.0020903019933335067,0.0541626065691717,1.0797307747602463
2023-08-23,1.0846692323684692,1.0870510339736938,1.0802985429763794,1.0846692323684692,0,-0.004751376251991785,0.05332134198719197,1.0799751889705658
2023-08-24,1.086578607559204,1.0876895189285278,1.081548810005188,1.086578607559204,0,0.001758781883683745,0.05412375186317791,1.0802105766534806
2023-08-25,1.07991361618042,1.0839755535125732,1.076669692993164,1.07991361618042,0,-0.006152814519424532,0.055727832334464,1.0804292804002762
2023-08-28,1.0797386169433594,1.0821340084075928,1.0799369812011719,1.0797386169433594,0,-0.00016206242353233513,0.04798444977050463,1.0806625241041183
2023-08-29,1.0825556516647339,1.0856702327728271,1.0783531665802002,1.0825556516647339,0,0.0026055993913908,0.04626492219226062,1.0809524565935136
2023-08-30,1.0869210958480835,1.094546914100647,1.085611343383789,1.0869210958480835,0,0.004024426701278006,0.04885029474539796,1.0812315189838408
2023-08-31,1.0932546854019165,1.0939722061157227,1.0837171077728271,1.0932546854019165,0,0.005810180468786455,0.05343328082120427,1.08148967564106
2023-09-01,1.0844104290008545,1.0880801677703857,1.0785857439041138,1.0844104290008545,0,-0.008122741160144649,0.05691540468758462,1.0817076766490936
2023-09-04,1.07758629322052,1.080905795097351,1.0774004459381104,1.07758629322052,0,-0.006312829592228983,0.06024375238236427,1.0819118440151214
2023-09-05,1.0794472694396973,1.07991361618042,1.0707554817199707,1.0794472694396973,0,0.0017254962677647017,0.05772244882207348,1.0821363097429275
2023-09-06,1.0726161003112793,1.0748181343078613,1.0705147981643677,1.0726161003112793,0,-0.006348504572645787,0.060569092733592914,1.0823371404409408
2023-09-07,1.0724204778671265,1.0734220743179321,1.068764328956604,1.0724204778671265,0,-0.00018239543948600666,0.05977653027086792,1.082486565709114
2023-09-08,1.0697818994522095,1.0742061138153076,1.0695072412490845,1.0697818994522095,0,-0.0024634271506727887,0.05910926367780238,1.0825712645053864
2023-09-11,1.071811318397522,1.0756852626800537,1.0711455345153809,1.071811318397522,0,0.0018952427901443828,0.059863197651032776,1.08265822827816
2023-09-12,1.0750375986099243,1.0762641429901123,1.070617914199829,1.0750375986099243,0,0.003005598219411332,0.060942285573045527,1.0827849543094634
2023-09-13,1.075326681137085,1.0765421390533447,1.0717424154281616,1.075326681137085,0,0.00026886842534049965,0.06046257429091813,1.0829270821809769
2023-09-14,1.0734220743179321,1.0755001306533813,1.065507411956787,1.0734220743179321,0,-0.0017727594378955903,0.060574374219869824,1.0830375635623932
2023-09-15,1.0637166500091553,1.068764328956604,1.0634677410125732,1.0637166500091553,0,-0.00908269633529821,0.06687680857286173,1.0830763161182404
2023-09-18,1.0668259859085083,1.0698162317276,1.0656323432922363,1.0668259859085083,0,0.002918822702197699,0.06821032667360696,1.0831493371725083
2023-09-19,1.0692671537399292,1.071926236152649,1.0676347017288208,1.0692671537399292,0,0.0022856390003425054,0.0690364449714756,1.0832248032093048
2023-09-20,1.0682048797607422,1.0726966857910156,1.0675777196884155,1.0682048797607422,0,-0.0009939536517845262,0.06822709656307209,1.0832525008916856
2023-09-21,1.065303087234497,1.0673611164093018,1.0619093179702759,1.065303087234497,0,-0.0027202094957808733,0.06715731969806193,1.083240842819214
2023-09-22,1.0661548376083374,1.0671560764312744,1.0615260601043701,1.0661548376083374,0,0.0007992186092448136,0.06676736437438413,1.0832513362169265
2023-09-25,1.0648492574691772,1.0655415058135986,1.0577309131622314,1.0648492574691772,0,-0.00122531937458651,0.0640111834546665,1.0832830649614333
2023-09-26,1.0591648817062378,1.060895323753357,1.0568143129348755,1.0591648817062378,0,-0.005352496698744066,0.06598802497272342,1.0832715970277786
2023-09-27,1.0569483041763306,1.057373046875,1.0509058237075806,1.0569483041763306,0,-0.0020949525340855537,0.0648259350223892,1.0832428419589997
2023-09-28,1.0505305528640747,1.0578652620315552,1.049185872077942,1.0505305528640747,0,-0.006090472631852323,0.06413861424303872,1.0831904548406601
2023-09-29,1.0562450885772705,1.0617965459823608,1.0558546781539917,1.0562450885772705,0,0.005424924814573403,0.0635876705380212,1.0831700152158736
2023-10-02,1.0565240383148193,1.0590976476669312,1.0492738485336304,1.0565240383148193,0,0.0002640607869730246,0.05930709961141107,1.0831187331676484
2023-10-03,1.0480751991271973,1.049428105354309,1.0449867248535156,1.0480751991271973,0,-0.008028972380780982,0.06141687425721212,1.083038998246193
2023-10-04,1.0472300052642822,1.0532413721084595,1.045369029045105,1.0472300052642822,0,-0.0008067501641140518,0.06045239373901673,1.0829565650224686
2023-10-05,1.0507071018218994,1.0536853075027466,1.0500892400741577,1.0507071018218994,0,0.003314779770723716,0.05983685566090407,1.0828954750299453
2023-10-06,1.0546631813049316,1.0598160028457642,1.0483938455581665,1.0546631813049316,0,0.003758088703719646,0.062018152855253694,1.082838414311409
2023-10-09,1.056747317314148,1.0576413869857788,1.0521442890167236,1.056747317314148,0,0.0019741653150437614,0.06241787930404283,1.0827672839164735
2023-10-10,1.0578875541687012,1.061954379081726,1.0555983781814575,1.0578875541687012,0,0.0010784244414369746,0.06207229978763858,1.0827178645133972
2023-10-11,1.0604791641235352,1.063354730606079,1.0592771768569946,1.0604791641235352,0,0.0024468013261512104,0.061689751034320374,1.0827468329668044
2023-10-12,1.0624282360076904,1.0639089345932007,1.0545964241027832,1.0624282360076904,0,0.0018362293444184133,0.06222032800585588,1.0827557915449142
2023-10-13,1.0536741018295288,1.0558546781539917,1.0496152639389038,1.0536741018295288,0,-0.008273875947999566,0.06763748351651144,1.0827630531787873
2023-10-16,1.0521553754806519,1.055464744567871,1.0516352653503418,1.0521553754806519,0,-0.0014424022728840294,0.0608014851627329,1.0826956683397293
2023-10-17,1.0554312467575073,1.0595004558563232,1.0533411502838135,1.0554312467575073,0,0.0031086493721078946,0.06094017517149056,1.0826062327623367
2023-10-18,1.057305932044983,1.0595465898513794,1.0527091026306152,1.057305932044983,0,0.0017746511949462836,0.06066977567106864,1.0825232893228531
2023-10-19,1.053851842880249,1.0585371255874634,1.0528864860534668,1.053851842880249,0,-0.0032722255890128117,0.06139558788048189,1.082409548163414
2023-10-20,1.0586491823196411,1.0601080656051636,1.056579828262329,1.0586491823196411,0,0.004541865427760706,0.06342198243439653,1.0822726744413376
2023-10-23,1.0589966773986816,1.064736008644104,1.057183027267456,1.0589966773986816,0,0.000328189985652953,0.0633402089698565,1.0821553480625152
2023-10-24,1.0669853687286377,1.0690499544143677,1.0584250688552856,1.0669853687286377,0,0.007515330568956494,0.06877161117136785,1.0820752102136613
2023-10-25,1.059535264968872,1.0606703758239746,1.0566803216934204,1.059535264968872,0,-0.007006876982751212,0.07063642339470491,1.0819762325286866
2023-10-26,1.056725025177002,1.0569707155227661,1.0526316165924072,1.056725025177002,0,-0.0026558561409556923,0.07087401971499185,1.0818609309196472
2023-10-27,1.0564459562301636,1.0597710609436035,1.053629755973816,1.0564459562301636,0,-0.000264123396465434,0.06736269282115641,1.0817262190580368
2023-10-30,1.0562450885772705,1.0625998973846436,1.054841160774231,1.0562450885772705,0,-0.00019015336292734387,0.06470154437111714,1.081574905514717
2023-10-31,1.061503529548645,1.0669056177139282,1.0567585229873657,1.061503529548645,0,0.00496607740248526,0.06695435867720756,1.0814452767372131
2023-11-01,1.0579099655151367,1.0580778121948242,1.0522881746292114,1.0579099655151367,0,-0.0033910961552048305,0.061452860569329054,1.0812907534837723
2023-11-02,1.05870521068573,1.067008137702942,1.0584250688552856,1.05870521068573,0,0.0007514310744385675,0.061289863237108035,1.0811232602596283
2023-11-03,1.0619093179702759,1.0736998319625854,1.0615485906600952,1.0619093179702759,0,0.003021869066246271,0.061129697709206704,1.0809855908155441
2023-11-06,1.0732147693634033,1.075700283050537,1.0723400115966797,1.0732147693634033,0,0.010590070261934715,0.06969233333682857,1.0809159368276595
2023-11-07,1.0721560716629028,1.0721560716629028,1.0664732456207275,1.0721560716629028,0,-0.0009869601713547505,0.0698347181124723,1.0808513700962066
2023-11-08,1.0696102380752563,1.071604609489441,1.0660640001296997,1.0696102380752563,0,-0.0023773226566195147,0.07061381068017453,1.0807689476013183
2023-11-09,1.0710422992706299,1.0728002786636353,1.0681477785110474,1.0710422992706299,0,0.0013379671703129812,0.07033745773633461,1.080617733001709
2023-11-10,1.0667576789855957,1.0692557096481323,1.0657685995101929,1.0667576789855957,0,-0.0040084442563240764,0.07180769428545697,1.0804989588260652
2023-11-13,1.069015622138977,1.0705492496490479,1.0665528774261475,1.069015622138977,0,0.0021144041770807375,0.06507435365349779,1.0804486060142517
2023-11-14,1.0701825618743896,1.08672034740448,1.0693585872650146,1.0701825618743896,0,0.0010910067705588759,0.06461933981194821,1.080434136390686
2023-11-15,1.0878314971923828,1.0887316465377808,1.0832945108413696,1.0878314971923828,0,0.016357010041172345,0.0839622201414524,1.0805084294080733
2023-11-16,1.0854581594467163,1.0893957614898682,1.0830950736999512,1.0854581594467163,0,-0.002184097901422437,0.08487823424186926,1.0805778121948242
2023-11-17,1.0853756666183472,1.089229702949524,1.0825204849243164,1.0853756666183472,0,-7.600105306852202e-05,0.08344192711343935,1.0806335443258286
2023-11-20,1.090702772140503,1.0945110321044922,1.0897995233535767,1.090702772140503,0,0.004896069984269191,0.08361861816077641,1.0807482010126115
2023-11-21,1.0945948362350464,1.0967316627502441,1.0922993421554565,1.0945948362350464,0,0.0035620486609204824,0.08383650343702152,1.0808559656143188
2023-11-22,1.0918222665786743,1.0922515392303467,1.0854581594467163,1.0918222665786743,0,-0.002536177693585343,0.08207390988017514,1.0809472173452377
2023-11-23,1.0890873670578003,1.0927051305770874,1.0888028144836426,1.0890873670578003,0,-0.0025080369331155557,0.07784857004814828,1.0810467755794526
2023-11-24,1.0906314849853516,1.0944151878356934,1.089561939239502,1.0906314849853516,0,0.0014168049098633336,0.07650111241964347,1.081167054772377
2023-11-27,1.0940439701080322,1.0959264039993286,1.0925856828689575,1.0940439701080322,0,0.0031240227376338517,0.07641476751156186,1.0812950521707534
2023-11-28,1.0958423614501953,1.1007153987884521,1.0935057401657104,1.0958423614501953,0,0.0016424521405813044,0.0761172245410857,1.0814329540729524
2023-11-29,1.100594401359558,1.1016855239868164,1.096118688583374,1.100594401359558,0,0.004327051344560121,0.07580885751208476,1.0816099214553834
2023-11-30,1.0973695516586304,1.098538875579834,1.0894907712936401,1.0973695516586304,0,-0.002934399365846547,0.0754363255576891,1.0817938673496246
2023-12-01,1.0892059803009033,1.0913456678390503,1.0831537246704102,1.0892059803009033,0,-0.0074670270195374205,0.08189438389629465,1.0819408732652664
2023-12-04,1.088814616203308,1.0887316465377808,1.0805671215057373,1.088814616203308,0,-0.00035937594202320786,0.08186354868102769,1.082107567191124
2023-12-05,1.0837758779525757,1.0848339796066284,1.078260064125061,1.0837758779525757,0,-0.004638469420250361,0.07666645878453204,1.0822208440303802
2023-12-06,1.0793657302856445,1.0803686380386353,1.0773192644119263,1.0793657302856445,0,-0.004077545141317364,0.07813802666003346,1.0823290181159972
2023-12-07,1.076669692993164,1.0796804428100586,1.0757662057876587,1.076669692993164,0,-0.0025009224510818134,0.07819292324447208,1.082377895116806
2023-12-08,1.079214334487915,1.0800535678863525,1.0731456279754639,1.079214334487915,0,0.002360648944021793,0.07844164870465468,1.0824741005897522
2023-12-11,1.0765769481658936,1.077934741973877,1.0743216276168823,1.0765769481658936,0,-0.0024467931186417952,0.07752655275190219,1.0825438845157622
2023-12-12,1.076658010482788,1.0822042226791382,1.0761829614639282,1.076658010482788,0,7.529351741870235e-05,0.07729186627594191,1.0825830101966858
2023-12-13,1.0798670053482056,1.0808240175247192,1.0774004459381104,1.0798670053482056,0,0.0029760816224084843,0.07779709249671453,1.0827069705724717
2023-12-14,1.0886130332946777,1.1004126071929932,1.088020920753479,1.0886130332946777,0,0.00806654911765613,0.0595776063318676,1.0828752732276916
2023-12-15,1.0993602275848389,1.100594401359558,1.0902271270751953,1.0993602275848389,0,0.009823959841428205,0.06788629607999883,1.083079724907875
2023-12-18,1.0895264148712158,1.0930036306381226,1.0894551277160645,1.0895264148712158,0,-0.008985279259387994,0.07559215050364544,1.0831855338811875
2023-12-19,1.092382788658142,1.098799705505371,1.091607689857483,1.092382788658142,0,0.002618234905509399,0.0742012627884242,1.0832849425077438
2023-12-20,1.0981045961380005,1.09797203540802,1.0935654640197754,1.0981045961380005,0,0.005224244187125721,0.07539971379349718,1.0834116369485856
2023-12-21,1.0945708751678467,1.099976897239685,1.0936251878738403,1.0945708751678467,0,-0.003223207515873198,0.07574516135564771,1.083592814207077
2023-12-22,1.100618600845337,1.1040574312210083,1.0994206666946411,1.100618600845337,0,0.005509994507838045,0.07731651808636761,1.083788840174675
2023-12-25,1.102657437324524,1.1042402982711792,1.0999890565872192,1.102657437324524,0,0.0018507322966524104,0.07739581313199777,1.0839626997709275
2023-12-26,1.1020255088806152,1.1039965152740479,1.1009578704833984,1.1020255088806152,0,-0.0005732601708578364,0.07688780853675986,1.0841132533550262
2023-12-27,1.1043012142181396,1.1122480630874634,1.1029249429702759,1.1043012142181396,0,0.002062891339460544,0.07699084903055135,1.0842476409673691
2023-12-28,1.110864281654358,1.113945484161377,1.1071009635925293,1.110864281654358,0,0.005925594861729413,0.07821644718942455,1.0843667662143708
2023-12-29,1.1068191528320312,1.1086474657058716,1.1043256521224976,1.1068191528320312,0,-0.003648070996618757,0.07864256206651923,1.0844833332300186
2024-01-01,1.1055831909179688,1.1053388118743896,1.1039965152740479,1.1055831909179688,0,-0.0011173031398486696,0.07354131936916124,1.0846221566200256
2024-01-02,1.1038745641708374,1.1046061515808105,1.0941996574401855,1.1038745641708374,0,-0.0015466483428338857,0.07387324230441955,1.084737993478775
2024-01-03,1.0941756963729858,1.0967004299163818,1.0898706912994385,1.0941756963729858,0,-0.008825030908954975,0.07890475177611178,1.0847891116142272
2024-01-04,1.0927767753601074,1.0970205068588257,1.0917030572891235,1.0927767753601074,0,-0.0012793338874625213,0.07746175734787702,1.084831178188324
2024-01-05,1.0947387218475342,1.0996382236480713,1.0879853963851929,1.0947387218475342,0,0.0017937674187858852,0.07672908156735828,1.0848525470495225
2024-01-08,1.0942236185073853,1.0978153944015503,1.092454433441162,1.0942236185073853,0,-0.0004706370138586311,0.07662677804062869,1.0849219971895219
2024-01-09,1.095170259475708,1.0967316627502441,1.0912623405456543,1.095170259475708,0,0.0008647516893451855,0.0757904077754679,1.0849417155981065
2024-01-10,1.0932426452636719,1.0969723463058472,1.0923351049423218,1.0932426452636719,0,-0.0017616554045898074,0.07628196819822584,1.084927875995636
2024-01-11,1.0975141525268555,1.0991426706314087,1.0931470394134521,1.0975141525268555,0,0.0038995772423958907,0.07669088707120061,1.0849637758731843
2024-01-12,1.0981649160385132,1.098659634590149,1.0937089920043945,1.0981649160385132,0,0.0005927674404056253,0.07195770808179851,1.084994535446167
2024-01-15,1.0945708751678467,1.0958904027938843,1.0934100151062012,1.0945708751678467,0,-0.003278136931587735,0.0642778315150123,1.0850106018781662
2024-01-16,1.0945708751678467,1.094666838645935,1.086708426475525,1.0945708751678467,0,0.0,0.05579435607417171,1.0850487917661666
2024-01-17,1.087878942489624,1.0884946584701538,1.0845398902893066,1.087878942489624,0,-0.006132515484610603,0.059186602896534976,1.08502943277359
2024-01-18,1.0885775089263916,1.0907504558563232,1.084869384765625,1.0885775089263916,0,0.0006419301064366271,0.05593783238705218,1.084972375035286
2024-01-19,1.0879143476486206,1.0892653465270996,1.0868265628814697,1.0879143476486206,0,-0.0006093855084178445,0.05500954640538443,1.084884641766548
2024-01-22,1.089229702949524,1.0909883975982666,1.0880327224731445,1.089229702949524,0,0.001208331125892878,0.051179291668832755,1.084837492108345
2024-01-23,1.088020920753479,1.0918222665786743,1.0824267864227295,1.088020920753479,0,-0.0011103749904406092,0.05049233486822883,1.0848149067163468
2024-01-24,1.0857881307601929,1.0931470394134521,1.0851871967315674,1.0857881307601929,0,-0.002054265784688464,0.05072911290628448,1.084756156206131
2024-01-25,1.088174819946289,1.0900371074676514,1.0826143026351929,1.088174819946289,0,0.002195704525871863,0.05082248102892028,1.0847209388017653
2024-01-26,1.0847046375274658,1.0883287191390991,1.0813382863998413,1.0847046375274658,0,-0.0031940891678824117,0.04536695498554533,1.0846589982509613
2024-01-29,1.0843517780303955,1.084975242614746,1.079715371131897,1.0843517780303955,0,-0.00032535760494948154,0.044499469824426714,1.0845846211910248
2024-01-30,1.0834470987319946,1.085564136505127,1.0812681913375854,1.0834470987319946,0,-0.0008346524768681695,0.044498978366947536,1.0844721066951752
2024-01-31,1.08433997631073,1.088565707206726,1.0807656049728394,1.08433997631073,0,0.0008237687543271816,0.04486343795780991,1.0844046092033386
2024-02-01,1.0803920030593872,1.086555004119873,1.078027606010437,1.0803920030593872,0,-0.003647544052697876,0.03597097430177808,1.084282928109169
2024-02-02,1.0874648094177246,1.0897995233535767,1.0783065557479858,1.0874648094177246,0,0.006525183225310071,0.04349659822978849,1.084204227924347
2024-02-05,1.0780043601989746,1.0787487030029297,1.072466492652893,1.0780043601989746,0,-0.008737607110913186,0.05181932089071091,1.0840887939929962
2024-02-06,1.0741831064224243,1.076310396194458,1.0724550485610962,1.0741831064224243,0,-0.0035510454839929734,0.052713388426600095,1.083975088596344
2024-02-07,1.075719952583313,1.0784345865249634,1.0756388902664185,1.075719952583313,0,0.0014296890422369148,0.052984651733256,1.083848232626915
2024-02-08,1.077574610710144,1.0789813995361328,1.074310064315796,1.077574610710144,0,0.0017226241286986182,0.053603173898112,1.0837016427516937
2024-02-09,1.0777255296707153,1.0794472694396973,1.0763914585113525,1.0777255296707153,0,0.00014004449588293628,0.05107189087076896,1.0835788065195084
2024-02-12,1.0798202753067017,1.0805437564849854,1.0757662057876587,1.0798202753067017,0,0.0019417861621718751,0.05176660998934969,1.0834685695171355
2024-02-13,1.0772264003753662,1.079563856124878,1.0702054500579834,1.0772264003753662,0,-0.0024050255479935757,0.05132692197311967,1.083356631398201
2024-02-14,1.0708931684494019,1.0734450817108154,1.069553017616272,1.0708931684494019,0,-0.00589655284375755,0.05420944181356962,1.0832287615537644
2024-02-15,1.0732147693634033,1.0786322355270386,1.072524070739746,1.0732147693634033,0,0.002165564317311912,0.05196488534135139,1.0831028044223785
2024-02-16,1.0773887634277344,1.0780508518218994,1.0734450817108154,1.0773887634277344,0,0.00388170040799465,0.0541430754264262,1.0830336755514145
2024-02-19,1.0784461498260498,1.0789813995361328,1.0762988328933716,1.0784927606582642,0,0.0010241725388866125,0.054393579911301254,1.0829997909069062
2024-02-20,1.0775396823883057,1.0838581323623657,1.0762524604797363,1.0775396823883057,0,-0.0008841038873163796,0.05408924617952332,1.0829506385326386
2024-02-21,1.0813149213790894,1.0822510719299316,1.0791910886764526,1.0813149213790894,0,0.0034974498351770826,0.0557777890686398,1.0829243791103362
2024-02-22,1.0820403099060059,1.0886249542236328,1.0805087089538574,1.0820403099060059,0,0.0006706143712430367,0.055492497322264904,1.0829154074192047
2024-02-23,1.0825674533843994,1.0839403867721558,1.0813733339309692,1.0825674533843994,0,0.0004870568217987158,0.054889151635875516,1.0829405462741852
2024-02-26,1.081958293914795,1.0859060287475586,1.0813382863998413,1.0820051431655884,0,-0.0005195577476647977,0.05385129105294562,1.0829391992092132
2024-02-27,1.0850930213928223,1.0866140127182007,1.0833649635314941,1.0850930213928223,0,0.0028497835192923576,0.054812415882925444,1.0829591417312623
2024-02-28,1.084481120109558,1.0847163200378418,1.0798670053482056,1.084481120109558,0,-0.0005640750300102595,0.05476647223736882,1.082996691465378
2024-02-29,1.0838816165924072,1.085587739944458,1.0805671215057373,1.0838816165924072,0,-0.0005529550220347515,0.05472757514660123,1.083037441968918
2024-03-01,1.0804970264434814,1.0841518640518188,1.079925298690796,1.0804970264434814,0,-0.0031275423260024677,0.05432143733127718,1.0830777090787889
2024-03-04,1.084269404411316,1.0866494178771973,1.0838581323623657,1.084269404411316,0,0.0034852552521659795,0.05061815580604885,1.0831375283002853
2024-03-05,1.0855170488357544,1.0875357389450073,1.084269404411316,1.0855170488357544,0,0.0011500159935793875,0.039914429213509614,1.0832112789154054
2024-03-06,1.0855995416641235,1.0914051532745361,1.084293007850647,1.0855995416641235,0,7.59911547539199e-05,0.03736614586390943,1.0832727420330048
2024-03-07,1.089953899383545,1.0940918922424316,1.086932897567749,1.089953899383545,0,0.004002993860566666,0.03918873946878715,1.0833749181032182
2024-03-08,1.0950144529342651,1.0978032350540161,1.0927051305770874,1.0950144529342651,0,0.004632161004990791,0.041445743488226,1.083469596505165
2024-03-11,1.0942955017089844,1.09505033493042,1.0914647579193115,1.0942955017089844,0,-0.0006567834304138422,0.04168822665610304,1.083591763973236
2024-03-12,1.093135118484497,1.0942115783691406,1.0903223752975464,1.093135118484497,0,-0.0010609555545411638,0.041882590161664505,1.0837015402317047
2024-03-13,1.0927767753601074,1.0949305295944214,1.0920488834381104,1.0927767753601074,0,-0.00032786603029042014,0.040613908529224564,1.0838164001703263
2024-03-14,1.0955302715301514,1.0954701900482178,1.0884116888046265,1.0955302715301514,0,0.0025165550941543685,0.03322692326773606,1.0839403313398361
2024-03-15,1.0883406400680542,1.0901559591293335,1.0873819589614868,1.0883406400680542,0,-0.006584324557311425,0.04223835557806747,1.0839906758069993
2024-03-18,1.0882576704025269,1.0907504558563232,1.0880801677703857,1.0882576704025269,0,-7.623792150198477e-05,0.040637094085449195,1.084056487083435
2024-03-19,1.087393879890442,1.0877841711044312,1.0835057497024536,1.087393879890442,0,-0.000794052298820581,0.04081689259966858,1.0841119623184203
2024-03-20,1.0863306522369385,1.0874292850494385,1.0836936235427856,1.0863306522369385,0,-0.0009782543487731165,0.040855248691705204,1.0841489410400391
2024-03-21,1.0937210321426392,1.0944511890411377,1.0856467485427856,1.0937210321426392,0,0.006780030280211767,0.045340509127061356,1.084196022748947
2024-03-22,1.0862362384796143,1.08695650100708,1.080905795097351,1.0862362384796143,0,-0.006866944757079783,0.052089762274970364,1.08415422976017
2024-03-25,1.0807539224624634,1.0843634605407715,1.080263614654541,1.0807539224624634,0,-0.005059854735420729,0.05513838972633721,1.0840869414806367
2024-03-26,1.0838228464126587,1.0864133834838867,1.082602620124817,1.0838228464126587,0,0.0028355898951227965,0.056019176245098175,1.08404390335083
2024-03-27,1.0832358598709106,1.0839285850524902,1.081174612045288,1.0832358598709106,0,-0.000541735721696503,0.05513118763967245,1.0839998984336854
2024-03-28,1.0813382863998413,1.0828369855880737,1.0775513648986816,1.0813382863998413,0,-0.0017533000294245103,0.05541551076967306,1.0839102721214295
2024-03-29,1.0794472694396973,1.0807305574417114,1.0768898725509644,1.0794472694396973,0,-0.0017503055199580492,0.055683005412538594,1.0838280564546585
2024-04-01,1.0792726278305054,1.0801469087600708,1.0731571912765503,1.0792726278305054,0,-0.00016180108386803512,0.05465338338151188,1.0837710839509964
2024-04-02,1.0737217664718628,1.0778765678405762,1.072535514831543,1.0737217664718628,0,-0.005156421839743476,0.05578882141864776,1.0836844527721405
2024-04-03,1.076855182647705,1.0831888914108276,1.0764726400375366,1.076855182647705,0,0.002914025833319365,0.0567586819346422,1.083590117096901
2024-04-04,1.0838346481323242,1.087583065032959,1.0835057497024536,1.0838346481323242,0,0.006460427276889821,0.06151654200199358,1.0835513710975646
2024-04-05,1.0837054252624512,1.084845781326294,1.0791677236557007,1.0837054252624512,0,-0.00011923458450640673,0.059701909595351925,1.0835358834266662
2024-04-08,1.0830481052398682,1.085835337638855,1.0821573734283447,1.0830481052398682,0,-0.0006067326380173935,0.05697357088126335,1.083497371673584
2024-04-09,1.0863661766052246,1.0888501405715942,1.0849870443344116,1.0863661766052246,0,0.003058958337697158,0.058302355577430354,1.0834726530313492
2024-04-10,1.0859296321868896,1.0868383646011353,1.073375940322876,1.0859296321868896,0,-0.0004019198697015849,0.05824523950031016,1.0834598278999328
2024-04-11,1.074171543121338,1.0755810737609863,1.0700452327728271,1.074171543121338,0,-0.010886717095524747,0.0688027882407095,1.0834023934602737
2024-04-12,1.0726851224899292,1.072961449623108,1.062371850013733,1.0726851224899292,0,-0.0013847416017447754,0.06773967036526528,1.0833205008506774
2024-04-15,1.0649627447128296,1.0665528774261475,1.0623606443405151,1.0649627447128296,0,-0.007225148247919505,0.06843766612583582,1.0831604528427123
2024-04-16,1.0625749826431274,1.065405249595642,1.0604116916656494,1.0625749826431274,0,-0.0022446258334513653,0.06846751566328112,1.0829703557491301
2024-04-17,1.0621461868286133,1.0652689933776855,1.0608166456222534,1.0621461868286133,0,-0.000403625498250325,0.06850552367980908,1.0827740544080735
2024-04-18,1.0669398307800293,1.0691757202148438,1.0647813081741333,1.0669398307800293,0,0.004503013980535367,0.0712245424991827,1.0825364810228348
2024-04-19,1.0644185543060303,1.0680338144302368,1.0611768960952759,1.0644185543060303,0,-0.0023658880343129613,0.06569926985479226,1.0822468388080597
2024-04-22,1.0657799243927002,1.067121982574463,1.0625072717666626,1.065825343132019,0,0.00132077743040315,0.06301446941451663,1.0819620877504348
2024-04-23,1.065405249595642,1.0709964036941528,1.0639317035675049,1.065405249595642,0,-0.00039422626838334047,0.06118282525937362,1.081670315861702
2024-04-24,1.0704345703125,1.0715816020965576,1.0679197311401367,1.0704345703125,0,0.004709463664304997,0.06286127525073483,1.0814080435037612
2024-04-25,1.0699878931045532,1.0731916427612305,1.0678740739822388,1.0699878931045532,0,-0.0004173729458229782,0.06286400170205343,1.0811553657054902
2024-04-26,1.072961449623108,1.0752919912338257,1.0675548315048218,1.072961449623108,0,0.002775201791036396,0.0637554478694926,1.080951623916626
2024-04-29,1.0706866979599,1.0735372304916382,1.0690956115722656,1.0706866979599,0,-0.002122318925900117,0.06386982688305481,1.0807423943281174
2024-04-30,1.0715701580047607,1.0736525058746338,1.068433165550232,1.0715701580047607,0,0.0008247938079739085,0.06400515677165936,1.0805686599016189
2024-05-01,1.0666552782058716,1.0688670873641968,1.0650080442428589,1.0666552782058716,0,-0.004597165828774006,0.06350235609675087,1.0803767079114914
2024-05-02,1.0721560716629028,1.0730764865875244,1.0675777196884155,1.0721560716629028,0,0.005143796890728481,0.06537292652872027,1.0801983040571213
2024-05-03,1.073306918144226,1.080940842628479,1.0725010633468628,1.073306918144226,0,0.0010728188714235368,0.060963464515469044,1.0800754606723786
2024-05-06,1.0758124589920044,1.079214334487915,1.0756388902664185,1.0758124589920044,0,0.0023316917706926814,0.0617249709091681,1.0799423909187318
2024-05-07,1.0767507553100586,1.0789813995361328,1.0755810737609863,1.0767507553100586,0,0.0008717944924890549,0.061859259151329594,1.0798273491859436
2024-05-08,1.0750491619110107,1.0758472681045532,1.0735719203948975,1.0750491619110107,0,-0.0015815538797213848,0.060784782502870484,1.0796986544132232
2024-05-09,1.0746910572052002,1.078283429145813,1.0725126266479492,1.0746910572052002,0,-0.0003331609149222311,0.06078662804506827,1.0796000337600709
2024-05-10,1.078515887260437,1.0793308019638062,1.0762062072753906,1.078515887260437,0,0.003552685995199825,0.0491512726491299,1.0795168215036393
2024-05-13,1.077040672302246,1.0807305574417114,1.0766464471817017,1.077040672302246,0,-0.0013687557229370368,0.04914484110983194,1.0794006878137588
2024-05-14,1.079354166984558,1.0828369855880737,1.0776442289352417,1.079354166984558,0,0.0021457068323342014,0.041439315365154696,1.0792958796024323
2024-05-15,1.0814552307128906,1.0874292850494385,1.0813616514205933,1.0814552307128906,0,0.0019447012704893634,0.040291123606510736,1.0792237037420274
2024-05-16,1.0889805555343628,1.089680790901184,1.0855170488357544,1.0889805555343628,0,0.006934418446712236,0.045164265874417076,1.0791797709465027
2024-05-17,1.0867793560028076,1.087890625,1.0836349725723267,1.0867793560028076,0,-0.0020233852741519107,0.04478562149280678,1.0791228431463242
2024-05-20,1.0875475406646729,1.0884946584701538,1.0855052471160889,1.0875475406646729,0,0.0007065954020106566,0.04321946450927451,1.0790883851051332
2024-05-21,1.086082935333252,1.0875475406646729,1.0845986604690552,1.086082935333252,0,-0.0013476122728719713,0.04397027897137248,1.079063857793808
2024-05-22,1.0855170488357544,1.0864840745925903,1.0822510719299316,1.0855170488357544,0,-0.0005211701182829347,0.044019405607748335,1.0790393561124803
2024-05-23,1.0825204849243164,1.086130142211914,1.0813032388687134,1.0825204849243164,0,-0.0027643117547025264,0.04345965488635905,1.0790145164728164
2024-05-24,1.0812681913375854,1.0856584310531616,1.0806137323379517,1.0812681913375854,0,-0.00115750095218525,0.043738669932319604,1.0789835333824158
2024-05-27,1.0847634077072144,1.08672034740448,1.0841753482818604,1.0847634077072144,0,0.003227302320858273,0.04406191229181039,1.0789695531129837
2024-05-28,1.0861891508102417,1.0889450311660767,1.0859060287475586,1.0861891508102417,0,0.0013134725606132052,0.043061015964871364,1.078951323032379
2024-05-29,1.0851871967315674,1.085894227027893,1.080952525138855,1.0851871967315674,0,-0.0009228747019577188,0.04341343009519097,1.0789539128541947
2024-05-30,1.0801819562911987,1.0845986604690552,1.0788999795913696,1.0801819562911987,0,-0.004622998667696261,0.04345248051767773,1.0789219295978547
2024-05-31,1.0835410356521606,1.0882576704025269,1.081162929534912,1.0835410356521606,0,0.003104909521282527,0.04128615695673352,1.0789400666952134
2024-06-03,1.0853049755096436,1.0890873670578003,1.0828019380569458,1.0853049755096436,0,0.0016266164009212727,0.04142679600624873,1.0789678984880446
2024-06-04,1.0907385349273682,1.0918222665786743,1.0860711336135864,1.0907385349273682,0,0.004993990868639649,0.04384235117169099,1.079008812904358
2024-06-05,1.0881866216659546,1.0889924764633179,1.0860947370529175,1.0881866216659546,0,-0.0023423607924120534,0.045040578492887354,1.0790151405334472
2024-06-06,1.087453007698059,1.0898706912994385,1.0863661766052246,1.087453007698059,0,-0.0006743892561967788,0.044619201822258224,1.078986132144928
2024-06-07,1.0894432067871094,1.090179681777954,1.0804970264434814,1.0894432067871094,0,0.0018284745320394033,0.0447106163512669,1.0790112960338591
2024-06-10,1.0778882503509521,1.078283429145813,1.073364496231079,1.0778882503509521,0,-0.010662943021032207,0.05817153007933821,1.0790128058195114
2024-06-11,1.0764262676239014,1.0773539543151855,1.0721101760864258,1.0764262676239014,0,-0.001357260455041113,0.05816820458938633,1.0789977008104323
2024-06-12,1.0740330219268799,1.0851753950119019,1.073502779006958,1.0740330219268799,0,-0.002225800503826749,0.058081772179215875,1.0790047854185105
2024-06-13,1.0813149213790894,1.0817828178405762,1.075384497642517,1.0813149213790894,0,0.0067570780683288145,0.06257617408614666,1.0790492576360702
2024-06-14,1.0738831758499146,1.0745755434036255,1.0668145418167114,1.0738831758499146,0,-0.006896604999001071,0.06158129561490852,1.0790697640180589
2024-06-17,1.0702168941497803,1.0726161003112793,1.068764328956604,1.0702168941497803,0,-0.0034198826115551654,0.062156813323660874,1.0790617918968202
2024-06-18,1.0740677118301392,1.0761250257492065,1.0711110830307007,1.0740677118301392,0,0.0035917077512611435,0.06378007339197622,1.079056942462921
2024-06-19,1.0742292404174805,1.075326681137085,1.0726275444030762,1.0742292404174805,0,0.0001503782682153156,0.06376812508290625,1.0790514552593231
2024-06-20,1.0751532316207886,1.0750375986099243,1.0707554817199707,1.0751532316207886,0,0.0008597736998856827,0.06394768869529967,1.0790601110458373
2024-06-21,1.0706409215927124,1.0722709894180298,1.0671902894973755,1.0706409215927124,0,-0.0042057311718622144,0.06479240665735772,1.0790947324037552
2024-06-24,1.0687757730484009,1.074702501296997,1.0684444904327393,1.0687757730484009,0,-0.001743605181274369,0.06489617342778448,1.0791044813394546
2024-06-25,1.0732723474502563,1.0745755434036255,1.0692213773727417,1.0732723474502563,0,0.004198394017140161,0.06569131062413873,1.0791245073080062
2024-06-26,1.0709619522094727,1.0720411539077759,1.0667691230773926,1.0709619522094727,0,-0.0021549847749991156,0.06557881488877575,1.07913829267025
2024-06-27,1.068010926246643,1.0726161003112793,1.0677828788757324,1.068010926246643,0,-0.002759294299526374,0.06597459099487209,1.0791518318653106
2024-06-28,1.0708472728729248,1.0720986127853394,1.0686043500900269,1.0708472728729248,0,0.0026522078836921812,0.06541803143325774,1.0791752940416337
2024-07-01,1.0735257863998413,1.077818512916565,1.072075605392456,1.0735257863998413,0,0.002498179976998341,0.06503955953641473,1.079218676686287
2024-07-02,1.0737102031707764,1.0746102333068848,1.0710651874542236,1.0737102031707764,0,0.00017177131184862907,0.06465057077538001,1.0792914032936096
2024-07-03,1.0748412609100342,1.081560492515564,1.0737102031707764,1.0748412609100342,0,0.001052856180220774,0.06180051007348103,1.079380868077278
2024-07-04,1.0793308019638062,1.0816657543182373,1.0784229040145874,1.0793308019638062,0,0.0041682348697401434,0.06370525675091808,1.0795248693227768
2024-07-05,1.0810693502426147,1.0838346481323242,1.0810693502426147,1.0810693502426147,0,0.0016094691090687886,0.06406663295910366,1.0796489906311035
2024-07-08,1.082602620124817,1.0847163200378418,1.0815136432647705,1.082602620124817,0,0.0014172852076074353,0.06391174137742454,1.0797793835401535
2024-07-09,1.0830950736999512,1.0834236145019531,1.0806254148483276,1.0830950736999512,0,0.0004547759228130968,0.05161965442780887,1.0799544829130172
2024-07-10,1.0814785957336426,1.0828721523284912,1.081186294555664,1.0814785957336426,0,-0.0014935765778125393,0.05167458179850337,1.080125725865364
2024-07-11,1.083329677581787,1.0898351669311523,1.0832945108413696,1.083329677581787,0,0.0017101581900879357,0.051120233520728864,1.0802888387441636
2024-07-12,1.0872756242752075,1.091119408607483,1.086307168006897,1.0872756242752075,0,0.003635807059775768,0.04723327731256598,1.080451900959015
2024-07-15,1.0885539054870605,1.0921919345855713,1.088435411453247,1.0885539054870605,0,0.0011749830043508219,0.039455610428497934,1.0806109338998795
2024-07-16,1.0901559591293335,1.0906314849853516,1.0872164964675903,1.0901559591293335,0,0.0014706445837825762,0.03664219705786758,1.0807722759246827
2024-07-17,1.0902509689331055,1.0947147607803345,1.0896332263946533,1.0902509689331055,0,8.714869009926246e-05,0.03536188856863798,1.0809211349487304
2024-07-18,1.094020128250122,1.0942115783691406,1.0905362367630005,1.094020128250122,0,0.0034511861306799033,0.03653053332850805,1.0810790944099427
2024-07-19,1.0901559591293335,1.0901559591293335,1.0877368450164795,1.0901559591293335,0,-0.0035383348207792247,0.039593661308675664,1.0812615036964417
2024-07-22,1.0899182558059692,1.0901559591293335,1.0873701572418213,1.0899182558059692,0,-0.00021806902047437983,0.03563052248293383,1.0814503180980681
2024-07-23,1.0889805555343628,1.0900371074676514,1.084445834159851,1.0889805555343628,0,-0.0008607103043199634,0.03494550363387319,1.0816180646419524
2024-07-24,1.0850694179534912,1.0866494178771973,1.0826728343963623,1.0850694179534912,0,-0.003598023824621103,0.036068757602298177,1.0817568820714951
2024-07-25,1.0839520692825317,1.0864368677139282,1.0829308032989502,1.0839520692825317,0,-0.0010302791156022808,0.03521793635915721,1.0819073832035064
2024-07-26,1.0851283073425293,1.0868501663208008,1.084269404411316,1.0851283073425293,0,0.0010845501051680547,0.03308646863669611,1.082039778828621
2024-07-29,1.0853756666183472,1.0871928930282593,1.0803102254867554,1.0853756666183472,0,0.0002279279649853626,0.03239548947238478,1.0821716737747193
2024-07-30,1.081946611404419,1.0837758779525757,1.0799952745437622,1.081946611404419,0,-0.0031643268838695902,0.03419541999174513,1.0822464799880982
2024-07-31,1.0816072225570679,1.0851871967315674,1.0808707475662231,1.0816072225570679,0,-0.0003137327528508791,0.0342725242454495,1.082356839776039
2024-08-01,1.082391619682312,1.0837758779525757,1.0778300762176514,1.082391619682312,0,0.000724951551994476,0.034206427314951014,1.0824851727485656
2024-08-02,1.0787602663040161,1.0926215648651123,1.0782949924468994,1.0787602663040161,0,-0.003360575274129946,0.03350664846296396,1.082596744298935
2024-08-05,1.0910836458206177,1.1007397174835205,1.089372158050537,1.0910836458206177,0,0.011358892636365093,0.051622860094365286,1.0827709370851517
2024-08-06,1.0950982570648193,1.0963108539581299,1.0904649496078491,1.0950982570648193,0,0.0036727188635254445,0.052740512212376287,1.0829389107227325
2024-08-07,1.0926215648651123,1.093637228012085,1.0906909704208374,1.0926215648651123,0,-0.002264177736969769,0.05363354920744083,1.0831124687194824
2024-08-08,1.0928125381469727,1.0946906805038452,1.0882340669631958,1.0928125381469727,0,0.00017476919764657832,0.053194292431699625,1.0832830053567886
2024-08-09,1.0915720462799072,1.093135118484497,1.0909645557403564,1.0915720462799072,0,-0.001135781683557143,0.05328959645146931,1.083431318998337
2024-08-12,1.091381311416626,1.0939722061157227,1.0913337469100952,1.091381311416626,0,-0.0001747493716200307,0.05195721251567491,1.0835221517086029
2024-08-13,1.0936251878738403,1.0962508916854858,1.0915720462799072,1.0936251878738403,0,0.0020538861067455733,0.052257730617122584,1.0836294972896576
2024-08-14,1.0996986627578735,1.1048502922058105,1.098828673362732,1.0996986627578735,0,0.0055381610934357155,0.05529433318937755,1.0837799394130707
2024-08-15,1.1013215780258179,1.1016855239868164,1.09505033493042,1.1013215780258179,0,0.0014746939005724669,0.055399478790517306,1.0839313358068465
2024-08-16,1.0972732305526733,1.1004369258880615,1.0973695516586304,1.0972732305526733,0,-0.003682672252913738,0.056087988372400525,1.084083913564682
2024-08-19,1.1024993658065796,1.1072603464126587,1.1023900508880615,1.1024993658065796,0,0.0047515321311987135,0.056584576217171105,1.08425133228302
2024-08-20,1.1086474657058716,1.1117286682128906,1.107248067855835,1.1086474657058716,0,0.005561019879638232,0.05909949763608016,1.0844436568021774
2024-08-21,1.112792730331421,1.1148271560668945,1.11055588722229,1.112792730331421,0,0.0037320558476400963,0.05960162519739947,1.0845684629678727
2024-08-22,1.115536093711853,1.1157476902008057,1.1099271774291992,1.115536093711853,0,0.0024622620655040902,0.057326122133591347,1.0847188526391982
2024-08-23,1.111716389656067,1.1195951700210571,1.110679268836975,1.111716389656067,0,-0.0034299728738610585,0.05913907538907772,1.0848505562543869
2024-08-26,1.1187934875488281,1.1201093196868896,1.1152873039245605,1.1187934875488281,0,0.006345743377981329,0.061755228561407347,1.0849910098314286
2024-08-27,1.1164700984954834,1.1179554462432861,1.1151255369186401,1.1164700984954834,0,-0.0020788509279929717,0.06284017140653102,1.0851003861427306
2024-08-28,1.117793083190918,1.1181930303573608,1.1105434894561768,1.117793083190918,0,0.0011842694816812614,0.06067662891335267,1.0852302402257918
2024-08-29,1.1124955415725708,1.1140199899673462,1.1056320667266846,1.1124955415725708,0,-0.004750552482151741,0.06423779508623743,1.0853472810983658
2024-08-30,1.1080454587936401,1.109570026397705,1.1053999662399292,1.1080454587936401,0,-0.004008112199441408,0.06684890368409498,1.0854343509674071
2024-09-02,1.1044842004776,1.1077632904052734,1.1042524576187134,1.1044842004776,0,-0.0032191761828712752,0.06673130150639742,1.0854865521192552
2024-09-03,1.1067456007003784,1.107051968574524,1.1033751964569092,1.1067456007003784,0,0.0020453785580929677,0.05560040466459577,1.085541068315506
2024-09-04,1.1048868894577026,1.1093976497650146,1.1040817499160767,1.1048868894577026,0,-0.0016808504021881394,0.055058231757308854,1.0855625307559966
2024-09-05,1.1080454587936401,1.112112045288086,1.1075178384780884,1.1080454587936401,0,0.0028546480269664664,0.054764121366651215,1.0856159102916718
2024-09-06,1.1111111640930176,1.1149640083312988,1.1067211627960205,1.1111111640930176,0,0.002762948065971709,0.0552028573607649,1.0857254362106323
2024-09-09,1.1087212562561035,1.109139323234558,1.10349702835083,1.1087212562561035,0,-0.002153233494915558,0.055759967515930986,1.0858249694108963
2024-09-10,1.1037527322769165,1.1050333976745605,1.101624846458435,1.1037527322769165,0,-0.004491381464581687,0.05858779928776047,1.085924853682518
2024-09-11,1.1020983457565308,1.1054977178573608,1.100279450416565,1.1020983457565308,0,-0.001499998659979876,0.058721546880294614,1.0860385167598725
2024-09-12,1.1010911464691162,1.1047526597976685,1.1006548404693604,1.1010911464691162,0,-0.0009143102407975252,0.0557411393799231,1.086160624027252
2024-09-13,1.1077877283096313,1.1102476119995117,1.1073951721191406,1.1077877283096313,0,0.006063349541865521,0.059357397839136676,1.0863034909963607
2024-09-16,1.1088441610336304,1.1135361194610596,1.1087088584899902,1.1088441610336304,0,0.0009531874092983568,0.05760560070037758,1.0864648270606994
2024-09-17,1.1129536628723145,1.1146159172058105,1.1113086938858032,1.1129536628723145,0,0.003699262354885196,0.05673571263220563,1.0866463053226472
2024-09-18,1.1123099327087402,1.1140819787979126,1.110913634300232,1.1123099327087402,0,-0.000578565328448507,0.0536695442569231,1.0868085199594497
2024-09-19,1.1114816665649414,1.118067979812622,1.107051968574524,1.1114816665649414,0,-0.0007449134913267066,0.05213068652887437,1.086922863125801
2024-09-20,1.1161960363388062,1.1181679964065552,1.1137346029281616,1.1161960363388062,0,0.004232548367000081,0.053549642999946426,1.087007042169571
2024-09-23,1.1160838603973389,1.1168192625045776,1.1084877252578735,1.1160838603973389,0,-0.00010050347335537372,0.05206190540728183,1.0871398293972014
2024-09-24,1.1111727952957153,1.1163455247879028,1.1103955507278442,1.1111727952957153,0,-0.004409974978157959,0.04928790672441566,1.0872337794303895
2024-09-25,1.1191190481185913,1.1212396621704102,1.1141688823699951,1.1191190481185913,0,0.00712578174023549,0.05512977367281216,1.0873388516902924
2024-09-26,1.1131023168563843,1.118956208229065,1.112681269645691,1.1131023168563843,0,-0.0053908146634261515,0.058142467888206074,1.087431508898735
2024-09-27,1.117717981338501,1.1199839115142822,1.1126564741134644,1.117717981338501,0,0.004138093124158529,0.057527413580837926,1.087517005801201
2024-09-30,1.1169815063476562,1.1208375692367554,1.1136106252670288,1.1169815063476562,0,-0.0006591266714528767,0.05555994942464345,1.0875886261463166
2024-10-01,1.113660216331482,1.1145787239074707,1.1061090230941772,1.113660216331482,0,-0.0029778807029176247,0.055368819636408176,1.0876467996835708
2024-10-02,1.1063904762268066,1.108217477798462,1.1034117937088013,1.1063904762268066,0,-0.006549189271602771,0.059953656800673154,1.0876572459936142
2024-10-03,1.1048502922058105,1.1048502922058105,1.1009578704833984,1.1048502922058105,0,-0.0013930498135304333,0.05986113309322487,1.0876271760463714
2024-10-04,1.103557825088501,1.1039965152740479,1.0956143140792847,1.103557825088501,0,-0.0011704967526170221,0.05905979498696133,1.0876108694076538
2024-10-07,1.0974539518356323,1.0985027551651,1.095554232597351,1.0974539518356323,0,-0.005546439110082104,0.06080783244740134,1.0875702232122422
2024-10-08,1.0975743532180786,1.0997470617294312,1.096166729927063,1.0975743532180786,0,0.00010970371752365722,0.060579183281244224,1.0875387221574784
2024-10-09,1.0975743532180786,1.098056435585022,1.094067931175232,1.0975743532180786,0,0.0,0.05880494300891007,1.0875557154417037
2024-10-10,1.0943313837051392,1.095446228981018,1.0914051532745361,1.0943313837051392,0,-0.0029590431965937944,0.05940446748995541,1.0875634884834289
2024-10-11,1.0933860540390015,1.0954222679138184,1.0927408933639526,1.0933860540390015,0,-0.0008642155597103411,0.05939858420456798,1.0875567251443863
2024-10-14,1.0925379991531372,1.0939722061157227,1.0905719995498657,1.0925379991531372,0,-0.000775923506742071,0.05465208608424098,1.0875482970476151
2024-10-15,1.0909169912338257,1.0918222665786743,1.0885775089263916,1.0909169912338257,0,-0.001484810288522294,0.054397257964892066,1.0875270307064056
2024-10-16,1.0884116888046265,1.0901559591293335,1.0868147611618042,1.0884116888046265,0,-0.002299151620178001,0.052099202564819376,1.0875028759241103
2024-10-17,1.0862481594085693,1.0869920253753662,1.0813850164413452,1.0862481594085693,0,-0.0019897641570457317,0.052163584136870896,1.087446545958519
2024-10-18,1.0829542875289917,1.0863661766052246,1.0828253030776978,1.0829542875289917,0,-0.0030369451370040068,0.05255373841943953,1.0873704928159713
2024-10-21,1.0868619680404663,1.08695650100708,1.0821105241775513,1.0868619680404663,0,0.0036018577389630843,0.05176601792873601,1.0873319482803345
2024-10-22,1.0817828178405762,1.0837758779525757,1.0801936388015747,1.0817828178405762,0,-0.004684178358743221,0.052886332915604434,1.087268007993698
2024-10-23,1.079727053642273,1.0808473825454712,1.0762641429901123,1.079727053642273,0,-0.0019021563077478245,0.05184280393046755,1.0872272485494614
2024-10-24,1.0780508518218994,1.0810226202011108,1.0771567821502686,1.0780508518218994,0,-0.0015536373352375663,0.04164256869969074,1.087174615263939
2024-10-25,1.0824151039123535,1.0842459201812744,1.081186294555664,1.0824151039123535,0,0.004040108121261029,0.04408342979475409,1.0871471190452575
2024-10-28,1.0796570777893066,1.0827198028564453,1.078271746635437,1.0796570777893066,0,-0.0025512817216714694,0.03947584320345797,1.0870992559194566
2024-10-29,1.0816774368286133,1.0826259851455688,1.077040672302246,1.0816774368286133,0,0.0018695482944515605,0.04120922596371345,1.087067538499832
2024-10-30,1.0820636749267578,1.0866730213165283,1.0809992551803589,1.0820636749267578,0,0.0003570095333019306,0.04135126587581487,1.087048916220665
2024-10-31,1.0859178304672241,1.0888383388519287,1.0845046043395996,1.0859178304672241,0,0.00355552811789075,0.040205897293702525,1.0870376312732697
2024-11-01,1.0886130332946777,1.0904054641723633,1.084845781326294,1.0886130332946777,0,0.0024788833789448966,0.041800404368628086,1.0870571732521057
2024-11-04,1.087453007698059,1.0915838479995728,1.0870392322540283,1.087453007698059,0,-0.0010661677399958194,0.04178732627382323,1.087072679400444
2024-11-05,1.0874056816101074,1.0921800136566162,1.0873347520828247,1.0874056816101074,0,-4.3521069384201406e-05,0.037914379575464334,1.0870924723148345
2024-11-06,1.093445897102356,1.0933382511138916,1.068376064300537,1.093445897102356,0,0.005539332429711126,0.04319967683808597,1.0871380019187926
2024-11-07,1.073306918144226,1.082602620124817,1.0714094638824463,1.073306918144226,0,-0.01858962293453205,0.07700022352616184,1.0871025764942168
2024-11-08,1.0795172452926636,1.0797386169433594,1.0710422992706299,1.0795172452926636,0,0.005769485943921089,0.08016606274941897,1.0870628386735917
2024-11-11,1.0714898109436035,1.0728462934494019,1.0628799200057983,1.0714898109436035,0,-0.0074639193703969955,0.0835766643238919,1.0870302659273148
2024-11-12,1.066439151763916,1.0663481950759888,1.0597037076950073,1.066439151763916,0,-0.004724823568674232,0.0845785917025739,1.0869915461540223
2024-11-13,1.061672568321228,1.0649060010910034,1.0559773445129395,1.061672568321228,0,-0.004479643966715406,0.08536002078924834,1.0869213092327117
2024-11-14,1.0564124584197998,1.0580891370773315,1.0499238967895508,1.0564124584197998,0,-0.004966864548694718,0.08625142988332356,1.0868154984712601
2024-11-15,1.0530084371566772,1.0591648817062378,1.052443265914917,1.0530084371566772,0,-0.003227449035962479,0.08646057726482384,1.0866919130086898
2024-11-18,1.0533745288848877,1.0586491823196411,1.0531193017959595,1.0533745288848877,0,0.00034760225258057047,0.08648753848275371,1.0865596842765808
2024-11-19,1.059490442276001,1.0601080656051636,1.0528532266616821,1.059490442276001,0,0.005789229842806905,0.08836708966798137,1.086471004486084
2024-11-20,1.0607603788375854,1.0612331628799438,1.0508506298065186,1.0607603788375854,0,0.0011979117760981743,0.08780454954550633,1.0864203405380248
2024-11-21,1.0546187162399292,1.0557432174682617,1.0469120740890503,1.0546187162399292,0,-0.005806694288349814,0.08937447111660173,1.0863273602724075
2024-11-22,1.0469341278076172,1.0498688220977783,1.0339871644973755,1.0469341278076172,0,-0.0073132804671590685,0.0919171108966891,1.086175087094307
2024-11-25,1.0479873418807983,1.0529640913009644,1.0449539422988892,1.0479873418807983,0,0.0010054927377039545,0.09024217363089856,1.0860225600004196
2024-11-26,1.0444300174713135,1.0543851852416992,1.0427310466766357,1.0444300174713135,0,-0.0034002086829326983,0.09040989660112524,1.0858570116758346
2024-11-27,1.0491198301315308,1.0583466291427612,1.0475481748580933,1.0491198301315308,0,0.00448025683300722,0.09210135584813695,1.0856960362195969
2024-11-28,1.0562450885772705,1.0565240383148193,1.0529197454452515,1.0562450885772705,0,0.006768694192798784,0.09627460893819365,1.0855670601129532
2024-11-29,1.0563008785247803,1.0595465898513794,1.0542962551116943,1.0563008785247803,0,5.281773593705406e-05,0.09487191388204927,1.085435727238655
2024-12-02,1.0545742511749268,1.0545742511749268,1.0462220907211304,1.0545074939727783,0,-0.0016992399754418089,0.09386436800720527,1.085298238992691
2024-12-03,1.0501223802566528,1.0530306100845337,1.048185110092163,1.0501223802566528,0,-0.004167117568172117,0.09429092557667483,1.0851233857870102
2024-12-04,1.0510826110839844,1.0540074110031128,1.0473946332931519,1.0510826110839844,0,0.0009139811661724639,0.09455615637431487,1.0849563932418824
2024-12-05,1.051414132118225,1.0588284730911255,1.050894856452942,1.051414132118225,0,0.0003153593821823031,0.09124773645540685,1.0847940558195115
2024-12-06,1.058559536933899,1.0626428127288818,1.0546075105667114,1.058559536933899,0,0.006773005972460674,0.07319128289103,1.0846843683719636
2024-12-09,1.0565463304519653,1.0592771768569946,1.0533078908920288,1.0565463304519653,0,-0.001903646640996115,0.06942974593411626,1.0845457530021667
2024-12-10,1.0555204153060913,1.056747317314148,1.0500340461730957,1.0555204153060913,0,-0.0009714799294297815,0.06536600324600456,1.0843957698345184
2024-12-11,1.0532968044281006,1.0540739297866821,1.0481630563735962,1.0532968044281006,0,-0.0021088709645177175,0.0639570223492813,1.0842342561483382
2024-12-12,1.0506850481033325,1.052997350692749,1.0464848279953003,1.0506850481033325,0,-0.0024826807922637144,0.06279043693629088,1.0840379118919372
2024-12-13,1.0474056005477905,1.0522992610931396,1.045434594154358,1.0474056005477905,0,-0.0031261282522741423,0.06144820887156151,1.083799867630005
2024-12-16,1.051005244255066,1.0524100065231323,1.0475043058395386,1.051005244255066,0,0.0034308317144111627,0.061925429348235625,1.0835834163427354
2024-12-17,1.0517348051071167,1.0532857179641724,1.047998309135437,1.0517348051071167,0,0.0006939144774902469,0.0619679179630454,1.0833764147758485
2024-12-18,1.0495051145553589,1.0515247583389282,1.0467805862426758,1.0495051145553589,0,-0.0021222625439105583,0.058499034131737,1.0831600564718247
2024-12-19,1.0350252389907837,1.0422203540802002,1.0352503061294556,1.0350252389907837,0,-0.013892921674058333,0.07434986897162425,1.0828575313091278
2024-12-20,1.0364949703216553,1.0433076620101929,1.0344257354736328,1.0364949703216553,0,0.0014189884036627928,0.07287016559557795,1.0825983029603958
2024-12-23,1.0433076620101929,1.0448229312896729,1.038594126701355,1.0433076620101929,0,0.006551310157174737,0.07314380492789906,1.0823735529184342
2024-12-24,1.0405826568603516,1.0411244630813599,1.0387451648712158,1.0405826568603516,0,-0.002615307224549931,0.07348820703644726,1.0821394968032836
2024-12-25,1.0402579307556152,1.0432968139648438,1.0401498079299927,1.0402579307556152,0,-0.000312110508902009,0.0726403774427775,1.081909133195877
2024-12-26,1.0399551391601562,1.042535424232483,1.0391446352005005,1.0399551391601562,0,-0.0002911159457427181,0.07062718400365246,1.0816403037309648
2024-12-27,1.0423181056976318,1.0444954633712769,1.0406694412231445,1.0423181056976318,0,0.0022696037204858978,0.06645537005755324,1.0814207130670548
2024-12-30,1.0429377555847168,1.0458500385284424,1.0374196767807007,1.0429377555847168,0,0.0005943154668251187,0.06655208778483965,1.081231632232666
2024-12-31,1.040615200996399,1.0424268245697021,1.0348539352416992,1.040615200996399,0,-0.002229418304886993,0.06668700127142045,1.0810155940055848
