Date,Open,High,Low,Close,Volume,Log_Ret,Volatility,SMA_200
2005-09-02,44.2400016784668,44.36000061035156,44.09000015258789,44.25,1414900,0.0006781684194120493,0.13501058301665855,43.08024997711182
2005-09-06,44.41999816894531,44.41999816894531,44.189998626708984,44.27000045776367,819700,0.0004518856303791501,0.13471971163809388,43.079699974060055
2005-09-07,44.40999984741211,44.4900016784668,44.290000915527344,44.33000183105469,1300700,0.0013544329777345609,0.13264823718463675,43.07744998931885
2005-09-08,44.720001220703125,44.779998779296875,44.470001220703125,44.599998474121094,1061200,0.006072134751433877,0.1336657861443126,43.075699977874756
2005-09-09,44.66999816894531,44.869998931884766,44.65999984741211,44.84000015258789,1393900,0.005366776793414331,0.1328460478596088,43.076149978637694
2005-09-12,44.68000030517578,44.88999938964844,44.619998931884766,44.88999938964844,752500,0.001114437590335973,0.11782837636642667,43.075349979400634
2005-09-13,44.619998931884766,44.619998931884766,44.36000061035156,44.560001373291016,952700,-0.007378412759289671,0.12089672885457846,43.071699981689456
2005-09-14,44.81999969482422,44.959999084472656,44.65999984741211,44.959999084472656,1733800,0.008936558784336007,0.12076307943226103,43.06949996948242
2005-09-15,45.2400016784668,45.470001220703125,45.130001068115234,45.41999816894531,2150300,0.010179311141287253,0.12141943093176674,43.070999965667724
2005-09-16,45.79999923706055,45.880001068115234,45.54999923706055,45.81999969482422,2878900,0.008768174001461274,0.11049807932919022,43.07319995880127
2005-09-19,46.27000045776367,46.72999954223633,46.220001220703125,46.25,6072100,0.009340793593402948,0.11234796173446765,43.07969995498657
2005-09-20,46.52000045776367,46.52000045776367,46.220001220703125,46.22999954223633,1898900,-0.00043253586017500794,0.10931699210741136,43.082849960327145
2005-09-21,46.58000183105469,47.130001068115234,46.54999923706055,47.060001373291016,3681900,0.01779448438266131,0.1209953981523399,43.092299976348876
2005-09-22,46.84000015258789,46.84000015258789,46.220001220703125,46.36000061035156,2347300,-0.014986380843891567,0.1368925377349448,43.09854997634888
2005-09-23,46.20000076293945,46.29999923706055,45.91999816894531,46.279998779296875,2352800,-0.0017271556880254209,0.1357699664774478,43.10989997863769
2005-09-26,45.84000015258789,46.61000061035156,45.84000015258789,46.56999969482422,1361200,0.006246674492227192,0.13627762276557914,43.12384998321533
2005-09-27,46.13999938964844,46.33000183105469,45.65999984741211,46.25,2341300,-0.006895086482796446,0.1392059865799958,43.137899990081785
2005-09-28,46.29999923706055,46.88999938964844,46.15999984741211,46.79999923706055,3448000,0.011821722663041578,0.14188975314310265,43.15234998703003
2005-09-29,46.86000061035156,47.22999954223633,46.83000183105469,47.099998474121094,2947200,0.006389782004315867,0.12905809423941203,43.17009998321533
2005-09-30,47.09000015258789,47.20000076293945,46.650001525878906,46.70000076293945,1194400,-0.008528787613907051,0.1351836139966371,43.183649978637696
2005-10-03,46.619998931884766,46.630001068115234,46.380001068115234,46.41999816894531,2194900,-0.006013819610977734,0.12697949897484814,43.19734996795654
2005-10-04,46.66999816894531,46.72999954223633,46.29999923706055,46.45000076293945,1764500,0.0006461202839017118,0.12698474330838366,43.208649978637695
2005-10-05,46.380001068115234,46.529998779296875,46.13999938964844,46.36000061035156,1692300,-0.001939450047779739,0.12769397717059747,43.21874998092651
2005-10-06,46.619998931884766,47.2599983215332,46.619998931884766,47.209999084472656,2009500,0.018168683528509144,0.13907377215411465,43.23369997024536
2005-10-07,46.9900016784668,47.47999954223633,46.939998626708984,47.36000061035156,1820500,0.003172288297702827,0.1386280235446279,43.2503999710083
2005-10-10,47.310001373291016,47.439998626708984,47.09000015258789,47.369998931884766,1285500,0.00021109092407153046,0.13860344698589705,43.26589996337891
2005-10-11,47.400001525878906,47.720001220703125,47.36000061035156,47.38999938964844,2826900,0.000422128712852118,0.13871850662909252,43.28044996261597
2005-10-12,47.529998779296875,47.63999938964844,46.81999969482422,46.849998474121094,3930500,-0.011460246985187512,0.14306356723536648,43.292849960327146
2005-10-13,46.88999938964844,47.060001373291016,46.599998474121094,47.02000045776367,2632300,0.003622076732456221,0.1411696812714028,43.30964996337891
2005-10-14,46.4900016784668,46.83000183105469,46.40999984741211,46.79999923706055,2442300,-0.004689866225957319,0.13988256354184342,43.324499950408935
2005-10-17,47.2599983215332,47.369998931884766,47.189998626708984,47.2599983215332,1784300,0.009781049621695053,0.14059468789214274,43.3417999458313
2005-10-18,47.09000015258789,47.18000030517578,46.93000030517578,47.0,1243200,-0.005516634533112237,0.1395357094322532,43.36169994354248
2005-10-19,46.5099983215332,46.5099983215332,46.040000915527344,46.34000015258789,2958200,-0.01414207941303838,0.14879417411778645,43.37969993591309
2005-10-20,46.33000183105469,46.34000015258789,45.83000183105469,45.97999954223633,1680300,-0.007799012917697535,0.13636847183635642,43.39624994277954
2005-10-21,46.119998931884766,46.560001373291016,45.90999984741211,46.52000045776367,1409400,0.011675828111288618,0.13341848826722544,43.41809993743897
2005-10-24,46.38999938964844,46.72999954223633,46.310001373291016,46.38999938964844,2051300,-0.0027984318839231513,0.1336612143603356,43.440849933624264
2005-10-25,46.93000030517578,47.189998626708984,46.900001525878906,47.060001373291016,3290500,0.014339506874232317,0.14107492762754315,43.46639993667603
2005-10-26,47.09000015258789,47.209999084472656,46.88999938964844,46.93000030517578,2248400,-0.0027662761718075758,0.13905910602928512,43.48999994277954
2005-10-27,47.400001525878906,47.41999816894531,47.099998474121094,47.18000030517578,2464500,0.005312944138745386,0.13424154343214287,43.51289995193481
2005-10-28,46.869998931884766,47.2599983215332,46.81999969482422,47.220001220703125,1435000,0.0008474770609084391,0.13247922824430286,43.53599996566773
2005-10-31,47.02000045776367,47.040000915527344,46.33000183105469,46.400001525878906,2327500,-0.017518065391236633,0.14310801748184587,43.556399974822995
2005-11-01,46.06999969482422,46.06999969482422,45.650001525878906,45.72999954223633,3483400,-0.014544964457705811,0.1502670066076218,43.57344997406006
2005-11-02,45.9900016784668,46.22999954223633,45.900001525878906,46.130001068115234,1008600,0.008708993064364326,0.15374157451244083,43.59279998779297
2005-11-03,46.060001373291016,46.08000183105469,45.75,45.959999084472656,1703300,-0.0036920876637241665,0.15409234944259534,43.611349983215334
2005-11-04,45.93000030517578,46.06999969482422,45.31999969482422,45.5099983215332,1813200,-0.009839387913189087,0.1415736920778762,43.625199966430664
2005-11-07,45.66999816894531,45.81999969482422,45.459999084472656,45.77000045776367,816600,0.00569681951966618,0.1429423142485018,43.640199966430664
2005-11-08,45.83000183105469,46.099998474121094,45.81999969482422,45.90999984741211,583600,0.0030540902705580722,0.14373977678957037,43.65854995727539
2005-11-09,46.119998931884766,46.650001525878906,46.029998779296875,46.560001373291016,1382700,0.014058877980764004,0.1534601389475986,43.6778999710083
2005-11-10,46.779998779296875,46.81999969482422,46.36000061035156,46.47999954223633,810900,-0.001719730223224147,0.14860024594471016,43.697199974060055
2005-11-11,46.54999923706055,46.79999923706055,46.439998626708984,46.79999923706055,1467300,0.0068610839264361964,0.15011458896814472,43.717749977111815
2005-11-14,46.560001373291016,46.810001373291016,46.5099983215332,46.619998931884766,706500,-0.003853575924959696,0.14982874306146896,43.73974996566773
2005-11-15,46.79999923706055,46.83000183105469,46.529998779296875,46.65999984741211,1325400,0.0008576526265601306,0.14547663479517847,43.76254997253418
2005-11-16,47.290000915527344,47.779998779296875,47.220001220703125,47.779998779296875,2355200,0.02371985302617489,0.16674696241604928,43.7906499671936
2005-11-17,48.22999954223633,48.58000183105469,48.16999816894531,48.47999954223633,4172400,0.014544215969487923,0.16398037544809527,43.8246499633789
2005-11-18,48.5,48.61000061035156,48.20000076293945,48.459999084472656,1453800,-0.0004126358227933849,0.1602885741690162,43.85959995269776
2005-11-21,48.689998626708984,49.02000045776367,48.5,48.9900016784668,2384900,0.010877533415953692,0.15973576543875131,43.89819995880127
2005-11-22,49.02000045776367,49.34000015258789,48.849998474121094,49.31999969482422,2799500,0.006713442196576113,0.1591852325411744,43.938499965667724
2005-11-23,48.79999923706055,49.25,48.2400016784668,49.150001525878906,1731700,-0.003452794469951524,0.1549742772647158,43.97769996643066
2005-11-25,49.45000076293945,49.9900016784668,49.29999923706055,49.41999816894531,775000,0.005478285871055113,0.1543634178503509,44.01604995727539
2005-11-28,49.29999923706055,49.75,49.2599983215332,49.7400016784668,2192000,0.006454308610487604,0.15467935453080772,44.05434995651245
2005-11-29,49.56999969482422,49.97999954223633,49.380001068115234,49.79999923706055,2283600,0.0012054965904707295,0.1546356551026494,44.09059995651245
2005-11-30,49.36000061035156,49.5,49.060001373291016,49.099998474121094,1833400,-0.01415596498702683,0.14949577768635572,44.12319993972778
2005-12-01,49.630001068115234,50.290000915527344,49.58000183105469,50.16999816894531,2557900,0.0215581982756461,0.14935484874407545,44.161449928283695
2005-12-02,49.93000030517578,50.34000015258789,49.88999938964844,50.31999969482422,1651900,0.002985404328326618,0.14859435858221592,44.19939992904663
2005-12-05,50.43000030517578,50.79999923706055,50.290000915527344,50.779998779296875,1847500,0.009099945909995211,0.14669418884171928,44.23954992294311
2005-12-06,50.380001068115234,50.95000076293945,50.209999084472656,50.88999938964844,2493600,0.002163876369716232,0.13724199871802242,44.276149921417236
2005-12-07,51.220001220703125,51.5,51.099998474121094,51.31999969482422,2279800,0.008414105193713344,0.13765800358455554,44.31564992904663
2005-12-08,51.34000015258789,51.95000076293945,51.2599983215332,51.900001525878906,3046000,0.011238285771298415,0.13877804462800516,44.358499927520754
2005-12-09,52.310001373291016,52.900001525878906,52.029998779296875,52.400001525878906,5882400,0.009587800874615747,0.13628345267240427,44.40299993515015
2005-12-12,53.09000015258789,53.7599983215332,52.25,52.560001373291016,7504600,0.0030487798575956843,0.1340269595027212,44.44814994812012
2005-12-13,52.20000076293945,53.22999954223633,51.560001373291016,51.650001525878906,6162100,-0.0174651751961011,0.15635550400844941,44.490299949645994
2005-12-14,50.95000076293945,51.20000076293945,50.25,50.349998474121094,6994000,-0.02549163624918632,0.18635231159111734,44.525799942016604
2005-12-15,50.47999954223633,50.790000915527344,50.11000061035156,50.2400016784668,4728500,-0.0021870332902152977,0.1872266986610856,44.56214994430542
2005-12-16,50.31999969482422,50.59000015258789,49.93000030517578,50.09000015258789,2688000,-0.0029901651531156147,0.17325907304764662,44.59569993972778
2005-12-19,50.58000183105469,50.75,50.119998931884766,50.220001220703125,2077100,0.0025919876207500217,0.1674201080118187,44.629449939727785
2005-12-20,50.349998474121094,50.400001525878906,49.0,49.040000915527344,4317900,-0.023777067739602628,0.18924021547217965,44.65449995040893
2005-12-21,49.119998931884766,49.45000076293945,48.79999923706055,49.369998931884766,3956400,0.006706620338919612,0.18691404717078056,44.681249942779544
2005-12-22,49.5099983215332,50.29999923706055,49.470001220703125,50.13999938964844,2965300,0.015476149921333452,0.19302719312806796,44.710949935913085
2005-12-23,50.099998474121094,50.459999084472656,50.08000183105469,50.119998931884766,2877600,-0.0003989718404908519,0.19247146804856183,44.739399929046634
2005-12-27,50.650001525878906,50.70000076293945,50.5,50.63999938964844,4403700,0.010321657066455383,0.19463252496523115,44.77244993209839
2005-12-28,51.5099983215332,51.61000061035156,51.18000030517578,51.470001220703125,5060900,0.016257371598287152,0.20085467002022078,44.80949993133545
2005-12-29,51.47999954223633,51.58000183105469,50.91999816894531,51.470001220703125,3280200,0.0,0.20093002405818522,44.84529993057251
2005-12-30,51.189998626708984,51.720001220703125,51.16999816894531,51.58000183105469,2635900,0.00213489857106166,0.19261704948348293,44.88409994125366
2006-01-03,52.290000915527344,53.18000030517578,52.22999954223633,53.119998931884766,4606500,0.02941944910807375,0.2040804690461644,44.93024993896484
2006-01-04,52.869998931884766,53.34000015258789,52.619998931884766,53.29999923706055,5287900,0.003382831797150453,0.2040916057403384,44.98129993438721
2006-01-05,52.560001373291016,52.720001220703125,52.099998474121094,52.34000015258789,7661800,-0.018175416840417152,0.21496298024085328,45.029749927520754
2006-01-06,53.13999938964844,53.869998931884766,53.040000915527344,53.720001220703125,4629800,0.02602449436115473,0.23124827455306063,45.08624994277954
2006-01-09,53.459999084472656,54.9900016784668,53.310001373291016,54.599998474121094,5394200,0.016248460425883546,0.23529697479452114,45.147299938201904
2006-01-10,53.959999084472656,54.380001068115234,53.7599983215332,54.060001373291016,5700600,-0.009939288552968184,0.23732546584675465,45.20489994049072
2006-01-11,54.2400016784668,54.77000045776367,54.06999969482422,54.529998779296875,4209500,0.008656420300679264,0.23696904101030555,45.264749927520754
2006-01-12,54.209999084472656,54.63999938964844,54.0099983215332,54.43000030517578,3603000,-0.001835508499204341,0.2372738483177191,45.32384992599487
2006-01-13,54.54999923706055,55.560001373291016,54.5099983215332,55.439998626708984,4346200,0.018385852058020367,0.23332288062721965,45.386949920654295
2006-01-17,55.25,55.869998931884766,55.029998779296875,55.2599983215332,5130400,-0.003252040989607987,0.21023442358956962,45.45014991760254
2006-01-18,54.63999938964844,54.72999954223633,54.0099983215332,54.06999969482422,4565200,-0.02176979137145157,0.22818024077163251,45.50849990844726
2006-01-19,54.959999084472656,55.709999084472656,54.95000076293945,55.59000015258789,5290700,0.02772383396043182,0.24158696109561761,45.57419990539551
2006-01-20,56.119998931884766,56.599998474121094,55.02000045776367,55.20000076293945,7270600,-0.007040364605841864,0.24505652417077628,45.63704990386963
2006-01-23,55.59000015258789,55.900001525878906,55.2599983215332,55.77000045776367,4968500,0.010273131505108786,0.22293520116367369,45.703049907684324
2006-01-24,55.5,55.72999954223633,55.27000045776367,55.72999954223633,3419100,-0.0007175052420346415,0.22417064221370972,45.768249912261965
2006-01-25,56.220001220703125,56.529998779296875,55.7400016784668,56.13999938964844,10005200,0.007329966694290513,0.2214866594013351,45.83504991531372
2006-01-26,55.529998779296875,55.90999984741211,55.27000045776367,55.880001068115234,4306500,-0.004642006558574431,0.22336191680225584,45.90024991989136
2006-01-27,55.959999084472656,56.22999954223633,55.470001220703125,55.630001068115234,4285400,-0.004483910215659325,0.22495058230572057,45.96389991760254
2006-01-30,55.970001220703125,56.70000076293945,55.95000076293945,56.68000030517578,3969200,0.018698776919120332,0.2267138383656146,46.03574991226196
2006-01-31,56.56999969482422,57.04999923706055,56.529998779296875,56.70000076293945,5011700,0.00035280398276080644,0.22662708654479918,46.107249908447265
2006-02-01,56.790000915527344,56.900001525878906,56.08000183105469,56.70000076293945,4700900,0.0,0.22704096435673812,46.177299919128416
2006-02-02,57.040000915527344,57.29999923706055,56.66999816894531,56.97999954223633,5114300,0.004926096846573146,0.2082539754092457,46.245799922943114
2006-02-03,57.06999969482422,57.20000076293945,56.25,56.5,5054000,-0.008459682883606469,0.2122262352198423,46.31129991531372
2006-02-06,56.7599983215332,57.150001525878906,56.650001525878906,56.720001220703125,3455200,0.0038862655930409257,0.1980715433282444,46.37894992828369
2006-02-07,55.880001068115234,55.91999816894531,54.33000183105469,54.599998474121094,10197200,-0.03809304894107721,0.22956284983169345,46.43499992370605
2006-02-08,54.70000076293945,55.08000183105469,54.40999984741211,54.83000183105469,5375900,0.00420366800672235,0.2230313931374673,46.49194993972778
2006-02-09,55.720001220703125,56.45000076293945,55.54999923706055,56.18000030517578,5299300,0.02432330429712352,0.23468173595312797,46.55464994430542
2006-02-10,55.7400016784668,55.7400016784668,54.41999816894531,54.790000915527344,4328600,-0.025053114848127972,0.2508267681999676,46.61259994506836
2006-02-13,54.63999938964844,54.900001525878906,53.54999923706055,53.720001220703125,5122900,-0.019722317881601545,0.2601591306560466,46.666199951171876
2006-02-14,53.939998626708984,54.529998779296875,53.68000030517578,54.4900016784668,3611000,0.014231835019739241,0.25670944440837024,46.7218999671936
2006-02-15,54.29999923706055,54.29999923706055,53.33000183105469,53.7599983215332,4813900,-0.013487564404801337,0.26035255280701675,46.77629995346069
2006-02-16,53.41999816894531,54.540000915527344,53.41999816894531,54.52000045776367,5589300,0.01403795023117115,0.2543780665621274,46.83509996414185
2006-02-17,54.66999816894531,55.20000076293945,54.599998474121094,54.959999084472656,3927200,0.008038016031443143,0.23622247133516353,46.89539995193481
2006-02-21,55.13999938964844,55.34000015258789,55.0,55.119998931884766,3352600,0.0029069760713780913,0.23528636586467017,46.95644994735718
2006-02-22,54.970001220703125,55.349998474121094,54.86000061035156,55.34000015258789,3835700,0.0039833697886547965,0.2327985147058438,47.0205499458313
2006-02-23,55.08000183105469,55.11000061035156,54.54999923706055,54.63999938964844,2428700,-0.012729773023942181,0.23671144265231822,47.08099994659424
2006-02-24,55.209999084472656,55.709999084472656,55.029998779296875,55.63999938964844,4927100,0.018136151993469803,0.2443067633111444,47.14599994659424
2006-02-27,55.2599983215332,55.31999969482422,55.0099983215332,55.220001220703125,2291600,-0.007577127477402215,0.24515507382622115,47.20864995956421
2006-02-28,55.43000030517578,56.06999969482422,55.29999923706055,56.06999969482422,3425900,0.015275676084631486,0.2506697109654313,47.27819995880127
2006-03-01,56.02000045776367,56.41999816894531,55.91999816894531,56.099998474121094,4266500,0.0005348806365655907,0.24167572240083235,47.34894994735718
2006-03-02,56.150001525878906,56.81999969482422,55.9900016784668,56.7400016784668,3862000,0.011343673633042218,0.24513286022446842,47.42324995040894
2006-03-03,56.47999954223633,56.540000915527344,56.20000076293945,56.279998779296875,3102800,-0.008140248406057845,0.2467633924119638,47.495349941253664
2006-03-06,56.40999984741211,56.45000076293945,54.959999084472656,55.22999954223633,5432000,-0.01883293493158655,0.2539777594801732,47.56124994277954
2006-03-07,55.33000183105469,55.33000183105469,54.54999923706055,54.95000076293945,4385400,-0.005082580890901775,0.25307712372322216,47.62609994888306
2006-03-08,54.209999084472656,54.27000045776367,53.560001373291016,53.970001220703125,6712100,-0.017995335485148433,0.2586896183703407,47.687699947357174
2006-03-09,54.599998474121094,54.779998779296875,54.130001068115234,54.2400016784668,3799200,0.004990315328593799,0.22451324601696507,47.75079996109009
2006-03-10,53.220001220703125,53.970001220703125,53.150001525878906,53.83000183105469,6489200,-0.007587707988952681,0.22523752920420598,47.81129997253418
2006-03-13,54.09000015258789,54.459999084472656,53.91999816894531,54.310001373291016,2425700,0.00887743074453615,0.20925145703513634,47.87349998474121
2006-03-14,54.22999954223633,55.0,54.20000076293945,54.869998931884766,2671700,0.010258334271688237,0.194653359709433,47.93939998626709
2006-03-15,55.40999984741211,55.439998626708984,54.97999954223633,55.119998931884766,4706800,0.004545875722809695,0.18125516008273204,48.00559997558594
2006-03-16,55.150001525878906,55.34000015258789,54.4900016784668,55.34000015258789,3342200,0.0039833697886547965,0.17537009527275882,48.074049968719486
2006-03-17,55.279998779296875,55.33000183105469,54.93000030517578,55.119998931884766,2236000,-0.003983369788654952,0.16861714815017997,48.14199996948242
2006-03-20,55.0099983215332,55.400001525878906,54.97999954223633,55.16999816894531,1884000,0.0009066867676153741,0.16201637247701522,48.207349967956546
2006-03-21,54.709999084472656,55.279998779296875,54.400001525878906,54.83000183105469,4518900,-0.006181771283939387,0.161237822652717,48.27064998626709
2006-03-22,54.75,54.93000030517578,54.599998474121094,54.75,1077300,-0.0014601541144710205,0.16091665407502526,48.33199998855591
2006-03-23,54.36000061035156,54.849998474121094,54.2400016784668,54.70000076293945,4000800,-0.0009136453209700005,0.16015864849777128,48.39359998703003
2006-03-24,55.150001525878906,55.83000183105469,55.099998474121094,55.709999084472656,3785000,0.01829592422327758,0.16637985392087093,48.46044998168945
2006-03-27,56.18000030517578,56.54999923706055,56.18000030517578,56.38999938964844,4081900,0.012132179396417623,0.15972022882716158,48.531049976348875
2006-03-28,56.560001373291016,56.630001068115234,55.91999816894531,56.060001373291016,3419700,-0.005869256761886151,0.15871989597675298,48.59824998855591
2006-03-29,56.34000015258789,57.150001525878906,56.25,57.06999969482422,5536700,0.017856008967773458,0.1619211131711069,48.66969999313355
2006-03-30,57.97999954223633,58.70000076293945,57.810001373291016,58.599998474121094,5875300,0.026456091342854822,0.18461006631889804,48.74969999313355
2006-03-31,58.06999969482422,58.310001373291016,57.560001373291016,58.099998474121094,5076400,-0.008569032949188241,0.1849016376166835,48.826499977111816
2006-04-03,58.619998931884766,58.93000030517578,58.400001525878906,58.470001220703125,4894500,0.006348185470116209,0.1825478218679816,48.90154998779297
2006-04-04,58.439998626708984,58.7599983215332,58.18000030517578,58.33000183105469,5094500,-0.00239725090815688,0.16736835456585547,48.97504999160767
2006-04-05,58.63999938964844,58.709999084472656,58.0,58.65999984741211,6660300,0.005641488791230979,0.16527525714666755,49.050049991607665
2006-04-06,58.970001220703125,59.34000015258789,58.849998474121094,59.279998779296875,5644000,0.010513899447593818,0.1480055105805302,49.1273999786377
2006-04-07,58.66999816894531,58.81999969482422,58.220001220703125,58.59000015258789,3427000,-0.011707924234642699,0.15821545505720383,49.20174997329712
2006-04-10,59.47999954223633,59.650001525878906,58.95000076293945,59.599998474121094,3682000,0.01709151230827808,0.15917698538396138,49.27964996337891
2006-04-11,59.52000045776367,59.849998474121094,59.0,59.0099983215332,5023400,-0.009948655844000452,0.16637041122810217,49.35519994735718
2006-04-12,59.45000076293945,59.709999084472656,59.150001525878906,59.43000030517578,3709300,0.0070922618883069175,0.16521584533610553,49.432799949646
2006-04-13,59.130001068115234,59.599998474121094,58.869998931884766,59.5,2812500,0.0011771580379689472,0.16543659533838811,49.5130499458313
2006-04-17,60.380001068115234,61.29999923706055,60.20000076293945,61.09000015258789,6072600,0.026371876607847133,0.1832410952475646,49.60034994125366
2006-04-18,61.25,61.93000030517578,61.060001373291016,61.849998474121094,5130700,0.012363885008428301,0.18221960555596467,49.69239994049072
2006-04-19,61.959999084472656,63.95000076293945,61.900001525878906,63.75,11285100,0.030257109870676136,0.20038608311865136,49.797649936676024
2006-04-20,63.38999938964844,63.45000076293945,60.439998626708984,60.959999084472656,12977900,-0.044751287678637945,0.2659032163675372,49.8910499382019
2006-04-21,62.5099983215332,63.279998779296875,61.779998779296875,63.20000076293945,7528100,0.03608641686474083,0.2854204995830382,49.9957999420166
2006-04-24,62.349998474121094,62.529998779296875,61.599998474121094,61.650001525878906,7385300,-0.024831058863613812,0.30495802465935223,50.09224994659424
2006-04-25,62.86000061035156,63.18000030517578,62.18000030517578,62.779998779296875,5611200,0.018163277608642465,0.30488930649685736,50.19484994888305
2006-04-26,63.040000915527344,63.790000915527344,63.040000915527344,63.650001525878906,5795200,0.013762817006708136,0.30537541666109586,50.300399951934814
2006-04-27,62.84000015258789,64.0,62.77000045776367,62.959999084472656,6421200,-0.010899759408640247,0.30827411907187496,50.401999950408936
2006-04-28,63.900001525878906,65.2699966430664,63.83000183105469,65.08999633789062,8378000,0.03327128175431663,0.32042737349913153,50.51569993972778
2006-05-01,65.68000030517578,65.83000183105469,64.9800033569336,65.16000366210938,7556200,0.0010749686135923268,0.3122300356974809,50.63199995040893
2006-05-02,65.5999984741211,66.56999969482422,65.55999755859375,66.55000305175781,6194800,0.02110775076209168,0.3128400446190593,50.754499969482424
2006-05-03,67.13999938964844,67.13999938964844,65.33000183105469,66.45999908447266,11554600,-0.0013533415469022937,0.3140120046323229,50.876749973297116
2006-05-04,66.76000213623047,67.66999816894531,66.22000122070312,67.4800033569336,14123500,0.015231058274022213,0.3139397251423225,51.00469999313354
2006-05-05,67.51000213623047,68.01000213623047,67.05999755859375,67.98999786376953,9270900,0.007529296693737569,0.3139095416191288,51.13364997863769
2006-05-08,67.19999694824219,67.61000061035156,66.75,67.55999755859375,6528700,-0.006344548315854382,0.3169685425202105,51.2591499710083
2006-05-09,68.54000091552734,69.72000122070312,68.44999694824219,69.68000030517578,12056900,0.030897281121183933,0.32093117295882906,51.395299968719485
2006-05-10,69.2699966430664,70.48999786376953,69.2699966430664,70.37999725341797,10312100,0.009995755944479651,0.3194070796646885,51.534649963378904
2006-05-11,71.9800033569336,72.1500015258789,71.0,71.02999877929688,17781400,0.009193212955575812,0.31272983259829107,51.67854995727539
2006-05-12,71.83999633789062,72.26000213623047,70.19999694824219,71.12000274658203,20635500,0.0012663240006524636,0.3137867566867528,51.82194997787476
2006-05-15,68.68000030517578,69.30000305175781,67.31999969482422,67.41000366210938,18383800,-0.053575200633378034,0.3802762231612326,51.945249996185304
2006-05-16,68.31999969482422,68.86000061035156,67.87000274658203,68.61000061035156,12221900,0.017644876407503035,0.3755414135731861,52.07420000076294
2006-05-17,69.51000213623047,70.16999816894531,68.06999969482422,68.1500015258789,16414700,-0.0067271250662083795,0.3769831591112602,52.19930000305176
2006-05-18,68.69000244140625,69.0999984741211,67.36000061035156,67.45999908447266,12720700,-0.010176364470453626,0.368254563542772,52.32090000152588
2006-05-19,65.76000213623047,66.05000305175781,64.69999694824219,65.58000183105469,18687500,-0.028264016724660453,0.3451970725128511,52.43115001678467
2006-05-22,64.41999816894531,65.41999816894531,63.79999923706055,65.30000305175781,11977700,-0.0042787163206261586,0.32487619581687827,52.53925003051758
2006-05-23,65.98999786376953,67.16000366210938,65.91000366210938,66.37999725341797,10509700,0.016403681898370586,0.31389234678245614,52.65315002441406
2006-05-24,64.83000183105469,65.16000366210938,63.220001220703125,64.05999755859375,11065600,-0.035575658845409586,0.33667909024074627,52.75670001983642
2006-05-25,64.12000274658203,64.76000213623047,63.7599983215332,64.69999694824219,6505400,0.009941048269267854,0.3351047118269067,52.8635000038147
2006-05-26,65.01000213623047,65.0999984741211,63.75,65.0999984741211,5265900,0.0061633714364872465,0.33281699989646835,52.97074998855591
2006-05-30,65.19999694824219,66.23999786376953,65.0,65.11000061035156,8240200,0.00015363084740756304,0.312233577284526,53.07404998779297
2006-05-31,65.52999877929688,65.58999633789062,63.58000183105469,64.2300033569336,7573300,-0.013607713088968276,0.31572844721392307,53.1727499961853
2006-06-01,62.150001525878906,62.970001220703125,61.79999923706055,62.560001373291016,11751400,-0.026344325345324347,0.3172472058323105,53.26489999771118
2006-06-02,63.099998474121094,63.59000015258789,62.529998779296875,63.5,6958900,0.014913787710007854,0.3232233787656476,53.35965000152588
2006-06-05,63.81999969482422,64.19000244140625,63.119998931884766,63.290000915527344,6018600,-0.003312552645839676,0.3169675953322181,53.45655000686646
2006-06-06,62.58000183105469,62.66999816894531,62.15999984741211,62.54999923706055,7175100,-0.011761128537159677,0.3158953299370297,53.55014999389648
2006-06-07,61.540000915527344,62.849998474121094,61.349998474121094,62.279998779296875,10172700,-0.004325897350092141,0.3157816091379668,53.64354999542236
2006-06-08,61.5,61.529998779296875,60.43000030517578,60.90999984741211,14228500,-0.02224296502229821,0.2950251792331338,53.729599990844726
2006-06-09,61.16999816894531,61.380001068115234,59.709999084472656,60.45000076293945,7414800,-0.007580772661454671,0.2889333394226037,53.81305000305176
2006-06-12,60.779998779296875,60.84000015258789,59.97999954223633,60.029998779296875,4122500,-0.0069721727529347115,0.28270644138124246,53.8952499961853
2006-06-13,58.099998474121094,58.650001525878906,55.810001373291016,55.91999816894531,26220600,-0.07092235174749513,0.35437010975259303,53.95619998931885
2006-06-14,56.650001525878906,56.90999984741211,55.04999923706055,55.619998931884766,12655100,-0.005379235579350925,0.3198273255860175,54.01624998092652
2006-06-15,57.119998931884766,57.619998931884766,56.33000183105469,57.31999969482422,11907900,0.030106768033878732,0.33551342986131955,54.08499998092651
2006-06-16,57.29999923706055,57.93000030517578,56.43000030517578,57.68000030517578,7319400,0.006260900631636242,0.3394022267770586,54.15834999084473
2006-06-19,56.849998474121094,57.25,56.150001525878906,56.36000061035156,5737400,-0.023150800407539796,0.3434299796412922,54.22314998626709
2006-06-20,56.63999938964844,57.47999954223633,56.15999984741211,57.29999923706055,11072400,0.016540912545872956,0.3461029466736089,54.288549976348875
2006-06-21,56.619998931884766,58.77000045776367,56.619998931884766,58.33000183105469,6162100,0.017815961750979315,0.3561482358093689,54.358949985504154
2006-06-22,58.16999816894531,58.61000061035156,57.65999984741211,57.72999954223633,5374800,-0.010339611013396036,0.34748620922268475,54.426249980926514
2006-06-23,57.27000045776367,58.29999923706055,57.27000045776367,57.9900016784668,6106700,0.004493649688969512,0.33287260997682816,54.494549980163576
2006-06-26,58.25,58.33000183105469,57.41999816894531,58.279998779296875,3423700,0.004988349549092548,0.3305543167915584,54.56294998168946
2006-06-27,58.709999084472656,59.2599983215332,57.68000030517578,57.68000030517578,6515900,-0.010348462113978564,0.32848538616321005,54.627149982452394
2006-06-28,58.150001525878906,58.189998626708984,57.349998474121094,57.540000915527344,2898900,-0.002430124232988146,0.3280206558672373,54.69039999008179
2006-06-29,58.0,59.779998779296875,58.0,59.52000045776367,10748500,0.033832024181210556,0.3540794582167479,54.765199985504154
2006-06-30,60.869998931884766,61.349998474121094,60.68000030517578,61.22999954223633,7773800,0.0283248597979711,0.36047119685629125,54.84654998779297
2006-07-03,61.959999084472656,62.369998931884766,61.880001068115234,62.18000030517578,3078500,0.015396151524819567,0.360743676260753,54.93034999847412
2006-07-05,62.47999954223633,62.630001068115234,61.439998626708984,62.5,8178400,0.005133147203806899,0.3612476153411362,55.01375
2006-07-06,62.459999084472656,63.20000076293945,62.04999923706055,63.02000045776367,5686600,0.008285586850556694,0.3601152567013262,55.09760000228882
2006-07-07,62.84000015258789,63.04999923706055,62.459999084472656,62.630001068115234,5328700,-0.006207730001220553,0.36048237381238385,55.17960000991821
2006-07-10,62.130001068115234,62.5,61.9900016784668,62.02000045776367,3512000,-0.009787492538485095,0.35319098264141396,55.25440000534058
2006-07-11,62.83000183105469,63.97999954223633,62.70000076293945,63.810001373291016,5787000,0.028453018348612674,0.364225811656382,55.34165000915527
2006-07-12,64.6500015258789,65.19000244140625,63.0099983215332,64.91999816894531,9450300,0.017245775039784833,0.3658844772335133,55.43485000610352
2006-07-13,65.08999633789062,65.68000030517578,64.11000061035156,65.55000305175781,12226800,0.009657542324286587,0.24535816770068794,55.52975002288818
2006-07-14,65.9000015258789,66.41999816894531,65.69999694824219,65.8499984741211,10035800,0.004566148251357566,0.2411288326402436,55.62775001525879
2006-07-17,64.79000091552734,65.22000122070312,63.66999816894531,63.95000076293945,9905000,-0.02927786506214761,0.25968928972380373,55.713500022888184
2006-07-18,64.75,64.75,62.34000015258789,62.900001525878906,7639300,-0.016555351989900366,0.2703375968696263,55.792500038146976
2006-07-19,62.56999969482422,64.23999786376953,62.47999954223633,64.02999877929688,7261300,0.01780551650096022,0.25506783067312594,55.87915002822876
2006-07-20,63.400001525878906,63.970001220703125,62.400001525878906,62.540000915527344,6402700,-0.023545337797397207,0.27160802330359873,55.95975004196167
2006-07-21,63.189998626708984,63.25,61.209999084472656,61.709999084472656,6949300,-0.013360389171752314,0.27333354089593886,56.03605003356934
2006-07-24,60.630001068115234,61.22999954223633,59.83000183105469,61.13999938964844,7281000,-0.009279671017174801,0.2727212555884222,56.10995002746582
2006-07-25,61.34000015258789,61.599998474121094,60.560001373291016,61.54999923706055,4736800,0.0066835337551839295,0.27300476470493334,56.18165002822876
2006-07-26,61.349998474121094,62.36000061035156,60.93000030517578,62.0,3376000,0.007284544810071161,0.2733484068189411,56.254850025177
2006-07-27,63.529998779296875,63.61000061035156,62.54999923706055,62.900001525878906,4697300,0.014411802920109096,0.271626075993767,56.332500038146975
2006-07-28,62.779998779296875,63.34000015258789,62.75,63.11000061035156,3156400,0.0033330573021811403,0.2706052612588346,56.41110004425049
2006-07-31,63.119998931884766,63.349998474121094,62.439998626708984,63.15999984741211,3420200,0.0007919417041651264,0.24863935188732064,56.49265005111695
2006-08-01,62.91999816894531,64.45999908447266,62.91999816894531,64.31999969482422,4669800,0.018199433154515745,0.237793325489054,56.57915004730225
2006-08-02,64.73999786376953,65.22000122070312,64.4000015258789,64.75,5052000,0.006663080453584655,0.23364188596505497,56.66890005111694
2006-08-03,64.0,64.33000183105469,63.54999923706055,64.12000274658203,3840600,-0.009777330003267252,0.2367536775830697,56.75320007324219
2006-08-04,64.87000274658203,64.9800033569336,64.0,64.27999877929688,4811100,0.0024921513025285714,0.23542158648151115,56.83960006713867
2006-08-07,64.47000122070312,64.80999755859375,64.25,64.5,2493800,0.003416701922818477,0.23409538427884669,56.93040006637573
2006-08-08,63.97999954223633,64.56999969482422,63.849998474121094,63.970001220703125,5574200,-0.008250981257249518,0.23322898687656823,57.02035007476807
2006-08-09,64.55999755859375,65.12999725341797,64.38999938964844,64.62999725341797,4369600,0.010264414233311715,0.2144757035435122,57.11090005874634
2006-08-10,64.0199966430664,64.37999725341797,62.970001220703125,63.25,6869900,-0.021583529170159283,0.21866047165934463,57.1952000617981
2006-08-11,63.58000183105469,64.0999984741211,62.2400016784668,62.709999084472656,6962800,-0.008574217652083825,0.21631908295928032,57.273450050354
2006-08-14,62.38999938964844,62.900001525878906,62.02000045776367,62.25,3526100,-0.007362374610728818,0.21562660374496267,57.35005004882812
2006-08-15,61.95000076293945,62.27000045776367,61.68000030517578,62.0099983215332,4833600,-0.003862900050710145,0.19289707679591364,57.42420003890991
2006-08-16,62.630001068115234,62.88999938964844,62.2400016784668,62.4900016784668,3332900,0.007710935506649349,0.18721324207616527,57.50055004119873
2006-08-17,62.31999969482422,62.349998474121094,60.959999084472656,61.029998779296875,4215900,-0.023641044246042624,0.1916776517937574,57.57370002746582
2006-08-18,61.4900016784668,61.5,60.29999923706055,61.040000915527344,6418400,0.0001638754202975384,0.17545203613086754,57.650250034332274
2006-08-21,62.09000015258789,62.47999954223633,61.79999923706055,62.439998626708984,3595900,0.02267667167844972,0.18784109191867504,57.73180002212524
2006-08-22,62.04999923706055,62.20000076293945,61.61000061035156,62.04999923706055,4067700,-0.006265574298403905,0.18613414051855176,57.812250022888186
2006-08-23,62.560001373291016,62.68000030517578,61.75,61.83000183105469,3573700,-0.003551786170239269,0.18536622558192833,57.893850040435794
2006-08-24,61.97999954223633,62.060001373291016,61.45000076293945,61.75,2198000,-0.0012947376767310466,0.18361838563668748,57.973750038146974
2006-08-25,61.880001068115234,62.0,61.58000183105469,61.77000045776367,2127000,0.0003238416104977378,0.17581986348926482,58.05305004119873
2006-08-28,61.79999923706055,61.79999923706055,60.83000183105469,61.0,3584600,-0.012543952945273145,0.17960687691170074,58.125250034332275
2006-08-29,61.0,61.09000015258789,60.31999969482422,60.939998626708984,3609800,-0.0009841131508817223,0.1794117152624878,58.19755002975464
2006-08-30,61.4900016784668,61.65999984741211,61.09000015258789,61.41999816894531,2901600,0.007845734178219533,0.16817227982699678,58.27065002441406
2006-08-31,62.0,62.29999923706055,61.72999954223633,62.290000915527344,4842300,0.014065428763227219,0.1749062273922655,58.34900003433228
2006-09-01,61.95000076293945,62.290000915527344,61.47999954223633,62.13999938964844,3210200,-0.002411019821175847,0.1725420071909006,58.42640003204346
2006-09-05,63.20000076293945,63.630001068115234,63.060001373291016,63.36000061035156,4219400,0.01944286299654392,0.18687222075699403,58.50430004119873
2006-09-06,63.220001220703125,63.52000045776367,62.83000183105469,62.86000061035156,3210900,-0.007922716060125687,0.18786091150568585,58.576200046539306
2006-09-07,61.869998931884766,61.91999816894531,60.9900016784668,61.25,5402300,-0.025946191654282313,0.20538146818608646,58.64015005111694
2006-09-08,60.52000045776367,60.77000045776367,60.279998779296875,60.63999938964844,3693400,-0.010009118155884447,0.20202141413909158,58.698400039672855
2006-09-11,58.849998474121094,59.25,57.90999984741211,58.5,10580700,-0.035927977031141096,0.2235775582082107,58.74430004119873
2006-09-12,58.650001525878906,59.09000015258789,58.18000030517578,58.31999969482422,5836200,-0.0030816717701889667,0.22288274552229512,58.79015003204346
2006-09-13,58.599998474121094,58.93000030517578,57.970001220703125,58.619998931884766,3539100,0.0051308345941207655,0.2243208404673024,58.836150035858154
2006-09-14,58.59000015258789,58.720001220703125,57.08000183105469,57.189998626708984,7637700,-0.024696883147300203,0.23675825468484657,58.87340002059936
2006-09-15,57.20000076293945,57.790000915527344,56.65999984741211,57.400001525878906,6454800,0.0036652959943343877,0.23467406227222365,58.91140003204346
2006-09-18,57.470001220703125,58.38999938964844,57.41999816894531,58.22999954223633,4438700,0.014356348078949017,0.23159110360492485,58.957050037384036
2006-09-19,58.02000045776367,58.11000061035156,56.84000015258789,56.91999816894531,5287000,-0.022753936934990223,0.24197295728271567,58.990800037384034
2006-09-20,57.810001373291016,58.2400016784668,57.20000076293945,57.2599983215332,5385200,0.005955529304156023,0.22571778266792547,59.02550003051758
2006-09-21,57.349998474121094,58.09000015258789,57.220001220703125,57.95000076293945,3870800,0.011978312594347288,0.23228862629057315,59.06135004043579
2006-09-22,58.70000076293945,58.75,57.9900016784668,58.5,3320300,0.009446171286572042,0.2364069235264341,59.09940004348755
2006-09-25,58.150001525878906,58.7599983215332,57.779998779296875,58.5,3797300,0.0,0.23654200638694267,59.13530004501343
2006-09-26,58.5,58.970001220703125,58.25,58.7400016784668,2763400,0.004094200107174069,0.23748284267794614,59.16950004577637
2006-09-27,59.220001220703125,59.86000061035156,58.72999954223633,59.810001373291016,4656900,0.018051939672373406,0.24455359858696188,59.20655004501343
2006-09-28,59.880001068115234,60.27000045776367,59.56999969482422,59.790000915527344,3930900,-0.00033445581216309524,0.24456241456529013,59.24270004272461
2006-09-29,59.52000045776367,59.630001068115234,58.97999954223633,59.470001220703125,3201000,-0.0053664339603248755,0.24288114268725486,59.28180004119873
2006-10-02,59.79999923706055,59.880001068115234,59.029998779296875,59.150001525878906,2018800,-0.005395388023705695,0.23639927764670912,59.32580005645752
2006-10-03,57.93000030517578,58.13999938964844,56.90999984741211,57.11000061035156,5233800,-0.0350973728570958,0.2620353483726701,59.360150051116946
2006-10-04,57.470001220703125,57.52000045776367,55.54999923706055,56.369998931884766,8153900,-0.013042160218877828,0.24923679401257953,59.391550045013425
2006-10-05,56.939998626708984,57.02000045776367,56.31999969482422,56.91999816894531,3890700,0.009709657907544174,0.25456397653360135,59.42505002975464
2006-10-06,56.279998779296875,57.02000045776367,55.630001068115234,56.9900016784668,4282700,0.0012291022461254299,0.24317356945559682,59.46480003356933
2006-10-09,57.459999084472656,57.5,56.720001220703125,57.20000076293945,2689800,0.0036780684249936844,0.24313197272592063,59.50395004272461
2006-10-10,56.54999923706055,57.279998779296875,56.47999954223633,57.0,3422100,-0.003502643889304294,0.21129356643251027,59.538250045776365
2006-10-11,57.29999923706055,57.52000045776367,56.70000076293945,56.880001068115234,2944200,-0.0021074635611676128,0.21121333207802226,59.57205005645752
2006-10-12,56.7400016784668,57.4900016784668,56.650001525878906,57.4900016784668,2777500,0.010667244557621159,0.2141514320211161,59.606300067901614
2006-10-13,58.25,58.599998474121094,57.939998626708984,58.56999969482422,3078400,0.018611566060242047,0.20597664805082772,59.64180006027222
2006-10-16,58.93000030517578,59.18000030517578,58.720001220703125,59.16999816894531,1986300,0.010192010851696898,0.20821540368830888,59.680300045013425
2006-10-17,59.0,59.099998474121094,58.119998931884766,58.650001525878906,2657100,-0.0088270246267677,0.20557456729716286,59.71565004348755
2006-10-18,58.81999969482422,59.029998779296875,58.2599983215332,58.59000015258789,3679000,-0.0010235649551442205,0.18782924148714525,59.74300004959107
2006-10-19,59.040000915527344,59.650001525878906,59.02000045776367,59.40999984741211,2952900,0.013898523638232187,0.19223259168823373,59.773550052642825
2006-10-20,59.45000076293945,59.47999954223633,58.650001525878906,58.779998779296875,3190500,-0.01066091957581257,0.19305813303552297,59.805750045776364
2006-10-23,57.880001068115234,58.189998626708984,57.52000045776367,57.7599983215332,3521800,-0.017505174698208014,0.2000806890409971,59.82595003128052
2006-10-24,57.20000076293945,58.2599983215332,56.869998931884766,58.16999816894531,3558200,0.007073260919781201,0.20184327571650634,59.84380002975464
2006-10-25,57.83000183105469,58.779998779296875,57.54999923706055,58.7599983215332,4384200,0.01009159629586728,0.20452828757850225,59.86730001449585
2006-10-26,59.029998779296875,59.45000076293945,58.97999954223633,59.290000915527344,5241100,0.008979350419899177,0.19671315955646118,59.891100025177
2006-10-27,59.43000030517578,59.56999969482422,59.040000915527344,59.400001525878906,3080700,0.0018535788960060886,0.19687052443865932,59.915950031280516
2006-10-30,60.04999923706055,60.650001525878906,59.880001068115234,59.900001525878906,4675700,0.008382278538378779,0.19817921748952455,59.938250045776364
2006-10-31,59.59000015258789,60.36000061035156,59.56999969482422,60.2400016784668,4603000,0.005660080759457596,0.19784579934900873,59.963150062561034
2006-11-01,61.029998779296875,61.54999923706055,60.68000030517578,61.36000061035156,8172300,0.018421555651427647,0.15813457211616938,59.99960006713867
2006-11-02,61.470001220703125,62.189998626708984,61.470001220703125,61.91999816894531,6680500,0.009085032704114484,0.14732141197820248,60.03125005722046
2006-11-03,61.810001373291016,62.5,61.650001525878906,62.29999923706055,7359200,0.0061182138370136285,0.14623379800984404,60.066750049591064
2006-11-06,62.16999816894531,62.34000015258789,61.849998474121094,61.88999938964844,4078400,-0.0066028076577951044,0.1507534821883259,60.09735004425049
2006-11-07,62.349998474121094,62.47999954223633,61.970001220703125,62.040000915527344,5332400,0.0024207471759942175,0.15084261243532596,60.12890005111694
2006-11-08,61.939998626708984,62.08000183105469,60.869998931884766,61.11000061035156,5319300,-0.015103824170810666,0.16285979418115293,60.153750057220456
2006-11-09,62.119998931884766,63.130001068115234,61.939998626708984,62.95000076293945,6634800,0.029665243715548233,0.18519017964948994,60.18910005569458
2006-11-10,62.70000076293945,62.81999969482422,62.060001373291016,62.4900016784668,4437000,-0.0073342018093687155,0.18850816179453275,60.223400058746336
2006-11-13,61.93000030517578,62.25,61.77000045776367,62.189998626708984,3408800,-0.0048123777671425306,0.18296869956041417,60.25095005035401
2006-11-14,62.310001373291016,62.52000045776367,61.459999084472656,61.630001068115234,5706200,-0.009045410728369615,0.1853699276738473,60.275600051879884
2006-11-15,61.34000015258789,62.06999969482422,61.25,61.84000015258789,3760500,0.0034016244413848868,0.1812142013092634,60.301300048828125
2006-11-16,62.15999984741211,62.29999923706055,61.27000045776367,61.310001373291016,4347500,-0.008607422572897042,0.18494966112732125,60.3229500579834
2006-11-17,61.400001525878906,61.779998779296875,61.34000015258789,61.779998779296875,3390900,0.007636683557831217,0.18117595681575874,60.34935005187988
2006-11-20,62.060001373291016,62.25,61.560001373291016,61.77000045776367,2947200,-0.00016185061297892278,0.1755962176949253,60.37460004806518
2006-11-21,62.25,62.52000045776367,62.029998779296875,62.27000045776367,2930400,0.008061959117047567,0.16086478638343515,60.4129500579834
2006-11-22,62.63999938964844,63.06999969482422,62.25,62.5,4863600,0.0036867805067237296,0.16036520658556702,60.451300048828124
2006-11-24,63.47999954223633,63.68000030517578,63.310001373291016,63.5,6886100,0.015873349156290163,0.1645914850746149,60.48790004730225
2006-11-27,63.459999084472656,63.7400016784668,63.31999969482422,63.70000076293945,5249800,0.003144668656543143,0.16346799403462234,60.53245004653931
2006-11-28,63.599998474121094,63.709999084472656,62.81999969482422,63.56999969482422,6057400,-0.0020429184074974753,0.16449143183838538,60.581700038909915
2006-11-29,63.369998931884766,63.38999938964844,63.08000183105469,63.15999984741211,4006500,-0.006470469176144637,0.16666297816788417,60.62505002975464
2006-11-30,64.06999969482422,64.43000030517578,63.900001525878906,64.38999938964844,6362700,0.019287145099564598,0.1763008795937035,60.678200035095216
2006-12-01,64.19999694824219,64.55000305175781,63.9900016784668,64.12000274658203,6363800,-0.004201961494731662,0.16890879808904138,60.726200046539304
2006-12-04,64.02999877929688,64.13999938964844,63.560001373291016,64.12000274658203,3469100,0.0,0.16709384488967619,60.772000064849856
2006-12-05,64.25,64.41999816894531,63.36000061035156,63.810001373291016,5254600,-0.004846431174560282,0.16772563618375513,60.81545007705689
2006-12-06,63.08000183105469,63.45000076293945,62.290000915527344,62.689998626708984,6386500,-0.017708016022004423,0.1782659386765572,60.85220006942749
2006-12-07,62.63999938964844,62.779998779296875,61.9900016784668,62.72999954223633,5384600,0.0006378714314723856,0.17814490120820498,60.89265007019043
2006-12-08,63.08000183105469,63.34000015258789,61.869998931884766,62.04999923706055,6080900,-0.010899295456230593,0.17404489472542187,60.92470006942749
2006-12-11,62.18000030517578,62.599998474121094,62.06999969482422,62.56999969482422,3163800,0.008345425777865432,0.14212193812235288,60.9614500617981
2006-12-12,62.40999984741211,62.560001373291016,62.16999816894531,62.52000045776367,3017900,-0.0007994122577706783,0.13982415902623788,60.99370006561279
2006-12-13,62.099998474121094,62.56999969482422,61.880001068115234,62.47999954223633,3595400,-0.0006400146702843091,0.13874907329219982,61.02560007095337
2006-12-14,62.290000915527344,62.470001220703125,62.040000915527344,62.119998931884766,2237300,-0.005778517118766663,0.13644217903918704,61.052500057220456
2006-12-15,62.209999084472656,62.220001220703125,60.93000030517578,61.0,7427800,-0.018194116912789278,0.15022316318761886,61.07610006332398
2006-12-18,60.849998474121094,61.11000061035156,60.650001525878906,61.040000915527344,3880800,0.0006555378016999935,0.14744303613553275,61.10515007019043
2006-12-19,61.20000076293945,61.83000183105469,61.18000030517578,61.79999923706055,4254900,0.012373950143335283,0.151477720365371,61.13940006256104
2006-12-20,61.63999938964844,61.79999923706055,61.45000076293945,61.619998931884766,2979300,-0.0029168762837298865,0.1518186043288489,61.17765005111694
2006-12-21,61.58000183105469,61.70000076293945,61.27000045776367,61.380001068115234,2483300,-0.0039024092413447,0.14933531773760622,61.21335004806519
2006-12-22,61.45000076293945,61.79999923706055,61.31999969482422,61.650001525878906,1367400,0.004389187767752673,0.1496140036083375,61.25245004653931
2006-12-26,62.2400016784668,62.45000076293945,61.869998931884766,61.97999954223633,1975200,0.005338490612910114,0.1390288053206777,61.29080003738403
2006-12-27,62.29999923706055,62.459999084472656,62.16999816894531,62.220001220703125,3063500,0.0038647661146999175,0.1393313738855768,61.32755004882812
2006-12-28,62.970001220703125,63.04999923706055,62.689998626708984,62.900001525878906,2538900,0.01086967687656617,0.14530503412907325,61.3664500617981
2006-12-29,62.90999984741211,63.25,62.880001068115234,63.209999084472656,2117200,0.004916314035106273,0.1447672462076887,61.40580005645752
2007-01-03,63.58000183105469,64.0199966430664,62.0,62.279998779296875,8061900,-0.014822174634752381,0.13554679669520345,61.44160005569458
2007-01-04,62.06999969482422,62.5,61.52000045776367,61.650001525878906,4858600,-0.010167073004529946,0.13853906408617614,61.47400007247925
2007-01-05,60.75,60.779998779296875,59.65999984741211,60.16999816894531,12500100,-0.02429939556012064,0.15853432624267474,61.5007000541687
2007-01-08,60.380001068115234,60.540000915527344,59.849998474121094,60.47999954223633,3478700,0.005138865501529681,0.16084766006331774,61.52935005187988
2007-01-09,60.13999938964844,61.09000015258789,60.060001373291016,60.849998474121094,4170400,0.006099070055031333,0.1535603084753912,61.56010004043579
2007-01-10,60.459999084472656,60.81999969482422,60.060001373291016,60.59000015258789,3766000,-0.004281928882199839,0.15367584434618956,61.584500045776366
2007-01-11,60.70000076293945,61.06999969482422,60.529998779296875,60.630001068115234,4640000,0.0006599722253165242,0.15008742914410467,61.6057000541687
2007-01-12,61.0,62.279998779296875,60.900001525878906,62.16999816894531,5840200,0.02508270112828025,0.1728374264625196,61.636250038146976
2007-01-16,62.20000076293945,62.29999923706055,61.7400016784668,61.970001220703125,3201000,-0.003222122156554715,0.1731281920554863,61.66075004577637
2007-01-17,61.970001220703125,62.900001525878906,61.970001220703125,62.63999938964844,4516200,0.010753625266441386,0.1773927867128892,61.68095005035401
2007-01-18,62.9900016784668,63.15999984741211,62.150001525878906,62.2599983215332,4460100,-0.006084903884278258,0.17752431718077105,61.70175004959106
2007-01-19,62.52000045776367,63.130001068115234,62.27000045776367,63.0,3258400,0.011815588337062208,0.1687649313961992,61.72440004348755
2007-01-22,63.0099983215332,63.47999954223633,62.650001525878906,62.720001220703125,3941200,-0.004454330886639369,0.1700245186564788,61.74635004043579
2007-01-23,63.68000030517578,64.29000091552734,63.66999816894531,64.2300033569336,6322000,0.023790048029069068,0.18346695193620086,61.7742000579834
2007-01-24,63.709999084472656,64.41000366210938,63.369998931884766,64.33000183105469,5241200,0.0015556703524108786,0.18265929758001553,61.799450073242184
2007-01-25,64.80000305175781,64.87999725341797,63.97999954223633,64.05999755859375,5985700,-0.0042060078166053835,0.18278692864982235,61.82680006027222
2007-01-26,64.16000366210938,64.30999755859375,63.7599983215332,64.16999816894531,3493900,0.0017156771582206524,0.18258759292270002,61.849650058746334
2007-01-29,63.849998474121094,64.29000091552734,63.65999984741211,63.77000045776367,3487300,-0.006252915722453849,0.18425097907422458,61.87345006942749
2007-01-30,63.91999816894531,64.2300033569336,63.83000183105469,64.22000122070312,3094200,0.007031840163978631,0.18511896557086996,61.89740007400513
2007-01-31,63.9900016784668,64.9800033569336,63.95000076293945,64.83000183105469,5900900,0.009453779761331271,0.18427969946548906,61.9240500831604
2007-02-01,65.44999694824219,65.62999725341797,65.05999755859375,65.22000122070312,6284700,0.005997701647027386,0.18457463616750866,61.94470008850098
2007-02-02,64.76000213623047,64.80000305175781,63.79999923706055,64.27999877929688,9078500,-0.014517667198963751,0.1842382455270381,61.956850090026855
2007-02-05,64.68000030517578,64.69000244140625,64.23999786376953,64.30999755859375,2553500,0.0004665803047738857,0.17936789719810842,61.95965007781982
2007-02-06,65.05000305175781,65.0999984741211,64.52999877929688,64.79000091552734,2928800,0.007436182408872659,0.15237062372717222,61.9788000869751
2007-02-07,64.77999877929688,65.1500015258789,64.4800033569336,64.62999725341797,3075300,-0.00247262781476593,0.15362953967541532,61.98595006942749
2007-02-08,64.91999816894531,65.61000061035156,64.83000183105469,65.5199966430664,4769900,0.01367673153177363,0.1576460248821024,62.00530004501343
2007-02-09,65.2699966430664,66.37999725341797,65.22000122070312,66.12000274658203,6816500,0.009115926182613185,0.15611465800154806,62.022000064849856
2007-02-12,66.0,66.11000061035156,65.41000366210938,65.66999816894531,4113500,-0.006829142171961048,0.1603284343824294,62.03210004806519
2007-02-13,66.12999725341797,66.33999633789062,65.55000305175781,65.83999633789062,4143300,0.0025853284272528386,0.14040768720614583,62.046500034332276
2007-02-14,66.2300033569336,66.66000366210938,65.97000122070312,66.37000274658203,4174600,0.008017687793249467,0.1398001562520453,62.052900066375734
2007-02-15,66.22000122070312,66.52999877929688,65.70999908447266,66.41000366210938,7673400,0.0006025141558484927,0.13735114407402843,62.059150066375736
2007-02-16,65.94000244140625,66.38999938964844,65.76000213623047,66.36000061035156,3200400,-0.0007532281767395391,0.13421988634570864,62.0582000541687
2007-02-20,66.0999984741211,66.0999984741211,65.0,65.30999755859375,4810700,-0.01594934798707457,0.14533909209169357,62.052450046539306
2007-02-21,65.30999755859375,67.70999908447266,65.19999694824219,67.3499984741211,11076700,0.030757753667661307,0.17472267974687253,62.05180002212524
2007-02-22,67.44000244140625,67.55999755859375,66.97000122070312,67.1500015258789,6562800,-0.002973934507727785,0.15926684124650867,62.04760004043579
2007-02-23,67.3499984741211,68.29000091552734,67.3499984741211,67.72000122070312,8126200,0.008452629597989566,0.1607456682593973,62.04840005874634
2007-02-26,67.97000122070312,68.2300033569336,67.62999725341797,68.0999984741211,5254200,0.005595615458346798,0.15921401848934322,62.04050004959107
2007-02-27,67.33999633789062,68.33000183105469,65.06999969482422,65.41000366210938,15208600,-0.040301982788906086,0.21863642314215223,62.01565008163452
2007-02-28,66.7300033569336,66.93000030517578,65.54000091552734,66.4800033569336,8924200,0.016225993082467267,0.22317513695671787,61.992900104522704
2007-03-01,66.2300033569336,66.75,65.58000183105469,65.81999969482422,7108000,-0.009977462163909176,0.22608478056700007,61.966400089263914
2007-03-02,64.58999633789062,65.0,63.34000015258789,63.709999084472656,13732200,-0.03258221712050644,0.2520823880712388,61.94790006637573
2007-03-05,63.119998931884766,63.779998779296875,62.619998931884766,62.93000030517578,9829800,-0.012318519369876343,0.2538108560485142,61.919500064849856
2007-03-06,63.65999984741211,64.37000274658203,63.459999084472656,64.1500015258789,6992700,0.019201112459463956,0.25917914594206987,61.89950006484985
2007-03-07,64.13999938964844,64.63999938964844,63.54999923706055,64.30000305175781,6131800,0.002335563857059509,0.25931113042962056,61.88370008468628
2007-03-08,64.79000091552734,65.04000091552734,64.43000030517578,64.4800033569336,4285000,0.002795471555182954,0.2581282627998205,61.87820009231567
2007-03-09,64.81999969482422,65.22000122070312,64.1500015258789,64.25,9025500,-0.003573426484667515,0.25827697664128657,61.872950077056885
2007-03-12,64.54000091552734,64.73999786376953,63.959999084472656,64.37000274658203,4558800,0.0018660049578603111,0.2534299301433322,61.86290010452271
2007-03-13,64.29000091552734,64.69000244140625,63.56999969482422,63.720001220703125,4332100,-0.010149224534042496,0.2526766644691815,61.86120012283325
2007-03-14,63.34000015258789,64.05999755859375,63.09000015258789,63.939998626708984,7417000,0.0034466179547404147,0.25258681596842203,61.85740013122559
2007-03-15,64.02999877929688,64.45999908447266,63.880001068115234,63.97999954223633,7037700,0.0006254052126911442,0.2523008455158352,61.85180013656616
2007-03-16,64.54000091552734,64.98999786376953,64.37999725341797,64.62000274658203,5040100,0.00995347553336337,0.253295025950161,61.849350147247314
2007-03-19,64.87999725341797,64.94000244140625,64.62999725341797,64.73999786376953,2990500,0.0018552126010832166,0.2534489883279144,61.8519001197815
2007-03-20,64.93000030517578,65.54000091552734,64.93000030517578,65.2699966430664,4416300,0.008153245714605661,0.2555218922350957,61.865450096130374
2007-03-21,65.54000091552734,65.9000015258789,65.12000274658203,65.81999969482422,5059000,0.008391277663042266,0.2512005467255773,61.87705009460449
2007-03-22,65.77999877929688,66.12999725341797,65.5999984741211,65.76000213623047,4719700,-0.0009119556454928486,0.2255791001691962,61.88940010070801
2007-03-23,65.79000091552734,65.9000015258789,64.9000015258789,65.1500015258789,5593000,-0.009319456241314986,0.22729441216291374,61.9024001121521
2007-03-26,65.36000061035156,65.97000122070312,65.36000061035156,65.83999633789062,3928800,0.0105351737556021,0.2285474820455742,61.92020009994507
2007-03-27,65.87999725341797,65.97000122070312,65.5,65.69999694824219,3261700,-0.002128621706794342,0.2271558148798772,61.944150085449216
2007-03-28,66.13999938964844,66.4800033569336,65.7699966430664,66.05000305175781,6310000,0.005313198131411976,0.17945858424085306,61.97215009689331
2007-03-29,65.97000122070312,66.0,64.93000030517578,65.6500015258789,5448300,-0.006074453180646416,0.171216601377051,62.00025011062622
2007-03-30,65.73999786376953,66.20999908447266,65.48999786376953,65.73999786376953,4290200,0.0013699117494945744,0.16786382041961312,62.049350109100345
2007-04-02,65.73999786376953,66.13999938964844,65.02999877929688,65.8499984741211,5378100,0.0016718692763152765,0.11909364598949751,62.10050010681152
2007-04-03,65.66999816894531,66.22000122070312,65.6500015258789,65.83000183105469,4141700,-0.00030371572256647657,0.10821050999916242,62.14305011749268
2007-04-04,66.08999633789062,66.9800033569336,66.0,66.80999755859375,7126100,0.014777044100175683,0.10021425639711952,62.188700103759764
2007-04-05,66.69999694824219,66.95999908447266,66.58999633789062,66.86000061035156,3592700,0.0007481567258945134,0.10028509234381586,62.241200103759766
2007-04-09,66.87999725341797,67.19999694824219,66.45999908447266,66.52999877929688,3297300,-0.004947934715117107,0.10292670739088904,62.28735010147095
2007-04-10,67.16000366210938,67.55000305175781,66.9800033569336,67.16000366210938,2741900,0.009424931331835548,0.10470293235660665,62.33150011062622
2007-04-11,67.26000213623047,67.5,66.80999755859375,67.08000183105469,4357100,-0.0011919224858818033,0.10532647584587443,62.37825012207031
2007-04-12,67.05999755859375,67.25,66.4800033569336,66.98999786376953,6021900,-0.0013426416202099607,0.09662380729109563,62.423250102996825
2007-04-13,67.48999786376953,67.97000122070312,67.19000244140625,67.83999633789062,5062700,0.012608614870701874,0.10290294930725151,62.471050090789795
2007-04-16,68.13999938964844,68.5,67.68000030517578,68.4000015258789,7912300,0.008220909434594505,0.1042179312860344,62.52465009689331
2007-04-17,68.30999755859375,68.4800033569336,67.9800033569336,68.0,4159000,-0.0058651417605689645,0.10566191311245365,62.57695009231568
2007-04-18,68.0999984741211,68.44999694824219,67.94999694824219,68.37999725341797,4933500,0.005572638868595165,0.10619148703618769,62.62125007629395
2007-04-19,68.0,68.04000091552734,67.25,67.52999877929688,5344600,-0.012508418534408147,0.1162349405874461,62.65275007247925
2007-04-20,68.58000183105469,68.7300033569336,68.3499984741211,68.69999694824219,3358100,0.017177229296498005,0.12623736739382668,62.68535005569458
2007-04-23,68.41000366210938,68.6500015258789,68.04000091552734,68.26000213623047,2487500,-0.006425180032736332,0.12926967534221234,62.71415006637573
2007-04-24,68.44999694824219,68.5,67.43000030517578,67.7300033569336,5073700,-0.0077947119837775795,0.12771918650612224,62.73770008087158
2007-04-25,67.8499984741211,68.05999755859375,67.66000366210938,67.88999938964844,2614100,0.0023594765329765753,0.12379330146646661,62.76400007247925
2007-04-26,67.43000030517578,67.43000030517578,66.5,66.87000274658203,4668000,-0.015138262183911516,0.1361334421043982,62.78825008392334
2007-04-27,66.83999633789062,67.56999969482422,66.83999633789062,67.55999755859375,5231700,0.010265578663396079,0.1392293542611181,62.80700006484985
2007-04-30,67.19999694824219,67.5199966430664,67.04000091552734,67.08999633789062,2605400,-0.006981108812969409,0.13985012559099563,62.81785005569458
2007-05-01,66.9800033569336,67.0,66.54000091552734,66.69000244140625,3946300,-0.005979893737274426,0.1419293144533001,62.82355005264282
2007-05-02,66.33999633789062,66.75,66.11000061035156,66.66000366210938,4499300,-0.00044992543576865114,0.1419334065028704,62.82760007858276
2007-05-03,66.87000274658203,67.62000274658203,66.68000030517578,67.48999786376953,3936200,0.012374279286040058,0.14761720978924764,62.84530006408691
2007-05-04,67.73999786376953,68.43000030517578,67.73999786376953,68.19000244140625,3313800,0.010318555232789657,0.14318644774347294,62.871750068664554
2007-05-07,68.41999816894531,68.45999908447266,68.0199966430664,68.25,1995100,0.0008794717295128392,0.14318456542693928,62.89285007476806
2007-05-08,67.94999694824219,68.0199966430664,67.52999877929688,67.87999725341797,2475300,-0.005436034161360725,0.1434489138009824,62.91955005645752
2007-05-09,67.80999755859375,67.83999633789062,66.91999816894531,67.44999694824219,4647500,-0.006354862494686028,0.1421202725805008,62.94825004577637
2007-05-10,67.04000091552734,67.11000061035156,65.80000305175781,66.0,5536000,-0.02173179538259684,0.16119538511581416,62.972550048828126
2007-05-11,66.12999725341797,66.66000366210938,66.12999725341797,66.44999694824219,2937300,0.006794997207202193,0.16328433255790814,62.997050037384035
2007-05-14,66.62999725341797,66.6500015258789,66.0,66.27999877929688,3597600,-0.002561565092633459,0.15638388450231056,63.018450031280516
2007-05-15,65.88999938964844,66.7300033569336,65.87999725341797,66.54000091552734,2566600,0.003915110208388489,0.15383814919734012,63.03665002822876
2007-05-16,66.37000274658203,66.37000274658203,65.31999969482422,65.5999984741211,7268500,-0.014227611659689022,0.1595765446970879,63.04910001754761
2007-05-17,65.44000244140625,65.5999984741211,64.72000122070312,65.05999755859375,8707000,-0.008265789169946459,0.15881646617336911,63.05860000610352
2007-05-18,65.06999969482422,65.66999816894531,64.8499984741211,65.5199966430664,3158200,0.007045504789815029,0.15752827080977566,63.06459999084473
2007-05-21,65.29000091552734,65.76000213623047,65.05999755859375,65.66999816894531,10954300,0.00228678401065233,0.14314456000037282,63.06919998168945
2007-05-22,65.69999694824219,65.81999969482422,65.16000366210938,65.19999694824219,5886700,-0.007182750193709896,0.14345350321700853,63.07459995269775
2007-05-23,65.5199966430664,65.88999938964844,65.44999694824219,65.54000091552734,6441800,0.005201235113149631,0.14411160844652546,63.080899963378904
2007-05-24,65.45999908447266,65.45999908447266,64.5199966430664,64.75,6228000,-0.012126956660007309,0.14783001034900786,63.0821499633789
2007-05-25,64.95999908447266,65.08000183105469,64.7300033569336,64.94000244140625,4217600,0.0029301036898510342,0.1410860009901251,63.08699996948242
2007-05-29,65.12000274658203,65.56999969482422,64.94000244140625,65.06999969482422,3343100,0.0019998045474331656,0.1352639976425601,63.089199981689454
2007-05-30,64.86000061035156,64.86000061035156,64.5999984741211,64.72000122070312,2742800,-0.005393317205398538,0.13460617384763784,63.09654998779297
2007-05-31,65.16000366210938,65.58000183105469,65.06999969482422,65.54000091552734,7530700,0.01259036562812169,0.1423380129452689,63.11069999694824
2007-06-01,65.69999694824219,66.54000091552734,65.69999694824219,66.44000244140625,5634800,0.013638664251469168,0.15091821333861452,63.13165000915527
2007-06-04,66.61000061035156,66.76000213623047,66.30000305175781,66.54000091552734,2626300,0.0015039628582593058,0.14408830460458927,63.15430002212524
2007-06-05,66.69999694824219,66.69999694824219,66.2300033569336,66.37000274658203,3728100,-0.002558095808665873,0.1385056081310579,63.17370002746582
2007-06-06,66.11000061035156,66.55000305175781,65.87999725341797,66.41000366210938,3596600,0.0006025141558484927,0.13845430603934675,63.20060005187988
2007-06-07,66.2699966430664,66.4000015258789,65.16000366210938,65.26000213623047,6394300,-0.017468378797244048,0.14886437227712804,63.2217000579834
2007-06-08,64.87999725341797,65.0199966430664,63.7400016784668,64.22000122070312,7313100,-0.016064616229808024,0.15616741799519177,63.23060007095337
2007-06-11,64.33999633789062,64.87000274658203,64.33999633789062,64.69999694824219,4606600,0.007446446669522527,0.1426312976205148,63.24385005950928
2007-06-12,64.5199966430664,64.52999877929688,63.90999984741211,64.0999984741211,4073200,-0.009316814217075012,0.14253160283187782,63.25520004272461
2007-06-13,63.95000076293945,64.6500015258789,63.900001525878906,64.52999877929688,2803300,0.0066858729089560335,0.14540994778125355,63.2691000366211
2007-06-14,64.16000366210938,64.80000305175781,63.95000076293945,64.5999984741211,2765400,0.0010841741372225324,0.14446460070317624,63.28325002670288
2007-06-15,64.43000030517578,64.94000244140625,64.4000015258789,64.8499984741211,3032900,0.003862500064954589,0.13767139637726233,63.302500019073484
2007-06-18,65.19000244140625,65.25,64.81999969482422,64.94999694824219,1791000,0.0015408088972500085,0.13490763088905872,63.322550010681155
2007-06-19,64.79000091552734,65.55999755859375,64.75,65.4800033569336,2700900,0.008127107639137423,0.13567733273257324,63.342850036621094
2007-06-20,65.41999816894531,65.51000213623047,64.5999984741211,64.70999908447266,2591600,-0.011829068848465286,0.14133516861765416,63.35495002746582
2007-06-21,64.7300033569336,65.0199966430664,64.12999725341797,64.55999755859375,2709200,-0.0023207487754052505,0.13951763502887798,63.36705001831055
2007-06-22,64.9000015258789,64.9800033569336,64.43000030517578,64.77999877929688,1890800,0.00340190875374527,0.13873313393239486,63.37415000915527
2007-06-25,64.4800033569336,64.73999786376953,64.22000122070312,64.43000030517578,3424900,-0.005417527012256908,0.1335312374697407,63.382000007629394
2007-06-26,64.19999694824219,64.25,63.38999938964844,63.619998931884766,8276400,-0.012651498355086123,0.13964550703862585,63.393850002288815
2007-06-27,63.540000915527344,63.88999938964844,63.43000030517578,63.66999816894531,4689400,0.0007855957384052849,0.13938237777251777,63.4089999961853
2007-06-28,63.97999954223633,64.37999725341797,63.90999984741211,64.26000213623047,4231700,0.009223921660842944,0.14278050119926997,63.43780000686645
2007-06-29,64.29000091552734,64.63999938964844,64.1500015258789,64.2699966430664,2756400,0.00015552022019765682,0.13487048268882146,63.46754999160767
2007-07-02,64.51000213623047,65.2300033569336,64.51000213623047,65.0199966430664,2706200,0.011601956095053004,0.13225730846650927,63.49954998016357
2007-07-03,65.05999755859375,65.05999755859375,64.58000183105469,64.73999786376953,1835300,-0.004315647745486389,0.1323894714923783,63.537299976348876
2007-07-05,64.98999786376953,65.0,63.91999816894531,64.41999816894531,4333200,-0.004955100021671941,0.13293441050446195,63.57239995956421
2007-07-06,64.18000030517578,64.97000122070312,63.880001068115234,64.95999908447266,8080700,0.00834756628035994,0.13706254883339639,63.60604995727539
2007-07-09,65.0,65.68000030517578,64.98999786376953,65.37999725341797,5280800,0.006444677526836182,0.12551907021391115,63.64834995269776
2007-07-10,65.69999694824219,65.86000061035156,65.36000061035156,65.61000061035156,4016200,0.0035117733729580895,0.11129072392074336,63.690099964141844
2007-07-11,65.81999969482422,65.81999969482422,65.33999633789062,65.44000244140625,3647000,-0.0025944030574640994,0.109404250091213,63.72754997253418
2007-07-12,65.88999938964844,66.29000091552734,65.44999694824219,66.0199966430664,5870600,0.008823945975780085,0.1068251486282275,63.765149955749514
2007-07-13,66.08000183105469,66.2300033569336,65.66999816894531,66.02999877929688,3817800,0.00015149014155740927,0.10514025425787288,63.802799949645994
2007-07-16,66.19000244140625,66.19000244140625,65.66999816894531,65.81999969482422,4579600,-0.0031854268407077637,0.10618055167533763,63.83819993972779
2007-07-17,65.66000366210938,66.08000183105469,65.6500015258789,65.75,1878600,-0.001064067820799445,0.10581418800903254,63.86789993286133
2007-07-18,66.11000061035156,66.80000305175781,65.9000015258789,66.62000274658203,5238700,0.013145202935248576,0.11432950957993447,63.9020499420166
2007-07-19,66.69999694824219,67.12000274658203,66.61000061035156,67.01000213623047,4607900,0.005837019871235102,0.11284910420737905,63.93974994659424
2007-07-20,67.12999725341797,68.0,67.12000274658203,67.58000183105469,5408600,0.008470214516410005,0.1051948719915095,63.981899948120116
2007-07-23,67.80000305175781,67.80000305175781,67.30999755859375,67.47000122070312,3892400,-0.0016290356489017837,0.10485813235150154,64.03369995117187
2007-07-24,67.72000122070312,68.0,67.30000305175781,67.47000122070312,3763000,0.0,0.10498783224568994,64.08919996261596
2007-07-25,67.19000244140625,67.22000122070312,66.3499984741211,66.9000015258789,7530500,-0.008484082789328835,0.10818346066171265,64.13909997940064
2007-07-26,66.45999908447266,66.80000305175781,64.7300033569336,65.6500015258789,10704100,-0.018861365951098222,0.1201106245994807,64.18239997863769
2007-07-27,65.27999877929688,65.61000061035156,64.97000122070312,65.41000366210938,5341900,-0.003662416031323392,0.12142312650422024,64.22344999313354
2007-07-30,65.37000274658203,65.91999816894531,65.06999969482422,65.7699966430664,3046800,0.005488548312644498,0.11901094778241961,64.26729997634888
2007-07-31,66.18000030517578,66.38999938964844,65.12000274658203,65.79000091552734,4006500,0.00030410874105093354,0.1189971073728467,64.31184997558594
2007-08-01,65.5,66.05999755859375,65.37999725341797,65.93000030517578,6364400,0.0021257127401822437,0.11284124862783439,64.35404996871948
2007-08-02,65.95999908447266,66.01000213623047,65.55000305175781,65.88999938964844,5331500,-0.0006069020914542221,0.11150339297034247,64.39064996719361
2007-08-03,65.8499984741211,66.91999816894531,65.8499984741211,66.69000244140625,10736000,0.012068377589956174,0.11586719732210256,64.4282499885559
2007-08-06,66.66000366210938,66.66999816894531,66.20999908447266,66.5199966430664,2973200,-0.002552449392796444,0.11406573556467393,64.46759996414184
2007-08-07,66.08999633789062,66.58000183105469,65.91000366210938,66.4800033569336,4147200,-0.0006014028171162535,0.1125303788082205,64.50704998016357
2007-08-08,66.7300033569336,67.54000091552734,66.18000030517578,66.7699966430664,4252100,0.004352626551117794,0.1128235253972686,64.54384996414184
2007-08-09,65.94999694824219,65.94999694824219,65.23999786376953,65.45999908447266,9407200,-0.019814572506723634,0.1333249787397924,64.57724996566772
2007-08-10,65.44000244140625,66.95999908447266,65.44000244140625,66.56999969482422,8831700,0.016814765941351804,0.1425332414784484,64.62129997253417
2007-08-13,66.44999694824219,66.5199966430664,66.18000030517578,66.26000213623047,3644000,-0.004667591916457224,0.14361054062318027,64.6617499923706
2007-08-14,66.25,66.5,65.94999694824219,66.29000091552734,4749600,0.0004526409523711157,0.14309296094382162,64.69940000534058
2007-08-15,65.77999877929688,66.43000030517578,65.56999969482422,66.12999725341797,5886400,-0.002416609910743651,0.14333654177139635,64.73359998703003
2007-08-16,65.48999786376953,65.80999755859375,63.470001220703125,64.68000030517578,18367500,-0.0221704207263521,0.15510409758619909,64.75999998092651
2007-08-17,64.55999755859375,65.7300033569336,64.55999755859375,65.01000213623047,6374300,0.005089097649259215,0.15468502133247386,64.78554998397827
2007-08-20,65.05999755859375,65.4000015258789,64.77999877929688,65.12000274658203,4475200,0.0016906267951208541,0.15094833090666296,64.80994998931885
2007-08-21,65.18000030517578,65.30000305175781,64.7300033569336,65.06999969482422,4478600,-0.0007681550545950952,0.15098760702993566,64.82849998474121
2007-08-22,65.22000122070312,65.52999877929688,65.16999816894531,65.4000015258789,4251100,0.0050586729777030584,0.1527226455121127,64.84590000152588
2007-08-23,65.63999938964844,65.80000305175781,65.12999725341797,65.30999755859375,3027400,-0.0013771552618831308,0.15058752693344166,64.86094999313354
2007-08-24,65.41999816894531,66.20999908447266,65.30999755859375,66.11000061035156,3648300,0.012174904045098961,0.14275754315349615,64.88204999923705
2007-08-27,66.01000213623047,66.05000305175781,65.86000061035156,65.9800033569336,1865700,-0.001968313899368514,0.14228003250011076,64.9017500114441
2007-08-28,65.94999694824219,66.0999984741211,65.4800033569336,65.58999633789062,3473100,-0.005928527206188511,0.14264488612259396,64.92414999008179
2007-08-29,65.88999938964844,66.19999694824219,65.7300033569336,66.06999969482422,4469800,0.007291591950524386,0.14494823576903648,64.93974998474121
2007-08-30,65.87000274658203,66.0999984741211,65.62999725341797,65.80000305175781,3027700,-0.00409489671224921,0.1455088298393956,64.95629999160766
2007-08-31,66.61000061035156,66.7699966430664,66.45999908447266,66.5199966430664,4089900,0.010882719149130153,0.15036105614425832,64.97794998168945
2007-09-04,66.73999786376953,67.66000366210938,66.58999633789062,67.44000244140625,6640300,0.013735746035060996,0.15208502237544097,65.0069999885559
2007-09-05,67.3499984741211,67.62000274658203,67.18000030517578,67.55999755859375,6268300,0.0017777059079792377,0.15171757781959058,65.03559997558594
2007-09-06,67.91999816894531,69.08000183105469,67.88999938964844,68.86000061035156,15880800,0.019059410971297826,0.16429491642694274,65.07334997177124
2007-09-07,69.26000213623047,70.0,69.0,69.38999938964844,14960000,0.0076672893414621345,0.16537329642517368,65.111399974823
2007-09-10,69.95999908447266,69.95999908447266,68.7300033569336,69.62000274658203,7598500,0.0033091657188421245,0.14543209008191388,65.15064998626708
2007-09-11,69.86000061035156,70.69999694824219,69.5199966430664,70.5199966430664,11182400,0.012844388092752193,0.14124742036228535,65.1918999671936
2007-09-12,70.5,70.62999725341797,69.83000183105469,70.45999908447266,8032800,-0.0008511500075774832,0.13932956547289377,65.23169996261596
2007-09-13,70.06999969482422,70.26000213623047,69.61000061035156,70.08000183105469,4612400,-0.005407687163316696,0.14209224123325057,65.26459997177125
2007-09-14,69.9000015258789,70.97000122070312,69.86000061035156,69.98999786376953,7733200,-0.001285128576689731,0.14163746735252464,65.29604995727539
2007-09-17,70.4000015258789,71.23999786376953,70.3499984741211,70.97000122070312,7457800,0.01390492555765156,0.11431263260889418,65.33304996490479
2007-09-18,71.19999694824219,72.0,70.4000015258789,71.69999694824219,14253100,0.010233435305542457,0.11606799596801883,65.37574995040893
2007-09-19,71.73999786376953,71.80000305175781,71.25,71.43000030517578,10937800,-0.0037727516034467587,0.11932880515734456,65.41094995498658
2007-09-20,72.1500015258789,73.0999984741211,71.94999694824219,72.72000122070312,11945000,0.01789851321631325,0.12644234575179353,65.45394994735717
2007-09-21,72.6500015258789,73.0,71.47000122070312,72.33999633789062,9937400,-0.00523929075519364,0.13160946631851542,65.49504991531371
2007-09-24,72.56999969482422,72.62999725341797,71.81999969482422,72.27999877929688,6475100,-0.0008297270648809739,0.13129888294092007,65.53739990234375
2007-09-25,71.81999969482422,72.58999633789062,71.63999938964844,72.33000183105469,5503500,0.0006915573409805822,0.12921281466385018,65.58559991836547
2007-09-26,72.25,72.93000030517578,71.8499984741211,72.0,9418300,-0.004572887160420416,0.13110144367843093,65.6319499206543
2007-09-27,72.6500015258789,72.80000305175781,72.16999816894531,72.69999694824219,5728200,0.009675223546006088,0.12705593809865995,65.68519990921021
2007-09-28,73.19000244140625,73.80000305175781,72.73999786376953,73.51000213623047,8837600,0.011080137884340773,0.12862229344574921,65.73989992141723
2007-10-01,73.48999786376953,73.9800033569336,73.29000091552734,73.9000015258789,4823700,0.0052913681556413985,0.12421933583506718,65.79679992675781
2007-10-02,72.44999694824219,72.68000030517578,71.62999725341797,72.3499984741211,10720000,-0.02119741661479163,0.15313848914678324,65.84614992141724
2007-10-03,72.25,72.6500015258789,71.3499984741211,71.9000015258789,8186000,-0.006239146038013328,0.1527710839913652,65.8950499343872
2007-10-04,71.80000305175781,73.05999755859375,71.23999786376953,72.87000274658203,9178500,0.013400783424484728,0.15680454911643038,65.95439994812011
2007-10-05,72.80000305175781,73.63999938964844,71.87999725341797,73.4000015258789,10597200,0.00724688703528734,0.14717700454823135,66.01619995117187
2007-10-08,72.66000366210938,72.88999938964844,72.27999877929688,72.52999877929688,3447600,-0.011923703864010008,0.15486282297424245,66.06984994888306
2007-10-09,72.29000091552734,73.30000305175781,72.0999984741211,73.08999633789062,7416100,0.007691255843188692,0.156030845902662,66.12719993591308
2007-10-10,73.5999984741211,73.81999969482422,72.62999725341797,73.36000061035156,4615000,0.003687327879970425,0.15140137514326088,66.18709993362427
2007-10-11,73.9800033569336,74.58999633789062,73.27999877929688,73.91000366210938,10291400,0.007469350076860184,0.15225131059250827,66.24839994430542
2007-10-12,73.93000030517578,74.58999633789062,73.75,74.58999633789062,3604200,0.009158214525531264,0.1513471007442653,66.3114499282837
2007-10-15,74.98999786376953,75.19999694824219,74.48999786376953,75.13999938964844,6705300,0.007346631152413257,0.15124307019463362,66.37604991912842
2007-10-16,74.87000274658203,75.44999694824219,73.77999877929688,75.12000274658203,6622900,-0.0002661605603641906,0.14671770063373632,66.43714992523194
2007-10-17,75.30999755859375,75.66000366210938,74.30999755859375,74.5,9355300,-0.008287746077086587,0.14875908503978796,66.49359992980958
2007-10-18,75.37999725341797,76.0,75.33000183105469,76.0,5646900,0.01993421490081733,0.15978046279171507,66.56219993591309
2007-10-19,76.08999633789062,76.29000091552734,74.54000091552734,75.69999694824219,9507800,-0.003955220156770456,0.1517569842077763,66.6324499130249
2007-10-22,74.08999633789062,74.7699966430664,73.83999633789062,74.5999984741211,8636500,-0.014637633373986493,0.1605737722320298,66.70459991455078
2007-10-23,75.11000061035156,75.26000213623047,74.62999725341797,75.2300033569336,3096400,0.008409645438828075,0.1620927536524633,66.77834993362427
2007-10-24,74.83999633789062,75.58999633789062,74.79000091552734,75.5199966430664,5660600,0.0038473451919205023,0.16216373657388494,66.85169992446899
2007-10-25,75.94000244140625,76.16999816894531,75.66000366210938,76.02999877929688,6487800,0.0067305057984769715,0.16106615670374635,66.92889991760254
2007-10-26,76.87000274658203,77.73999786376953,76.66999816894531,77.69000244140625,8544200,0.02159859720250343,0.17255773184522435,67.014199924469
2007-10-29,78.2699966430664,78.31999969482422,77.6500015258789,78.12000274658203,6881000,0.005519560779674641,0.17040410175387727,67.09394994735717
2007-10-30,77.66000366210938,77.66000366210938,77.01000213623047,77.3499984741211,5608600,-0.00990558387484408,0.1757604796696551,67.17084993362427
2007-10-31,77.77999877929688,78.94999694824219,76.88999938964844,78.62000274658203,8872900,0.016285597636482487,0.1602393843459475,67.25074995040893
2007-11-01,78.4000015258789,78.9000015258789,77.5,77.93000030517578,7545500,-0.008815163157122153,0.16253683380853032,67.32909996032714
2007-11-02,78.55000305175781,79.9000015258789,77.4800033569336,79.83000183105469,9911400,0.024088404823137864,0.17425631413578738,67.41324996948242
2007-11-05,79.68000030517578,80.23999786376953,79.11000061035156,79.75,5025300,-0.0010026549296778963,0.17486688954763552,67.4983999633789
2007-11-06,81.02999877929688,81.5199966430664,80.69999694824219,81.43000030517578,7692500,0.020847017561792937,0.17422892554797562,67.58439994812012
2007-11-07,83.20999908447266,83.23999786376953,81.33000183105469,82.23999786376953,16512900,0.009898016504542712,0.17474372011927147,67.67394992828369
2007-11-08,82.43000030517578,83.62999725341797,81.7300033569336,82.2300033569336,17356200,-0.00012153592477733841,0.17576871934270835,67.76479995727539
2007-11-09,81.79000091552734,82.62999725341797,81.22000122070312,82.18000030517578,6947800,-0.0006082726377443839,0.1768150906518284,67.85484996795654
2007-11-12,80.41000366210938,80.44000244140625,78.25,78.30000305175781,17297000,-0.04836432519681577,0.25498137604074833,67.92749998092651
2007-11-13,79.4000015258789,79.93000030517578,77.86000061035156,79.12000274658203,11438200,0.010418080056634612,0.2559656820619718,68.00199998855591
2007-11-14,80.20999908447266,80.68000030517578,79.91000366210938,80.27999877929688,5703700,0.014554786693980836,0.2591081041480286,68.07924997329712
2007-11-15,79.18000030517578,79.5,77.30000305175781,77.94999694824219,10908200,-0.02945295236897934,0.2803930773842537,68.14289995193481
2007-11-16,78.33999633789062,78.8499984741211,77.16999816894531,77.75,8078000,-0.0025690052942447775,0.2731576869686219,68.21024995803833
2007-11-19,77.83999633789062,78.0,76.11000061035156,77.23999786376953,6088600,-0.006581121156079224,0.27391847120589347,68.27489995956421
2007-11-20,78.02999877929688,80.04000091552734,77.30000305175781,79.47000122070312,12081600,0.02846217740937644,0.28351842276953665,68.34829996109009
2007-11-21,79.30000305175781,79.55000305175781,78.55999755859375,79.36000061035156,7264100,-0.0013851366451013488,0.28319870227072474,68.42194997787476
2007-11-23,80.04000091552734,81.61000061035156,80.0199966430664,81.25,5259700,0.023536350542307537,0.29240311077419345,68.50059999465942
2007-11-26,82.25,82.25,81.12999725341797,81.30000305175781,7440200,0.0006152328809138596,0.2923145747327475,68.5764999961853
2007-11-27,80.69999694824219,80.88999938964844,79.80999755859375,80.0999984741211,7229900,-0.014870219066121595,0.29067330819753534,68.64864999771117
2007-11-28,79.41999816894531,79.87000274658203,78.76000213623047,79.56999969482422,9706700,-0.006638701470507684,0.29158092336266306,68.71730001449585
2007-11-29,79.27999877929688,79.33000183105469,78.27999877929688,78.27999877929688,9306700,-0.01634500662031746,0.2954091315504374,68.77684999465943
2007-11-30,78.3499984741211,78.5999984741211,76.9800033569336,77.31999969482422,9509100,-0.012339476540602861,0.29285181346032974,68.831399974823
2007-12-03,77.38999938964844,78.30000305175781,77.30000305175781,78.27999877929688,6265700,0.012339476540602936,0.29471399705696333,68.89099996566773
2007-12-04,78.62999725341797,79.62000274658203,78.56999969482422,79.4000015258789,7721900,0.014206260536894314,0.2865006543065823,68.96144998550415
2007-12-05,79.25,79.25,78.19000244140625,78.62999725341797,7685300,-0.009745116397743728,0.2883817360860276,69.01784997940064
2007-12-06,77.91999816894531,79.6500015258789,77.80000305175781,79.37000274658203,6840200,0.009367226634607144,0.2802137881066619,69.07894998550415
2007-12-07,79.01000213623047,79.5999984741211,78.19000244140625,78.5999984741211,8328500,-0.009748817685628595,0.2786523548081738,69.13334997177124
2007-12-10,79.1500015258789,80.30000305175781,79.12999725341797,80.0,4850900,0.017654954651938483,0.2869676396574839,69.19284997940063
2007-12-11,79.75,80.45999908447266,78.68000030517578,78.83999633789062,9579200,-0.01460619883925386,0.29061051618540523,69.25999994277954
2007-12-12,80.05000305175781,80.91999816894531,79.94000244140625,80.48999786376953,9702500,0.020712490730692895,0.24690800534608884,69.33004991531372
2007-12-13,79.58999633789062,79.62000274658203,78.30000305175781,78.5,9552200,-0.025034301776957927,0.2605994311831982,69.3934499168396
2007-12-14,78.41000366210938,78.56999969482422,77.81999969482422,78.5199966430664,6827000,0.00025470186730374784,0.254923475596764,69.46749990463258
2007-12-17,78.12999725341797,78.79000091552734,77.80999755859375,78.12999725341797,6495900,-0.004979255801014288,0.23379436638499315,69.54349988937378
2007-12-18,79.58999633789062,79.58999633789062,78.81999969482422,79.25,6757700,0.01423334190273785,0.23856521193154098,69.61899988174439
2007-12-19,79.2300033569336,79.56999969482422,78.9800033569336,79.23999786376953,5638500,-0.00012621788603144562,0.2370544790172654,69.69369985580444
2007-12-20,78.91000366210938,79.11000061035156,78.36000061035156,78.66999816894531,6345600,-0.007219329805340328,0.2167371691987574,69.7646498298645
2007-12-21,80.16000366210938,80.31999969482422,79.91999816894531,80.0999984741211,4603300,0.01801396995862084,0.22594092221289905,69.8438998222351
2007-12-24,80.20999908447266,80.62999725341797,80.13999938964844,80.13999938964844,2863500,0.0004992625672929884,0.20978727768991723,69.92274980545044
2007-12-26,81.05999755859375,81.66999816894531,81.0,81.5199966430664,5896700,0.017073250143272604,0.21860450848093604,70.01174978256226
2007-12-27,81.87999725341797,82.16999816894531,81.37000274658203,81.55999755859375,5050300,0.0004905680371817453,0.21169181580624943,70.09984977722168
2007-12-28,82.37999725341797,83.0199966430664,82.3499984741211,83.0,5134700,0.01750169202421168,0.21735844677852661,70.1949497795105
2007-12-31,82.73999786376953,82.83000183105469,81.9800033569336,82.45999908447266,3815600,-0.006527291620528274,0.20942844878671626,70.28414976119996
2008-01-02,83.55999755859375,85.13999938964844,83.44000244140625,84.86000061035156,12291100,0.028689530790562096,0.22077456383278446,70.38474977493286
2008-01-03,84.87000274658203,85.94000244140625,84.5999984741211,85.56999969482422,9553900,0.008331903896944106,0.21939792209353834,70.48624979019165
2008-01-04,85.33999633789062,85.55000305175781,84.43000030517578,85.12999725341797,8402200,-0.005155283230996526,0.21856645335062594,70.58279977798462
2008-01-07,85.23999786376953,85.26000213623047,84.56999969482422,84.7699966430664,6944300,-0.004237800612756689,0.21522612360060092,70.6778497505188
2008-01-08,86.27999877929688,87.12999725341797,86.16000366210938,86.77999877929688,9567900,0.023434499283740494,0.22527393311399208,70.78599973678588
2008-01-09,86.55999755859375,87.19999694824219,86.30000305175781,86.55000305175781,10080200,-0.0026538494212900304,0.221019153379548,70.88954977035523
2008-01-10,86.41999816894531,88.45999908447266,86.41000366210938,88.25,12916300,0.019451378931132805,0.22244038703057953,71.00229978561401
2008-01-11,88.04000091552734,88.76000213623047,87.8499984741211,88.58000183105469,6978800,0.003732423352843317,0.2112001840295993,71.1149497795105
2008-01-14,89.44999694824219,89.94000244140625,89.0,89.54000091552734,10085000,0.010779343871355922,0.20492280630330661,71.23439977645874
2008-01-15,89.5999984741211,90.3499984741211,87.91000366210938,87.98999786376953,23853900,-0.017462315658241516,0.19218819558007946,71.34564977645874
2008-01-16,88.16999816894531,88.66000366210938,86.31999969482422,86.69999694824219,26919000,-0.014769298791920495,0.20397560295151712,71.44989976882934
2008-01-17,87.5,87.9800033569336,86.47000122070312,86.5,13592300,-0.002309434649609837,0.20258105372870436,71.55324975967407
2008-01-18,87.16999816894531,87.45999908447266,86.51000213623047,87.41999816894531,9094500,0.010579654551845074,0.20083569293122075,71.65629976272584
2008-01-22,86.13999938964844,88.44000244140625,85.7699966430664,88.16999816894531,20679600,0.008542679841935765,0.20047075602593448,71.7628497505188
2008-01-23,87.16000366210938,88.66999816894531,86.7300033569336,87.88999938964844,14282000,-0.003180722699554567,0.1978180936928347,71.86964975357056
2008-01-24,89.72000122070312,90.25,89.12999725341797,90.08000183105469,10627200,0.02461215908630366,0.20438249998024632,71.98424974441528
2008-01-25,90.93000030517578,91.08000183105469,89.5,90.30000305175781,9703900,0.0024393095003429448,0.2038833352165029,72.1003497505188
2008-01-28,90.95999908447266,91.88999938964844,90.75,91.75,8533200,0.015929992715972913,0.20311566000793366,72.22414976119995
2008-01-29,91.36000061035156,91.72000122070312,90.80999755859375,91.1500015258789,9091600,-0.0065609690697016314,0.20679903313067433,72.3406997871399
2008-01-30,90.70999908447266,92.58000183105469,90.44999694824219,92.05999755859375,14378100,0.009933994004387969,0.20279285650236162,72.45899976730347
2008-01-31,90.91999816894531,91.66000366210938,90.73999786376953,91.4000015258789,7791500,-0.007195016714744232,0.20328093131044989,72.57599977493287
2008-02-01,91.75,91.87000274658203,89.22000122070312,89.3499984741211,19635600,-0.022684270626732738,0.2054213547679485,72.68084978103637
2008-02-04,88.51000213623047,89.5199966430664,88.05000305175781,89.0999984741211,10285000,-0.0028019071765902166,0.20502834974564715,72.7886997795105
2008-02-05,87.9000015258789,88.69000244140625,87.30000305175781,87.68000030517578,11170100,-0.01606549067103019,0.21310007855876903,72.88359979629517
2008-02-06,89.0,89.6500015258789,88.75,88.94999694824219,8787200,0.014380553122886813,0.21661866990939097,72.98704977035523
2008-02-07,88.94999694824219,89.94000244140625,88.80999755859375,89.8499984741211,8971300,0.010067216443898174,0.20480698924324586,73.09764974594117
2008-02-08,90.0,91.0,89.98999786376953,91.0,9128200,0.012717910269796405,0.20763451191261229,73.21319974899292
2008-02-11,91.04000091552734,91.45999908447266,90.44000244140625,91.33000183105469,6832200,0.0036198342355131343,0.19827258955397015,73.33549974441529
2008-02-12,90.83000183105469,91.4000015258789,89.0999984741211,89.33000183105469,10225900,-0.022141942540969888,0.21442320457337707,73.44434976577759
2008-02-13,88.87999725341797,89.98999786376953,88.66999816894531,89.44000244140625,10038800,0.0012306384919769915,0.2111261425926303,73.55609979629517
2008-02-14,89.37000274658203,90.11000061035156,89.3499984741211,89.70999908447266,6882500,0.0030141986624117353,0.2015501415499619,73.6711997795105
2008-02-15,90.30000305175781,90.31999969482422,88.62999725341797,89.1500015258789,5586100,-0.006261873940772848,0.19526134404223947,73.78364976882935
2008-02-19,91.2300033569336,91.94000244140625,90.9800033569336,91.58000183105469,8371600,0.026892565797985494,0.2137383309571009,73.90409978866577
2008-02-20,90.83999633789062,93.30999755859375,90.75,93.23999786376953,10632400,0.01796386403346683,0.2186352894697178,74.02934976577758
2008-02-21,93.44000244140625,94.22000122070312,93.0199966430664,93.25,12952200,0.000107267267463442,0.2179260160354394,74.15434976577758
2008-02-22,93.55999755859375,93.72000122070312,92.3499984741211,93.38999938964844,7576900,0.0015002080621885686,0.2169443009652511,74.28189977645874
2008-02-25,93.70999908447266,93.70999908447266,92.11000061035156,92.73999786376953,11954500,-0.00698441065741686,0.2043265739261999,74.40834978103638
2008-02-26,92.43000030517578,93.97000122070312,92.18000030517578,93.70999908447266,8452200,0.010405041437242168,0.20669364387581513,74.54689977645874
2008-02-27,94.55999755859375,94.94000244140625,93.97000122070312,94.77999877929688,9926500,0.011353506294170987,0.2033223887124807,74.68854978561401
2008-02-28,94.91999816894531,96.08000183105469,94.47000122070312,95.98999786376953,11211200,0.012685593460616694,0.20457906020231686,74.83709978103637
2008-02-29,95.81999969482422,96.23999786376953,95.22000122070312,96.18000030517578,9347800,0.001977441901755274,0.20276695558837812,74.98529977798462
2008-03-03,97.5199966430664,97.73999786376953,96.68000030517578,97.23999786376953,11479000,0.010960688456801523,0.2020501282860056,75.14349977493286
2008-03-04,97.27999877929688,97.44999694824219,94.38999938964844,95.18000030517578,21356500,-0.02141228858001734,0.20005501852640234,75.29409978866578
2008-03-05,96.0999984741211,98.1500015258789,95.93000030517578,97.72000122070312,15354300,0.02633641998211893,0.21434309653926592,75.45509981155395
2008-03-06,96.9800033569336,97.29000091552734,95.26000213623047,96.5,18543500,-0.012563250536444711,0.2104380257252856,75.60924982070922
2008-03-07,96.5999984741211,96.68000030517578,95.72000122070312,96.08999633789062,10066900,-0.004257794167007869,0.20938537059242954,75.76369981765747
2008-03-10,95.0,96.33999633789062,94.87999725341797,95.87000274658203,10868400,-0.0022920784400025053,0.20900934923152756,75.91534982681274
2008-03-11,96.5199966430664,96.9800033569336,95.19000244140625,95.98999786376953,14343300,0.0012508613827964979,0.2061070684545511,76.0715498161316
2008-03-12,96.58000183105469,97.37999725341797,96.23999786376953,97.01000213623047,8178200,0.010570090873189882,0.20796286822683682,76.23189981460571
2008-03-13,98.5,98.7300033569336,97.7300033569336,98.33999633789062,14681500,0.013616736750610736,0.18987165234797226,76.39824979782105
2008-03-14,98.02999877929688,99.52999877929688,98.01000213623047,98.70999908447266,17565100,0.0037554244103494877,0.18951226710819424,76.56819978713989
2008-03-17,99.31999969482422,100.44000244140625,98.0,99.16999816894531,26505900,0.004649281579360488,0.18941404357738095,76.73634977340699
2008-03-18,99.3499984741211,99.51000213623047,96.3499984741211,96.5,20966100,-0.027292522389296952,0.2168728386819995,76.88664976119995
2008-03-19,95.6500015258789,96.0,92.5,93.04000091552734,37594300,-0.03651349029438361,0.2415280099037396,77.01914976119996
2008-03-20,90.7300033569336,91.6500015258789,89.80000305175781,89.91000366210938,28830000,-0.03422030732304092,0.2614981136218679,77.13684976577758
2008-03-24,90.6500015258789,91.51000213623047,89.77999877929688,90.0999984741211,14325700,0.002110936951383417,0.2617676417482768,77.25529973983765
2008-03-25,91.91000366210938,92.79000091552734,91.27999877929688,92.7300033569336,15839900,0.0287719333343951,0.28213980971646524,77.39264974594116
2008-03-26,93.11000061035156,94.0,93.05999755859375,93.80000305175781,12389000,0.011472807533615594,0.2839002978911109,77.54054975509644
2008-03-27,93.51000213623047,94.08999633789062,92.94999694824219,93.45999908447266,7560500,-0.0036313610705569657,0.28191241845788545,77.68434976577758
2008-03-28,91.95999908447266,92.44999694824219,91.11000061035156,91.87999725341797,8786600,-0.01705017954859946,0.28449650275154115,77.82324975967407
2008-03-31,92.55999755859375,92.6500015258789,89.95999908447266,90.41000366210938,11165000,-0.01612842667290047,0.28392882592564667,77.95264978408814
2008-04-01,87.86000061035156,88.30999755859375,86.05000305175781,86.86000061035156,23673200,-0.04005728712133439,0.31097112264664273,78.06394979476929
2008-04-02,87.27999877929688,89.76000213623047,87.22000122070312,89.2699966430664,13537500,0.027367813453476903,0.32630031776333396,78.18604978561402
2008-04-03,88.58999633789062,89.75,87.63999938964844,89.41999816894531,9324800,0.0016789027418238158,0.3205934884489665,78.30839979171753
2008-04-04,89.4800033569336,90.33999633789062,89.30999755859375,90.25,7228200,0.009239246884171022,0.3060394934710062,78.43224977493286
2008-04-07,90.7300033569336,91.75,90.5999984741211,91.16999816894531,8196200,0.010142278299860375,0.3079366115180466,78.56454977035523
2008-04-08,90.04000091552734,90.48999786376953,89.72000122070312,90.3499984741211,5773000,-0.009034875363145666,0.3086837578801675,78.69349977493286
2008-04-09,90.30000305175781,92.37000274658203,90.23999786376953,92.29000091552734,10572400,0.02124480304789454,0.3198650708961975,78.83104978561401
2008-04-10,92.31999969482422,92.55999755859375,90.97000122070312,91.7699966430664,7758500,-0.005650392946536727,0.3199257413873675,78.96774976730347
2008-04-11,91.41000366210938,91.83000183105469,90.55000305175781,91.30000305175781,6545700,-0.005134589224534746,0.3166727870898634,79.10614978790284
2008-04-14,91.31999969482422,91.9800033569336,91.05999755859375,91.11000061035156,4697000,-0.002083246601698784,0.31098121013517865,79.24334980010987
2008-04-15,91.7300033569336,91.91000366210938,91.37999725341797,91.66000366210938,6635400,0.00601854460933773,0.3117568457740909,79.38034980773926
2008-04-16,93.19000244140625,93.70999908447266,93.01000213623047,93.2699966430664,8469200,0.017412357713036033,0.3190255869902805,79.52534980773926
2008-04-17,93.30999755859375,93.51000213623047,92.4800033569336,92.55999755859375,6875300,-0.007641420238254219,0.3071518427990865,79.6630498123169
2008-04-18,89.72000122070312,90.69999694824219,88.95999908447266,90.62000274658203,11390700,-0.021182086961172856,0.28952161553578404,79.79244983673095
2008-04-21,90.79000091552734,90.87000274658203,89.88999938964844,90.25,11927500,-0.004091372334785702,0.26398276510158275,79.92159984588623
2008-04-22,90.41999816894531,91.3499984741211,90.12000274658203,90.2699966430664,14043600,0.00022154490937352197,0.2638897271374194,80.0481498336792
2008-04-23,89.0,89.55000305175781,88.44000244140625,89.22000122070312,18170500,-0.011699898740300238,0.2450321478306855,80.16734985351563
2008-04-24,88.26000213623047,89.91000366210938,87.0999984741211,87.22000122070312,22846600,-0.02267156697176417,0.2501562367381685,80.27539985656739
2008-04-25,88.33000183105469,88.41999816894531,87.19000244140625,87.2699966430664,11179900,0.0005730462988536478,0.25054434871433406,80.38454982757568
2008-04-28,87.87999725341797,88.4000015258789,87.66999816894531,87.69000244140625,8071700,0.004801172923441089,0.24680028970074733,80.49289985656738
2008-04-29,86.7300033569336,86.9000015258789,85.54000091552734,85.80999755859375,14689000,-0.021672374264867317,0.2514397533752465,80.59179985046387
2008-04-30,86.0999984741211,86.79000091552734,85.11000061035156,86.6500015258789,17701500,0.009741512403569545,0.21408519253924782,80.69594985961913
2008-05-01,84.51000213623047,84.55999755859375,83.56999969482422,83.98999786376953,17664500,-0.031179315068104025,0.21544713516944738,80.78714984893799
2008-05-02,83.95999908447266,84.79000091552734,83.95999908447266,84.58000183105469,8744400,0.007000134989940103,0.21765039602533065,80.87694984436035
2008-05-05,85.68000030517578,86.29000091552734,85.29000091552734,86.2699966430664,7381300,0.01978402048340779,0.22773947146307366,80.97324981689454
2008-05-06,86.33000183105469,87.1500015258789,86.33000183105469,86.62999725341797,10760400,0.004164270020763222,0.2245944611377973,81.06849979400634
2008-05-07,85.47000122070312,86.0999984741211,85.19999694824219,85.81999969482422,7218400,-0.00939406818992347,0.22473091432407916,81.16024978637695
2008-05-08,86.76000213623047,87.4000015258789,86.41999816894531,87.23999786376953,8628600,0.0164108408392243,0.21885623562171466,81.25909976959228
2008-05-09,87.37000274658203,87.58999633789062,85.83999633789062,87.41999816894531,9926600,0.0020611516430740643,0.21916742886753063,81.36169975280762
2008-05-12,86.91999816894531,87.63999938964844,86.79000091552734,86.98999786376953,5010000,-0.004930923527425635,0.21913551818028443,81.46839973449707
2008-05-13,85.12000274658203,86.13999938964844,84.91999816894531,85.38999938964844,7359800,-0.018564154190549235,0.2262491031279159,81.56829971313476
2008-05-14,85.7300033569336,85.80999755859375,85.0999984741211,85.19999694824219,8650600,-0.0022275927551882613,0.2238579259573293,81.66544971466064
2008-05-15,87.12999725341797,87.5999984741211,86.2300033569336,87.0,9437900,0.020906720638068043,0.22825129962071047,81.771499710083
2008-05-16,88.5199966430664,89.30000305175781,88.0199966430664,89.0999984741211,12075300,0.023851198696715047,0.24610086843126472,81.88734970092773
2008-05-19,89.56999969482422,89.69999694824219,88.87000274658203,89.38999938964844,5931200,0.003249494920499919,0.23622893498295,82.00484970092774
2008-05-20,89.61000061035156,91.16999816894531,89.55999755859375,90.9000015258789,10683000,0.016751205697980824,0.24333094407199815,82.1258996963501
2008-05-21,90.61000061035156,92.11000061035156,90.61000061035156,91.95999908447266,11346200,0.01159367196948849,0.24642931651053968,82.25309970855713
2008-05-22,91.19999694824219,91.62999725341797,90.5,90.9800033569336,8864400,-0.010713950899921191,0.24581788650831327,82.37559970855713
2008-05-23,91.33000183105469,92.0,90.95999908447266,91.2300033569336,6062800,0.002744088114413663,0.23035095072197365,82.49789974212646
2008-05-27,89.83999633789062,89.87000274658203,89.16000366210938,89.36000061035156,7601700,-0.02071066556256065,0.24359435817648137,82.61739974975586
2008-05-28,88.48999786376953,89.19000244140625,88.3499984741211,89.13999938964844,8104100,-0.0024650009199021954,0.24351387006700723,82.73024974822998
2008-05-29,86.94000244140625,87.5999984741211,86.0999984741211,86.51000213623047,12696700,-0.029948121785563844,0.2545652739119704,82.83149974822999
2008-05-30,87.33999633789062,87.69000244140625,86.95999908447266,87.44999694824219,4944200,0.010807127681703298,0.25508490690956026,82.93729972839355
2008-06-02,87.47000122070312,88.55000305175781,87.44000244140625,87.95999908447266,5277100,0.005814988710672287,0.2280705045790078,83.04644973754883
2008-06-03,86.6500015258789,87.3499984741211,86.5199966430664,86.87999725341797,8396000,-0.01235433070599784,0.23274397025858135,83.15744972229004
2008-06-04,87.08999633789062,87.41999816894531,86.55999755859375,86.6500015258789,7157500,-0.00265079080081508,0.22304007684100183,83.26564971923828
2008-06-05,85.97000122070312,86.80999755859375,85.66000366210938,86.44999694824219,14130900,-0.002310856942839816,0.22272102932696033,83.37229969024658
2008-06-06,87.79000091552734,89.05999755859375,87.69000244140625,89.05999755859375,17431700,0.029744095652049107,0.24252566223170308,83.49224967956543
2008-06-09,88.54000091552734,89.23999786376953,87.83999633789062,87.98999786376953,9172100,-0.01208712510114185,0.24092775008285366,83.60519966125489
2008-06-10,86.27999877929688,86.76000213623047,85.11000061035156,85.55000305175781,13903800,-0.028122111368949234,0.2602322702317373,83.70639968872071
2008-06-11,86.56999969482422,87.0999984741211,86.3499984741211,87.0199966430664,10153600,0.01703690270554308,0.2671182626707517,83.81094966888428
2008-06-12,85.19000244140625,86.06999969482422,84.83000183105469,85.5999984741211,9826200,-0.016452673393949773,0.2653620298528952,83.90904964447022
2008-06-13,85.33000183105469,86.0199966430664,85.04000091552734,85.83000183105469,8429000,0.0026833517416247226,0.26536062767080454,84.01024967193604
2008-06-16,88.19999694824219,88.19999694824219,86.97000122070312,87.01000213623047,6993700,0.013654462065851207,0.2594044578562715,84.11494968414307
2008-06-17,86.72000122070312,87.5199966430664,86.69999694824219,87.25,5285800,0.0027544819530526043,0.24485557910986913,84.22219966888427
2008-06-18,87.66000366210938,88.41000366210938,87.12999725341797,88.27999877929688,7818800,0.011736006478369521,0.24844942491989852,84.33099967956542
2008-06-19,89.37000274658203,89.5,88.38999938964844,88.41999816894531,10520500,0.0015846001285877345,0.24053633877777866,84.43589965820313
2008-06-20,88.81999969482422,89.61000061035156,88.7699966430664,88.94999694824219,10057800,0.0059762121136616485,0.23750522787106315,84.54284965515137
2008-06-23,87.01000213623047,87.4000015258789,86.73999786376953,87.08999633789062,12784300,-0.02113235514821951,0.24516947507253725,84.63399963378906
2008-06-24,87.30000305175781,88.23999786376953,87.23999786376953,87.47000122070312,7398500,0.004353866732505198,0.24563163143914984,84.72439964294433
2008-06-25,87.43000030517578,87.58000183105469,86.12999725341797,87.41999816894531,10897700,-0.0005718228977623296,0.23602596954896304,84.81339962005615
2008-06-26,89.5,90.86000061035156,89.5,90.61000061035156,18407600,0.03584052048031919,0.2682265393631678,84.91384963989258
2008-06-27,90.9800033569336,91.81999969482422,90.6500015258789,91.47000122070312,14490300,0.009446474043668393,0.2450809010438982,85.01889965057373
2008-06-30,91.88999938964844,91.9000015258789,90.52999877929688,91.4000015258789,7289000,-0.0007655678590445136,0.24350420841844098,85.12549964904785
2008-07-01,92.52999877929688,93.3499984741211,92.33999633789062,92.66000366210938,15479800,0.013691424355889053,0.24652665565925613,85.23884967803956
2008-07-02,92.27999877929688,93.33000183105469,92.12999725341797,93.16999816894531,11460400,0.0054888422989871725,0.2406787311598615,85.34984966278076
2008-07-03,92.16999816894531,92.68000030517578,91.68000030517578,92.05999755859375,9609500,-0.011985249940131814,0.24572002297084422,85.45164966583252
2008-07-07,90.56999969482422,91.6500015258789,90.16000366210938,91.2300033569336,12300200,-0.009056684715605397,0.24861113963404632,85.55064968109131
2008-07-08,90.55000305175781,91.1500015258789,89.93000030517578,90.86000061035156,11215600,-0.004063960105008701,0.228835769475531,85.64134967803955
2008-07-09,90.87999725341797,91.63999938964844,90.86000061035156,91.5,11362800,0.007019105232723836,0.22465071455348037,85.7371496963501
2008-07-10,92.4000015258789,93.5999984741211,92.3499984741211,93.52999877929688,16817000,0.021943255113523116,0.2066790575017731,85.8433996963501
2008-07-11,95.02999877929688,95.5,94.25,95.16000366210938,25994600,0.017277496523462485,0.20686825235844528,85.95754970550537
2008-07-14,95.08999633789062,96.19999694824219,94.91999816894531,95.91000366210938,21242900,0.007850566004166892,0.19286797078590384,86.07709972381592
2008-07-15,96.55000305175781,97.5,95.43000030517578,96.16999816894531,30347100,0.0027071497619921858,0.19286374067682174,86.19444972991943
2008-07-16,96.2699966430664,96.5,94.33999633789062,94.44000244140625,19897400,-0.01815270161590802,0.20672154851247437,86.29909973144531
2008-07-17,94.69999694824219,96.51000213623047,94.06999969482422,94.22000122070312,25185100,-0.0023322518409360084,0.20782538406148787,86.40069972991944
2008-07-18,94.22000122070312,94.93000030517578,94.0199966430664,94.16999816894531,8585100,-0.0005308461499447085,0.2061565683395072,86.50979972839356
2008-07-21,94.75,95.1500015258789,94.44999694824219,95.12000274658203,7323800,0.010037641179610729,0.20746171921097234,86.62589973449707
2008-07-22,95.7300033569336,95.86000061035156,92.94000244140625,93.05999755859375,17553700,-0.021894861075694584,0.2249609029004229,86.72684970855713
2008-07-23,92.63999938964844,92.79000091552734,90.44000244140625,90.56999969482422,25791800,-0.027121391164392418,0.23356334012527283,86.81269969940186
2008-07-24,91.08000183105469,91.62000274658203,90.25,91.33000183105469,13072100,0.008356311735007812,0.2345101765177419,86.90669971466065
2008-07-25,91.02999877929688,91.7300033569336,90.52999877929688,91.69000244140625,7599500,0.0039340079361909145,0.23439332650201178,86.99969974517822
2008-07-28,91.38999938964844,92.0,90.94000244140625,91.7300033569336,8809600,0.0004361674288188628,0.20007847640399976,87.09154975891113
2008-07-29,91.2300033569336,91.2699966430664,90.08999633789062,90.58999633789062,12992200,-0.01250572486127245,0.20226728962949386,87.17494972229004
2008-07-30,88.86000061035156,89.72000122070312,88.08000183105469,89.5199966430664,17379900,-0.01188176475168946,0.2061077281807129,87.24959972381592
2008-07-31,91.05000305175781,91.13999938964844,89.87000274658203,90.08000183105469,10976400,0.006236158213952812,0.20097061236220923,87.32429973602295
2008-08-01,89.5,90.44999694824219,89.37000274658203,89.56999969482422,10893500,-0.0056777456383802685,0.19990636196892367,87.39654972076416
2008-08-04,89.08000183105469,89.68000030517578,88.04000091552734,88.13999938964844,14979800,-0.016093986590938986,0.20300690033875207,87.46474971771241
2008-08-05,87.27999877929688,87.41000366210938,85.94000244140625,86.08000183105469,20185400,-0.023649334804024327,0.21525710737401957,87.51514972686768
2008-08-06,86.80000305175781,87.0,86.01000213623047,86.63999938964844,12404200,0.006484477963029264,0.2175456144841189,87.56984973907471
2008-08-07,86.63999938964844,86.77999877929688,85.51000213623047,86.08999633789062,9961700,-0.006368377516337615,0.21527835627981876,87.62729972839355
2008-08-08,84.3499984741211,84.68000030517578,83.83000183105469,84.43000030517578,13513900,-0.01947042583576133,0.20247611303293733,87.67329971313477
2008-08-11,84.45999908447266,84.48999786376953,80.5999984741211,81.12999725341797,23567000,-0.039870019743063895,0.2197396441520867,87.70134971618653
2008-08-12,80.73999786376953,81.01000213623047,79.55000305175781,80.5199966430664,20131800,-0.007547213471977264,0.21245502764583937,87.72379970550537
2008-08-13,80.58999633789062,81.8499984741211,80.38999938964844,81.55999755859375,17007500,0.012833356691477001,0.22177415757700444,87.74314968109131
2008-08-14,80.70999908447266,81.0999984741211,79.27999877929688,79.3499984741211,15542600,-0.027470488029696195,0.22944626581120914,87.749299659729
2008-08-15,78.0,78.31999969482422,76.61000061035156,77.62999725341797,29754000,-0.021914512705522013,0.233038692486594,87.75069965362549
2008-08-18,78.52999877929688,79.16999816894531,77.80999755859375,78.80000305175781,14071900,0.014959120554555644,0.24612837356417683,87.75159965515137
2008-08-19,77.91999816894531,80.5199966430664,77.69999694824219,80.43000030517578,16757100,0.020474209118556685,0.25837524544205825,87.76409965515137
2008-08-20,80.1500015258789,80.66000366210938,78.80999755859375,80.05999755859375,14714000,-0.0046109216405604905,0.25354577346880625,87.76524963378907
2008-08-21,82.01000213623047,84.54000091552734,81.75,82.30000305175781,17031100,0.027594821694200418,0.26962045303213267,87.77799964904786
2008-08-22,81.48999786376953,81.95999908447266,80.94000244140625,81.08000183105469,7854700,-0.014934800596812396,0.26762675080227594,87.77624965667725
2008-08-25,81.0999984741211,81.33999633789062,80.55999755859375,80.93000030517578,6512800,-0.00185175688863645,0.2657549426335234,87.76969966888427
2008-08-26,80.61000061035156,81.8499984741211,80.5999984741211,81.2300033569336,8578700,0.00370009111066845,0.2669800009773274,87.76469966888428
2008-08-27,81.88999938964844,82.05000305175781,81.0,81.36000061035156,7097500,0.0015990808530273566,0.26697976871499574,87.76059967041016
2008-08-28,83.05999755859375,83.12999725341797,81.2699966430664,82.18000030517578,9351600,0.010028207926600663,0.2707467470157181,87.77999965667725
2008-08-29,82.30999755859375,82.47000122070312,81.58000183105469,81.70999908447266,5124800,-0.005735584976745511,0.26816651352979604,87.7929496383667
2008-09-02,78.16000366210938,79.79000091552734,77.9800033569336,79.19999694824219,12680900,-0.031200121903938532,0.2835399697061848,87.78754962921143
2008-09-03,79.19000244140625,79.69000244140625,78.33999633789062,78.88999938964844,10707700,-0.003921790917827457,0.2811289122385787,87.79224964141845
2008-09-04,79.69999694824219,79.77999877929688,78.13999938964844,78.38999938964844,10869900,-0.006358108955715176,0.2731609475448554,87.7954496383667
2008-09-05,80.08000183105469,80.2699966430664,78.16999816894531,78.9800033569336,10738700,0.007498337947551977,0.27369465694326156,87.80414966583253
2008-09-08,80.0999984741211,80.3499984741211,78.47000122070312,78.86000061035156,10016900,-0.001520562172927079,0.2737723236065425,87.80109966278076
2008-09-09,77.38999938964844,77.81999969482422,76.23999786376953,76.48999786376953,20197500,-0.03051415078362391,0.28402642993115657,87.78674964904785
2008-09-10,76.87999725341797,76.93000030517578,74.0999984741211,74.22000122070312,29365500,-0.03012631332599945,0.2705093881859587,87.75159965515137
2008-09-11,73.61000061035156,73.93000030517578,72.51000213623047,73.08000183105469,23774700,-0.015478915514254269,0.27311446858303084,87.71049964904785
2008-09-12,74.26000213623047,75.58000183105469,73.4800033569336,75.55000305175781,17595400,0.0332399725473417,0.29759420276261694,87.68774967193603
2008-09-15,76.63999938964844,77.7300033569336,76.0,77.55999755859375,17004100,0.026257069784174,0.30156908579461117,87.67769966125488
2008-09-16,76.69000244140625,77.29000091552734,76.30000305175781,76.79000091552734,17192100,-0.009977363631870767,0.29391913676363735,87.67024967193603
2008-09-17,77.11000061035156,85.5999984741211,77.08999633789062,85.45999908447266,65774700,0.10697398423801134,0.4731568423809949,87.71094966888428
2008-09-18,85.48999786376953,90.77999877929688,81.9000015258789,82.80000305175781,60589200,-0.03162032125475302,0.48439380024304085,87.73354969024658
2008-09-19,85.58000183105469,86.44000244140625,84.0,85.9800033569336,25484700,0.03768665186313431,0.4997174853417258,87.76644969940186
2008-09-22,86.8499984741211,89.54000091552734,86.80999755859375,89.18000030517578,35324400,0.036542052510024896,0.506096901001651,87.81919971466064
2008-09-23,88.87000274658203,89.0999984741211,86.72000122070312,88.31999969482422,22342900,-0.009690223547907538,0.5039692747864526,87.86394969940186
2008-09-24,88.68000030517578,88.76000213623047,86.69999694824219,86.70999908447266,17238600,-0.018397372242872228,0.5096473174081789,87.90449970245362
2008-09-25,87.12000274658203,87.80000305175781,85.01000213623047,86.44999694824219,20692000,-0.0030030300021146434,0.5101072930688896,87.93674968719482
2008-09-26,87.02999877929688,90.16999816894531,86.58999633789062,86.63999938964844,21980100,0.0021954188195928825,0.5100913441897296,87.97574970245361
2008-09-29,87.05999755859375,92.0,86.97000122070312,89.56999969482422,40569700,0.033258843431934,0.5203719164375236,88.02114971160889
2008-09-30,87.30999755859375,87.36000061035156,84.20999908447266,85.06999969482422,20437900,-0.051545995679539464,0.5543689574675646,88.053999710083
2008-10-01,86.2300033569336,88.05000305175781,85.18000030517578,85.97000122070312,16785400,0.010523968985084205,0.5416574385822823,88.09124973297119
2008-10-02,84.55999755859375,84.66000366210938,81.62000274658203,82.33000183105469,22651000,-0.04326282883476272,0.5654428640048317,88.11224975585938
2008-10-03,81.2300033569336,83.44000244140625,81.05000305175781,82.58999633789062,24055400,0.003152979931026516,0.5646238761841343,88.12894973754882
2008-10-06,85.83999633789062,86.44999694824219,84.25,84.27999877929688,21675700,0.02025601097029596,0.5677718422023496,88.15414974212646
2008-10-07,87.18000030517578,87.69999694824219,85.52999877929688,87.2699966430664,20282100,0.03486214825706517,0.5779442035440708,88.19714973449707
2008-10-08,90.69000244140625,90.83999633789062,88.05000305175781,89.41999816894531,31204900,0.02433762761966628,0.5668117407306899,88.2437497329712
2008-10-09,87.29000091552734,90.58000183105469,86.54000091552734,89.9000015258789,19981800,0.005353608121824253,0.5502690250584834,88.29254974365234
2008-10-10,89.58999633789062,90.72000122070312,81.37999725341797,83.22000122070312,45067300,-0.07721024022746184,0.6219345315175024,88.30104976654053
2008-10-13,83.61000061035156,83.9000015258789,80.91999816894531,81.98999786376953,17028700,-0.014890455669864109,0.617890904772828,88.3031997680664
2008-10-14,82.4000015258789,83.30999755859375,81.61000061035156,82.19999694824219,12383200,0.0025580023828085247,0.6125146014389377,88.29919975280762
2008-10-15,82.19999694824219,84.38999938964844,82.08000183105469,83.30999755859375,16906100,0.01341329574561084,0.611741460906591,88.30344974517823
2008-10-16,82.4000015258789,82.5,77.22000122070312,79.29000091552734,30645600,-0.04945653185086193,0.511346071561457,88.2755997467041
2008-10-17,77.12000274658203,80.77999877929688,75.0,77.20999908447266,15336700,-0.0265830583677772,0.5081519551543294,88.23379974365234
2008-10-20,77.7699966430664,78.55999755859375,77.2699966430664,78.5,9331900,0.016569654325264915,0.49167405844126677,88.20064975738525
2008-10-21,75.9000015258789,76.94000244140625,74.88999938964844,76.02999877929688,10859600,-0.03197064160356307,0.4769672507787229,88.15694976806641
2008-10-22,74.44000244140625,74.44999694824219,66.0,71.70999908447266,23283700,-0.058497788057396756,0.5085852330691424,88.08159976959229
2008-10-23,69.63999938964844,72.19000244140625,69.5,70.6500015258789,16651600,-0.014892064399146903,0.5079937167569726,88.0020997619629
2008-10-24,69.30000305175781,73.93000030517578,69.06999969482422,72.20999908447266,22471800,0.021840397056156174,0.5193171995293543,87.92189975738525
2008-10-27,71.12999725341797,73.61000061035156,70.72000122070312,72.18000030517578,12150600,-0.00041552434178707896,0.5187135854448428,87.83989974975586
2008-10-28,73.02999877929688,73.80000305175781,71.69999694824219,73.79000091552734,8468100,0.022060230034850928,0.508654161443181,87.76114974975586
2008-10-29,75.05000305175781,76.36000061035156,73.61000061035156,74.0,16121400,0.0028418597266937724,0.48603104817571213,87.69119976043702
2008-10-30,74.88999938964844,75.25,72.12999725341797,72.70999908447266,10891900,-0.01758617913369578,0.48327097957409826,87.62124977111816
2008-10-31,72.62000274658203,72.87000274658203,70.5999984741211,71.33999633789062,9517800,-0.019021785472914204,0.4680248335713099,87.54544975280761
2008-11-03,71.55000305175781,72.16999816894531,71.05999755859375,71.0999984741211,6799400,-0.0033698132493902304,0.46681693070014324,87.4638497543335
2008-11-04,73.1500015258789,75.69000244140625,72.8499984741211,75.4800033569336,11434600,0.05978044962665676,0.513755294046267,87.40039978027343
2008-11-05,74.31999969482422,75.18000030517578,72.37999725341797,72.80000305175781,10316500,-0.03615176785243687,0.502668091777421,87.32494979858399
2008-11-06,74.36000061035156,74.9800033569336,71.66999816894531,72.22000122070312,10687500,-0.007998964370514715,0.4882171505121685,87.23564979553223
2008-11-07,72.58999633789062,73.08999633789062,72.05000305175781,72.5,6052700,0.003869529108754129,0.4876492076135549,87.14664978027344
2008-11-10,74.80000305175781,74.91999816894531,72.95999908447266,73.58000183105469,6092700,0.014786712701221597,0.4290830237066916,87.0557997894287
2008-11-11,72.55999755859375,72.66000366210938,71.55000305175781,72.05000305175781,8354800,-0.021012909760209354,0.43122491351283176,86.9602997970581
2008-11-12,71.44999694824219,71.88999938964844,69.7699966430664,70.0,10033400,-0.02886512275228242,0.4369268360847209,86.84999980926514
2008-11-13,70.48999786376953,72.36000061035156,68.80999755859375,72.1500015258789,16826600,0.030252064319223424,0.4508278243382241,86.75374980926513
2008-11-14,73.38999938964844,74.26000213623047,72.76000213623047,73.30000305175781,12808600,0.015813344157826127,0.4292855639408909,86.67349983215333
2008-11-17,72.43000030517578,73.80000305175781,72.1500015258789,72.6500015258789,7708600,-0.008907239506966189,0.4217351700073026,86.59124984741212
2008-11-18,72.37999725341797,73.45999908447266,72.12999725341797,72.51000213623047,8134900,-0.0019288981747573384,0.4158021294345068,86.51539985656738
2008-11-19,73.41999816894531,75.19000244140625,72.0,72.26000213623047,13963100,-0.003453757562079425,0.40297797478713854,86.43194988250733
2008-11-20,73.1500015258789,74.19999694824219,72.43000030517578,73.44999694824219,13584200,0.016334105788500954,0.3519131721197955,86.34994987487794
2008-11-21,76.0,79.0,75.44999694824219,78.8499984741211,30467400,0.07094243298627406,0.42139318431359174,86.28919986724854
2008-11-24,80.44999694824219,81.72000122070312,80.37999725341797,80.91000366210938,19885200,0.025790177023884007,0.4235715175849392,86.2370998764038
2008-11-25,81.33999633789062,81.37999725341797,79.27999877929688,80.87000274658203,17522100,-0.0004945100106059737,0.42358530999233,86.19479988098145
2008-11-26,80.5199966430664,80.7699966430664,79.33000183105469,80.37999725341797,9141600,-0.006077606219572271,0.4208580455338406,86.1494998550415
2008-11-28,80.04000091552734,80.75,79.80000305175781,80.30999755859375,3658700,-0.0008712390504950196,0.42119137962256575,86.1024998474121
2008-12-01,77.1500015258789,77.33999633789062,75.56999969482422,75.6500015258789,13134700,-0.059776655395983355,0.4707474120210316,86.03499984741211
2008-12-02,76.9000015258789,77.31999969482422,76.26000213623047,76.94999694824219,6944000,0.01703836022130856,0.46712578022222295,85.96184982299805
2008-12-03,76.0,77.13999938964844,75.13999938964844,76.18000030517578,10685000,-0.01005685556947555,0.46895457382214395,85.87654983520508
2008-12-04,75.58999633789062,77.62999725341797,75.06999969482422,75.5,11827500,-0.008966308801461867,0.42280047402837495,85.78779983520508
2008-12-05,74.30000305175781,74.80999755859375,72.91000366210938,74.5199966430664,13392300,-0.01306515556901043,0.40511273954886673,85.69344982147217
2008-12-08,76.4800033569336,76.62000274658203,75.4000015258789,76.19999694824219,7267700,0.022293921957316113,0.4100891642727267,85.61074981689453
2008-12-09,75.55999755859375,76.8499984741211,75.30000305175781,76.33000183105469,9618300,0.0017046471557575096,0.410070264086674,85.52384983062744
2008-12-10,79.19999694824219,80.11000061035156,78.55999755859375,79.75,16050600,0.043830671865911774,0.43279157537642865,85.44869983673095
2008-12-11,81.58000183105469,81.94000244140625,80.48999786376953,80.6500015258789,13980200,0.0112220818260269,0.42378488828553107,85.37199985504151
2008-12-12,80.55000305175781,81.62999725341797,80.0,80.80999755859375,12538500,0.001981866542690083,0.40546273320771425,85.2951498413086
2008-12-15,81.33000183105469,83.02999877929688,81.2300033569336,82.5999984741211,15008800,0.021908972020150932,0.40039065576500404,85.22194984436035
2008-12-16,82.37999725341797,84.63999938964844,81.93000030517578,84.45999908447266,18666400,0.022268376612201064,0.4029109646690378,85.16834983825683
2008-12-17,85.26000213623047,86.91000366210938,84.80000305175781,85.43000030517578,21988500,0.011419292069736266,0.3990939359841285,85.1068998336792
2008-12-18,84.8499984741211,85.12000274658203,83.45999908447266,83.87000274658203,17234500,-0.01842931699135299,0.40810996417899686,85.04374984741212
2008-12-19,82.6500015258789,82.87000274658203,82.01000213623047,82.62999725341797,9139500,-0.014895236270839864,0.4136649816963065,84.97644985198974
2008-12-22,83.56999969482422,83.80999755859375,82.79000091552734,83.45999908447266,6690500,0.009994686720185789,0.4123247534412107,84.9143998336792
2008-12-23,82.93000030517578,83.38999938964844,81.58999633789062,82.62999725341797,6322200,-0.009994686720185745,0.3410793382342442,84.84759983062744
2008-12-24,82.47000122070312,83.56999969482422,82.47000122070312,83.45999908447266,2069600,0.009994686720185789,0.331588535574788,84.77984981536865
2008-12-26,83.5199966430664,85.97000122070312,83.12000274658203,85.5999984741211,5080800,0.025317801128255938,0.3415603178806502,84.7161498260498
2008-12-29,86.5,87.0,85.94999694824219,86.3499984741211,9073100,0.008723521599817628,0.34061100740716066,84.65434982299804
2008-12-30,85.94000244140625,86.1500015258789,85.27999877929688,85.9000015258789,7123000,-0.005224940168183113,0.3416331341071996,84.58799983978271
2008-12-31,84.9800033569336,87.0999984741211,84.27999877929688,86.5199966430664,7837100,0.007191715531704658,0.25346311477463124,84.53809982299805
2009-01-02,85.93000030517578,86.61000061035156,85.83999633789062,86.2300033569336,6411600,-0.003357378391118624,0.2525155156661492,84.50404983520508
2009-01-05,83.62000274658203,84.68000030517578,83.23999786376953,84.4800033569336,9534700,-0.020503324199848343,0.26296094585028,84.4768998336792
2009-01-06,83.37000274658203,85.69999694824219,83.0,85.12999725341797,12864600,0.00766460793819893,0.25815858385156804,84.45204982757568
2009-01-07,84.55999755859375,84.58000183105469,82.20999908447266,82.75,13360000,-0.028355453375407055,0.2769264193042748,84.40214981079102
2009-01-08,84.4000015258789,84.88999938964844,83.75,84.45999908447266,10715700,0.020454024408850847,0.2755476127136927,84.3554497909546
2009-01-09,83.33999633789062,85.5,83.08999633789062,83.91999816894531,8861900,-0.006414096397031772,0.2781570804848176,84.30774978637696
2009-01-12,81.72000122070312,82.04000091552734,80.26000213623047,80.76000213623047,14755500,-0.03838212237276427,0.27753245369632357,84.25214981079101
2009-01-13,80.94000244140625,81.81999969482422,80.62000274658203,80.87999725341797,10019100,0.001484720857258964,0.274873462790546,84.20449977874756
2009-01-14,80.56999969482422,81.08999633789062,79.36000061035156,79.79000091552734,15600000,-0.013568345959084955,0.2788075396156993,84.16914978027344
2009-01-15,79.97000122070312,80.69999694824219,78.87000274658203,80.38999938964844,16714700,0.007491587953086663,0.2684181178452458,84.12474979400635
2009-01-16,82.19999694824219,83.0,81.73999786376953,82.70999908447266,16470300,0.028450719887202026,0.2760026133058909,84.09119979858399
2009-01-20,84.16999816894531,85.29000091552734,83.56999969482422,84.5199966430664,16743000,0.021647650395541167,0.2839599226396038,84.06254978179932
2009-01-21,84.05000305175781,84.38999938964844,82.9800033569336,84.1500015258789,12272100,-0.0043872142605711085,0.27687261397465335,84.02744979858399
2009-01-22,84.02999877929688,84.97000122070312,83.83000183105469,84.58000183105469,18569600,0.005096914923472842,0.27179121751683244,83.99859981536865
2009-01-23,86.56999969482422,88.94000244140625,86.06999969482422,88.52999877929688,34010700,0.04564361014124338,0.31161122201719965,83.9797998046875
2009-01-26,89.22000122070312,90.19000244140625,88.68000030517578,88.94999694824219,19129500,0.004732915968779248,0.30814402860578805,83.96569980621338
2009-01-27,88.4000015258789,88.83999633789062,88.01000213623047,88.37999725341797,11787400,-0.006428711177525445,0.3090396381878937,83.95109977722169
2009-01-28,88.2699966430664,88.37999725341797,86.83999633789062,87.41999816894531,18449600,-0.01092160013595116,0.3010562282595787,83.93264976501465
2009-01-29,86.68000030517578,89.55000305175781,86.27999877929688,89.5,21175600,0.023514556791130875,0.31006173624293004,83.9218497467041
2009-01-30,90.69999694824219,91.48999786376953,89.6500015258789,91.30999755859375,21279300,0.02002165860988255,0.31524163719448317,83.91204975128174
2009-02-02,89.87999725341797,92.58000183105469,88.62000274658203,88.83999633789062,16983300,-0.027423326085868636,0.33169168300401747,83.89344974517822
2009-02-03,89.33999633789062,89.7300033569336,86.0,88.47000122070312,17521400,-0.004173432511596273,0.3318468316034233,83.88269973754883
2009-02-04,88.88999938964844,89.5,88.5199966430664,89.18000030517578,14271100,0.007993277328123664,0.32290292292590317,83.8773497390747
2009-02-05,90.75,90.81999969482422,89.30000305175781,90.12000274658203,17196300,0.010485343419634507,0.32360984511291635,83.87659976959229
2009-02-06,89.1500015258789,90.13999938964844,89.1500015258789,89.58999633789062,12554300,-0.005898480307817772,0.30527573024174776,83.87844974517822
2009-02-09,88.3499984741211,88.6500015258789,87.5999984741211,88.31999969482422,21263800,-0.014277086659724235,0.30508428119745185,83.88394973754883
2009-02-10,89.66000366210938,90.37000274658203,89.18000030517578,90.20999908447266,25445100,0.021173696446258473,0.31027546687995156,83.89864974975586
2009-02-11,90.93000030517578,93.25,90.80000305175781,92.29000091552734,55582400,0.022795527677897713,0.27695570293992455,83.92164974212646
2009-02-12,93.04000091552734,93.73999786376953,92.5199966430664,93.16999816894531,38786800,0.009489958611898299,0.27657003819199766,83.95844974517823
2009-02-13,92.5,92.7699966430664,91.69000244140625,92.55000305175781,14715500,-0.00667668981583939,0.2711727274303056,83.98794975280762
2009-02-17,95.2300033569336,95.8499984741211,94.88999938964844,95.44999694824219,27085200,0.030853446205778977,0.2834351803072914,84.04524974822998
2009-02-18,95.2300033569336,97.1500015258789,94.66999816894531,96.91000366210938,29346300,0.015180232335787214,0.2750797002485266,84.10689975738525
2009-02-19,95.91000366210938,96.56999969482422,95.43000030517578,95.7699966430664,21305400,-0.011833302053734346,0.2778879861099546,84.15439975738525
2009-02-20,98.0,98.98999786376953,97.13999938964844,97.80000305175781,43854800,0.02097515976334867,0.2798813080977483,84.21024978637695
2009-02-23,96.58999633789062,98.22000122070312,95.88999938964844,97.7300033569336,24542700,-0.000715999545035443,0.28114228573649486,84.2697998046875
2009-02-24,97.58999633789062,97.58999633789062,94.2699966430664,94.7300033569336,37460500,-0.031177833375502513,0.2735319775423853,84.30724983215332
2009-02-25,94.7300033569336,96.41000366210938,92.80999755859375,93.1500015258789,26142800,-0.01681966189582418,0.2820886319417513,84.33589984893798
2009-02-26,92.70999908447266,93.13999938964844,91.56999969482422,93.05999755859375,28789800,-0.0009666932467289369,0.2806149215730615,84.3662498474121
2009-02-27,94.30999755859375,94.52999877929688,91.02999877929688,92.62999725341797,30588700,-0.004631386566918853,0.2776667702049024,84.40244983673095
2009-03-02,93.4000015258789,93.61000061035156,90.62000274658203,90.93000030517578,24269300,-0.01852305052084567,0.27625148862069193,84.43109985351562
2009-03-03,90.8499984741211,91.04000091552734,88.94000244140625,90.04000091552734,28082900,-0.009835956887444822,0.2692879824513611,84.44629985809325
2009-03-04,90.25,90.3499984741211,88.44999694824219,88.98999786376953,19875100,-0.011730046343054587,0.2547351766179861,84.4457498550415
2009-03-05,89.91999816894531,92.16999816894531,89.2300033569336,91.98999786376953,23995500,0.033155872403161146,0.2785861127237253,84.45874984741211
2009-03-06,91.80999755859375,92.94999694824219,91.19999694824219,92.29000091552734,22395300,0.003255950930954496,0.27775364369377487,84.46569984436036
2009-03-09,92.29000091552734,92.33000183105469,89.56999969482422,90.56999969482422,18311100,-0.01881277418024431,0.28444921229021813,84.45874984741211
2009-03-10,89.54000091552734,89.61000061035156,87.47000122070312,88.13999938964844,25924900,-0.02719657652831088,0.29941233525491473,84.44454982757568
2009-03-11,88.48999786376953,89.83000183105469,87.77999877929688,89.22000122070312,16680500,0.01217879089301902,0.2984063796892611,84.43449981689453
2009-03-12,90.37000274658203,91.56999969482422,90.13999938964844,91.0999984741211,20128600,0.02085254413435487,0.29812774583402163,84.44319980621339
2009-03-13,91.87000274658203,91.88999938964844,90.5,91.30000305175781,11693100,0.002193033510109556,0.28702156227637277,84.45399982452392
2009-03-16,90.29000091552734,90.95999908447266,90.02999877929688,90.80000305175781,11782500,-0.005491501809613432,0.2851281232641509,84.47544982910156
2009-03-17,90.26000213623047,90.58999633789062,89.75,90.04000091552734,10052400,-0.008405293010376257,0.2856068933189421,84.48839984893799
2009-03-18,88.75,93.38999938964844,86.83000183105469,93.08999633789062,59424700,0.03331270158240966,0.28920079780289193,84.51404983520507
2009-03-19,93.41000366210938,94.7699966430664,92.91000366210938,94.3499984741211,35006600,0.013444527853073575,0.28802279110820916,84.5513998413086
2009-03-20,93.4800033569336,94.37000274658203,93.12999725341797,93.58999633789062,18072300,-0.008087754602137932,0.2865813795312295,84.58609981536866
2009-03-23,93.44000244140625,93.91000366210938,91.94999694824219,92.08000183105469,17652600,-0.016265716740780103,0.27938846415445373,84.61424983978272
2009-03-24,90.76000213623047,91.66000366210938,90.25,90.94999694824219,16979800,-0.012347912889209464,0.2811586481619105,84.62369983673096
2009-03-25,90.87000274658203,92.62999725341797,90.33999633789062,91.9800033569336,24788700,0.011261327198225552,0.2664227861265788,84.64364986419677
2009-03-26,92.72000122070312,92.72000122070312,91.83999633789062,91.93000030517578,12365300,-0.0005437774128025601,0.26045480976679325,84.67554985046387
2009-03-27,90.83000183105469,91.26000213623047,90.41000366210938,90.69000244140625,11596000,-0.013580296815494405,0.26429844316870743,84.69389987945557
2009-03-30,89.97000122070312,91.80999755859375,89.75,89.9800033569336,16425900,-0.00785966365924459,0.2650576665805898,84.71579990386962
2009-03-31,90.37999725341797,90.8499984741211,89.58000183105469,90.27999877929688,14400500,0.00332847770745487,0.257966405504854,84.73804988861085
2009-04-01,91.33999633789062,91.37999725341797,90.20999908447266,91.02999877929688,12298700,0.008273170679264967,0.2571948913603557,84.75814987182618
2009-04-02,88.75,89.36000061035156,87.91999816894531,88.80000305175781,24829000,-0.02480242474253235,0.26876672440573496,84.76589988708496
2009-04-03,88.95999908447266,89.44000244140625,87.5199966430664,87.58999633789062,16343600,-0.013719889999443402,0.2435515576742824,84.76244987487793
2009-04-06,86.4000015258789,86.44000244140625,84.97000122070312,85.2699966430664,22909600,-0.02684414097964916,0.2568063066657476,84.74669986724854
2009-04-07,86.2699966430664,88.26000213623047,86.16999816894531,86.73999786376953,11004600,0.017092460393572564,0.26039657997182597,84.73564987182617
2009-04-08,87.18000030517578,87.5199966430664,86.26000213623047,86.61000061035156,12226200,-0.0014998243891666274,0.24382627939533158,84.73324989318847
2009-04-09,86.33000183105469,86.87999725341797,86.0999984741211,86.30999755859375,9607100,-0.003469851444995191,0.2392871258879602,84.72744987487793
2009-04-13,88.02999877929688,88.44999694824219,87.5999984741211,87.87999725341797,7283700,0.01802677831754674,0.23612880127170546,84.7297498703003
2009-04-14,87.77999877929688,87.80999755859375,87.04000091552734,87.37000274658203,7167400,-0.00582021051641387,0.2360899719850065,84.71354988098145
2009-04-15,87.41999816894531,87.94000244140625,87.2300033569336,87.5,6857000,0.0014867876173518325,0.2360626620826655,84.69369987487794
2009-04-16,87.37999725341797,87.44999694824219,85.68000030517578,85.80999755859375,21033600,-0.019503271995841835,0.2430251817028232,84.6657498550415
2009-04-17,85.75,86.37000274658203,84.91999816894531,85.22000122070312,22332700,-0.006899358971822021,0.20587909031126414,84.62854984283447
2009-04-20,86.02999877929688,87.33999633789062,86.0,86.94999694824219,12674400,0.020097043306539473,0.21418753962307224,84.59744983673096
2009-04-21,87.8499984741211,87.87999725341797,86.33000183105469,86.88999938964844,10655900,-0.0006902618757463332,0.21389328830659385,84.57159984588623
2009-04-22,87.02999877929688,87.81999969482422,86.80000305175781,87.37999725341797,10085900,0.0056234482639747705,0.21090000007831528,84.55234981536866
2009-04-23,87.70999908447266,89.37000274658203,87.62000274658203,88.80000305175781,16621000,0.016120292274093014,0.2171070787839033,84.54204982757568
2009-04-24,89.0999984741211,89.83999633789062,88.83000183105469,89.72000122070312,11425800,0.010307038892938492,0.21644445703047482,84.5331498336792
2009-04-27,89.33000183105469,89.79000091552734,88.94000244140625,89.01000213623047,7147600,-0.007944976286971623,0.21768327493354006,84.51054985046386
2009-04-28,87.33000183105469,87.94999694824219,87.11000061035156,87.75,8570100,-0.014256884624757573,0.21816699668836773,84.47349983215332
2009-04-29,88.30999755859375,88.77999877929688,87.66999816894531,88.33000183105469,8098300,0.0065879591407686485,0.21865828876303403,84.43559982299804
2009-04-30,86.83000183105469,87.77999877929688,86.54000091552734,87.2699966430664,9713800,-0.012073098777590854,0.22141374369596498,84.39109981536865
2009-05-01,86.75,87.48999786376953,86.69000244140625,86.94999694824219,6122400,-0.0036735170067088633,0.21854040960748922,84.35364978790284
2009-05-04,87.55000305175781,89.18000030517578,87.55000305175781,88.63999938964844,10813100,0.019250010410794313,0.21433079705940147,84.32574977874756
2009-05-05,89.70999908447266,89.7300033569336,87.87999725341797,88.25,9953800,-0.004409520299832408,0.2092344543087694,84.29614978790283
2009-05-06,89.45999908447266,89.69000244140625,88.83999633789062,89.54000091552734,11334900,0.01451176722419934,0.18961570714864298,84.26824977874756
2009-05-07,90.12999725341797,90.30000305175781,89.23999786376953,89.44000244140625,14808900,-0.0011174263342352655,0.18209205095971714,84.25014980316162
2009-05-08,89.70999908447266,90.08999633789062,88.91000366210938,89.9800033569336,10939800,0.006019424017208001,0.1824149268495542,84.24719982147217
2009-05-11,89.63999938964844,90.01000213623047,89.5,89.69000244140625,12211600,-0.0032281533701712588,0.18232855246235144,84.23899982452393
2009-05-12,90.4000015258789,90.83999633789062,89.94999694824219,90.69999694824219,15764900,0.011198016123960024,0.17611341034252692,84.2340497970581
2009-05-13,90.44000244140625,91.5,90.30999755859375,91.08999633789062,17445900,0.004290665079152016,0.17428858873108677,84.23084976196289
2009-05-14,90.9000015258789,91.26000213623047,90.69999694824219,91.02999877929688,8023400,-0.0006588794462207963,0.17452428436543324,84.23304977416993
2009-05-15,91.1500015258789,91.80999755859375,91.0999984741211,91.55000305175781,11705800,0.005696195347549881,0.1565177669182844,84.24319980621338
2009-05-18,91.52999877929688,91.56999969482422,90.13999938964844,90.36000061035156,17353900,-0.013083606100380167,0.16282653866845703,84.24459980010987
2009-05-19,90.63999938964844,91.3499984741211,90.56999969482422,90.95999908447266,9630300,0.006618141022648309,0.15104171956806384,84.2515497970581
2009-05-20,91.54000091552734,92.44000244140625,91.5199966430664,92.25,18272500,0.014082443543520349,0.15612868985199274,84.27209980010986
2009-05-21,92.3499984741211,93.86000061035156,91.93000030517578,93.8499984741211,21830200,0.017195463853182144,0.16368187189443734,84.3109497833252
2009-05-22,94.25,94.41999816894531,93.80000305175781,94.1500015258789,15407200,0.0031915245362349074,0.15701510727407877,84.34849979400634
2009-05-26,92.94999694824219,93.83999633789062,92.8499984741211,93.76000213623047,12356100,-0.004150922697323314,0.15627493872450796,84.38684982299804
2009-05-27,93.7300033569336,94.27999877929688,93.0999984741211,93.44999694824219,13688100,-0.00331184736774341,0.15331978104128946,84.43194980621338
2009-05-28,94.13999938964844,94.83000183105469,93.80000305175781,94.23999786376953,14973200,0.00841819599030902,0.14214705350538218,84.49749980926514
2009-05-29,95.69999694824219,96.3499984741211,95.58000183105469,96.19999694824219,18137800,0.020584628713310075,0.1538892541564994,84.57589981079101
2009-06-01,96.47000122070312,96.76000213623047,95.62999725341797,95.7300033569336,17921200,-0.004897561923661561,0.14622499086453986,84.64674983978271
2009-06-02,96.19000244140625,96.97000122070312,96.0999984741211,96.36000061035156,14532700,0.006559420055802069,0.14336962918690693,84.73179985046387
2009-06-03,95.9000015258789,96.20999908447266,94.30999755859375,94.41000366210938,18204700,-0.02044414554689964,0.15843417173757549,84.81569988250732
2009-06-04,95.23999786376953,96.48999786376953,95.19999694824219,96.2300033569336,13629500,0.01909415571894292,0.16534828644307384,84.9028498840332
2009-06-05,94.23999786376953,94.79000091552734,93.56999969482422,93.70999908447266,18600800,-0.02653629688685098,0.19186546779715521,84.96924987792968
2009-06-08,93.26000213623047,93.69999694824219,92.58000183105469,93.55999755859375,11551100,-0.0016019817445124753,0.19197731103328797,85.0367498779297
2009-06-09,94.2699966430664,94.38999938964844,93.44000244140625,93.83000183105469,9477700,0.0028817381951294313,0.19148639960453828,85.09439987182617
2009-06-10,94.5,94.52999877929688,92.9000015258789,93.86000061035156,14441800,0.00031966305250262516,0.19065964445213002,85.15829986572265
2009-06-11,93.12999725341797,94.52999877929688,93.0,93.69999694824219,14777600,-0.0017061601941360273,0.18817970167346793,85.22214984893799
2009-06-12,92.41000366210938,92.76000213623047,92.0,92.16999816894531,13809400,-0.016463478535408964,0.19785551698520035,85.27684982299805
2009-06-15,91.9000015258789,91.9000015258789,90.9000015258789,91.0999984741211,13116700,-0.011676890623094857,0.20234214571835776,85.3255498123169
2009-06-16,91.87000274658203,92.12000274658203,91.3499984741211,91.93000030517578,9834200,0.009069633678898644,0.2038627737153472,85.37429981231689
2009-06-17,91.61000061035156,92.38999938964844,90.1500015258789,92.3499984741211,12130100,0.0045582689271499,0.19847045737752025,85.42749980926514
2009-06-18,92.23999786376953,92.5,91.30000305175781,91.61000061035156,16239200,-0.008045247432850396,0.19977110990443095,85.48954982757569
2009-06-19,91.80999755859375,92.2300033569336,91.58000183105469,91.9000015258789,11812300,0.003160603275712481,0.19379717074044311,85.55459983825683
2009-06-22,90.41000366210938,90.63999938964844,90.12999725341797,90.54000091552734,12956300,-0.01490929384566157,0.18938761149263356,85.61534984588623
2009-06-23,90.66000366210938,91.02999877929688,89.94999694824219,90.91999816894531,11958500,0.004188226725490046,0.1897437605227512,85.6750498199463
2009-06-24,92.08999633789062,92.33000183105469,91.04000091552734,91.44999694824219,12113800,0.0058123626209368685,0.19123043887936653,85.73799980163574
2009-06-25,92.12000274658203,92.33000183105469,91.72000122070312,92.30999755859375,11444800,0.00936011008805884,0.19446793378664654,85.81709980010986
2009-06-26,92.80999755859375,92.93000030517578,91.93000030517578,92.29000091552734,10418500,-0.00021664835655369304,0.19171212543765928,85.90744979858398
2009-06-29,92.31999969482422,92.4000015258789,91.70999908447266,92.04000091552734,6528700,-0.002712528083375162,0.17492024509813495,86.00224979400635
2009-06-30,91.8499984741211,91.95999908447266,90.52999877929688,91.18000030517578,24189500,-0.009387696981969475,0.17650780305177785,86.08039978027344
2009-07-01,92.30999755859375,93.0,92.0,92.38999938964844,10743200,0.013183162944147444,0.1821083215435748,86.15454978942871
2009-07-02,91.47000122070312,91.58000183105469,91.08000183105469,91.25,7365200,-0.012415748613801528,0.17379891300513992,86.22684978485107
2009-07-06,90.4800033569336,90.93000030517578,90.36000061035156,90.76000213623047,6286200,-0.005384309013824143,0.15690130737133112,86.25334980010986
2009-07-07,90.88999938964844,91.37999725341797,90.5,90.70999908447266,7690200,-0.0005510889148283001,0.13103040150355333,86.29289978027344
2009-07-08,90.11000061035156,91.04000091552734,88.81999969482422,89.2699966430664,21958200,-0.01600214694695305,0.1402726843469806,86.3093497467041
2009-07-09,89.62999725341797,90.26000213623047,89.33000183105469,89.51000213623047,13688100,0.0026849271616822263,0.1401838544077407,86.31099975585937
2009-07-10,89.30000305175781,89.7699966430664,89.16000366210938,89.58000183105469,5040100,0.000781726470917072,0.1402994371163515,86.31729976654053
2009-07-13,89.44999694824219,90.69000244140625,89.0999984741211,90.19000244140625,8809500,0.006786482027611023,0.14373563604384218,86.33469978332519
2009-07-14,90.86000061035156,91.11000061035156,90.58999633789062,90.80999755859375,5720900,0.00685080156975785,0.13630163422280503,86.35649978637696
2009-07-15,92.16999816894531,92.5199966430664,92.02999877929688,92.23999786376953,9863800,0.01562446798435957,0.1413360656889577,86.38449977874755
2009-07-16,92.0,92.12000274658203,91.55000305175781,91.9800033569336,4604600,-0.0028226541932032975,0.13832004342265714,86.3965497970581
2009-07-17,92.1500015258789,92.30000305175781,91.83999633789062,91.93000030517578,8748400,-0.0005437774128025601,0.13733925296691457,86.43084980010987
2009-07-20,93.61000061035156,93.80000305175781,92.91000366210938,93.27999877929688,13172100,0.014578288320425086,0.14332135526574008,86.46739978790283
2009-07-21,93.5199966430664,93.52999877929688,92.69000244140625,93.12999725341797,9343800,-0.0016093724740910249,0.1433092206941648,86.52139976501465
2009-07-22,92.81999969482422,93.81999969482422,92.7300033569336,93.44000244140625,10241300,0.003323208166328789,0.1318541792619771,86.57564979553223
2009-07-23,93.19999694824219,94.0,93.11000061035156,93.26000213623047,9763900,-0.0019282309216242279,0.13198603003781875,86.6205498123169
2009-07-24,93.4800033569336,93.70999908447266,93.33000183105469,93.41000366210938,4734000,0.0016071308030831514,0.13093817516765946,86.6512498474121
2009-07-27,93.9000015258789,93.94999694824219,93.36000061035156,93.70999908447266,5167300,0.003206452276499924,0.1276883598810489,86.67269985198975
2009-07-28,92.73999786376953,92.81999969482422,91.6500015258789,92.11000061035156,10881200,-0.0172213757394612,0.1420360501413771,86.68374984741212
2009-07-29,91.66999816894531,91.75,90.80999755859375,91.19999694824219,9676100,-0.009928658008449049,0.14586112600635057,86.72364982604981
2009-07-30,91.55000305175781,92.0,91.44000244140625,91.62000274658203,6246700,0.004594754818541675,0.14306496324385232,86.77179985046386
2009-07-31,91.86000061035156,94.02999877929688,91.83000183105469,93.3499984741211,14385900,0.018706235205377633,0.1504545813029696,86.82754985809326
2009-08-03,94.13999938964844,94.48999786376953,93.6500015258789,93.87000274658203,10007600,0.005555021966375179,0.14375815372341652,86.88034988403321
2009-08-04,94.18000030517578,95.25,93.98999786376953,94.68000030517578,11548600,0.00859191226069412,0.14366384860298145,86.95729988098145
2009-08-05,94.87999725341797,95.05000305175781,94.01000213623047,94.77999877929688,8987000,0.001055615791092795,0.14341004391549456,87.04514987945556
2009-08-06,95.01000213623047,95.19000244140625,93.76000213623047,94.5999984741211,13661000,-0.0019009437320754224,0.12854378228486846,87.12564987182617
2009-08-07,94.31999969482422,94.63999938964844,93.5999984741211,93.75,8042000,-0.009025795077514111,0.13487698385561028,87.21424987792969
2009-08-10,92.91000366210938,93.13999938964844,92.5999984741211,92.93000030517578,6420500,-0.008785139997340487,0.1401176567585338,87.3203498840332
2009-08-11,92.68000030517578,92.97000122070312,92.41000366210938,92.79000091552734,5029900,-0.0015076396214322287,0.1393033689060286,87.43104988098145
2009-08-12,92.5999984741211,93.48999786376953,92.47000122070312,92.94999694824219,7906400,0.0017227961034532154,0.13787883571817172,87.53474987030029
2009-08-13,93.8499984741211,94.05000305175781,93.44999694824219,93.72000122070312,6756000,0.008249945329395655,0.13025237198227302,87.64244987487793
2009-08-14,93.83999633789062,93.91000366210938,92.4000015258789,93.0,6189400,-0.007712133511340266,0.13301786740400925,87.73849987030029
2009-08-17,91.48999786376953,91.86000061035156,91.27999877929688,91.61000061035156,6830800,-0.015059050463639348,0.14357252826948416,87.82654987335205
2009-08-18,91.80999755859375,92.19999694824219,91.76000213623047,92.05999755859375,4354600,0.0049000691797493594,0.13468880277006273,87.92329986572265
2009-08-19,91.68000030517578,92.77999877929688,91.66000366210938,92.52999877929688,7119800,0.0050923911990607956,0.13606658408008657,88.02924987792969
2009-08-20,92.30999755859375,92.55000305175781,92.12000274658203,92.2699966430664,3973000,-0.002813877859599588,0.13566330343415886,88.13509986877442
2009-08-21,93.62999725341797,93.80000305175781,93.4000015258789,93.6500015258789,7285300,0.014845419974691357,0.1456686954600204,88.22594985961913
2009-08-24,93.63999938964844,93.69999694824219,91.63999938964844,92.33999633789062,8548000,-0.014087067763647543,0.1536816375502786,88.3236498260498
2009-08-25,93.4000015258789,93.45999908447266,92.48999786376953,92.76000213623047,8280500,0.0045381579971108974,0.15416012288809824,88.42634983062744
2009-08-26,92.66999816894531,92.8499984741211,92.20999908447266,92.79000091552734,5224300,0.00032334981476544154,0.14163205519702132,88.52779983520507
2009-08-27,92.80000305175781,93.30999755859375,92.37999725341797,93.19000244140625,6870300,0.004301560763973328,0.1371261997964812,88.62584983825684
2009-08-28,94.06999969482422,94.1500015258789,93.62999725341797,93.87000274658203,6757700,0.007270429612602234,0.13831127522620737,88.73494983673096
2009-08-31,93.13999938964844,93.5,92.91999816894531,93.4000015258789,4952900,-0.005019514036492951,0.12406221323107262,88.85194984436035
2009-09-01,93.41000366210938,93.95999908447266,93.05999755859375,93.9000015258789,8002400,0.005339040892428647,0.12394311949843265,88.96069984436035
2009-09-02,94.69999694824219,96.26000213623047,94.56999969482422,96.19000244140625,27673700,0.024095025081346855,0.14695844810209802,89.07514984130859
2009-09-03,96.5199966430664,97.94000244140625,96.19999694824219,97.45999908447266,26443600,0.013116600475876481,0.15308242959273277,89.19919982910156
2009-09-04,97.13999938964844,97.83000183105469,96.0,97.52999877929688,14911000,0.000717982446260517,0.15265467201678767,89.3242998123169
2009-09-08,98.56999969482422,98.63999938964844,97.38999938964844,97.43000030517578,22938800,-0.0010258358982360054,0.14818578561057866,89.45014980316162
2009-09-09,97.9800033569336,98.36000061035156,96.8499984741211,97.08000183105469,20439900,-0.003598774849809519,0.14454755543663989,89.56829982757569
2009-09-10,97.02999877929688,98.02999877929688,96.87999725341797,97.69999694824219,12249000,0.006366128093033135,0.14465825545345176,89.66254981994629
2009-09-11,98.95999908447266,99.33000183105469,98.2699966430664,98.77999877929688,19499400,0.010993614941952026,0.14760163265564522,89.75189979553222
2009-09-14,98.16000366210938,98.43000030517578,97.7300033569336,97.95999908447266,9631500,-0.008335920016645862,0.15116191742099833,89.83734977722168
2009-09-15,97.75,99.0999984741211,97.55999755859375,98.9000015258789,16247000,0.009550031319132289,0.14884325150043468,89.92994979858399
2009-09-16,100.01000213623047,100.0199966430664,99.5,99.91000366210938,16588200,0.010160563341840068,0.13547920524281884,90.02794982910156
2009-09-17,99.66000366210938,100.08000183105469,99.04000091552734,99.33999633789062,12493600,-0.0057215445842040275,0.1396506746144406,90.14639980316161
2009-09-18,99.7300033569336,99.87000274658203,98.66999816894531,98.66999816894531,13937800,-0.0067673425030896645,0.14405329807459716,90.25499980926514
2009-09-21,97.94999694824219,98.62000274658203,97.7300033569336,98.36000061035156,11113200,-0.003146706758441258,0.1442287873899756,90.36589981079102
2009-09-22,99.83999633789062,99.83999633789062,99.37000274658203,99.66999816894531,10879500,0.013230487054918885,0.14266375823717117,90.48674980163574
2009-09-23,99.16000366210938,99.88999938964844,98.68000030517578,98.83000183105469,14688000,-0.008463489692784069,0.13533545696309482,90.60829982757568
2009-09-24,99.36000061035156,99.44000244140625,97.13999938964844,97.55000305175781,23350200,-0.013036122562252067,0.14643968948786307,90.71504985809327
2009-09-25,97.06999969482422,97.5,96.7699966430664,97.0,10724500,-0.00565411984977392,0.1489489612485248,90.81839984893799
2009-09-28,97.20999908447266,97.80999755859375,97.0,97.05000305175781,7791200,0.000515362556847874,0.1488253913609085,90.90489986419678
2009-09-29,97.19000244140625,97.7300033569336,96.94999694824219,97.43000030517578,9262100,0.0039078335092760045,0.14775781891565495,90.98879985809326
2009-09-30,98.30999755859375,99.05999755859375,97.55999755859375,98.8499984741211,18664200,0.014469359610812447,0.15183694344033288,91.0789998626709
2009-10-01,98.83999633789062,98.86000061035156,97.87999725341797,97.88999938964844,11049400,-0.00975914114205605,0.15743586695748263,91.15544986724854
2009-10-02,97.83999633789062,98.86000061035156,97.73999786376953,98.37000274658203,10475800,0.00489151440733444,0.13605161935079774,91.22499988555909
2009-10-05,98.4800033569336,99.83999633789062,98.36000061035156,99.81999969482422,11709400,0.014632653538604653,0.13783311361636075,91.29694988250732
2009-10-06,101.33000183105469,102.41999816894531,100.54000091552734,102.27999877929688,33537500,0.02434557750386831,0.15951875209972313,91.3889998626709
2009-10-07,102.29000091552734,102.5199966430664,101.83000183105469,102.36000061035156,16194200,0.0007818787663110404,0.15917147281161784,91.48764987945556
2009-10-08,102.62000274658203,104.1500015258789,102.30000305175781,103.63999938964844,24250200,0.012427332550376955,0.16129136266485813,91.58854988098145
2009-10-09,103.05999755859375,103.25,102.37000274658203,102.83999633789062,15177500,-0.007749003016846714,0.16507228146329983,91.6895998764038
2009-10-12,103.38999938964844,103.91999816894531,103.22000122070312,103.55999755859375,9179000,0.006976784520624898,0.16302393449764283,91.79009986877442
2009-10-13,103.69999694824219,104.5,103.45999908447266,104.26000213623047,17358800,0.006736668520876528,0.1590032960200772,91.88339988708496
2009-10-14,104.29000091552734,104.69999694824219,103.76000213623047,104.18000030517578,17871100,-0.0007676245830555696,0.1576329375037229,91.97254989624024
2009-10-15,103.2699966430664,103.94999694824219,102.5999984741211,102.86000061035156,15781300,-0.01275132896577922,0.16343530882931284,92.0573498916626
2009-10-16,102.69999694824219,103.68000030517578,102.52999877929688,103.18000030517578,14320600,0.0031061924936279916,0.16144715619585218,92.14064990997315
2009-10-19,103.16000366210938,104.26000213623047,102.75,104.2300033569336,13936600,0.010124989184004255,0.16074769290806015,92.23064990997314
2009-10-20,104.33999633789062,104.3499984741211,102.79000091552734,103.41999816894531,18250000,-0.0078016786951705126,0.1636312590279944,92.3253498840332
2009-10-21,103.37999725341797,104.45999908447266,103.23999786376953,103.75,16004800,0.0031858098477671078,0.1588761022471406,92.41844989776611
2009-10-22,103.45999908447266,104.08999633789062,103.0999984741211,103.91999816894531,11575600,0.001637195631687369,0.1543546167800062,92.52429988861084
2009-10-23,104.5,104.58000183105469,102.95999908447266,103.48999786376953,11423000,-0.004146385704315989,0.14600539109228172,92.61944988250733
2009-10-26,103.41000366210938,103.97000122070312,101.73999786376953,101.86000061035156,21519400,-0.015875641589657388,0.1573301025486146,92.70914989471436
2009-10-27,101.88999938964844,102.05999755859375,101.22000122070312,101.8499984741211,18398400,-9.819975733603636e-05,0.1574334955251027,92.8145998764038
2009-10-28,101.5,102.02999877929688,100.6500015258789,100.7300033569336,19344900,-0.011057424410540882,0.16390853135653008,92.91384990692139
2009-10-29,101.72000122070312,102.76000213623047,101.5,102.69000244140625,15322600,0.019271061704086094,0.16941542496489156,93.02834991455079
2009-10-30,102.33000183105469,102.66000366210938,101.4800033569336,102.52999877929688,15244500,-0.0015593382085453942,0.164671920722003,93.13904991149903
2009-11-02,103.5,104.25,103.25,103.94999694824219,15440900,0.01375455816989644,0.16929101968608662,93.24524990081787
2009-11-03,103.73999786376953,106.69999694824219,103.72000122070312,106.45999908447266,33610400,0.023859334198798456,0.18020103597209808,93.3549499130249
2009-11-04,107.11000061035156,107.68000030517578,106.43000030517578,107.0999984741211,27197500,0.005993644061587079,0.16331907689678457,93.46969989776612
2009-11-05,106.80999755859375,107.19999694824219,106.5999984741211,106.9800033569336,10189000,-0.001121030724287651,0.16365888935663736,93.58169990539551
2009-11-06,107.37999725341797,108.04000091552734,107.05999755859375,107.43000030517578,14789000,0.004197543036965226,0.1595482561958011,93.6761999130249
2009-11-09,108.69000244140625,108.75,107.91000366210938,108.19000244140625,18444800,0.0070494877462507185,0.15670357751766845,93.77239994049073
2009-11-10,108.02999877929688,108.77999877929688,107.69999694824219,108.38999938964844,15973300,0.001846864931193741,0.1558270892171952,93.87244995117187
2009-11-11,109.48999786376953,109.70999908447266,109.0,109.5999984741211,17670800,0.011101532395072736,0.1581547910506777,93.98334995269775
2009-11-12,109.16000366210938,109.55999755859375,108.12000274658203,108.20999908447266,17859900,-0.012763585468758788,0.16640570295653745,94.07689994812011
2009-11-13,108.31999969482422,109.80000305175781,108.13999938964844,109.73999786376953,17246000,0.014040137041637483,0.16271157124349678,94.169049949646
2009-11-16,110.69999694824219,112.16000366210938,110.6500015258789,111.62999725341797,25002300,0.01707589425776357,0.169779316164418,94.28299995422363
2009-11-17,111.08999633789062,111.98999786376953,110.9000015258789,111.97000122070312,19831100,0.0030411827518562703,0.16819295137591672,94.40049995422363
2009-11-18,112.69000244140625,113.08999633789062,111.80000305175781,112.25,22336900,0.0024975374482029953,0.16325322114406016,94.51584995269775
2009-11-19,111.8499984741211,112.4000015258789,110.76000213623047,112.30000305175781,21249900,0.0004453622970806544,0.16368004014869578,94.62674995422363
2009-11-20,111.73999786376953,112.94000244140625,111.54000091552734,112.94000244140625,17302500,0.005682836942088943,0.16361548390655148,94.7434999847412
2009-11-23,114.66999816894531,115.12000274658203,113.98999786376953,114.29000091552734,24457700,0.011882360058537005,0.16302532996585692,94.87334999084473
2009-11-24,114.7300033569336,114.80999755859375,113.97000122070312,114.7300033569336,22618000,0.0038424851504036766,0.1449330678106824,94.99595001220703
2009-11-25,115.69000244140625,116.87999725341797,115.52999877929688,116.62000274658203,24569900,0.016339238275087858,0.14785220331440513,95.1176000213623
2009-11-27,113.08000183105469,115.80999755859375,113.0199966430664,115.05999755859375,21234400,-0.013467099128963782,0.15163436989137122,95.22705001831055
2009-11-30,114.4800033569336,115.88999938964844,114.2699966430664,115.63999938964844,16421000,0.005028201653515722,0.14416605529536505,95.3425
2009-12-01,117.30000305175781,117.93000030517578,116.77999877929688,117.37999725341797,27721300,0.014934599861011129,0.14508477258425456,95.45215000152588
2009-12-02,118.80000305175781,119.2699966430664,118.30000305175781,119.18000030517578,31109300,0.015218446148337,0.14609963619338295,95.56349998474121
2009-12-03,118.56999969482422,119.54000091552734,118.02999877929688,118.69999694824219,28864000,-0.004035681973678308,0.1359683679545105,95.67814998626709
2009-12-04,117.1500015258789,117.26000213623047,112.41000366210938,113.75,79182600,-0.04259621807472385,0.21406944689469806,95.7578999710083
2009-12-07,111.51000213623047,114.22000122070312,111.44000244140625,113.11000061035156,42538700,-0.005642255891681633,0.21569789324614036,95.8347999572754
2009-12-08,112.76000213623047,113.05999755859375,110.20999908447266,110.94999694824219,37655000,-0.019281180066479105,0.22853205802613458,95.91589992523194
2009-12-09,111.5999984741211,112.4800033569336,109.37999725341797,110.83999633789062,37125900,-0.0009919349177228208,0.2277837744749924,96.004349899292
2009-12-10,110.66000366210938,111.02999877929688,110.04000091552734,110.81999969482422,20531800,-0.00018042626976952085,0.22781414378557566,96.09314990997315
2009-12-11,110.5999984741211,110.81999969482422,108.72000122070312,109.31999969482422,28983100,-0.013627902417121703,0.23016840658376803,96.17659992218017
2009-12-14,110.01000213623047,110.69999694824219,109.5,110.23999786376953,16339100,0.008380429619065604,0.22717046644202052,96.27314990997314
2009-12-15,109.94000244140625,110.56999969482422,109.38999938964844,110.20999908447266,20059500,-0.000272159491016775,0.22208079295784852,96.37399990081786
2009-12-16,110.83000183105469,111.91000366210938,110.62999725341797,111.58999633789062,22850300,0.012443778983734818,0.21819224287737976,96.48699989318848
2009-12-17,109.47000122070312,109.9800033569336,107.27999877929688,107.33999633789062,35016800,-0.03883007474829872,0.25577207056942103,96.56374988555908
2009-12-18,108.0,109.5,107.04000091552734,108.94999694824219,25591700,0.014887700748231638,0.26204815597811054,96.64704986572265
2009-12-21,109.16999816894531,109.30000305175781,106.81999969482422,106.94999694824219,23314200,-0.018527626386022195,0.2685081341205838,96.72894985198974
2009-12-22,106.79000091552734,107.08999633789062,105.30999755859375,106.16999816894531,28702900,-0.007319841214939189,0.26739809508404644,96.81909984588623
2009-12-23,106.6500015258789,107.44999694824219,106.30000305175781,106.55000305175781,16941900,0.0035728214071417724,0.26310789659565037,96.9057498550415
2009-12-24,107.9000015258789,108.37000274658203,107.7699966430664,108.36000061035156,7991600,0.016844635663340383,0.2713071486386613,96.99204986572266
2009-12-28,108.63999938964844,108.77999877929688,107.91000366210938,108.55000305175781,9637500,0.0017519015886225233,0.2629730331189603,97.07829986572266
2009-12-29,108.5,108.5,107.44999694824219,107.47000122070312,11043700,-0.009999174226535323,0.2615733984784587,97.16164985656738
2009-12-30,106.63999938964844,107.44000244140625,106.4000015258789,106.93000030517578,9399600,-0.005037332589067185,0.25987832094875507,97.24609985351563
2009-12-31,107.9800033569336,108.11000061035156,107.23999786376953,107.30999755859375,9124700,0.0035474015655265327,0.2524621232171796,97.31719985961914
2010-01-04,109.81999969482422,110.13999938964844,109.30999755859375,109.80000305175781,16224100,0.022938737681147854,0.26123569947027964,97.39444988250733
2010-01-05,109.87999725341797,110.38999938964844,109.26000213623047,109.69999694824219,14213100,-0.0009112174071558337,0.2614399239882068,97.47499988555909
2010-01-06,110.70999908447266,111.7699966430664,110.41000366210938,111.51000213623047,24981900,0.016364952672508887,0.2288151971573995,97.57214988708496
2010-01-07,111.06999969482422,111.29000091552734,110.62000274658203,110.81999969482422,13609800,-0.006207031449163178,0.22896952943115206,97.67149990081788
2010-01-08,111.5199966430664,111.58000183105469,110.26000213623047,111.37000274658203,15894600,0.00495075538137829,0.21975916043192953,97.76844989776612
2010-01-11,113.33999633789062,113.58999633789062,112.5199966430664,112.8499984741211,17253000,0.013201473675458084,0.22425962540184158,97.87304988861084
2010-01-12,112.37999725341797,113.05000305175781,110.13999938964844,110.48999786376953,29182600,-0.02113448995131151,0.23687216907875888,97.97204986572265
2010-01-13,110.91999816894531,111.56999969482422,109.56999969482422,111.54000091552734,20014000,0.009458279378539308,0.23379130804970308,98.07984985351563
2010-01-14,111.51000213623047,112.37000274658203,110.79000091552734,112.02999877929688,18305300,0.004383402504944763,0.23259922196272764,98.18859985351563
2010-01-15,111.3499984741211,112.01000213623047,110.37999725341797,110.86000061035156,18002700,-0.010498532177150062,0.2358498193901804,98.28774986267089
2010-01-19,110.94999694824219,111.75,110.83000183105469,111.5199966430664,10468200,0.005935767413319545,0.23267683423400676,98.40134983062744
2010-01-20,109.97000122070312,110.05000305175781,108.45999908447266,108.94000244140625,17535000,-0.023406622544498178,0.20472565446890637,98.50809986114501
2010-01-21,108.4800033569336,108.77999877929688,106.61000061035156,107.37000274658203,25748400,-0.01451645533950801,0.20439756038769408,98.6185998916626
2010-01-22,106.93000030517578,107.68000030517578,106.01000213623047,107.16999816894531,24210100,-0.0018644973871885428,0.19396502680289843,98.72074989318848
2010-01-25,107.44000244140625,107.72000122070312,107.06999969482422,107.4800033569336,13200500,0.002888473341000015,0.19226218885562857,98.82509990692138
2010-01-26,106.87000274658203,107.98999786376953,106.75,107.55999755859375,12297100,0.0007439937221865503,0.19195757712853975,98.93134990692138
2010-01-27,107.52999877929688,108.80000305175781,106.16000366210938,106.52999877929688,19005100,-0.009622184538243794,0.18525252458838024,99.02459991455078
2010-01-28,107.18000030517578,107.2300033569336,105.18000030517578,106.4800033569336,16793900,-0.0004694185510533905,0.18502497417418318,99.12014991760253
2010-01-29,105.87999725341797,106.30000305175781,105.2699966430664,105.95999908447266,20278800,-0.004895549849721357,0.18269842421014246,99.2124499130249
2010-02-01,106.63999938964844,108.4800033569336,106.37000274658203,108.3499984741211,14901900,0.022305058135940522,0.19835171446016192,99.32514991760254
2010-02-02,109.16000366210938,109.5999984741211,108.61000061035156,109.12999725341797,14292200,0.007173093057516182,0.19941883012340186,99.44469989776611
2010-02-03,109.0999984741211,109.54000091552734,108.43000030517578,108.69999694824219,13393200,-0.003948040904900219,0.1828748347848039,99.55344989776611
2010-02-04,106.79000091552734,106.80000305175781,103.75,104.37000274658203,39991900,-0.0406494619043355,0.22983711484344296,99.64084991455078
2010-02-05,103.76000213623047,104.68000030517578,102.27999877929688,104.68000030517578,32656700,0.0029657764294868027,0.22057408970812853,99.72734992980958
2010-02-08,104.41000366210938,105.13999938964844,104.0,104.04000091552734,17176600,-0.006132631197052165,0.22056065167312053,99.80354991912841
2010-02-09,105.18000030517578,106.1500015258789,104.87000274658203,105.41000366210938,25959200,0.01308209362845793,0.22598871268032608,99.88199993133544
2010-02-10,105.12999725341797,105.5,104.11000061035156,105.12000274658203,16215200,-0.002754962144308314,0.2185514062788415,99.96254993438721
2010-02-11,105.58000183105469,107.55999755859375,105.2699966430664,107.12999725341797,19350100,0.018940443772260875,0.22159773980713934,100.0594499206543
2010-02-12,106.08000183105469,107.0999984741211,105.56999969482422,107.04000091552734,14464200,-0.0008404197035730865,0.21804124104064562,100.15299991607667
2010-02-16,109.44999694824219,109.87000274658203,109.0999984741211,109.62000274658203,20895700,0.023817259740401706,0.23490665686129517,100.26474994659424
2010-02-17,109.66000366210938,110.01000213623047,108.87000274658203,109.25,19593400,-0.00338103069775341,0.23257634305073507,100.37624996185303
2010-02-18,109.61000061035156,110.11000061035156,109.19000244140625,109.9800033569336,19177400,0.006659727627096444,0.23284983349026403,100.48294998168946
2010-02-19,109.31999969482422,110.38999938964844,108.80999755859375,109.47000122070312,21928700,-0.004648011335301192,0.2183803485387998,100.58904998779298
2010-02-22,109.86000061035156,109.97000122070312,108.66000366210938,109.06999969482422,10742800,-0.003660675124824127,0.21229631517106146,100.68669998168946
2010-02-23,108.83999633789062,108.91000366210938,107.6500015258789,107.88999938964844,13629600,-0.010877691236587123,0.21595826361982937,100.77894996643066
2010-02-24,107.33000183105469,108.16000366210938,107.0999984741211,107.36000061035156,17207400,-0.0049245049976189585,0.2164822337966395,100.86584995269776
2010-02-25,106.69999694824219,108.69999694824219,106.5999984741211,108.30999755859375,23400400,0.008809784398268496,0.21864875170788226,100.95894992828369
2010-02-26,108.88999938964844,109.5999984741211,108.41000366210938,109.43000030517578,13033900,0.010287614912394953,0.2181062886441446,101.05259994506837
2010-03-01,109.4800033569336,109.9000015258789,108.97000122070312,109.43000030517578,12830900,0.0,0.21806493310107344,101.14429996490479
2010-03-02,109.86000061035156,111.44999694824219,109.86000061035156,111.0199966430664,20102200,0.01442525680569016,0.2213925823899167,101.24424995422363
2010-03-03,111.45999908447266,112.18000030517578,111.18000030517578,111.62999725341797,16222100,0.0054794713974865225,0.20951443446211723,101.34464992523193
2010-03-04,111.25,111.37000274658203,110.22000122070312,110.83000183105469,12944800,-0.007192294113451878,0.210452035935273,101.44699993133545
2010-03-05,111.12999725341797,111.75,110.80000305175781,110.80999755859375,11091400,-0.0001805113929827648,0.20979912309575693,101.54624992370606
2010-03-08,111.22000122070312,111.30000305175781,109.5199966430664,109.87999725341797,12753800,-0.008428164684993255,0.15074629698043507,101.63439990997314
2010-03-09,109.16000366210938,110.16000366210938,109.04000091552734,109.72000122070312,12650800,-0.0014571590358533955,0.15133303852466118,101.71374992370606
2010-03-10,109.94000244140625,110.5,108.0199966430664,108.47000122070312,21982100,-0.011458028889065516,0.15609455256380717,101.78534992218017
2010-03-11,108.27999877929688,108.6500015258789,107.86000061035156,108.5999984741211,9513300,0.0011977451434267712,0.15078836459739944,101.85954990386963
2010-03-12,108.55999755859375,108.7699966430664,107.44999694824219,107.94999694824219,11849000,-0.006003264758673447,0.15233343488870787,101.93204990386963
2010-03-15,108.16000366210938,108.55999755859375,107.81999969482422,108.36000061035156,7698600,0.0037908941588112085,0.13860613721765686,102.00264991760254
2010-03-16,110.0199966430664,110.56999969482422,109.69999694824219,110.4000015258789,17749300,0.018651124814839434,0.15195684675203192,102.07364994049072
2010-03-17,110.18000030517578,110.45999908447266,109.55000305175781,109.58999633789062,13784300,-0.007364051605517102,0.13114798204573436,102.14294990539551
2010-03-18,110.0999984741211,110.61000061035156,109.5,110.33999633789062,13848400,0.006820378596121279,0.1326001108570404,102.2128498840332
2010-03-19,108.27999877929688,110.29000091552734,107.8499984741211,108.27999877929688,24329100,-0.018846021182444456,0.1463306413254992,102.28219985961914
2010-03-22,107.30999755859375,108.0,106.94999694824219,107.75,11579400,-0.004906724488664302,0.1464203760033987,102.33979984283447
2010-03-23,107.5,108.5,107.33999633789062,108.31999969482422,11274400,0.005276077362753657,0.14745420358187278,102.41284984588623
2010-03-24,106.94000244140625,107.06999969482422,106.23999786376953,106.30000305175781,14236700,-0.018824492289792633,0.15688569572450892,102.47654987335206
2010-03-25,107.0,107.25,106.4800033569336,106.77999877929688,16866700,0.004505317583276473,0.15709222302768266,102.54129985809327
2010-03-26,107.16000366210938,108.69999694824219,106.81999969482422,108.58999633789062,17433600,0.016808656864527635,0.1651470514530766,102.61494983673096
2010-03-29,108.87000274658203,109.16999816894531,108.4000015258789,108.75,11527000,0.0014723814641710547,0.16108391986925705,102.69019985198975
2010-03-30,108.56999969482422,108.66000366210938,107.87000274658203,107.97000122070312,9817700,-0.007198247903797274,0.16283722846331458,102.76919986724853
2010-03-31,109.44000244140625,109.5,108.8499984741211,108.94999694824219,14006800,0.009035611315005328,0.1575387164043831,102.85844985961914
2010-04-01,109.97000122070312,110.47000122070312,109.91999816894531,110.26000213623047,11370500,0.011952199156018703,0.1623612127530508,102.95009986877442
2010-04-05,110.55999755859375,110.9800033569336,110.2699966430664,110.88999938964844,8207900,0.005697480924987118,0.1618941187366739,103.04279987335205
2010-04-06,110.88999938964844,111.51000213623047,110.83000183105469,111.02999877929688,10322300,0.0012617106108131124,0.16194804287023032,103.13989986419678
2010-04-07,111.8499984741211,112.93000030517578,111.7699966430664,112.48999786376953,19139500,0.013063885742510774,0.16478538391872175,103.24284984588623
2010-04-08,112.47000122070312,112.9800033569336,112.12999725341797,112.6500015258789,12445400,0.001421370609229975,0.16452010014015644,103.35339984893798
2010-04-09,113.08999633789062,114.06999969482422,112.73999786376953,113.63999938964844,16427800,0.008749871191504223,0.15966598594572104,103.46699985504151
2010-04-12,113.63999938964844,114.12999725341797,112.9800033569336,113.01000213623047,11118900,-0.00555922233998455,0.1619095437370693,103.57479988098144
2010-04-13,113.12000274658203,113.16000366210938,112.05999755859375,112.69000244140625,11261100,-0.0028356216460236707,0.16032652389459837,103.67669990539551
2010-04-14,113.2300033569336,113.66000366210938,112.77999877929688,113.02999877929688,10572100,0.003012551773767293,0.1602424583538915,103.78039989471435
2010-04-15,112.9000015258789,113.70999908447266,112.8499984741211,113.6500015258789,10952100,0.005470304321850955,0.1491131911169606,103.88844989776611
2010-04-16,112.5,113.06999969482422,110.54000091552734,111.23999786376953,24572600,-0.021433553562709227,0.1664660167584706,103.98874988555909
2010-04-19,110.87999725341797,111.36000061035156,110.66999816894531,111.1500015258789,7993700,-0.0008093560236553409,0.16503018255848195,104.08254989624024
2010-04-20,111.7300033569336,112.20999908447266,111.33000183105469,111.45999908447266,7019800,0.0027851197891251185,0.14962260425189094,104.1835998916626
2010-04-21,111.81999969482422,112.63999938964844,111.4800033569336,112.30999755859375,6842900,0.007597109309406448,0.14927380475654703,104.29134986877442
2010-04-22,111.79000091552734,112.01000213623047,110.76000213623047,111.83999633789062,9598900,-0.004193637495525288,0.15023555668418045,104.3969998550415
2010-04-23,111.26000213623047,113.30000305175781,111.08999633789062,113.19000244140625,12505800,0.011998598472109824,0.1347844936158299,104.5165998840332
2010-04-26,112.87999725341797,113.19999694824219,112.62999725341797,112.75,8335400,-0.0038948658306392175,0.13672224973569197,104.63279987335206
2010-04-27,112.43000030517578,114.81999969482422,112.33999633789062,114.62999725341797,25057100,0.016536547783718297,0.13636849591540742,104.75804985046386
2010-04-28,114.02999877929688,114.98999786376953,113.62999725341797,114.30999755859375,26891900,-0.002795491486585349,0.13760019444779206,104.87864982604981
2010-04-29,113.8499984741211,114.5199966430664,113.83999633789062,114.27999877929688,10374300,-0.00026246799903482677,0.13355879263630865,104.99599983215332
2010-04-30,115.26000213623047,115.69999694824219,115.20999908447266,115.36000061035156,13403100,0.00940611214659533,0.1337860527373538,105.11159984588623
2010-05-03,115.91000366210938,116.27999877929688,115.52999877929688,115.7300033569336,13570800,0.003202242039102839,0.12954639994696845,105.23034984588622
2010-05-04,116.38999938964844,116.43000030517578,114.16999816894531,114.87000274658203,21512100,-0.007458842798920333,0.13317211098696916,105.34504985809326
2010-05-05,113.58000183105469,115.23999786376953,113.30999755859375,115.08999633789062,21616700,0.0019133210932084476,0.13316550429051277,105.45409984588623
2010-05-06,115.62000274658203,118.62000274658203,115.56999969482422,118.48999786376953,50546300,0.029114151638993547,0.15942576987677162,105.58089984893799
2010-05-07,117.63999938964844,118.87999725341797,116.73999786376953,118.2699966430664,34272700,-0.0018584329204847005,0.16010216321002593,105.70504981994628
2010-05-10,117.5,117.9000015258789,116.80999755859375,117.56999969482422,28433800,-0.005936219595425441,0.16075018926884482,105.82659980773926
2010-05-11,119.45999908447266,120.87000274658203,118.97000122070312,120.66000366210938,36731800,0.025942805079309364,0.17902720796010724,105.96284980773926
2010-05-12,121.27999877929688,122.23999786376953,120.7699966430664,121.4000015258789,32703600,0.006114187831152085,0.17795768803810896,106.10129981994629
2010-05-13,121.29000091552734,121.70999908447266,120.0999984741211,120.55999755859375,22340400,-0.006943357126726535,0.18163707627267478,106.2435498046875
2010-05-14,121.87999725341797,122.0199966430664,119.12000274658203,120.37000274658203,34643200,-0.0015771788582184835,0.18210423160395603,106.38939983367919
2010-05-17,120.55000305175781,121.12000274658203,119.29000091552734,119.36000061035156,27898000,-0.008426213640485862,0.16513621441247844,106.52809982299804
2010-05-18,118.86000061035156,120.31999969482422,118.5,119.48999786376953,26595300,0.001088526414774818,0.16466337672937637,106.6587998199463
2010-05-19,118.19000244140625,118.43000030517578,116.08000183105469,116.62999725341797,34412400,-0.024226160830335432,0.19057475286245595,106.77259979248046
2010-05-20,116.13999938964844,116.94999694824219,115.18000030517578,115.83999633789062,28908200,-0.006796610129532807,0.19191767990789357,106.87839977264404
2010-05-21,115.05000305175781,116.23999786376953,114.51000213623047,115.22000122070312,20098300,-0.005366542125113491,0.19239650196290184,106.98059978485108
2010-05-24,116.33999633789062,117.16999816894531,116.04000091552734,116.83999633789062,14300500,0.013962091277818433,0.19387164566641849,107.09179977416993
2010-05-25,117.16000366210938,117.5199966430664,116.81999969482422,117.36000061035156,21232700,0.004440692858806834,0.19309166849007783,107.20984977722168
2010-05-26,118.58000183105469,119.08000183105469,118.31999969482422,118.47000122070312,13153500,0.009413635235164157,0.18779638151816888,107.33754978179931
2010-05-27,118.16000366210938,119.04000091552734,118.13999938964844,118.69000244140625,10418500,0.0018552983674487234,0.18712432796477887,107.46704978942871
2010-05-28,118.4800033569336,118.9000015258789,117.62999725341797,118.87999725341797,11579400,0.0015994852276123958,0.18697804038516727,107.59669979095459
2010-06-01,119.87999725341797,120.25,119.62999725341797,119.91000366210938,12207800,0.00862693406619541,0.1866019285213023,107.72764980316163
2010-06-02,119.3499984741211,119.87999725341797,118.72000122070312,119.77999877929688,10339300,-0.0010847752867185415,0.18679903763109224,107.8615497970581
2010-06-03,119.16000366210938,119.38999938964844,117.4800033569336,117.95999908447266,13855200,-0.01531114045936818,0.19347825773085203,107.9932997894287
2010-06-04,117.95999908447266,119.38999938964844,117.05000305175781,119.19000244140625,16532500,0.01037330279219341,0.1960385584646397,108.12894981384278
2010-06-07,118.7300033569336,121.80000305175781,118.62000274658203,121.48999786376953,20238600,0.019113058305128095,0.18086987072629884,108.27374980926514
2010-06-08,121.61000061035156,122.44999694824219,120.66000366210938,121.0,23404800,-0.004041391686318541,0.18149056426055848,108.4173998260498
2010-06-09,120.4800033569336,120.98999786376953,119.51000213623047,120.55999755859375,12884600,-0.003643011529050801,0.180543858671262,108.55194980621337
2010-06-10,119.36000061035156,120.04000091552734,118.83000183105469,118.97000122070312,13687900,-0.01327616331865957,0.1630821585324317,108.68509983062744
2010-06-11,119.87999725341797,120.41000366210938,119.33000183105469,120.01000213623047,7829400,0.008703719694756393,0.1646787134599755,108.82134983062744
2010-06-14,119.62999725341797,120.26000213623047,118.95999908447266,119.5999984741211,11002800,-0.003422261685440584,0.16340262752344212,108.9553998184204
2010-06-15,119.70999908447266,121.02999877929688,119.4800033569336,120.98999786376953,15073000,0.011555051138783462,0.16844563207645208,109.09439979553223
2010-06-16,120.68000030517578,120.88999938964844,120.04000091552734,120.33000183105469,10500500,-0.005469896230116363,0.16683176186850635,109.22669979095458
2010-06-17,121.63999938964844,122.41000366210938,121.48999786376953,121.9000015258789,19792200,0.01296306533767651,0.1724392326994379,109.3691997909546
2010-06-18,123.04000091552734,123.5,122.80999755859375,122.83000183105469,19429900,0.00760025145353973,0.14730141874856992,109.51384979248047
2010-06-21,123.08999633789062,123.11000061035156,120.36000061035156,120.38999938964844,20041700,-0.020064832581080997,0.16403486111740723,109.63484977722167
2010-06-22,121.16000366210938,121.58999633789062,120.87000274658203,121.44999694824219,12940900,0.008766162443343445,0.1635224496485447,109.75479976654053
2010-06-23,120.88999938964844,121.0199966430664,119.7699966430664,120.94999694824219,14120400,-0.004125418496021565,0.15951320758411944,109.87189975738525
2010-06-24,120.76000213623047,122.16000366210938,120.66999816894531,121.30000305175781,13137700,0.002889629284295153,0.1592611317840736,109.99124977111816
2010-06-25,122.75,123.12999725341797,122.48999786376953,122.76000213623047,9986700,0.011964406044451084,0.16107828668269608,110.11964977264404
2010-06-28,122.79000091552734,123.55999755859375,120.80999755859375,121.08999633789062,19650700,-0.01369720662981477,0.16966294721278227,110.23659976959229
2010-06-29,121.05000305175781,121.81999969482422,120.0199966430664,121.2699966430664,17334700,0.0014853964638133306,0.16965793232286883,110.34904975891114
2010-06-30,121.06999969482422,122.08999633789062,120.87999725341797,121.68000030517578,12016300,0.0033752134718408188,0.16762608757236616,110.46764976501464
2010-07-01,120.91000366210938,121.02999877929688,116.9800033569336,117.04000091552734,33248900,-0.03887888592484208,0.21664939208076478,110.55834976196289
2010-07-02,118.20999908447266,118.5,117.41000366210938,118.48999786376953,14732800,0.012312786265651068,0.21494788080474084,110.6512497329712
2010-07-06,117.66999816894531,117.72000122070312,116.30000305175781,116.51000213623047,16846900,-0.0168514262328477,0.2193776155841346,110.7370997619629
2010-07-07,116.56999969482422,117.77999877929688,116.5,117.7300033569336,10930100,0.010416771036920415,0.21120644379891024,110.83239978790283
2010-07-08,117.38999938964844,117.41000366210938,116.0999984741211,117.20999908447266,11315100,-0.004426705679849722,0.21126913840882142,110.92664978027344
2010-07-09,118.13999938964844,118.7300033569336,118.0,118.36000061035156,9596800,0.009763642764658647,0.21464552184147673,111.02009979248047
2010-07-12,117.83000183105469,118.19999694824219,116.97000122070312,117.33999633789062,7506700,-0.008655160400420137,0.21186096583696742,111.11264976501465
2010-07-13,118.9800033569336,119.0999984741211,118.36000061035156,118.36000061035156,8423700,0.008655160400420107,0.21183399764607114,111.21669975280761
2010-07-14,118.26000213623047,119.12999725341797,117.58999633789062,118.30000305175781,9574800,-0.0005070359076372465,0.21159547265726075,111.3231997680664
2010-07-15,118.58999633789062,118.69999694824219,117.7300033569336,118.2300033569336,8586900,-0.0005918885128414277,0.20699488445483738,111.42909976959228
2010-07-16,116.69000244140625,116.79000091552734,115.94999694824219,116.66999816894531,17494400,-0.013282487126809137,0.21080768417511422,111.52529975891113
2010-07-19,115.56999969482422,115.80000305175781,115.11000061035156,115.7300033569336,15723900,-0.008089500274875386,0.20518489223352998,111.6096997833252
2010-07-20,115.75,116.73999786376953,115.4800033569336,116.6500015258789,9263100,0.007918090681685528,0.20538436541976665,111.70349979400635
2010-07-21,116.80000305175781,117.0,115.70999908447266,115.8499984741211,9396200,-0.0068817738410447155,0.19600795288820339,111.79089977264404
2010-07-22,115.94999694824219,117.5,115.91000366210938,116.86000061035156,8161000,0.00868040464199568,0.19594975239811968,111.87609977722168
2010-07-23,117.12000274658203,117.47000122070312,115.79000091552734,116.08999633789062,8337000,-0.0066109215447102,0.19650426120405518,111.94514976501465
2010-07-26,116.37999725341797,116.47000122070312,115.30000305175781,115.5199966430664,11219000,-0.0049220747193229565,0.19594110326412362,112.01094974517822
2010-07-27,114.94999694824219,114.98999786376953,113.20999908447266,113.51000213623047,29524800,-0.01755268849818397,0.19549727938076608,112.06029975891113
2010-07-28,113.4800033569336,113.93000030517578,113.08000183105469,113.77999877929688,16071500,0.002375791006871298,0.19308642352527272,112.11499977111816
2010-07-29,113.54000091552734,114.3499984741211,113.33999633789062,114.29000091552734,9476300,0.004472337326195603,0.19422775894267644,112.16864978790284
2010-07-30,114.36000061035156,115.7300033569336,114.08000183105469,115.48999786376953,10093200,0.01044484170982206,0.19856584809640634,112.22479976654053
2010-08-02,116.12000274658203,116.38999938964844,115.19999694824219,115.54000091552734,8473400,0.0004328706471263803,0.14805657303063624,112.28159976959229
2010-08-03,115.87999725341797,116.44000244140625,115.80999755859375,115.98999786376953,5579400,0.0038871637993980568,0.14151997459287832,112.34724975585938
2010-08-04,117.41000366210938,117.6500015258789,116.6500015258789,116.72000122070312,10323200,0.006273952596501684,0.1312125698345471,112.41494976043701
2010-08-05,117.01000213623047,117.0999984741211,116.3499984741211,116.9800033569336,7023000,0.0022250940386060744,0.12605295069514807,112.47869976043701
2010-08-06,117.98999786376953,118.41999816894531,117.48999786376953,117.83999633789062,10001700,0.007324732365886041,0.1277721272274185,112.55079975128174
2010-08-09,117.76000213623047,117.8499984741211,117.2300033569336,117.4000015258789,6751400,-0.003740820686149912,0.1236055947802415,112.61904975891113
2010-08-10,116.58999633789062,118.08999633789062,116.4000015258789,117.7300033569336,10444900,0.002806975212677366,0.12027850500535396,112.68809978485108
2010-08-11,117.73999786376953,118.13999938964844,116.58000183105469,117.33999633789062,12436900,-0.003318223315611171,0.11671941991204572,112.75734977722168
2010-08-12,118.55999755859375,118.86000061035156,118.45999908447266,118.7699966430664,12327000,0.012113149233667235,0.12451696904251225,112.84189975738525
2010-08-13,118.81999969482422,118.88999938964844,118.36000061035156,118.73999786376953,10213200,-0.000252610670289372,0.12449571104888063,112.9263497543335
2010-08-16,119.69999694824219,119.81999969482422,119.45999908447266,119.7300033569336,8948300,0.008303024914577904,0.11727671268326709,113.0213497543335
2010-08-17,119.75,119.97000122070312,119.5999984741211,119.75,9145400,0.0001670005247416709,0.11239315612065744,113.10664974212646
2010-08-18,119.2300033569336,120.51000213623047,119.0,120.22000122070312,12102500,0.003917171473901901,0.1104079834989498,113.1950997543335
2010-08-19,120.6500015258789,120.98999786376953,120.11000061035156,120.38999938964844,10014500,0.0014130601122222405,0.10619329959849798,113.27729976654052
2010-08-20,119.97000122070312,120.06999969482422,119.44999694824219,119.97000122070312,10682100,-0.0034947461752424026,0.1046622149082471,113.34484977722168
2010-08-23,119.91000366210938,120.06999969482422,119.41999816894531,119.77999877929688,4857800,-0.00158500505680003,0.10129953739211842,113.40824977874756
2010-08-24,118.7699966430664,120.80000305175781,118.70999908447266,120.36000061035156,14811400,0.004830540187787872,0.09913161607320904,113.47514976501465
2010-08-25,121.12000274658203,121.37999725341797,120.66999816894531,121.36000061035156,13987100,0.00827408323664724,0.07166181947064278,113.54479976654052
2010-08-26,121.08999633789062,122.94999694824219,120.5,120.95999908447266,8886600,-0.0033014352071624076,0.07508567060721362,113.60864974975586
2010-08-27,121.19999694824219,121.44999694824219,120.41999816894531,121.01000213623047,11155400,0.00041329960092031443,0.07534032418313218,113.67174976348878
2010-08-30,120.8499984741211,121.05999755859375,120.58000183105469,120.91000366210938,4390900,-0.0008267069892494204,0.07075833315105777,113.72829978942872
2010-08-31,121.7699966430664,122.19000244140625,121.45999908447266,122.08000183105469,12249700,0.00963008506090663,0.07493973328342958,113.79764980316162
2010-09-01,122.1500015258789,122.20999908447266,121.43000030517578,121.69000244140625,11873500,-0.003199735123742887,0.07741246024176617,113.8573998260498
2010-09-02,122.37999725341797,122.4800033569336,121.88999938964844,122.29000091552734,7002100,0.004918433276591497,0.07667111260426765,113.91069984436035
2010-09-03,121.38999938964844,122.38999938964844,121.1500015258789,121.86000061035156,9074500,-0.0035224308588275117,0.07920929265052193,113.96014984130859
2010-09-07,122.91000366210938,123.05999755859375,122.62999725341797,122.69999694824219,8777500,0.006869477016185955,0.07883459946865409,114.0123998260498
2010-09-08,122.81999969482422,123.41999816894531,122.5999984741211,122.70999908447266,9788900,8.151368239033065e-05,0.07644943990051367,114.06444980621337
2010-09-09,122.44000244140625,122.87999725341797,121.37999725341797,121.55999755859375,13745000,-0.00941589256292237,0.08614840232150142,114.10754978179932
2010-09-10,121.4000015258789,122.30000305175781,121.38999938964844,121.7300033569336,12510000,0.0013975570337529687,0.08433809837334509,114.14474979400634
2010-09-13,121.62999725341797,122.11000061035156,121.38999938964844,121.62000274658203,9693300,-0.0009040527231121419,0.07580574100451004,114.17919979095458
2010-09-14,122.91999816894531,124.58999633789062,121.55000305175781,124.0199966430664,26588900,0.019541363578779912,0.09878705615472978,114.21619976043701
2010-09-15,123.97000122070312,124.29000091552734,123.43000030517578,123.94000244140625,11689100,-0.0006452186217994567,0.09651221542035386,114.26059978485108
2010-09-16,124.5,124.7699966430664,124.19000244140625,124.62999725341797,12672800,0.0055517285681441755,0.09727233720601448,114.30554977416992
2010-09-17,125.02999877929688,125.02999877929688,124.2699966430664,124.54000091552734,13819200,-0.0007223690048194798,0.09738896778901121,114.34134979248047
2010-09-20,125.08999633789062,125.44999694824219,124.77999877929688,124.87000274658203,8475800,0.0026462613270077863,0.09743987899235695,114.3697998046875
2010-09-21,124.7699966430664,126.16999816894531,124.16000366210938,126.01000213623047,20408400,0.009088067711881243,0.09866425929393186,114.40634983062745
2010-09-22,126.58000183105469,126.62999725341797,125.69999694824219,126.19999694824219,11046900,0.0015066400907301708,0.09769143309249236,114.46859981536865
2010-09-23,126.19999694824219,126.66000366210938,125.80999755859375,126.30000305175781,9325200,0.0007921275940184022,0.09747177796682312,114.53454982757569
2010-09-24,126.91000366210938,127.0,126.30000305175781,126.69000244140625,14945000,0.003083123365456964,0.09508851139798558,114.6132498550415
2010-09-27,126.9000015258789,126.91000366210938,126.4800033569336,126.72000122070312,6679700,0.00023676081451782575,0.09335519711420294,114.69264987945557
2010-09-28,126.41999816894531,128.02999877929688,126.11000061035156,127.8499984741211,19857200,0.00887775210309078,0.09586759053064231,114.77779987335205
2010-09-29,127.93000030517578,128.24000549316406,127.5199966430664,127.94999694824219,12328900,0.0007818489523424245,0.09529952006267964,114.87094985961915
2010-09-30,128.14999389648438,128.27999877929688,126.61000061035156,127.91000366210938,19213400,-0.0003126185129611772,0.09236143855529144,114.95929988861084
2010-10-01,127.91000366210938,129.07000732421875,127.91000366210938,128.91000366210938,17211900,0.0077875946216159906,0.09207753367636988,115.05279991149902
2010-10-04,128.52000427246094,128.6199951171875,128.22000122070312,128.4600067138672,8368000,-0.0034968907693697037,0.09416527302913899,115.1371499633789
2010-10-05,130.11000061035156,131.1199951171875,129.8699951171875,130.99000549316406,17489600,0.019503402251400258,0.10874470085367668,115.25540000915527
2010-10-06,131.4499969482422,131.86000061035156,131.33999633789062,131.80999755859375,16142200,0.0062404468569036255,0.10851636614927311,115.36970001220703
2010-10-07,132.60000610351562,132.6699981689453,129.50999450683594,130.3699951171875,38676800,-0.010984948981022643,0.11905357402066438,115.48680000305175
2010-10-08,130.77999877929688,131.8800048828125,130.47000122070312,131.66000366210938,18693300,0.009846345633438466,0.11249866534086786,115.61425003051758
2010-10-11,131.27999877929688,132.3300018310547,130.97999572753906,132.2899932861328,10621300,0.004773561868528394,0.1121974578456012,115.74294998168945
2010-10-12,132.05999755859375,132.2100067138672,131.36000061035156,131.9600067138672,13289200,-0.002497534484728762,0.11319946348071994,115.86095001220703
2010-10-13,132.72999572753906,134.30999755859375,132.6300048828125,134.07000732421875,18398500,0.015863209004852077,0.10735613106286138,115.98855003356934
2010-10-14,134.05999755859375,134.85000610351562,133.89999389648438,134.75,26890500,0.005059103545827353,0.10625294730871103,116.12495002746581
2010-10-15,134.24000549316406,134.4600067138672,133.07000732421875,133.67999267578125,26168600,-0.007972380291158545,0.11379612423204398,116.25869998931884
2010-10-18,133.4600067138672,134.33999633789062,133.16000366210938,134.27999877929688,12289500,0.004478333523156747,0.11288035059009063,116.39354999542236
2010-10-19,130.4600067138672,131.58999633789062,129.75,130.11000061035156,25327200,-0.03154691181467764,0.1660769568680087,116.49509998321533
2010-10-20,130.36000061035156,131.64999389648438,130.32000732421875,131.32000732421875,12556600,0.009256897200788577,0.1661692954804535,116.60320003509521
2010-10-21,131.0800018310547,131.58999633789062,128.72000122070312,129.47000122070312,21804200,-0.014187944908196784,0.17535553110133995,116.69300003051758
2010-10-22,129.47000122070312,129.75,128.97000122070312,129.72999572753906,11885300,0.0020061311504169905,0.1753687956882863,116.78755001068116
2010-10-25,131.16000366210938,131.3800048828125,130.2100067138672,130.85000610351562,12154900,0.008596340971850403,0.1771158809914092,116.88495002746582
2010-10-26,129.99000549316406,131.13999938964844,129.72999572753906,130.8800048828125,10710900,0.0002292345407023127,0.17711657988363755,116.97510005950927
2010-10-27,129.92999267578125,130.0,128.7899932861328,129.52000427246094,16132100,-0.01044556780572793,0.17965791098252526,117.07025009155274
2010-10-28,130.36000061035156,131.5,129.83999633789062,131.24000549316406,15889600,0.01319240759250659,0.18486880986072543,117.16875011444091
2010-10-29,131.47999572753906,132.82000732421875,131.05999755859375,132.6199951171875,14334900,0.010460109173882851,0.1874994108117334,117.27170009613037
2010-11-01,132.85000610351562,133.07000732421875,131.75999450683594,131.9199981689453,12403600,-0.005292194751345636,0.1876424745049923,117.37700008392333
2010-11-02,132.44000244140625,132.58999633789062,131.8800048828125,132.49000549316406,9396900,0.00431154796969714,0.18718171131093242,117.48185012817383
2010-11-03,132.27999877929688,132.52000427246094,129.47999572753906,131.57000732421875,31702100,-0.006968127295408858,0.17724770786558278,117.59500015258789
2010-11-04,134.63999938964844,136.1300048828125,134.24000549316406,136.02999877929688,23464700,0.03333635562596672,0.21058119149831087,117.73830013275146
2010-11-05,135.13999938964844,136.61000061035156,134.9499969482422,136.3800048828125,20342500,0.00256970222394171,0.20563166052631238,117.8843501663208
2010-11-08,135.9199981689453,137.7899932861328,135.52999877929688,137.77999877929688,17367400,0.010213058409749015,0.20580853368784438,118.03585014343261
2010-11-09,138.6999969482422,139.14999389648438,135.0500030517578,135.58999633789062,39445200,-0.01602260183973123,0.2148932889613805,118.1760001373291
2010-11-10,137.02999877929688,137.27999877929688,135.14999389648438,137.24000549316406,28484700,0.012095658550698336,0.21768031515775058,118.32955017089844
2010-11-11,137.6199951171875,137.75,136.4499969482422,137.66000366210938,15447500,0.0030556455565671583,0.21174566989217042,118.48545017242432
2010-11-12,135.88999938964844,136.30999755859375,132.82000732421875,133.69000244140625,35885900,-0.029263198316056956,0.2359768959705422,118.62410018920899
2010-11-15,133.86000061035156,134.49000549316406,132.38999938964844,132.4199981689453,15096800,-0.009545029587657348,0.2366766182869194,118.7444501876831
2010-11-16,132.24000549316406,132.3800048828125,129.8300018310547,130.97000122070312,32478100,-0.011010377007280064,0.23868524024871363,118.85365020751954
2010-11-17,130.77000427246094,131.3699951171875,130.1300048828125,130.3800048828125,16432100,-0.004514997714772795,0.21227121704310986,118.96205024719238
2010-11-18,131.82000732421875,132.77999877929688,131.5500030517578,132.08999633789062,16009400,0.013030179764404218,0.21471083548688732,119.10065021514893
2010-11-19,131.47999572753906,132.35000610351562,131.00999450683594,132.1999969482422,14146400,0.0008324236217627286,0.20816430525798535,119.23825019836426
2010-11-22,132.1300048828125,133.60000610351562,131.69000244140625,133.47999572753906,13093400,0.009635717541740217,0.21029876331735275,119.38545017242431
2010-11-23,133.60000610351562,135.07000732421875,133.4600067138672,134.41000366210938,18215200,0.006943235453942185,0.20965873030125004,119.53045017242431
2010-11-24,134.36000061035156,134.6999969482422,133.74000549316406,134.17999267578125,8858100,-0.001712729779152155,0.2098889561943732,119.67575012207031
2010-11-26,132.3800048828125,133.16000366210938,131.92999267578125,133.11000061035156,7822400,-0.008006268905469849,0.2083501709701604,119.80565013885499
2010-11-29,133.19000244140625,133.75,132.3300018310547,133.50999450683594,13983800,0.003000481613543358,0.20396663643128415,119.93800010681153
2010-11-30,135.2100067138672,135.75,134.77999877929688,135.4199981689453,17473100,0.014204706278409088,0.20659296100036123,120.06700008392335
2010-12-01,135.7100067138672,136.13999938964844,134.9600067138672,135.3800048828125,16831100,-0.00029537138827830117,0.20539863214564025,120.1976501083374
2010-12-02,135.6199951171875,136.58999633789062,135.14999389648438,135.1999969482422,17583800,-0.0013305341112288544,0.2052629180802465,120.32375007629395
2010-12-03,136.6199951171875,138.11000061035156,136.47999572753906,138.07000732421875,16517200,0.021005714938510268,0.21431631644805724,120.46675010681152
2010-12-06,138.13999938964844,139.4600067138672,137.72999572753906,139.11000061035156,15640800,0.007504135483824827,0.18366519757745325,120.61695011138916
2010-12-07,139.4600067138672,139.5399932861328,136.4600067138672,136.5,26490400,-0.01894037683401103,0.1961379888591752,120.76000011444091
2010-12-08,135.91000366210938,136.2899932861328,133.8800048828125,134.7899932861328,23483300,-0.012606652684668887,0.197154702023238,120.89715007781983
2010-12-09,135.69000244140625,136.16000366210938,134.8800048828125,135.3699951171875,14157600,0.004293772187225958,0.19014415313973626,121.03245006561279
2010-12-10,134.94000244140625,135.47999572753906,133.9499969482422,135.41000366210938,11937900,0.00029550591176138747,0.18494841555858121,121.16235008239747
2010-12-13,136.25999450683594,136.63999938964844,135.86000061035156,136.0500030517578,13352400,0.004715247621070945,0.18545483310581135,121.29545009613037
2010-12-14,136.27000427246094,137.2100067138672,135.86000061035156,136.17999267578125,17430800,0.0009549986110493081,0.1532771480001518,121.42125007629394
2010-12-15,135.33999633789062,135.92999267578125,134.67999267578125,134.6999969482422,15089500,-0.010927425511095372,0.15453136604159448,121.53660007476806
2010-12-16,134.2100067138672,134.22999572753906,132.86000061035156,133.80999755859375,23463000,-0.0066291956887806385,0.15101297806658068,121.65150005340575
2010-12-17,133.97000122070312,134.6300048828125,133.22000122070312,134.1999969482422,17213000,0.002910336725632516,0.14976834242446066,121.768450050354
2010-12-20,135.1300048828125,135.44000244140625,134.3300018310547,135.11000061035156,13142300,0.006758064192099476,0.14512224171918625,121.89460006713867
2010-12-21,135.1699981689453,135.77999877929688,134.7899932861328,135.32000732421875,10235600,0.001553132048372285,0.1451284459650135,122.02260009765625
2010-12-22,135.60000610351562,135.6999969482422,134.97000122070312,135.0500030517578,7300600,-0.001997295201813413,0.14208127752611277,122.15550010681153
2010-12-23,134.25999450683594,134.89999389648438,133.92999267578125,134.66000366210938,8700800,-0.0028919925235061706,0.1405881017252532,122.28580013275146
2010-12-27,134.9600067138672,135.05999755859375,134.49000549316406,135.02000427246094,3436400,0.002669836944532674,0.14070028178581023,122.42115016937255
2010-12-28,136.85000610351562,137.33999633789062,136.6199951171875,137.22000122070312,10111800,0.0161625389018061,0.14747506562942772,122.56545017242432
2010-12-29,137.3800048828125,138.0500030517578,137.19000244140625,137.7100067138672,8442300,0.003564587333997068,0.14756280598643828,122.70200019836426
2010-12-30,137.5800018310547,137.7100067138672,136.94000244140625,137.02999877929688,5749400,-0.004950202442879679,0.14153798999795972,122.83920021057129
2010-12-31,137.77999877929688,138.77000427246094,137.72000122070312,138.72000122070312,9219800,0.012257650782176114,0.1471477896207458,122.98110023498535
2011-01-03,138.6699981689453,139.0,137.8800048828125,138.0,11510200,-0.005203836674790001,0.14857876984475643,123.12970024108887
2011-01-04,136.24000549316406,136.27999877929688,134.16000366210938,134.75,26154300,-0.023832475368098148,0.15352304051089977,123.26470024108886
2011-01-05,133.5,134.67999267578125,133.10000610351562,134.3699951171875,16700900,-0.0028240572403502554,0.15031505749582544,123.39495021820068
2011-01-06,134.0500030517578,134.3800048828125,133.13999938964844,133.8300018310547,15965300,-0.004026801058528414,0.13698834539002638,123.53260021209717
2011-01-07,133.3800048828125,134.61000061035156,133.17999267578125,133.5800018310547,16761400,-0.0018697884851869347,0.13035612484579023,123.66660022735596
2011-01-10,133.85000610351562,134.1999969482422,133.24000549316406,134.1199951171875,8429900,0.004034322186689475,0.13024072441332635,123.79425022125244
2011-01-11,134.7899932861328,135.16000366210938,133.9600067138672,134.91000366210938,10268400,0.005873031403827585,0.1320589885204467,123.92505023956299
2011-01-12,134.7899932861328,135.5800018310547,134.35000610351562,135.4600067138672,10785100,0.004068526754664966,0.1317758642260448,124.06250026702881
2011-01-13,135.66000366210938,135.67999267578125,133.6300048828125,134.0500030517578,14294600,-0.010463555902437563,0.1363639609748399,124.18800029754638
2011-01-14,133.1699981689453,133.60000610351562,132.22000122070312,132.69000244140625,21224900,-0.01019728850011685,0.13569922912571544,124.30015029907227
2011-01-18,133.6300048828125,134.0,133.1699981689453,133.42999267578125,11592900,0.005561341914815331,0.13557664216809442,124.41285026550293
2011-01-19,134.33999633789062,134.39999389648438,133.39999389648438,133.72000122070312,11788100,0.0021711298182139015,0.13539145664417362,124.52630027770996
2011-01-20,131.75999450683594,132.10000610351562,131.0399932861328,131.1999969482422,24362900,-0.01902521743105847,0.14766969963797885,124.61985027313233
2011-01-21,130.75999450683594,131.42999267578125,130.52999877929688,131.02999877929688,19488400,-0.0012965579493562846,0.14728147531318056,124.71175025939941
2011-01-24,131.00999450683594,131.6300048828125,130.13999938964844,130.36000061035156,15127200,-0.005126436648875738,0.14780343784147756,124.79535026550293
2011-01-25,129.64999389648438,130.27000427246094,129.07000732421875,130.10000610351562,22219700,-0.001996426218916223,0.14774369105600607,124.88080028533936
2011-01-26,129.8300018310547,131.1699981689453,129.27999877929688,131.16000366210938,20543000,0.008114547464887574,0.15091500414901332,124.97315029144288
2011-01-27,130.2899932861328,130.49000549316406,127.80000305175781,127.93000030517578,33047000,-0.02493473818294468,0.1577148905691324,125.04765029907226
2011-01-28,127.97000122070312,131.47999572753906,127.94999694824219,130.27999877929688,28091500,0.018202729323755898,0.17318082521776845,125.13080028533936
2011-01-31,129.27000427246094,130.50999450683594,129.25,129.8699951171875,14664100,-0.0031520585138855306,0.17299065686349577,125.22395027160644
2011-02-01,130.52000427246094,131.0800018310547,129.3300018310547,130.8000030517578,15363700,0.00713554983027548,0.16831090079929253,125.32220027923584
2011-02-02,130.3699951171875,130.60000610351562,129.4499969482422,130.4499969482422,10082000,-0.002679474165923171,0.1680835343500858,125.41715026855469
2011-02-03,130.07000732421875,132.32000732421875,129.27999877929688,132.1999969482422,17374700,0.013325916144528013,0.15815594475710054,125.51660026550293
2011-02-04,131.83999633789062,132.6999969482422,131.22999572753906,131.66000366210938,15214300,-0.004093034478557125,0.15841035889514118,125.61570030212403
2011-02-07,131.6699981689453,131.9499969482422,131.22999572753906,131.67999267578125,7176300,0.0001518114527852543,0.1580553972323103,125.7081502532959
2011-02-08,132.9600067138672,133.5,132.8000030517578,133.13999938964844,16220900,0.011026520280860727,0.16315718271968394,125.81010025024415
2011-02-09,133.19000244140625,133.38999938964844,132.49000549316406,133.07000732421875,10178400,-0.0005258409922787546,0.16244427955216045,125.90230030059814
2011-02-10,132.11000061035156,133.30999755859375,132.0,132.85000610351562,8105200,-0.0016546424472632221,0.16088206562904356,125.99500034332276
2011-02-11,133.00999450683594,133.44000244140625,132.08999633789062,132.32000732421875,9888600,-0.003997431521033765,0.16027427349881387,126.08520038604736
2011-02-14,132.9499969482422,133.3800048828125,132.6999969482422,132.9499969482422,8694200,0.004749808107153751,0.15773990451210212,126.17315036773681
2011-02-15,133.86000061035156,134.1699981689453,133.6300048828125,133.97000122070312,10111200,0.007642808665807496,0.1558624558898106,126.26435035705566
2011-02-16,134.22999572753906,134.86000061035156,133.4499969482422,134.10000610351562,12822800,0.0009699324016305088,0.15477566195261958,126.36050037384034
2011-02-17,134.74000549316406,135.16000366210938,134.47000122070312,135.0399932861328,11322200,0.006985145327737571,0.15642267637797025,126.46025035858155
2011-02-18,135.1699981689453,135.8000030517578,134.8800048828125,135.41000366210938,15890100,0.002736258909305569,0.13950289902609272,126.54485038757325
2011-02-22,136.9199981689453,137.22000122070312,136.19000244140625,136.2899932861328,16676100,0.006477679138460114,0.1401344386603612,126.63495037078857
2011-02-23,136.97000122070312,138.1999969482422,136.9199981689453,137.50999450683594,15685700,0.008911682609680623,0.1397352131977882,126.73465034484863
2011-02-24,138.0399932861328,138.13999938964844,135.72999572753906,136.47999572753906,18781700,-0.007518549348772146,0.14326028650486805,126.81375030517579
2011-02-25,137.22000122070312,137.74000549316406,136.77000427246094,137.3800048828125,10351400,0.006572791889415744,0.14256696187273843,126.89365032196045
2011-02-28,137.64999389648438,138.13999938964844,137.02999877929688,137.66000366210938,8847000,0.002036059244667372,0.10299329180911815,126.97915035247803
2011-03-01,138.57000732421875,140.02999877929688,138.49000549316406,140.02999877929688,17438100,0.017069773077460833,0.10100982164865588,127.0774503326416
2011-03-02,140.24000549316406,140.5500030517578,139.47999572753906,139.9199981689453,15719800,-0.0007858590263391696,0.09938458061920202,127.18025032043457
2011-03-03,138.80999755859375,139.1300048828125,137.57000732421875,138.08999633789062,16485000,-0.013165197646376121,0.11396547121210138,127.27325031280517
2011-03-04,138.6300048828125,139.75,138.61000061035156,139.35000610351562,17454600,0.009083177750322635,0.1144056316142816,127.38685035705566
2011-03-07,140.2899932861328,140.61000061035156,139.27999877929688,139.72000122070312,14068900,0.002651630947559652,0.10824396701732852,127.50625038146973
2011-03-08,139.64999389648438,139.66000366210938,138.8300018310547,139.36000061035156,10730500,-0.00257991119154468,0.1071807128709299,127.62695037841797
2011-03-09,139.9199981689453,139.9499969482422,138.94000244140625,139.41000366210938,8736400,0.000358740549755809,0.10712094589588726,127.73980041503906
2011-03-10,138.5,138.5,136.85000610351562,137.77000427246094,15559100,-0.011833598965568962,0.11383615391741475,127.8418504333496
2011-03-11,137.2899932861328,138.92999267578125,137.17999267578125,138.22000122070312,10416900,0.0032609684267887263,0.11368917834365064,127.94060043334962
2011-03-14,139.3300018310547,139.5500030517578,138.61000061035156,138.86000061035156,10239300,0.004619608225729074,0.1133583568545625,128.04145042419432
2011-03-15,135.35000610351562,136.94000244140625,135.22999572753906,136.27000427246094,23465100,-0.018827992605934686,0.13330734126272575,128.12840045928954
2011-03-16,136.52000427246094,137.1999969482422,135.8000030517578,136.24000549316406,13392500,-0.0002201664404463368,0.13284503370698428,128.21005046844482
2011-03-17,136.55999755859375,137.0800018310547,136.25,136.97000122070312,9117400,0.005343855984731355,0.13166581611019917,128.29600048065186
2011-03-18,138.13999938964844,138.8300018310547,137.75999450683594,138.3699951171875,18602000,0.010169288734282928,0.13539499013284,128.39805046081543
2011-03-21,139.5,139.91000366210938,138.97000122070312,139.13999938964844,13742500,0.005549394715688909,0.13475094042879135,128.49780044555663
2011-03-22,138.8800048828125,139.36000061035156,138.6699981689453,139.0500030517578,9553700,-0.0006470134817238508,0.13484552654648083,128.58560047149658
2011-03-23,139.61000061035156,140.5500030517578,139.5500030517578,140.33999633789062,11541000,0.009234421102419529,0.13651653250110354,128.68230045318603
2011-03-24,140.27000427246094,141.27999877929688,138.8300018310547,139.22000122070312,17016600,-0.008012599220911064,0.1373604513012458,128.77560047149657
2011-03-25,140.0,140.24000549316406,138.66000366210938,139.25999450683594,13191100,0.0002872255603370287,0.1341802914053981,128.87705043792724
2011-03-28,137.82000732421875,138.8300018310547,137.77999877929688,138.5399932861328,7656000,-0.005183605936138139,0.13416451669328186,128.96970039367676
2011-03-29,138.2100067138672,138.82000732421875,137.94000244140625,138.2100067138672,6345200,-0.0023847279396549065,0.13435928726184926,129.06275043487548
2011-03-30,139.07000732421875,139.17999267578125,137.67999267578125,138.6699981689453,10749400,0.003322680368145147,0.12030195921095833,129.15115043640137
2011-03-31,140.0800018310547,140.39999389648438,139.77999877929688,139.86000061035156,15227300,0.008544930078369888,0.12426511922406878,129.24880043029785
2011-04-01,138.64999389648438,139.5500030517578,137.72000122070312,139.1999969482422,15738300,-0.0047302006629672795,0.11619609045388275,129.33530040740968
2011-04-04,140.1300048828125,140.25999450683594,139.4499969482422,139.83999633789062,9685100,0.004587159742600465,0.11295209335600148,129.42035037994384
2011-04-05,139.5800018310547,142.08999633789062,139.52000427246094,142.0500030517578,18295300,0.01568024406451237,0.12494327062609811,129.5286503982544
2011-04-06,142.39999389648438,142.6199951171875,141.77000427246094,142.3800048828125,10710300,0.0023204441860725563,0.1244312561810861,129.63330043792723
2011-04-07,142.22999572753906,142.88999938964844,141.8000030517578,142.50999450683594,9486800,0.0009125601693485474,0.1244089094040595,129.74110042572022
2011-04-08,143.33999633789062,143.83999633789062,142.97000122070312,143.66000366210938,13128200,0.008037287998853247,0.11732753074549825,129.85290042877196
2011-04-11,143.27999877929688,143.49000549316406,142.27999877929688,142.63999938964844,10105600,-0.007125452862238653,0.12136120178002785,129.95230041503908
2011-04-12,142.74000549316406,142.82000732421875,140.75,141.61000061035156,14948100,-0.0072471647308646366,0.12443940793291085,130.05490043640137
2011-04-13,142.38999938964844,142.52999877929688,141.47999572753906,141.89999389648438,13884200,0.00204573660814561,0.10158070531301666,130.15805042266845
2011-04-14,142.35000610351562,143.8300018310547,142.22999572753906,143.80999755859375,14174100,0.013370425768477334,0.10862522774262018,130.26870040893556
2011-04-15,143.85000610351562,145.1199951171875,143.57000732421875,145.0500030517578,19121600,0.008585564685085078,0.11023491012812003,130.4087504196167
2011-04-18,145.2100067138672,146.07000732421875,144.6300048828125,145.92999267578125,17340100,0.006048472882944081,0.10762394232297885,130.54595039367675
2011-04-19,145.72999572753906,146.24000549316406,145.17999267578125,145.92999267578125,10950100,0.0,0.10738088246841826,130.69305034637452
2011-04-20,146.3699951171875,146.83999633789062,145.74000549316406,146.5,13716800,0.003898423967414405,0.1069793688084749,130.83690032958984
2011-04-21,146.57000732421875,147.05999755859375,146.32000732421875,146.74000549316406,10109400,0.001636922263399478,0.10413975094318495,130.9845503616333
2011-04-25,147.57000732421875,147.5800018310547,146.4199981689453,146.8699951171875,15596400,0.0008854577994363184,0.09758255931500484,131.1271003341675
2011-04-26,146.47000122070312,146.6199951171875,145.47999572753906,146.3800048828125,16200000,-0.0033417949897760106,0.09943377776846857,131.27230037689208
2011-04-27,147.3800048828125,149.2100067138672,146.52000427246094,149.1999969482422,21945900,0.019081653785337462,0.11104538819028095,131.42650035858154
2011-04-28,149.3000030517578,150.0,148.60000610351562,149.82000732421875,20754000,0.004146955091005261,0.10894718353369483,131.58410037994383
2011-04-29,149.89999389648438,153.02999877929688,149.75,152.3699951171875,27600000,0.01687711902897774,0.11788609067980238,131.75480033874513
2011-05-02,151.4600067138672,153.61000061035156,150.36000061035156,150.41000366210938,24094100,-0.012946818420868185,0.1313080905283114,131.92350036621093
2011-05-03,150.42999267578125,150.97000122070312,148.85000610351562,149.8800048828125,24215600,-0.003529916511002363,0.1304273045471518,132.09425037384034
2011-05-04,149.86000061035156,150.33999633789062,146.75999450683594,147.72999572753906,35107000,-0.014448752090855678,0.14438776312322865,132.24965034484865
2011-05-05,146.82000732421875,147.5800018310547,142.5500030517578,143.47000122070312,51284000,-0.029260291794056918,0.17402801105423532,132.38775035858154
2011-05-06,145.24000549316406,146.08999633789062,144.39999389648438,145.3000030517578,24182200,0.01267462896066856,0.17903667692306438,132.52995037078858
2011-05-09,146.6699981689453,147.5800018310547,146.33999633789062,147.3800048828125,13854800,0.014213726890232377,0.1848216219774553,132.68640041351318
2011-05-10,147.19000244140625,148.19000244140625,146.92999267578125,147.89999389648438,11285200,0.0035220099792790545,0.18349722003006677,132.84830039978027
2011-05-11,147.24000549316406,147.35000610351562,145.77000427246094,146.5399932861328,21378300,-0.009237945533017843,0.18487249249394677,133.01345035552978
2011-05-12,145.8800048828125,147.1199951171875,144.9600067138672,146.58999633789062,18730400,0.0003411664040718726,0.18231115394595734,133.17750034332275
2011-05-13,146.72000122070312,147.27999877929688,144.49000549316406,145.6300048828125,17268700,-0.006570357296572971,0.18450304888798316,133.33420036315917
2011-05-16,145.8800048828125,146.6699981689453,145.19000244140625,145.3699951171875,10066800,-0.0017870091740066025,0.1793410840388065,133.48360034942627
2011-05-17,144.22999572753906,144.77999877929688,143.4199981689453,144.74000549316406,17192100,-0.0043431154594507256,0.17759285334123473,133.62960037231446
2011-05-18,145.5500030517578,146.22000122070312,145.13999938964844,145.60000610351562,10502900,0.005924110292412172,0.17753910085581187,133.7776504135132
2011-05-19,145.1199951171875,145.85000610351562,144.86000061035156,145.64999389648438,8098100,0.0003432638177482088,0.17754570904719771,133.92230037689208
2011-05-20,145.82000732421875,147.77999877929688,144.89999389648438,147.49000549316406,23187900,0.012553972615642393,0.18246033228829578,134.07485038757324
2011-05-23,147.0399932861328,147.9499969482422,146.97000122070312,147.8300018310547,15937600,0.0023025631834914487,0.18253538855749346,134.22480041503906
2011-05-24,148.47999572753906,149.0500030517578,148.17999267578125,148.58999633789062,14948000,0.005127833323306366,0.18328155388277304,134.38075038909912
2011-05-25,148.72000122070312,149.3699951171875,148.52000427246094,148.5800018310547,10973800,-6.726457516765322e-05,0.18275472457453373,134.53500038146973
2011-05-26,148.4499969482422,148.61000061035156,147.58999633789062,148.22000122070312,9785500,-0.0024258812883911256,0.17027366807391192,134.6894004058838
2011-05-27,149.02000427246094,149.9199981689453,148.9600067138672,149.6999969482422,10186200,0.009935606280794308,0.17333762854677567,134.84405040740967
2011-05-31,149.8800048828125,150.16000366210938,149.41000366210938,149.63999938964844,10499300,-0.00040086563861292825,0.1620594891396067,134.99855041503906
2011-06-01,149.66000366210938,151.1300048828125,149.42999267578125,149.91000366210938,18365400,0.0018027330517969423,0.15614633421972166,135.14945041656495
2011-06-02,150.14999389648438,150.3800048828125,148.07000732421875,149.5,13552700,-0.0027387456222016378,0.15595503418637097,135.29820041656495
2011-06-03,150.27999877929688,150.66000366210938,149.6199951171875,150.22000122070312,12606400,0.004804501553227066,0.1477112167958105,135.44820041656493
2011-06-06,150.82000732421875,151.4499969482422,150.2100067138672,150.47999572753906,11472600,0.0017292622165884623,0.09935200286503243,135.5986503982544
2011-06-07,150.6699981689453,150.85000610351562,149.67999267578125,150.4199981689453,10140500,-0.0003987873752467306,0.09216572857282244,135.7509003829956
2011-06-08,150.02000427246094,150.3800048828125,149.3000030517578,149.80999755859375,9612500,-0.004063560992703724,0.08195189717507213,135.9010503768921
2011-06-09,150.00999450683594,151.02000427246094,149.75,150.55999755859375,7643200,0.004993851388959323,0.08272761531346272,136.0520503616333
2011-06-10,149.0399932861328,149.77999877929688,148.69000244140625,149.24000549316406,12344900,-0.008805874461023683,0.08207479438235864,136.19145038604736
2011-06-13,148.66000366210938,149.0399932861328,147.19000244140625,147.77000427246094,12989300,-0.00989874533208827,0.09017122521569697,136.3255004119873
2011-06-14,147.6999969482422,148.72999572753906,147.47999572753906,148.6699981689453,10938500,0.006072032480570563,0.08850954382795095,136.4638003921509
2011-06-15,148.16000366210938,149.5500030517578,147.9199981689453,149.1199951171875,14550700,0.003022245884073787,0.08817983210108409,136.60485034942627
2011-06-16,148.8300018310547,149.49000549316406,148.22000122070312,148.97000122070312,11035000,-0.0010063666073081164,0.08626768258884007,136.7393003463745
2011-06-17,148.8699951171875,150.2899932861328,148.8300018310547,149.94000244140625,19205100,0.006490278771680714,0.08666551079649727,136.88055034637452
2011-06-20,150.0800018310547,150.7899932861328,149.5800018310547,150.02999877929688,10463400,0.0006000356050579211,0.0866306688474983,137.01925033569336
2011-06-21,150.25999450683594,150.8699951171875,150.17999267578125,150.75999450683594,12439200,0.004853865999923359,0.07780835457132772,137.16375030517577
2011-06-22,151.00999450683594,151.86000061035156,150.55999755859375,150.99000549316406,14109700,0.0015245138749051255,0.07769641127147557,137.30520034790038
2011-06-23,148.6699981689453,148.83999633789062,147.25999450683594,148.33999633789062,24869600,-0.01770673421621351,0.0996121824079551,137.43335033416747
2011-06-24,147.86000061035156,148.02000427246094,145.97000122070312,146.25999450683594,19301400,-0.014121089335867159,0.11085184112978738,137.5568503189087
2011-06-27,145.92999267578125,146.39999389648438,145.1999969482422,145.72999572753906,11602500,-0.003630257057320092,0.11115942661136646,137.67685028076173
2011-06-28,146.16000366210938,146.77000427246094,145.6699981689453,146.24000549316406,8813800,0.0034935800405475424,0.10540639360693488,137.79995029449464
2011-06-29,146.77000427246094,147.4199981689453,146.44000244140625,147.17999267578125,12624600,0.006407132466265777,0.1085769756490441,137.9157502746582
2011-06-30,147.17999267578125,147.41000366210938,145.97999572753906,146.0,12657100,-0.008049656026433037,0.1109514948318194,138.02605026245118
2011-07-01,144.75999450683594,145.07000732421875,143.97000122070312,144.92999267578125,16366500,-0.0073558050101630275,0.1128639330627679,138.127550239563
2011-07-05,146.9600067138672,147.82000732421875,146.85000610351562,147.6300048828125,11278200,0.018458359922485637,0.13090909608018925,138.24300025939942
2011-07-06,148.6999969482422,149.44000244140625,148.5800018310547,148.91000366210938,14502500,0.008632944574224394,0.13473695207182268,138.36320026397706
2011-07-07,148.97000122070312,149.35000610351562,148.2899932861328,149.14999389648438,9520900,0.0016103488438778855,0.13493547111977086,138.47890022277832
2011-07-08,150.32000732421875,150.5,149.99000549316406,150.25,13662300,0.007348103376555757,0.13681312122330208,138.5991502380371
2011-07-11,151.3300018310547,151.69000244140625,150.1999969482422,151.58999633789062,20447200,0.008878910398621733,0.13919122474770165,138.72560020446778
2011-07-12,151.24000549316406,153.32000732421875,150.77000427246094,152.77000427246094,24033700,0.007754066530314864,0.1373124520436658,138.85600021362305
2011-07-13,153.75999450683594,154.7100067138672,153.5800018310547,154.13999938964844,26351000,0.008927726045871467,0.13372944312046703,138.99310020446777
2011-07-14,154.80999755859375,155.24000549316406,153.9499969482422,154.5399932861328,17613600,0.002591642671108347,0.13293845697403828,139.12655017852782
2011-07-15,154.33999633789062,155.2899932861328,154.22000122070312,155.1999969482422,18448400,0.004261669024496625,0.1331460412727526,139.26280017852784
2011-07-18,155.75999450683594,156.5800018310547,155.6699981689453,156.57000732421875,17133400,0.008788653016896502,0.13476291037086793,139.40610019683837
2011-07-19,156.32000732421875,156.32000732421875,154.10000610351562,154.66000366210938,22871500,-0.012274058243285656,0.142960351500124,139.5348501968384
2011-07-20,154.22000122070312,156.02000427246094,154.11000061035156,156.02000427246094,14559300,0.008755048684885084,0.1451058812391787,139.67265018463135
2011-07-21,155.91000366210938,156.0399932861328,154.3300018310547,154.8300018310547,18422800,-0.007656478889253896,0.1482946689694784,139.7918501663208
2011-07-22,156.0,156.55999755859375,155.67999267578125,156.1199951171875,11378700,0.008297158381419902,0.15028448515897116,139.91340015411376
2011-07-25,157.60000610351562,157.8000030517578,156.72000122070312,157.33999633789062,13036200,0.007784134589571454,0.13411393512944997,140.0482501602173
2011-07-26,156.97000122070312,157.7899932861328,156.60000610351562,157.77000427246094,11735500,0.0027292577237113358,0.11919107270327524,140.17880016326905
2011-07-27,158.47000122070312,158.63999938964844,156.69000244140625,157.19000244140625,18296600,-0.003683023077966326,0.11923157710054492,140.3033002090454
2011-07-28,157.5399932861328,157.60000610351562,156.11000061035156,157.32000732421875,11369100,0.0008267138480823339,0.11962017450965505,140.43010021209716
2011-07-29,158.42999267578125,159.25,157.67999267578125,158.2899932861328,17122800,0.006146757162875088,0.11954320852817246,140.55120014190675
2011-08-01,157.47000122070312,158.97000122070312,156.77999877929688,157.72000122070312,14825700,-0.0036074345335545903,0.11505799583312619,140.66605014801024
2011-08-02,159.3300018310547,161.6199951171875,158.97000122070312,161.52000427246094,24284500,0.023807683707060965,0.12738957355268055,140.80525020599364
2011-08-03,162.36000061035156,162.86000061035156,161.33999633789062,161.49000549316406,27823700,-0.00018574519969141986,0.11896114672756126,140.941300239563
2011-08-04,163.61000061035156,163.8699951171875,159.67999267578125,160.63999938964844,40380300,-0.0052774225526159586,0.12225142850332267,141.09395023345948
2011-08-05,161.63999938964844,162.3699951171875,160.47999572753906,161.75,24554700,0.006886100677144776,0.12252949089825098,141.24610019683837
2011-08-08,165.47999572753906,167.61000061035156,164.75999450683594,167.1199951171875,43002400,0.032660154649896335,0.15787846983087803,141.4343501663208
2011-08-09,169.92999267578125,173.14999389648438,167.47999572753906,168.61000061035156,55765800,0.00887627137888437,0.1578776672914783,141.62875019073488
2011-08-10,172.4600067138672,175.1300048828125,171.6199951171875,174.5800018310547,44797200,0.03479474038575463,0.1884959090776526,141.84740016937255
2011-08-11,172.27999877929688,172.33999633789062,168.64999389648438,170.75,49888300,-0.022182601344645846,0.21243297176258458,142.0467501449585
2011-08-12,169.57000732421875,170.05999755859375,167.77000427246094,169.97000122070312,29220000,-0.004578540379765363,0.2148417431946194,142.2490001296997
2011-08-15,169.32000732421875,171.91000366210938,168.9499969482422,171.8000030517578,17798000,0.010709069242453939,0.21589790012044405,142.45180011749267
2011-08-16,172.60000610351562,174.07000732421875,172.5,173.9199981689453,19658000,0.0122643855311679,0.21703185613631082,142.65830013275146
2011-08-17,173.8699951171875,174.67999267578125,173.25,174.4199981689453,16482000,0.002870760456120654,0.20799255603636463,142.87080013275147
2011-08-18,177.14999389648438,178.10000610351562,176.41000366210938,177.72000122070312,25512800,0.01874311163551858,0.21265125736678067,143.09695011138916
2011-08-19,181.63999938964844,181.6699981689453,178.91000366210938,179.9499969482422,34398100,0.012469732629723616,0.20749214094578924,143.33885005950927
2011-08-22,181.9499969482422,184.82000732421875,181.60000610351562,184.58999633789062,27482600,0.02545811201523618,0.21697677155302783,143.58165004730225
2011-08-23,182.24000549316406,183.82000732421875,177.5,177.6699981689453,55265400,-0.03820924283947076,0.26960504835761795,143.7881000137329
2011-08-24,177.89999389648438,178.30999755859375,170.30999755859375,171.64999389648438,70700300,-0.03447040239609572,0.3035765441811764,143.95744998931886
2011-08-25,167.0,172.80999755859375,165.8800048828125,172.36000061035156,43273700,0.004127831942992827,0.30228391170985247,144.14130001068116
2011-08-26,173.57000732421875,177.5500030517578,171.75,177.47000122070312,38673000,0.029216271136055655,0.31384705626141884,144.34244998931885
2011-08-29,175.9499969482422,176.00999450683594,172.8800048828125,173.88999938964844,25265500,-0.02037867554084576,0.32660467694750195,144.52359996795656
2011-08-30,177.6999969482422,179.30999755859375,176.66000366210938,179.10000610351562,23441000,0.029521431261488856,0.3362923053919173,144.7506499862671
2011-08-31,177.72999572753906,179.16000366210938,176.3300018310547,177.72000122070312,16054400,-0.007735058209084623,0.333045698903848,144.97715000152587
2011-09-01,177.44000244140625,178.25999450683594,176.5500030517578,177.8699951171875,13895500,0.0008436339994106385,0.33288026179421015,145.2116499710083
2011-09-02,182.82000732421875,183.50999450683594,182.10000610351562,183.24000549316406,19911200,0.029743880060709684,0.3417741550559428,145.47594997406006
2011-09-06,184.5800018310547,185.85000610351562,181.30999755859375,182.89999389648438,30254500,-0.0018572769704758563,0.342915114817543,145.72999996185303
2011-09-07,176.19000244140625,178.08999633789062,174.4499969482422,177.0800018310547,30760000,-0.032337903821831236,0.35267117470673814,145.95439998626708
2011-09-08,181.38999938964844,182.1199951171875,179.77000427246094,181.80999755859375,20741300,0.026360554098634244,0.3615822048802212,146.19604999542236
2011-09-09,179.75999450683594,181.9499969482422,179.1699981689453,180.6999969482422,25429600,-0.006123991593192474,0.34446505728528665,146.42749996185302
2011-09-12,178.72999572753906,178.99000549316406,175.3300018310547,176.6699981689453,21812800,-0.022554605449326134,0.34479148499579143,146.63994998931884
2011-09-13,177.52000427246094,179.5399932861328,176.2899932861328,178.5399932861328,17246400,0.010529052886616642,0.34533902532547,146.86709995269774
2011-09-14,177.5500030517578,177.77999877929688,176.0500030517578,177.2100067138672,18122800,-0.007477120273184911,0.34553367534579066,147.08560001373291
2011-09-15,174.61000061035156,174.85000610351562,172.55999755859375,174.39999389648438,20897000,-0.015984031396099732,0.3482666560348633,147.2804999923706
2011-09-16,173.72000122070312,177.39999389648438,173.7100067138672,176.02999877929688,20693700,0.00930295164559379,0.3496143485794979,147.48374996185302
2011-09-19,176.8300018310547,176.86000061035156,172.1999969482422,173.30999755859375,18301100,-0.015572543748898304,0.34717594090698156,147.67429996490478
2011-09-20,173.17999267578125,176.3699951171875,172.83999633789062,175.77999877929688,12667600,0.014151321817653911,0.3480577388764902,147.86284992218017
2011-09-21,174.7899932861328,176.72999572753906,173.13999938964844,173.58999633789062,16431300,-0.012537030407863034,0.33618922606108526,148.03524990081786
2011-09-22,169.3000030517578,170.32000732421875,167.47999572753906,169.0500030517578,32476300,-0.026501628577849823,0.3228904801308646,148.19799991607667
2011-09-23,164.50999450683594,165.72000122070312,158.5500030517578,159.8000030517578,52981400,-0.0562714947767603,0.357208949373882,148.32304996490478
2011-09-26,157.1199951171875,158.8000030517578,154.19000244140625,157.5800018310547,42373800,-0.013989774992148278,0.3579068988137263,148.43409999847412
2011-09-27,161.61000061035156,162.2899932861328,159.91000366210938,160.6300048828125,25124200,0.019170336530176878,0.3476079860113418,148.56020000457764
2011-09-28,160.72999572753906,161.2899932861328,155.55999755859375,156.22000122070312,21776000,-0.0278383359714093,0.3527569535806494,148.66104999542236
2011-09-29,158.1199951171875,158.1999969482422,156.13999938964844,157.6999969482422,17340800,0.009429196621174493,0.33429146119060377,148.76865001678468
2011-09-30,157.3000030517578,160.0,156.3300018310547,158.05999755859375,16770300,0.0022802177134303657,0.33545725330573567,148.8854500198364
2011-10-03,161.08999633789062,161.55999755859375,159.92999267578125,160.9600067138672,14200400,0.01818123629201861,0.3448859933536839,149.0212000656128
2011-10-04,160.9499969482422,161.02999877929688,155.27000427246094,157.63999938964844,24000000,-0.02084198016777855,0.3250738859216238,149.13840007781982
2011-10-05,158.00999450683594,160.32000732421875,156.44000244140625,159.4600067138672,15132300,0.011479200723122179,0.3310460272259721,149.2601501083374
2011-10-06,160.02000427246094,161.11000061035156,158.77000427246094,160.49000549316406,12389500,0.006438520382399495,0.3200265044988865,149.38600009918213
2011-10-07,161.02000427246094,161.5800018310547,158.22999572753906,159.17999267578125,12977400,-0.008196078194995479,0.29951996070978976,149.50665004730226
2011-10-10,162.0500030517578,163.32000732421875,161.13999938964844,163.27000427246094,8984500,0.025369706940620972,0.3190263484052078,149.649700050354
2011-10-11,162.2100067138672,162.50999450683594,161.2100067138672,162.10000610351562,8256900,-0.007191831911733941,0.3126469327133764,149.7851000595093
2011-10-12,163.6999969482422,164.0,162.5,163.25999450683594,10867900,0.00713052198207639,0.31086001820718684,149.91530002593993
2011-10-13,162.3000030517578,162.47999572753906,160.82000732421875,162.3000030517578,8327900,-0.00589749505275014,0.31070218443077385,150.0382500076294
2011-10-14,163.3300018310547,163.82000732421875,162.25,163.39999389648438,9737900,0.006754651748949264,0.30980559983831163,150.17009998321532
2011-10-17,164.0,164.16000366210938,161.9499969482422,162.6199951171875,8765700,-0.004784984318897891,0.30652414583155296,150.28959995269776
2011-10-18,159.9600067138672,162.02999877929688,158.3000030517578,161.83999633789062,15390800,-0.004807990522259361,0.3035569197220248,150.40879993438722
2011-10-19,161.08999633789062,161.42999267578125,159.5500030517578,159.8699951171875,8528700,-0.012247215797121397,0.2982049630616289,150.53439990997313
2011-10-20,157.6199951171875,158.4199981689453,156.0500030517578,157.77000427246094,17367500,-0.013222651084731378,0.29844663771181534,150.65139995574953
2011-10-21,159.99000549316406,160.4499969482422,158.94000244140625,159.52000427246094,13334500,0.01103102964708361,0.2919123163105792,150.77984996795655
2011-10-24,160.5500030517578,161.3300018310547,160.22000122070312,161.02000427246094,10199800,0.009359274408804371,0.22000976495773542,150.91704998016357
2011-10-25,161.24000549316406,166.33999633789062,160.41000366210938,165.58999633789062,22130800,0.02798622413330745,0.23316666412125364,151.07439998626708
2011-10-26,167.02999877929688,168.0500030517578,166.4199981689453,167.39999389648438,17116300,0.010871290055837372,0.2273274112916591,151.23684993743896
2011-10-27,167.58999633789062,170.2899932861328,166.64999389648438,169.5500030517578,15876900,0.012761764976101417,0.20239775789057352,151.4072999191284
2011-10-28,169.63999938964844,169.94000244140625,168.75,169.6199951171875,9362900,0.00041272557597136334,0.20170252460021526,151.58514987945557
2011-10-31,167.75999450683594,168.16000366210938,166.91000366210938,167.33999633789062,8437200,-0.013532963163571735,0.21013955915295016,151.75839984893798
2011-11-01,164.02999877929688,167.41000366210938,163.61000061035156,167.3800048828125,15335400,0.00023905679353779965,0.20255755706088602,151.92814990997314
2011-11-02,168.58999633789062,169.74000549316406,167.3000030517578,169.05999755859375,14530500,0.009986961282971352,0.18653643871473508,152.1048498916626
2011-11-03,171.1699981689453,172.0399932861328,169.89999389648438,171.72000122070312,17610400,0.015611583405325672,0.1893392176399511,152.3074499130249
2011-11-04,171.02999877929688,171.33999633789062,170.16000366210938,170.85000610351562,11060400,-0.005079236179332056,0.19130147157360528,152.506549949646
2011-11-07,172.85000610351562,175.0,172.7100067138672,174.97999572753906,20131900,0.023885642975553973,0.19978157454621276,152.72964992523194
2011-11-08,174.35000610351562,175.4600067138672,172.89999389648438,173.52999877929688,16054200,-0.008321169193389317,0.1892630144265944,152.94679988861083
2011-11-09,174.27999877929688,174.80999755859375,171.61000061035156,172.07000732421875,12313900,-0.008449074737466438,0.19015588179152412,153.15134990692138
2011-11-10,172.42999267578125,172.58999633789062,168.8300018310547,171.13999938964844,11848700,-0.0054194819068881525,0.19155440931969567,153.36739990234375
2011-11-11,172.10000610351562,174.0500030517578,172.07000732421875,173.9600067138672,8727100,0.016343494900231577,0.1951040017185258,153.5857999420166
2011-11-14,173.74000549316406,173.86000061035156,172.58999633789062,173.1999969482422,5886400,-0.004378447815266984,0.19643003878431234,153.80244995117187
2011-11-15,173.35000610351562,173.80999755859375,171.89999389648438,173.36000061035156,9167900,0.0009233822403350991,0.19464962173103761,154.01524993896484
2011-11-16,171.6300048828125,172.9600067138672,170.57000732421875,171.50999450683594,15093300,-0.01072881883307553,0.1986980612827415,154.22054992675783
2011-11-17,170.0399932861328,170.3000030517578,166.38999938964844,167.10000610351562,28468900,-0.026049069788272285,0.21676632429958312,154.39504997253417
2011-11-18,167.22999572753906,168.69000244140625,166.60000610351562,167.6199951171875,14172900,0.0031070114130365514,0.20947451144857898,154.57484992980957
2011-11-21,166.61000061035156,166.7100067138672,162.07000732421875,163.5,22030700,-0.024886493203201684,0.2280048650136193,154.73394996643066
2011-11-22,164.74000549316406,165.9199981689453,164.61000061035156,165.30999755859375,12094400,0.011009493958958352,0.22882156070205453,154.89479995727538
2011-11-23,164.5500030517578,165.3699951171875,163.1199951171875,164.8300018310547,11483300,-0.002907833444255293,0.20736269559285891,155.05359992980956
2011-11-25,163.3300018310547,165.1999969482422,163.2899932861328,163.39999389648438,6098000,-0.00871350577932607,0.20525243880274985,155.20634986877442
2011-11-28,166.92999267578125,167.13999938964844,165.97999572753906,166.6300048828125,12004000,0.019574669781168473,0.21230704607840042,155.37789985656738
2011-11-29,166.39999389648438,167.3300018310547,166.0800018310547,166.8800048828125,9198900,0.0014992056580314238,0.21242032979592815,155.54754989624024
2011-11-30,169.6999969482422,170.3000030517578,169.05999755859375,170.1300048828125,11821600,0.019287858882640098,0.21793892182249466,155.7283499145508
2011-12-01,169.85000610351562,170.57000732421875,168.58999633789062,169.6300048828125,11610300,-0.0029432561018175956,0.21831828226984154,155.90599990844726
2011-12-02,170.64999389648438,170.8000030517578,169.36000061035156,169.82000732421875,8433200,0.0011194724078150643,0.21567766537647345,156.07989997863768
2011-12-05,169.05999755859375,169.9499969482422,167.05999755859375,167.32000732421875,10246700,-0.014830905352806206,0.2140682520566451,156.23944999694825
2011-12-06,166.30999755859375,168.57000732421875,165.52999877929688,168.17999267578125,10381900,0.005126600507155191,0.21467814989769723,156.3988999938965
2011-12-07,168.7899932861328,169.52000427246094,167.75999450683594,169.39999389648438,10361300,0.007227955332883408,0.19767405133472152,156.55834999084473
2011-12-08,166.9600067138672,167.6300048828125,165.72999572753906,165.97999572753906,11734500,-0.020395472758271072,0.20709133431739435,156.70584999084474
2011-12-09,166.42999267578125,167.33999633789062,166.1199951171875,166.39999389648438,8354000,0.002527218277842403,0.20635272206283645,156.8509499359131
2011-12-12,162.35000610351562,162.41000366210938,161.13999938964844,161.99000549316406,15339400,-0.026859852864766727,0.22397270077388776,156.97259994506837
2011-12-13,161.86000061035156,163.19000244140625,157.75999450683594,158.4499969482422,25040400,-0.022095571965698058,0.22255022528611731,157.0646999359131
2011-12-14,156.7899932861328,157.33999633789062,152.0500030517578,152.88999938964844,42334400,-0.03572036229643507,0.24751216228158454,157.1295499420166
2011-12-15,154.74000549316406,154.9499969482422,151.7100067138672,152.3300018310547,21521900,-0.0036694724115009882,0.24641651616979074,157.20074996948242
2011-12-16,154.30999755859375,155.3699951171875,153.89999389648438,155.22999572753906,18124300,0.018858628346003374,0.260419268865244,157.28014991760253
2011-12-19,155.47999572753906,155.86000061035156,154.36000061035156,154.8699951171875,12547200,-0.0023218367153054562,0.24867295109728688,157.35589988708497
2011-12-20,156.82000732421875,157.42999267578125,156.5800018310547,156.97999572753906,9136300,0.013532357682449965,0.25477368992220917,157.4439998626709
2011-12-21,156.97999572753906,157.52999877929688,156.1300048828125,157.16000366210938,11996100,0.0011460365099759205,0.2424141160954872,157.5327498626709
2011-12-22,156.35000610351562,156.8000030517578,155.3300018310547,156.0399932861328,9888400,-0.007152076380172022,0.23837379449358245,157.62409980773927
2011-12-23,156.35000610351562,156.49000549316406,155.82000732421875,156.30999755859375,3565100,0.0017288576765001683,0.2388752582423768,157.7145497894287
2011-12-27,155.0800018310547,155.5500030517578,154.5399932861328,154.91000366210938,4918600,-0.008996872529867412,0.2389697203165307,157.7947998046875
2011-12-28,154.0500030517578,154.25999450683594,150.66000366210938,151.02999877929688,16436100,-0.025365842262780703,0.23726890273507056,157.86859977722168
2011-12-29,149.08999633789062,150.72000122070312,148.27000427246094,150.33999633789062,19812200,-0.0045791131052559195,0.23620598198809128,157.9390997314453
2011-12-30,152.13999938964844,153.75,151.7899932861328,151.99000549316406,10852700,0.010915393959510784,0.22697205944233023,158.01419975280763
2012-01-03,154.75999450683594,156.3000030517578,154.5500030517578,155.9199981689453,13385800,0.025528278105768725,0.2509666388370339,158.10194976806642
2012-01-04,155.42999267578125,157.3800048828125,155.33999633789062,156.7100067138672,11549700,0.005053962921992179,0.25234681220713806,158.1897998046875
2012-01-05,155.3699951171875,158.02999877929688,155.25,157.77999877929688,11621600,0.006804643552456634,0.2515868183831548,158.28344978332518
2012-01-06,158.58999633789062,158.6300048828125,156.3800048828125,157.1999969482422,9790500,-0.003682789348313295,0.24993699368185204,158.36774978637695
2012-01-09,157.36000061035156,157.58999633789062,156.19000244140625,156.5,8771900,-0.004462850601680474,0.24704656577943196,158.45414978027344
2012-01-10,158.97000122070312,159.47000122070312,158.47000122070312,158.63999938964844,8371400,0.01358147038393252,0.24627555776749538,158.5510498046875
2012-01-11,159.33999633789062,160.0500030517578,158.91000366210938,159.6699981689453,7968500,0.006471693519725533,0.24759574671186732,158.65669982910157
2012-01-12,161.02000427246094,161.6199951171875,159.8300018310547,160.3800048828125,8602500,0.004436855940286991,0.23113681060759264,158.76754981994628
2012-01-13,159.32000732421875,159.58999633789062,158.00999450683594,159.25999450683594,8910300,-0.00700797748665459,0.2189424505586107,158.87049980163573
2012-01-17,161.1699981689453,161.64999389648438,160.4199981689453,160.5,8313300,0.007755890232572322,0.17668249641590492,158.973699798584
2012-01-18,159.94000244140625,161.63999938964844,159.67999267578125,161.60000610351562,9341200,0.006830241286203655,0.17594511973063182,159.08569984436036
2012-01-19,160.9600067138672,161.4499969482422,160.3300018310547,161.22000122070312,8114200,-0.0023542844291586738,0.16667078056158477,159.1925998687744
2012-01-20,160.5,162.08999633789062,160.0,162.07000732421875,11616700,0.005258486434611419,0.16637532877204605,159.29269989013673
2012-01-23,162.32000732421875,163.47000122070312,162.32000732421875,163.16000366210938,8832100,0.006702951032527608,0.16212316267739837,159.3965998840332
2012-01-24,161.80999755859375,162.3699951171875,161.52999877929688,162.00999450683594,7502100,-0.007073309078255219,0.16503964300020246,159.4940998840332
2012-01-25,161.07000732421875,166.5500030517578,160.2899932861328,166.4199981689453,28957700,0.026856674653672707,0.18370457482350894,159.60789985656737
2012-01-26,168.0500030517578,168.30999755859375,167.0500030517578,167.27000427246094,19143800,0.00509459639654765,0.1837656965006519,159.73104988098146
2012-01-27,167.44000244140625,169.0,167.41000366210938,168.97000122070312,13030100,0.01011189273071679,0.17962530590934556,159.8678498840332
2012-01-30,168.19000244140625,168.5399932861328,167.74000549316406,168.02999877929688,8438000,-0.005578663971878356,0.1491725082930436,159.99849990844726
2012-01-31,169.77000427246094,169.86000061035156,167.72000122070312,169.30999755859375,11192500,0.007588812095342065,0.14514675556732684,160.12599990844726
2012-02-01,169.75,170.17999267578125,169.0800018310547,169.55999755859375,7734200,0.00147549236555642,0.14452135444899233,160.24854988098144
2012-02-02,169.9600067138672,171.22999572753906,169.67999267578125,171.0500030517578,11509600,0.008749097178977205,0.12519291246612463,160.37414993286131
2012-02-03,169.8800048828125,170.13999938964844,167.50999450683594,167.63999938964844,23355300,-0.020137109848909707,0.1512601632677438,160.48269996643066
2012-02-06,166.9600067138672,167.67999267578125,166.61000061035156,167.17999267578125,8807400,-0.002747786955391367,0.15201793467224248,160.58609992980956
2012-02-07,167.3800048828125,170.08999633789062,167.14999389648438,169.6999969482422,11614300,0.014961121796296195,0.1557421950864018,160.70089988708497
2012-02-08,169.25999450683594,169.9600067138672,167.5,168.5,10655500,-0.0070964044645123875,0.157723937388628,160.80904991149902
2012-02-09,170.00999450683594,170.3699951171875,167.6699981689453,168.02000427246094,16085200,-0.002852704427427749,0.15475839945937525,160.91724990844727
2012-02-10,166.49000549316406,167.63999938964844,166.3300018310547,167.13999938964844,10326800,-0.005251264443437007,0.1565105593921342,161.0069499206543
2012-02-13,167.3300018310547,167.94000244140625,166.74000549316406,167.50999450683594,7088900,0.0022112372609914763,0.15629544255323172,161.09539985656738
2012-02-14,167.64999389648438,167.92999267578125,166.4199981689453,167.1199951171875,7862500,-0.002330930151636942,0.15369016320779255,161.16914985656737
2012-02-15,168.6300048828125,168.75,167.19000244140625,168.11000061035156,11638500,0.0059064426447289235,0.15299396894577327,161.2576498413086
2012-02-16,166.3300018310547,168.13999938964844,166.1699981689453,168.0,10734000,-0.0006545512723762022,0.15233908829214043,161.34824981689454
2012-02-17,168.2899932861328,168.3300018310547,166.8699951171875,167.35000610351562,7286900,-0.0038765152743636634,0.1529583691292632,161.4463498687744
2012-02-21,169.64999389648438,171.07000732421875,169.58999633789062,171.02000427246094,13611200,0.02169306958114338,0.16756867440263534,161.5840998840332
2012-02-22,170.39999389648438,173.1699981689453,170.19000244140625,172.94000244140625,16676500,0.011164193939316386,0.16965818356808335,161.72229988098144
2012-02-23,172.69000244140625,173.77000427246094,172.27999877929688,173.02000427246094,11654200,0.0004624917963242474,0.16611953688871156,161.85049987792968
2012-02-24,172.6300048828125,173.0399932861328,172.0,172.22999572753906,9293700,-0.0045764514047417675,0.1437312485536944,161.97214988708495
2012-02-27,172.13999938964844,172.9199981689453,171.5800018310547,171.6999969482422,7340900,-0.003082017911286478,0.14404137632598868,162.0979499053955
2012-02-28,172.83999633789062,174.0,172.60000610351562,173.49000549316406,12413000,0.01037124237129815,0.14424519932653393,162.23244995117187
2012-02-29,173.19000244140625,173.58999633789062,164.0,164.2899932861328,44149000,-0.054486874448655936,0.24069857950062284,162.3257498931885
2012-03-01,166.10000610351562,167.72000122070312,165.75,166.61000061035156,19200700,0.014022637552039158,0.24461544055539614,162.4319499206543
2012-03-02,166.22999572753906,166.8300018310547,165.6300048828125,166.33999633789062,9298100,-0.0016218911795983044,0.24449319070037417,162.53994987487792
2012-03-05,165.77000427246094,165.91000366210938,164.5500030517578,165.64999389648438,12071400,-0.00415677252468325,0.2421430873234359,162.64019981384277
2012-03-06,162.14999389648438,162.80999755859375,161.77999877929688,162.6999969482422,15533200,-0.017969096432021343,0.240151962996954,162.72544982910156
2012-03-07,162.75999450683594,164.02000427246094,162.50999450683594,163.6300048828125,9553300,0.00569981581334447,0.2413453359668331,162.80614982604982
2012-03-08,164.74000549316406,165.5500030517578,164.0500030517578,165.27999877929688,8858200,0.010033186704286951,0.23781112479418212,162.893399810791
2012-03-09,163.63999938964844,166.57000732421875,163.25,166.3800048828125,13698200,0.0066333602174327025,0.23831856011557562,162.98234985351561
2012-03-12,165.3300018310547,165.5800018310547,164.39999389648438,165.07000732421875,6523800,-0.007904687473264298,0.23955881542549257,163.06479988098144
2012-03-13,163.94000244140625,165.41000366210938,161.42999267578125,162.3000030517578,20047000,-0.01692317740609355,0.24560068386027992,163.13519989013673
2012-03-14,159.61000061035156,160.5800018310547,158.8000030517578,159.57000732421875,28822100,-0.01696375000167828,0.250972530937796,163.1845499420166
2012-03-15,159.72999572753906,161.97999572753906,159.27999877929688,161.0800018310547,12689300,0.009418404028557977,0.25424060513242563,163.24174995422362
2012-03-16,160.0800018310547,161.5399932861328,159.9199981689453,161.3000030517578,12549200,0.0013648567003107786,0.25300039708671485,163.29869995117187
2012-03-19,160.85000610351562,162.3000030517578,160.72000122070312,161.58999633789062,9920800,0.0017962362702596962,0.25330311439791914,163.35914993286133
2012-03-20,160.1999969482422,161.0800018310547,159.77000427246094,160.1300048828125,11643700,-0.009076224493998303,0.25446439506032864,163.40869995117188
2012-03-21,160.6300048828125,161.47999572753906,160.14999389648438,160.2100067138672,6672700,0.0004994807381019333,0.23965547053869135,163.45735000610352
2012-03-22,158.1999969482422,159.7100067138672,158.1300048828125,159.57000732421875,11107700,-0.004002753243231974,0.23396528482297463,163.50310005187987
2012-03-23,160.8800048828125,161.8800048828125,160.52000427246094,161.52999877929688,10689000,0.012208133046479623,0.24013800554266293,163.5617000579834
2012-03-26,163.1699981689453,164.5399932861328,162.9499969482422,164.39999389648438,13226700,0.017611569127534244,0.25068846782836596,163.63090003967284
2012-03-27,164.52000427246094,164.88999938964844,163.1300048828125,163.24000549316406,10908700,-0.0070809013076213,0.25124471696282386,163.70090003967286
2012-03-28,162.7100067138672,162.97999572753906,160.66000366210938,161.50999450683594,11008200,-0.010654517949322703,0.2483120162233166,163.76959999084474
2012-03-29,161.13999938964844,161.4600067138672,159.80999755859375,161.27999877929688,11026900,-0.0014250489249673808,0.16475455171661219,163.8326499938965
2012-03-30,161.6699981689453,162.3300018310547,161.22000122070312,162.1199951171875,7534000,0.005194794327439433,0.1573653353084543,163.8976499938965
2012-04-02,161.9600067138672,163.55999755859375,161.80999755859375,162.94000244140625,7541700,0.0050452782243641,0.15888150495896325,163.9675
2012-04-03,163.22999572753906,163.22999572753906,159.1699981689453,159.88999938964844,16822300,-0.01889597488595619,0.1703787939030325,164.0172499847412
2012-04-04,157.6999969482422,158.02999877929688,156.5800018310547,157.2100067138672,15975600,-0.016903541070223595,0.16913103064296647,164.05315002441407
2012-04-05,157.8699951171875,158.67999267578125,157.77999877929688,158.30999755859375,8967700,0.006972586754221729,0.16988227078523574,164.09090003967285
2012-04-09,159.72000122070312,160.00999450683594,158.91000366210938,159.3699951171875,8245800,0.006673391569320288,0.16736996772739013,164.13279998779296
2012-04-10,159.66000366210938,161.5800018310547,158.47000122070312,161.10000610351562,14288500,0.01079681583610527,0.17058313701324138,164.1966000366211
2012-04-11,161.1999969482422,161.5399932861328,160.74000549316406,161.07000732421875,10005400,-0.0001862294945727839,0.16904051214068794,164.270650100708
2012-04-12,160.74000549316406,163.1999969482422,160.4600067138672,162.6999969482422,9229900,0.010068896893171232,0.16309802879083207,164.35550010681152
2012-04-13,162.4499969482422,162.4600067138672,160.1699981689453,160.85000610351562,10041000,-0.011435703837606927,0.1568062009756799,164.4285501098633
2012-04-16,160.50999450683594,161.17999267578125,159.52999877929688,160.4600067138672,6670500,-0.0024275594635374416,0.153538639381868,164.4949501800537
2012-04-17,160.5399932861328,160.9600067138672,158.75,160.25,7587100,-0.0013096363661056385,0.15347828654204387,164.5662001800537
2012-04-18,159.49000549316406,160.1199951171875,159.07000732421875,159.30999755859375,7463000,-0.005883121540853622,0.15445214062942467,164.63810020446778
2012-04-19,160.0,160.63999938964844,159.02000427246094,159.42999267578125,9914400,0.0007529342193186616,0.15144070926529637,164.6971001434326
2012-04-20,159.25,159.91000366210938,159.1999969482422,159.5399932861328,9148800,0.0006897239210806605,0.15145335083142167,164.75025009155274
2012-04-23,158.1999969482422,159.17999267578125,157.8800048828125,159.07000732421875,8876800,-0.0029502294460589935,0.15116394051039397,164.7998501586914
2012-04-24,159.6300048828125,160.17999267578125,159.2899932861328,159.3000030517578,5200600,0.0014448331190362385,0.14452996519179723,164.8451001739502
2012-04-25,159.47999572753906,159.9600067138672,157.75999450683594,159.6199951171875,15093700,0.002006723784330158,0.12893841633012984,164.8852501678467
2012-04-26,160.4600067138672,161.3800048828125,160.10000610351562,161.02999877929688,10918700,0.00879471559167779,0.13182880374386854,164.92655014038087
2012-04-27,161.77999877929688,161.97000122070312,161.14999389648438,161.3800048828125,8906600,0.0021711872276646304,0.12696056737728137,164.96275016784668
2012-04-30,160.49000549316406,161.8800048828125,160.30999755859375,161.8800048828125,8007300,0.0030934874938505622,0.12730314726859296,164.9994502258301
2012-05-01,162.08999633789062,162.17999267578125,160.88999938964844,161.32000732421875,7414800,-0.0034653347638567127,0.12653445390933177,165.03005027770996
2012-05-02,160.74000549316406,160.77999877929688,159.75999450683594,160.58999633789062,5632300,-0.00453550513766278,0.12584705757007605,165.0501502227783
2012-05-03,159.16000366210938,159.47999572753906,158.3699951171875,158.97000122070312,13172000,-0.010138997417698532,0.11287370629473921,165.0717002105713
2012-05-04,158.82000732421875,159.97999572753906,158.57000732421875,159.47000122070312,11389600,0.0031403115630244814,0.09571979156672793,165.0889501953125
2012-05-07,159.30999755859375,159.33999633789062,158.4499969482422,159.0800018310547,4927800,-0.0024485925648660245,0.09345244597467148,165.1102001953125
2012-05-08,156.61000061035156,156.72999572753906,154.9199981689453,156.0,17852300,-0.01955122460022864,0.11282127256784084,165.10960021972656
2012-05-09,154.10000610351562,154.97999572753906,153.60000610351562,154.47000122070312,13864000,-0.009856096620851877,0.10815834801163028,165.09525024414063
2012-05-10,155.16000366210938,155.57000732421875,154.63999938964844,154.77000427246094,7460100,0.001940260901209398,0.10885656697456575,165.08025024414061
2012-05-11,153.44000244140625,154.47000122070312,153.24000549316406,153.55999755859375,8285600,-0.007848817296009933,0.10147923988443898,165.06210021972657
2012-05-14,151.5800018310547,152.02999877929688,151.0,151.3300018310547,13388200,-0.01462845943520308,0.10544635872689553,165.03215019226073
2012-05-15,151.16000366210938,151.44000244140625,149.6300048828125,149.74000549316406,13354500,-0.010562401311462568,0.10869740157135409,164.9894002532959
2012-05-16,149.47999572753906,150.6999969482422,148.60000610351562,149.4600067138672,16750700,-0.001871650064246415,0.10858559506736255,164.9481002807617
2012-05-17,150.8300018310547,153.39999389648438,150.3800048828125,152.8000030517578,18080700,0.022101053281684286,0.13921286536291655,164.9045002746582
2012-05-18,154.4600067138672,155.1300048828125,153.97000122070312,154.5500030517578,12994200,0.011387791619555667,0.1465321103747929,164.86980026245118
2012-05-21,154.11000061035156,154.9499969482422,153.86000061035156,154.64999389648438,7542400,0.0006467713402268693,0.1465241707628116,164.83985023498536
2012-05-22,153.58999633789062,154.4199981689453,151.5500030517578,152.0800018310547,11302700,-0.016757749444190322,0.15578137954487178,164.79150024414062
2012-05-23,151.5,151.83999633789062,148.83999633789062,151.6199951171875,18854500,-0.0030293517963689474,0.15525425137709709,164.71400024414064
2012-05-24,152.7100067138672,152.91000366210938,150.6199951171875,151.41000366210938,9697100,-0.0013859452168922916,0.1544968409451462,164.6280002593994
2012-05-25,151.88999938964844,152.85000610351562,151.6300048828125,152.67999267578125,6212900,0.008352766698997548,0.15409628698127967,164.51850021362304
2012-05-29,153.47000122070312,153.6199951171875,150.25,151.02000427246094,11243100,-0.010931873240010203,0.15572988713192404,164.41985023498535
2012-05-30,149.74000549316406,152.3800048828125,148.52999877929688,151.91000366210938,16764800,0.005875957660694494,0.157426656399119,164.32955024719237
2012-05-31,152.02999877929688,152.7100067138672,150.6199951171875,151.6199951171875,10114300,-0.001910905902789609,0.15746420868536068,164.22865020751954
2012-06-01,155.41000366210938,158.30999755859375,154.8699951171875,157.5,27399400,0.03804809984180762,0.21179500312557972,164.1465502166748
2012-06-04,157.25999450683594,157.44000244140625,156.16000366210938,157.32000732421875,11462100,-0.0011434641458968186,0.20913991738191914,164.06105026245118
2012-06-05,156.9199981689453,157.27000427246094,156.4199981689453,157.13999938964844,8095300,-0.0011448702562414747,0.20872732331884197,163.9581502532959
2012-06-06,158.89999389648438,159.1999969482422,156.58999633789062,157.2100067138672,15771600,0.0004454100462342761,0.20866274364159007,163.84445030212402
2012-06-07,157.82000732421875,157.83999633789062,153.19000244140625,154.5,18921600,-0.017388437571983575,0.2063040865324513,163.69400032043458
2012-06-08,153.02000427246094,154.8300018310547,153.0,154.72999572753906,11074800,0.0014875385514176553,0.2035179951696899,163.57930030822754
2012-06-11,154.8300018310547,155.39999389648438,153.5500030517578,155.36000061035156,9166600,0.004063373582424457,0.2038950459203494,163.49785034179686
2012-06-12,155.49000549316406,157.0399932861328,155.4499969482422,156.4600067138672,13241100,0.007055420696368892,0.20303414364695446,163.41835037231445
2012-06-13,157.61000061035156,157.64999389648438,156.4199981689453,157.1199951171875,10109800,0.004209384361180728,0.19522802018019383,163.31660034179689
2012-06-14,157.63999938964844,157.94000244140625,156.24000549316406,157.75,11502400,0.004001687892130676,0.19006990283419212,163.23590034484863
2012-06-15,157.75,158.4600067138672,157.4199981689453,157.83999633789062,13099300,0.0005703370916346761,0.189552748699811,163.1296002960205
2012-06-18,157.4600067138672,158.2100067138672,156.5399932861328,157.92999267578125,6733000,0.0005700119926437334,0.17581562430164585,163.0306502532959
2012-06-19,158.0,158.13999938964844,156.97000122070312,157.16000366210938,6945900,-0.004887432513551658,0.1733900722012295,162.9271002960205
2012-06-20,156.0,157.3699951171875,154.25999450683594,155.97000122070312,16970200,-0.007600729101789924,0.17581721096241623,162.7907502746582
2012-06-21,153.72999572753906,154.22999572753906,151.8000030517578,152.02000427246094,14447500,-0.025651569647767526,0.1889640685705482,162.6363503265381
2012-06-22,152.0399932861328,152.6999969482422,151.2100067138672,152.63999938964844,6755200,0.004070084458850245,0.18913919798209886,162.51415031433106
2012-06-25,152.5800018310547,154.16000366210938,152.25,153.75999450683594,6183600,0.00731070579506714,0.1905452906178394,162.37390029907226
2012-06-26,153.02999877929688,153.3000030517578,152.1300048828125,152.6199951171875,6123400,-0.007441769628189937,0.1904427477206277,162.233500289917
2012-06-27,153.3000030517578,153.4499969482422,152.14999389648438,152.8300018310547,4840700,0.001375064652515789,0.18628316790231575,162.11430030822754
2012-06-28,151.89999389648438,152.16000366210938,150.14999389648438,151.0500030517578,8755600,-0.011715276484427288,0.18989872649253767,161.97685035705567
2012-06-29,155.1300048828125,155.9499969482422,154.52000427246094,155.19000244140625,10378200,0.027039260378949704,0.21194813835548093,161.86675033569335
2012-07-02,154.6699981689453,155.5500030517578,154.33999633789062,155.08999633789062,3654200,-0.000644618456697509,0.1639178773167107,161.77020034790038
2012-07-03,156.97000122070312,157.72000122070312,156.77000427246094,157.4600067138672,5037700,0.01516593043631744,0.17289549888534902,161.67735038757326
2012-07-05,155.44000244140625,156.39999389648438,154.4499969482422,155.67999267578125,5359900,-0.011368929003809548,0.17735026039591628,161.5892003631592
2012-07-06,154.22999572753906,154.49000549316406,152.9499969482422,153.7100067138672,7045700,-0.012734817475435407,0.1823243223966557,161.47885040283202
2012-07-09,153.61000061035156,154.5800018310547,153.42999267578125,154.0399932861328,4468500,0.0021445114458555955,0.1725955145922845,161.38110038757324
2012-07-10,155.1300048828125,155.17999267578125,151.77999877929688,152.14999389648438,9747900,-0.012345429133629288,0.17753136139537165,161.29660034179688
2012-07-11,152.5800018310547,153.4499969482422,152.02000427246094,152.99000549316406,6838500,0.0055057594568082525,0.17809870893321372,161.2625503540039
2012-07-12,151.25999450683594,153.07000732421875,150.85000610351562,152.58999633789062,11394800,-0.002618033780691079,0.17590823246312945,161.2376003265381
2012-07-13,153.4499969482422,154.94000244140625,153.44000244140625,154.13999938964844,5080300,0.010106714486149358,0.17934285832567343,161.20515029907227
2012-07-16,154.42999267578125,154.75,153.97999572753906,154.2100067138672,5710900,0.0004540770166103946,0.17853744538254357,161.1951003265381
2012-07-17,154.00999450683594,154.5,152.4499969482422,153.47000122070312,13021800,-0.004810237265713993,0.1788830682814876,161.1739503479004
2012-07-18,152.6699981689453,153.60000610351562,152.39999389648438,153.0500030517578,6807600,-0.002740430809986751,0.17880596364583273,161.14890037536622
2012-07-19,153.72999572753906,154.32000732421875,152.92999267578125,153.3800048828125,6070000,0.002153848840418498,0.17878620736095527,161.11100036621093
2012-07-20,152.97000122070312,154.0,152.75,153.6699981689453,8583800,0.001888899980288932,0.17749579328603693,161.09115036010743
2012-07-23,152.5,153.3300018310547,152.2899932861328,153.02999877929688,5256700,-0.0041734615256850535,0.1534258719179573,161.05900032043456
2012-07-24,153.6300048828125,153.8000030517578,152.1999969482422,153.52000427246094,6538900,0.00319690690338272,0.15318625090251498,161.02415031433105
2012-07-25,155.3300018310547,156.2899932861328,155.0500030517578,155.6699981689453,9355900,0.013907490755906015,0.1586129101787261,161.00660034179688
2012-07-26,156.6999969482422,157.25999450683594,156.0500030517578,156.77000427246094,7343500,0.007041420048145291,0.1573040894412742,160.97410034179688
2012-07-27,157.63999938964844,157.9600067138672,156.66000366210938,157.5399932861328,9772600,0.00489956132478139,0.15780463250892096,160.95130027770995
2012-07-30,156.83999633789062,157.66000366210938,154.80999755859375,157.42999267578125,7212100,-0.0006984831553893457,0.15068189404885748,160.92215026855467
2012-07-31,157.60000610351562,157.72000122070312,156.25999450683594,156.49000549316406,10919700,-0.005988723225470398,0.12218808371886378,160.89310028076173
2012-08-01,155.17999267578125,155.7899932861328,154.41000366210938,155.13999938964844,12714500,-0.00866421414888581,0.12614375581098747,160.85180030822755
2012-08-02,154.66000366210938,155.13999938964844,153.61000061035156,154.1300048828125,11538800,-0.006531497290067034,0.11522858384395504,160.80935035705568
2012-08-03,154.64999389648438,155.88999938964844,154.4199981689453,155.5500030517578,10670700,0.009170809124329653,0.11394063800200407,160.777900390625
2012-08-06,155.9199981689453,156.72999572753906,155.74000549316406,156.3000030517578,4610800,0.004810013989643127,0.10518301884741241,160.76005043029784
2012-08-07,156.3699951171875,156.6300048828125,156.00999450683594,156.27999877929688,5923300,-0.00012799457656319368,0.10511039782260403,160.75260040283203
2012-08-08,156.49000549316406,156.86000061035156,156.25999450683594,156.47999572753906,3620500,0.0012789166070782496,0.09381383787278025,160.73740036010742
2012-08-09,156.36000061035156,157.0,156.27999877929688,156.99000549316406,3177800,0.0032539650598126992,0.092872405141149,160.71725036621095
2012-08-10,156.89999389648438,157.82000732421875,156.64999389648438,157.17999267578125,4608000,0.0012094547976165897,0.09181514200792401,160.6752003479004
2012-08-13,157.0500030517578,157.4499969482422,155.89999389648438,155.99000549316406,4573300,-0.007599660994752833,0.09117183667878735,160.6181504058838
2012-08-14,155.05999755859375,155.5800018310547,154.8300018310547,155.1300048828125,5075200,-0.005528431293767677,0.09358943699539343,160.54605041503908
2012-08-15,155.32000732421875,155.82000732421875,155.27000427246094,155.6300048828125,4993900,0.003217920039555506,0.09220595522184673,160.4761004638672
2012-08-16,155.85000610351562,157.08999633789062,155.5,156.55999755859375,8838300,0.005957880902347246,0.09307677407755019,160.4222004699707
2012-08-17,157.05999755859375,157.07000732421875,156.22000122070312,156.72000122070312,7812100,0.0010214739315963608,0.09299474529915007,160.36890045166015
2012-08-20,156.52000427246094,157.39999389648438,156.47000122070312,157.25999450683594,7846200,0.0034396702075541645,0.09333064833315242,160.30990043640136
2012-08-21,158.80999755859375,159.1999969482422,158.69000244140625,158.8300018310547,11833100,0.009934007742546973,0.09604278965850276,160.24545043945312
2012-08-22,159.19000244140625,160.6300048828125,158.50999450683594,160.5399932861328,13605900,0.010708631507447481,0.10085217753088668,160.1939003753662
2012-08-23,161.41000366210938,162.4499969482422,161.22999572753906,161.88999938964844,17237600,0.008373997600348033,0.09431954943512147,160.12845039367676
2012-08-24,161.8699951171875,162.35000610351562,161.3300018310547,161.97000122070312,8497200,0.00049405195165326,0.09250202680383973,160.07065040588378
2012-08-27,161.77000427246094,162.2899932861328,161.33999633789062,161.36000061035156,5380200,-0.0037732430064034606,0.09342387144362736,160.01710037231445
2012-08-28,161.6300048828125,162.19000244140625,161.3000030517578,161.63999938964844,5074200,0.0017337390057776023,0.09320015973998762,159.96960037231446
2012-08-29,161.60000610351562,161.67999267578125,160.17999267578125,160.58999633789062,9287700,-0.006517126164973718,0.09373419124564022,159.90275032043456
2012-08-30,161.25999450683594,161.30999755859375,160.00999450683594,160.52000427246094,5813700,-0.0004359382542126009,0.08687141514880217,159.83935035705565
2012-08-31,161.13999938964844,164.22000122070312,159.55999755859375,164.22000122070312,18024200,0.02278842769888954,0.10879899300328098,159.79365036010742
2012-09-04,164.11000061035156,164.77000427246094,163.66000366210938,164.47999572753906,12034800,0.0015819565772519967,0.10654552105718033,159.75850036621094
2012-09-05,164.1199951171875,164.38999938964844,163.80999755859375,164.30999755859375,8401900,-0.00103408368603259,0.10698077404590849,159.74455032348632
2012-09-06,165.16000366210938,165.77999877929688,164.8000030517578,164.88999938964844,12961100,0.0035237086061065126,0.10664953217243048,159.73090034484864
2012-09-07,167.77000427246094,169.0,167.3699951171875,168.44000244140625,19138600,0.021301036576637185,0.12466557604475136,159.75560035705567
2012-09-10,167.83999633789062,168.13999938964844,167.22999572753906,167.2899932861328,7760600,-0.0068508245778626286,0.12973539976377424,159.76550033569336
2012-09-11,168.22000122070312,168.52999877929688,167.7899932861328,167.89999389648438,7522900,0.0036397345213229062,0.1295796913339192,159.7808502960205
2012-09-12,168.83999633789062,168.8699951171875,167.25,167.9199981689453,9945400,0.0001191368766436192,0.12416320377649046,159.8034503173828
2012-09-13,167.8699951171875,171.91000366210938,166.3000030517578,171.30999755859375,28336900,0.019987101882923578,0.13197656413700845,159.82685028076173
2012-09-14,171.88999938964844,172.22999572753906,171.30999755859375,171.8000030517578,16847500,0.002856260822614609,0.13203451189309334,159.85145027160644
2012-09-17,171.77000427246094,171.9600067138672,170.05999755859375,170.39999389648438,11281600,-0.008182448737126974,0.13923652267833092,159.8528002166748
2012-09-18,170.80999755859375,171.9499969482422,170.6699981689453,171.72000122070312,12486600,0.007716671888582333,0.13934304789926819,159.86325019836426
2012-09-19,171.8800048828125,172.02999877929688,171.19000244140625,171.74000549316406,9125800,0.00011648676464511073,0.14009089781230719,159.87285018920898
2012-09-20,171.02999877929688,171.69000244140625,170.22999572753906,171.47000122070312,8703000,-0.0015734059198807039,0.1398216022995326,159.8936001586914
2012-09-21,172.92999267578125,173.17999267578125,171.5399932861328,171.9600067138672,13361300,0.00285359936146375,0.13745016425336706,159.91250022888184
2012-09-24,170.6300048828125,171.38999938964844,170.57000732421875,171.0500030517578,9177900,-0.0053060014063377545,0.13921036704235615,159.9207502746582
2012-09-25,171.75999450683594,172.11000061035156,170.5,170.77000427246094,10365300,-0.0016382823469836482,0.13981550036215085,159.94470031738283
2012-09-26,169.4600067138672,170.0500030517578,168.33999633789062,169.80999755859375,12064800,-0.0056374963370224036,0.14101666802761526,159.96175033569335
2012-09-27,171.02000427246094,172.60000610351562,170.75999450683594,172.33999633789062,10539500,0.014789097981363655,0.14731514197893095,160.013500289917
2012-09-28,172.02999877929688,172.47999572753906,171.33999633789062,171.88999938964844,9681200,-0.0026145147730523375,0.1447183673426866,160.08070030212403
2012-10-01,172.8300018310547,173.6199951171875,171.77000427246094,172.2899932861328,10676400,0.0023243307866659033,0.14415017461425075,160.17770027160645
2012-10-02,172.47000122070312,172.6999969482422,171.58999633789062,172.10000610351562,7053900,-0.0011033258934751609,0.12624379445102607,160.27655029296875
2012-10-03,172.50999450683594,172.61000061035156,171.88999938964844,172.41000366210938,5647600,0.0017996437460312752,0.12623192618219256,160.3624503326416
2012-10-04,173.1999969482422,174.07000732421875,172.9199981689453,173.61000061035156,10376800,0.006936025341043228,0.12664413826756132,160.45615036010742
2012-10-05,172.8699951171875,173.3699951171875,172.00999450683594,172.6199951171875,8871000,-0.00571878926447531,0.12982197250441455,160.53435035705567
2012-10-08,171.75,172.27999877929688,171.67999267578125,172.0500030517578,3749300,-0.0033074685239183545,0.11074331029149426,160.6088003540039
2012-10-09,171.86000061035156,172.1699981689453,170.55999755859375,170.99000549316406,7750700,-0.006180042594964688,0.11016626836247127,160.68355041503906
2012-10-10,170.5399932861328,171.33999633789062,170.3000030517578,170.83999633789062,7361300,-0.0008776828487819255,0.10993515039569654,160.75620040893554
2012-10-11,171.3000030517578,171.9499969482422,171.1300048828125,171.32000732421875,5714900,0.002805770961490514,0.11011110237242754,160.8382504272461
2012-10-12,171.14999389648438,171.41000366210938,169.80999755859375,170.05999755859375,8266000,-0.0073818938973548055,0.08936705896244226,160.93340042114258
2012-10-15,169.00999450683594,169.10000610351562,167.52999877929688,168.35000610351562,10704900,-0.010106119739498041,0.0946352588456662,161.0234504699707
2012-10-16,168.8699951171875,169.4499969482422,168.6699981689453,169.4199981689453,6204000,0.006335646333619325,0.09404759167224612,161.11060043334962
2012-10-17,169.2100067138672,169.9499969482422,168.9199981689453,169.5399932861328,5203400,0.0007080193841468657,0.08957115350605732,161.17870040893555
2012-10-18,168.8000030517578,169.30999755859375,168.58999633789062,168.7899932861328,6607100,-0.00443354865538353,0.09048927687343446,161.23910034179687
2012-10-19,168.4199981689453,168.4499969482422,166.22999572753906,166.97000122070312,13860400,-0.010841136052605957,0.09692146770577519,161.2850503540039
2012-10-22,167.0800018310547,167.6300048828125,167.02999877929688,167.5800018310547,6366200,0.003646697239812837,0.09738409168932903,161.33695037841798
2012-10-23,166.0399932861328,166.05999755859375,165.1199951171875,165.42999267578125,11892500,-0.012912759766492157,0.1046881494447373,161.38160034179688
2012-10-24,165.77999877929688,165.8300018310547,164.60000610351562,164.86000061035156,10794600,-0.003451467757776219,0.10488673733010266,161.4127003479004
2012-10-25,166.2899932861328,166.52999877929688,165.77000427246094,166.02000427246094,7013800,0.007011656174181994,0.10797619586333311,161.44445037841797
2012-10-26,166.22999572753906,166.60000610351562,165.77000427246094,165.92999267578125,6441300,-0.0005423202272228979,0.09138065101200898,161.4722003173828
2012-10-31,166.47000122070312,167.27999877929688,166.3800048828125,166.8300018310547,4681500,0.005409372308871991,0.09465365558660657,161.5100503540039
2012-11-01,167.02000427246094,167.0399932861328,166.0399932861328,166.07000732421875,6018000,-0.004565910521291634,0.0942251829728071,161.537900390625
2012-11-02,164.4499969482422,164.47000122070312,162.3000030517578,162.60000610351562,14763100,-0.02111619567115675,0.11557663943807402,161.542900390625
2012-11-05,163.1199951171875,163.4199981689453,162.80999755859375,163.22999572753906,6156200,0.003866988340753932,0.11680697557185545,161.55295036315917
2012-11-06,163.91000366210938,166.77000427246094,163.61000061035156,166.3000030517578,16051800,0.018633181558340834,0.13452986983898538,161.57410034179688
2012-11-07,166.8699951171875,167.1300048828125,165.0399932861328,166.49000549316406,13195200,0.0011418760009174647,0.13427045373657295,161.59075035095213
2012-11-08,166.13999938964844,168.16000366210938,166.1199951171875,167.99000549316406,8829000,0.008969205970755553,0.13909200920312448,161.6206504058838
2012-11-09,168.2100067138672,168.5399932861328,167.5500030517578,167.82000732421875,7361000,-0.0010124664362506366,0.13787797552009237,161.62765045166014
2012-11-12,168.10000610351562,168.27999877929688,167.2100067138672,167.4499969482422,5647600,-0.002207239069899678,0.1379532502390877,161.62855041503906
2012-11-13,166.66000366210938,167.94000244140625,166.6300048828125,167.10000610351562,6463300,-0.0020923088878503668,0.13731302957392263,161.61920043945312
2012-11-14,167.4600067138672,168.0399932861328,166.77999877929688,167.13999938964844,8510500,0.0002393087940783899,0.13550730719466544,161.61475044250489
2012-11-15,167.0,167.0500030517578,165.17999267578125,166.08999633789062,10023200,-0.0063019928595901085,0.13283876176705428,161.59865043640136
2012-11-16,165.74000549316406,166.36000061035156,165.47000122070312,165.8800048828125,6944000,-0.0012651232479694255,0.13039401166390044,161.58025047302246
2012-11-19,167.75,168.16000366210938,167.3800048828125,167.8699951171875,6764500,0.011925176433462218,0.13782912289760793,161.5643504333496
2012-11-20,167.75,168.02000427246094,166.83999633789062,167.38999938964844,5496100,-0.002863425779210265,0.1373669504976994,161.5631004333496
2012-11-21,167.19000244140625,167.82000732421875,166.97000122070312,167.55999755859375,3810700,0.0010150660402493473,0.13204521080867138,161.56500045776366
2012-11-23,167.97000122070312,170.00999450683594,167.8000030517578,169.61000061035156,6110100,0.012160205973813025,0.13802906866759268,161.56455047607423
2012-11-26,169.55999755859375,169.72999572753906,169.25,169.42999267578125,5377700,-0.0010618685408751542,0.12926645156865785,161.5692004394531
2012-11-27,169.13999938964844,169.39999389648438,168.6199951171875,168.7100067138672,7314400,-0.004258514528236021,0.1296571015143108,161.57265045166017
2012-11-28,165.42999267578125,166.83999633789062,165.3800048828125,166.5500030517578,12880100,-0.012885721450133563,0.1363718407417675,161.5697004699707
2012-11-29,167.13999938964844,167.5,166.85000610351562,167.17999267578125,7446800,0.0037754494975707773,0.13691410993735215,161.56805046081544
2012-11-30,166.94000244140625,167.22000122070312,165.52999877929688,166.0500030517578,8412300,-0.006782066259329654,0.13775686647972055,161.5627005004883
2012-12-03,166.11000061035156,166.9199981689453,166.0399932861328,166.1300048828125,6363400,0.0004816775885995999,0.13685867754423792,161.5528005218506
2012-12-04,164.05999755859375,164.8300018310547,163.8699951171875,164.4199981689453,10208900,-0.010346525202362707,0.11994421389171356,161.53490051269532
2012-12-05,164.22000122070312,164.5,163.1999969482422,164.1199951171875,10646800,-0.0018262807650325558,0.11956931568017493,161.51875045776367
2012-12-06,163.72000122070312,165.0,163.52999877929688,164.5,7301600,0.002312732382919267,0.09968064743948965,161.48615043640137
2012-12-07,164.8800048828125,165.22000122070312,164.60000610351562,165.16000366210938,7289500,0.004004152985563731,0.10076847453406153,161.4472504425049
2012-12-10,166.11000061035156,166.16000366210938,165.7100067138672,165.8000030517578,4646600,0.0038675379164635304,0.09625179700138291,161.41115043640136
2012-12-11,165.4499969482422,165.66000366210938,165.1199951171875,165.64999389648438,4724000,-0.0009051692074031703,0.09624707036791187,161.3782504272461
2012-12-12,166.1999969482422,166.94000244140625,165.36000061035156,165.77000427246094,14164700,0.0007242193101501478,0.09617353261145678,161.3486004638672
2012-12-13,163.8699951171875,164.89999389648438,163.77999877929688,164.3699951171875,9332800,-0.008481356697994205,0.09999374552167417,161.3030004119873
2012-12-14,164.1699981689453,164.47999572753906,164.02000427246094,164.1300048828125,5351700,-0.0014611280186981382,0.09994788529182763,161.3022004699707
2012-12-17,164.16000366210938,164.6199951171875,164.1300048828125,164.44000244140625,8173300,0.0018869503829595713,0.0983482493177978,161.29135047912598
2012-12-18,164.35000610351562,164.42999267578125,160.89999389648438,162.0800018310547,23995000,-0.014455725078867119,0.10964843226204385,161.2700505065918
2012-12-19,161.30999755859375,162.22000122070312,161.11000061035156,161.69000244140625,12991600,-0.002409114946575244,0.09890475210312562,161.2502505493164
2012-12-20,159.8699951171875,160.1199951171875,158.38999938964844,159.72999572753906,25148400,-0.012196073797178996,0.10526485275836725,161.2354005432129
2012-12-21,159.82000732421875,160.75999450683594,159.77999877929688,160.3300018310547,13445400,0.00374933956743618,0.10674286479985773,161.2189005279541
2012-12-24,160.8800048828125,160.9600067138672,160.47000122070312,160.6199951171875,3699400,0.0018070937392538678,0.09465583248831723,161.19560050964355
2012-12-26,161.36000061035156,161.49000549316406,160.63999938964844,160.77999877929688,4961800,0.0009956669468964311,0.09534115221012691,161.16760047912598
2012-12-27,160.22999572753906,161.30999755859375,160.0500030517578,161.16000366210938,8937700,0.002360719739151777,0.09654846623361633,161.14805046081543
2012-12-28,160.94000244140625,160.97000122070312,160.14999389648438,160.5399932861328,6852900,-0.003854592163680614,0.08867877603145216,161.1392504119873
2012-12-31,160.89999389648438,162.75,160.77000427246094,162.02000427246094,11786200,0.009176719889400711,0.09468952524823933,161.15150039672852
2013-01-02,163.49000549316406,164.13999938964844,163.13999938964844,163.1699981689453,10431800,0.0070727801089134085,0.09707173630389897,161.16195037841797
2013-01-03,162.47999572753906,162.8800048828125,160.8300018310547,161.1999969482422,16117500,-0.012146779740190669,0.1044903193474276,161.1614503479004
2013-01-04,159.52000427246094,160.6300048828125,158.88999938964844,160.44000244140625,19179800,-0.0047257550222331544,0.10017492771837858,161.15570037841798
2013-01-07,159.36000061035156,159.9600067138672,159.14999389648438,159.42999267578125,9361800,-0.006315147639550098,0.10174187216190106,161.1522003173828
2013-01-08,160.4600067138672,160.99000549316406,160.00999450683594,160.55999755859375,7694800,0.007062780803268713,0.10518679737041796,161.15395027160645
2013-01-09,160.77000427246094,160.8300018310547,159.89999389648438,160.49000549316406,8334200,-0.0004360197219949153,0.10355500352471393,161.15855026245117
2013-01-10,161.61000061035156,162.55999755859375,161.61000061035156,161.97999572753906,11432600,0.009241174883853428,0.10853033858716238,161.16080024719238
2013-01-11,161.86000061035156,161.89999389648438,160.11000061035156,161.05999755859375,13675600,-0.005695893235337639,0.10967917639807322,161.14410026550294
2013-01-14,161.8800048828125,161.97000122070312,161.1300048828125,161.5399932861328,7289000,0.002975797243476377,0.11048697929786008,161.13560020446778
2013-01-15,162.8000030517578,163.1699981689453,162.35000610351562,162.55999755859375,10077800,0.006294400919113552,0.11012511886458148,161.14085021972656
2013-01-16,162.4199981689453,163.02999877929688,162.14999389648438,162.64999389648438,9214700,0.0005534660222785934,0.11013099160768487,161.1477001953125
2013-01-17,161.94000244140625,164.39999389648438,161.8300018310547,163.35000610351562,14911400,0.004294560017826217,0.111081273363102,161.15385025024415
2013-01-18,163.9499969482422,163.97000122070312,163.02000427246094,163.08999633789062,10038100,-0.0015930021974330576,0.09869858733936582,161.15460021972658
2013-01-22,163.47999572753906,164.22000122070312,163.3699951171875,163.6699981689453,8587900,0.003550021116017711,0.09879952823443507,161.17350021362304
2013-01-23,163.9199981689453,163.9499969482422,163.0,163.2100067138672,6697000,-0.002814438031338391,0.08830142927378562,161.20350021362304
2013-01-24,161.97999572753906,162.27000427246094,161.17999267578125,161.4199981689453,13188300,-0.01102810374616787,0.09697210897277793,161.21905021667482
2013-01-25,160.55999755859375,161.0399932861328,160.30999755859375,160.64999389648438,9037400,-0.004781604983568098,0.09837707976141472,161.2254502105713
2013-01-28,160.24000549316406,160.72999572753906,160.02000427246094,160.2899932861328,8491600,-0.002243414817202356,0.09860732395618002,161.22140014648437
2013-01-29,161.00999450683594,161.30999755859375,160.69000244140625,160.99000549316406,7364900,0.004357652623316265,0.09948552356975013,161.2210001373291
2013-01-30,162.67999267578125,163.0399932861328,162.02999877929688,162.19000244140625,12010000,0.007426217176999296,0.10170037676643569,161.21845016479492
2013-01-31,161.6199951171875,161.80999755859375,160.47000122070312,161.1999969482422,9334000,-0.006122691411324907,0.09900263542430171,161.22020011901856
2013-02-01,162.66000366210938,162.77000427246094,160.8699951171875,161.4499969482422,12904300,0.0015496671610711066,0.09565324445778495,161.22515007019044
2013-02-04,161.19000244140625,162.4199981689453,161.14999389648438,162.0,7354900,0.0034008569302853,0.08653837078756989,161.23390007019043
2013-02-05,162.75,162.7899932861328,161.3300018310547,161.9600067138672,8979400,-0.0002469026145644602,0.08467361851138597,161.2471501159668
2013-02-06,162.1300048828125,162.6300048828125,161.99000549316406,162.38999938964844,6138700,0.0026514131006226955,0.08127729950020121,161.26195014953612
2013-02-07,161.24000549316406,162.9600067138672,161.1300048828125,161.83999633789062,12827200,-0.003392675486914591,0.07929514418647642,161.27345016479492
2013-02-08,161.4600067138672,162.02000427246094,161.1999969482422,161.57000732421875,6085900,-0.0016696396112383367,0.07956940989948008,161.2859501647949
2013-02-11,159.77999877929688,159.97999572753906,159.25,159.6999969482422,12083500,-0.011641494508639208,0.08288114429959248,161.28795013427734
2013-02-12,159.35000610351562,160.0500030517578,158.8800048828125,159.88999938964844,7632300,0.001189038868357003,0.08103697805461255,161.28930015563964
2013-02-13,159.60000610351562,159.63999938964844,158.77000427246094,159.0500030517578,8961300,-0.005267437597442791,0.08180538764021086,161.27940017700195
2013-02-14,159.30999755859375,159.64999389648438,158.0399932861328,158.35000610351562,12410200,-0.0044108258534539865,0.07854767509717889,161.26425018310547
2013-02-15,156.4199981689453,156.5800018310547,154.55999755859375,155.75999450683594,23374100,-0.016491485732013745,0.09424262373376287,161.23365013122557
2013-02-19,155.8000030517578,155.83999633789062,154.92999267578125,155.3300018310547,11803900,-0.00276442800912232,0.09137301401483752,161.20370010375976
2013-02-20,153.89999389648438,153.92999267578125,150.83999633789062,151.44000244140625,30924000,-0.02536237476562978,0.12102504002014579,161.15795013427734
2013-02-21,152.0,153.41000366210938,151.89999389648438,152.6199951171875,17964800,0.007761616845874272,0.12494495346092861,161.12620010375977
2013-02-22,152.25999450683594,152.99000549316406,151.92999267578125,152.97000122070312,10093200,0.0022906918469714913,0.12645212119925278,161.09370010375977
2013-02-25,153.52000427246094,154.55999755859375,153.30999755859375,154.33999633789062,9488200,0.008916105586720739,0.129504831430911,161.07000007629395
2013-02-26,154.38999938964844,156.8000030517578,153.32000732421875,156.22000122070312,18182300,0.012107340694240326,0.13808793970615033,161.07110008239746
2013-02-27,155.4600067138672,155.60000610351562,154.0800018310547,154.57000732421875,9596100,-0.010618162447447536,0.14178278079709666,161.07160011291504
2013-02-28,154.08999633789062,154.16000366210938,152.38999938964844,153.0,14864400,-0.010209194156268543,0.14287707539537436,161.06275009155274
2013-03-01,153.16000366210938,153.61000061035156,152.13999938964844,152.44000244140625,11178800,-0.003666829371253608,0.13833634838349,161.0571501159668
2013-03-04,152.4499969482422,152.74000549316406,151.8699951171875,152.3000030517578,6643800,-0.0009188120822602375,0.138007775235248,161.06200012207032
2013-03-05,153.10000610351562,153.38999938964844,152.11000061035156,152.3800048828125,10804200,0.0005251531495988175,0.13765503887105365,161.07520011901855
2013-03-06,152.1699981689453,153.3800048828125,151.64999389648438,153.22999572753906,10856000,0.005562599618897849,0.13906918200466728,161.0940500640869
2013-03-07,153.02000427246094,153.2100067138672,152.39999389648438,152.69000244140625,6586700,-0.0035302945226979147,0.13881910774557588,161.09350006103514
2013-03-08,151.61000061035156,153.2899932861328,151.39999389648438,152.7100067138672,11859500,0.0001310037451856418,0.13784160822307365,161.0843000793457
2013-03-11,152.82000732421875,153.05999755859375,152.64999389648438,152.99000549316406,4810700,0.0018318537547607815,0.1388038336096522,161.0760001373291
2013-03-12,154.07000732421875,154.69000244140625,153.89999389648438,154.19000244140625,7265700,0.00781302833234655,0.143479927441627,161.08655014038087
2013-03-13,154.25999450683594,154.60000610351562,153.4199981689453,153.66000366210938,7436400,-0.0034432307449765156,0.13945569204028938,161.09675018310546
2013-03-14,153.02000427246094,154.1699981689453,153.00999450683594,153.67999267578125,11410400,0.00013007752936968284,0.13921430564549364,161.10810012817382
2013-03-15,154.1199951171875,154.72000122070312,153.97000122070312,154.0,5701300,0.0020801316122226374,0.1392926002477576,161.11470016479493
2013-03-18,155.6999969482422,155.92999267578125,155.0,155.3800048828125,9302400,0.008921158533619225,0.14342122213216124,161.1365001678467
2013-03-19,155.22000122070312,156.33999633789062,155.10000610351562,156.0800018310547,11023400,0.00449494709912103,0.1327026194126076,161.1573501586914
2013-03-20,155.52999877929688,155.8300018310547,154.8800048828125,155.3699951171875,8221500,-0.004559370369457158,0.1333345785101372,161.1761001586914
2013-03-21,156.1699981689453,156.42999267578125,155.8800048828125,156.25,4992000,0.005647950939598429,0.09740906951053045,161.16985015869142
2013-03-22,155.4499969482422,155.99000549316406,155.4199981689453,155.5500030517578,4746300,-0.004490045653721258,0.09671157051349485,161.1610001373291
2013-03-25,154.7100067138672,155.57000732421875,154.36000061035156,155.24000549316406,6819100,-0.001994901077106218,0.09707692913425199,161.15150016784668
2013-03-26,154.47000122070312,154.91000366210938,154.27999877929688,154.72000122070312,7388700,-0.00335530229094277,0.09322384170346705,161.13905014038085
2013-03-27,154.6699981689453,155.6199951171875,154.50999450683594,155.36000061035156,6717000,0.004127968876901494,0.08392692979250209,161.14335014343263
2013-03-28,154.5,154.8000030517578,154.22000122070312,154.4499969482422,6851200,-0.005874608865923951,0.07794805229973786,161.14195014953614
2013-04-01,154.57000732421875,154.92999267578125,154.3000030517578,154.6699981689453,4288100,0.001423403605869597,0.06868632307406003,161.1385001373291
2013-04-02,153.08999633789062,153.30999755859375,152.25999450683594,152.42999267578125,9398300,-0.014588376987558337,0.08544381090221563,161.11835006713866
2013-04-03,152.02000427246094,152.52999877929688,149.9199981689453,150.72999572753906,15740800,-0.011215297746718735,0.09386399931042413,161.08640007019042
2013-04-04,149.64999389648438,150.60000610351562,149.44000244140625,150.2899932861328,12429000,-0.0029234122040560696,0.09415222942547086,161.0491000366211
2013-04-05,151.5399932861328,152.9600067138672,151.07000732421875,152.80999755859375,14491800,0.016628587367166922,0.1098576943333472,161.0239500427246
2013-04-08,152.38999938964844,152.58999633789062,151.60000610351562,152.16000366210938,6246000,-0.004262680775851177,0.11017210638272212,160.99510009765626
2013-04-09,152.32000732421875,153.85000610351562,152.27999877929688,153.33999633789062,7042200,0.007725031383893976,0.11351951632518378,160.97600006103517
2013-04-10,152.6699981689453,152.7100067138672,150.5800018310547,150.75,18507400,-0.017034818641169572,0.1279858063372754,160.94990005493165
2013-04-11,150.75999450683594,151.7100067138672,150.6300048828125,151.0500030517578,8063200,0.0019880924290127428,0.12464976400165798,160.94505004882814
2013-04-12,148.64999389648438,148.85000610351562,143.42999267578125,143.9499969482422,55601800,-0.048144932178246586,0.20564907189333081,160.9016000366211
2013-04-15,136.0,136.75,130.50999450683594,131.30999755859375,93804200,-0.09190507457983844,0.3693591973763846,160.7893500518799
2013-04-16,134.89999389648438,135.11000061035156,131.75999450683594,132.8000030517578,45650800,0.011283338744214735,0.37371427013530556,160.69025009155274
2013-04-17,133.80999755859375,134.9499969482422,132.32000732421875,132.8699951171875,25444100,0.000526909831982771,0.3703091530793223,160.5904500579834
2013-04-18,134.1199951171875,135.30999755859375,133.6199951171875,134.3000030517578,20040500,0.010704956398210237,0.37344520723963254,160.5067000579834
2013-04-19,136.0,136.02000427246094,134.60000610351562,135.47000122070312,15659300,0.008674096350888906,0.3773976876008045,160.40810005187987
2013-04-22,138.14999389648438,138.27000427246094,137.22000122070312,137.89999389648438,16568500,0.01777851793528908,0.3845991055090751,160.32215003967286
2013-04-23,137.22000122070312,137.24000549316406,135.85000610351562,136.8800048828125,14644900,-0.007424075282657943,0.38459316738971,160.21925003051757
2013-04-24,138.08999633789062,138.5500030517578,137.4499969482422,138.3699951171875,10369300,0.01082655613705574,0.388853814548974,160.13270004272462
2013-04-25,140.0,142.0800018310547,139.7899932861328,141.6300048828125,18886900,0.023286836308933283,0.401435140774786,160.07230003356935
2013-04-26,142.3000030517578,143.42999267578125,140.0399932861328,140.91000366210938,19307800,-0.0050966430061307215,0.40029135602956584,160.00665008544922
2013-04-29,142.1300048828125,142.66000366210938,141.49000549316406,142.3000030517578,11004500,0.009816111845741552,0.40336440003876306,159.9574001312256
2013-04-30,142.27000427246094,142.8300018310547,141.5500030517578,142.77000427246094,11284400,0.003297447184859199,0.40372820081590294,159.90630012512207
2013-05-01,140.58999633789062,141.5500030517578,139.3000030517578,141.11000061035156,13931100,-0.011695241331580094,0.4028787077207721,159.84890014648437
2013-05-02,142.0,142.47000122070312,141.63999938964844,141.9199981689453,11502200,0.00572377326421984,0.40315699595526777,159.78780014038085
2013-05-03,141.6999969482422,142.7100067138672,141.39999389648438,142.08999633789062,11667100,0.0011971282175668827,0.403402465221865,159.72720008850098
2013-05-06,142.3300018310547,142.4600067138672,141.6300048828125,142.14999389648438,7730300,0.0004221612830436374,0.3974959694334049,159.6706000518799
2013-05-07,140.3800048828125,140.63999938964844,139.3699951171875,140.3800048828125,13627400,-0.012529729074763163,0.3987403217890602,159.60725006103516
2013-05-08,141.77999877929688,142.80999755859375,141.49000549316406,142.4600067138672,11161100,0.01470823959319662,0.402012061802884,159.55265007019042
2013-05-09,141.3300018310547,142.36000061035156,140.50999450683594,140.80999755859375,8263000,-0.011649859087374476,0.40015697637750325,159.48835006713867
2013-05-10,138.22000122070312,139.75,137.25999450683594,139.60000610351562,14650600,-0.008630212541188757,0.4000968170634435,159.42120010375976
2013-05-13,138.4600067138672,138.97000122070312,138.16000366210938,138.42999267578125,6714100,-0.008416504259274501,0.36684488334381254,159.34575004577636
2013-05-14,137.9499969482422,139.16000366210938,137.63999938964844,137.80999755859375,9895700,-0.0044888226191427795,0.167090863724003,159.25645004272462
2013-05-15,136.58999633789062,136.97999572753906,134.22999572753906,134.6300048828125,19062400,-0.023345595911785897,0.1856626885250148,159.14575004577637
2013-05-16,133.17999267578125,134.47999572753906,133.0,134.08999633789062,12759200,-0.004019122278807547,0.1863677243640699,159.02850006103515
2013-05-17,133.1699981689453,133.47999572753906,131.02000427246094,131.07000732421875,20346500,-0.022779601469059194,0.19880094824897832,158.89670013427735
2013-05-20,130.8800048828125,135.32000732421875,130.85000610351562,135.1199951171875,21594000,0.030431648851024378,0.2249312034821676,158.78985008239746
2013-05-21,132.1699981689453,133.64999389648438,131.4499969482422,132.8800048828125,14542500,-0.01671673431161512,0.2220619565084127,158.6785501098633
2013-05-22,134.17999267578125,136.77000427246094,130.9499969482422,131.94000244140625,25975200,-0.007099209752431566,0.2219604853344841,158.56760009765625
2013-05-23,134.50999450683594,134.83999633789062,133.1199951171875,134.61000061035156,10267600,0.020034420891585903,0.23065601475421962,158.4629000854492
2013-05-24,134.11000061035156,134.50999450683594,133.63999938964844,133.75999450683594,5522600,-0.0063346049211476085,0.21300091052260842,158.35020004272462
2013-05-28,133.67999267578125,135.57000732421875,132.8000030517578,133.49000549316406,12466400,-0.0020204984510566455,0.21283536671609582,158.23625007629394
2013-05-29,134.08999633789062,134.91000366210938,133.63999938964844,134.8300018310547,8762200,0.009988129408433648,0.2129623582069427,158.12800010681153
2013-05-30,136.6699981689453,137.11000061035156,136.25999450683594,136.6999969482422,8611700,0.013773982178960965,0.2195871646648521,158.0265500640869
2013-05-31,135.7100067138672,136.0500030517578,133.88999938964844,133.9199981689453,9726600,-0.02054612833699834,0.22650754952295674,157.91025009155274
2013-06-03,134.77000427246094,136.97999572753906,134.42999267578125,136.50999450683594,9173000,0.019155238706458418,0.2371724607200808,157.8128500366211
2013-06-04,135.2100067138672,135.44000244140625,134.27000427246094,135.22999572753906,5505200,-0.00942083088363743,0.23830262515089132,157.71334999084473
2013-06-05,135.47000122070312,136.3699951171875,135.00999450683594,135.52000427246094,7444900,0.002142261538931351,0.2386295989382367,157.61279998779298
2013-06-06,135.38999938964844,137.6199951171875,134.97999572753906,136.52999877929688,9847700,0.007425099325577856,0.23783490653835274,157.51264999389647
2013-06-07,134.11000061035156,134.6199951171875,133.17999267578125,133.27999877929688,11054400,-0.024092192496149724,0.24280660810986762,157.39544998168947
2013-06-10,133.3000030517578,134.27999877929688,132.99000549316406,133.94000244140625,6142800,0.004939787449919778,0.24230836205793932,157.2788500213623
2013-06-11,132.30999755859375,133.50999450683594,132.24000549316406,133.25,7199300,-0.0051648936635613095,0.24147836646937365,157.15095001220703
2013-06-12,132.9499969482422,134.8300018310547,132.8300018310547,134.25,6550600,0.007476670343020137,0.24261061900537706,157.01950004577637
2013-06-13,133.30999755859375,134.1999969482422,132.82000732421875,133.74000549316406,7161800,-0.0038060756896859606,0.24251473238446905,156.87875007629395
2013-06-14,134.0,134.60000610351562,133.8800048828125,134.42999267578125,4278700,0.005145905283357988,0.22982107484785552,156.74105003356934
2013-06-17,133.88999938964844,134.05999755859375,133.52000427246094,133.77000427246094,4072300,-0.00492162373629442,0.2300376000687987,156.6031000518799
2013-06-18,132.72000122070312,132.9600067138672,131.52999877929688,132.1300048828125,7379300,-0.012335615865617823,0.21968348983433442,156.4555500793457
2013-06-19,132.5800018310547,133.14999389648438,130.3800048828125,130.58999633789062,13017800,-0.011723707191219441,0.19407521306775985,156.3055500793457
2013-06-20,125.22000122070312,126.37999725341797,123.33000183105469,123.5999984741211,28872100,-0.05501208351122277,0.2642515533848128,156.120950050354
2013-06-21,125.16000366210938,125.56999969482422,124.45999908447266,125.05000305175781,16600000,0.011663149049636777,0.2689360372749589,155.92510005950928
2013-06-24,124.30999755859375,124.69999694824219,123.30999755859375,123.93000030517578,12749300,-0.0089967891886606,0.2567390815029722,155.72235008239747
2013-06-25,123.6500015258789,123.9000015258789,122.87999725341797,123.47000122070312,9369200,-0.0037186710729782786,0.2565910779147481,155.518150100708
2013-06-26,119.87999725341797,119.9000015258789,118.05999755859375,118.27999877929688,24748800,-0.04294353680246575,0.28997925798236107,155.28510009765625
2013-06-27,119.0999984741211,119.51000213623047,115.6500015258789,115.94000244140625,30001900,-0.019981847694739895,0.2880490658804293,155.02260009765624
2013-06-28,115.22000122070312,119.33000183105469,114.68000030517578,119.11000061035156,32981900,0.026974604047993497,0.3033749611023706,154.78170013427734
2013-07-01,119.94000244140625,121.94999694824219,119.37999725341797,121.12999725341797,15945200,0.016816885336969126,0.30922298559415246,154.54785015106202
2013-07-02,121.33999633789062,121.47000122070312,119.77999877929688,120.05000305175781,10550300,-0.008955978266061641,0.2968939416251629,154.30850017547607
2013-07-03,120.69999694824219,121.7699966430664,120.54000091552734,120.73999786376953,6750300,0.005731107587480113,0.29939953261612856,154.05565017700195
2013-07-05,118.08000183105469,118.18000030517578,116.73999786376953,118.08999633789062,11592500,-0.022192441073447894,0.30351748203388657,153.7871001434326
2013-07-08,119.08999633789062,119.66000366210938,118.93000030517578,119.51000213623047,8652200,0.01195305315168202,0.3065357652246476,153.53265018463134
2013-07-09,120.83999633789062,121.51000213623047,120.05000305175781,120.62000274658203,8201400,0.009245063039676966,0.3039526642545485,153.27715019226073
2013-07-10,121.1500015258789,122.3499984741211,120.58999633789062,120.94999694824219,14697100,0.0027320810310944702,0.3031608071965228,153.02320014953614
2013-07-11,124.26000213623047,124.36000061035156,123.47000122070312,124.23999786376953,11279400,0.026837949821575214,0.3224112790600246,152.78705013275146
2013-07-12,123.5199966430664,124.30000305175781,123.31999969482422,124.12999725341797,6583800,-0.0008857802448473976,0.3201719034034983,152.5479000854492
2013-07-15,124.08000183105469,124.38999938964844,123.83999633789062,124.18000030517578,4133200,0.0004027469930758848,0.32049145578014127,152.31355007171632
2013-07-16,124.76000213623047,125.20999908447266,124.33000183105469,124.88999938964844,5577300,0.005701216593606186,0.3206866174719612,152.08415004730224
2013-07-17,125.04000091552734,125.69999694824219,122.7300033569336,123.31999969482422,10882400,-0.01265074444459673,0.3222307421082744,151.8517000579834
2013-07-18,124.11000061035156,124.5199966430664,123.77999877929688,124.01000213623047,6150900,0.005579624197672816,0.3222789017611295,151.6100500869751
2013-07-19,124.88999938964844,125.41999816894531,124.6500015258789,125.11000061035156,5767800,0.008831130466871416,0.323149261122892,151.37615009307862
2013-07-22,127.6500015258789,129.4600067138672,127.58999633789062,128.83999633789062,10851900,0.029377940831470724,0.27791468863783164,151.1589001083374
2013-07-23,128.6999969482422,130.13999938964844,128.35000610351562,129.7100067138672,8820100,0.006729945073879884,0.2762688617668243,150.94695011138916
2013-07-24,129.1699981689453,129.39999389648438,126.87000274658203,127.4800033569336,9979100,-0.017341725231021614,0.28181284706235743,150.72230010986328
2013-07-25,127.69999694824219,128.8699951171875,127.63999938964844,128.6699981689453,4702400,0.009291457084115504,0.2824704020743672,150.49760009765626
2013-07-26,128.11000061035156,128.97000122070312,126.77999877929688,128.77999877929688,6148500,0.000854539664784338,0.23074522768470648,150.2784001159668
2013-07-29,128.4499969482422,128.77999877929688,128.25,128.47000122070312,3554100,-0.002410089085684926,0.21519070848244,150.06050010681153
2013-07-30,127.94999694824219,128.30999755859375,127.22000122070312,128.1199951171875,4487700,-0.0027281369156585316,0.20090083509617887,149.84615005493163
2013-07-31,127.76000213623047,128.9199981689453,126.12999725341797,127.95999908447266,16015300,-0.0012495787031893267,0.1954545723526737,149.63175006866456
2013-08-01,127.83999633789062,127.88999938964844,126.33000183105469,126.61000061035156,10564300,-0.010606207573640596,0.19676441510884643,149.4082000350952
2013-08-02,126.73999786376953,127.25,126.31999969482422,126.36000061035156,6466300,-0.001976519588739746,0.19699757273933838,149.189700050354
2013-08-05,126.51000213623047,126.63999938964844,125.33999633789062,125.69999694824219,4003900,-0.005236889446047351,0.17846530851308912,148.97645000457763
2013-08-06,124.33000183105469,124.55000305175781,123.55000305175781,123.97000122070312,6016200,-0.01385848062127863,0.1844021912486762,148.74920001983642
2013-08-07,124.0,124.5999984741211,123.8499984741211,124.1500015258789,5304700,0.0014509135479650783,0.18237323174590153,148.52225006103515
2013-08-08,124.77999877929688,126.98999786376953,124.7699966430664,126.86000061035156,8653600,0.02159359677218957,0.19538367775000112,148.31260009765626
2013-08-09,126.51000213623047,127.2699966430664,126.30000305175781,126.86000061035156,6192000,0.0,0.1737917461357763,148.11205009460448
2013-08-12,129.57000732421875,129.7100067138672,128.8800048828125,129.1300048828125,7414300,0.017735565654740437,0.18298261167862515,147.91980010986327
2013-08-13,128.49000549316406,128.64999389648438,127.37999725341797,127.73999786376953,7336100,-0.0108227552615397,0.18818290852451117,147.7313501358032
2013-08-14,127.66000366210938,129.07000732421875,127.56999969482422,129.0,8713200,0.009815472951498759,0.1899144119582385,147.55205013275148
2013-08-15,128.05999755859375,132.36000061035156,127.9800033569336,131.69000244140625,17226300,0.020638289899497057,0.19354445883605145,147.3804001235962
2013-08-16,132.55999755859375,133.27000427246094,131.38999938964844,132.5800018310547,14447100,0.006735556363018295,0.19377031215463308,147.21365016937256
2013-08-19,132.3300018310547,132.5,131.58999633789062,132.00999450683594,8118400,-0.004308614943246926,0.19428909310359918,147.03955013275146
2013-08-20,132.02999877929688,133.1300048828125,132.02000427246094,132.4499969482422,7809100,0.003327556996308892,0.1681790409312813,146.87145008087157
2013-08-21,131.74000549316406,133.22999572753906,131.50999450683594,132.07000732421875,10720200,-0.002873052164441264,0.16757274758157795,146.7188000869751
2013-08-22,132.55999755859375,133.4600067138672,132.27000427246094,132.80999755859375,5741800,0.005587376516652108,0.1545093875114392,146.56670009613038
2013-08-23,132.5800018310547,135.24000549316406,132.5,134.89999389648438,11623400,0.015614200939507474,0.15975774620687,146.409700050354
2013-08-26,134.8800048828125,135.60000610351562,134.14999389648438,135.4499969482422,7692100,0.004068828031624427,0.1597916098763402,146.2545000076294
2013-08-27,136.94000244140625,137.5500030517578,136.52000427246094,136.75,11283300,0.00955189530149838,0.16062089426016324,146.09829998016357
2013-08-28,137.2100067138672,137.4600067138672,136.66000366210938,136.7100067138672,13650400,-0.00029249824790502016,0.15975061420162015,145.94274997711182
2013-08-29,136.1199951171875,136.5500030517578,135.4199981689453,135.8699951171875,7939400,-0.006163432755339088,0.1623188342611369,145.78484996795655
2013-08-30,134.64999389648438,135.7100067138672,134.44000244140625,134.6199951171875,7680000,-0.009242551987358015,0.16095680740218057,145.6224499130249
2013-09-03,135.4600067138672,136.7899932861328,135.02999877929688,136.4199981689453,8100700,0.013282390492898161,0.16376149161553502,145.46884990692138
2013-09-04,134.61000061035156,134.83999633789062,133.72000122070312,134.66000366210938,7785400,-0.012985238492024438,0.17109376167721668,145.3116999435425
2013-09-05,134.1300048828125,134.35000610351562,131.8000030517578,132.1999969482422,11118600,-0.01843720597917757,0.17748808160796525,145.14329990386963
2013-09-06,133.4199981689453,134.39999389648438,133.3300018310547,134.14999389648438,8448700,0.014642627040753583,0.18181063317145377,144.9746998977661
2013-09-09,134.1300048828125,134.32000732421875,133.6699981689453,133.91000366210938,5090500,-0.0017905715189216484,0.17048774433900837,144.8072999191284
2013-09-10,131.82000732421875,132.0,131.11000061035156,131.74000549316406,8433100,-0.016337634945460925,0.18256344972529126,144.62819995880128
2013-09-11,131.5800018310547,131.80999755859375,131.25999450683594,131.6999969482422,5046600,-0.0003037393323617421,0.1731735846047276,144.43864994049073
2013-09-12,128.6199951171875,128.77999877929688,127.61000061035156,127.66999816894531,12944000,-0.03107779008702503,0.2022758253420078,144.22984996795654
2013-09-13,127.16000366210938,127.95999908447266,126.20999908447266,127.81999969482422,12060400,0.0011742263444235006,0.1991694446865506,144.02539993286132
2013-09-16,127.4800033569336,128.02000427246094,126.33000183105469,126.44999694824219,9829100,-0.010776072852725437,0.1866179620094812,143.82489990234376
2013-09-17,126.80999755859375,126.98999786376953,126.11000061035156,126.5,8135500,0.0003953591857079829,0.18418349059834305,143.62149993896483
2013-09-18,125.31999969482422,132.16000366210938,125.1500015258789,132.00999450683594,24780000,0.042635327513365635,0.24065703088833873,143.45129989624024
2013-09-19,132.0,132.77999877929688,131.22000122070312,131.75,14353900,-0.001971448259468817,0.24043380564656244,143.27939987182617
2013-09-20,130.60000610351562,130.91000366210938,127.9000015258789,127.95999908447266,19558200,-0.029188479494947676,0.26049253690806345,143.0970998764038
2013-09-23,127.5199966430664,128.44000244140625,127.33000183105469,127.55000305175781,7421800,-0.0032092394127312043,0.25925398174022973,142.91424991607667
2013-09-24,126.4000015258789,128.2100067138672,126.33999633789062,127.66000366210938,7349700,0.000862040000545821,0.25160308614170895,142.7300499343872
2013-09-25,127.56999969482422,129.2100067138672,127.5199966430664,128.7899932861328,7519100,0.008812610259893472,0.2537214505647091,142.54819988250733
2013-09-26,128.61000061035156,128.99000549316406,127.31999969482422,127.79000091552734,9491300,-0.007794819989308921,0.2505203666479727,142.35814987182619
2013-09-27,128.86000061035156,129.5800018310547,128.83999633789062,128.97000122070312,7430200,0.009191529856392782,0.25404949207232197,142.17474990844727
2013-09-30,127.94999694824219,129.13999938964844,127.69999694824219,128.17999267578125,8979000,-0.006144359705342492,0.25404629564545633,141.98679985046385
2013-10-01,125.25,125.26000213623047,123.80999755859375,124.58999633789062,16721100,-0.028407152018487033,0.2684598086628113,141.78789985656738
2013-10-02,125.37000274658203,127.80999755859375,125.33999633789062,127.05999755859375,11994200,0.01963107970630708,0.2743523744151194,141.6025498199463
2013-10-03,126.7699966430664,127.69000244140625,126.22000122070312,127.18000030517578,11632900,0.0009440116150262174,0.2724473608959482,141.41624980926514
2013-10-04,127.05000305175781,127.1500015258789,126.0,126.52999877929688,6923700,-0.005123983685186541,0.2666119387279716,141.23849979400634
2013-10-07,127.25,128.3300018310547,127.12000274658203,127.63999938964844,6732800,0.008734372074589061,0.2626973681842573,141.06824977874757
2013-10-08,127.79000091552734,128.4499969482422,127.20999908447266,127.4000015258789,6999700,-0.0018820415130879548,0.26269502244467796,140.90659980773927
2013-10-09,126.20999908447266,126.88999938964844,124.97000122070312,126.11000061035156,10705100,-0.01017720830751646,0.2594151121949618,140.73549980163574
2013-10-10,125.33999633789062,125.83000183105469,124.0999984741211,124.2699966430664,10523600,-0.014697956002940963,0.2629415989224987,140.55374980926513
2013-10-11,122.37000274658203,122.80999755859375,121.8499984741211,122.5999984741211,15972600,-0.013529579748560205,0.24558771997813234,140.36284980773925
2013-10-14,123.9000015258789,124.23999786376953,122.80999755859375,122.83000183105469,6118200,0.0018742894021133204,0.24571114310766543,140.17119979858398
2013-10-15,122.27999877929688,124.36000061035156,122.22000122070312,123.7300033569336,8384200,0.007300498898775199,0.24545896439797948,139.98714984893797
2013-10-16,123.5199966430664,123.88999938964844,122.51000213623047,123.54000091552734,8523400,-0.001536801678475267,0.2454083001447245,139.79474983215331
2013-10-17,127.01000213623047,127.86000061035156,126.80999755859375,127.41999816894531,11785100,0.030923704639582567,0.22125851786503842,139.6159998321533
2013-10-18,126.87000274658203,127.33000183105469,126.5999984741211,126.8499984741211,5350500,-0.0044834283018233756,0.22147047910327253,139.4442498397827
2013-10-21,127.12999725341797,127.33999633789062,126.79000091552734,126.9800033569336,3395200,0.0010243461627259776,0.19787377089544517,139.27694984436036
2013-10-22,128.25,129.80999755859375,128.22000122070312,129.33999633789062,8849000,0.018414947525612457,0.20788454451913638,139.1264998626709
2013-10-23,128.5500030517578,129.08999633789062,128.35000610351562,128.69000244140625,5092200,-0.0050381372278342695,0.20881625304242152,138.96714988708496
2013-10-24,129.41000366210938,130.52999877929688,129.41000366210938,129.89999389648438,10221400,0.009358446213496314,0.20910226507431975,138.81419982910157
2013-10-25,129.52999877929688,130.9199981689453,129.4600067138672,130.4600067138672,8767900,0.00430184114069166,0.20731375831225232,138.6565998840332
2013-10-28,130.41000366210938,131.44000244140625,130.10000610351562,130.55999755859375,6807800,0.0007661546853194367,0.20515449122436308,138.5040998840332
2013-10-29,130.16000366210938,130.58999633789062,129.57000732421875,129.77000427246094,5328500,-0.006069186843828599,0.20512359240234015,138.34524993896486
2013-10-30,130.8300018310547,131.22000122070312,128.80999755859375,129.60000610351562,8896000,-0.001310854659270559,0.1763184040646071,138.18044998168946
2013-10-31,128.0399932861328,128.49000549316406,127.30000305175781,127.73999786376953,7753300,-0.014455899603027917,0.17257155789077838,138.00590000152587
2013-11-01,126.86000061035156,127.16999816894531,126.05000305175781,126.94999694824219,9566200,-0.006203647298539357,0.17398205557305021,137.8238999557495
2013-11-04,127.18000030517578,127.5199966430664,126.73999786376953,126.80999755859375,3819300,-0.0011034001173000462,0.1730702593701047,137.64249996185302
2013-11-05,126.70999908447266,126.86000061035156,126.0,126.55999755859375,4941200,-0.0019733992654948685,0.17029605805845308,137.45694995880126
2013-11-06,127.11000061035156,127.36000061035156,126.91999816894531,127.19999694824219,3544900,0.00504414218537563,0.17122659012341568,137.27689990997314
2013-11-07,126.13999938964844,126.8499984741211,125.86000061035156,126.16000366210938,7700100,-0.008209655231932443,0.16989437925706843,137.10059993743897
2013-11-08,124.45999908447266,124.45999908447266,123.62000274658203,124.27999877929688,8427300,-0.015013896979636615,0.17024238345805123,136.91874996185302
2013-11-11,123.91999816894531,123.97000122070312,123.66000366210938,123.87000274658203,3277700,-0.003304423963436345,0.16355398917461622,136.73665000915528
2013-11-12,123.51000213623047,123.87000274658203,121.7300033569336,122.44999694824219,7705600,-0.011529892263514105,0.1686375736723529,136.54394996643066
2013-11-13,122.97000122070312,123.23999786376953,122.38999938964844,122.8499984741211,5967000,0.00326132807082609,0.16696195605704015,136.34724994659425
2013-11-14,123.91999816894531,124.91000366210938,123.87999725341797,124.2699966430664,7669700,0.011492504258155503,0.1718151817758998,136.16259994506837
2013-11-15,124.16000366210938,124.5199966430664,124.06999969482422,124.31999969482422,4660700,0.00040229335990021333,0.13088267348881713,135.97694995880127
2013-11-18,123.69999694824219,123.95999908447266,122.55000305175781,122.9000015258789,6241300,-0.01148785517697459,0.13528996181874473,135.78144996643067
2013-11-19,122.97000122070312,123.4000015258789,122.83000183105469,122.94999694824219,3666500,0.0004067148534695573,0.13516124514714076,135.58639991760253
2013-11-20,121.66999816894531,122.44000244140625,119.76000213623047,120.12000274658203,14281000,-0.023286477860624745,0.13479949838641367,135.37504993438722
2013-11-21,119.80999755859375,120.3499984741211,119.30999755859375,119.94000244140625,7557500,-0.0014996278848543561,0.13485520306669388,135.16554996490478
2013-11-22,120.23999786376953,120.4000015258789,119.81999969482422,119.91999816894531,6774400,-0.00016679957021943872,0.12737135403007585,134.95729991912842
2013-11-25,119.18000030517578,121.0,119.12999725341797,120.45999908447266,7266300,0.004492901489940914,0.1275262329330541,134.76109992980957
2013-11-26,119.83999633789062,120.4000015258789,119.58999633789062,119.81999969482422,9053300,-0.005327125906487885,0.12652159444971578,134.56074993133544
2013-11-27,120.48999786376953,120.69000244140625,119.25,119.45999908447266,6144600,-0.0030090344685490583,0.12636172791341657,134.36279991149902
2013-11-29,120.66999816894531,121.05000305175781,120.62000274658203,120.69999694824219,2364700,0.01032652317938159,0.13551400391088975,134.17454986572267
2013-12-02,119.19999694824219,119.29000091552734,117.5,117.58000183105469,10297100,-0.026189134272709247,0.15260617912985203,133.98364990234376
2013-12-03,117.58000183105469,118.30999755859375,117.2300033569336,117.95999908447266,7004800,0.003226607638787976,0.15433543016662335,133.79679988861085
2013-12-04,118.33000183105469,120.76000213623047,118.16000366210938,119.95999908447266,9110700,0.016812770063131668,0.16956475301659962,133.63939987182619
2013-12-05,118.19999694824219,119.23999786376953,117.41000366210938,118.30000305175781,10254700,-0.013934549467759712,0.17397354255571715,133.46779991149901
2013-12-06,118.86000061035156,119.26000213623047,118.01000213623047,118.55000305175781,7909500,0.00211104147267288,0.1725098305145243,133.2956999206543
2013-12-09,118.98999786376953,119.91999816894531,118.94999694824219,119.72000122070312,5510400,0.009820854927032762,0.17735387507691608,133.12259994506837
2013-12-10,122.13999938964844,122.31999969482422,121.47000122070312,121.81999969482422,9155600,0.01738884972238615,0.1839330536766507,132.95059993743897
2013-12-11,121.48999786376953,121.80999755859375,120.76000213623047,120.86000061035156,9934900,-0.00791168691971828,0.18536237832902291,132.78204990386962
2013-12-12,118.61000061035156,118.81999969482422,118.02999877929688,118.29000091552734,8810800,-0.021493611686152832,0.1953237943075499,132.60849990844727
2013-12-13,118.88999938964844,119.48999786376953,118.76000213623047,119.37999725341797,6482100,0.009172415436119621,0.19824644029338997,132.44319988250732
2013-12-16,119.26000213623047,120.7699966430664,118.97000122070312,119.69000244140625,8189500,0.0025934275495750453,0.19330992279678372,132.28014987945556
2013-12-17,118.95999908447266,119.9000015258789,118.37000274658203,118.6500015258789,8589100,-0.008727091540916273,0.19458914643236633,132.1114998626709
2013-12-18,119.0,120.05000305175781,117.29000091552734,117.61000061035156,16265000,-0.008803924689540665,0.19319612308632872,131.93339988708496
2013-12-19,115.97000122070312,116.05999755859375,114.5,114.81999969482422,15955400,-0.024008388970939976,0.20721642195082707,131.74404987335205
2013-12-20,115.37000274658203,116.47000122070312,115.05999755859375,115.94000244140625,14693700,0.009707154887455789,0.19836557038864353,131.56019985198975
2013-12-23,115.61000061035156,116.12000274658203,115.43000030517578,115.56999969482422,6237300,-0.0031964326223482427,0.19843249428779589,131.37309982299806
2013-12-24,115.79000091552734,116.29000091552734,115.70999908447266,116.0999984741211,3353900,0.004575471214311559,0.19959109083834375,131.1826498031616
2013-12-26,117.2300033569336,117.2300033569336,116.6500015258789,116.73999786376953,3868400,0.005497345915552918,0.2000036374076705,130.9980497741699
2013-12-27,117.30999755859375,117.37999725341797,116.8499984741211,117.12000274658203,4206200,0.003249852187408676,0.20013915645636537,130.81524982452393
2013-12-30,116.37000274658203,116.4000015258789,115.18000030517578,115.38999938964844,6703200,-0.014881383746899304,0.20572471822286859,130.62219982147218
2013-12-31,114.61000061035156,117.12999725341797,114.45999908447266,116.12000274658203,12835900,0.006306472892281937,0.203231979406572,130.425899810791
2014-01-02,117.93000030517578,118.7300033569336,117.75,118.0,7551000,0.016060461656273138,0.19183724909872005,130.23549980163574
2014-01-03,118.63999938964844,119.62000274658203,118.58999633789062,119.29000091552734,5874400,0.01087288650299346,0.19517203478253686,130.05509983062746
2014-01-06,119.76000213623047,120.38999938964844,117.11000061035156,119.5,10106500,0.001758860402907068,0.1861075979959276,129.87134983062745
2014-01-07,118.45999908447266,118.91999816894531,118.12999725341797,118.81999969482422,6433700,-0.005706631012357315,0.18054671583452428,129.68769981384278
2014-01-08,117.98999786376953,118.5199966430664,117.5,118.12000274658203,7428500,-0.005908660231014066,0.18161629518767267,129.50209980010987
2014-01-09,118.11000061035156,118.69000244140625,117.98999786376953,118.45999908447266,3972800,0.002874262992047153,0.17836498699259268,129.32079978942872
2014-01-10,119.72000122070312,120.43000030517578,119.58000183105469,120.26000213623047,7993200,0.015080740254614516,0.17560546972856728,129.1452997970581
2014-01-13,120.2699966430664,121.04000091552734,120.19999694824219,121.0199966430664,5872700,0.006299710080651556,0.17506356546806748,128.97814979553223
2014-01-14,120.54000091552734,121.05999755859375,119.72000122070312,119.88999938964844,7505400,-0.009381142826874576,0.16071085910443003,128.80424980163573
2014-01-15,119.19000244140625,119.80999755859375,119.11000061035156,119.66000366210938,5474300,-0.0019202320624570302,0.15785871751450065,128.64039985656737
2014-01-16,119.83999633789062,119.95999908447266,119.56999969482422,119.79000091552734,3949500,0.001085798819833523,0.15764630762678516,128.48569988250733
2014-01-17,120.3499984741211,121.0199966430664,120.19999694824219,120.93000030517578,7923400,0.009471650934748868,0.15749963286726182,128.33889991760253
2014-01-21,119.2300033569336,119.97000122070312,119.2300033569336,119.69999694824219,6763500,-0.01022328125188354,0.15867458883197053,128.17334991455078
2014-01-22,119.6500015258789,119.7699966430664,119.16999816894531,119.19000244140625,4891800,-0.0042697080909429135,0.1322635991072669,128.00849990844728
2014-01-23,120.97000122070312,122.0199966430664,120.97000122070312,121.79000091552734,11028200,0.02157937863834963,0.14682331003570065,127.85074993133544
2014-01-24,122.05999755859375,122.5,121.55000305175781,122.29000091552734,8515700,0.004097023071523926,0.14552354315112592,127.70844993591308
2014-01-27,121.6500015258789,122.05999755859375,120.72000122070312,120.95999908447266,7528600,-0.010935375825426051,0.15273406678457346,127.55799991607665
2014-01-28,121.31999969482422,121.4000015258789,120.41000366210938,120.94999694824219,5149500,-8.269303790833496e-05,0.15232500997768494,127.44299991607666
2014-01-29,122.19000244140625,122.51000213623047,121.12999725341797,122.47000122070312,12257500,0.012488900176089597,0.156815456157678,127.39879993438721
2014-01-30,119.66999816894531,120.22000122070312,119.5999984741211,119.7699966430664,8746500,-0.022292903069312663,0.16860283439916718,127.33364990234375
2014-01-31,120.6500015258789,120.86000061035156,119.45999908447266,120.08999633789062,7983100,0.0026682222466366365,0.16783983420890064,127.26974990844727
2014-02-03,120.47000122070312,122.11000061035156,120.31999969482422,121.31999969482422,9267300,0.010190249127034517,0.1626183186337097,127.2048498916626
2014-02-04,120.41000366210938,121.08999633789062,120.38999938964844,120.98999786376953,7027400,-0.002723800407789108,0.1593437480578459,127.13244987487793
2014-02-05,121.76000213623047,121.87999725341797,120.7300033569336,121.29000091552734,6800000,0.0024764999719102173,0.15942469202493273,127.04939990997315
2014-02-06,121.37999725341797,121.51000213623047,120.77999877929688,121.23999786376953,4745800,-0.00041234529928657837,0.15778710814527977,126.97119987487793
2014-02-07,121.23999786376953,122.23999786376953,121.2300033569336,122.16999816894531,6674700,0.007641467858454635,0.15733598111686836,126.89019989013671
2014-02-10,122.80000305175781,123.16000366210938,122.72000122070312,122.91999816894531,7931200,0.006120219937763649,0.15806593624560214,126.79664985656738
2014-02-11,123.37999725341797,124.75,123.36000061035156,124.36000061035156,11546000,0.011646867732522596,0.15483423344168845,126.71389984130859
2014-02-12,124.4000015258789,124.9800033569336,124.12999725341797,124.43000030517578,6651900,0.0005627211416357906,0.153911109312877,126.62454982757568
2014-02-13,124.69999694824219,125.5999984741211,124.66000366210938,125.48999786376953,9167900,0.008482745858973658,0.15066277254132127,126.53814979553222
2014-02-14,126.98999786376953,127.37999725341797,126.75,127.1500015258789,11147900,0.01314144676964577,0.15449137362593107,126.46834980010986
2014-02-18,127.41999816894531,127.75,127.08999633789062,127.4000015258789,7685800,0.001964251246385302,0.15439197106718008,126.39574981689454
2014-02-19,127.26000213623047,127.44999694824219,126.16000366210938,126.2699966430664,9384100,-0.00890931024990728,0.1576783457604144,126.31664981842042
2014-02-20,126.75,127.75,126.4000015258789,127.5999984741211,10572900,0.01047791408716357,0.15361751689485736,126.24389984130859
2014-02-21,127.56999969482422,128.07000732421875,127.1500015258789,127.58000183105469,7298200,-0.00015672578637373395,0.15180038307482513,126.1798998260498
2014-02-24,128.50999450683594,129.07000732421875,128.33999633789062,128.99000549316406,12114200,0.010991291396995246,0.1396250134376866,126.1125498199463
2014-02-25,128.6199951171875,129.52999877929688,128.57000732421875,129.2100067138672,5786000,0.0017041151320099485,0.13957696633138478,126.05454986572266
2014-02-26,128.49000549316406,128.75999450683594,127.41999816894531,128.11000061035156,7052900,-0.008549765062402548,0.136876007201372,125.99709983825683
2014-02-27,128.39999389648438,128.8000030517578,127.88999938964844,128.1999969482422,5066500,0.0007022460492867505,0.13669932305828247,125.94594985961913
2014-02-28,128.27000427246094,128.35000610351562,127.1500015258789,127.62000274658203,10584100,-0.00453440072014137,0.1341485733829673,125.89499988555909
2014-03-03,130.0,130.58999633789062,129.80999755859375,130.2899932861328,11741100,0.02070556372289368,0.11790313326728741,125.87329982757568
2014-03-04,128.5399932861328,129.24000549316406,128.32000732421875,128.67999267578125,6341700,-0.012434038231916314,0.13095176907419653,125.84624980926513
2014-03-05,128.7100067138672,129.33999633789062,128.5800018310547,128.88999938964844,4878500,0.0016306772285005259,0.12860458920442094,125.83534976959228
2014-03-06,129.7100067138672,130.47000122070312,129.47000122070312,130.1699981689453,5408900,0.009881951730484863,0.12909356501543404,125.81059978485108
2014-03-07,128.25,129.22999572753906,128.2100067138672,129.08999633789062,7575000,-0.008331467261762834,0.13542858245263478,125.79164974212647
2014-03-10,128.8800048828125,129.61000061035156,128.77999877929688,129.1300048828125,4169900,0.00030987952174799755,0.13522440598245325,125.7775997543335
2014-03-11,130.00999450683594,130.14999389648438,128.92999267578125,129.86000061035156,7289800,0.0056372651087014634,0.1345345121817156,125.7538497543335
2014-03-12,131.55999755859375,132.1199951171875,131.38999938964844,131.75999450683594,11094200,0.01452509239828917,0.14009940145147212,125.7438497543335
2014-03-13,131.69000244140625,132.5399932861328,131.55999755859375,132.2100067138672,8007700,0.00340957412514151,0.13678780412640207,125.73744976043702
2014-03-14,133.67999267578125,133.69000244140625,132.35000610351562,133.10000610351562,11939600,0.006709152953836264,0.13711284212774755,125.72879978179931
2014-03-17,132.72999572753906,133.22000122070312,131.22000122070312,131.63999938964844,14626800,-0.01102985181906253,0.14413499802408153,125.70349979400635
2014-03-18,130.38999938964844,131.27000427246094,130.3300018310547,130.6199951171875,6424400,-0.0077786123459218795,0.1424773838320555,125.68699977874756
2014-03-19,129.5500030517578,129.67999267578125,127.94000244140625,128.08999633789062,12932900,-0.01955919383977943,0.1596525438439233,125.64489978790283
2014-03-20,127.77999877929688,128.41000366210938,127.58000183105469,127.86000061035156,7690800,-0.0017971931407437896,0.15637470673074935,125.60804981231689
2014-03-21,129.0399932861328,129.08999633789062,128.41000366210938,128.47000122070312,7237300,0.004759503433198317,0.1530405547115767,125.57279979705811
2014-03-24,126.87000274658203,127.13999938964844,126.02999877929688,126.18000030517578,13076500,-0.017985962184133498,0.16568581350225528,125.5210498046875
2014-03-25,126.44000244140625,126.81999969482422,126.23999786376953,126.41000366210938,6566900,0.0018211601163198826,0.1606222736115945,125.48669982910157
2014-03-26,126.2699966430664,126.37999725341797,125.12999725341797,125.41000366210938,8575400,-0.0079422224405048,0.16207408876722737,125.44404983520508
2014-03-27,125.05999755859375,125.29000091552734,124.20999908447266,124.58999633789062,7312300,-0.006560082119566911,0.1611151854228932,125.40074981689453
2014-03-28,124.2300033569336,124.95999908447266,123.87999725341797,124.55999755859375,7253700,-0.00024080899198659537,0.16099862433999207,125.3522998046875
2014-03-31,124.5199966430664,124.79000091552734,123.56999969482422,123.61000061035156,12379200,-0.007656055088048172,0.16213049098275842,125.30164978027344
2014-04-01,123.70999908447266,123.8499984741211,123.11000061035156,123.38999938964844,5992000,-0.0017813868735330133,0.1405685337554839,125.24644981384277
2014-04-02,124.41000366210938,124.75,124.19000244140625,124.31999969482422,4907800,0.0075088182006584885,0.1399480065994756,125.1991997909546
2014-04-03,123.75,124.26000213623047,123.58999633789062,123.91999816894531,3658800,-0.0032227028320670663,0.13952746696203072,125.15814975738526
2014-04-04,125.19999694824219,125.95999908447266,124.86000061035156,125.56999969482422,7278400,0.013227188238038482,0.14350297456667033,125.13304977416992
2014-04-07,125.06999969482422,125.47000122070312,124.83999633789062,124.91000366210938,3967200,-0.0052698622747470985,0.1421090141223061,125.13959980010986
2014-04-08,126.33999633789062,126.33999633789062,125.9000015258789,126.08999633789062,6939100,0.009402401345718429,0.14702793311854917,125.14479976654053
2014-04-09,125.45999908447266,126.72000122070312,125.33000183105469,126.31999969482422,5305600,0.0018224588899723945,0.14539896318206347,125.15674976348878
2014-04-10,126.94999694824219,127.37000274658203,126.81999969482422,127.01000213623047,5003200,0.005447472804123671,0.13603647791287182,125.17444976806641
2014-04-11,127.04000091552734,127.30999755859375,126.7300033569336,126.93000030517578,4697200,-0.0006300845312460606,0.13482088753966526,125.2176997756958
2014-04-14,127.80000305175781,128.25,127.62000274658203,127.8499984741211,6677400,0.007221933997910394,0.13524644866667251,125.27724975585937
2014-04-15,124.79000091552734,125.69999694824219,124.5999984741211,125.48999786376953,9967600,-0.018631632703176887,0.14398220745855697,125.30914974212646
2014-04-16,125.37000274658203,125.56999969482422,125.02999877929688,125.54000091552734,4071300,0.00039838308299643756,0.14282802492834878,125.33119976043702
2014-04-17,125.37999725341797,125.52999877929688,124.56999969482422,124.75,5901900,-0.006312705550471783,0.1288679406222007,125.35469974517822
2014-04-21,124.06999969482422,124.33000183105469,123.76000213623047,124.23999786376953,6579200,-0.004096572985582176,0.12923477000309316,125.37219974517822
2014-04-22,124.1500015258789,124.16000366210938,122.91999816894531,123.77999877929688,6898100,-0.0037093751967073626,0.12749375100512506,125.40064975738525
2014-04-23,123.69999694824219,123.94000244140625,123.37999725341797,123.76000213623047,3736600,-0.000161562923454372,0.11306539926391747,125.42189975738525
2014-04-24,122.87000274658203,125.12000274658203,122.83999633789062,124.55999755859375,8754200,0.006443284399615783,0.11558411389229649,125.44159973144531
2014-04-25,125.16999816894531,125.70999908447266,125.06999969482422,125.43000030517578,7023700,0.0069603285441200615,0.11535040290296324,125.46399974822998
2014-04-28,125.30000305175781,125.33999633789062,124.44999694824219,124.87999725341797,4897900,-0.004394582256213849,0.11403326802720176,125.46719974517822
2014-04-29,124.94999694824219,125.37999725341797,124.6500015258789,124.86000061035156,5241600,-0.00016013969152065024,0.11403047712614343,125.4708497619629
2014-04-30,124.19000244140625,125.05000305175781,123.81999969482422,124.22000122070312,10352900,-0.00513891756378345,0.11218768800893754,125.47104976654053
2014-05-01,123.16999816894531,123.83000183105469,123.05999755859375,123.80000305175781,6687300,-0.0033868120568972798,0.11268788221567597,125.46559978485108
2014-05-02,123.69000244140625,125.66999816894531,123.33000183105469,125.05999755859375,9912900,0.010126217716067469,0.11517646897511187,125.47429977416992
2014-05-05,126.47000122070312,126.62999725341797,126.0,126.22000122070312,5196500,0.00923282321005491,0.11843587689985434,125.48534976959229
2014-05-06,126.0199966430664,126.11000061035156,125.62999725341797,125.9800033569336,3488000,-0.0019032349869848157,0.10983972662644059,125.4896997833252
2014-05-07,125.5199966430664,125.56999969482422,123.91999816894531,124.16999816894531,8469900,-0.014471611157944956,0.11974482922427451,125.46634979248047
2014-05-08,124.19000244140625,124.47000122070312,123.88999938964844,124.16999816894531,3695500,0.0,0.11447634719038591,125.43864974975585
2014-05-09,124.38999938964844,124.47000122070312,123.81999969482422,124.0999984741211,3120000,-0.0005638997673951992,0.11410361190249266,125.4217497253418
2014-05-12,125.4000015258789,125.41999816894531,124.69000244140625,124.94000244140625,4025500,0.006745961691050962,0.11509016734669772,125.4030997467041
2014-05-13,124.79000091552734,125.0999984741211,124.5,124.5999984741211,2643500,-0.0027250474989195758,0.11528385548411106,125.38219974517823
2014-05-14,125.80000305175781,125.95999908447266,125.44000244140625,125.80999755859375,4015900,0.009664218850403477,0.11773156259372093,125.36889972686768
2014-05-15,124.7699966430664,125.51000213623047,124.54000091552734,124.7699966430664,5861100,-0.008300797439581266,0.10242233498532222,125.35214973449708
2014-05-16,124.3499984741211,124.7699966430664,124.29000091552734,124.5,4052100,-0.002166299613193375,0.10259536842642712,125.33484973907471
2014-05-19,125.27999877929688,125.47000122070312,124.4800033569336,124.58000183105469,3902600,0.000642378619059264,0.10034590596802011,125.32469974517822
2014-05-20,124.12000274658203,124.91000366210938,124.08999633789062,124.69000244140625,3770800,0.0008825820644809731,0.09930224619406654,125.3163497543335
2014-05-21,124.25,124.55000305175781,123.52999877929688,124.38999938964844,6846500,-0.002408890273186768,0.09876246485449862,125.30979976654052
2014-05-22,125.13999938964844,125.23999786376953,124.54000091552734,124.66999816894531,3458800,0.0022484453545559245,0.0989933985138471,125.31329975128173
2014-05-23,124.5999984741211,124.66000366210938,124.19000244140625,124.51000213623047,2205900,-0.0012841805482511725,0.09658921720039727,125.3150997543335
2014-05-27,122.9800033569336,123.06999969482422,121.75,121.8499984741211,10895800,-0.02159528357280623,0.1187102932558499,125.29004974365235
2014-05-28,121.47000122070312,121.69999694824219,120.91999816894531,121.19999694824219,6736800,-0.005348719092920464,0.11906119380233175,125.2617497253418
2014-05-29,120.77999877929688,121.45999908447266,120.7699966430664,120.94000244140625,5551900,-0.0021474734237060316,0.11899432541789083,125.22079971313477
2014-05-30,120.76000213623047,120.80999755859375,119.62000274658203,120.43000030517578,8749600,-0.0042259012255481555,0.11868599351808905,125.1842497253418
2014-06-02,119.93000030517578,120.45999908447266,119.61000061035156,119.69999694824219,5916100,-0.006080086737565226,0.11959570005453381,125.13774971008301
2014-06-03,119.7300033569336,120.08999633789062,119.41999816894531,120.01000213623047,5008300,0.002586503374912596,0.11294509852358856,125.07934970855713
2014-06-04,120.0999984741211,120.16000366210938,119.68000030517578,119.76000213623047,3859500,-0.002085332494818545,0.10535947533784183,125.01524971008301
2014-06-05,120.55000305175781,120.87999725341797,120.43000030517578,120.66000366210938,4180400,0.007486945414296175,0.11090695246529991,124.95849975585938
2014-06-06,120.68000030517578,120.7699966430664,119.94000244140625,120.61000061035156,4807700,-0.00041449870757462217,0.10135574287776887,124.89929977416992
2014-06-09,120.79000091552734,120.8499984741211,120.56999969482422,120.6500015258789,2788000,0.0003316000625026315,0.10141933427021811,124.84219974517822
2014-06-10,121.29000091552734,121.47000122070312,121.20999908447266,121.38999938964844,3556600,0.006114693163497651,0.10467422670814235,124.7850997543335
2014-06-11,121.51000213623047,121.61000061035156,121.18000030517578,121.41000366210938,3572300,0.00016477983735385757,0.10091223593137183,124.71764980316162
2014-06-12,121.91999816894531,122.75,121.83000183105469,122.63999938964844,7388500,0.010079951867740265,0.10822179060610802,124.65359981536865
2014-06-13,122.56999969482422,123.04000091552734,122.51000213623047,122.95999908447266,4026600,0.0026058621978226784,0.10225715172246687,124.58464981079102
2014-06-16,122.87999725341797,123.01000213623047,122.30000305175781,122.41999816894531,5832800,-0.004401351318836742,0.09965203315786238,124.5131997680664
2014-06-17,121.8499984741211,122.5,121.81999969482422,122.27999877929688,4032800,-0.0011442534259886873,0.09955193893657889,124.44524978637695
2014-06-18,122.22000122070312,122.80000305175781,122.08999633789062,122.66999816894531,4601700,0.0031843210782079717,0.100419904756313,124.38549980163575
2014-06-19,124.33000183105469,127.2300033569336,124.31999969482422,126.94000244140625,24374800,0.03421674499309155,0.1574089213213301,124.33809982299805
2014-06-20,126.31999969482422,127.06999969482422,126.20999908447266,126.5,9954700,-0.0034722449435065487,0.1577292217464905,124.2972998046875
2014-06-23,126.6500015258789,126.94000244140625,126.37000274658203,126.8499984741211,5142800,0.0027629658487138523,0.157798770336076,124.2705498123169
2014-06-24,127.22000122070312,127.31999969482422,126.7300033569336,126.9800033569336,6350200,0.0010243461627259776,0.15761241808968018,124.23469985961914
2014-06-25,126.77999877929688,127.55000305175781,126.66000366210938,126.98999786376953,6692300,7.870619989025702e-05,0.13480690203698453,124.20009983062744
2014-06-26,126.52999877929688,126.91999816894531,126.19999694824219,126.7300033569336,5529800,-0.002049460796069654,0.1330234634743038,124.1750498199463
2014-06-27,126.87999725341797,127.16999816894531,126.6500015258789,126.66000366210938,4200300,-0.0005525055816399519,0.1324917364628576,124.14984985351562
2014-06-30,126.52999877929688,128.0399932861328,126.37000274658203,128.0399932861328,18123400,0.010836302664764272,0.13355606892376534,124.15169982910156
2014-07-01,127.98999786376953,128.1199951171875,127.48999786376953,127.69999694824219,8145900,-0.002658923525334879,0.13115615669325204,124.15109981536865
2014-07-02,127.76000213623047,128.24000549316406,127.63999938964844,127.69999694824219,5738900,0.0,0.13158430954107875,124.15734981536865
2014-07-03,126.79000091552734,127.29000091552734,126.61000061035156,127.16000366210938,4922500,-0.004237574298798854,0.1328289304825974,124.1606498336792
2014-07-07,126.62999725341797,127.02999877929688,126.2300033569336,127.0199966430664,4630200,-0.0011016368953835223,0.13238656180325084,124.13569984436035
2014-07-08,127.29000091552734,127.52999877929688,126.43000030517578,127.06999969482422,6216600,0.00039358536836548694,0.13219601198300024,124.11229984283447
2014-07-09,127.54000091552734,128.25999450683594,127.18000030517578,127.83999633789062,8362700,0.006041340057119357,0.1325036547815809,124.11169982910157
2014-07-10,129.11000061035156,129.2100067138672,128.49000549316406,128.5399932861328,6313300,0.005460634339476959,0.13231402302728543,124.11664978027343
2014-07-11,128.41000366210938,128.8300018310547,128.3800048828125,128.77999877929688,4322100,0.001865424919652749,0.1320301939511057,124.12224975585937
2014-07-14,125.5,126.0999984741211,125.44999694824219,125.72000122070312,11465500,-0.024048290991992773,0.15859773532590746,124.10689979553223
2014-07-15,125.88999938964844,126.31999969482422,124.36000061035156,124.52999877929688,10541700,-0.0095105807084893,0.16272653142478175,124.09059978485108
2014-07-16,125.0199966430664,125.47000122070312,124.77999877929688,124.97000122070312,4099800,0.003527077335086919,0.1619696232290479,124.07059978485107
2014-07-17,125.5199966430664,127.55000305175781,125.11000061035156,127.08999633789062,11423900,0.01682174981323043,0.17071897667759062,124.06514980316162
2014-07-18,125.79000091552734,126.20999908447266,125.66999816894531,126.12999725341797,6460900,-0.007582368755593338,0.1736966802538654,124.07284980773926
2014-07-21,126.52999877929688,126.55000305175781,126.11000061035156,126.33999633789062,3296300,0.0016635571611118736,0.12611206473697995,124.06924980163575
2014-07-22,126.33000183105469,126.43000030517578,125.47000122070312,125.73999786376953,3882000,-0.004760390518762728,0.12660787675025068,124.06204978942871
2014-07-23,125.72000122070312,126.04000091552734,125.4000015258789,125.62000274658203,3041400,-0.0009547670752033489,0.1261335618791816,124.05749980926514
2014-07-24,124.8499984741211,124.87000274658203,123.9000015258789,124.3499984741211,8111600,-0.010161340911870228,0.1303517533406625,124.0410498046875
2014-07-25,124.4800033569336,125.93000030517578,124.43000030517578,125.79000091552734,5638800,0.01151369915042729,0.1373701655731203,124.03299980163574
2014-07-28,125.44000244140625,125.66999816894531,125.30000305175781,125.58000183105469,3212900,-0.0016708368622554031,0.13732094485124952,124.03034980773926
2014-07-29,125.79000091552734,125.87999725341797,124.72000122070312,125.19999694824219,5267700,-0.003030585975810523,0.1376158689575547,124.03499980926513
2014-07-30,124.88999938964844,124.93000030517578,124.41000366210938,124.83000183105469,5614800,-0.0029596079595894664,0.13138797039224376,124.0461498260498
2014-07-31,123.8499984741211,124.06999969482422,123.2300033569336,123.38999938964844,9896500,-0.011602760367427354,0.13619650127382812,124.04894981384277
2014-08-01,124.54000091552734,124.80999755859375,124.2300033569336,124.37999725341797,7397000,0.007991307629640355,0.1401608506827179,124.0521997833252
2014-08-04,124.36000061035156,124.47000122070312,123.7300033569336,123.98999786376953,6499400,-0.0031404736308630744,0.1399179471899673,124.0544497680664
2014-08-05,123.73999786376953,124.5199966430664,123.4000015258789,123.87000274658203,8342500,-0.0009682492234866406,0.1399199175713097,124.03669979095459
2014-08-06,125.70999908447266,126.0,125.5199966430664,125.66999816894531,9327800,0.014426758317503117,0.1500093589328376,124.03079978942871
2014-08-07,125.47000122070312,126.51000213623047,125.37000274658203,126.18000030517578,7298900,0.004050052304525599,0.14906629482804643,124.02679977416992
2014-08-08,126.08000183105469,126.41000366210938,125.88999938964844,126.19000244140625,5728200,7.926565064659302e-05,0.14745626186330166,124.0110498046875
2014-08-11,125.83999633789062,126.04000091552734,125.63999938964844,125.95999908447266,3163500,-0.0018243380474585883,0.14714473488725,123.99739978790284
2014-08-12,126.41999816894531,126.80999755859375,125.87000274658203,125.98999786376953,4609700,0.00023813280255596478,0.12106538715710266,123.97784980773926
2014-08-13,126.3499984741211,126.52999877929688,125.9000015258789,126.19999694824219,3967500,0.0016654041582138744,0.1159671416275589,123.95654975891114
2014-08-14,126.23999786376953,126.52999877929688,126.12999725341797,126.30999755859375,3348500,0.0008712575320018362,0.11549639691335917,123.93529975891113
2014-08-15,124.5199966430664,126.06999969482422,124.41000366210938,125.4800033569336,13070500,-0.00659277338198299,0.10145128223009403,123.9138497543335
2014-08-18,124.77999877929688,125.08000183105469,124.6500015258789,124.95999908447266,4952500,-0.004152731310402707,0.09914968909640047,123.89064971923828
2014-08-19,125.0,125.0,124.4800033569336,124.68000030517578,4878400,-0.002243221418003945,0.09902699941040288,123.87534973144531
2014-08-20,124.81999969482422,124.81999969482422,123.87999725341797,124.22000122070312,4395600,-0.0036962603887065737,0.09853511736583963,123.86169975280762
2014-08-21,122.72000122070312,123.23999786376953,122.44999694824219,122.87999725341797,8008800,-0.010845949910482008,0.10477032871385739,123.84204975128173
2014-08-22,123.08999633789062,123.33000183105469,122.56999969482422,123.19000244140625,4739200,0.0025196517444803458,0.09997466084196938,123.82519977569581
2014-08-25,122.91999816894531,123.04000091552734,122.72000122070312,122.73999786376953,5012400,-0.003659619235666915,0.09046862546527142,123.80289978027344
2014-08-26,123.91999816894531,123.97000122070312,123.27999877929688,123.3499984741211,3882300,0.0049575510486128994,0.09288674167110027,123.7888497543335
2014-08-27,123.5999984741211,123.70999908447266,123.25,123.31999969482422,2576800,-0.00024323006176227963,0.0925647687175658,123.78404975891114
2014-08-28,124.1500015258789,124.33000183105469,123.80999755859375,124.0,3296700,0.005498965061752994,0.09460190140618152,123.78469974517822
2014-08-29,123.75,124.22000122070312,123.62000274658203,123.86000061035156,3683500,-0.0011296651673684001,0.08536607765592476,123.79174976348877
2014-09-02,121.97000122070312,122.08000183105469,121.43000030517578,121.6500015258789,10128600,-0.01800381866494826,0.10139032508315904,123.78574977874756
2014-09-03,121.69999694824219,122.19999694824219,121.66000366210938,122.1500015258789,3414600,0.004101728422874365,0.10261149286724666,123.77514980316163
2014-09-04,122.4800033569336,122.66000366210938,121.25,121.4800033569336,7310600,-0.005500142384415236,0.10394635490198662,123.76094982147217
2014-09-05,121.83000183105469,122.05999755859375,121.62999725341797,122.05999755859375,3490100,0.004763039303479569,0.09047802991989719,123.75674980163575
2014-09-08,121.58000183105469,121.61000061035156,120.37000274658203,120.7300033569336,7506500,-0.010956031965065586,0.0939790960860247,123.7456498336792
2014-09-09,120.56999969482422,120.94000244140625,120.0,120.87000274658203,6157300,0.0011589354452107377,0.09436853232638812,123.7493998336792
2014-09-10,120.12999725341797,120.54000091552734,119.63999938964844,120.26000213623047,7021500,-0.005059527219948347,0.09493434599016669,123.75099983215333
2014-09-11,119.61000061035156,119.69999694824219,118.7699966430664,119.47000122070312,7612000,-0.006590779328069263,0.09566439349250289,123.74874984741211
2014-09-12,118.62999725341797,118.9000015258789,118.06999969482422,118.37999725341797,8126500,-0.009165537985610185,0.09702680834017022,123.73834983825684
2014-09-15,118.79000091552734,118.86000061035156,118.45999908447266,118.63999938964844,4775400,0.002193926623932413,0.09780473168923826,123.73244983673095
2014-09-16,118.8499984741211,119.43000030517578,118.44000244140625,118.83000183105469,6544500,0.0016002230258534479,0.09811221040151566,123.72929985046386
2014-09-17,118.94999694824219,119.23999786376953,117.5,117.54000091552734,8328700,-0.01091520673738707,0.10217917334423653,123.7134998703003
2014-09-18,117.41000366210938,118.08999633789062,117.19000244140625,117.77999877929688,5368700,0.0020397581785849142,0.10360123586397878,123.71449985504151
2014-09-19,117.51000213623047,117.56999969482422,116.72000122070312,117.08999633789062,10930200,-0.005875628567548555,0.10413606391810677,123.71014984130859
2014-09-22,116.72000122070312,117.37000274658203,116.58000183105469,116.8499984741211,7601600,-0.0020517906581858703,0.09996282718975595,123.69459983825683
2014-09-23,117.98999786376953,117.98999786376953,117.30999755859375,117.5999984741211,4664800,0.006397974562940498,0.10321576459119684,123.69109981536866
2014-09-24,117.12000274658203,117.72000122070312,116.9000015258789,117.05000305175781,5515000,-0.004687802480188137,0.10345870824376453,123.68359981536865
2014-09-25,116.30000305175781,117.76000213623047,116.19999694824219,117.38999938964844,7631700,0.002900499681904287,0.10188387116359196,123.67194980621338
2014-09-26,117.0199966430664,117.0999984741211,116.58000183105469,117.05999755859375,4185200,-0.002815116684031948,0.10160028568081743,123.64814979553222
2014-09-29,117.2699966430664,117.4000015258789,116.9000015258789,117.02999877929688,4049500,-0.00025630125106070766,0.09778943560406282,123.62899978637695
2014-09-30,116.54000091552734,117.3499984741211,115.8499984741211,116.20999908447266,10170100,-0.007031410399421769,0.0986865799997602,123.61859977722168
2014-10-01,116.61000061035156,117.26000213623047,116.58999633789062,116.7699966430664,7018800,0.004807267982801864,0.08590119693743149,123.60554977416992
2014-10-02,116.86000061035156,117.20999908447266,116.33000183105469,116.73999786376953,6349900,-0.00025693786276910794,0.08332059431235417,123.59079975128174
2014-10-03,115.16999816894531,115.51000213623047,114.41999816894531,114.61000061035156,11301300,-0.018414155642527203,0.10015735613489497,123.5705997467041
2014-10-06,115.16000366210938,116.30999755859375,114.94000244140625,116.02999877929688,7644100,0.012313702004798997,0.11022437146226534,123.56269973754883
2014-10-07,116.30999755859375,116.62999725341797,116.08999633789062,116.36000061035156,5274700,0.002840071033501484,0.10706617450838761,123.57039974212647
2014-10-08,117.02999877929688,117.70999908447266,115.8499984741211,117.47000122070312,10670900,0.009494153355036908,0.11361808499121268,123.57804973602295
2014-10-09,117.86000061035156,118.26000213623047,117.48999786376953,117.63999938964844,6610500,0.0014461162700842916,0.11318227578174093,123.58839973449707
2014-10-10,117.69999694824219,117.73999786376953,117.19000244140625,117.58999633789062,4651400,-0.00042514180520484993,0.11137928360229103,123.59584972381592
2014-10-13,118.13999938964844,118.66999816894531,117.93000030517578,118.5199966430664,5396300,0.007877727689301057,0.11081021994650483,123.60474971771241
2014-10-14,118.58000183105469,118.81999969482422,118.3499984741211,118.58999633789062,5174800,0.0005904407146892826,0.11055940145028506,123.61209968566895
2014-10-15,119.2300033569336,120.18000030517578,118.58999633789062,118.98999786376953,9453800,0.0033673029177564103,0.1110540616500759,123.63009967803956
2014-10-16,119.0199966430664,119.6500015258789,118.87999725341797,119.22000122070312,6545400,0.0019310980168237603,0.10372582779632049,123.64559967041015
2014-10-17,119.05999755859375,119.2300033569336,118.41999816894531,118.98999786376953,8059000,-0.0019310980168237627,0.10397968362668968,123.65054965972901
2014-10-20,119.68000030517578,119.86000061035156,119.54000091552734,119.80000305175781,3033700,0.006784273141083318,0.10346630939117894,123.65309967041016
2014-10-21,120.2699966430664,120.5,119.91000366210938,120.0199966430664,4566100,0.00183465643646135,0.1028536398926589,123.65569965362549
2014-10-22,119.69000244140625,119.79000091552734,119.25,119.33999633789062,3740200,-0.0056818361839991085,0.10378020450347265,123.65829963684082
2014-10-23,118.70999908447266,118.81999969482422,117.87999725341797,118.5199966430664,6417500,-0.006894837025991361,0.10549125390739109,123.66029960632324
2014-10-24,118.62000274658203,118.62999725341797,118.12000274658203,118.3499984741211,3610600,-0.0014353713145334821,0.10536611600088798,123.65974960327148
2014-10-27,118.18000030517578,118.37000274658203,118.01000213623047,118.05999755859375,2443600,-0.0024533739338829107,0.10523493157007816,123.6487495803833
2014-10-28,118.4800033569336,118.4800033569336,118.01000213623047,118.0999984741211,3260100,0.000338761149914085,0.10520799618659783,123.63414958953858
2014-10-29,117.6500015258789,117.91000366210938,116.13999938964844,116.41000366210938,7900800,-0.01441323656422149,0.11450431403248125,123.61674961090088
2014-10-30,115.80000305175781,115.83000183105469,114.94000244140625,115.19000244140625,7852200,-0.010535513585850021,0.11878146388020878,123.59439960479736
2014-10-31,111.83000183105469,112.87999725341797,111.66000366210938,112.66000366210938,18208200,-0.022208494160597073,0.14026673955455926,123.55874961853027
2014-11-03,112.38999938964844,112.68000030517578,112.0,112.1500015258789,6589800,-0.004537191400506066,0.1270377203643864,123.51484962463378
2014-11-04,112.12000274658203,112.70999908447266,112.08000183105469,112.22000122070312,6430100,0.0006239666286797927,0.1176716826412529,123.47744964599609
2014-11-05,109.91999816894531,110.83999633789062,109.66999816894531,109.79000091552734,13560100,-0.021891782615057327,0.1357411648480668,123.4304496383667
2014-11-06,109.91999816894531,110.48999786376953,109.75,109.87999725341797,7019900,0.0008193776453400158,0.12902795948448836,123.37089962005615
2014-11-07,110.77999877929688,113.1500015258789,110.7300033569336,112.97000122070312,10916500,0.027733471313511962,0.16734841497038314,123.32429962158203
2014-11-10,112.23999786376953,112.23999786376953,110.27999877929688,110.45999908447266,8548500,-0.022468851359662735,0.18166247901054317,123.27179962158203
2014-11-11,111.08000183105469,112.76000213623047,110.87000274658203,112.04000091552734,8603200,0.014202502378614763,0.18764758812599203,123.22724964141845
2014-11-12,112.05000305175781,112.16999816894531,111.2300033569336,111.5,5133300,-0.004831367663167211,0.1873976615177006,123.17239963531495
2014-11-13,111.88999938964844,112.26000213623047,111.22000122070312,111.66999816894531,4874600,0.0015234861605119636,0.18672391480071562,123.13189964294433
2014-11-14,110.76000213623047,114.72000122070312,110.6500015258789,114.47000122070312,14173600,0.024764713533656276,0.2096977840843711,123.1037996673584
2014-11-17,113.97000122070312,114.2699966430664,113.55999755859375,114.05000305175781,5441000,-0.0036758151058755954,0.20978434146364155,123.06744968414307
2014-11-18,114.86000061035156,115.16999816894531,114.55000305175781,115.05000305175781,5586700,0.008729867518400021,0.210918272193254,123.037749710083
2014-11-19,114.93000030517578,115.3499984741211,112.87999725341797,113.68000030517578,11997700,-0.011979356533504938,0.21323022057539553,122.99969970703125
2014-11-20,114.56999969482422,115.0199966430664,114.08999633789062,114.86000061035156,5607800,0.010326514276663132,0.21746900269847838,122.96779972076416
2014-11-21,115.58000183105469,115.95999908447266,114.47000122070312,115.38999938964844,6564300,0.004603689167085155,0.21773710741824284,122.93389972686768
2014-11-24,115.1500015258789,115.37000274658203,114.79000091552734,115.11000061035156,4695000,-0.0024294916878058385,0.21777359335598978,122.8948497390747
2014-11-25,115.0999984741211,115.47000122070312,114.9000015258789,115.37999725341797,9051800,0.0023428067947762364,0.2180931309183137,122.84994972229003
2014-11-26,115.25,115.33999633789062,114.9800033569336,115.16000366210938,3184000,-0.0019085074799196843,0.21804611879413366,122.80359973907471
2014-11-28,113.52999877929688,113.83000183105469,111.94999694824219,112.11000061035156,9616300,-0.026841959934437463,0.23137866534732632,122.73669975280762
2014-12-01,113.80000305175781,117.36000061035156,113.73999786376953,116.58000183105469,15644000,0.03909721071410293,0.26862878722342,122.6838497543335
2014-12-02,115.12999725341797,115.70999908447266,114.72000122070312,115.13999938964844,6378100,-0.012428974377113709,0.2601829771673289,122.62254974365234
2014-12-03,115.68000030517578,116.76000213623047,115.55999755859375,116.33000183105469,5758800,0.010282221622139046,0.261244965777452,122.57284976959228
2014-12-04,116.01000213623047,116.33999633789062,115.61000061035156,115.87999725341797,3623600,-0.0038758463696522295,0.26195181800227124,122.51424976348876
2014-12-05,115.16000366210938,115.18000030517578,114.23999786376953,114.43000030517578,6331000,-0.012591864202654362,0.25331391337492665,122.44849975585937
2014-12-08,114.97000122070312,116.16000366210938,114.45999908447266,115.77999877929688,5224500,0.011728543111015293,0.2554983890054478,122.38244972229003
2014-12-09,117.04000091552734,118.98999786376953,116.9800033569336,118.19000244140625,10467200,0.020601691573211994,0.24769559392552998,122.32734970092774
2014-12-10,118.1500015258789,118.47000122070312,117.80999755859375,117.95999908447266,4277400,-0.0019479434950336577,0.23167824038138699,122.27659969329834
2014-12-11,116.9800033569336,118.37999725341797,116.81999969482422,117.69000244140625,5214500,-0.0022915065517861103,0.22877152458998842,122.22404972076416
2014-12-12,117.38999938964844,117.80000305175781,116.68000030517578,117.41000366210938,4736500,-0.002381955801053023,0.22795960415649985,122.1729997253418
2014-12-15,116.22000122070312,116.97000122070312,114.36000061035156,114.38999938964844,8796000,-0.026058456631024355,0.24848595318001987,122.09349975585937
2014-12-16,116.27999877929688,116.5,114.06999969482422,114.94999694824219,9174000,0.004883567458748182,0.2337847038980572,122.02484977722168
2014-12-17,115.0999984741211,115.4800033569336,113.58000183105469,114.2699966430664,9097300,-0.005933184879209219,0.23438616161538275,121.95174976348876
2014-12-18,115.58999633789062,115.80999755859375,114.58000183105469,115.1500015258789,5258100,0.007671599736508545,0.23392295312635925,121.87664978027344
2014-12-19,115.05999755859375,115.22000122070312,114.7699966430664,114.7699966430664,4652300,-0.0033055430745708814,0.23020702987686675,121.80504978179931
2014-12-22,114.80999755859375,114.97000122070312,112.41000366210938,112.55000305175781,7483200,-0.019532501975925175,0.23720406722273807,121.72214977264404
2014-12-23,112.87999725341797,113.31999969482422,112.61000061035156,112.73999786376953,7763300,0.0016866692377105724,0.2365551719979305,121.63654975891113
2014-12-24,112.83000183105469,112.91999816894531,112.66000366210938,112.7699966430664,1501600,0.00026605277109273347,0.23654949411503087,121.54159976959228
2014-12-26,114.81999969482422,114.9800033569336,114.52999877929688,114.83000183105469,3765600,0.018102473257655193,0.2454687416401951,121.45469974517822
2014-12-29,114.61000061035156,114.63999938964844,113.2300033569336,113.66999816894531,12963700,-0.010153292143778678,0.24783033361870832,121.35754970550538
2014-12-30,114.98999786376953,116.26000213623047,114.9000015258789,115.19999694824219,7987300,0.013370224180731385,0.23292125399842648,121.27534969329834
2014-12-31,114.88999938964844,115.0,113.27999877929688,113.58000183105469,7624200,-0.014162271200273567,0.19379109539275363,121.19014972686767
2015-01-02,112.48999786376953,114.80000305175781,112.31999969482422,114.08000183105469,7109600,0.0043925221460414865,0.19028433404474804,121.1200997543335
2015-01-05,114.77999877929688,116.0,114.7300033569336,115.80000305175781,8177400,0.014964618775983719,0.1942587423858092,121.05979976654052
2015-01-06,116.22000122070312,117.5,115.80000305175781,117.12000274658203,11238300,0.01133448217141997,0.1977636036711159,121.00304977416992
2015-01-07,116.47000122070312,116.87999725341797,116.16999816894531,116.43000030517578,6434200,-0.005908836993974842,0.19349525103684012,120.95429977416993
2015-01-08,116.44999694824219,116.87000274658203,115.8499984741211,115.94000244140625,7033700,-0.004217399700950183,0.19002702780896094,120.9019497680664
2015-01-09,116.51000213623047,117.33999633789062,116.5,117.26000213623047,7962900,0.011320872784880804,0.1798360377377955,120.86119976043702
2015-01-12,117.45999908447266,118.70999908447266,117.31999969482422,118.55999755859375,8318200,0.011025431201653892,0.18397512661535895,120.83104976654053
2015-01-13,118.95999908447266,119.19000244140625,117.87000274658203,118.16000366210938,7693200,-0.003379471739693634,0.18420233621247256,120.7990497970581
2015-01-14,119.08000183105469,119.31999969482422,117.9000015258789,117.97000122070312,7727400,-0.0016093040146014643,0.18408582382726071,120.77084980010986
2015-01-15,120.41000366210938,121.69999694824219,120.33999633789062,120.94000244140625,17692500,0.024864209830664365,0.17684653523556912,120.75859981536865
2015-01-16,121.7300033569336,123.1500015258789,121.70999908447266,122.5199966430664,14428200,0.01297967953352017,0.18032375875297355,120.74959980010986
2015-01-20,123.62999725341797,124.5999984741211,123.48999786376953,124.19999694824219,14968600,0.013618890362551296,0.18078810977512574,120.75099979400635
2015-01-21,125.18000030517578,125.33999633789062,123.37000274658203,124.2300033569336,11082700,0.00024156831944978564,0.18070242045820087,120.7442998123169
2015-01-22,125.06999969482422,125.58000183105469,124.1500015258789,125.2300033569336,10518400,0.008017360134577187,0.17949203517097634,120.74589981079102
2015-01-23,124.43000030517578,124.5,123.3499984741211,124.2300033569336,6270900,-0.008017360134577146,0.16411993264254354,120.73659984588623
2015-01-26,123.33000183105469,123.33999633789062,122.5199966430664,122.98999786376953,6768600,-0.010031679362329541,0.17167863682636977,120.71994983673096
2015-01-27,123.55999755859375,124.63999938964844,123.51000213623047,124.4000015258789,9584800,0.011399158685807192,0.17283808066801512,120.7068998336792
2015-01-28,123.5199966430664,123.88999938964844,122.94000244140625,123.41999816894531,8470600,-0.007909034514030033,0.1708504854913281,120.68934982299805
2015-01-29,121.98999786376953,122.29000091552734,120.26000213623047,120.76000213623047,11998000,-0.02178803552843412,0.18654328438370038,120.6538998413086
2015-01-30,121.30000305175781,123.55000305175781,120.91999816894531,123.44999694824219,14555900,0.022031068542067805,0.19490453853709921,120.64369983673096
2015-02-02,121.83999633789062,123.16000366210938,121.81999969482422,122.41999816894531,8885200,-0.008378450604819716,0.18932768172565392,120.62809982299805
2015-02-03,121.73999786376953,121.76000213623047,120.55999755859375,121.05000305175781,8255900,-0.011254031870982083,0.19610727158240565,120.60959983825684
2015-02-04,121.62999725341797,122.22000122070312,120.91999816894531,121.58000183105469,5386700,0.004368788786280421,0.19121608632049975,120.59629985809326
2015-02-05,120.9800033569336,121.83000183105469,120.61000061035156,121.79000091552734,6879900,0.0017257602352123193,0.18838422922005124,120.58634986877442
2015-02-06,119.1500015258789,119.5199966430664,117.94999694824219,118.63999938964844,13206900,-0.026204564931172653,0.21072721917185028,120.56074985504151
2015-02-09,118.83000183105469,119.4000015258789,118.7699966430664,119.16999816894531,5237200,0.004457337052542182,0.21021726328833637,120.53379985809326
2015-02-10,118.62999725341797,119.05999755859375,118.20999908447266,118.47000122070312,4086300,-0.005891255467082124,0.2083352029431465,120.4989998626709
2015-02-11,118.48999786376953,118.56999969482422,117.0,117.06999969482422,6784400,-0.01188773038576783,0.20885347352150813,120.45994987487794
2015-02-12,117.68000030517578,117.81999969482422,117.08999633789062,117.33999633789062,4344400,0.0023036284035265445,0.20882913232688824,120.42234985351563
2015-02-13,118.05000305175781,118.58000183105469,117.79000091552734,117.9800033569336,4108900,0.005439474740014081,0.20971141045637506,120.39114986419678
2015-02-17,116.4000015258789,116.54000091552734,115.58000183105469,116.01000213623047,7225200,-0.016838734326833547,0.1967805734100035,120.35219985961913
2015-02-18,115.98999786376953,116.52999877929688,114.98999786376953,116.33999633789062,8336000,0.0028404943034609498,0.19008802392188312,120.30859985351563
2015-02-19,116.4000015258789,116.54000091552734,115.73999786376953,115.94000244140625,6528700,-0.003444070035884628,0.18086318467993576,120.25719985961913
2015-02-20,116.0999984741211,116.45999908447266,115.05000305175781,115.27999877929688,6681700,-0.005708895866845205,0.18057892719815088,120.20369983673096
2015-02-23,115.11000061035156,116.22000122070312,115.06999969482422,115.43000030517578,4812400,0.0013003471683988895,0.1766080300248039,120.15999984741211
2015-02-24,115.0,115.55000305175781,114.29000091552734,115.26000213623047,7612900,-0.0014738237281034486,0.1761307272007145,120.11544986724853
2015-02-25,115.83000183105469,115.88999938964844,115.33000183105469,115.69999694824219,5032500,0.003810143280624359,0.17625786281100567,120.07344985961915
2015-02-26,116.54000091552734,116.55000305175781,115.83000183105469,116.06999969482422,4025400,0.003192846928133665,0.17004679034610257,120.02909984588624
2015-02-27,116.73999786376953,117.06999969482422,116.16000366210938,116.16000366210938,8255600,0.000775127851616969,0.16974195961272776,119.98689987182617
2015-03-02,116.5,116.63999938964844,115.62000274658203,115.68000030517578,7993300,-0.004140821554351363,0.15538306169188887,119.93624988555908
2015-03-03,116.04000091552734,116.61000061035156,115.3499984741211,115.47000122070312,4738300,-0.0018169945131893267,0.12844729483436756,119.88974990844727
2015-03-04,115.69999694824219,115.79000091552734,115.0199966430664,115.11000061035156,4762400,-0.0031225683060647487,0.12705101348893874,119.84279991149903
2015-03-05,115.43000030517578,116.12000274658203,114.83999633789062,115.0,5872200,-0.0009560698660537595,0.1235105935545516,119.79489990234374
2015-03-06,113.16999816894531,113.26000213623047,111.69999694824219,111.86000061035156,11190800,-0.027684033513420175,0.14860209433440924,119.73074989318847
2015-03-09,112.41999816894531,112.62000274658203,111.94999694824219,111.97000122070312,5534000,0.0009828943243309087,0.1482653681578138,119.66864990234374
2015-03-10,112.08999633789062,112.3499984741211,111.22000122070312,111.41999816894531,7019800,-0.004924161015297649,0.12454335429678876,119.60239990234375
2015-03-11,111.2300033569336,111.25,110.16000366210938,110.75,6550400,-0.006031419233618076,0.12191308142088347,119.5335998916626
2015-03-12,111.1500015258789,111.19999694824219,110.25,110.72000122070312,6631500,-0.0002709060307489861,0.12207237945771075,119.4779499053955
2015-03-13,111.0999984741211,111.27999877929688,110.51000213623047,110.87999725341797,4557600,0.0014440077763354022,0.11884041412154685,119.42634990692139
2015-03-16,111.08999633789062,111.20999908447266,110.41999816894531,110.80999755859375,3265300,-0.0006315097549614711,0.11774845640655007,119.37569988250732
2015-03-17,109.91999816894531,111.3499984741211,109.7699966430664,110.20999908447266,8923300,-0.005429372519536195,0.11421748335506629,119.32459987640381
2015-03-18,110.33000183105469,112.87000274658203,110.08999633789062,112.37000274658203,12448000,0.019409393965783985,0.1280420229018442,119.28794990539551
2015-03-19,111.8499984741211,112.58000183105469,111.58000183105469,112.29000091552734,6537700,-0.0007122036244302048,0.12710628004744515,119.24934989929199
2015-03-20,112.70999908447266,114.0,112.66999816894531,113.56999969482422,8033400,0.011334565478751316,0.13462029050775604,119.21839988708496
2015-03-23,113.69999694824219,114.37000274658203,113.48999786376953,114.29000091552734,4240300,0.006319701703631724,0.1357442549076149,119.18654987335205
2015-03-24,114.3499984741211,114.6500015258789,113.81999969482422,114.56999969482422,2979300,0.002446901321801825,0.13598424746506813,119.15634986877441
2015-03-25,115.11000061035156,115.13999938964844,114.6500015258789,114.7300033569336,3021400,0.001395583828601838,0.1360503461362124,119.12674987792968
2015-03-26,115.7300033569336,115.83999633789062,115.33999633789062,115.4800033569336,5495200,0.006515812793653495,0.13737647227813354,119.09719989776612
2015-03-27,115.13999938964844,115.36000061035156,114.44999694824219,115.05999755859375,4921700,-0.0036436736475295383,0.13735891997658228,119.06544986724853
2015-03-30,113.9000015258789,114.01000213623047,113.54000091552734,113.75,4383900,-0.011450652385538355,0.14245729259330525,119.02099987030029
2015-03-31,113.83999633789062,114.27999877929688,113.41000366210938,113.66000366210938,4383300,-0.000791489742224147,0.14199810795879828,118.97449989318848
2015-04-01,114.55999755859375,115.98999786376953,114.54000091552734,115.5999984741211,7324000,0.016924374949796855,0.15464920621461126,118.94039989471436
2015-04-02,115.47000122070312,115.72000122070312,114.68000030517578,115.27999877929688,3884100,-0.002772001936393702,0.15456323232240196,118.90539989471435
2015-04-06,117.31999969482422,117.47000122070312,116.5199966430664,116.69000244140625,5914200,0.012156925637931892,0.16004389405117112,118.87549991607666
2015-04-07,116.2699966430664,116.51000213623047,115.94000244140625,116.11000061035156,2468500,-0.004982843844589143,0.12475397237178186,118.82134990692138
2015-04-08,115.9800033569336,116.02999877929688,114.9000015258789,115.47000122070312,5568500,-0.005527256360212914,0.1272878804697689,118.7661999130249
2015-04-09,114.80000305175781,114.8499984741211,114.4800033569336,114.66999816894531,4707000,-0.006952344453191623,0.1287561814382538,118.70529991149903
2015-04-10,116.0,116.19000244140625,115.5,115.97000122070312,3932400,0.011273125412459931,0.13017040092418142,118.65024990081787
2015-04-13,115.3499984741211,115.38999938964844,114.80000305175781,115.13999938964844,3190100,-0.007182773547924921,0.13396569374137385,118.59099990844726
2015-04-14,114.69000244140625,115.06999969482422,114.38999938964844,114.44000244140625,3651500,-0.006098084431298223,0.13678169262419435,118.52954990386962
2015-04-15,114.80000305175781,115.5999984741211,114.47000122070312,115.43000030517578,3656000,0.008613598755223903,0.13869812560355893,118.47339988708497
2015-04-16,115.55000305175781,115.66000366210938,114.63999938964844,115.02999877929688,3132300,-0.0034713349747602833,0.13754745103991184,118.40834991455078
2015-04-17,115.37999725341797,115.79000091552734,115.2300033569336,115.5999984741211,3496300,0.004942989742755055,0.12287371631958882,118.34784992218017
2015-04-20,114.81999969482422,114.94999694824219,114.31999969482422,114.72000122070312,3932800,-0.007641555546604684,0.1266260256228411,118.28294994354248
2015-04-21,114.72000122070312,115.55999755859375,114.6500015258789,115.37999725341797,3317700,0.005736617532052148,0.12229090911069088,118.22404991149902
2015-04-22,114.83000183105469,114.95999908447266,113.7699966430664,113.83000183105469,5696000,-0.013524881601083907,0.12998810629739185,118.15809993743896
2015-04-23,113.9000015258789,114.95999908447266,113.80999755859375,114.66000366210938,3459500,0.007265135996097461,0.13227211377982928,118.0960499572754
2015-04-24,113.95999908447266,114.06999969482422,112.7699966430664,113.05000305175781,7152900,-0.014141033700353254,0.14092830669544498,118.02209999084472
2015-04-27,113.87000274658203,115.81999969482422,113.66999816894531,115.33000183105469,7487600,0.01996737439576267,0.15645754088666425,117.95605003356934
2015-04-28,115.36000061035156,116.62000274658203,115.33999633789062,116.33000183105469,8054400,0.008633395454348151,0.15868062482693718,117.89380004882813
2015-04-29,116.05999755859375,116.38999938964844,115.27999877929688,115.51000213623047,7170500,-0.007073870774361553,0.1552057104781957,117.84275005340577
2015-04-30,113.87999725341797,113.87999725341797,112.95999908447266,113.47000122070312,9440300,-0.01781862923365432,0.16799176420743664,117.78745006561279
2015-05-01,112.41999816894531,113.30999755859375,112.27999877929688,113.08000183105469,7597000,-0.003442946542885586,0.15643442579217973,117.72800006866456
2015-05-04,114.18000030517578,114.44000244140625,113.87999725341797,114.0999984741211,3648100,0.0089796944769085,0.16005893959371478,117.66305007934571
2015-05-05,114.88999938964844,115.11000061035156,114.38999938964844,114.41999816894531,3856500,0.0028006293425995657,0.15390739705064757,117.60450008392334
2015-05-06,114.58999633789062,114.75,114.0199966430664,114.36000061035156,3280700,-0.0005245000462393765,0.15320341368282744,117.54460010528564
2015-05-07,113.83999633789062,114.01000213623047,113.31999969482422,113.41999816894531,5455100,-0.008253646349355704,0.15456567865166537,117.48300010681152
2015-05-08,114.33999633789062,114.43000030517578,113.58999633789062,113.97000122070312,9964100,0.0048375401365222245,0.15409873404774066,117.42475009918213
2015-05-11,114.08999633789062,114.30999755859375,113.08000183105469,113.52999877929688,2916700,-0.003868158154194018,0.14860985465162202,117.370650100708
2015-05-12,114.0999984741211,114.66999816894531,114.05999755859375,114.5,3256700,0.008507714570103646,0.15033128218251526,117.31420009613038
2015-05-13,115.73999786376953,116.93000030517578,115.68000030517578,116.55000305175781,11768200,0.017745568671579635,0.16098795165905144,117.26905010223389
2015-05-14,117.27999877929688,117.75,117.02999877929688,117.18000030517578,6923000,0.005390825055101934,0.15941413625448375,117.22895011901855
2015-05-15,116.80000305175781,117.62999725341797,116.68000030517578,117.52999877929688,4447300,0.0029823930374759115,0.15884453612244132,117.19245010375977
2015-05-18,117.77999877929688,117.87999725341797,117.2699966430664,117.5199966430664,5079900,-8.510645761585739e-05,0.15823520484217296,117.16310009002686
2015-05-19,116.55000305175781,116.7300033569336,115.6500015258789,115.88999938964844,5052100,-0.013967043221181913,0.16389520860686868,117.120650100708
2015-05-20,116.02999877929688,116.37999725341797,115.76000213623047,116.08000183105469,4432600,0.0016381642703537944,0.16285155287742914,117.08110012054443
2015-05-21,115.52999877929688,116.0,115.47000122070312,115.69000244140625,2514700,-0.0033654032062089196,0.15563689344065668,117.04020011901855
2015-05-22,115.51000213623047,115.93000030517578,115.31999969482422,115.5999984741211,1780200,-0.0007782781051664031,0.15389295995072963,116.98985012054443
2015-05-26,113.83999633789062,114.2300033569336,113.69999694824219,113.91000366210938,5769600,-0.014727247977664972,0.1546021029123489,116.9285001373291
2015-05-27,113.77999877929688,114.01000213623047,113.62999725341797,113.88999938964844,2681100,-0.00017563013383993815,0.1371800574733389,116.86700012207031
2015-05-28,113.8499984741211,114.16000366210938,113.20999908447266,114.0199966430664,5266000,0.0011407772346871212,0.13322524098049313,116.80730010986328
2015-05-29,114.13999938964844,114.4800033569336,114.0,114.0999984741211,3407500,0.0007014013330434771,0.1314364138808636,116.74785011291505
2015-06-01,115.0199966430664,115.5,113.9000015258789,114.0,8254000,-0.0008767951003625541,0.11559476786722378,116.68685012817383
2015-06-02,114.36000061035156,114.6500015258789,114.16999816894531,114.45999908447266,3988600,0.0040269605877943865,0.11550700082428197,116.62760013580322
2015-06-03,114.12999725341797,114.37000274658203,113.08000183105469,113.63999938964844,4885200,-0.0071898573672245485,0.11426154641509793,116.5684001159668
2015-06-04,112.9800033569336,113.1500015258789,112.4800033569336,112.83999633789062,5566600,-0.0070646979352704175,0.11610133404289463,116.50780010223389
2015-06-05,111.5999984741211,112.38999938964844,111.56999969482422,112.23999786376953,5561300,-0.005331436918291504,0.11721828366556869,116.44560009002686
2015-06-08,112.38999938964844,112.66000366210938,112.12999725341797,112.56999969482422,3122100,0.0029358308942225293,0.11474541710701214,116.38735008239746
2015-06-09,113.1500015258789,113.2300033569336,112.70999908447266,112.81999969482422,3529900,0.002218377951124773,0.11360412029496748,116.33705009460449
2015-06-10,114.13999938964844,114.13999938964844,113.69000244140625,113.77999877929688,5452900,0.008473122987024092,0.11696485589262293,116.29000007629395
2015-06-11,113.2699966430664,113.41000366210938,112.91999816894531,113.26000213623047,4434700,-0.00458066904691928,0.11386359548753834,116.24260009765625
2015-06-12,113.05999755859375,113.5,112.95999908447266,113.2300033569336,2998500,-0.0002649015739743867,0.09256369185614784,116.19200012207031
2015-06-15,113.27999877929688,114.1500015258789,113.20999908447266,113.7300033569336,5055100,0.004406069740065375,0.0917155698990268,116.14405014038086
2015-06-16,113.08000183105469,113.44999694824219,112.79000091552734,113.31999969482422,4033300,-0.0036115754437751487,0.09056195538343605,116.09065013885498
2015-06-17,113.06999969482422,114.04000091552734,112.62999725341797,113.8499984741211,6456000,0.004666106837939518,0.09311360590714335,116.04060012817382
2015-06-18,115.19000244140625,115.61000061035156,114.88999938964844,115.31999969482422,8041300,0.012829091016651683,0.09420881019902146,116.00895011901855
2015-06-19,115.33999633789062,115.45999908447266,114.94999694824219,115.12000274658203,4611600,-0.0017357836863243674,0.0940885599378837,115.97380012512207
2015-06-22,113.79000091552734,113.94000244140625,113.33999633789062,113.63999938964844,5763700,-0.012939534822473103,0.10329171831500575,115.93460010528564
2015-06-23,112.95999908447266,113.16999816894531,112.79000091552734,112.88999938964844,4522800,-0.006621663748214055,0.10520531651114264,115.88875011444092
2015-06-24,112.4800033569336,112.73999786376953,112.30999755859375,112.58999633789062,2975500,-0.002661018577875129,0.0931701076157848,115.8480500793457
2015-06-25,112.43000030517578,112.70999908447266,112.31999969482422,112.44000244140625,2904700,-0.0013331015376761225,0.09319699094140912,115.80590007781983
2015-06-26,112.19999694824219,112.68000030517578,112.12999725341797,112.55999755859375,4392600,0.0010666233650124298,0.09317978951810361,115.76740005493164
2015-06-29,112.80999755859375,113.2300033569336,112.52999877929688,113.06999969482422,5820200,0.004520702131842665,0.0947844421809259,115.73540004730225
2015-06-30,112.23999786376953,113.05000305175781,111.83999633789062,112.37000274658203,7897000,-0.006210070886037382,0.09687734978530198,115.70535007476806
2015-07-01,112.12000274658203,112.51000213623047,111.94000244140625,111.9800033569336,4409000,-0.003476708463396305,0.09575874563806262,115.67205009460449
2015-07-02,111.66000366210938,111.83999633789062,111.41000366210938,111.76000213623047,3838600,-0.0019665798355693646,0.09320972126491361,115.63670009613037
2015-07-06,111.70999908447266,112.58000183105469,111.62999725341797,112.05999755859375,4259800,0.002680686287387427,0.0910375342036212,115.6093000793457
2015-07-07,111.08000183105469,111.13999938964844,110.05000305175781,110.76000213623047,9073400,-0.011668702760757443,0.09781840287603741,115.57420009613037
2015-07-08,111.37999725341797,111.6500015258789,111.08000183105469,111.08999633789062,5694900,0.0029749330386005784,0.09783646567930036,115.54420009613037
2015-07-09,111.80000305175781,111.93000030517578,111.1500015258789,111.36000061035156,3802900,0.002427551438613741,0.0979158541956095,115.51675010681153
2015-07-10,111.18000030517578,111.70999908447266,111.02999877929688,111.48999786376953,3594900,0.001166679551747385,0.0924869122750211,115.48620010375977
2015-07-13,110.43000030517578,111.13999938964844,110.36000061035156,110.98999786376953,4279300,-0.004494793701909413,0.0924451178142955,115.45590007781982
2015-07-14,111.0,111.08000183105469,110.62999725341797,110.73999786376953,2601000,-0.00225499581251802,0.09251248945037235,115.42265007019043
2015-07-15,110.0,110.19000244140625,109.58000183105469,110.16000366210938,9286200,-0.005251204440368454,0.0913660350063546,115.388150100708
2015-07-16,109.66999816894531,110.01000213623047,109.5999984741211,109.76000213623047,4629700,-0.0036377042236319986,0.09137362074769896,115.35180011749267
2015-07-17,109.11000061035156,109.16000366210938,108.4000015258789,108.6500015258789,14858300,-0.010164462693893107,0.09314806111805218,115.3140001296997
2015-07-20,106.5999984741211,106.6500015258789,105.62000274658203,105.69999694824219,15751700,-0.02752685674211234,0.11361787197335733,115.25865013122558
2015-07-21,105.80999755859375,106.31999969482422,105.25,105.37000274658203,10519800,-0.003126872326802464,0.11334762636362897,115.20180015563965
2015-07-22,104.38999938964844,105.08999633789062,104.18000030517578,104.80000305175781,8349200,-0.005424190670740339,0.10896319138970999,115.15275016784668
2015-07-23,104.9800033569336,105.30000305175781,104.19999694824219,104.33000183105469,5779300,-0.00449483097628429,0.10853130303258633,115.09425018310547
2015-07-24,103.61000061035156,105.58999633789062,103.43000030517578,105.3499984741211,11572700,0.009729155735813993,0.11816436005671534,115.03920017242432
2015-07-27,104.94000244140625,105.68000030517578,104.66000366210938,104.86000061035156,10690100,-0.004661992801277996,0.1180767581230977,114.97615016937256
2015-07-28,105.08999633789062,105.33000183105469,104.83000183105469,105.0199966430664,5549200,0.0015246432799856059,0.1183017731096944,114.91305015563965
2015-07-29,104.93000030517578,105.62999725341797,104.48999786376953,105.16999816894531,5616900,0.0014272948765040416,0.11619102114814736,114.85095016479492
2015-07-30,104.02999877929688,104.97000122070312,103.86000061035156,104.2699966430664,6652000,-0.00859441451463339,0.11719417510843526,114.77970016479492
2015-07-31,105.41000366210938,105.75,104.69000244140625,104.93000030517578,6689200,0.006309807471318708,0.12208584480746991,114.71140018463134
2015-08-03,104.58999633789062,104.81999969482422,104.05000305175781,104.0999984741211,3528600,-0.007941503115089978,0.12313901736617132,114.63695018768311
2015-08-04,104.55999755859375,104.75,103.94999694824219,104.30999755859375,3241000,0.002015250319480653,0.12274722932121655,114.56240016937255
2015-08-05,104.41999816894531,104.5,103.77999877929688,103.93000030517578,5041000,-0.003649612745895922,0.1190385441877969,114.48710018157959
2015-08-06,104.1500015258789,104.86000061035156,104.13999938964844,104.38999938964844,3908100,0.004416281036678492,0.12005518374892915,114.41005016326905
2015-08-07,104.55999755859375,105.37999725341797,104.55000305175781,104.6500015258789,4400900,0.0024875838994236877,0.12008931736812527,114.3332001876831
2015-08-10,105.02999877929688,106.2699966430664,104.91999816894531,105.72000122070312,5892600,0.010172637809864738,0.12779334400959394,114.26510021209717
2015-08-11,106.48999786376953,106.62999725341797,105.7699966430664,106.26000213623047,4060900,0.005094839843947383,0.13023051127468366,114.203800239563
2015-08-12,106.98999786376953,107.91000366210938,106.93000030517578,107.75,10022500,0.013924787857253812,0.14151875473937175,114.15080024719238
2015-08-13,106.94999694824219,107.18000030517578,106.70999908447266,106.86000061035156,4761700,-0.008294156742538458,0.14297342373178848,114.09480026245117
2015-08-14,107.06999969482422,107.41000366210938,106.54000091552734,106.8499984741211,3509200,-9.36047567321894e-05,0.1428166275324504,114.03855026245117
2015-08-17,107.37000274658203,107.51000213623047,107.0,107.12999725341797,5769100,0.0026170571520377807,0.13962525285688607,113.99215023040772
2015-08-18,106.66999816894531,107.33000183105469,106.30999755859375,107.11000061035156,4121800,-0.00018667516172391786,0.09980988527886131,113.95175022125244
2015-08-19,107.62999725341797,108.66999816894531,107.62999725341797,108.55000305175781,7035100,0.013354574963244535,0.10798562151187856,113.93120021820069
2015-08-20,109.80999755859375,110.61000061035156,109.69999694824219,110.44000244140625,12549000,0.017261484729986225,0.11800958805492755,113.92265022277832
2015-08-21,110.93000030517578,111.33000183105469,110.12000274658203,111.12999725341797,13917600,0.006228253314387141,0.11583164227806414,113.9172002029419
2015-08-24,111.54000091552734,112.12000274658203,109.7699966430664,110.52999877929688,18388700,-0.005413696203742859,0.11663348892210007,113.92090019226075
2015-08-25,110.01000213623047,110.05000305175781,108.72000122070312,109.16000366210938,9974200,-0.012472236890549283,0.12531078838946472,113.9173002243042
2015-08-26,107.72000122070312,108.05999755859375,107.08000183105469,107.66999816894531,10856600,-0.013743752566773907,0.136564973205155,113.89080020904541
2015-08-27,107.33000183105469,108.04000091552734,107.11000061035156,107.7300033569336,8102100,0.0005571512452685862,0.13657892045041523,113.87715023040772
2015-08-28,108.16999816894531,109.30000305175781,108.12000274658203,108.69999694824219,7558900,0.00896363798539372,0.1343271664256116,113.86045021057129
2015-08-31,108.19000244140625,108.91999816894531,108.02999877929688,108.81999969482422,4532100,0.0011033722012558356,0.1334210131420501,113.8470502090454
2015-09-01,109.62999725341797,109.7699966430664,108.94000244140625,109.19999694824219,7077800,0.00348589711093372,0.1287715114072838,113.83470020294189
2015-09-02,109.01000213623047,109.33999633789062,108.45999908447266,108.62000274658203,4115700,-0.005325457471451406,0.1314429929122125,113.8054502105713
2015-09-03,107.7699966430664,108.31999969482422,107.55999755859375,107.83999633789062,3913100,-0.00720696468758582,0.13389968476197056,113.77440017700195
2015-09-04,107.13999938964844,107.55999755859375,107.06999969482422,107.48999786376953,4025000,-0.0032508130940551347,0.134614444909733,113.736600151062
2015-09-08,107.5999984741211,107.94000244140625,107.30999755859375,107.5199966430664,5982100,0.0002790454421465056,0.1346056840324138,113.70580013275146
2015-09-09,106.63999938964844,106.70999908447266,105.4800033569336,106.12999725341797,8855100,-0.013012113659039884,0.13920627626745202,113.6621501159668
2015-09-10,106.61000061035156,106.69999694824219,106.18000030517578,106.37999725341797,6204000,0.002352831601258748,0.13830871369579079,113.61710010528564
2015-09-11,105.6500015258789,106.19999694824219,105.2699966430664,106.16000366210938,4023900,-0.002070138975493721,0.12887327461275486,113.57235012054443
2015-09-14,105.86000061035156,106.38999938964844,105.77999877929688,106.22000122070312,2350800,0.0005650019663848919,0.12592260973672,113.52655014038086
2015-09-15,105.83000183105469,106.05999755859375,105.68000030517578,105.9000015258789,2905000,-0.003017159470430642,0.12627308202126444,113.48025012969971
2015-09-16,106.5999984741211,107.70999908447266,106.55999755859375,107.30999755859375,5315600,0.013226552172031262,0.13456976861903056,113.45625011444092
2015-09-17,107.06999969482422,108.58000183105469,106.95999908447266,108.41000366210938,8403800,0.01019855026531129,0.13904489058127256,113.41540012359619
2015-09-18,109.0999984741211,109.37999725341797,108.81999969482422,109.20999908447266,6794300,0.007352256373074212,0.1335392003348228,113.3857501220703
2015-09-21,108.48999786376953,108.66000366210938,108.33000183105469,108.52999877929688,4104800,-0.006246004616141289,0.12003927733845945,113.34675010681153
2015-09-22,107.58000183105469,107.95999908447266,107.44000244140625,107.79000091552734,5483300,-0.006841722923155944,0.11888793679006773,113.30630012512206
2015-09-23,108.54000091552734,108.63999938964844,108.19999694824219,108.22000122070312,2744200,0.00398130520726097,0.11939788308861637,113.27525012969971
2015-09-24,109.66999816894531,110.81999969482422,109.62999725341797,110.48999786376953,11024300,0.02075879629651289,0.13381025743474276,113.24880012512207
2015-09-25,109.87000274658203,110.02999877929688,109.55000305175781,109.80999755859375,5209500,-0.006173422414314381,0.1259403101609668,113.20690010070801
2015-09-28,108.37000274658203,108.91000366210938,108.2699966430664,108.41999816894531,3809600,-0.012739020432957309,0.1345724741934248,113.15920009613038
2015-09-29,108.23999786376953,108.69000244140625,107.87999725341797,107.9800033569336,4043600,-0.004066501065043471,0.1315435189064732,113.11065010070801
2015-09-30,106.77999877929688,107.08000183105469,106.47000122070312,106.86000061035156,7405600,-0.010426483637297347,0.13596474533126293,113.05790008544922
2015-10-01,106.9800033569336,107.20999908447266,106.62999725341797,106.7300033569336,4278600,-0.0012172598628681067,0.13504118695510803,113.01960010528565
2015-10-02,108.54000091552734,109.31999969482422,108.54000091552734,108.98999786376953,7730600,0.020953802922526705,0.1540067618390043,112.98980010986328
2015-10-05,109.13999938964844,109.37999725341797,108.45999908447266,108.7699966430664,5490200,-0.0020205850578978056,0.15191370688783684,112.96230010986328
2015-10-06,109.80000305175781,110.26000213623047,109.62999725341797,109.86000061035156,7513900,0.009971303227116472,0.15477809843114254,112.93585010528564
2015-10-07,109.75,110.13999938964844,109.33999633789062,109.69999694824219,5355500,-0.001457494008134859,0.1550022000847667,112.91050010681153
2015-10-08,109.16000366210938,110.2699966430664,109.05999755859375,109.13999938964844,5038200,-0.005117883296347929,0.14830644134868315,112.89345008850097
2015-10-09,110.54000091552734,111.05000305175781,110.2300033569336,110.87000274658203,7907300,0.015726912391542485,0.15647787480513012,112.88410011291504
2015-10-12,111.66999816894531,111.7300033569336,111.01000213623047,111.30999755859375,6257900,0.0039607110144831365,0.15591016807823954,112.87680011749268
2015-10-13,111.36000061035156,111.87000274658203,111.27999877929688,111.86000061035156,5149600,0.004929015278091239,0.15604670536186244,112.86195011138916
2015-10-14,112.62999725341797,113.94999694824219,112.30000305175781,113.80999755859375,10207800,0.017282274992371418,0.1627627655751676,112.8626501083374
2015-10-15,113.19999694824219,113.98999786376953,112.94000244140625,113.29000091552734,14083900,-0.004579458875531695,0.16093678832275113,112.85310012817382
2015-10-16,113.23999786376953,113.44000244140625,112.43000030517578,112.48999786376953,7328000,-0.007086601152338509,0.16176666278517005,112.8476501083374
2015-10-19,112.63999938964844,112.69000244140625,111.88999938964844,112.0199966430664,3959400,-0.004186912999915291,0.1616783972373985,112.83735008239746
2015-10-20,112.37999725341797,113.08999633789062,112.37999725341797,112.7300033569336,4903200,0.006318212020552837,0.16022980448476,112.82200008392334
2015-10-21,112.37000274658203,112.37000274658203,111.41000366210938,111.7300033569336,3908800,-0.008910332230671142,0.1617895035024445,112.7950500869751
2015-10-22,111.5199966430664,112.20999908447266,111.43000030517578,111.69000244140625,3436400,-0.00035807819279052113,0.1617200776181814,112.77135009765625
2015-10-23,111.80999755859375,111.83999633789062,110.95999908447266,111.5,4868400,-0.0017026075113336088,0.1459732768111896,112.74915008544922
2015-10-26,111.7300033569336,111.9800033569336,111.33000183105469,111.43000030517578,2573500,-0.0006279971024889811,0.14406235437726478,112.72000007629394
2015-10-27,111.30999755859375,111.80999755859375,111.29000091552734,111.68000030517578,2646100,0.002241047948969033,0.13555286830961613,112.68560009002685
2015-10-28,112.68000030517578,113.25,110.30999755859375,110.77999877929688,8201200,-0.008091400160860905,0.13829142524023175,112.64870006561279
2015-10-29,110.2300033569336,110.5999984741211,109.66000366210938,109.72000122070312,5150800,-0.009614564390769178,0.13745601786798828,112.6074500656128
2015-10-30,109.5,109.58000183105469,109.05999755859375,109.30000305175781,5543200,-0.0038352540915993893,0.13834625581404517,112.54925006866455
2015-11-02,108.63999938964844,108.83999633789062,108.45999908447266,108.58999633789062,5843300,-0.006517134598801595,0.12030898485623488,112.47960006713868
2015-11-03,107.79000091552734,107.80999755859375,106.68000030517578,106.9800033569336,7145300,-0.014937356022442439,0.13067930966484576,112.39350009918213
2015-11-04,107.0199966430664,107.08999633789062,105.91999816894531,105.97000122070312,7617800,-0.009485885776108033,0.12784165872732137,112.30220008850098
2015-11-05,106.01000213623047,106.0999984741211,105.58000183105469,105.63999938964844,5931100,-0.0031189650547963797,0.1279287405226718,112.20425006866455
2015-11-06,104.16999816894531,104.41999816894531,104.0199966430664,104.0999984741211,8831900,-0.014685120688170974,0.13514835327028324,112.10360004425048
2015-11-09,104.29000091552734,104.58000183105469,104.19000244140625,104.4000015258789,4129200,0.0028777291011320622,0.12010381739558161,112.01065006256104
2015-11-10,104.08999633789062,104.6500015258789,103.87000274658203,104.18000030517578,4450800,-0.002109514817878502,0.11757226001054821,111.90955005645752
2015-11-11,104.08999633789062,104.2300033569336,103.77999877929688,103.83000183105469,3527600,-0.00336521129587392,0.11384045191550951,111.81160007476807
2015-11-12,103.08999633789062,104.31999969482422,103.04000091552734,103.8499984741211,6300500,0.00019257167853245404,0.08656715197905403,111.72705005645751
2015-11-13,103.54000091552734,103.73999786376953,103.44999694824219,103.55999755859375,3224200,-0.002796404320479703,0.08673068154797593,111.62760005950928
2015-11-16,103.9800033569336,104.02999877929688,103.5199966430664,103.70999908447266,2951200,0.001447402465342363,0.08827095385995698,111.53405006408691
2015-11-17,103.37999725341797,103.4000015258789,101.9800033569336,102.33999633789062,8593100,-0.013297966180688193,0.0941313216729801,111.44050003051758
2015-11-18,102.38999938964844,102.94999694824219,102.04000091552734,102.43000030517578,5043800,0.0008790738346113607,0.0880898183815322,111.34475002288818
2015-11-19,103.06999969482422,104.08999633789062,103.06999969482422,103.55999755859375,5087600,0.010971489880734318,0.10161191757990833,111.25360000610351
2015-11-20,103.58000183105469,103.66000366210938,102.97000122070312,103.08999633789062,5971600,-0.004548773723664315,0.10095384945137119,111.17584999084472
2015-11-23,102.4800033569336,102.75,102.16000366210938,102.26000213623047,4042500,-0.008083747042833161,0.10168848995948555,111.09130001068115
2015-11-24,103.12000274658203,103.25,102.69000244140625,102.94000244140625,3479600,0.006627707399357638,0.1077527763634449,111.01365001678467
2015-11-25,102.47000122070312,102.69000244140625,102.20999908447266,102.45999908447266,2931300,-0.004673848365801943,0.10552879559662194,110.9406000137329
2015-11-27,101.01000213623047,101.62000274658203,100.98999786376953,101.25,4993600,-0.011879763588946619,0.10811705151998567,110.86015003204346
2015-11-30,101.52999877929688,102.37999725341797,101.5199966430664,101.91999816894531,6773000,0.006595467871597316,0.11253789487938387,110.77985000610352
2015-12-01,102.30000305175781,102.43000030517578,101.80999755859375,102.27999877929688,4645900,0.0035259646298247574,0.11513031186928015,110.71119998931884
2015-12-02,101.3499984741211,101.3499984741211,100.52999877929688,100.69000244140625,10223500,-0.015667624313787498,0.12261179014602028,110.63295001983643
2015-12-03,101.2300033569336,101.97000122070312,100.8499984741211,101.76000213623047,6499900,0.010570606410359536,0.12470688532181157,110.56205001831054
2015-12-04,102.73999786376953,104.20999908447266,102.6500015258789,104.0199966430664,10670200,0.021966035488281806,0.14762159738691844,110.50575000762939
2015-12-07,103.31999969482422,103.37000274658203,102.5,102.66999816894531,4393500,-0.013063212596420425,0.15342345904473387,110.44194999694824
2015-12-08,103.12999725341797,103.26000213623047,102.52999877929688,102.83999633789062,3412300,0.0016544033114080684,0.14579087574865865,110.37984996795655
2015-12-09,103.62999725341797,103.66000366210938,102.31999969482422,102.63999938964844,6026300,-0.0019466324270582696,0.14530628749370927,110.31454998016358
2015-12-10,102.51000213623047,102.83000183105469,102.33999633789062,102.55000305175781,3853500,-0.0008772000837340084,0.1452300690305468,110.24694999694825
2015-12-11,101.91000366210938,103.31999969482422,101.8499984741211,103.11000061035156,6798400,0.0054458711721541595,0.14643402369177147,110.18169998168945
2015-12-14,102.58000183105469,102.72000122070312,101.73999786376953,101.79000091552734,5563800,-0.012884508990749449,0.15271668458359053,110.11224998474121
2015-12-15,101.70999908447266,102.05999755859375,101.41000366210938,101.5199966430664,6831100,-0.0026560861191144095,0.152696128057874,110.04249996185303
2015-12-16,102.58999633789062,103.19999694824219,101.66000366210938,102.75,8292200,0.012043063036934096,0.15906841547888495,109.98069995880127
2015-12-17,100.91999816894531,100.98999786376953,100.2300033569336,100.5,10156200,-0.022141125877213518,0.17060454972071856,109.90819995880128
2015-12-18,101.3499984741211,102.52999877929688,101.30000305175781,102.04000091552734,8345900,0.015207174746719882,0.17944022565698528,109.85909996032714
2015-12-21,102.94999694824219,103.5199966430664,102.83000183105469,103.1500015258789,6378900,0.010819352064225785,0.17932181294238675,109.81499996185303
2015-12-22,103.08999633789062,103.19999694824219,102.55999755859375,102.61000061035156,4123500,-0.0052488544876924,0.17955252997135837,109.77094997406006
2015-12-23,102.4000015258789,102.58999633789062,102.20999908447266,102.30999755859375,2821400,-0.002928003794366426,0.17758571618462726,109.72874996185303
2015-12-24,102.81999969482422,103.05000305175781,102.7699966430664,103.05000305175781,1710200,0.007206940922791017,0.17786825332579206,109.6903999710083
2015-12-28,102.4800033569336,102.5999984741211,102.02999877929688,102.2699966430664,3356200,-0.007597994957113434,0.17913090085556282,109.64734996795654
2015-12-29,102.5199966430664,102.58000183105469,102.11000061035156,102.19999694824219,2832200,-0.0006846940847352253,0.17396925462825272,109.60429996490478
2015-12-30,101.47000122070312,101.5999984741211,101.3499984741211,101.41999816894531,3745000,-0.007661355596264362,0.17462700679938117,109.56034996032714
2015-12-31,101.4800033569336,101.72000122070312,101.30999755859375,101.45999908447266,3823600,0.0003943308023186173,0.17411357415509343,109.50579994201661
2016-01-04,103.12999725341797,103.66999816894531,102.48999786376953,102.88999938964844,6440000,0.013995827340626326,0.17160788499738341,109.4587999343872
2016-01-05,103.12999725341797,103.45999908447266,102.93000030517578,103.18000030517578,3500300,0.00281458831856644,0.16824464081523133,109.40684993743896
2016-01-06,104.37000274658203,104.80000305175781,103.93000030517578,104.66999816894531,9316600,0.014337487598989632,0.1578249580917562,109.35874992370606
2016-01-07,105.83000183105469,106.23999786376953,105.19000244140625,106.1500015258789,11730400,0.014040676150811138,0.15684115956368821,109.31664993286132
2016-01-08,105.4800033569336,105.80000305175781,105.04000091552734,105.68000030517578,7678200,-0.0044375394222030354,0.15822196033729563,109.27139991760254
2016-01-11,105.47000122070312,105.56999969482422,104.70999908447266,104.73999786376953,6272400,-0.008934594646018349,0.1618375639857095,109.21769989013671
2016-01-12,104.08999633789062,104.58999633789062,103.6500015258789,104.20999908447266,5540200,-0.0050729832368576954,0.16308702073411566,109.16344989776611
2016-01-13,103.88999938964844,104.81999969482422,103.77999877929688,104.72000122070312,7324200,0.004882048039545079,0.16289468573571791,109.11829990386963
2016-01-14,103.75,104.18000030517578,102.5,103.0199966430664,9989100,-0.016367021706295802,0.16696016812503273,109.06509986877441
2016-01-15,104.91999816894531,104.95999908447266,103.97000122070312,104.08000183105469,10052700,0.01023674024483427,0.16976927448160728,109.00749988555908
2016-01-19,104.05999755859375,104.44999694824219,103.6500015258789,103.9800033569336,4588400,-0.0009612465570264486,0.16520583578001416,108.95099990844727
2016-01-20,105.16999816894531,106.16000366210938,104.94000244140625,105.37000274658203,10120900,0.013279386437522704,0.14859147206102077,108.89439990997315
2016-01-21,104.98999786376953,105.48999786376953,104.5199966430664,105.48999786376953,5425000,0.00113814976565955,0.14093272172040916,108.84129989624023
2016-01-22,104.93000030517578,105.51000213623047,104.76000213623047,105.0,4185300,-0.004655791285644273,0.13832574675447556,108.78894989013672
2016-01-25,105.76000213623047,106.08999633789062,105.5999984741211,106.08000183105469,6819400,0.010233193541102439,0.14011515788894685,108.74599990844726
2016-01-26,106.31999969482422,107.43000030517578,106.26000213623047,107.29000091552734,8443400,0.011341913483231932,0.143015380335524,108.70259990692139
2016-01-27,106.86000061035156,107.93000030517578,106.6500015258789,107.69000244140625,8273400,0.0037212948296183107,0.1420033438046216,108.66534992218017
2016-01-28,106.55000305175781,106.86000061035156,106.4800033569336,106.54000091552734,5914200,-0.0107362419293496,0.1450857348084918,108.62584991455078
2016-01-29,106.61000061035156,107.0,106.26000213623047,106.94999694824219,8098700,0.0038408969118528882,0.14489795590636412,108.58344989776612
2016-02-01,107.54000091552734,108.1500015258789,107.52999877929688,108.05000305175781,10471800,0.010232704202856196,0.14285496602330938,108.54854991912842
2016-02-02,107.91999816894531,108.18000030517578,107.3499984741211,108.08999633789062,6656000,0.00037006835108891606,0.14286059971705747,108.51099990844726
2016-02-03,107.91000366210938,109.58000183105469,107.9000015258789,109.25,15785200,0.010674654427775114,0.1400800741484651,108.48364990234376
2016-02-04,110.44999694824219,110.69999694824219,109.91999816894531,110.56999969482422,13213700,0.012009967818587527,0.14362264744809014,108.45959991455078
2016-02-05,109.79000091552734,112.3499984741211,109.58000183105469,112.31999969482422,14777300,0.015703135766193033,0.14501689369191448,108.45204990386964
2016-02-08,113.66999816894531,114.87000274658203,113.38999938964844,113.83000183105469,28341200,0.013354185862515874,0.1443979458817894,108.44789989471435
2016-02-09,114.43000030517578,114.69000244140625,113.55000305175781,113.58000183105469,18156700,-0.002198672852432284,0.14308348589359282,108.45054988861084
2016-02-10,113.91999816894531,114.5199966430664,112.9800033569336,114.45999908447266,13311100,0.007717958411726099,0.13642070000350962,108.44619987487793
2016-02-11,118.58999633789062,120.83999633789062,117.7699966430664,119.05999755859375,49139000,0.03940213823727399,0.17867591670260752,108.45984985351562
2016-02-12,118.12000274658203,118.73999786376953,117.87999725341797,118.36000061035156,16981200,-0.00589671453081662,0.18362000875902476,108.47409984588623
2016-02-16,116.0,116.30999755859375,114.73999786376953,114.7699966430664,14601700,-0.030800736245396157,0.21045235158725006,108.48059982299804
2016-02-17,115.47000122070312,116.06999969482422,114.88999938964844,115.4800033569336,10582400,0.006167287420776475,0.20968207592903226,108.49259983062744
2016-02-18,115.30000305175781,118.5999984741211,115.29000091552734,118.29000091552734,13586500,0.024041860433202913,0.2185046068199992,108.51354984283448
2016-02-19,117.26000213623047,117.97000122070312,117.0999984741211,117.58000183105469,15192000,-0.006020275750380445,0.22077533901583274,108.52934986114502
2016-02-22,115.44000244140625,116.19000244140625,115.41000366210938,115.48999786376953,10677800,-0.01793504091705753,0.2346691035147204,108.53499984741211
2016-02-23,116.68000030517578,117.41999816894531,116.5199966430664,117.22000122070312,9033400,0.014868593832169054,0.23501351932680214,108.55399986267089
2016-02-24,119.0,119.86000061035156,117.3499984741211,117.61000061035156,17938800,0.003321549590506587,0.2343829243043213,108.57219985961915
2016-02-25,117.62000274658203,118.91000366210938,117.54000091552734,117.91999816894531,12500300,0.002632341860518043,0.23331242541760325,108.59414985656738
2016-02-26,117.43000030517578,117.72000122070312,115.86000061035156,117.11000061035156,12505100,-0.006892743647260338,0.2366315593547648,108.60719985961914
2016-02-29,117.58999633789062,118.69999694824219,117.52999877929688,118.63999938964844,11517500,0.012980023419282503,0.2322519936039808,108.61764984130859
2016-03-01,118.73999786376953,119.11000061035156,117.33999633789062,117.7699966430664,14139300,-0.007360151335800538,0.23623783143358568,108.62059982299805
2016-03-02,118.33999633789062,118.97000122070312,118.06999969482422,118.68000030517578,8903000,0.007697256644730053,0.2356371568842013,108.62634983062745
2016-03-03,118.86000061035156,121.30000305175781,118.80999755859375,120.7300033569336,18724100,0.017125877155555313,0.2390887780128593,108.64239986419678
2016-03-04,121.12999725341797,122.37000274658203,120.22000122070312,120.54000091552734,16261100,-0.0015750194994792542,0.2393628755918775,108.66564987182618
2016-03-07,121.18000030517578,121.58000183105469,120.41000366210938,121.13999938964844,9358600,0.004965240864288737,0.23788523987161328,108.69094985961914
2016-03-08,121.79000091552734,121.87999725341797,120.47000122070312,120.58000183105469,11531000,-0.0046334482677505085,0.23607787628375276,108.71539985656739
2016-03-09,119.19999694824219,120.38999938964844,118.83999633789062,119.58000183105469,8672900,-0.00832782948151173,0.23648221226431165,108.73529987335205
2016-03-10,120.5,121.76000213623047,120.41999816894531,121.5,18104900,0.015928644015462578,0.24039695067068637,108.7732498550415
2016-03-11,121.19000244140625,121.38999938964844,119.36000061035156,119.41000366210938,10812300,-0.01735128256694606,0.24996863903172267,108.8008498764038
2016-03-14,120.2699966430664,120.30999755859375,117.5,117.87000274658203,14236200,-0.012980634673388813,0.21461700862125846,108.82009990692139
2016-03-15,117.77999877929688,118.04000091552734,117.36000061035156,117.95999908447266,9941800,0.0007632306454701139,0.2137366374092853,108.83939990997314
2016-03-16,117.41999816894531,120.76000213623047,117.33999633789062,120.58999633789062,17334000,0.02205075556149502,0.19594697491499147,108.8723498916626
2016-03-17,121.16000366210938,121.18000030517578,120.02999877929688,120.12999725341797,9914300,-0.0038218648773646413,0.1965530343804568,108.90069988250733
2016-03-18,119.58999633789062,120.33999633789062,119.51000213623047,119.80000305175781,16965900,-0.002750755714748547,0.1796775516400684,108.93149990081787
2016-03-21,119.0,119.33000183105469,118.7300033569336,118.95999908447266,7240600,-0.007036416699314462,0.18018335058357318,108.96209991455078
2016-03-22,119.7300033569336,120.16000366210938,118.95999908447266,119.30999755859375,6786800,0.0029378329691904675,0.1672367574876531,108.99744991302491
2016-03-23,116.73999786376953,117.12000274658203,116.16000366210938,116.61000061035156,15993700,-0.02289008865862743,0.18000960849587194,109.01764991760254
2016-03-24,116.7699966430664,116.94000244140625,116.30000305175781,116.33000183105469,6280900,-0.00240404319751751,0.17967122949706676,109.03519992828369
2016-03-28,116.7300033569336,116.91000366210938,116.2699966430664,116.5999984741211,3879100,0.0023182652611009025,0.17960505506719948,109.04929992675781
2016-03-29,117.36000061035156,118.80999755859375,116.80000305175781,118.76000213623047,14472400,0.01835540705340136,0.189375659294673,109.07679992675781
2016-03-30,117.87999725341797,118.19999694824219,116.91000366210938,117.0999984741211,10769100,-0.014076410310244578,0.19039941235340813,109.09614990234375
2016-03-31,118.16000366210938,118.38999938964844,117.5999984741211,117.63999938964844,9348200,0.004600850924385841,0.1895726175838803,109.11569988250733
2016-04-01,116.08000183105469,116.9800033569336,115.55000305175781,116.93000030517578,10405400,-0.006053640735366039,0.18847102073882474,109.13374988555908
2016-04-04,116.66999816894531,116.7300033569336,116.06999969482422,116.1500015258789,7643700,-0.006692995408569699,0.17783482314998778,109.14524990081787
2016-04-05,117.76000213623047,117.93000030517578,117.1500015258789,117.66000366210938,8865900,0.012916668207256437,0.18504781985429897,109.1569499206543
2016-04-06,116.69999694824219,117.38999938964844,116.26000213623047,116.94000244140625,7549400,-0.0061381369358647206,0.18441964829054994,109.16604991912841
2016-04-07,118.6500015258789,118.8499984741211,115.0,118.61000061035156,11900500,0.014179801562102948,0.19198382314084458,109.19089992523193
2016-04-08,118.06999969482422,118.7699966430664,117.9800033569336,118.43000030517578,9078900,-0.0015187338768047718,0.1900520576830542,109.21859992980957
2016-04-11,119.47000122070312,120.30000305175781,119.41999816894531,120.02999877929688,9846000,0.013419630057020864,0.1875076224561633,109.25579994201661
2016-04-12,120.2300033569336,120.3499984741211,119.55000305175781,120.05000305175781,9689500,0.00016664672071527165,0.1773070023629577,109.29384994506836
2016-04-13,119.37000274658203,119.43000030517578,118.55999755859375,118.7699966430664,8841500,-0.010719526565990727,0.1753424793902312,109.32489994049072
2016-04-14,118.08999633789062,118.19000244140625,116.94999694824219,117.11000061035156,13165800,-0.014075152256168354,0.18231062775497853,109.34509994506836
2016-04-15,117.33000183105469,118.12000274658203,117.19000244140625,117.91999816894531,7838100,0.006892743647260424,0.16564967185640447,109.37284992218018
2016-04-18,118.52999877929688,118.55999755859375,117.62999725341797,117.73999786376953,5809800,-0.0015276274565966695,0.16535917618705182,109.40164989471435
2016-04-19,119.87000274658203,120.08999633789062,119.37000274658203,119.58000183105469,21031500,0.015506833308651099,0.17469519640344344,109.44074989318848
2016-04-20,119.66999816894531,120.08000183105469,118.72000122070312,118.97000122070312,10233200,-0.005114248016109923,0.17385670436498366,109.47529991149902
2016-04-21,120.41999816894531,120.55000305175781,119.12999725341797,119.41999816894531,14612800,0.003775305036917395,0.17405885892209372,109.5185998916626
2016-04-22,118.70999908447266,119.0199966430664,117.27999877929688,117.88999938964844,10047000,-0.012894694659209222,0.16037045312455814,109.55259990692139
2016-04-25,118.13999938964844,118.70999908447266,118.11000061035156,118.2300033569336,4369400,0.0028799271415296556,0.1602010976367711,109.58694992065429
2016-04-26,118.79000091552734,118.88999938964844,118.44999694824219,118.69999694824219,9906800,0.003967367637514969,0.16050329224527768,109.62299991607667
2016-04-27,118.97000122070312,119.69999694824219,118.43000030517578,119.04000091552734,7976400,0.002860302869919961,0.14767204838051537,109.66324993133544
2016-04-28,119.91999816894531,121.41999816894531,119.7300033569336,121.29000091552734,15133600,0.018724801093336303,0.15162436271774177,109.71599994659424
2016-04-29,122.43000030517578,123.93000030517578,122.33999633789062,123.6500015258789,19043900,0.019270626438691787,0.16326154223434378,109.78344993591308
2016-05-02,123.77999877929688,123.95999908447266,123.05000305175781,123.23999786376953,12137500,-0.0033213499131697927,0.16175207504533076,109.85084991455078
2016-05-03,123.7300033569336,123.81999969482422,122.51000213623047,122.95999908447266,9063600,-0.0022745646099545844,0.15929251882393466,109.92239990234376
2016-05-04,122.8499984741211,123.2300033569336,121.51000213623047,122.20999908447266,9398200,-0.006118222826125519,0.15756784631877174,110.0049499130249
2016-05-05,122.62999725341797,122.7300033569336,121.25,122.06999969482422,8846900,-0.0011462207767798868,0.15532939118977426,110.08844989776611
2016-05-06,122.83000183105469,123.80999755859375,122.58999633789062,123.18000030517578,11366800,0.009052054554673597,0.15124359727958553,110.1803498840332
2016-05-09,121.19999694824219,121.29000091552734,120.58999633789062,120.6500015258789,9236200,-0.02075289801818274,0.17006702237536556,110.26194988250732
2016-05-10,120.73999786376953,121.37999725341797,120.08000183105469,120.9800033569336,9845000,0.002731465708414251,0.16406512469454693,110.34009990692138
2016-05-11,121.8499984741211,122.16000366210938,121.37999725341797,122.12000274658203,7590100,0.009378919930915114,0.16699488938293527,110.42639991760254
2016-05-12,122.0199966430664,122.38999938964844,121.0,121.16000366210938,7447100,-0.007892173973086844,0.16480733714385717,110.50709995269776
2016-05-13,121.08999633789062,121.86000061035156,120.66000366210938,121.70999908447266,7672800,0.004529141979827091,0.15579242171851557,110.58979995727539
2016-05-16,122.93000030517578,122.97000122070312,121.37999725341797,121.80000305175781,7103000,0.0007392219670169126,0.1547298134971254,110.67744998931884
2016-05-17,121.58000183105469,122.5199966430664,121.4800033569336,122.22000122070312,8619800,0.003442329123242772,0.1544451995019467,110.76389999389649
2016-05-18,121.22000122070312,121.91999816894531,119.87999725341797,120.0999984741211,13381700,-0.017497993073654197,0.1597085141800325,110.84389999389649
2016-05-19,119.0,119.9800033569336,118.91999816894531,119.87000274658203,14339700,-0.0019168712488535215,0.15874748742493888,110.92170001983642
2016-05-20,120.19000244140625,120.31999969482422,119.30999755859375,119.70999908447266,10379400,-0.001335701516612647,0.15834837176990368,111.0006000137329
2016-05-23,118.86000061035156,119.5999984741211,118.75,119.37000274658203,8628200,-0.002844207499474105,0.15162860257179947,111.07550003051757
2016-05-24,118.16999816894531,118.2300033569336,117.25,117.30000305175781,12772000,-0.017493154439807392,0.1637022650139163,111.13875003814697
2016-05-25,116.58999633789062,117.05999755859375,116.31999969482422,116.9800033569336,10487300,-0.002731772964595234,0.1631064811813812,111.19505004882812
2016-05-26,117.56999969482422,117.62999725341797,116.38999938964844,116.58000183105469,5893500,-0.003425260387699169,0.1628332517254487,111.24665004730224
2016-05-27,116.2699966430664,116.36000061035156,115.29000091552734,115.62000274658203,8686700,-0.008268772914245718,0.14779976851803076,111.28600006103515
2016-05-31,115.76000213623047,116.4000015258789,115.5,116.05999755859375,8187600,0.003798302317157037,0.12772989499557844,111.33200004577637
2016-06-01,115.97000122070312,116.13999938964844,115.19999694824219,115.94000244140625,8399600,-0.0010344407576528966,0.12790668612212433,111.37745006561279
2016-06-02,115.77999877929688,115.97000122070312,115.58000183105469,115.66999816894531,4591600,-0.002331543491761781,0.1279032848496669,111.42015007019043
2016-06-03,118.25,118.88999938964844,118.2300033569336,118.87999725341797,14605100,0.027373264388307245,0.1646573010917869,111.47900005340576
2016-06-06,118.88999938964844,119.16999816894531,118.45999908447266,118.91999816894531,9887900,0.0003364248669020046,0.1647565835618002,111.5308500289917
2016-06-07,118.5,119.0199966430664,118.41000366210938,118.81999969482422,4602900,-0.0008412423733233627,0.16047462647248603,111.57275001525879
2016-06-08,120.30000305175781,120.77999877929688,120.2300033569336,120.58000183105469,11661700,0.014703707887444253,0.15436517091382232,111.62000003814697
2016-06-09,120.61000061035156,121.4800033569336,120.55000305175781,121.25,12174000,0.005541081570940133,0.15530191270465799,111.67360004425049
2016-06-10,121.55000305175781,122.0999984741211,121.18000030517578,121.73999786376953,13940000,0.004033075700703472,0.15235628523403896,111.73650001525878
2016-06-13,122.80000305175781,122.83000183105469,122.02999877929688,122.63999938964844,12594200,0.007365624068488461,0.15175174389652654,111.8113500213623
2016-06-14,123.0,123.05999755859375,122.30000305175781,122.7699966430664,11651700,0.0010594292626908233,0.15108804378737906,111.88654998779298
2016-06-15,122.5199966430664,123.87000274658203,122.37999725341797,123.68000030517578,15053000,0.0073849284570991006,0.15301054503563136,111.96145000457764
2016-06-16,125.16999816894531,125.66999816894531,122.2300033569336,122.37999725341797,26635000,-0.01056665171524312,0.15751033870762196,112.02924999237061
2016-06-17,123.26000213623047,124.0999984741211,122.69000244140625,123.94999694824219,15573800,0.01274729826898987,0.14967536044231253,112.1029999923706
2016-06-20,122.26000213623047,123.33000183105469,122.12999725341797,123.20999908447266,11866200,-0.005988024654369792,0.15150054044300412,112.17594997406006
2016-06-21,121.6500015258789,121.86000061035156,120.7699966430664,120.83999633789062,14585600,-0.01942288299292089,0.1675812348554092,112.24094997406006
2016-06-22,120.83000183105469,121.25,120.68000030517578,120.9000015258789,7861000,0.000496444028716167,0.16715348789501344,112.30799999237061
2016-06-23,120.48999786376953,121.02999877929688,120.05999755859375,120.11000061035156,10704900,-0.0065557755937431204,0.15616385731642407,112.37095001220703
2016-06-24,126.62000274658203,126.81999969482422,125.0,126.0,35782900,0.047873912303474195,0.22404697317995864,112.47030002593993
2016-06-27,126.44000244140625,127.05000305175781,125.83000183105469,126.68000030517578,21228800,0.0053823171279899626,0.22267156724181988,112.57180004119873
2016-06-28,125.55999755859375,126.0199966430664,125.05999755859375,125.31999969482422,16001500,-0.01079376043064916,0.22458188661953618,112.6676000213623
2016-06-29,125.91000366210938,126.80999755859375,125.69999694824219,125.83999633789062,12218400,0.004140765999889028,0.22458429060032467,112.76569999694824
2016-06-30,125.94999694824219,126.5199966430664,125.5,126.47000122070312,15981600,0.0049939058952932335,0.22390129138319162,112.86854999542237
2016-07-01,127.66000366210938,128.4199981689453,127.44000244140625,128.41000366210938,14940700,0.015223162818061162,0.22575892172570988,112.97405002593995
2016-07-05,128.8000030517578,129.58999633789062,128.1699981689453,129.47000122070312,19026200,0.008220905136956962,0.21108963723542423,113.0793500137329
2016-07-06,130.5,131.14999389648438,129.82000732421875,130.22999572753906,17376700,0.005852881673551483,0.2107270382231593,113.18444999694825
2016-07-07,129.82000732421875,130.1199951171875,128.97999572753906,129.74000549316406,16508500,-0.0037695950478742334,0.2118728853894247,113.29050003051758
2016-07-08,129.85000610351562,130.52000427246094,128.97000122070312,130.52000427246094,17634200,0.005994014334570738,0.20854766421630477,113.40415004730225
2016-07-11,129.49000549316406,129.89999389648438,129.16000366210938,129.2899932861328,10855600,-0.00946861312154938,0.2133693826673148,113.5095000076294
2016-07-12,128.52000427246094,128.5399932861328,126.98999786376953,127.1500015258789,26459600,-0.016690387468968386,0.22398762803649716,113.59280002593994
2016-07-13,128.0,128.42999267578125,127.61000061035156,128.32000732421875,7377700,0.009159697327218079,0.224607388959968,113.68535007476807
2016-07-14,126.30999755859375,127.37000274658203,126.02999877929688,127.33000183105469,12132400,-0.007745045230236175,0.22720471423553434,113.77990009307861
2016-07-15,126.37999725341797,127.19000244140625,126.33000183105469,126.83999633789062,13892100,-0.003855735167465888,0.2270203785980204,113.8742000579834
2016-07-18,127.0199966430664,127.5,126.62999725341797,127.04000091552734,8489700,0.0015755839071671933,0.2229498321914473,113.97510005950927
2016-07-19,126.94999694824219,127.3499984741211,126.81999969482422,127.20999908447266,5170700,0.0013372522657107563,0.21935203046586435,114.07750003814698
2016-07-20,125.5,126.12000274658203,125.30999755859375,125.38999938964844,11777700,-0.01441038163632243,0.22472171396602772,114.15950004577637
2016-07-21,125.66000366210938,127.37000274658203,125.5999984741211,127.30000305175781,9399200,0.015117654201499693,0.21721736493838784,114.25215007781982
2016-07-22,126.43000030517578,126.5199966430664,126.01000213623047,126.3499984741211,7716000,-0.0074907077787214,0.21988213611379642,114.33460006713867
2016-07-25,125.52999877929688,126.20999908447266,125.11000061035156,125.47000122070312,13139400,-0.006989125856947095,0.22010208522483657,114.41345008850098
2016-07-26,126.08999633789062,126.13999938964844,125.75,126.0,7613200,0.004215211050825792,0.14468714335381208,114.49775009155273
2016-07-27,126.79000091552734,128.1199951171875,126.04000091552734,128.02999877929688,17066400,0.01598269497210111,0.15401480895364075,114.5835500717163
2016-07-28,128.08999633789062,128.1999969482422,127.20999908447266,127.66000366210938,9261800,-0.00289409340924044,0.14906441441154125,114.66530010223389
2016-07-29,128.4199981689453,129.41000366210938,127.87999725341797,128.97999572753906,13708200,0.010286811942904156,0.15224443169229437,114.75090007781982
2016-08-01,128.57000732421875,129.33999633789062,128.55999755859375,129.22000122070312,7109900,0.0018590671194806466,0.1516393719072607,114.82795009613037
2016-08-02,130.0399932861328,130.5500030517578,129.94000244140625,130.27000427246094,7652800,0.008092864929715934,0.14509755191095564,114.91285011291504
2016-08-03,129.9499969482422,129.9600067138672,129.27000427246094,129.64999389648438,5010700,-0.004770787598632875,0.14356692001908467,114.99865009307861
2016-08-04,130.00999450683594,130.27999877929688,129.82000732421875,129.8699951171875,4908100,0.0016954476164976306,0.1421710649193667,115.08790008544922
2016-08-05,128.4600067138672,128.5500030517578,127.38999938964844,127.55000305175781,16205100,-0.018025444010511534,0.15478444518585274,115.16200008392335
2016-08-08,127.29000091552734,127.69999694824219,127.2699966430664,127.44000244140625,6773800,-0.0008627837547004024,0.1527960166273867,115.24055007934571
2016-08-09,127.94000244140625,128.13999938964844,127.75,127.95999908447266,7500400,0.004072023167431496,0.15067821372994267,115.32190006256104
2016-08-10,129.1199951171875,129.1999969482422,128.14999389648438,128.55999755859375,6196200,0.004677994512329687,0.13950221136313398,115.407200050354
2016-08-11,128.61000061035156,129.19000244140625,127.4800033569336,127.66999816894531,9763800,-0.006946906948684773,0.13809161726789795,115.48840003967285
2016-08-12,127.66999816894531,129.25999450683594,127.19999694824219,127.4000015258789,15395800,-0.0021170403750345335,0.13559217875455926,115.56700004577637
2016-08-15,127.62000274658203,128.25,127.5999984741211,127.83999633789062,4530800,0.003447698256792746,0.13531766039728013,115.65230003356933
2016-08-16,128.1199951171875,129.0399932861328,128.0,128.47000122070312,8678100,0.004915970173444719,0.13618339791835984,115.74605003356933
2016-08-17,128.1699981689453,128.99000549316406,127.45999908447266,128.5,12034800,0.00023348078990268189,0.13615494060483493,115.84205001831054
2016-08-18,128.88999938964844,129.1699981689453,128.5800018310547,129.11000061035156,9500600,0.004735854578729188,0.12550895775330584,115.94465003967285
2016-08-19,128.0800018310547,128.6699981689453,127.86000061035156,127.97000122070312,10660100,-0.008868887925520175,0.11983421854606041,116.0496000289917
2016-08-22,127.62999725341797,127.91999816894531,127.44999694824219,127.77999877929688,8627200,-0.0014858453674488508,0.11671161743549387,116.15865001678466
2016-08-23,128.13999938964844,128.22000122070312,127.61000061035156,127.76000213623047,9038500,-0.0001565049936259337,0.11351714100045755,116.26925003051758
2016-08-24,126.91999816894531,126.97000122070312,126.30000305175781,126.33999633789062,13539700,-0.011176864142998198,0.12011747691425133,116.38045001983643
2016-08-25,125.9800033569336,126.30999755859375,125.95999908447266,126.2300033569336,5926300,-0.0008709901258544955,0.10537178116244567,116.4896000289917
2016-08-26,126.87999725341797,128.11000061035156,125.81999969482422,126.05000305175781,17967700,-0.0014269885139346196,0.10510456957774084,116.59895004272461
2016-08-29,126.0,126.4800033569336,125.93000030517578,126.30000305175781,5562400,0.001981375674593548,0.09795530388602147,116.71130004882812
2016-08-30,125.7300033569336,125.94999694824219,124.87999725341797,125.02999877929688,9877000,-0.01010635477558835,0.10223133599332163,116.817200050354
2016-08-31,124.7300033569336,125.11000061035156,124.63999938964844,124.77999877929688,13324100,-0.0020015218438290436,0.09600035841270135,116.92330005645752
2016-09-01,124.66999816894531,125.51000213623047,124.55000305175781,125.29000091552734,12877700,0.004078880664929754,0.09771988636338899,117.0312000656128
2016-09-02,126.29000091552734,126.56999969482422,125.58000183105469,126.56999969482422,11318600,0.010164454828507231,0.1054483249182302,117.15235008239746
2016-09-06,127.4000015258789,129.0800018310547,127.2699966430664,128.7100067138672,15115300,0.016766351430797802,0.10447819504697098,117.28375011444092
2016-09-07,128.7899932861328,128.86000061035156,128.1199951171875,128.27000427246094,8859800,-0.0034244132039321193,0.10525189619032768,117.40730014801025
2016-09-08,128.16000366210938,128.52000427246094,127.4000015258789,127.58999633789062,10561800,-0.005315481388614766,0.10604383859013845,117.52980014801025
2016-09-09,127.23999786376953,127.51000213623047,126.69999694824219,126.75,12485600,-0.006605326760192751,0.10678814527997192,117.6522501373291
2016-09-12,126.30999755859375,126.91999816894531,125.97000122070312,126.58999633789062,11140300,-0.0012631537514554386,0.10436985865039117,117.77050010681153
2016-09-13,126.47000122070312,126.5999984741211,125.52999877929688,125.75,8866400,-0.006657679739988439,0.1064726621278052,117.88695011138915
2016-09-14,126.0999984741211,126.54000091552734,126.02999877929688,126.18000030517578,5820700,0.0034136523813896856,0.10645633439204488,118.01160011291503
2016-09-15,125.7300033569336,126.0999984741211,124.91000366210938,125.37000274658203,12790400,-0.006440074325495675,0.1062805033990161,118.12885013580322
2016-09-16,124.80999755859375,125.25,124.66999816894531,125.05999755859375,18995100,-0.002475784418470438,0.10624629094000528,118.2427501296997
2016-09-19,125.61000061035156,125.62000274658203,125.25,125.31999969482422,4959600,0.002076861031546589,0.10473395102653664,118.3659001159668
2016-09-20,125.30999755859375,125.58999633789062,125.16999816894531,125.44000244140625,5672000,0.0009571124160199947,0.10140533942020122,118.48430011749268
2016-09-21,126.33000183105469,127.41999816894531,125.95999908447266,127.2699966430664,13646400,0.014483211562644741,0.11457699497926739,118.60055011749267
2016-09-22,127.56999969482422,128.1999969482422,127.5,127.56999969482422,15188000,0.0023544435304930274,0.11491602756137964,118.72505012512207
2016-09-23,127.5999984741211,127.86000061035156,127.43000030517578,127.6500015258789,7702300,0.0006269244831308528,0.10758302855136397,118.84910015106202
2016-09-26,127.95999908447266,128.0399932861328,127.41999816894531,127.55000305175781,5842700,-0.0007836871273146296,0.10756952447596292,118.97365016937256
2016-09-27,126.86000061035156,126.9000015258789,126.33999633789062,126.62000274658203,6220700,-0.00731797170627855,0.1107836922912661,119.09400016784667
2016-09-28,126.25,126.4000015258789,125.7300033569336,126.22000122070312,6757700,-0.0031640709801869947,0.11118307757062174,119.20955017089844
2016-09-29,125.83999633789062,126.33999633789062,125.54000091552734,126.06999969482422,7448400,-0.001189120004834333,0.10512668212644875,119.33095016479493
2016-09-30,126.5199966430664,126.55000305175781,125.23999786376953,125.63999938964844,11204300,-0.0034166360099868506,0.1056460723173535,119.45155017852784
2016-10-03,125.31999969482422,125.45999908447266,124.9000015258789,125.31999969482422,9044100,-0.002550206163687112,0.10517451736155847,119.56440017700196
2016-10-04,123.16000366210938,123.18000030517578,120.86000061035156,120.97000122070312,24372700,-0.03532787258610445,0.15574585739506414,119.66675018310546
2016-10-05,121.33000183105469,121.58999633789062,120.4000015258789,120.77999877929688,14718100,-0.0015718922897908132,0.13981525778481782,119.76045017242431
2016-10-06,119.69000244140625,119.9800033569336,119.23999786376953,119.66000366210938,17917700,-0.009316280206747919,0.14150516090509782,119.84300018310547
2016-10-07,120.48999786376953,120.58000183105469,118.41999816894531,119.73999786376953,17907300,0.0006682890904551575,0.14195342353120097,119.92865016937256
2016-10-10,119.73999786376953,120.41999816894531,119.73999786376953,120.16000366210938,4514400,0.003501510836135576,0.14305369132536866,120.01790019989014
2016-10-11,119.91999816894531,120.16000366210938,119.52999877929688,119.55000305175781,6065300,-0.005089499061391432,0.14323648423147792,120.10040019989013
2016-10-12,119.72000122070312,120.06999969482422,119.29000091552734,119.73999786376953,4848600,0.0015879882252557648,0.14323179272650063,120.18775020599365
2016-10-13,120.0,120.41999816894531,119.80000305175781,120.02999877929688,7184600,0.0024189937106391113,0.1427697454539135,120.27690021514893
2016-10-14,119.37000274658203,120.16000366210938,119.29000091552734,119.36000061035156,6577300,-0.005597559798283797,0.1424973855427482,120.36660022735596
2016-10-17,119.69999694824219,119.91999816894531,119.58000183105469,119.68000030517578,4777900,0.0026773752071126027,0.14354943881377158,120.45770023345948
2016-10-18,120.08000183105469,120.63999938964844,119.81999969482422,120.41999816894531,4919700,0.006164100054633751,0.14572745238895518,120.54535022735595
2016-10-19,121.12999725341797,121.45999908447266,120.88999938964844,121.11000061035156,6019800,0.005713611741873303,0.14781867142269658,120.63500022888184
2016-10-20,121.38999938964844,121.58999633789062,120.62999725341797,120.73999786376953,6496700,-0.0030597728971403517,0.13565081409967875,120.71535022735596
2016-10-21,120.9000015258789,120.93000030517578,120.55000305175781,120.83000183105469,6707800,0.0007451585177257722,0.13503711734736057,120.78875022888184
2016-10-24,121.27999877929688,121.30000305175781,120.16000366210938,120.55999755859375,5481100,-0.002237080125500534,0.13454238899894194,120.86315021514892
2016-10-25,120.88999938964844,121.76000213623047,120.86000061035156,121.47000122070312,6141100,0.007519794693909835,0.139048346238866,120.9468002319336
2016-10-26,121.37000274658203,121.52999877929688,120.61000061035156,120.79000091552734,3905900,-0.0056138205649168835,0.13840124260323647,121.02970024108886
2016-10-27,121.11000061035156,121.18000030517578,120.75,121.01000213623047,4336000,0.0018196962666161048,0.1390592833654107,121.11115024566651
2016-10-28,121.19999694824219,122.4800033569336,120.80999755859375,121.58000183105469,11639900,0.004699292917769531,0.1409786250222437,121.20395027160644
2016-10-31,121.51000213623047,122.0,121.2300033569336,121.94000244140625,7722100,0.0029566431199742503,0.14174277209900263,121.2932502746582
2016-11-01,122.80000305175781,123.20999908447266,122.56999969482422,122.7300033569336,13384300,0.006457707460557924,0.1442530435903559,121.3870002746582
2016-11-02,123.76000213623047,124.76000213623047,123.55999755859375,123.63999938964844,15692400,0.0073872643657927,0.07580706834693499,121.47835025787353
2016-11-03,123.36000061035156,124.33000183105469,123.3499984741211,124.30000305175781,10093100,0.005323910740822675,0.07657367287576487,121.57240028381348
2016-11-04,124.4000015258789,124.54000091552734,124.04000091552734,124.38999938964844,8594600,0.0007237632468994597,0.06610556045482893,121.66935028076172
2016-11-07,122.66000366210938,122.70999908447266,121.87999725341797,122.1500015258789,10015000,-0.01817197611952108,0.09585713582110228,121.74970027923584
2016-11-08,122.12000274658203,123.08999633789062,121.36000061035156,121.63999938964844,9480600,-0.004183952404118774,0.09696914447552556,121.82145027160645
2016-11-09,124.30000305175781,124.3499984741211,121.11000061035156,121.55999755859375,18236500,-0.0006579098268444278,0.09489577299665519,121.89080024719239
2016-11-10,121.5199966430664,121.54000091552734,119.37999725341797,119.75,22268000,-0.015001711673606965,0.10943434114838399,121.95685024261475
2016-11-11,119.6500015258789,119.69000244140625,116.2300033569336,117.0999984741211,20381800,-0.022377978717915834,0.13358685892701153,122.00760025024414
2016-11-14,116.12000274658203,117.13999938964844,115.48999786376953,116.11000061035156,20729400,-0.008490234677527317,0.13515957436778014,122.04790023803712
2016-11-15,116.45999908447266,117.23999786376953,116.29000091552734,117.12000274658203,9348600,0.008661050768427549,0.13892337461685778,122.09305027008057
2016-11-16,117.2699966430664,117.2699966430664,116.58000183105469,116.7699966430664,5486100,-0.002992914324639575,0.1365500302621548,122.1306502532959
2016-11-17,116.91000366210938,117.22000122070312,115.44000244140625,116.16999816894531,10342300,-0.00515153957584098,0.13452443462750577,122.15865024566651
2016-11-18,115.5199966430664,115.7699966430664,114.95999908447266,115.1500015258789,10444300,-0.008818980245606272,0.13656906039036018,122.17280025482178
2016-11-21,115.72000122070312,115.94000244140625,115.29000091552734,115.58000183105469,6654200,0.0037273072140238833,0.1377804914804236,122.18155025482177
2016-11-22,115.72000122070312,115.79000091552734,114.9800033569336,115.54000091552734,6391900,-0.00034614845492716306,0.137915079430823,122.19135025024414
2016-11-23,113.87000274658203,113.87999725341797,112.6500015258789,113.25,20982100,-0.020019033913875547,0.14661903845269894,122.18530025482178
2016-11-25,113.41999816894531,113.51000213623047,112.3499984741211,112.61000061035156,5345900,-0.005667237234161627,0.14662960813496395,122.15305027008057
2016-11-28,113.2300033569336,113.83999633789062,112.7699966430664,113.80000305175781,5655400,0.01051202138010083,0.15341758875317363,122.13025028228759
2016-11-29,112.76000213623047,113.4800033569336,112.69000244140625,113.2699966430664,7438600,-0.004668228933024833,0.15096389018208026,122.1227502822876
2016-11-30,112.69000244140625,112.79000091552734,111.5,111.75,10925500,-0.013510086082379656,0.15302961671399556,122.10410026550294
2016-12-01,111.11000061035156,111.98999786376953,110.62999725341797,111.54000091552734,10237000,-0.0018809543242076046,0.14839902362737206,122.07035026550292
2016-12-02,111.88999938964844,112.31999969482422,111.77999877929688,112.13999938964844,7416500,0.005364806083291903,0.14650198036655215,122.04315025329589
2016-12-05,111.1500015258789,112.11000061035156,110.30999755859375,111.54000091552734,10187900,-0.005364806083291772,0.14194221499363419,122.02340026855468
2016-12-06,111.69000244140625,112.02999877929688,111.19000244140625,111.43000030517578,5533700,-0.0009866853717861235,0.14117075921736097,121.99445026397706
2016-12-07,112.12999725341797,112.5,111.7699966430664,111.83000183105469,4901800,0.003583283615967707,0.13608292478832987,121.96555027008057
2016-12-08,111.72000122070312,111.87000274658203,111.45999908447266,111.56999969482422,5977800,-0.0023276835438490475,0.1362380918789729,121.93380027770996
2016-12-09,111.18000030517578,111.25,110.19000244140625,110.4000015258789,10507700,-0.010542046205441346,0.13737574207495673,121.9002502822876
2016-12-12,110.58999633789062,111.11000061035156,110.2699966430664,110.81999969482422,6156700,0.003797113021044969,0.13482737178580584,121.86115028381347
2016-12-13,110.56999969482422,110.79000091552734,110.05999755859375,110.44999694824219,7961600,-0.003344358449500988,0.11645742721798108,121.82455028533936
2016-12-14,110.94999694824219,110.9800033569336,108.5199966430664,108.83000183105469,12933600,-0.01477585370302796,0.12223045481569948,121.77530029296875
2016-12-15,107.8499984741211,107.98999786376953,107.0,107.33999633789062,14427500,-0.013785715901107913,0.11976324526221817,121.70835025787353
2016-12-16,107.94999694824219,108.77999877929688,107.4800033569336,108.05000305175781,10602800,0.006592778565065687,0.12540301097963472,121.64590026855468
2016-12-19,108.5999984741211,108.87999725341797,108.33999633789062,108.58999633789062,5339100,0.004985177307786946,0.1287908876781386,121.5831502532959
2016-12-20,107.47000122070312,108.0,107.29000091552734,107.79000091552734,7321100,-0.007394390217464912,0.12810229264771464,121.51920024871826
2016-12-21,108.25,108.30999755859375,107.68000030517578,107.8499984741211,5188700,0.0005564603998491446,0.12641871984708106,121.4605502319336
2016-12-22,107.68000030517578,108.0999984741211,107.48999786376953,107.58999633789062,4942800,-0.0024136861188265224,0.12601302469324038,121.39100021362304
2016-12-23,107.83999633789062,108.25,107.80000305175781,107.93000030517578,5012200,0.003155199096609045,0.11231820514387604,121.33360019683838
2016-12-27,108.61000061035156,108.66999816894531,108.23999786376953,108.55999755859375,3685500,0.00582012137282036,0.1149851631918931,121.28705017089844
2016-12-28,108.4000015258789,108.91000366210938,108.29000091552734,108.86000061035156,5091200,0.002759665575201272,0.10746354988349187,121.24155017852783
2016-12-29,109.2300033569336,110.52999877929688,109.16000366210938,110.29000091552734,7563900,0.01305061000633585,0.11905923191884192,121.19005020141601
2016-12-30,110.37999725341797,110.62000274658203,109.52999877929688,109.61000061035156,8873700,-0.006184651823121631,0.11206888259505765,121.13745021820068
2017-01-03,109.62000274658203,111.0,109.37000274658203,110.47000122070312,7527400,0.00781538513824579,0.11598722822909269,121.09080020904541
2017-01-04,111.05999755859375,111.22000122070312,110.61000061035156,110.86000061035156,4904100,0.0035241475629946054,0.11499372983133271,121.0503002166748
2017-01-05,112.16000366210938,112.94000244140625,112.06999969482422,112.58000183105469,9606800,0.015395946803090798,0.12599584096128044,121.01665023803712
2017-01-06,111.80999755859375,112.37999725341797,111.56999969482422,111.75,7686100,-0.007399862806678017,0.1288385880720244,120.99235023498535
2017-01-09,112.38999938964844,113.04000091552734,112.18000030517578,112.66999816894531,5674600,0.008198942430912352,0.13136186053931076,120.97405021667481
2017-01-10,112.94000244140625,113.44999694824219,112.63999938964844,113.1500015258789,6093400,0.004251209640407789,0.1316447492059622,120.9568002319336
2017-01-11,112.87000274658203,114.19000244140625,112.16999816894531,113.5,9918700,0.003088451356458922,0.12533452800742045,120.93050022125244
2017-01-12,114.5199966430664,114.93000030517578,113.80999755859375,113.91000366210938,8457300,0.0036058581395100996,0.12528861813068945,120.91455024719238
2017-01-13,113.6500015258789,114.30999755859375,113.19000244140625,114.20999908447266,7261500,0.002630155985373185,0.12419696983636641,120.8974002456665
2017-01-17,115.88999938964844,115.95999908447266,115.5,115.8499984741211,9142400,0.014257386660884261,0.11646100875843789,120.89200023651124
2017-01-18,115.73999786376953,115.91999816894531,114.55999755859375,114.87000274658203,6498100,-0.008495159639561354,0.10800118919926095,120.88560024261474
2017-01-19,114.31999969482422,114.95999908447266,113.94000244140625,114.7699966430664,6437000,-0.0008709816243124942,0.10816646602810435,120.87115020751953
2017-01-20,114.6500015258789,115.76000213623047,114.31999969482422,115.05000305175781,12261500,0.0024367465635149513,0.10789940920186454,120.86170021057129
2017-01-23,115.51000213623047,116.16999816894531,115.19999694824219,115.79000091552734,6373100,0.006411370524106662,0.10197824713956187,120.84760021209716
2017-01-24,115.69000244140625,116.0199966430664,114.94000244140625,115.2699966430664,5798800,-0.00450104004040464,0.10521445793454143,120.83180019378662
2017-01-25,114.13999938964844,114.44000244140625,113.68000030517578,114.31999969482422,6697500,-0.00827564253844338,0.1109370157650708,120.80325019836425
2017-01-26,113.23999786376953,113.51000213623047,112.83000183105469,113.26000213623047,5390500,-0.00931545140516917,0.11869980550168285,120.76930019378662
2017-01-27,112.93000030517578,113.55000305175781,112.80999755859375,113.48999786376953,6706600,0.002028628943019752,0.11800583154763424,120.74290019989013
2017-01-30,113.61000061035156,114.30000305175781,113.54000091552734,113.97000122070312,7687800,0.004220558088409409,0.11821474339415743,120.7272002029419
2017-01-31,115.2699966430664,115.81999969482422,115.18000030517578,115.55000305175781,10421900,0.013768096552717091,0.1190687661780484,120.71535022735596
2017-02-01,114.66000366210938,115.44999694824219,114.13999938964844,115.19999694824219,6932900,-0.003033641360264487,0.11674440152086352,120.70265022277832
2017-02-02,116.26000213623047,116.56999969482422,115.62999725341797,115.83999633789062,7189500,0.005540175253055282,0.11566798444180264,120.6839501953125
2017-02-03,115.7300033569336,116.37000274658203,115.70999908447266,116.12999725341797,9455500,0.002500332582847749,0.115581369830194,120.66975017547607
2017-02-06,117.06999969482422,117.73999786376953,116.73999786376953,117.69999694824219,8547800,0.013428758731216857,0.11292430185189284,120.66115016937256
2017-02-07,117.30999755859375,117.73999786376953,117.19999694824219,117.45999908447266,8621000,-0.002041146037959061,0.10867943272503852,120.65900016784668
2017-02-08,118.08999633789062,118.58999633789062,117.80999755859375,118.19000244140625,9633400,0.006195677380773958,0.10754194790182867,120.65880016326905
2017-02-09,118.19000244140625,118.58000183105469,117.19999694824219,117.29000091552734,8177200,-0.0076440113416854985,0.11256832674851112,120.65175018310546
2017-02-10,116.68000030517578,117.86000061035156,116.66999816894531,117.5999984741211,9072100,0.0026395141502793757,0.11250984639780442,120.64455017089844
2017-02-13,116.7300033569336,116.94999694824219,116.1500015258789,116.80000305175781,7354900,-0.00682592596717586,0.11602000084762494,120.62210018157958
2017-02-14,117.51000213623047,117.55999755859375,116.37999725341797,116.93000030517578,6927800,0.0011123712399388251,0.11590219411707794,120.58850017547607
2017-02-15,116.33000183105469,117.4800033569336,116.25,117.44999694824219,7088400,0.0044372173593291335,0.10648782472779299,120.55955017089843
2017-02-16,117.93000030517578,118.3499984741211,117.83000183105469,118.08000183105469,6378700,0.005349691237603948,0.10221572608364896,120.53515018463135
2017-02-17,118.19000244140625,118.4000015258789,117.62000274658203,117.68000030517578,7338100,-0.0033932974726115484,0.10326269022285864,120.51250019073487
2017-02-21,117.04000091552734,118.0,116.7699966430664,117.75,6166900,0.0005946540100771037,0.1031801155236349,120.49090019226074
2017-02-22,117.86000061035156,118.0199966430664,117.23999786376953,117.91000366210938,6057200,0.0013579197505681978,0.10137448043307729,120.46455020904541
2017-02-23,118.76000213623047,119.16000366210938,118.68000030517578,118.94000244140625,7523300,0.00869753215772035,0.10287267849970552,120.45600021362304
2017-02-24,119.73999786376953,119.87999725341797,119.25,119.69999694824219,9809000,0.006369402264058673,0.09773198817306532,120.44960018157958
2017-02-27,119.7300033569336,120.4000015258789,119.12000274658203,119.12000274658203,9263500,-0.004857175635850916,0.0921816205132259,120.43460018157958
2017-02-28,119.70999908447266,119.83999633789062,118.81999969482422,119.2300033569336,8727800,0.0009230175401251751,0.09231753215382611,120.42495018005371
2017-03-01,117.9800033569336,119.12000274658203,117.94999694824219,119.05999755859375,8679600,-0.0014268817535848305,0.09294606296621899,120.41170017242432
2017-03-02,117.76000213623047,118.33999633789062,117.2300033569336,117.58000183105469,10986300,-0.012508578672613836,0.0958404350658914,120.3906001663208
2017-03-03,116.94999694824219,117.7300033569336,116.44000244140625,117.51000213623047,10665800,-0.0005955140219629334,0.09497041348260042,120.36705017089844
2017-03-06,117.3499984741211,117.3499984741211,116.62999725341797,116.72000122070312,4883500,-0.006745539852068352,0.09699539874298427,120.35015018463135
2017-03-07,116.12999725341797,116.25,115.62000274658203,115.77999877929688,6846300,-0.008086086565359004,0.10090630970453768,120.32970016479493
2017-03-08,114.98999786376953,115.36000061035156,114.94999694824219,115.05999755859375,7620900,-0.006238117890961693,0.08998286980346876,120.30645015716553
2017-03-09,114.77999877929688,115.02999877929688,114.41000366210938,114.47000122070312,6410900,-0.005140919622256575,0.09103449689362426,120.28195014953613
2017-03-10,114.44999694824219,114.7300033569336,114.12999725341797,114.72000122070312,7929500,0.0021815968976861885,0.0879187529593698,120.26905014038086
2017-03-13,114.62999725341797,114.91000366210938,114.51000213623047,114.73999786376953,5807400,0.00017429306368713733,0.08506914435209534,120.25785011291504
2017-03-14,114.54000091552734,115.01000213623047,114.02999877929688,114.12000274658203,5301800,-0.005418130142925278,0.08524887191709533,120.24555011749267
2017-03-15,114.29000091552734,116.25,114.0199966430664,116.25,13524100,0.018492494054676123,0.1073180553606009,120.24870010375976
2017-03-16,117.2699966430664,117.29000091552734,116.69000244140625,116.7300033569336,9322000,0.004120559955210867,0.10829182230036934,120.25205013275146
2017-03-17,117.04000091552734,117.2699966430664,116.91000366210938,116.98999786376953,4683000,0.0022248383768926597,0.10739611704232128,120.25730010986328
2017-03-20,117.30999755859375,117.5999984741211,117.20999908447266,117.51000213623047,4000200,0.004435011725417898,0.10684731318728448,120.26650012969971
2017-03-21,117.7699966430664,118.80000305175781,117.76000213623047,118.54000091552734,9567900,0.008727009558066982,0.11051302532164946,120.26480014801025
2017-03-22,118.87000274658203,119.1500015258789,118.68000030517578,118.83000183105469,7287400,0.0024434516279076965,0.11075060261737521,120.2643501663208
2017-03-23,119.1500015258789,119.25,118.31999969482422,118.66999816894531,6201100,-0.001347399463717088,0.11086291622733026,120.2636001586914
2017-03-24,118.5,119.20999908447266,118.38999938964844,118.86000061035156,6879600,0.0015998188263156232,0.1067435129187473,120.2550001525879
2017-03-27,119.93000030517578,120.08000183105469,119.2699966430664,119.52999877929688,8519600,0.005621040603803889,0.10620816878083905,120.24640014648438
2017-03-28,119.73999786376953,119.83000183105469,118.77999877929688,119.04000091552734,7112800,-0.0041077969016607725,0.1058133611235807,120.23290016174316
2017-03-29,119.22000122070312,119.44999694824219,119.05000305175781,119.33000183105469,4911000,0.0024332009503229184,0.10611399378811685,120.21635017395019
2017-03-30,118.7699966430664,119.12000274658203,118.31999969482422,118.47000122070312,6894600,-0.007233005455458062,0.10899232476830378,120.19485019683837
2017-03-31,118.61000061035156,119.08000183105469,118.45999908447266,118.72000122070312,8520800,0.002108015430704589,0.09961331259623839,120.17005020141602
2017-04-03,118.69000244140625,119.37000274658203,118.66999816894531,119.3499984741211,6105700,0.005292550298656713,0.1009074145027482,120.15490020751953
2017-04-04,119.58999633789062,119.7699966430664,119.37999725341797,119.62000274658203,4687300,0.0022597345773738855,0.0972458954669735,120.13325023651123
2017-04-05,118.62000274658203,119.62999725341797,118.4000015258789,119.62000274658203,8106000,0.0,0.09140866941022348,120.11530025482178
2017-04-06,119.22000122070312,119.41999816894531,118.9800033569336,119.18000030517578,4633500,-0.003685116697841802,0.0890643892748808,120.1070002746582
2017-04-07,120.30000305175781,120.66999816894531,119.13999938964844,119.45999908447266,12351100,0.002346621760815808,0.08555173704241473,120.09980026245117
2017-04-10,119.04000091552734,119.69000244140625,118.8499984741211,119.45999908447266,4623700,0.0,0.08583693499904645,120.09655025482178
2017-04-11,120.33000183105469,121.4000015258789,120.29000091552734,121.19000244140625,12455300,0.014378002485395934,0.09571429931496125,120.07250026702881
2017-04-12,121.37999725341797,122.22000122070312,121.13999938964844,122.0199966430664,9502500,0.006825356086692966,0.09211322591498416,120.04920024871826
2017-04-13,122.54000091552734,122.6500015258789,122.02999877929688,122.5999984741211,9892600,0.0047420728437496,0.07382642577207742,120.03560024261475
2017-04-17,122.55000305175781,123.06999969482422,121.98999786376953,122.23999786376953,8469600,-0.0029407031136137306,0.07593487560617276,120.01760025024414
2017-04-18,122.43000030517578,123.02999877929688,121.7300033569336,122.81999969482422,10903700,0.004733558474010278,0.07644234707151744,119.99935024261475
2017-04-19,122.25,122.26000213623047,121.27999877929688,121.7300033569336,8472700,-0.008914361418128501,0.08525833580594,119.96595024108886
2017-04-20,121.81999969482422,122.16999816894531,121.5,121.95999908447266,11787300,0.001887609614885789,0.08133730367777635,119.92840023040772
2017-04-21,122.13999938964844,122.61000061035156,121.7300033569336,122.30999755859375,15608000,0.002865670925194773,0.08142164025187112,119.88880023956298
2017-04-24,120.7699966430664,121.51000213623047,120.66000366210938,121.4800033569336,11053600,-0.006809117727285548,0.08580256273434772,119.84750022888184
2017-04-25,120.52999877929688,120.87000274658203,120.05000305175781,120.25,10344800,-0.010176758825308857,0.09424588128919913,119.79615020751953
2017-04-26,120.20999908447266,120.95999908447266,119.87000274658203,120.83999633789062,9758800,0.004894417227160271,0.09378610410574775,119.75390022277833
2017-04-27,120.41999816894531,120.5999984741211,119.97000122070312,120.38999938964844,8267000,-0.003730858335881937,0.09356061472236141,119.72010021209717
2017-04-28,120.33999633789062,120.7699966430664,120.2699966430664,120.7699966430664,9134200,0.003151414614046289,0.09377685217837292,119.6823501586914
2017-05-01,120.20999908447266,120.75,119.3499984741211,119.66999816894531,9331800,-0.009149943206636764,0.09599578126935868,119.64405014038086
2017-05-02,119.30000305175781,119.6500015258789,119.23999786376953,119.6500015258789,4900800,-0.00016711217732273407,0.09583298033259557,119.6081001663208
2017-05-03,119.18000030517578,119.33999633789062,117.91999816894531,117.9800033569336,10811100,-0.014055680078894413,0.10619256539287057,119.56280017852784
2017-05-04,116.80999755859375,117.27999877929688,116.62999725341797,116.79000091552734,12406900,-0.010137688898777003,0.11065027038122906,119.5107001876831
2017-05-05,116.86000061035156,117.06999969482422,116.68000030517578,117.01000213623047,7127200,0.0018819613581217375,0.11108579825000597,119.46880020141602
2017-05-08,117.02999877929688,117.13999938964844,116.68000030517578,116.75,5438400,-0.0022245229386793674,0.11076408540502891,119.41605018615722
2017-05-09,116.18000030517578,116.23999786376953,115.55999755859375,116.05000305175781,6801300,-0.006013737531638919,0.11138389678176147,119.3645502090454
2017-05-10,116.41999816894531,116.5,115.86000061035156,116.04000091552734,4290500,-8.619187440805963e-05,0.1113708499888373,119.31740020751953
2017-05-11,116.20999908447266,116.8499984741211,116.19000244140625,116.5,6274400,0.003956305862795571,0.09781360456803379,119.26990020751953
2017-05-12,117.06999969482422,117.16000366210938,116.7300033569336,116.83000183105469,5434500,0.0028286293961141936,0.09424681102505991,119.21390022277832
2017-05-15,117.5199966430664,117.54000091552734,116.98999786376953,117.13999938964844,5019600,0.00264989304932151,0.09260587455336339,119.16130020141601
2017-05-16,117.44999694824219,117.91000366210938,117.4000015258789,117.6500015258789,4942800,0.004344332691827055,0.09524237127399895,119.10465023040771
2017-05-17,119.36000061035156,120.0199966430664,119.2699966430664,119.79000091552734,13936900,0.018026089242991115,0.1157043439798996,119.05750022888184
2017-05-18,119.7699966430664,119.83999633789062,118.55999755859375,118.80999755859375,10341100,-0.008214659464641129,0.11513974899700705,119.0002001953125
2017-05-19,119.38999938964844,119.55000305175781,118.87999725341797,119.4000015258789,6787300,0.0049536558166890015,0.11664110148298792,118.94895023345947
2017-05-22,119.62999725341797,120.13999938964844,119.58000183105469,119.9000015258789,5132500,0.004178861021674379,0.11727788170182459,118.89910026550292
2017-05-23,120.12999725341797,120.19000244140625,118.9800033569336,119.13999938964844,8305400,-0.006358807682167539,0.11700435922850679,118.85705024719238
2017-05-24,119.06999969482422,119.73999786376953,118.91999816894531,119.61000061035156,7025000,0.003937188086656905,0.11309423355793745,118.81790023803711
2017-05-25,119.5199966430664,119.69999694824219,119.29000091552734,119.4800033569336,4105100,-0.0010874337201151904,0.11155085169765858,118.77550025939941
2017-05-26,120.48999786376953,120.79000091552734,120.33000183105469,120.54000091552734,6791600,0.008832634206008617,0.11544321454125428,118.73540027618408
2017-05-30,120.23999786376953,120.33000183105469,119.94999694824219,120.13999938964844,4507500,-0.0033239313084347183,0.11543712086264808,118.6977502822876
2017-05-31,120.30999755859375,121.2300033569336,120.26000213623047,120.62000274658203,10360700,0.003987406451696997,0.11157987974145163,118.66385028839112
2017-06-01,120.16999816894531,120.73999786376953,120.05999755859375,120.72000122070312,8702500,0.0008286937780719529,0.11157206961537142,118.62825031280518
2017-06-02,121.30999755859375,121.70999908447266,121.19000244140625,121.61000061035156,7268100,0.007345383440385594,0.10067486659254923,118.59395030975342
2017-06-05,121.91000366210938,121.94000244140625,121.58000183105469,121.7300033569336,3979200,0.0009862969865506888,0.09150945942378366,118.56010032653809
2017-06-06,123.08999633789062,123.30999755859375,122.7699966430664,123.0999984741211,10798500,0.011191515796581182,0.09691590379408985,118.53005031585694
2017-06-07,122.79000091552734,123.16000366210938,122.0199966430664,122.44999694824219,9039200,-0.005294262319270497,0.099321482292628,118.50245029449462
2017-06-08,122.06999969482422,122.08000183105469,120.94999694824219,121.6500015258789,8169800,-0.006554676702975053,0.09990589568033598,118.47180030822754
2017-06-09,120.45999908447266,120.91000366210938,120.4000015258789,120.54000091552734,7054700,-0.009166426122606205,0.10725589319969456,118.43570030212402
2017-06-12,120.33000183105469,120.69000244140625,120.2699966430664,120.36000061035156,4927400,-0.0014943988172197275,0.10754430257745425,118.40580032348633
2017-06-13,119.94999694824219,120.70999908447266,119.91999816894531,120.4800033569336,3786600,0.0009965350816834196,0.10745754600186566,118.37705032348633
2017-06-14,121.51000213623047,121.87999725341797,119.56999969482422,119.81999969482422,21124800,-0.005493177805750778,0.10999855518051505,118.34590030670167
2017-06-15,119.22000122070312,119.5,119.12999725341797,119.31999969482422,6796700,-0.00418165701990386,0.11077016135274029,118.31100028991699
2017-06-16,119.3499984741211,119.5,119.23999786376953,119.33999633789062,6435700,0.00016757431865917162,0.09103207750216247,118.28255027770996
2017-06-19,118.73999786376953,118.83999633789062,118.33000183105469,118.43000030517578,6787000,-0.00765446009733337,0.0904276980048838,118.25080028533935
2017-06-20,118.41999816894531,118.45999908447266,118.06999969482422,118.18000030517578,4617400,-0.0021131828104241023,0.08869676624944278,118.2152502822876
2017-06-21,118.1500015258789,118.66000366210938,118.1500015258789,118.5199966430664,4723700,0.002872805881766109,0.08794289188262851,118.1750002670288
2017-06-22,119.12999725341797,119.19999694824219,118.5999984741211,118.91999816894531,5811900,0.0033692883509404193,0.08628947048632842,118.1260502243042
2017-06-23,119.6500015258789,119.66000366210938,119.30999755859375,119.43000030517578,9258600,0.004279445503073095,0.08649852777496456,118.08185020446777
2017-06-26,118.29000091552734,118.54000091552734,118.16999816894531,118.36000061035156,6593400,-0.00899959554685728,0.09184630329809942,118.03570022583008
2017-06-27,118.87000274658203,119.05000305175781,118.4800033569336,118.80999755859375,5759300,0.003794725232620457,0.08695988959681995,117.99600021362305
2017-06-28,119.05999755859375,119.05999755859375,118.69000244140625,118.9000015258789,4220100,0.000757258608664271,0.08654964145620485,117.95755023956299
2017-06-29,117.97000122070312,118.63999938964844,117.91000366210938,118.31999969482422,7705200,-0.004890000706728738,0.08622060463058302,117.9204002380371
2017-06-30,118.08000183105469,118.41000366210938,117.94999694824219,118.0199966430664,7272600,-0.002538742638049931,0.08615073190843713,117.87960021972657
2017-07-03,116.54000091552734,116.8499984741211,115.94000244140625,116.08999633789062,12145000,-0.01648835238074312,0.09581160971271241,117.8332001876831
2017-07-05,115.91000366210938,116.66999816894531,115.87000274658203,116.5199966430664,7223300,0.0036971824767883434,0.09739889969168258,117.79050018310546
2017-07-06,116.58000183105469,116.61000061035156,116.23999786376953,116.47000122070312,4443400,-0.0004291636859008885,0.08496887313684513,117.74625019073487
2017-07-07,115.77999877929688,115.79000091552734,114.80000305175781,115.27999877929688,11153600,-0.010269798493159019,0.08860044986120202,117.69545017242432
2017-07-10,115.0199966430664,115.56999969482422,114.83000183105469,115.47000122070312,4970900,0.0016468254331296226,0.08886141782035964,117.6364501953125
2017-07-11,115.26000213623047,115.7699966430664,114.87999725341797,115.62000274658203,6637900,0.0012982088742114774,0.08630124519479768,117.57670021057129
2017-07-12,116.20999908447266,116.33000183105469,115.87000274658203,116.02999877929688,4654400,0.0035397924292921755,0.08839788423233193,117.51860019683838
2017-07-13,116.04000091552734,116.04000091552734,115.66999816894531,115.81999969482422,4148900,-0.0018115086761426493,0.08783410932895958,117.45995018005371
2017-07-14,117.04000091552734,117.25,116.63999938964844,116.7699966430664,5788200,0.008168900176639902,0.09332818413287731,117.41070014953613
2017-07-17,117.41999816894531,117.52999877929688,117.2300033569336,117.29000091552734,5170800,0.004443348999716993,0.09466163005733114,117.36605014801026
2017-07-18,117.98999786376953,118.33000183105469,117.87999725341797,118.11000061035156,7158600,0.006966890452323186,0.09840890341415957,117.32625015258789
2017-07-19,118.18000030517578,118.2699966430664,117.83999633789062,118.08000183105469,3205100,-0.0002540224323477312,0.09490008050751084,117.28845016479492
2017-07-20,117.91999816894531,118.62000274658203,117.66000366210938,118.23999786376953,5571600,0.00135406277392805,0.09475211180641951,117.25305015563964
2017-07-21,119.0,119.38999938964844,118.75,119.26000213623047,10135900,0.008589562474350264,0.09889650871702399,117.24450016021729
2017-07-24,119.5199966430664,119.58000183105469,119.18000030517578,119.30999755859375,3654300,0.0004191258176561492,0.09826754046778037,117.23715015411376
2017-07-25,118.98999786376953,119.31999969482422,118.79000091552734,118.91999816894531,6203000,-0.0032741446924645485,0.09775619463242222,117.23345012664795
2017-07-26,118.56999969482422,120.1500015258789,118.55000305175781,119.87999725341797,8527900,0.008040236804836134,0.0962475410852498,117.2341501235962
2017-07-27,120.0999984741211,120.13999938964844,119.27999877929688,119.79000091552734,6385200,-0.0007510021513585564,0.09563715012937159,117.23230010986327
2017-07-28,120.1500015258789,120.86000061035156,120.13999938964844,120.69000244140625,7393600,0.00748507747253413,0.09875066260190928,117.23800010681153
2017-07-31,120.5,120.80999755859375,120.44999694824219,120.75,3944600,0.0004969976741389874,0.0966411254212714,117.24305011749267
2017-08-01,120.44000244140625,121.13999938964844,120.44000244140625,120.6500015258789,7365100,-0.0008284878144892227,0.09603889148815568,117.24615013122559
2017-08-02,120.51000213623047,121.0199966430664,120.33999633789062,120.4000015258789,5945300,-0.002074259170059369,0.07311835097591382,117.25135013580322
2017-08-03,120.30999755859375,120.83000183105469,120.30999755859375,120.58999633789062,4275600,0.0015767861990997622,0.07276982122863526,117.2559001159668
2017-08-04,119.97000122070312,120.04000091552734,119.22000122070312,119.6500015258789,8644800,-0.007825504639997654,0.07960300345632257,117.25205013275146
2017-08-07,119.43000030517578,119.79000091552734,119.43000030517578,119.51000213623047,3010100,-0.0011707593535363761,0.06841933104997,117.24405014038086
2017-08-08,120.0199966430664,120.12000274658203,118.97000122070312,119.86000061035156,7227200,0.0029243323685439523,0.06854605755174369,117.23965015411378
2017-08-09,121.0199966430664,121.55000305175781,120.76000213623047,121.30999755859375,9186200,0.012024832535234332,0.07713564890669924,117.24205013275146
2017-08-10,122.08000183105469,122.44000244140625,122.02999877929688,122.20999908447266,9817900,0.007391636301004261,0.07905372604870631,117.25030014038086
2017-08-11,122.23999786376953,122.83000183105469,122.02999877929688,122.79000091552734,8019500,0.004734717669981235,0.07782837703922599,117.25690013885497
2017-08-14,121.9800033569336,122.23999786376953,121.68000030517578,121.91999816894531,6035300,-0.007110509708619983,0.08237051603761131,117.26255012512208
2017-08-15,120.5999984741211,121.2300033569336,120.58000183105469,120.9800033569336,6731300,-0.007739806493235807,0.08850339153589934,117.26240013122559
2017-08-16,120.66000366210938,122.05999755859375,120.66000366210938,121.87000274658203,8267300,0.007329654945785988,0.08879546262373561,117.26385013580322
2017-08-17,122.29000091552734,122.61000061035156,121.76000213623047,122.48999786376953,8183800,0.005074451187161252,0.08939156803206601,117.26660011291504
2017-08-18,123.37000274658203,123.54000091552734,122.0,122.30000305175781,13654200,-0.0015523089133794997,0.09011617826268489,117.26445011138917
2017-08-21,122.54000091552734,122.9800033569336,122.5,122.76000213623047,5549700,0.003754179507042542,0.0868949885822409,117.26005012512206
2017-08-22,122.55999755859375,122.55999755859375,121.8499984741211,122.20999908447266,6493900,-0.004490378194735464,0.08921061646629641,117.24960010528565
2017-08-23,122.58000183105469,122.69000244140625,122.30999755859375,122.66999816894531,5038400,0.003756939159508119,0.0881420214020005,117.24100009918213
2017-08-24,122.38999938964844,122.63999938964844,122.12999725341797,122.29000091552734,4193400,-0.003102527430184758,0.08611856681717599,117.24170009613037
2017-08-25,122.7699966430664,123.0199966430664,121.29000091552734,122.73999786376953,12398200,0.0036729988686282277,0.08638215627545741,117.24720008850097
2017-08-28,123.33000183105469,124.7300033569336,123.33000183105469,124.69000244140625,11578300,0.015762397031869272,0.09799847196681154,117.26285011291503
2017-08-29,125.80999755859375,125.87000274658203,124.05000305175781,124.41999816894531,9861500,-0.002167752218151974,0.09879169600360654,117.28620010375977
2017-08-30,124.33000183105469,124.62000274658203,124.16000366210938,124.36000061035156,6328400,-0.0004823342716563527,0.09869940852419756,117.32250011444091
2017-08-31,124.58000183105469,125.83999633789062,124.55000305175781,125.81999969482422,11775500,0.011671721617894353,0.10387921110635254,117.37105010986328
2017-09-01,126.01000213623047,126.16999816894531,125.12000274658203,126.05999755859375,11567400,0.0019056530015576626,0.10386471378173168,117.41575008392334
2017-09-05,126.6500015258789,127.77999877929688,126.56999969482422,127.45999908447266,11813100,0.011044617985341777,0.10166162652841862,117.46920009613036
2017-09-06,127.33999633789062,127.44000244140625,126.55000305175781,126.80999755859375,10059300,-0.005112698708954078,0.10457991875030616,117.52240009307862
2017-09-07,127.55999755859375,128.32000732421875,127.38999938964844,128.1300048828125,10219700,0.010355527635419215,0.10778936264370777,117.58730010986328
2017-09-08,128.2100067138672,128.3000030517578,127.58999633789062,127.97000122070312,9020000,-0.0012495406412696415,0.10379495527293224,117.64925010681152
2017-09-11,126.73999786376953,126.94000244140625,126.05000305175781,126.19000244140625,9126600,-0.014007143976598416,0.11685368340432181,117.70250011444092
2017-09-12,126.02999877929688,126.58999633789062,125.94000244140625,126.55999755859375,8349000,0.0029277577169540335,0.11639526791159338,117.76905010223389
2017-09-13,126.4000015258789,126.44999694824219,125.5,125.61000061035156,8491000,-0.007534611170577271,0.11679640209486787,117.83405010223389
2017-09-14,125.66000366210938,126.44000244140625,125.62000274658203,126.16000366210938,5330700,0.004369098124020519,0.11227595164859586,117.89585010528565
2017-09-15,125.98999786376953,125.98999786376953,125.41000366210938,125.52999877929688,8375100,-0.005006207576558888,0.11302245385770092,117.9571501159668
2017-09-18,124.70999908447266,124.76000213623047,123.97000122070312,124.36000061035156,8859800,-0.009364174007229185,0.11807662625001945,118.02020011901855
2017-09-19,124.48999786376953,124.6500015258789,124.02999877929688,124.62000274658203,5826500,0.002088539057238403,0.1178666181442913,118.08560012817382
2017-09-20,124.68000030517578,125.05999755859375,123.1500015258789,123.62000274658203,11415400,-0.008056762706663206,0.12130739580781805,118.14300014495849
2017-09-21,122.55999755859375,123.06999969482422,122.48999786376953,122.68000030517578,7757900,-0.007633024715442955,0.12335290897009134,118.19870014190674
2017-09-22,123.02999877929688,123.38999938964844,122.93000030517578,123.23999786376953,6011900,0.0045543146609353605,0.12367452614861817,118.2577501296997
2017-09-25,122.77999877929688,124.66000366210938,122.70999908447266,124.52999877929688,10257200,0.01041298453601274,0.12788877015842792,118.32125011444091
2017-09-26,123.56999969482422,123.80999755859375,122.9000015258789,123.13999938964844,8673600,-0.011224726404076811,0.1340313913182487,118.37910011291504
2017-09-27,122.04000091552734,122.51000213623047,121.87999725341797,121.9800033569336,6903900,-0.009464790137827282,0.1252169713198106,118.43700012207032
2017-09-28,122.04000091552734,122.4800033569336,121.83000183105469,122.20999908447266,5968200,0.0018837445698112896,0.12554590314150346,118.49395011901855
2017-09-29,122.29000091552734,122.30000305175781,121.55000305175781,121.58000183105469,10208000,-0.0051683715774128456,0.12641779540843925,118.54960014343261
2017-10-02,121.16999816894531,121.33999633789062,120.73999786376953,120.7699966430664,11755400,-0.006684614889873803,0.11886049266050547,118.60930011749268
2017-10-03,120.72000122070312,121.0999984741211,120.69999694824219,120.83000183105469,3728700,0.0004967317019956395,0.11838377750941739,118.67675014495849
2017-10-04,121.20999908447266,121.2699966430664,120.70999908447266,121.16999816894531,6475200,0.0028098889387879367,0.11008089050328353,118.74235012054443
2017-10-05,121.1500015258789,121.23999786376953,120.4000015258789,120.5199966430664,6205400,-0.005378816723625571,0.11016704434889539,118.80200012207031
2017-10-06,120.26000213623047,121.20999908447266,119.77999877929688,121.08999633789062,10013300,0.0047183541150492775,0.10345478970605092,118.86850009918213
2017-10-09,121.63999938964844,122.11000061035156,121.55000305175781,122.08000183105469,5264100,0.008142542011554031,0.11001180660002506,118.9396501159668
2017-10-10,122.62000274658203,122.97000122070312,122.36000061035156,122.4000015258789,9315500,0.002617800009600174,0.10242566173640669,119.01370014190674
2017-10-11,122.56999969482422,122.87999725341797,122.02999877929688,122.79000091552734,5649400,0.0031812040839063376,0.1025658840194027,119.0880001449585
2017-10-12,122.83999633789062,123.04000091552734,122.5,122.88999938964844,3037600,0.0008140547013934963,0.10036906417211644,119.15965015411376
2017-10-13,123.66000366210938,123.86000061035156,123.33999633789062,123.81999969482422,6820300,0.007539254296557061,0.10308670189784597,119.23445014953613
2017-10-16,123.81999969482422,123.97000122070312,122.56999969482422,122.97000122070312,8202000,-0.006888462515220647,0.10423316944736714,119.29785015106201
2017-10-17,122.02999877929688,122.31999969482422,121.7300033569336,122.12999725341797,7041300,-0.006854404417199568,0.10202914837926716,119.36045013427734
2017-10-18,121.70999908447266,121.94000244140625,121.55000305175781,121.66999816894531,3666400,-0.0037735819439878113,0.10191419572379079,119.41645011901855
2017-10-19,122.19999694824219,122.55000305175781,122.11000061035156,122.38999938964844,5567300,0.005900215657301968,0.10144759497492184,119.47410011291504
2017-10-20,121.68000030517578,121.9800033569336,121.38999938964844,121.61000061035156,8481100,-0.006393454395473306,0.10043153507908133,119.51925010681153
2017-10-23,120.9800033569336,121.9000015258789,120.95999908447266,121.80000305175781,5069700,0.0015611723194451613,0.09909095072232137,119.56950012207031
2017-10-24,121.26000213623047,121.70999908447266,120.9800033569336,121.33000183105469,5114100,-0.0038662591759729935,0.09119982536792114,119.61280014038086
2017-10-25,121.30999755859375,121.58999633789062,120.83999633789062,121.3499984741211,4282400,0.0001647984431062872,0.08371490149277326,119.65380012512207
2017-10-26,121.16000366210938,121.16000366210938,120.22000122070312,120.33000183105469,6438800,-0.008440935931398883,0.08242907599015441,119.68795013427734
2017-10-27,120.37999725341797,120.98999786376953,120.20999908447266,120.9000015258789,6664200,0.0047257865747334146,0.08410017343485866,119.72290012359619
2017-10-30,120.37999725341797,121.47000122070312,120.37999725341797,121.12999725341797,5119200,0.0019005561122998722,0.08272373892029929,119.75750011444092
2017-10-31,120.81999969482422,120.83999633789062,120.37999725341797,120.66999816894531,3910500,-0.0038047944426046506,0.08043904304858931,119.78160011291504
2017-11-01,120.9800033569336,121.55000305175781,120.83999633789062,121.11000061035156,4647800,0.0036396966611634005,0.08143368506954884,119.8128001022339
2017-11-02,121.29000091552734,121.95999908447266,121.05000305175781,121.19000244140625,5369500,0.0006603535530684753,0.08087431374285638,119.84490013122559
2017-11-03,121.36000061035156,121.43000030517578,120.18000030517578,120.62000274658203,6330600,-0.0047144513322975885,0.08034779026619018,119.87275012969971
2017-11-06,120.72000122070312,121.8499984741211,120.68000030517578,121.6500015258789,6953800,0.008502950979344039,0.0841063414075831,119.90205013275147
2017-11-07,121.51000213623047,121.55999755859375,120.77999877929688,121.20999908447266,4165900,-0.0036235108435323914,0.0799124703553019,119.9317501449585
2017-11-08,121.94999694824219,122.25,121.58999633789062,121.62999725341797,5565200,0.003459056119704665,0.0803567789482272,119.96830013275147
2017-11-09,121.8499984741211,122.41000366210938,121.7300033569336,122.12999725341797,6072400,0.004102401645100611,0.08092107491231301,120.0126501083374
2017-11-10,121.98999786376953,122.11000061035156,120.94000244140625,121.12999725341797,7116200,-0.008221702339946372,0.08534728825694761,120.05085010528565
2017-11-13,121.43000030517578,121.55000305175781,121.2699966430664,121.30999755859375,6249300,0.0014849063034307734,0.08042982863542256,120.0875500869751
2017-11-14,120.9000015258789,121.91000366210938,120.7699966430664,121.55999755859375,6189000,0.002058715307154061,0.07807899534295941,120.11760005950927
2017-11-15,122.12999725341797,122.36000061035156,121.25,121.41000366210938,4984800,-0.001234670245587114,0.07471529700358863,120.14865009307861
2017-11-16,121.44999694824219,121.70999908447266,121.29000091552734,121.4000015258789,2796500,-8.238652462762423e-05,0.07362780261331882,120.17645011901855
2017-11-17,122.1500015258789,123.16999816894531,121.94999694824219,122.86000061035156,10614000,0.011954609509226865,0.08232412723065229,120.21010013580322
2017-11-20,122.30000305175781,122.41000366210938,121.04000091552734,121.30999755859375,8356700,-0.012696268046166224,0.09109574514330834,120.22815013885499
2017-11-21,121.66999816894531,122.0,121.5,121.51000213623047,4956500,0.001647348843739489,0.09111624247077321,120.24840015411377
2017-11-22,122.26000213623047,122.94999694824219,122.16999816894531,122.62999725341797,5211800,0.009175087875408043,0.09544517293309067,120.27060012817383
2017-11-24,122.36000061035156,122.61000061035156,122.22000122070312,122.31999969482422,1779700,-0.0025311102507151856,0.09602228052665537,120.29575012207032
2017-11-27,123.26000213623047,123.33000183105469,122.66999816894531,122.83000183105469,4961200,0.004160741332319787,0.09124136579044317,120.32190013885499
2017-11-28,123.05000305175781,123.16999816894531,122.52999877929688,122.80999755859375,5603100,-0.00016287471547679085,0.09027855586718152,120.35195011138916
2017-11-29,122.23999786376953,122.33000183105469,121.73999786376953,122.04000091552734,6138900,-0.006289558392421287,0.09336460017438852,120.37750011444092
2017-11-30,121.44000244140625,121.69999694824219,120.63999938964844,121.0999984741211,7936300,-0.007732229391441411,0.09650847242456165,120.39575012207031
2017-12-01,120.94000244140625,122.43000030517578,120.73999786376953,121.58999633789062,13080100,0.0040380612309282235,0.0966986416231626,120.4133000946045
2017-12-04,121.1500015258789,121.19999694824219,120.83999633789062,121.18000030517578,6943700,-0.003377653154607993,0.09745903665513705,120.43080009460449
2017-12-05,120.0999984741211,120.51000213623047,119.72000122070312,120.31999969482422,10041200,-0.007122188370048705,0.09926550728311313,120.44365009307862
2017-12-06,120.04000091552734,120.44000244140625,119.87000274658203,120.06999969482422,6643000,-0.002079954164184071,0.09433103967542882,120.45445007324219
2017-12-07,119.01000213623047,119.23999786376953,118.0999984741211,118.48999786376953,12900200,-0.013246352701112026,0.1036207421731479,120.45220005035401
2017-12-08,118.48999786376953,118.91999816894531,118.33000183105469,118.4800033569336,5231300,-8.43525069872456e-05,0.10238432015896239,120.44610008239746
2017-12-11,118.37000274658203,118.54000091552734,117.80000305175781,118.01000213623047,4522200,-0.003974813553107367,0.10087660454394276,120.4405500793457
2017-12-12,117.6500015258789,118.16999816894531,117.4000015258789,118.1500015258789,8020100,0.0011856318079057743,0.09836860244876357,120.43515007019043
2017-12-13,118.19000244140625,119.3499984741211,118.01000213623047,119.16999816894531,10086700,0.008596013189973703,0.10373933877966286,120.43570007324219
2017-12-14,119.0999984741211,119.29000091552734,118.70999908447266,118.93000030517578,6993600,-0.002015942432484809,0.10326018989861058,120.44245006561279
2017-12-15,119.41000366210938,119.5,118.97000122070312,119.18000030517578,7532000,0.00209987057429634,0.10382615293710412,120.45080005645752
2017-12-18,119.62999725341797,119.98999786376953,119.5999984741211,119.7300033569336,5452200,0.004604277886820867,0.10553661544966839,120.46585006713867
2017-12-19,119.66999816894531,119.9000015258789,119.52999877929688,119.81999969482422,4018900,0.0007513783425439744,0.09530405819978205,120.4860500717163
2017-12-20,119.9800033569336,120.36000061035156,119.80999755859375,120.13999938964844,5734600,0.0026671102328525206,0.08638128688436686,120.51145008087158
2017-12-21,120.06999969482422,120.44999694824219,120.0,120.30999755859375,4823700,0.0014140004111240193,0.08631326262945087,120.54065006256104
2017-12-22,120.66999816894531,121.13999938964844,120.56999969482422,120.94000244140625,5791300,0.005222850279184247,0.08171013041768244,120.57175006866456
2017-12-26,121.55000305175781,121.87000274658203,121.51000213623047,121.7699966430664,8224400,0.006839416919106556,0.08537318133842883,120.60690006256104
2017-12-27,122.0,122.33999633789062,121.87999725341797,122.2300033569336,6232700,0.003770551302149118,0.08513157627610772,120.64745006561279
2017-12-28,122.81999969482422,122.91999816894531,122.55999755859375,122.8499984741211,5732700,0.0050595432932777126,0.08708571327729661,120.68045005798339
2017-12-29,123.69999694824219,124.08999633789062,123.45999908447266,123.6500015258789,7852100,0.006490919761210391,0.08667957426413095,120.71505004882812
2018-01-02,124.66000366210938,125.18000030517578,124.38999938964844,125.1500015258789,11762500,0.012058023762451863,0.08969824681125947,120.75585006713867
2018-01-03,125.05000305175781,125.08999633789062,124.0999984741211,124.81999969482422,7904300,-0.0026403330092135157,0.09036057377324064,120.79240005493165
2018-01-04,124.88999938964844,125.8499984741211,124.73999786376953,125.45999908447266,7329700,0.005114278310262769,0.08966834350009137,120.82700004577637
2018-01-05,124.93000030517578,125.4800033569336,124.83000183105469,125.33000183105469,5739900,-0.001036702137934486,0.0844933104106467,120.85950004577637
2018-01-08,125.19999694824219,125.31999969482422,124.9000015258789,125.30999755859375,3566700,-0.0001596255390370604,0.08359849876779062,120.89270004272461
2018-01-09,124.48999786376953,124.86000061035156,124.2300033569336,124.7300033569336,9153600,-0.004639219643041588,0.06755278770993364,120.92205005645752
2018-01-10,125.16999816894531,125.30999755859375,124.72000122070312,125.02999877929688,14809300,0.002402270692406848,0.06692643801094524,120.94955005645753
2018-01-11,125.37000274658203,125.66000366210938,125.25,125.44000244140625,5994700,0.003273877321212141,0.06257431508616933,120.98155006408692
2018-01-12,126.01000213623047,127.12999725341797,125.80999755859375,126.95999908447266,9258600,0.012044492942167013,0.06970894194035324,121.019700050354
2018-01-16,126.5999984741211,127.18000030517578,126.4000015258789,127.16999816894531,8083900,0.001652690627169873,0.0673276019905481,121.06320003509522
2018-01-17,126.7699966430664,127.22000122070312,125.9000015258789,126.13999938964844,10130500,-0.008132363237354055,0.07595752836716838,121.10030002593994
2018-01-18,126.12999725341797,126.5199966430664,125.80000305175781,125.86000061035156,6289300,-0.002222213448585594,0.07791189852436682,121.1328500366211
2018-01-19,126.56999969482422,126.7300033569336,126.41000366210938,126.41999816894531,8773800,0.0044394996120163946,0.07786048007446873,121.16685001373291
2018-01-22,126.51000213623047,126.75,126.27999877929688,126.6500015258789,4893500,0.0018177059354296304,0.07763064853678521,121.2020000076294
2018-01-23,126.52999877929688,127.3499984741211,126.33999633789062,127.27999877929688,6190400,0.004961985943158681,0.07804672791157387,121.2425
2018-01-24,128.38999938964844,129.25999450683594,128.22999572753906,128.8300018310547,11827600,0.012104345577545294,0.08427938666810897,121.28935001373291
2018-01-25,128.69000244140625,129.50999450683594,127.36000061035156,127.97000122070312,15219700,-0.006697849027902464,0.09065354279057711,121.33190002441407
2018-01-26,128.24000549316406,128.52000427246094,127.97000122070312,128.07000732421875,7828700,0.0007811756386790387,0.08958288081035203,121.36630004882812
2018-01-29,127.58000183105469,127.62999725341797,126.91999816894531,127.3499984741211,6956400,-0.005637857183470335,0.09361009467154977,121.3929500579834
2018-01-30,127.91000366210938,127.91999816894531,126.73999786376953,126.80000305175781,9736100,-0.004328123373076199,0.09531904655792788,121.41395008087159
2018-01-31,127.44999694824219,127.8499984741211,126.4000015258789,127.6500015258789,13418900,0.00668108957049156,0.09544652403852687,121.44100009918213
2018-02-01,127.18000030517578,128.14999389648438,127.08000183105469,128.07000732421875,10854600,0.0032848909860550284,0.08776675729256332,121.4672501373291
2018-02-02,126.80999755859375,126.8499984741211,125.95999908447266,126.38999938964844,16789200,-0.013204686797240324,0.10018768505692607,121.49055011749267
2018-02-05,126.81999969482422,127.30999755859375,126.44000244140625,126.70999908447266,13596300,0.0025286437555192493,0.09911279272961476,121.51430011749268
2018-02-06,126.54000091552734,126.55000305175781,125.22000122070312,125.37999725341797,17672500,-0.01055189964568088,0.10616778105887824,121.5296501159668
2018-02-07,125.4800033569336,125.7699966430664,124.41000366210938,124.79000091552734,8558500,-0.004716772083453344,0.1074305412729525,121.54620010375976
2018-02-08,124.91999816894531,125.44000244140625,124.51000213623047,124.9800033569336,7343600,0.001521419504394612,0.10633566800172865,121.56985012054443
2018-02-09,124.6500015258789,125.13999938964844,124.38999938964844,124.7699966430664,14140700,-0.0016817358427458674,0.10616026655809277,121.58950012207032
2018-02-12,125.19000244140625,125.81999969482422,125.11000061035156,125.37000274658203,6984900,0.0047973715177869495,0.10689878953180117,121.61440013885498
2018-02-13,125.66999816894531,126.18000030517578,125.5199966430664,126.08000183105469,5321300,0.005647253596785453,0.09986222664870632,121.64095016479492
2018-02-14,126.47000122070312,128.58999633789062,126.29000091552734,128.22999572753906,16416400,0.0169088525197643,0.1163107537007884,121.68375015258789
2018-02-15,128.42999267578125,128.57000732421875,127.94000244140625,128.3800048828125,7276500,0.0011691607653979673,0.11210507247491402,121.72740016937256
2018-02-16,128.3000030517578,128.6999969482422,127.56999969482422,127.95999908447266,7956900,-0.0032769459911664296,0.11252662085580555,121.77730014801026
2018-02-20,127.27999877929688,127.4000015258789,126.04000091552734,126.23999786376953,11148700,-0.013532867750937797,0.12200214953124672,121.82455013275147
2018-02-21,126.36000061035156,126.76000213623047,125.44000244140625,125.66000366210938,7908800,-0.004604964057785746,0.12277765748766295,121.86780014038087
2018-02-22,125.91999816894531,126.37000274658203,125.87999725341797,126.30000305175781,5346300,0.005080177401414419,0.12284304099646032,121.91555015563965
2018-02-23,126.05999755859375,126.30000305175781,125.8499984741211,126.13999938964844,4239700,-0.0012676571223934087,0.11416328211623027,121.9660001373291
2018-02-26,126.44999694824219,126.62000274658203,126.18000030517578,126.44999694824219,3194300,0.0024545525850455277,0.11280696080454378,122.01805011749268
2018-02-27,126.05999755859375,126.1500015258789,124.58999633789062,125.12999725341797,7082300,-0.010493774054732095,0.11775942278945668,122.06120010375976
2018-02-28,125.08999633789062,125.45999908447266,124.80999755859375,125.0,4534900,-0.0010394376248337527,0.11660129959351326,122.1020500946045
2018-03-01,124.1500015258789,125.30999755859375,123.58000183105469,124.72000122070312,12910100,-0.0022425027652310265,0.11604826423411013,122.13995010375976
2018-03-02,125.66999816894531,125.69000244140625,124.97000122070312,125.38999938964844,9994300,0.005357640797750738,0.1150614178477342,122.17865009307862
2018-03-05,125.3499984741211,125.4800033569336,124.95999908447266,125.18000030517578,5778300,-0.0016761714003699012,0.11409407303554636,122.20560009002685
2018-03-06,126.19999694824219,126.95999908447266,126.12999725341797,126.52999877929688,8676800,0.010726720619181963,0.11216994770933168,122.24420009613037
2018-03-07,126.22000122070312,126.29000091552734,125.41999816894531,125.72000122070312,5158700,-0.006422202914569186,0.11395190116178554,122.27580009460449
2018-03-08,125.69000244140625,125.69999694824219,125.12999725341797,125.41999816894531,3474900,-0.002389131123572836,0.10812443400827838,122.30340007781983
2018-03-09,124.94000244140625,125.69000244140625,124.77999877929688,125.54000091552734,5066800,0.000956349666608725,0.10677364399892186,122.33540008544922
2018-03-12,125.04000091552734,125.56999969482422,124.83999633789062,125.54000091552734,2884300,0.0,0.10668175381438674,122.3650500869751
2018-03-13,125.66999816894531,125.98999786376953,125.05000305175781,125.77999877929688,4798300,0.001909899228192024,0.10660353481608496,122.39655006408691
2018-03-14,125.48999786376953,125.76000213623047,125.33999633789062,125.69999694824219,3777000,-0.0006362480921955626,0.10542429845269845,122.42235004425049
2018-03-15,125.12000274658203,125.20999908447266,124.72000122070312,124.9000015258789,6130100,-0.0063846619697597,0.10572213207764149,122.44615005493164
2018-03-16,124.83999633789062,124.87000274658203,124.20999908447266,124.5999984741211,7402200,-0.002404835241203122,0.08488720102277535,122.46605003356933
2018-03-19,124.56999969482422,125.16000366210938,124.41999816894531,124.87000274658203,4335400,0.0021646240154515875,0.0853308935225252,122.48680004119873
2018-03-20,124.41000366210938,124.55000305175781,123.95999908447266,124.30999755859375,3399400,-0.0044947919586221805,0.08578586828853992,122.50030002593994
2018-03-21,125.4000015258789,126.76000213623047,125.02999877929688,126.4800033569336,12532000,0.017305793278474,0.0965690150642195,122.52405002593994
2018-03-22,126.08999633789062,126.33999633789062,125.63999938964844,125.9800033569336,5298700,-0.0039610286020946425,0.09619956996313209,122.538450050354
2018-03-23,127.81999969482422,128.05999755859375,127.61000061035156,127.61000061035156,12025900,0.01285555168848731,0.10464946923290937,122.56425006866455
2018-03-26,128.0500030517578,128.5800018310547,128.00999450683594,128.27999877929688,6169800,0.005236622780197456,0.10569229663284893,122.59740005493164
2018-03-27,127.2300033569336,127.62000274658203,127.05000305175781,127.48999786376953,6180700,-0.006177451915059315,0.10819116624772113,122.63215003967285
2018-03-28,126.4800033569336,126.61000061035156,125.51000213623047,125.7300033569336,10254900,-0.013901136089334824,0.11304510048721851,122.65900005340576
2018-03-29,125.41999816894531,125.80999755859375,125.30999755859375,125.79000091552734,7102000,0.0004770798243684067,0.11295292802329207,122.68555004119872
2018-04-02,126.6500015258789,127.54000091552734,126.37999725341797,127.26000213623047,11421100,0.01161839746199109,0.11906205908230004,122.72275005340576
2018-04-03,126.54000091552734,126.58999633789062,126.01000213623047,126.30000305175781,6083700,-0.0075722010717776825,0.12144573811485498,122.75765007019044
2018-04-04,127.5,127.52999877929688,126.31999969482422,126.44999694824219,7488300,0.0011868954626521053,0.12125037956498078,122.79320007324219
2018-04-05,125.44999694824219,126.08000183105469,125.43000030517578,125.80000305175781,5333000,-0.005153580456720969,0.11673715833885753,122.83005008697509
2018-04-06,126.56999969482422,126.5999984741211,126.12999725341797,126.38999938964844,6121200,0.004678991304775993,0.11570163776334977,122.87110008239746
2018-04-09,126.44999694824219,126.86000061035156,126.2300033569336,126.81999969482422,4189900,0.0033963960355940744,0.11577267282026832,122.91260009765625
2018-04-10,127.0199966430664,127.30999755859375,126.66999816894531,127.12000274658203,5268800,0.002362787969159084,0.11594054034125024,122.95360012054444
2018-04-11,128.08999633789062,129.47000122070312,127.77999877929688,128.11000061035156,12348600,0.007757730797944395,0.1185241133625693,122.99700012207032
2018-04-12,127.25,127.33999633789062,126.47000122070312,126.62000274658203,8141300,-0.011698777825105413,0.12627855463927734,123.03830013275146
2018-04-13,127.06999969482422,127.75,127.02999877929688,127.44999694824219,6821300,0.00653361006986455,0.12802706640817904,123.0815001296997
2018-04-16,127.73999786376953,128.0500030517578,127.56999969482422,127.62999725341797,4600000,0.0014113245973425364,0.12544556696935039,123.12515010833741
2018-04-17,127.0199966430664,127.77999877929688,127.0,127.75,4184100,0.000939797609092718,0.12482530583542922,123.17230010986329
2018-04-18,128.32000732421875,128.5399932861328,127.75,127.8499984741211,6755600,0.0007824607184664891,0.1247809924301702,123.22145011901856
2018-04-19,127.80999755859375,127.87999725341797,127.12999725341797,127.5999984741211,8736100,-0.001957330849889553,0.12364599425853195,123.27900012969971
2018-04-20,126.69000244140625,126.97000122070312,126.55000305175781,126.62999725341797,10403100,-0.007630932179694891,0.11250348623958104,123.32955013275146
2018-04-23,125.62000274658203,125.76000213623047,125.33999633789062,125.62000274658203,6921500,-0.008007927882251619,0.11516627939990319,123.37530014038086
2018-04-24,125.77999877929688,126.33999633789062,125.66999816894531,126.2300033569336,4733100,0.004844167468111617,0.10682031945531073,123.43005016326904
2018-04-25,125.2300033569336,125.51000213623047,125.05999755859375,125.41000366210938,5985700,-0.006517267321502421,0.10660201383494754,123.47975017547607
2018-04-26,125.54000091552734,125.56999969482422,124.69000244140625,124.97000122070312,7517100,-0.0035146807713917604,0.10538906835814482,123.52650016784668
2018-04-27,125.19999694824219,125.62000274658203,125.16999816894531,125.5,5654000,0.0042320403061771,0.09557619849734876,123.57385017395019
2018-04-30,124.41000366210938,125.19999694824219,124.19000244140625,124.58999633789062,9830600,-0.00727744165435215,0.09872251263964543,123.61770015716553
2018-05-01,123.9000015258789,123.9800033569336,123.38999938964844,123.70999908447266,7551600,-0.007088207443339079,0.09084721450099835,123.65240016937256
2018-05-02,123.9000015258789,124.54000091552734,123.58000183105469,123.6500015258789,7614000,-0.00048510316641562344,0.08800110602240886,123.68420017242431
2018-05-03,124.66000366210938,124.76000213623047,124.23999786376953,124.27999877929688,4857400,0.005082068394914099,0.09023238680179727,123.71505016326904
2018-05-04,124.0999984741211,124.6500015258789,124.0,124.54000091552734,5883600,0.0020898820929316714,0.0893378229333226,123.7473501586914
2018-05-07,124.5,124.69999694824219,124.30000305175781,124.56999969482422,3397500,0.00024084765259023235,0.08741107779769,123.77900016784668
2018-05-08,124.13999938964844,124.94999694824219,123.79000091552734,124.58999633789062,5551100,0.0001605124693187213,0.08621524892387539,123.80565013885499
2018-05-09,124.44999694824219,124.87000274658203,124.23999786376953,124.33000183105469,4405600,-0.002088981225264128,0.08550466737152602,123.83075016021729
2018-05-10,125.22000122070312,125.37000274658203,124.75,125.18000030517578,5218400,0.006813368242228766,0.08433257388048707,123.86205017089844
2018-05-11,125.56999969482422,125.58999633789062,124.94000244140625,125.0,4299200,-0.0014389666321499815,0.07506872318166248,123.88765018463135
2018-05-14,125.16000366210938,125.20999908447266,124.44000244140625,124.48999786376953,3753200,-0.0040883630684626394,0.07124760568230841,123.91115016937256
2018-05-15,122.81999969482422,122.81999969482422,122.12999725341797,122.4800033569336,10911900,-0.016277595476396185,0.0877672047525258,123.92010017395019
2018-05-16,122.37999725341797,122.61000061035156,122.02999877929688,122.29000091552734,4943300,-0.0015524980696371136,0.08715167080273704,123.92780017852783
2018-05-17,122.2300033569336,122.43000030517578,122.04000091552734,122.36000061035156,7781300,0.0005722435830601718,0.08706767613003578,123.93635017395019
2018-05-18,122.05000305175781,122.6500015258789,122.01000213623047,122.41000366210938,6837100,0.00040857173330558584,0.0874977740895229,123.94640018463134
2018-05-21,122.16000366210938,122.52999877929688,121.97000122070312,122.4800033569336,4126700,0.0005716827532715196,0.08540858003034854,123.95585021972656
2018-05-22,122.69999694824219,122.73999786376953,122.33999633789062,122.41000366210938,4579600,-0.0005716827532715781,0.08218826755005529,123.96965023040771
2018-05-23,122.13999938964844,122.73999786376953,122.11000061035156,122.54000091552734,7007300,0.0010614187645907496,0.07967024819840016,123.9848002243042
2018-05-24,123.0999984741211,123.81999969482422,123.08000183105469,123.58999633789062,8850100,0.00853209120176816,0.08443516613473438,124.00345020294189
2018-05-25,123.66000366210938,123.69999694824219,123.20999908447266,123.20999908447266,7920700,-0.0030793967645780895,0.08426537754794287,124.01295021057129
2018-05-29,122.83999633789062,123.63999938964844,122.66000366210938,123.19000244140625,9013200,-0.00016231041385129715,0.08239501652628363,124.01785022735595
2018-05-30,123.16999816894531,123.61000061035156,123.16999816894531,123.37000274658203,4573700,0.001460093554237964,0.079356617264806,124.02075023651123
2018-05-31,123.26000213623047,123.77999877929688,123.0999984741211,123.0999984741211,7862500,-0.0021909715513725716,0.07594957592241675,124.0266502380371
2018-06-01,122.58000183105469,123.08999633789062,122.44000244140625,122.48999786376953,8059100,-0.004967644235411557,0.07770240877238238,124.03420021057129
2018-06-04,122.8499984741211,122.93000030517578,122.37000274658203,122.37000274658203,4345400,-0.0009801121170807511,0.0750581427573293,124.03670021057128
2018-06-05,122.55000305175781,123.2300033569336,122.27999877929688,122.8499984741211,6864200,0.003914822104047846,0.07618213290792908,124.03850021362305
2018-06-06,123.08000183105469,123.3499984741211,122.62999725341797,122.91999816894531,4083700,0.0005696358194504353,0.07623910254198689,124.04160018920898
2018-06-07,122.95999908447266,123.1500015258789,122.69000244140625,122.86000061035156,3700700,-0.0004882216623280107,0.07618691898993386,124.04210018157958
2018-06-08,123.08000183105469,123.12000274658203,122.91000366210938,123.01000213623047,3865700,0.0012201695433653895,0.07627041674773148,124.04610019683838
2018-06-11,123.0999984741211,123.41999816894531,123.0199966430664,123.2300033569336,3201200,0.0017868849442266759,0.07206212724833423,124.04890022277831
2018-06-12,122.94999694824219,123.18000030517578,122.63999938964844,122.81999969482422,7279600,-0.003332688774722517,0.07258771519997155,124.0515502166748
2018-06-13,122.83999633789062,123.33999633789062,122.47000122070312,123.19000244140625,5867700,0.003008032375587246,0.07274604773622866,124.05380023956299
2018-06-14,123.62999725341797,123.86000061035156,123.31999969482422,123.37999725341797,8015400,0.0015411027282310494,0.044915175624391776,124.04725021362304
2018-06-15,122.18000030517578,122.19999694824219,120.83000183105469,121.33999633789062,14537000,-0.016672509186741995,0.07406163418697058,124.03185020446777
2018-06-18,121.3499984741211,121.44000244140625,120.98999786376953,121.11000061035156,3846000,-0.0018972637609840908,0.07415918441672435,124.01560020446777
2018-06-19,120.80999755859375,121.02999877929688,120.58000183105469,120.80000305175781,4925800,-0.0025629178089953803,0.07441997443876022,123.99050022125245
2018-06-20,120.79000091552734,120.80999755859375,120.16000366210938,120.26000213623047,4548500,-0.0044802273887545,0.07544236764974471,123.96150024414062
2018-06-21,119.91999816894531,120.31999969482422,119.81999969482422,120.05000305175781,5681900,-0.0017477352868705306,0.07549355156072951,123.92445026397705
2018-06-22,120.20999908447266,120.4000015258789,120.0999984741211,120.33999633789062,4489400,0.0024126912728642744,0.07608481161262531,123.89210025787354
2018-06-25,120.0,120.2300033569336,119.83000183105469,119.88999938964844,9300200,-0.003746388732216758,0.06849175183010045,123.85090023040772
2018-06-26,119.27999877929688,119.58999633789062,119.08999633789062,119.26000213623047,8674500,-0.0052686490212925504,0.06956055655151108,123.80735023498535
2018-06-27,118.95999908447266,119.05000305175781,118.4800033569336,118.58000183105469,6480100,-0.005718147886604777,0.0708135899751411,123.7693002319336
2018-06-28,118.58999633789062,118.66999816894531,118.01000213623047,118.22000122070312,7760500,-0.003040547998821346,0.06990028610265596,123.72760025024414
2018-06-29,118.43000030517578,118.94000244140625,118.26000213623047,118.6500015258789,8002800,0.0036306900201949913,0.07258932499772239,123.69280025482178
2018-07-02,118.18000030517578,118.20999908447266,117.4000015258789,117.45999908447266,12021900,-0.010080153442110952,0.07744020648485665,123.6493002319336
2018-07-03,118.41000366210938,119.08000183105469,118.37999725341797,118.6500015258789,8901000,0.010080153442110855,0.08802438519511199,123.6149002456665
2018-07-05,118.91999816894531,119.33000183105469,118.7699966430664,119.05000305175781,4951900,0.0033656028250155126,0.08762067999140408,123.58835025787353
2018-07-06,118.97000122070312,119.02999877929688,118.7300033569336,118.86000061035156,2946900,-0.0015972634935638506,0.08729788942368154,123.55955024719238
2018-07-09,119.6500015258789,119.7300033569336,119.13999938964844,119.1500015258789,4074900,0.002436881277559937,0.08834876353120327,123.53720024108887
2018-07-10,118.88999938964844,119.0,118.61000061035156,118.93000030517578,3754800,-0.0018481290459546572,0.08781363993474152,123.51845024108887
2018-07-11,118.44999694824219,118.52999877929688,117.62000274658203,117.63999938964844,6974500,-0.010905978807671088,0.09251606505442005,123.49045024871826
2018-07-12,118.0,118.26000213623047,117.94000244140625,118.12999725341797,4585300,0.0041565812124297165,0.09497646293707662,123.45845024108887
2018-07-13,117.62000274658203,117.75,117.44999694824219,117.61000061035156,5444300,-0.004411618657356192,0.09365928726492381,123.43080024719238
2018-07-16,117.51000213623047,117.62999725341797,117.27999877929688,117.55000305175781,3670700,-0.0005102701051305093,0.09289126005953137,123.40865024566651
2018-07-17,116.72000122070312,116.93000030517578,116.12000274658203,116.27999877929688,7939600,-0.010862735754725461,0.08324863649452403,123.37900024414063
2018-07-18,116.02999877929688,116.3499984741211,115.83000183105469,116.30999755859375,5391800,0.00025795416772476286,0.08362532354940386,123.35265022277832
2018-07-19,115.12999725341797,116.47000122070312,115.12000274658203,115.80999755859375,14227600,-0.004308123245285948,0.08401051655186292,123.32785022735595
2018-07-20,116.4000015258789,116.70999908447266,116.23999786376953,116.55999755859375,7892000,0.006455244826308788,0.08838398443288936,123.30650020599366
2018-07-23,116.25,116.30999755859375,115.76000213623047,116.0,6247100,-0.004815949835095058,0.08913344665725285,123.28065021514892
2018-07-24,116.22000122070312,116.43000030517578,115.91000366210938,116.04000091552734,4801000,0.00034477603659500224,0.08823376492110344,123.25825023651123
2018-07-25,116.79000091552734,116.83999633789062,116.2699966430664,116.68000030517578,5479600,0.00550018047205447,0.0913343421887241,123.23620025634766
2018-07-26,116.23999786376953,116.51000213623047,115.7699966430664,115.7699966430664,6382700,-0.00782971239395345,0.0931520031737923,123.20465023040771
2018-07-27,115.91999816894531,116.23999786376953,115.7699966430664,115.83000183105469,5242000,0.0005181795313150905,0.09201970381075114,123.17180023193359
2018-07-30,115.80000305175781,116.0199966430664,115.63999938964844,115.6500015258789,4157400,-0.001555212880989931,0.09177207734165355,123.13610023498535
2018-07-31,115.47000122070312,116.3499984741211,115.38999938964844,115.98999786376953,5508500,0.0029355602050311473,0.09135633001184612,123.10160022735596
2018-08-01,115.62999725341797,115.69999694824219,115.12999725341797,115.13999938964844,7941700,-0.007355188129705078,0.0884139812779913,123.05820022583008
2018-08-02,115.16999816894531,115.2300033569336,114.41999816894531,114.5199966430664,6204200,-0.0053993230298752665,0.07993588978608811,123.0159502029419
2018-08-03,115.08999633789062,115.52999877929688,114.86000061035156,114.91999816894531,5953200,0.003486767260953241,0.08003343178816298,122.97990020751953
2018-08-06,114.55999755859375,114.72000122070312,114.30999755859375,114.33000183105469,5811600,-0.005147198608389075,0.08092624150863992,122.94320022583008
2018-08-07,114.8499984741211,114.94000244140625,114.41999816894531,114.58999633789062,5188000,0.002271488910587502,0.08081779586760064,122.90420021057129
2018-08-08,114.75,114.94999694824219,114.41000366210938,114.91000366210938,3808000,0.002788736658924094,0.08240571593440839,122.87070022583008
2018-08-09,115.0199966430664,115.12000274658203,114.69000244140625,114.73999786376953,4253000,-0.0014805645831976347,0.07520167097311467,122.83540019989013
2018-08-10,114.80999755859375,115.2300033569336,114.61000061035156,114.69000244140625,6757900,-0.00043582289228197795,0.07273090210450778,122.80220020294189
2018-08-13,113.80999755859375,113.80999755859375,112.83000183105469,112.95999908447266,9150900,-0.015199092023381782,0.08661946748296939,122.76025020599366
2018-08-14,113.25,113.4800033569336,112.83999633789062,113.06999969482422,7085900,0.000973327608104041,0.08707517521557676,122.7239501953125
2018-08-15,112.16999816894531,112.18000030517578,111.05999755859375,111.19000244140625,12398400,-0.016766621575930757,0.09664991015978171,122.67540019989013
2018-08-16,111.45999908447266,111.87999725341797,111.0999984741211,111.0999984741211,7484600,-0.0008097887609237462,0.09638772671127481,122.62525020599365
2018-08-17,111.69000244140625,112.1500015258789,111.37999725341797,112.12999725341797,8471000,0.009228205066865915,0.10375080462292094,122.58255020141601
2018-08-20,112.37999725341797,112.73999786376953,112.16000366210938,112.69000244140625,5313400,0.0049818196508907165,0.1024377866878585,122.5404502105713
2018-08-21,112.7699966430664,113.0999984741211,112.44000244140625,113.0199966430664,5042400,0.0029240568705197916,0.10289151571537819,122.4996001815796
2018-08-22,113.38999938964844,113.48999786376953,113.06999969482422,113.2699966430664,6215600,0.0022095550764809732,0.10345449572181648,122.46285015106201
2018-08-23,112.68000030517578,112.87999725341797,112.05999755859375,112.19999694824219,5500100,-0.009491353686729823,0.10434196097430745,122.41560012817382
2018-08-24,113.25,114.41999816894531,113.20999908447266,114.16000366210938,9214700,0.017318039357996126,0.12122620810689311,122.38035015106202
2018-08-27,114.12000274658203,114.77999877929688,114.12000274658203,114.58999633789062,4364000,0.0037595032326643405,0.12214198606705896,122.34515014648437
2018-08-28,114.76000213623047,114.87000274658203,113.55000305175781,113.68000030517578,6101400,-0.007973022006627225,0.12482610332570253,122.30290016174317
2018-08-29,114.16000366210938,114.20999908447266,113.8499984741211,114.19999694824219,5616300,0.0045637840256251986,0.1255682617231647,122.26825016021729
2018-08-30,113.91999816894531,113.93000030517578,113.23999786376953,113.63999938964844,5431600,-0.004915718883921124,0.12422629117022418,122.22990016937256
2018-08-31,113.72000122070312,114.05999755859375,113.44000244140625,113.51000213623047,5048700,-0.0011445940280617694,0.12303432429569602,122.18965019226074
2018-09-04,112.75,113.06999969482422,112.61000061035156,112.93000030517578,6617500,-0.005122797149079999,0.12320278500027212,122.14725017547607
2018-09-05,113.36000061035156,113.44000244140625,113.12000274658203,113.31999969482422,4459200,0.003447511831347845,0.12300690835682705,122.1068501663208
2018-09-06,113.88999938964844,114.26000213623047,113.27999877929688,113.54000091552734,4784700,0.0019395335367870974,0.12292064732669335,122.06025016784668
2018-09-07,113.26000213623047,113.5999984741211,112.97000122070312,113.2300033569336,3714000,-0.0027340278330774677,0.12258210108426155,122.01985019683838
2018-09-10,113.26000213623047,113.43000030517578,113.0,113.1500015258789,2316500,-0.000706792407982718,0.12254942665380039,121.97805019378661
2018-09-11,112.6500015258789,113.37000274658203,112.41999816894531,113.22000122070312,3791300,0.0006184538252070439,0.12262860656522277,121.93100021362305
2018-09-12,113.12000274658203,114.38999938964844,113.05999755859375,114.16999816894531,6315900,0.008355710260063364,0.11418605879161899,121.89025020599365
2018-09-13,114.72000122070312,114.77999877929688,113.58000183105469,113.76000213623047,5635900,-0.0035975648169408914,0.1150456464582384,121.84490020751953
2018-09-14,113.79000091552734,113.9000015258789,112.91000366210938,113.0199966430664,5375600,-0.006526220333750846,0.10046076893122528,121.7959502029419
2018-09-17,113.5999984741211,114.02999877929688,113.55000305175781,113.61000061035156,4727300,0.005206771454576303,0.10142049471202416,121.75380020141601
2018-09-18,113.79000091552734,113.91000366210938,113.27999877929688,113.44000244140625,4737800,-0.0014974516487718237,0.09726190401606993,121.71550022125244
2018-09-19,113.94000244140625,114.1500015258789,113.68000030517578,113.87999725341797,4223200,0.0038711539862427546,0.09669915513128184,121.67695022583008
2018-09-20,114.20999908447266,114.37000274658203,113.86000061035156,114.2699966430664,4384200,0.0034188014897895418,0.09687044577833939,121.64240020751953
2018-09-21,112.87000274658203,113.68000030517578,112.79000091552734,113.48999786376953,6831400,-0.0068493312914384265,0.09991900631609603,121.60825019836426
2018-09-24,113.68000030517578,113.95999908447266,113.43000030517578,113.47000122070312,4435300,-0.00017621292914007548,0.0936769179027476,121.57525020599365
2018-09-25,113.75,113.88999938964844,113.56999969482422,113.6500015258789,3004800,0.0015850681638403528,0.07135883159070738,121.5510502243042
2018-09-26,113.11000061035156,113.5999984741211,112.66000366210938,113.05000305175781,8297300,-0.005293338005935142,0.07189734553140155,121.52390022277832
2018-09-27,112.0999984741211,112.41999816894531,111.8499984741211,112.05000305175781,7683400,-0.008884998236125718,0.07312753210429081,121.49410022735596
2018-09-28,112.16000366210938,113.0,112.06999969482422,112.76000213623047,6020600,0.0063164577082286105,0.07494293683542043,121.46715023040771
2018-10-01,112.4000015258789,112.62000274658203,112.1500015258789,112.56999969482422,3892600,-0.0016864375351172442,0.07342156315898879,121.4341502380371
2018-10-02,113.69999694824219,114.33000183105469,113.61000061035156,113.87000274658203,10776700,0.011482223287117932,0.08416117483971575,121.40885025024414
2018-10-03,113.87000274658203,114.05000305175781,113.26000213623047,113.41999816894531,6674500,-0.003959744500981412,0.08333530209671035,121.38005023956299
2018-10-04,113.83000183105469,114.19000244140625,113.26000213623047,113.4800033569336,6616200,0.0005289130805079614,0.08251420935106221,121.34880023956299
2018-10-05,113.80999755859375,114.0999984741211,113.56999969482422,113.80000305175781,7994400,0.0028159089867124108,0.08282005342199468,121.31870025634765
2018-10-08,112.25,112.58999633789062,111.9000015258789,112.54000091552734,12111600,-0.011133826368821452,0.09114615530510436,121.28070026397705
2018-10-09,112.37000274658203,112.66999816894531,111.97000122070312,112.5999984741211,8352300,0.0005329800140063239,0.09117608197369656,121.24215026855468
2018-10-10,112.47000122070312,112.95999908447266,112.25,112.87999725341797,10571300,0.0024835810584159217,0.09162312046897325,121.20185024261474
2018-10-11,114.19999694824219,116.04000091552734,114.08999633789062,115.77999877929688,26810900,0.025366544894876334,0.12454107375261009,121.1719002532959
2018-10-12,115.58000183105469,115.70999908447266,115.08000183105469,115.2300033569336,12939300,-0.0047616679491750925,0.12510730672566245,121.13690025329589
2018-10-15,116.12000274658203,116.52999877929688,115.88999938964844,116.0,11828400,0.006660030947980057,0.12396202383293455,121.10265026092529
2018-10-16,116.48999786376953,116.5999984741211,115.80000305175781,115.80000305175781,9531800,-0.0017255996137757622,0.12349160791126874,121.06340026855469
2018-10-17,115.88999938964844,116.33000183105469,115.68000030517578,115.79000091552734,7078600,-8.637796161615032e-05,0.12324160317675271,121.01660026550293
2018-10-18,115.83000183105469,116.41000366210938,115.62999725341797,115.91999816894531,7964100,0.001122068685606197,0.12279512113378112,120.97210025787354
2018-10-19,116.2300033569336,116.23999786376953,115.95999908447266,116.01000213623047,7453900,0.0007761304849288288,0.12243804572002544,120.92485027313232
2018-10-22,115.56999969482422,115.77999877929688,115.43000030517578,115.70999908447266,5200500,-0.0025893597255193914,0.11998460273277527,120.87675025939942
2018-10-23,117.16000366210938,117.25,116.33000183105469,116.38999938964844,12704200,0.005859562733875961,0.12110473623132888,120.83215026855468
2018-10-24,116.37999725341797,116.72000122070312,116.11000061035156,116.66000366210938,8563300,0.0023171370069294235,0.12115984976315917,120.79180027008057
2018-10-25,116.58000183105469,116.7300033569336,116.19000244140625,116.4000015258789,8303500,-0.002231204310531111,0.11953121326737634,120.74865028381348
2018-10-26,116.83000183105469,117.6500015258789,116.45999908447266,116.7699966430664,15733100,0.0031736109331066205,0.11362270088662145,120.70530025482178
2018-10-29,116.41000366210938,116.54000091552734,115.83999633789062,116.30999755859375,8732500,-0.003947139978932357,0.11423087453938116,120.65205024719238
2018-10-30,115.8499984741211,116.04000091552734,115.63999938964844,115.80000305175781,7233300,-0.004394427867848015,0.11555303803932844,120.59520027160644
2018-10-31,114.88999938964844,115.16999816894531,114.66000366210938,115.1500015258789,11409300,-0.005628951974666804,0.11178432755614766,120.5402502822876
2018-11-01,116.33000183105469,117.06999969482422,116.18000030517578,116.62999725341797,13662900,0.01277086763550321,0.11815583704713174,120.49410026550294
2018-11-02,116.61000061035156,116.9800033569336,116.38999938964844,116.6500015258789,8796900,0.0001715043948444399,0.11819281182813683,120.4452502822876
2018-11-05,116.27999877929688,116.66999816894531,116.2300033569336,116.37000274658203,6291500,-0.0024032178261358607,0.11873757257024216,120.3938502883911
2018-11-06,116.44000244140625,116.52999877929688,115.73999786376953,116.04000091552734,7270800,-0.002839826579174042,0.11124190009050414,120.33765029907227
2018-11-07,116.26000213623047,116.3499984741211,115.9000015258789,116.02999877929688,8392100,-8.61993040877103e-05,0.11132744693019755,120.27365028381348
2018-11-08,115.7699966430664,116.1500015258789,115.5,115.77999877929688,7638800,-0.002156939731312277,0.1119324750584108,120.21270027160645
2018-11-09,114.5999984741211,114.75,114.13999938964844,114.4800033569336,14159200,-0.011291663536045476,0.07960753581660183,120.14475025177002
2018-11-12,114.01000213623047,114.05000305175781,113.58000183105469,113.66000366210938,7498600,-0.007188596482678694,0.08164785124206504,120.07630027770996
2018-11-13,113.72000122070312,113.93000030517578,113.41999816894531,113.69999694824219,9309000,0.00035180582721631255,0.07733900144051264,120.01080024719238
2018-11-14,113.52999877929688,115.05999755859375,113.45999908447266,114.63999938964844,13950200,0.008233404279793029,0.0835330500127175,119.94575023651123
2018-11-15,114.83000183105469,114.98999786376953,114.55999755859375,114.7699966430664,8910600,0.0011333182475063862,0.08371202432273114,119.87925018310547
2018-11-16,115.83000183105469,115.87999725341797,115.37000274658203,115.62000274658203,8577000,0.0073788789662288,0.08786823481316065,119.82540019989014
2018-11-19,115.44999694824219,115.91999816894531,115.37000274658203,115.66999816894531,8508300,0.0004323180677422659,0.08783195098402057,119.7702001953125
2018-11-20,115.94000244140625,115.94999694824219,115.37000274658203,115.66999816894531,9075100,0.0,0.08737887938779235,119.72165019989014
2018-11-21,115.94000244140625,116.3499984741211,115.86000061035156,115.86000061035156,8834200,0.001641277459165227,0.0849939372836507,119.67700019836425
2018-11-23,115.76000213623047,115.87999725341797,115.58999633789062,115.7699966430664,3726600,-0.0007771357154266267,0.08450583686004429,119.63095016479492
2018-11-26,115.83999633789062,115.87000274658203,115.52999877929688,115.63999938964844,4018600,-0.0011235233509469095,0.08428439155551169,119.58530017852783
2018-11-27,115.55000305175781,115.62999725341797,114.5999984741211,114.94999694824219,9671100,-0.005984687209490868,0.08547470787623858,119.53320014953613
2018-11-28,114.76000213623047,116.06999969482422,114.58999633789062,115.37999725341797,13788800,0.00373378036345705,0.08599226591855053,119.47970012664796
2018-11-29,115.97000122070312,116.23999786376953,115.55999755859375,115.73999786376953,6479300,0.003115272664463216,0.08551106070649345,119.4172501373291
2018-11-30,115.41999816894531,115.66000366210938,115.04000091552734,115.54000091552734,8169600,-0.001729479411524255,0.08333006021586203,119.35305011749267
2018-12-03,116.5999984741211,116.7699966430664,116.30000305175781,116.41000366210938,8469500,0.007501675441848404,0.0748511082748943,119.29530014038086
2018-12-04,117.37000274658203,117.38999938964844,116.93000030517578,117.12000274658203,7186100,0.006080599945141696,0.07785000835062827,119.24970016479492
2018-12-06,117.37999725341797,117.69000244140625,116.91999816894531,117.13999938964844,9267600,0.00017072178718187972,0.07727758555973852,119.20710014343261
2018-12-07,117.62000274658203,118.2300033569336,117.54000091552734,118.08999633789062,10402900,0.008077219150826301,0.08083530749589693,119.16605010986328
2018-12-10,117.69999694824219,117.94000244140625,117.41999816894531,117.68000030517578,8117900,-0.003477935715567025,0.08216469164674702,119.12375011444092
2018-12-11,117.66999816894531,117.88999938964844,117.3499984741211,117.54000091552734,6395400,-0.0011903699128753065,0.0818127858742666,119.07920013427734
2018-12-12,117.69999694824219,117.94999694824219,117.61000061035156,117.79000091552734,4136800,0.00212467676965701,0.06923004210542684,119.04250015258789
2018-12-13,117.54000091552734,117.62000274658203,117.26000213623047,117.52999877929688,4131800,-0.0022097759847801487,0.0633880212031483,119.00515014648437
2018-12-14,116.62999725341797,117.30000305175781,116.58000183105469,117.05999755859375,7501700,-0.004007006751401848,0.0662006000554852,118.96685012817383
2018-12-17,117.37000274658203,118.02999877929688,117.3499984741211,117.87000274658203,8454900,0.0068957425332182515,0.06460030572494588,118.9292501449585
2018-12-18,117.8499984741211,118.19999694824219,117.80999755859375,118.1500015258789,7542900,0.0023726710074086807,0.06469701340167594,118.894100151062
2018-12-19,118.23999786376953,118.95999908447266,117.4000015258789,117.43000030517578,13827500,-0.0061126025718981495,0.06581140330677586,118.84860015869141
2018-12-20,119.11000061035156,119.73999786376953,118.68000030517578,119.23999786376953,18615100,0.015295836918707156,0.08286798293521791,118.81620014190673
2018-12-21,119.19000244140625,119.25,118.56999969482422,118.72000122070312,13629800,-0.004370461193212718,0.08518058602515159,118.78270015716552
2018-12-24,119.56999969482422,120.13999938964844,119.56999969482422,120.0199966430664,9736400,0.01089057789030817,0.09152053058909536,118.75510013580322
2018-12-26,120.62000274658203,121.0,119.56999969482422,119.66000366210938,14293500,-0.003003949025405859,0.09259257279519682,118.72570014953614
2018-12-27,120.56999969482422,120.9000015258789,120.13999938964844,120.56999969482422,11874400,0.0075760760319352385,0.09428815129641052,118.69965015411377
2018-12-28,120.80000305175781,121.08000183105469,120.72000122070312,121.05999755859375,6864700,0.004055775698519239,0.08990401853981507,118.67645015716553
2018-12-31,120.9800033569336,121.26000213623047,120.83000183105469,121.25,8449400,0.0015682595209626012,0.08983223268585286,118.65820014953613
2019-01-02,121.3499984741211,121.75,120.87999725341797,121.33000183105469,12776200,0.000659591337713554,0.08997579123510344,118.64185016632081
2019-01-03,121.77999877929688,122.45999908447266,121.7300033569336,122.43000030517578,15440800,0.00902531942317299,0.09168516490095038,118.62965015411378
2019-01-04,121.31999969482422,121.5999984741211,120.69000244140625,121.44000244140625,13334000,-0.008119106827353268,0.09729873859369469,118.61530017852783
2019-01-07,122.16000366210938,122.22000122070312,121.56999969482422,121.86000061035156,7473600,0.0034525160778516237,0.09633602442476635,118.59220016479492
2019-01-08,121.1500015258789,121.70999908447266,121.05999755859375,121.52999877929688,7643100,-0.0027117139907279018,0.0974944028381433,118.56995014190674
2019-01-09,121.44999694824219,122.33999633789062,121.44000244140625,122.30999755859375,10555900,0.006397649700215412,0.09628755292080007,118.54345012664795
2019-01-10,121.9800033569336,122.18000030517578,121.56999969482422,121.58999633789062,6672000,-0.005904086348646452,0.09826896031907896,118.51000011444091
2019-01-11,121.73999786376953,122.05000305175781,121.66000366210938,121.80000305175781,8622400,0.0017256811414607263,0.09775980544313079,118.48155014038086
2019-01-14,122.1500015258789,122.23999786376953,121.87000274658203,122.08999633789062,6477100,0.002378067354322114,0.09777776684704483,118.46335010528564
2019-01-15,122.27999877929688,122.37999725341797,121.62000274658203,121.87999725341797,7512500,-0.0017215161032263467,0.09754565671097268,118.4438000869751
2019-01-16,122.04000091552734,122.44000244140625,122.0199966430664,122.2699966430664,6878100,0.0031947551186356582,0.0953742485149395,118.41885005950928
2019-01-17,122.02999877929688,122.26000213623047,121.80999755859375,122.11000061035156,8558500,-0.0013094038577051105,0.0943772346042881,118.39790004730224
2019-01-18,121.2300033569336,121.5199966430664,121.0199966430664,121.0199966430664,10896000,-0.008966489387798326,0.10125644733407954,118.37075004577636
2019-01-22,121.18000030517578,121.5,120.9000015258789,121.44999694824219,7896500,0.0035468368649853345,0.09801228385701533,118.3490000152588
2019-01-23,120.95999908447266,121.54000091552734,120.86000061035156,121.27999877929688,5224900,-0.0014007184915951448,0.08479591183689726,118.32345001220703
2019-01-24,121.16000366210938,121.36000061035156,120.91999816894531,121.08999633789062,5662500,-0.0015678713054947328,0.08317983639678292,118.29479999542237
2019-01-25,122.0199966430664,122.91000366210938,122.0199966430664,122.86000061035156,11103300,0.014511460180241248,0.08935353009262582,118.2734999847412
2019-01-28,122.75,123.29000091552734,122.72000122070312,123.29000091552734,8522200,0.0034938106026215594,0.08841080184970318,118.2493999862671
2019-01-29,123.70999908447266,124.0,123.45999908447266,123.9800033569336,11610200,0.005580978043920208,0.0869188383995292,118.23619998931885
2019-01-30,123.91000366210938,125.06999969482422,123.69999694824219,124.69000244140625,12104000,0.005710387238117351,0.08775802919323626,118.22240001678466
2019-01-31,125.18000030517578,125.2300033569336,124.62000274658203,124.75,10209500,0.00048105804332541224,0.08781363381959352,118.20800003051758
2019-02-01,124.88999938964844,125.05000305175781,124.37000274658203,124.5,12485500,-0.002006018726865743,0.08856195575586152,118.19175003051758
2019-02-04,123.98999786376953,124.29000091552734,123.81999969482422,123.95999908447266,6878900,-0.0043467903708823,0.08579929444209189,118.17230003356934
2019-02-05,124.29000091552734,124.41999816894531,124.05000305175781,124.27999877929688,6291100,0.0025781491687657575,0.07991617187647368,118.15570003509521
2019-02-06,124.16000366210938,124.19000244140625,123.4000015258789,123.44000244140625,6595100,-0.006781846869660092,0.08388670014409168,118.13975006103516
2019-02-07,123.80000305175781,123.94999694824219,123.44000244140625,123.73999786376953,5935500,0.0024273450059934865,0.08320621997590441,118.1303500366211
2019-02-08,124.05000305175781,124.33000183105469,123.9800033569336,124.20999908447266,4235200,0.003791101346321012,0.08149198078240909,118.12025001525879
2019-02-11,123.19000244140625,123.81999969482422,123.19000244140625,123.5999984741211,4821800,-0.004923141507008373,0.08055058463976907,118.11119998931885
2019-02-12,123.95999908447266,124.02999877929688,123.61000061035156,123.86000061035156,4271900,0.0021013677593768472,0.08061660053985771,118.1056499862671
2019-02-13,123.83999633789062,124.55000305175781,123.30999755859375,123.37000274658203,7640500,-0.003963908091330168,0.08203209218043235,118.095
2019-02-14,123.83999633789062,124.19999694824219,123.52999877929688,124.05999755859375,6276500,0.005577307519395154,0.08342991613296184,118.09235000610352
2019-02-15,124.58999633789062,125.0,124.18000030517578,124.80000305175781,12190100,0.005947180522781207,0.0849381989064797,118.09780002593995
2019-02-19,125.9800033569336,126.79000091552734,125.93000030517578,126.69999694824219,15614000,0.015109582852092095,0.09748943298028909,118.11305000305175
2019-02-20,127.0,127.20999908447266,126.30999755859375,126.4800033569336,8889700,-0.0017378437981698566,0.09043115813572554,118.12405002593994
2019-02-21,126.1500015258789,126.22000122070312,125.05000305175781,125.05000305175781,8634600,-0.011370537714508392,0.1015123056331953,118.1266000366211
2019-02-22,125.52999877929688,125.94999694824219,125.38999938964844,125.5,5439400,0.0035920768439101198,0.10125529259119953,118.13125003814697
2019-02-25,125.77999877929688,125.9000015258789,125.2300033569336,125.37000274658203,4882600,-0.0010363715360959395,0.10106042366930672,118.13515007019043
2019-02-26,125.33000183105469,125.62000274658203,125.05000305175781,125.58000183105469,5153200,0.0016736332310033522,0.08961801713571398,118.14140007019043
2019-02-27,125.16999816894531,125.2300033569336,124.4000015258789,124.69000244140625,7935600,-0.00711234367844341,0.09341394289992888,118.13895008087158
2019-02-28,124.70999908447266,124.70999908447266,123.9800033569336,123.98999786376953,7811700,-0.005629776625606553,0.09385920762351815,118.13390007019044
2019-03-01,123.4800033569336,123.95999908447266,121.87000274658203,121.87999725341797,16411700,-0.017163968380321165,0.10862291332139748,118.12085006713868
2019-03-04,121.55999755859375,121.8499984741211,121.18000030517578,121.55999755859375,10272600,-0.0026289836177433583,0.10859206336615945,118.11625003814697
2019-03-05,121.37999725341797,121.7300033569336,121.02999877929688,121.72000122070312,7120100,0.0013153870929190252,0.10890343811652428,118.11340003967285
2019-03-06,121.43000030517578,121.63999938964844,121.26000213623047,121.61000061035156,4820400,-0.0009041270457165541,0.10825141080877962,118.10965003967286
2019-03-07,121.2699966430664,121.70999908447266,121.18000030517578,121.51000213623047,6088800,-0.0008226265106168819,0.10750859112436405,118.10515003204345
2019-03-08,122.69999694824219,122.88999938964844,122.37000274658203,122.83999633789062,10427700,0.010886084259377201,0.11297063769715757,118.10694999694825
2019-03-11,122.5199966430664,122.54000091552734,121.91999816894531,122.23999786376953,6708700,-0.004896357818091546,0.11364505248736428,118.10609996795654
2019-03-12,122.54000091552734,123.02999877929688,122.4000015258789,122.9800033569336,6289900,0.006035459879402026,0.11499090195110016,118.10829998016358
2019-03-13,123.55999755859375,123.87999725341797,123.43000030517578,123.83999633789062,7377300,0.006968612448215201,0.11656139746347083,118.10954998016358
2019-03-14,122.33000183105469,122.55000305175781,122.12000274658203,122.41000366210938,6778200,-0.011614284265949192,0.12308375678351283,118.10555000305176
2019-03-15,123.05999755859375,123.4000015258789,122.91000366210938,122.97000122070312,9412000,0.00456433710702197,0.12365680157333593,118.10444999694825
2019-03-18,123.30000305175781,123.4000015258789,122.88999938964844,123.04000091552734,7783200,0.0005690800870331783,0.12193677937103968,118.10279998779296
2019-03-19,123.72000122070312,123.79000091552734,123.33999633789062,123.37999725341797,6558700,0.0027594883221057557,0.12033785095989694,118.10419998168945
2019-03-20,123.66000366210938,124.41999816894531,122.6500015258789,124.18000030517578,11304900,0.006463126873942885,0.10939543271471809,118.11264999389648
2019-03-21,124.36000061035156,124.37000274658203,123.11000061035156,123.68000030517578,7739800,-0.004034541087699915,0.10989026667625026,118.11919998168945
2019-03-22,123.93000030517578,124.22000122070312,123.7300033569336,123.97000122070312,5874000,0.0023420233902432335,0.10378580201243472,118.12479999542236
2019-03-25,124.55999755859375,125.11000061035156,124.4800033569336,124.91999816894531,7288300,0.007633907060241407,0.10665583985572273,118.13479999542237
2019-03-26,124.4800033569336,124.51000213623047,124.06999969482422,124.30000305175781,5056100,-0.0049754946888428755,0.10790110502802167,118.14200000762939
2019-03-27,124.3499984741211,124.37999725341797,123.55999755859375,123.6500015258789,6595000,-0.005243016760484571,0.10887549454873029,118.14520000457763
2019-03-28,122.27999877929688,122.36000061035156,121.70999908447266,121.9000015258789,11878300,-0.014253957303041619,0.11667550191193193,118.13854999542237
2019-03-29,122.63999938964844,122.75,122.01000213623047,122.01000213623047,7093900,0.0009019770912032663,0.11565400766010399,118.1345000076294
2019-04-01,122.4000015258789,122.43000030517578,121.45999908447266,121.52999877929688,13560000,-0.003941890257643701,0.10005085989046976,118.12619998931885
2019-04-02,121.72000122070312,122.01000213623047,121.68000030517578,121.9800033569336,4475000,0.003695988550420936,0.1004640890002409,118.11920001983643
2019-04-03,121.7300033569336,122.01000213623047,121.68000030517578,121.80000305175781,6152200,-0.0014767440573913667,0.10052655828148968,118.12150005340577
2019-04-04,121.0999984741211,122.23999786376953,120.95999908447266,122.11000061035156,7508400,0.0025419025120261784,0.10083084338020228,118.12650005340576
2019-04-05,121.87999725341797,122.12999725341797,121.66000366210938,121.9800033569336,5114500,-0.001065158454634802,0.10086519083687683,118.13240005493164
2019-04-08,122.97000122070312,123.0199966430664,122.4000015258789,122.51000213623047,4270800,0.004335552354601057,0.09445657037856164,118.14365005493164
2019-04-09,123.26000213623047,123.3499984741211,123.02999877929688,123.1500015258789,4648400,0.005210460213684454,0.09451655598449918,118.15915004730225
2019-04-10,123.22000122070312,123.7699966430664,123.19000244140625,123.52999877929688,6344800,0.0030808947099307334,0.09281733999864349,118.17510005950928
2019-04-11,122.54000091552734,122.75,121.79000091552734,121.94999694824219,11694500,-0.012872932029622242,0.09980577461604324,118.18540004730225
2019-04-12,121.95999908447266,122.30999755859375,121.80000305175781,121.83000183105469,5272800,-0.0009844542413608548,0.09166323573894393,118.19825004577636
2019-04-15,121.19999694824219,121.81999969482422,121.0999984741211,121.5999984741211,4252400,-0.0018896884121835308,0.09012695527222983,118.2133500289917
2019-04-16,120.37999725341797,120.62999725341797,120.19000244140625,120.51000213623047,10097800,-0.009004202217837268,0.09463956533577164,118.22480003356934
2019-04-17,120.45999908447266,120.51000213623047,120.19999694824219,120.27999877929688,4693900,-0.0019104067944000637,0.09368656094793662,118.23295001983642
2019-04-18,120.23999786376953,120.54000091552734,120.1500015258789,120.37000274658203,4090400,0.0007480072379889946,0.08979855186536322,118.24750003814697
2019-04-22,120.45999908447266,120.5,120.2699966430664,120.37000274658203,2250900,0.0,0.08944151594559353,118.25610004425049
2019-04-23,119.66999816894531,120.19999694824219,119.55000305175781,120.12000274658203,5574800,-0.0020790892290242957,0.08848441082704238,118.2614500427246
2019-04-24,120.05999755859375,120.72000122070312,120.04000091552734,120.47000122070312,4173000,0.002909503431152912,0.08372347168482394,118.26950004577637
2019-04-25,120.72000122070312,121.0999984741211,120.5,120.56999969482422,4836900,0.0008297251865102907,0.08329969625132047,118.27660003662109
2019-04-26,121.26000213623047,121.66999816894531,121.22000122070312,121.37000274658203,6022700,0.006613259149985578,0.08656023095056636,118.28880004882812
2019-04-29,120.87999725341797,120.91000366210938,120.66999816894531,120.83000183105469,4469300,-0.004459139554905491,0.07310534726673175,118.30475006103515
2019-04-30,120.88999938964844,121.36000061035156,120.8499984741211,121.19999694824219,4758600,0.003057434262503009,0.07397256953021365,118.32010005950927
2019-05-01,121.02999877929688,121.55000305175781,120.18000030517578,120.4000015258789,12331800,-0.0066225029075604345,0.07617757550847681,118.33405006408691
2019-05-02,119.69000244140625,120.11000061035156,119.54000091552734,119.94000244140625,6759600,-0.003827907452540267,0.07547994087677999,118.34600006103516
2019-05-03,120.55999755859375,121.08000183105469,120.4800033569336,120.6500015258789,8414400,0.005902166622599615,0.07890083417836785,118.36785007476807
2019-05-06,120.61000061035156,121.12000274658203,120.54000091552734,120.80999755859375,3479600,0.0013252386046357174,0.07843035103549116,118.39035007476807
2019-05-07,121.0199966430664,121.41999816894531,120.91000366210938,121.20999908447266,4010700,0.0033055276063594123,0.07949448658937619,118.41735008239746
2019-05-08,121.54000091552734,121.54000091552734,120.7699966430664,120.91000366210938,4178800,-0.002478073455137969,0.07797610676819113,118.43910011291504
2019-05-09,120.95999908447266,121.62000274658203,120.86000061035156,121.19999694824219,5015500,0.002395550981643927,0.07590351588952868,118.46510009765625
2019-05-10,121.41000366210938,121.7300033569336,121.30000305175781,121.43000030517578,4586000,0.0018959191232165698,0.07525621401197152,118.4920500946045
2019-05-13,122.62999725341797,122.8499984741211,122.33000183105469,122.66999816894531,11130900,0.010159840539079522,0.07093464605484386,118.52200008392334
2019-05-14,122.5999984741211,122.66000366210938,122.12000274658203,122.45999908447266,5556000,-0.0017133695443152437,0.07114303919723475,118.55545009613037
2019-05-15,122.70999908447266,122.7699966430664,122.22000122070312,122.38999938964844,10299000,-0.0005717761663673002,0.0707902432524654,118.58825008392334
2019-05-16,122.02999877929688,122.06999969482422,121.19000244140625,121.51000213623047,6349400,-0.007216080906090217,0.06804407828163024,118.6175500869751
2019-05-17,121.02999877929688,121.05999755859375,120.33000183105469,120.6500015258789,6589300,-0.007102776783024275,0.07249129642869981,118.64085010528565
2019-05-20,120.51000213623047,120.73999786376953,120.41999816894531,120.63999938964844,4345800,-8.290551782707826e-05,0.0724615281406375,118.66835010528564
2019-05-21,120.08000183105469,120.36000061035156,119.83000183105469,120.36000061035156,3845600,-0.0023236423674714048,0.07295006712972517,118.69755012512206
2019-05-22,120.3499984741211,120.5,120.19000244140625,120.23999786376953,3741800,-0.0009975291545631813,0.07265804279029899,118.72415012359619
2019-05-23,120.81999969482422,121.5199966430664,120.7699966430664,121.16999816894531,6054600,0.007704775453647589,0.07681775963257867,118.75835010528564
2019-05-24,121.12999725341797,121.30999755859375,120.88999938964844,121.30000305175781,2324700,0.0010723379767872785,0.07684439195433178,118.79190013885498
2019-05-28,120.80000305175781,120.83999633789062,120.45999908447266,120.83000183105469,4303500,-0.0038822269155751525,0.07452403955382575,118.8215001296997
2019-05-29,121.11000061035156,121.26000213623047,120.75,120.87000274658203,4133200,0.0003309964016131658,0.07291460805622754,118.85215015411377
2019-05-30,120.95999908447266,121.69000244140625,120.80000305175781,121.69000244140625,7757000,0.006761236816409685,0.07592795875844759,118.88715015411377
2019-05-31,122.55000305175781,123.4000015258789,122.31999969482422,123.33000183105469,15367000,0.013386857013473643,0.08445924890720048,118.93900016784669
2019-06-03,124.08999633789062,125.33999633789062,123.9000015258789,125.11000061035156,14173600,0.014329650783140814,0.09388445301626862,118.99920017242431
2019-06-04,124.87999725341797,125.41999816894531,124.61000061035156,125.1500015258789,7997100,0.00031967486235552026,0.09295515210086536,119.06900016784668
2019-06-05,126.18000030517578,126.37000274658203,125.23999786376953,125.47000122070312,7637900,0.002553665830468566,0.09298286084432164,119.1408501815796
2019-06-06,125.93000030517578,126.44999694824219,125.80000305175781,125.87999725341797,5551800,0.0032623544765036684,0.0929741861403382,119.20960018157959
2019-06-07,126.79000091552734,127.25,126.31999969482422,126.58999633789062,8145900,0.005624438342681366,0.09251190712413508,119.27910015106201
2019-06-10,125.45999908447266,125.52999877929688,125.06999969482422,125.33000183105469,5410000,-0.010003215486538885,0.10167470998411351,119.34065017700195
2019-06-11,124.94000244140625,125.4000015258789,124.87999725341797,125.18000030517578,4757800,-0.0011975692988471266,0.10212332430469863,119.4002001953125
2019-06-12,125.5999984741211,126.19999694824219,125.55999755859375,125.83000183105469,5756200,0.005179100221238763,0.09815010570743185,119.46835021972656
2019-06-13,126.02999877929688,126.7699966430664,125.95999908447266,126.5999984741211,5374800,0.0061006935016299476,0.09894584221188041,119.53055019378662
2019-06-14,127.20999908447266,127.62999725341797,126.26000213623047,126.55999755859375,9226100,-0.0003160129284807664,0.09887959890986021,119.59040019989014
2019-06-17,126.69999694824219,126.7699966430664,126.16999816894531,126.4800033569336,4763300,-0.0006322652864021801,0.09399680583765589,119.65440021514893
2019-06-18,127.58000183105469,127.75,126.38999938964844,127.12000274658203,10309600,0.005047324392238259,0.0885870762441766,119.71900024414063
2019-06-19,126.7699966430664,127.98999786376953,126.69999694824219,127.88999938964844,11660600,0.006038970838080658,0.08888676505653713,119.79025024414062
2019-06-20,130.41000366210938,131.49000549316406,130.19000244140625,131.11000061035156,18636300,0.024866155493817887,0.11522159037016234,119.87825023651124
2019-06-21,131.77000427246094,132.1699981689453,131.07000732421875,131.97999572753906,15068000,0.00661369341666817,0.11401092820958048,119.97350021362304
2019-06-24,132.77000427246094,134.0399932861328,132.5800018310547,133.94000244140625,17851800,0.014741593126273352,0.11904746539788302,120.07660022735595
2019-06-25,134.89999389648438,135.5500030517578,133.2100067138672,134.1999969482422,24772200,0.0019392450876947497,0.11874556602182598,120.17990020751954
2019-06-26,132.99000549316406,133.5500030517578,132.41000366210938,132.97000122070312,12016400,-0.009207653748305768,0.12493071007120653,120.27860019683838
2019-06-27,132.3800048828125,132.97000122070312,132.25999450683594,132.83999633789062,8412800,-0.0009781791081800058,0.12556964804473728,120.37705017089844
2019-06-28,133.0500030517578,133.33999633789062,132.61000061035156,133.1999969482422,8077000,0.0027063662544696662,0.12543380349355143,120.47695014953614
2019-07-01,131.55999755859375,131.75999450683594,130.5500030517578,130.6199951171875,13317700,-0.019559428102497136,0.1456631801024829,120.55920013427735
2019-07-02,131.27000427246094,133.6300048828125,131.16000366210938,133.41000366210938,13282100,0.02113481354805423,0.15414897016915455,120.65745014190674
2019-07-03,133.61000061035156,134.10000610351562,133.22999572753906,133.6300048828125,6351500,0.0016477026920105947,0.15392011616664267,120.76050018310546
2019-07-05,131.4600067138672,132.32000732421875,130.80999755859375,132.13999938964844,11536600,-0.011212861349998495,0.16174909732416184,120.85315017700195
2019-07-08,132.17999267578125,132.33999633789062,131.27999877929688,131.2899932861328,8028900,-0.006453396174434407,0.16462275441644206,120.94240013122558
2019-07-09,131.42999267578125,132.10000610351562,131.16000366210938,131.75,6633400,0.0034976216131429347,0.16419768511275515,121.0317501449585
2019-07-10,132.94000244140625,133.8699951171875,132.35000610351562,133.8300018310547,13920600,0.015664164068756106,0.1648205554371824,121.12955017089844
2019-07-11,133.5800018310547,133.6999969482422,132.41000366210938,132.6999969482422,7535100,-0.008479433149487648,0.1691013994062139,121.2256001663208
2019-07-12,132.88999938964844,133.69000244140625,132.52999877929688,133.52999877929688,6309500,0.006235244213343071,0.16932977635913316,121.32590015411377
2019-07-15,133.17999267578125,133.52999877929688,132.80999755859375,133.52999877929688,4026600,0.0,0.169162955772121,121.42530014038086
2019-07-16,133.17999267578125,133.3000030517578,132.1300048828125,132.39999389648438,7966000,-0.008498565150237166,0.17322820595081734,121.5220500946045
2019-07-17,133.0,134.60000610351562,132.88999938964844,134.5800018310547,11288300,0.01633123396202252,0.17964566053121186,121.63470008850098
2019-07-18,133.8300018310547,136.6300048828125,133.61000061035156,136.47999572753906,18448200,0.01401922107283276,0.18360650517144483,121.75330005645752
2019-07-19,135.4499969482422,136.02999877929688,133.97000122070312,134.47000122070312,18079200,-0.01483691752503857,0.19376231908450842,121.86280006408691
2019-07-22,134.55999755859375,134.82000732421875,134.32000732421875,134.4499969482422,7570400,-0.0001487748968767623,0.1757378187676177,121.96570003509521
2019-07-23,134.42999267578125,134.9499969482422,133.55999755859375,133.69000244140625,9981400,-0.005668654760058427,0.17611865468102683,122.06705005645752
2019-07-24,134.58999633789062,134.83999633789062,133.97999572753906,134.3699951171875,6715200,0.005073447292028362,0.16940250614423288,122.17150001525879
2019-07-25,134.24000549316406,134.27999877929688,133.08999633789062,133.4199981689453,11708200,-0.007095118991376651,0.17108446470630045,122.26959999084472
2019-07-26,134.24000549316406,134.2899932861328,133.58999633789062,133.63999938964844,6249900,0.00164757936404381,0.1680508510215689,122.37509998321534
2019-07-29,134.05999755859375,134.72999572753906,133.44000244140625,134.52999877929688,9162400,0.006637600502192369,0.1694208576389612,122.48474998474121
2019-07-30,134.75999450683594,135.17999267578125,134.41000366210938,134.97999572753906,9458700,0.0033393742390960437,0.16953407900102685,122.59524997711182
2019-07-31,135.02999877929688,135.4199981689453,133.02000427246094,133.2100067138672,18797200,-0.013199706898717264,0.16121772890252334,122.68240001678467
2019-08-01,132.4199981689453,136.42999267578125,132.30999755859375,136.41000366210938,27719800,0.0237382025873749,0.16552252409436047,122.78830001831055
2019-08-02,135.38999938964844,136.60000610351562,135.3699951171875,135.88999938964844,13753200,-0.003819352910475418,0.16635882329518856,122.88775001525879
2019-08-05,137.92999267578125,138.63999938964844,137.0500030517578,137.7899932861328,17519800,0.013885007839557597,0.16624452090980807,122.99769996643066
2019-08-06,138.3300018310547,139.02999877929688,138.00999450683594,138.91000366210938,9471200,0.008095529492025941,0.1645609103189143,123.11329998016357
2019-08-07,141.27999877929688,142.47000122070312,140.8800048828125,141.02000427246094,26671100,0.01507548681526026,0.170074967840841,123.23880001068115
2019-08-08,140.89999389648438,142.3699951171875,140.7100067138672,141.72999572753906,13108600,0.005022054446004403,0.16417080879030566,123.36739997863769
2019-08-09,141.27999877929688,142.02999877929688,140.9600067138672,141.25999450683594,9485900,-0.003321683939870917,0.16066794510061413,123.49514995574951
2019-08-12,141.6699981689453,143.3800048828125,141.63999938964844,142.6300048828125,15264000,0.009651773675578623,0.16197162707779816,123.62634998321533
2019-08-13,143.1699981689453,143.2899932861328,139.35000610351562,141.77999877929688,29842800,-0.005977346952418699,0.164731416679031,123.75194995880128
2019-08-14,142.89999389648438,143.75,142.0500030517578,142.75,20672900,0.00681829671908825,0.15990464205802524,123.88369995117188
2019-08-15,142.9600067138672,144.02000427246094,142.61000061035156,143.6999969482422,13467800,0.006632923311853109,0.1535670145004109,124.01834995269775
2019-08-16,142.75,143.1300048828125,141.8000030517578,142.77999877929688,11728800,-0.00642279632319684,0.1516045160710026,124.15069995880127
2019-08-19,141.3300018310547,141.7899932861328,140.85000610351562,141.11000061035156,10552700,-0.011765243129746363,0.14758842743112216,124.27724994659424
2019-08-20,141.77000427246094,142.25999450683594,141.60000610351562,142.2100067138672,7478500,0.007765153200510364,0.14848066675578428,124.41254997253418
2019-08-21,141.6199951171875,142.1699981689453,141.4600067138672,141.75999450683594,8114700,-0.0031694374885161206,0.14695633070796904,124.53819995880127
2019-08-22,141.38999938964844,141.89999389648438,141.1699981689453,141.39999389648438,6846500,-0.002542737809443374,0.14783159336098572,124.6619499206543
2019-08-23,141.83999633789062,144.3300018310547,141.63999938964844,144.1699981689453,20282200,0.0194004358255685,0.1546597578699198,124.80094989776612
2019-08-26,144.35000610351562,144.97000122070312,143.91000366210938,144.19000244140625,12195800,0.00013874512727632068,0.15499877379261773,124.94169990539551
2019-08-27,144.3000030517578,145.67999267578125,144.27000427246094,145.57000732421875,12844100,0.009525229640210546,0.15602691092811058,125.08939994812012
2019-08-28,145.38999938964844,145.67999267578125,144.63999938964844,145.16000366210938,11452400,-0.002820513317677276,0.1576843522506612,125.23629997253418
2019-08-29,145.39999389648438,145.49000549316406,143.27999877929688,144.1199951171875,14762500,-0.007190355573252848,0.1509121210526182,125.38449993133545
2019-08-30,143.83999633789062,144.8800048828125,143.02000427246094,143.75,9642200,-0.0025705723222454796,0.13351973587713592,125.5349499130249
2019-09-03,144.9600067138672,146.1300048828125,144.74000549316406,145.75,15615200,0.013817145553141903,0.1369430291314589,125.69519992828369
2019-09-04,145.5399932861328,146.82000732421875,145.5,146.66000366210938,11285900,0.006224182405113975,0.13198884349664264,125.855299949646
2019-09-05,144.97999572753906,145.00999450683594,142.0,143.13999938964844,20293200,-0.02429383958928248,0.16070788005488973,125.9971499633789
2019-09-06,143.63999938964844,144.05999755859375,141.86000061035156,141.9199981689453,14175200,-0.008559662387184017,0.15621202489377,126.12864994049072
2019-09-09,142.3699951171875,142.4600067138672,141.17999267578125,141.38999938964844,11323800,-0.0037414803722944866,0.15582559811934532,126.25724994659424
2019-09-10,141.22999572753906,141.52999877929688,140.16000366210938,140.17999267578125,12629200,-0.008594766463448816,0.15824498411383392,126.37979991912842
2019-09-11,140.33999633789062,141.25999450683594,140.27999877929688,141.02999877929688,7453000,0.0060453662250154515,0.1558434063463514,126.50564990997314
2019-09-12,142.67999267578125,143.10000610351562,141.11000061035156,141.32000732421875,12673700,0.0020542492696135994,0.15479076607192857,126.6333999633789
2019-09-13,141.72999572753906,141.99000549316406,140.05999755859375,140.14999389648438,13451700,-0.008313640257218174,0.15507705520044762,126.75594993591308
2019-09-16,141.60000610351562,142.0500030517578,141.02000427246094,141.32000732421875,8094600,0.008313640257218249,0.15620753884072267,126.88779998779297
2019-09-17,141.82000732421875,142.11000061035156,141.22000122070312,141.60000610351562,7010200,0.001979350045407386,0.15510129300385314,127.01890003204346
2019-09-18,141.92999267578125,142.52999877929688,139.80999755859375,140.7100067138672,15026300,-0.006305141849164153,0.15116118757411195,127.14375007629394
2019-09-19,141.57000732421875,141.74000549316406,141.08999633789062,141.27999877929688,8057400,0.004042645700960864,0.14924771993386377,127.27245006561279
2019-09-20,141.61000061035156,143.02999877929688,141.4600067138672,142.9499969482422,12110000,0.011751169204553406,0.15450613402658966,127.40515003204345
2019-09-23,143.22000122070312,143.94000244140625,143.07000732421875,143.75,9006500,0.005580782257567522,0.15511938585899984,127.53830001831055
2019-09-24,143.2100067138672,144.77000427246094,142.8800048828125,144.50999450683594,10576300,0.00527299162043293,0.1408179485038784,127.67514999389648
2019-09-25,144.0800018310547,144.2899932861328,141.44000244140625,141.8300018310547,11648400,-0.018719501081169466,0.15519235086743752,127.7938500213623
2019-09-26,142.19000244140625,142.57000732421875,141.55999755859375,141.7899932861328,7984600,-0.0002821278180384957,0.15063380239922164,127.91439998626709
2019-09-27,140.35000610351562,141.67999267578125,140.16000366210938,141.05999755859375,9804200,-0.005161727926224835,0.15115821898658546,128.03199996948243
2019-09-30,139.77000427246094,140.2100067138672,138.02999877929688,138.8699951171875,15459100,-0.015647105922203676,0.1579512201400798,128.13739994049072
2019-10-01,138.07000732421875,140.19000244140625,137.8000030517578,139.6300048828125,12476200,0.005457893373498284,0.15987337652806963,128.2478999710083
2019-10-02,140.7899932861328,141.8800048828125,140.4600067138672,141.25999450683594,11914300,0.011606023170116823,0.15738841058818226,128.3688999557495
2019-10-03,141.36000061035156,143.25,141.2899932861328,141.89999389648438,12396100,0.004520416059329575,0.1564440361634568,128.48904991149902
2019-10-04,141.47999572753906,142.30999755859375,141.13999938964844,141.89999389648438,9651000,0.0,0.13283860398287833,128.60779987335206
2019-10-07,141.16000366210938,141.77000427246094,140.24000549316406,140.69000244140625,6127200,-0.00856363541098911,0.13284167422646725,128.7240998840332
2019-10-08,142.02999877929688,142.2899932861328,141.1699981689453,141.9199981689453,10428900,0.00870459991703739,0.13587601953461553,128.83749988555908
2019-10-09,142.16000366210938,142.5800018310547,141.6199951171875,142.0500030517578,6927700,0.0009156241246349503,0.13207999824852049,128.95414989471436
2019-10-10,141.58999633789062,141.66000366210938,140.5800018310547,140.80999755859375,9301700,-0.008767683192965708,0.13437684361374194,129.058099899292
2019-10-11,139.97000122070312,140.19000244140625,138.91000366210938,140.02999877929688,11333400,-0.005554769940672898,0.13543910298411407,129.15994987487792
2019-10-14,140.4499969482422,140.82000732421875,140.33999633789062,140.58999633789062,4006700,0.003991150393420187,0.1331095426117949,129.26004985809325
2019-10-15,140.27000427246094,140.3000030517578,139.2100067138672,139.61000061035156,9128300,-0.0069950016712766044,0.1318361503028331,129.35279987335204
2019-10-16,140.13999938964844,140.52999877929688,139.6999969482422,140.41000366210938,10330300,0.005713914835703777,0.13337529989875452,129.4485998916626
2019-10-17,140.5,141.1199951171875,140.4199981689453,140.61000061035156,6131000,0.0014233647353723328,0.13174224378894528,129.5449998855591
2019-10-18,140.5,140.7100067138672,140.32000732421875,140.4600067138672,6416100,-0.001067306413452129,0.13093671661684203,129.63514991760255
2019-10-21,140.72000122070312,140.75999450683594,139.60000610351562,139.7899932861328,8306200,-0.004781550075213642,0.1241494469824524,129.72689987182616
2019-10-22,140.1300048828125,140.3000030517578,139.72000122070312,140.1999969482422,3879700,0.0029287043785159624,0.12269217654879891,129.81859985351562
2019-10-23,140.58999633789062,141.0,140.5,140.52999877929688,4155300,0.002351027592914482,0.12116054174631315,129.91359985351562
2019-10-24,141.02000427246094,141.74000549316406,140.92999267578125,141.52999877929688,6174800,0.007090719694468963,0.1065991481704968,130.00969985961913
2019-10-25,142.7899932861328,142.8300018310547,141.39999389648438,141.86000061035156,6011500,0.0023289599557340403,0.10692643536025707,130.11104988098145
2019-10-28,141.25,141.25,140.39999389648438,140.63999938964844,5442000,-0.008637230479381003,0.10969206244113057,130.2052498626709
2019-10-29,140.0,140.6300048828125,139.77999877929688,140.25,3835400,-0.002776885194246242,0.09482243165916215,130.29604988098146
2019-10-30,140.5399932861328,141.0399932861328,139.5500030517578,141.02000427246094,6992900,0.005475210184932403,0.09483392535535286,130.39174991607666
2019-10-31,141.97999572753906,142.69000244140625,141.88999938964844,142.42999267578125,7050900,0.009948844935468628,0.09252809799519739,130.49254989624023
2019-11-01,142.2100067138672,142.89999389648438,142.00999450683594,142.55999755859375,8090000,0.0009123470738276627,0.09133656890178285,130.59479988098144
2019-11-04,142.25999450683594,142.4499969482422,141.74000549316406,142.14999389648438,4740300,-0.0028801514371747305,0.09196711461632684,130.70044986724852
2019-11-05,140.64999389648438,140.88999938964844,139.3800048828125,139.85000610351562,11782300,-0.016312331868591004,0.10424500960596662,130.7924499130249
2019-11-06,140.1199951171875,140.7899932861328,140.0,140.4499969482422,6416500,0.004281068530555171,0.10049735182295269,130.88829990386964
2019-11-07,140.11000061035156,140.1999969482422,137.60000610351562,138.27000427246094,15214200,-0.015643205521891117,0.11314190091662221,130.9741999435425
2019-11-08,137.72999572753906,138.3300018310547,137.38999938964844,137.38999938964844,10377400,-0.0063847338065501705,0.11144439405694731,131.04684993743896
2019-11-11,137.61000061035156,137.7899932861328,136.44000244140625,137.05999755859375,7037300,-0.0024048241483873045,0.11041254144269785,131.1156999206543
2019-11-12,137.02999877929688,137.58999633789062,136.19000244140625,137.42999267578125,6448600,0.002695874927586959,0.10976094782189635,131.18294986724854
2019-11-13,137.8000030517578,138.22000122070312,137.63999938964844,137.97999572753906,8776000,0.003994072881030811,0.10890029463702115,131.2493998336792
2019-11-14,138.38999938964844,138.94000244140625,137.8699951171875,138.55999755859375,5220500,0.004194711040663475,0.10792038154089759,131.31844982147217
2019-11-15,138.02999877929688,138.4199981689453,137.97000122070312,138.2100067138672,10106700,-0.0025291110010524226,0.10784060223505336,131.3869998550415
2019-11-18,138.44000244140625,138.85000610351562,138.3000030517578,138.6199951171875,5717900,0.002962025072169786,0.108624536781448,131.4602998352051
2019-11-19,138.1300048828125,138.97000122070312,138.1300048828125,138.69000244140625,4824400,0.0005049030061831341,0.10761649055364621,131.53234985351563
2019-11-20,138.52999877929688,139.0,138.10000610351562,138.75999450683594,6892100,0.0005045382424530197,0.10700437059666365,131.60894981384277
2019-11-21,138.38999938964844,138.55999755859375,137.77000427246094,138.0,4197200,-0.005492097356825017,0.10782517871635017,131.6802498245239
2019-11-22,138.3699951171875,138.4600067138672,137.66000366210938,137.74000549316406,3620300,-0.0018857951599790925,0.1038919122963616,131.7478998565674
2019-11-25,137.32000732421875,137.6199951171875,136.99000549316406,137.0800018310547,6415800,-0.004803179633254922,0.10369687801292196,131.81529987335205
2019-11-26,136.97999572753906,137.8000030517578,136.5800018310547,137.74000549316406,4724400,0.004803179633255016,0.10270434168990926,131.88469989776613
2019-11-27,137.02999877929688,137.2100067138672,136.8300018310547,137.00999450683594,4111000,-0.005314014225370608,0.1036317186386297,131.95289985656737
2019-11-29,137.10000610351562,138.1300048828125,137.0800018310547,137.86000061035156,4516400,0.006184806112979683,0.10422756024121611,132.02189987182618
2019-12-02,137.32000732421875,138.08999633789062,137.3000030517578,137.7899932861328,8274700,-0.0005079436043828876,0.09627827945986016,132.08684982299803
2019-12-03,139.0399932861328,139.57000732421875,138.97000122070312,139.11000061035156,8481700,0.009534253178573626,0.10345264317165818,132.1488998413086
2019-12-04,139.16000366210938,139.1699981689453,138.58999633789062,138.9199981689453,6322300,-0.0013667767637935283,0.10326946334804027,132.21109981536864
2019-12-05,138.8000030517578,139.4499969482422,138.7899932861328,139.0,5671500,0.0005757184354598549,0.08723915951463523,132.28084980010988
2019-12-06,137.75999450683594,137.8300018310547,137.39999389648438,137.6199951171875,8714500,-0.009977704836757457,0.09169421634963228,132.3414497756958
2019-12-09,137.8000030517578,137.80999755859375,137.4499969482422,137.5800018310547,2711600,-0.0002906488870483782,0.07455961230509049,132.40249977111816
2019-12-10,138.25,138.3300018310547,137.74000549316406,137.97000122070312,3240800,0.002830699660654389,0.07176927946134448,132.4644497680664
2019-12-11,138.1999969482422,139.3000030517578,138.1199951171875,138.9199981689453,6097500,0.006861935627691577,0.07465170990854672,132.5355997467041
2019-12-12,139.77999877929688,139.85000610351562,137.8800048828125,138.42999267578125,8815100,-0.0035334849047766476,0.07560489915103742,132.60779972076415
2019-12-13,138.52000427246094,139.2100067138672,137.97999572753906,139.0500030517578,6964300,0.004468872836715887,0.07591089582202923,132.69364974975585
2019-12-16,139.1999969482422,139.38999938964844,138.8000030517578,139.0399932861328,4646100,-7.198939739749056e-05,0.07462877278159018,132.78104972839355
2019-12-17,139.02000427246094,139.3000030517578,138.85000610351562,139.00999450683594,4287500,-0.00021577975709612248,0.07400428978579252,132.86749969482423
2019-12-18,138.86000061035156,139.25,138.80999755859375,139.02000427246094,3607600,7.200493236905694e-05,0.0733563725913368,132.95454971313475
2019-12-19,139.0399932861328,139.5500030517578,138.8699951171875,139.3800048828125,4975000,0.0025862126377012157,0.07384053433574152,133.04389972686766
2019-12-20,139.3699951171875,139.52000427246094,138.97999572753906,139.52000427246094,4463900,0.0010039397404910592,0.07388364356055284,133.12729976654052
2019-12-23,139.52999877929688,139.9600067138672,139.52999877929688,139.9499969482422,5180900,0.003077203372165587,0.07139902285998447,133.2158497619629
2019-12-24,140.44000244140625,141.3300018310547,140.42999267578125,141.27000427246094,5303700,0.009387789011397068,0.07679439232883815,133.30729976654052
2019-12-26,142.05999755859375,142.47000122070312,141.91000366210938,142.3800048828125,8342500,0.00782659080315549,0.07680680876589202,133.39999980926513
2019-12-27,142.25999450683594,142.72999572753906,142.1699981689453,142.3300018310547,5119900,-0.0003512560225688557,0.07634690686004936,133.49959980010988
2019-12-30,142.55999755859375,142.8000030517578,142.4600067138672,142.6300048828125,4810600,0.0021055808220621446,0.07213884159470699,133.59789981842042
2019-12-31,143.30999755859375,143.60000610351562,142.8000030517578,142.89999389648438,5313500,0.001891143454574884,0.07044975137940382,133.6971997833252
2020-01-02,143.86000061035156,144.2100067138672,143.39999389648438,143.9499969482422,7733800,0.007320953634035891,0.07253362752543202,133.80004978179932
2020-01-03,145.75,146.32000732421875,145.39999389648438,145.86000061035156,12272800,0.013181265882528811,0.07813817737875552,133.90844978332518
2020-01-06,148.44000244140625,148.47999572753906,146.9499969482422,147.38999938964844,14403300,0.010434868967011986,0.08184994150383618,134.02699977874755
2020-01-07,147.57000732421875,148.13999938964844,147.42999267578125,147.97000122070312,7978500,0.003927428056507489,0.08151568318807013,134.14699977874756
2020-01-08,148.49000549316406,148.61000061035156,146.13999938964844,146.86000061035156,22248500,-0.007529802584635164,0.07692541809770766,134.2566997909546
2020-01-09,146.07000732421875,146.41000366210938,145.44000244140625,146.02999877929688,10292300,-0.0056676844863565315,0.0819948527903389,134.36534976959229
2020-01-10,146.22000122070312,146.99000549316406,146.1699981689453,146.91000366210938,6183300,0.006008107616788398,0.08272659800002136,134.48164978027344
2020-01-13,146.35000610351562,146.3800048828125,145.77999877929688,145.82000732421875,7593800,-0.007447144703816297,0.08890672596372913,134.60124980926514
2020-01-14,145.4199981689453,145.80999755859375,145.0800018310547,145.69000244140625,6589700,-0.0008919411826434922,0.0871737792590199,134.71964981079103
2020-01-15,146.2100067138672,146.72999572753906,145.82000732421875,146.5399932861328,6510000,0.005817289492435278,0.08769394435964437,134.84469978332518
2020-01-16,146.27000427246094,146.47000122070312,145.75999450683594,146.30999755859375,6069100,-0.0015707412123407796,0.08839830268646606,134.9663497543335
2020-01-17,146.50999450683594,146.99000549316406,146.30999755859375,146.5800018310547,11121100,0.0018437252860089575,0.08790905545828819,135.09024974822998
2020-01-21,145.77000427246094,146.86000061035156,145.5500030517578,146.74000549316406,6086100,0.0010909837309721073,0.08762118769757299,135.21339977264404
2020-01-22,146.67999267578125,146.80999755859375,146.3800048828125,146.7899932861328,4778200,0.0003405975107135845,0.08796174911411589,135.33744972229005
2020-01-23,147.0,147.6199951171875,146.6199951171875,147.1199951171875,8419800,0.002245598875511729,0.08780662339132889,135.4604996871948
2020-01-24,146.89999389648438,148.3800048828125,146.88999938964844,147.97999572753906,9919900,0.0058285535187767275,0.08853856427318076,135.58464965820312
2020-01-27,149.24000549316406,149.32000732421875,148.4600067138672,148.99000549316406,9988100,0.006802125843070944,0.0864911548422831,135.71194969177247
2020-01-28,148.36000061035156,148.55999755859375,147.52999877929688,147.66000366210938,7543100,-0.00896686803661793,0.09287092033065943,135.8404997253418
2020-01-29,147.6999969482422,148.55999755859375,147.61000061035156,148.4600067138672,5013100,0.005403248480831511,0.09338092845679029,135.97364974975585
2020-01-30,148.69000244140625,149.30999755859375,148.00999450683594,148.47000122070312,9119500,6.731894098032181e-05,0.09362071372015218,136.10799976348878
2020-01-31,148.8800048828125,149.67999267578125,148.80999755859375,149.3300018310547,14788300,0.005775708477189364,0.09457262606747609,136.25209976196288
2020-02-03,148.66000366210938,148.77999877929688,147.67999267578125,148.36000061035156,9105300,-0.006516877595597702,0.09705543480599158,136.39249977111817
2020-02-04,146.97000122070312,147.02999877929688,145.8000030517578,146.42999267578125,10525600,-0.013094308186782415,0.09964028903652224,136.52279972076417
2020-02-05,146.3800048828125,146.80999755859375,146.16000366210938,146.61000061035156,6160700,0.0012285555646719122,0.09256062392807456,136.653999710083
2020-02-06,147.27999877929688,147.6300048828125,147.0,147.39999389648438,4819800,0.005373934234125879,0.09351444011879151,136.79039966583252
2020-02-07,147.8300018310547,148.17999267578125,147.33999633789062,147.7899932861328,6379300,0.002642363450658169,0.09001977538053706,136.92699962615967
2020-02-10,148.2100067138672,148.4499969482422,147.91000366210938,148.1699981689453,5793600,0.0025679490647931946,0.08762889247907295,137.06499961853027
2020-02-11,148.02999877929688,148.16000366210938,147.00999450683594,147.66000366210938,5179400,-0.0034478924308700464,0.08651714257002568,137.19644962310792
2020-02-12,147.4199981689453,147.80999755859375,147.16000366210938,147.5399932861328,5040600,-0.000813078481224605,0.0820232009947784,137.3299995803833
2020-02-13,148.24000549316406,148.5800018310547,147.9499969482422,148.3800048828125,7082100,0.005677303718111386,0.0836992817988357,137.46589962005615
2020-02-14,148.74000549316406,149.1300048828125,148.6300048828125,149.0,5345400,0.0041697222765956264,0.08266068536438907,137.60889961242677
2020-02-18,149.8800048828125,151.08999633789062,149.47000122070312,150.91000366210938,11524900,0.012737350951843347,0.09185452785891306,137.76374961853028
2020-02-19,151.0,151.82000732421875,150.82000732421875,151.7899932861328,9269800,0.005814285510176441,0.09307751008990407,137.91944957733153
2020-02-20,152.0,152.8300018310547,151.9499969482422,152.41000366210938,8457300,0.0040763395182913265,0.093420152695175,138.07744960784913
2020-02-21,154.42999267578125,155.22000122070312,154.17999267578125,154.6999969482422,16344500,0.014913455926308593,0.1036235532584697,138.24489959716797
2020-02-24,158.5,158.52999877929688,155.36000061035156,156.08999633789062,27171000,0.008945002656717951,0.10598866891892729,138.42079956054687
2020-02-25,155.1199951171875,156.0800018310547,152.91000366210938,153.3000030517578,28091500,-0.01803593472393269,0.12750466207537087,138.58129959106446
2020-02-26,153.82000732421875,155.27999877929688,152.89999389648438,153.97000122070312,17912500,0.004360980385151266,0.12654630903046304,138.7439995956421
2020-02-27,155.5800018310547,156.27000427246094,153.89999389648438,154.0,27878500,0.00019481624361363943,0.12078707540137203,138.90064960479737
2020-02-28,152.7100067138672,152.77000427246094,147.0500030517578,148.3800048828125,42699600,-0.03717601874476565,0.18081986781581935,139.03024963378905
2020-03-02,150.0,150.72999572753906,149.0399932861328,149.1999969482422,16295400,0.005511083646655957,0.18183562816841176,139.16429962158202
2020-03-03,150.83999633789062,155.24000549316406,150.74000549316406,153.88999938964844,28687700,0.030950390194086085,0.21020304800195794,139.32619960784913
2020-03-04,154.39999389648438,154.9600067138672,153.6999969482422,154.16000366210938,12315500,0.001752990351755443,0.2082051509413833,139.49374961853027
2020-03-05,156.05999755859375,157.6199951171875,155.72000122070312,157.49000549316406,17973500,0.021370951204574475,0.21129326602447915,139.67799964904785
2020-03-06,158.3300018310547,159.25,154.5399932861328,157.5500030517578,26973400,0.0003808885074389379,0.21142679655678326,139.86394966125488
2020-03-09,158.60000610351562,159.3699951171875,156.3300018310547,157.80999755859375,24868700,0.0016488747161249012,0.21138836525598986,140.051799659729
2020-03-10,156.17999267578125,156.41000366210938,154.38999938964844,154.47999572753906,18811500,-0.02132715182628954,0.22791728660872926,140.21834964752196
2020-03-11,156.25,156.5,153.61000061035156,153.92999267578125,18159900,-0.0035667044227174947,0.22875057137773816,140.38149959564208
2020-03-12,151.52999877929688,151.5500030517578,146.85000610351562,147.7899932861328,32893400,-0.04070560424243849,0.2718947991006025,140.51629955291747
2020-03-13,149.4199981689453,149.60000610351562,141.5800018310547,143.27999877929688,35177200,-0.03099155256530076,0.29241387785565526,140.62834953308106
2020-03-16,137.55999755859375,142.9600067138672,136.1199951171875,141.63999938964844,24496000,-0.011512126298224866,0.2932370809863621,140.72809951782227
2020-03-17,140.17999267578125,146.1999969482422,139.92999267578125,143.55999755859375,24490300,0.01346442633870517,0.2975228626258334,140.82924949645997
2020-03-18,141.75,142.8800048828125,138.5,140.6999969482422,21953400,-0.02012310684271081,0.29910425351786407,140.9071994781494
2020-03-19,139.0800018310547,140.5,137.85000610351562,138.0399932861328,20828900,-0.019086492837834465,0.30193079883539087,140.97164943695068
2020-03-20,140.7100067138672,141.1699981689453,139.13999938964844,140.11000061035156,20056000,0.014884383146683595,0.3080677564538982,141.04484943389892
2020-03-23,142.67999267578125,146.92999267578125,142.27999877929688,146.3000030517578,28275200,0.043231496146295734,0.343555780792169,141.14694946289063
2020-03-24,153.5,155.66000366210938,152.0500030517578,153.39999389648438,20743500,0.047389520259250466,0.38341600942863785,141.2809994506836
2020-03-25,152.5800018310547,152.8800048828125,151.00999450683594,151.3000030517578,16457200,-0.013784208180364264,0.3812886347108073,141.4108494567871
2020-03-26,153.30999755859375,154.80999755859375,152.0800018310547,153.24000549316406,12778200,0.012740714714697083,0.383766361721794,141.55114948272706
2020-03-27,153.0,153.5500030517578,152.0,152.25,9824600,-0.006481449089244015,0.38437044654613606,141.68324947357178
2020-03-30,152.41000366210938,153.0800018310547,151.57000732421875,152.9199981689453,12080900,0.004390990264267052,0.3606979986678146,141.8148494720459
2020-03-31,151.36000061035156,151.8000030517578,147.97000122070312,148.0500030517578,13319500,-0.032364821693651916,0.37871849210772474,141.92229949951172
2020-04-01,148.1999969482422,150.0800018310547,147.85000610351562,149.4499969482422,11827400,0.009411793149400162,0.36331201025434834,142.03714946746825
2020-04-02,151.1999969482422,152.5,150.6999969482422,151.89999389648438,9188300,0.01626050111056189,0.36833649729125156,142.16104942321778
2020-04-03,152.22999572753906,153.08999633789062,151.66000366210938,152.64999389648438,8469100,0.004925309776577716,0.36023473100228115,142.28484939575196
2020-04-06,154.16000366210938,157.22000122070312,153.9600067138672,156.8800048828125,14739300,0.02733353381543522,0.3738377652023064,142.41369941711426
2020-04-07,155.3300018310547,156.13999938964844,154.3800048828125,156.0399932861328,9195400,-0.005368871400719198,0.3741900214033331,142.53399940490723
2020-04-08,155.91000366210938,155.94000244140625,154.58999633789062,154.64999389648438,7600800,-0.008947881947437637,0.3679286861105553,142.63754936218263
2020-04-09,158.0800018310547,159.0800018310547,157.2100067138672,158.69000244140625,18123000,0.025788169295063085,0.3781994636353512,142.75999938964844
2020-04-13,159.1699981689453,162.3800048828125,158.6300048828125,161.41000366210938,20549200,0.01699510551392902,0.34884134125683103,142.90219940185546
2020-04-14,162.72999572753906,164.4199981689453,161.77999877929688,162.67999267578125,17095100,0.007837301543346824,0.32457670258641913,143.05139938354492
2020-04-15,161.8000030517578,162.5399932861328,160.80999755859375,161.85000610351562,12141900,-0.005115017933585634,0.3209524517205112,143.1946494293213
2020-04-16,161.8800048828125,163.14999389648438,160.64999389648438,161.7100067138672,9233200,-0.0008653689753940822,0.3207897068932943,143.35009948730467
2020-04-17,159.72000122070312,160.07000732421875,158.1199951171875,158.57000732421875,14652700,-0.019608466717140425,0.32027287839963836,143.47589950561525
2020-04-20,158.6199951171875,160.22000122070312,158.4600067138672,159.6999969482422,10688700,0.007100853720992193,0.3073290012622915,143.60624946594237
2020-04-21,157.60000610351562,159.2100067138672,157.0399932861328,158.61000061035156,12478100,-0.006848673348053854,0.30946478627608603,143.7385994720459
2020-04-22,160.5,161.74000549316406,160.4199981689453,161.72999572753906,12902100,0.019479888950845802,0.2831910009107404,143.89079948425294
2020-04-23,162.38999938964844,163.60000610351562,161.83999633789062,163.33999633789062,14928500,0.009905643795524405,0.2383358025394419,144.0487494659424
2020-04-24,163.1300048828125,163.30999755859375,160.88999938964844,162.63999938964844,11199300,-0.004294729942651925,0.23210625963972675,144.19279945373535
2020-04-27,161.8800048828125,162.0,160.41000366210938,161.55999755859375,9033500,-0.00666258998355511,0.23204368225367267,144.33709945678712
2020-04-28,160.88999938964844,160.97999572753906,159.16000366210938,160.83999633789062,10383000,-0.004466516323334757,0.23116238348417684,144.47364944458008
2020-04-29,160.10000610351562,161.85000610351562,159.75999450683594,161.72999572753906,12232300,0.005518192454017435,0.23130452105055505,144.61464942932128
2020-04-30,160.22000122070312,160.82000732421875,158.1300048828125,158.8000030517578,13633500,-0.018282683683788697,0.20844571263595854,144.74664947509766
2020-05-01,158.0,160.4499969482422,157.8000030517578,159.77999877929688,10914300,0.0061522933833428935,0.2075528840691346,144.87264945983887
2020-05-04,160.3300018310547,160.9499969482422,159.91000366210938,160.33999633789062,7986200,0.003498676361159418,0.20205633977408366,144.99194946289063
2020-05-05,160.16000366210938,161.10000610351562,159.3300018310547,161.02000427246094,10563100,0.004232069630406605,0.20196898682897318,145.1246994781494
2020-05-06,158.99000549316406,159.80999755859375,158.10000610351562,158.9499969482422,13352000,-0.012938939248234135,0.1873333717306257,145.2471994781494
2020-05-07,159.5,161.9600067138672,159.36000061035156,161.38999938964844,13691700,0.015234124108560072,0.19255132126217178,145.3856994628906
2020-05-08,161.0800018310547,162.0,160.0,160.4199981689453,12240900,-0.006028427741239837,0.19079279114904907,145.51594947814942
2020-05-11,160.33999633789062,160.7100067138672,158.88999938964844,159.4199981689453,11209800,-0.006253147010599243,0.17119478333647448,145.64594947814942
2020-05-12,160.3000030517578,160.9499969482422,159.72000122070312,160.0399932861328,10406000,0.0038815245238018456,0.16070851998064217,145.77794944763184
2020-05-13,160.94000244140625,161.6199951171875,160.5399932861328,161.5800018310547,10950400,0.009576645345897673,0.1619408656883935,145.91319946289062
2020-05-14,161.52999877929688,163.33999633789062,161.50999450683594,163.00999450683594,17084400,0.008811127536123346,0.16392198304031955,146.05334945678712
2020-05-15,164.02000427246094,164.8000030517578,163.0800018310547,163.92999267578125,13918800,0.005627947839551041,0.1648609304390502,146.20694938659668
2020-05-18,164.3300018310547,164.5,162.41000366210938,162.69000244140625,14133800,-0.007592898231851983,0.15092290657696128,146.33834938049316
2020-05-19,163.60000610351562,164.42999267578125,163.0399932861328,164.25999450683594,8535800,0.009603940342589153,0.15239346769591336,146.4801993560791
2020-05-20,164.5399932861328,164.9600067138672,163.88999938964844,164.64999389648438,10666100,0.0023714668825757603,0.14946950775537188,146.61449935913086
2020-05-21,163.4600067138672,163.5800018310547,161.3699951171875,162.25,11791000,-0.014683616168536867,0.14528736526953895,146.73119934082033
2020-05-22,162.8800048828125,163.47000122070312,162.74000549316406,163.2100067138672,8540900,0.005899400714775776,0.14253562204530237,146.84214935302734
2020-05-26,162.5800018310547,162.5800018310547,160.69000244140625,160.88999938964844,13972000,-0.014316858429627,0.15032236128736332,146.93794937133788
2020-05-27,159.4199981689453,161.33999633789062,159.1999969482422,161.17999267578125,13063500,0.001800809585778032,0.1488128066218961,147.03754936218263
2020-05-28,162.1199951171875,162.4600067138672,160.89999389648438,161.72000122070312,9758500,0.0033447448656947374,0.14839241373392295,147.13299934387206
2020-05-29,162.5800018310547,163.39999389648438,162.32000732421875,162.91000366210938,12581800,0.007331471236597383,0.14933198986023258,147.23864936828613
2020-06-01,162.9199981689453,163.74000549316406,162.38999938964844,163.66000366210938,8140200,0.004593203918142176,0.133569067581715,147.34319938659667
2020-06-02,163.88999938964844,164.0800018310547,161.86000061035156,162.60000610351562,10388900,-0.006497892824854574,0.1351198790786076,147.43769943237305
2020-06-03,160.33999633789062,160.89999389648438,158.82000732421875,159.60000610351562,17000500,-0.01862251139241922,0.1504779595987468,147.52179946899415
2020-06-04,161.13999938964844,161.8699951171875,159.83999633789062,161.27999877929688,10094000,0.010471254055873179,0.15430740899299544,147.62264945983887
2020-06-05,158.72000122070312,158.72000122070312,157.0399932861328,158.00999450683594,16021200,-0.02048368991541374,0.16422092913928943,147.7016493988037
2020-06-08,158.89999389648438,159.86000061035156,158.47000122070312,159.72000122070312,9244400,0.010764002439043798,0.1595631575360078,147.79144943237304
2020-06-09,161.10000610351562,161.77999877929688,160.8699951171875,161.25999450683594,9045600,0.009595645355064148,0.16189874969907056,147.8907494354248
2020-06-10,162.10000610351562,163.6300048828125,160.52000427246094,163.57000732421875,13009300,0.014223142854853236,0.16699574949619736,147.98774948120118
2020-06-11,163.35000610351562,164.05999755859375,161.97000122070312,162.38999938964844,11673900,-0.007240232329265166,0.16919519395056995,148.0787494659424
2020-06-12,163.41000366210938,163.8800048828125,162.55999755859375,162.6199951171875,6895400,0.0014153150353447643,0.16613090589471097,148.16399940490723
2020-06-15,160.52000427246094,162.55999755859375,160.16000366210938,162.3300018310547,8532500,-0.0017848491512042477,0.16332671909253524,148.24984939575197
2020-06-16,161.85000610351562,162.69000244140625,161.36000061035156,162.25,7964000,-0.0004929560183834836,0.1619456883471802,148.34049942016603
2020-06-17,162.0,162.6199951171875,161.77000427246094,162.55999755859375,4758200,0.0019087937874243815,0.1600286903557307,148.434549407959
2020-06-18,162.1999969482422,162.32000732421875,161.44000244140625,162.24000549316406,5397600,-0.0019703951105462295,0.15621923334457963,148.5169994354248
2020-06-19,162.8699951171875,164.08999633789062,162.77999877929688,164.02999877929688,12187400,0.010972576221366465,0.16104012551322341,148.60384941101074
2020-06-22,165.05999755859375,165.72999572753906,164.41000366210938,165.08999633789062,12385600,0.006441427074830093,0.15351849736483467,148.71359939575194
2020-06-23,165.6300048828125,166.52000427246094,165.52000427246094,166.47999572753906,12137300,0.008384398864595731,0.15478927222245825,148.83639938354492
2020-06-24,166.00999450683594,166.99000549316406,165.4499969482422,165.89999389648438,10901400,-0.0034899960158010397,0.14561068054260626,148.9589493560791
2020-06-25,165.88999938964844,165.91000366210938,165.16000366210938,165.8000030517578,7093800,-0.0006028992986150158,0.1457778184870124,149.08704940795897
2020-06-26,164.8699951171875,166.55999755859375,164.22000122070312,166.5399932861328,9753500,0.0044532193863769335,0.14601971186120413,149.21459938049315
2020-06-29,166.55999755859375,166.8000030517578,166.17999267578125,166.6300048828125,6735700,0.0005403343600226875,0.14442938142724443,149.34114936828612
2020-06-30,166.30999755859375,167.99000549316406,166.19000244140625,167.3699951171875,12762300,0.004431086497931087,0.14438070868583472,149.47724937438966
2020-07-01,167.0500030517578,167.05999755859375,165.33999633789062,166.6199951171875,13214800,-0.004491160110102202,0.14321849578609666,149.60374931335448
2020-07-02,166.1999969482422,167.24000549316406,166.02000427246094,166.97999572753906,8753500,0.0021582779375089872,0.12382426657109724,149.7306492614746
2020-07-06,167.75,168.0,167.19000244140625,167.97999572753906,7265700,0.005970880083946397,0.12096308765157401,149.86699920654297
2020-07-07,167.41000366210938,169.0399932861328,167.3800048828125,169.0399932861328,11633100,0.0062904343270385864,0.09003367800011076,150.00579917907714
2020-07-08,170.32000732421875,170.86000061035156,169.77999877929688,170.08999633789062,11662700,0.006192353605402356,0.0865272653827349,150.14149917602538
2020-07-09,170.47999572753906,170.63999938964844,168.77999877929688,169.6300048828125,13327400,-0.002708063902871328,0.08518886831964419,150.27089920043946
2020-07-10,169.9499969482422,170.14999389648438,168.57000732421875,169.19000244140625,8218000,-0.0025972650920347735,0.07513189449820105,150.3942992401123
2020-07-13,170.2899932861328,170.4199981689453,169.16000366210938,169.39999389648438,11095900,0.0012403879870823364,0.06794665041349007,150.53214920043945
2020-07-14,168.97000122070312,170.1999969482422,168.80999755859375,170.19000244140625,9812700,0.004652728164010819,0.0685113109545116,150.67414924621582
2020-07-15,169.6199951171875,170.42999267578125,169.38999938964844,170.33999633789062,7533800,0.0008809438623464781,0.0671835135059812,150.8205492401123
2020-07-16,169.8000030517578,170.0,168.64999389648438,168.72999572753906,10242400,-0.009496639325154646,0.07822189248880035,150.96984924316405
2020-07-17,169.94000244140625,170.27000427246094,169.61000061035156,170.1199951171875,10296000,0.008204262794308569,0.08124798056794924,151.12229919433594
2020-07-20,170.75999450683594,171.07000732421875,170.27000427246094,170.94000244140625,10095500,0.004808590336846309,0.08028888270805642,151.2706992340088
2020-07-21,172.52999877929688,173.25,172.30999755859375,173.0,12826100,0.011978962477666387,0.08169241005339033,151.42619926452636
2020-07-22,174.0500030517578,175.77000427246094,173.75999450683594,175.6300048828125,18712500,0.015087942737564556,0.09177091726832177,151.594849319458
2020-07-23,176.1699981689453,178.41000366210938,175.64999389648438,177.17999267578125,23006800,0.008786586410813348,0.09208121512404314,151.7772992706299
2020-07-24,179.13999938964844,179.16000366210938,178.1999969482422,178.6999969482422,15601300,0.008542281441677423,0.09087707311435944,151.96119926452636
2020-07-27,181.85000610351562,182.8300018310547,181.52999877929688,182.22999572753906,21115600,0.019561196964697856,0.10503801269793127,152.1620992279053
2020-07-28,182.02000427246094,184.25999450683594,181.4199981689453,183.75,21164600,0.008306536040413818,0.10586159205557125,152.3767992401123
2020-07-29,184.00999450683594,186.13999938964844,182.38999938964844,185.1300048828125,25640100,0.007482169283186,0.1051678229538408,152.60229927062989
2020-07-30,183.44000244140625,184.3300018310547,182.1300048828125,183.75999450683594,18061200,-0.007427778888433271,0.11367453251494845,152.81814926147462
2020-07-31,184.50999450683594,185.75,184.1699981689453,185.42999267578125,15876700,0.00904688435302792,0.10986954454643261,153.04724922180176
2020-08-03,185.0500030517578,185.82000732421875,184.1999969482422,185.63999938964844,12897000,0.0011318982444248418,0.11027182264126893,153.27339920043946
2020-08-04,185.61000061035156,189.60000610351562,185.2100067138672,189.58999633789062,20773200,0.021054515412853636,0.12345921314991365,153.51829917907716
2020-08-05,191.64999389648438,193.1300048828125,190.6199951171875,191.35000610351562,27078100,0.009240417270834574,0.1240396298071605,153.7727491760254
2020-08-06,193.74000549316406,194.4499969482422,192.52000427246094,193.88999938964844,20640100,0.013186741026147062,0.12658530196032958,154.04324920654298
2020-08-07,192.7100067138672,192.9600067138672,189.3300018310547,190.80999755859375,24570200,-0.016012829047696152,0.14541981627737147,154.29629920959474
2020-08-10,191.1999969482422,192.61000061035156,189.66000366210938,190.14999389648438,19047200,-0.0034649534714480275,0.14606593660077752,154.54439918518065
2020-08-11,183.57000732421875,183.97999572753906,179.42999267578125,179.94000244140625,45355000,-0.0551897267189793,0.2563050855917885,154.73644920349122
2020-08-12,182.61000061035156,183.10000610351562,179.0399932861328,179.10000610351562,28660500,-0.004679132411383586,0.2575249208707593,154.92264923095703
2020-08-13,181.55999755859375,184.6999969482422,181.36000061035156,183.3300018310547,18596800,0.023343474417206588,0.26738931643502234,155.13609924316407
2020-08-14,183.44000244140625,183.72000122070312,181.49000549316406,182.5399932861328,11792000,-0.004318527254207777,0.2648073698670542,155.34754920959472
2020-08-17,184.69000244140625,187.00999450683594,184.66000366210938,186.5,15709800,0.02146194877539166,0.2715171441661796,155.5749491882324
2020-08-18,189.17999267578125,189.39999389648438,185.6300048828125,188.17999267578125,16291600,0.008967673573403242,0.2719822032225247,155.80369918823243
2020-08-19,187.2100067138672,187.4600067138672,181.7100067138672,182.24000549316406,24646900,-0.03207438281593019,0.29840210326985805,156.00209922790526
2020-08-20,181.19000244140625,183.7100067138672,180.92999267578125,183.5,16692200,0.006890137653281628,0.2953729717216757,156.20884925842284
2020-08-21,182.13999938964844,182.80999755859375,180.47000122070312,182.02999877929688,12713700,-0.008043165542872153,0.2963155131227645,156.41974922180177
2020-08-24,182.91000366210938,182.92999267578125,180.69000244140625,181.0,11605800,-0.005674470685927035,0.29602130698176676,156.62249923706054
2020-08-25,181.05999755859375,181.25,179.72999572753906,181.22000122070312,10056100,0.0012147382641175607,0.287933209107971,156.83724922180176
2020-08-26,180.25999450683594,183.5800018310547,180.1999969482422,183.36000061035156,12715800,0.011739667325137685,0.28946244267457744,157.06709922790526
2020-08-27,185.0,185.1699981689453,179.3699951171875,181.24000549316406,16299200,-0.011629286747359606,0.29072198681164224,157.28799926757813
2020-08-28,183.97999572753906,185.39999389648438,183.39999389648438,184.38999938964844,13200800,0.01723092629924,0.29635901328724823,157.52279930114747
2020-08-31,184.7899932861328,185.52999877929688,184.27999877929688,184.8300018310547,10251200,0.00238341719432408,0.2947366729668264,157.75704933166503
2020-09-01,186.99000549316406,186.99000549316406,184.3300018310547,185.0500030517578,10662100,0.001189581722410416,0.2947399124842137,157.98949935913086
2020-09-02,183.75,183.86000061035156,181.5,182.6199951171875,11536900,-0.013218610873058246,0.2874926789548919,158.21154930114747
2020-09-03,182.3000030517578,182.82000732421875,180.49000549316406,181.13999938964844,12148100,-0.008137254873336977,0.28539134207900924,158.42414932250978
2020-09-04,180.9499969482422,182.10000610351562,180.0500030517578,181.63999938964844,11567900,0.0027564932922231992,0.2803593181728085,158.63889930725097
2020-09-08,179.5,182.27000427246094,179.02000427246094,181.2899932861328,13229200,-0.0019287808618004912,0.27640812778754237,158.85154930114746
2020-09-09,182.5,183.22000122070312,182.19000244140625,183.0500030517578,8424100,0.009661434230238847,0.279515826268636,159.07679931640624
2020-09-10,184.22999572753906,184.67999267578125,182.27999877929688,182.4600067138672,9143600,-0.0032283485242562797,0.20158077276629197,159.30039932250978
2020-09-11,183.13999938964844,183.5500030517578,182.00999450683594,182.4499969482422,7662300,-5.4861557792618405e-05,0.20067130582021092,159.5272492980957
2020-09-14,183.57000732421875,184.3000030517578,183.38999938964844,183.88999938964844,9709500,0.00786160327773618,0.18542444462994423,159.75799926757813
2020-09-15,184.4600067138672,184.6699981689453,182.9199981689453,183.4499969482422,7993700,-0.0023956152677241513,0.18496024850400214,159.99019927978514
2020-09-16,184.97999572753906,185.00999450683594,183.3300018310547,183.97000122070312,12702400,0.0028305733071044767,0.16855384504940804,160.22074928283692
2020-09-17,181.9199981689453,183.08999633789062,181.47999572753906,182.9600067138672,8836200,-0.005505121062685115,0.1655780409319353,160.4465993499756
2020-09-18,183.07000732421875,184.08999633789062,182.63999938964844,183.1999969482422,9959700,0.001310849171618332,0.12220289407062748,160.66704933166503
2020-09-21,179.83999633789062,180.2899932861328,176.75,179.52000427246094,17436100,-0.020291789448272826,0.13875002292228258,160.8700493621826
2020-09-22,179.6300048828125,180.02000427246094,178.11000061035156,178.64999389648438,7977900,-0.004858095828927072,0.13715517102547825,161.06829933166503
2020-09-23,176.97999572753906,177.25999450683594,174.10000610351562,174.7899932861328,18134000,-0.021843335368817322,0.15458705679433168,161.25414932250976
2020-09-24,174.36000061035156,176.24000549316406,173.77000427246094,175.44000244140625,11759200,0.0037119030895910897,0.15541250434879944,161.44344932556152
2020-09-25,174.41000366210938,175.3000030517578,173.88999938964844,174.94000244140625,6779200,-0.0028540460781505306,0.14772848547210615,161.62829933166503
2020-09-28,175.8300018310547,176.80999755859375,175.08999633789062,176.6999969482422,7109700,0.010010290107421884,0.14940548360202102,161.81719932556152
2020-09-29,177.19000244140625,178.3300018310547,176.9499969482422,178.19000244140625,8718500,0.008397048385655496,0.13839682411457124,162.01599937438965
2020-09-30,177.7100067138672,178.61000061035156,176.66000366210938,177.1199951171875,8371800,-0.006022969047958764,0.1383898788683429,162.2063493347168
2020-10-01,178.7100067138672,179.5,178.0399932861328,178.6999969482422,10402800,0.008880963695329078,0.14312750238561536,162.40464935302734
2020-10-02,178.69000244140625,179.2899932861328,178.16000366210938,178.5399932861328,7488500,-0.0008957769408936138,0.13681814039129747,162.60229934692381
2020-10-05,179.02000427246094,180.13999938964844,178.89999389648438,179.41000366210938,6969600,0.004861081696310086,0.13577074549417972,162.80424934387207
2020-10-06,180.16000366210938,180.3699951171875,177.0500030517578,177.3000030517578,8632800,-0.011830479550692698,0.14073310874500422,162.9938493347168
2020-10-07,177.08999633789062,177.4199981689453,176.42999267578125,177.22000122070312,6410900,-0.00045132478533539146,0.14072336790251513,163.182349319458
2020-10-08,178.17999267578125,178.4499969482422,176.6699981689453,177.85000610351562,6530800,0.0035486272055745486,0.13636947026918,163.37184936523437
2020-10-09,180.1300048828125,181.1699981689453,179.92999267578125,181.0800018310547,15979800,0.017998399966815504,0.151692839381057,163.57089935302736
2020-10-12,180.57000732421875,180.8300018310547,180.19000244140625,180.55999755859375,4843000,-0.002875813691634357,0.15193554723152097,163.76179931640624
2020-10-13,178.55999755859375,178.60000610351562,177.10000610351562,177.72000122070312,8384300,-0.01585383405158326,0.15760333900442697,163.9387493133545
2020-10-14,179.08999633789062,179.58999633789062,178.27000427246094,178.27000427246094,9076600,0.0030899939936110464,0.1584089971047289,164.11694931030274
2020-10-15,177.7100067138672,179.14999389648438,177.58999633789062,178.9199981689453,6815400,0.003639489400711449,0.15870339143629322,164.29704933166505
2020-10-16,179.22000122070312,179.32000732421875,178.1300048828125,178.3000030517578,7260700,-0.0034712263457632483,0.1581840082457087,164.4687993621826
2020-10-19,179.41000366210938,179.47999572753906,178.3699951171875,178.38999938964844,6084400,0.0005046193567768562,0.1580455222824822,164.6314493560791
2020-10-20,178.5399932861328,179.6699981689453,178.0800018310547,179.25,7121400,0.004809318137998378,0.14319588559506072,164.79074935913087
2020-10-21,180.47000122070312,181.30999755859375,180.22999572753906,180.60000610351562,7548100,0.00750319529892231,0.14438728457273206,164.95389938354492
2020-10-22,178.8800048828125,179.02999877929688,177.72000122070312,178.8300018310547,8377000,-0.009849030639627157,0.12575970919716448,165.11374938964843
2020-10-23,179.08999633789062,179.1999969482422,177.75999450683594,178.63999938964844,5919300,-0.0010630400237792174,0.12559215286020803,165.27679939270018
2020-10-26,178.75,179.13999938964844,178.22000122070312,178.5500030517578,5105100,-0.0005039129828936211,0.1249786558894766,165.43499938964842
2020-10-27,178.7100067138672,179.42999267578125,178.50999450683594,179.02000427246094,5826900,0.002628864176270774,0.12079892644378891,165.60099937438966
2020-10-28,176.4499969482422,176.85000610351562,175.44000244140625,176.1300048828125,11734100,-0.01627516884164325,0.13062318118150437,165.7531993865967
2020-10-29,175.02000427246094,176.13999938964844,174.8300018310547,175.39999389648438,8474500,-0.004153341326592121,0.12979476013124905,165.89749938964843
2020-10-30,177.17999267578125,177.36000061035156,175.9499969482422,176.1999969482422,7303000,0.004550651041840146,0.12669595713759224,166.04694938659668
2020-11-02,177.4499969482422,177.92999267578125,177.1300048828125,177.91000366210938,6498400,0.00965812884851217,0.1316384227593907,166.20359939575195
2020-11-03,178.9499969482422,179.38999938964844,178.3000030517578,178.9199981689453,7577200,0.0056609432999779495,0.1320519858506371,166.36449935913086
2020-11-04,178.92999267578125,179.19000244140625,177.66000366210938,178.82000732421875,11117300,-0.0005590140649358909,0.1250557072640682,166.5246494293213
2020-11-05,181.0,183.2899932861328,180.97000122070312,182.92999267578125,16102800,0.022723771699055755,0.1469114361741238,166.70369941711425
2020-11-06,183.39999389648438,183.52999877929688,182.19000244140625,183.19000244140625,10378300,0.0014203529597109255,0.14672420433059274,166.8797494506836
2020-11-09,176.4199981689453,176.4499969482422,173.63999938964844,175.0800018310547,29800700,-0.045280856143465276,0.20766477470584863,167.01019943237304
2020-11-10,176.75,176.91000366210938,175.66000366210938,175.66000366210938,11728500,0.0033073065556014952,0.20829150619708425,167.15019943237306
2020-11-11,174.6999969482422,175.27999877929688,174.44000244140625,174.89999389648438,9008500,-0.00433598220930235,0.2018810916176668,167.28239936828612
2020-11-12,176.0399932861328,176.77000427246094,175.83999633789062,175.9600067138672,7167900,0.006042387508780373,0.2028475763585041,167.41984939575195
2020-11-13,177.64999389648438,177.8000030517578,176.83999633789062,177.16000366210938,6469800,0.006796565090032186,0.20397477278637083,167.55899940490724
2020-11-16,177.22999572753906,177.91000366210938,176.8699951171875,177.14999389648438,8358500,-5.650286865533134e-05,0.20368465021295531,167.7029493713379
2020-11-17,177.25,177.44000244140625,176.08999633789062,176.5,8229100,-0.0036759204841880807,0.2039890604761597,167.85329940795899
2020-11-18,176.25999450683594,176.86000061035156,175.35000610351562,175.49000549316406,7384700,-0.005738783845972931,0.20379766917442022,167.99769943237305
2020-11-19,174.3000030517578,175.22000122070312,174.1699981689453,175.16000366210938,6965100,-0.0018822296869570197,0.20143774479622809,168.13649948120118
2020-11-20,176.1199951171875,176.3800048828125,175.5800018310547,175.69000244140625,6379400,0.003021229432643738,0.1996068835968848,168.27599952697753
2020-11-23,175.10000610351562,175.24000549316406,171.77999877929688,172.22999572753906,15510600,-0.019890324232127853,0.21023949203639838,168.3962995147705
2020-11-24,169.3000030517578,169.69000244140625,168.86000061035156,169.58999633789062,19504000,-0.015447030279527764,0.21544071832272593,168.5059494781494
2020-11-25,169.97999572753906,170.52000427246094,169.24000549316406,169.50999450683594,10286600,-0.0004718480371509017,0.21478615883242225,168.61579948425293
2020-11-27,166.89999389648438,167.8300018310547,166.77999877929688,167.7899932861328,10569100,-0.010198732236165305,0.210907657074219,168.71284942626954
2020-11-30,166.67999267578125,167.42999267578125,166.02999877929688,166.6699981689453,13210000,-0.006697358920117144,0.2113714306386179,168.80119941711425
2020-12-01,169.75999450683594,170.47999572753906,169.3000030517578,170.17999267578125,13533300,0.02084085881536413,0.2252297409302085,168.89754936218262
2020-12-02,170.57000732421875,171.75999450683594,170.14999389648438,171.4600067138672,9199700,0.007493385024315116,0.22398102610871495,168.9958994293213
2020-12-03,172.63999938964844,172.85000610351562,171.0800018310547,172.80999755859375,10457300,0.007842668530553789,0.22501674244773218,169.09789939880372
2020-12-04,172.77999877929688,173.32000732421875,171.58999633789062,172.32000732421875,10098600,-0.00283945502654119,0.22501551199531117,169.1859994506836
2020-12-07,172.55999755859375,175.2899932861328,172.50999450683594,174.88999938964844,10555100,0.014803945459514797,0.21563295328371707,169.27999946594238
2020-12-08,175.50999450683594,175.92999267578125,174.72000122070312,175.5,6348400,0.003481841534737405,0.2161794199465294,169.39099945068358
2020-12-09,173.9199981689453,174.0399932861328,171.24000549316406,172.5,10743200,-0.017241806434506103,0.16005002507976837,169.48364944458007
2020-12-10,172.89999389648438,173.5800018310547,171.6999969482422,172.1699981689453,6564000,-0.0019148863181888906,0.15942080774134504,169.5744994354248
2020-12-11,172.25,173.32000732421875,172.11000061035156,172.49000549316406,6084800,0.001856945469586849,0.1592095365906234,169.69504943847656
2020-12-14,171.91000366210938,172.52000427246094,170.91000366210938,171.5399932861328,7644400,-0.005522859199322822,0.1581112100686501,169.80674942016603
2020-12-15,173.42999267578125,173.97999572753906,173.05999755859375,173.94000244140625,6840500,0.013893989774039692,0.16442599873011937,169.9069994354248
2020-12-16,174.1300048828125,175.02000427246094,173.02000427246094,174.89999389648438,8174700,0.005503920929853093,0.16589576383819946,170.01069938659668
2020-12-17,177.14999389648438,177.8699951171875,176.5800018310547,176.74000549316406,9475800,0.01046541004295572,0.16978836114121598,170.10694938659668
2020-12-18,176.64999389648438,176.97999572753906,176.10000610351562,176.44000244140625,6789900,-0.0016988680965652808,0.1686211996510361,170.20139938354492
2020-12-21,176.2899932861328,176.94000244140625,175.75999450683594,175.8800048828125,8168900,-0.0031789169989821435,0.1688881023792393,170.291749420166
2020-12-22,176.1999969482422,176.33999633789062,174.33999633789062,174.49000549316406,9442400,-0.007934507183398202,0.17083133275272036,170.39179946899415
2020-12-23,175.10000610351562,176.2100067138672,175.05999755859375,175.64999389648438,6542800,0.006625879072275585,0.1566775386269525,170.50039947509765
2020-12-24,175.5500030517578,176.3699951171875,175.50999450683594,176.35000610351562,3695400,0.003977347328631379,0.14510677096447142,170.64319953918456
2020-12-28,177.25999450683594,177.91000366210938,175.6300048828125,175.7100067138672,7778700,-0.003635744312567208,0.1461578559889931,170.80534957885743
2020-12-29,176.25,176.97000122070312,175.57000732421875,176.35000610351562,5983700,0.003635744312567162,0.13966706075144014,170.97889961242674
2020-12-30,176.44000244140625,177.72000122070312,176.44000244140625,177.6999969482422,5914000,0.007626026694655132,0.1367338934597484,171.149599609375
2020-12-31,178.07000732421875,178.39999389648438,177.32000732421875,178.36000061035156,7540800,0.0037072651943418997,0.12057369448270842,171.33789962768554
2021-01-04,181.97000122070312,182.39999389648438,180.9600067138672,182.3300018310547,14331400,0.02201425891234798,0.13781237346198172,171.55934967041014
2021-01-05,182.8699951171875,183.2100067138672,181.82000732421875,182.8699951171875,12718800,0.0029572490918935946,0.1366509590311733,171.77314964294433
2021-01-06,181.49000549316406,181.5800018310547,178.24000549316406,179.89999389648438,18453500,-0.016374384156319522,0.15086189351771023,171.94114959716796
2021-01-07,179.69000244140625,179.9199981689453,178.83999633789062,179.47999572753906,7110200,-0.0023373497260989994,0.14413865649273075,172.07154960632323
2021-01-08,176.8300018310547,176.99000549316406,171.47999572753906,173.33999633789062,24399900,-0.03480879472366203,0.19026478347250608,172.18174957275392
2021-01-11,172.13999938964844,173.67999267578125,172.02999877929688,173.0,8571400,-0.001963368081678198,0.18052845971862097,172.2805495452881
2021-01-12,173.1300048828125,174.17999267578125,172.32000732421875,174.1199951171875,9798500,0.006453094143516468,0.18165335115567455,172.38989952087402
2021-01-13,173.67999267578125,174.4600067138672,173.0500030517578,173.3699951171875,14110300,-0.004316677807613859,0.1823453973639688,172.49214950561523
2021-01-14,173.44000244140625,174.22000122070312,172.66000366210938,173.27999877929688,13522700,-0.0005192346256867747,0.1811721278474554,172.61829948425293
2021-01-15,172.83999633789062,173.07000732421875,170.97999572753906,171.1300048828125,16172500,-0.012485246085867416,0.17960250382024304,172.7266995239258
2021-01-19,172.7100067138672,172.85000610351562,171.9199981689453,172.5800018310547,7485700,0.008437377567923208,0.1811753863363108,172.83009956359862
2021-01-20,174.3699951171875,175.47000122070312,173.82000732421875,175.38999938964844,9456000,0.016151154600027997,0.18655576629313578,172.94379959106445
2021-01-21,175.11000061035156,175.50999450683594,174.50999450683594,175.27999877929688,7246800,-0.0006273739671711188,0.18649616070061786,173.03579956054688
2021-01-22,172.88999938964844,174.2899932861328,172.35000610351562,173.89999389648438,7269600,-0.007904302060517928,0.18812206173516693,173.12509956359864
2021-01-25,174.82000732421875,174.9600067138672,173.19000244140625,174.0500030517578,5936800,0.0008622455288576803,0.18622327786969378,173.222099609375
2021-01-26,173.97999572753906,174.25999450683594,173.4199981689453,173.6199951171875,4685600,-0.002473656951145883,0.18473166756473589,173.2967495727539
2021-01-27,172.92999267578125,173.52000427246094,171.66000366210938,172.52000427246094,9036500,-0.006355778295441206,0.18500608400159382,173.35229957580566
2021-01-28,174.27999877929688,174.72999572753906,172.0399932861328,172.67999267578125,9392400,0.000926931727635592,0.1848763190901701,173.40229957580567
2021-01-29,174.8699951171875,175.16000366210938,172.61000061035156,172.61000061035156,11252800,-0.0004054103376829626,0.1841755051609796,173.45609954833984
2021-02-01,175.02000427246094,175.25999450683594,174.05999755859375,174.22999572753906,9105500,0.00934152297824149,0.1852828562654061,173.5186994934082
2021-02-02,172.49000549316406,172.52999877929688,171.50999450683594,172.11000061035156,7221700,-0.012242430084677477,0.18845407333205383,173.58639945983887
2021-02-03,172.36000061035156,172.58999633789062,171.5,171.85000610351562,4658100,-0.0015117720158050482,0.16762556251547228,173.64714950561523
2021-02-04,168.2899932861328,168.39999389648438,167.33999633789062,168.14999389648438,13736600,-0.021765636924135134,0.17842187502842916,173.6948494720459
2021-02-05,168.99000549316406,170.17999267578125,168.6699981689453,169.80999755859375,6538500,0.009823748692690917,0.17860136242884103,173.73524948120118
2021-02-08,171.97999572753906,172.39999389648438,171.49000549316406,171.52000427246094,6887500,0.01001975221091292,0.18400785439115586,173.77614952087401
2021-02-09,172.57000732421875,173.02999877929688,171.75,172.0800018310547,5131800,0.0032595928083516256,0.14116919092806934,173.82334953308106
2021-02-10,173.14999389648438,173.22000122070312,172.00999450683594,172.7100067138672,6112800,0.003654430629279855,0.14169928244441735,173.87909957885742
2021-02-11,172.6999969482422,172.8699951171875,170.7100067138672,171.2100067138672,5994500,-0.008723013798522866,0.1426323848223007,173.9309496307373
2021-02-12,170.2899932861328,171.64999389648438,169.8800048828125,170.69000244140625,6018900,-0.003041852351548402,0.1423046247875668,173.97574966430665
2021-02-16,168.13999938964844,170.07000732421875,167.72999572753906,168.24000549316406,14761100,-0.014457496034195686,0.1500123787143964,174.02294967651366
2021-02-17,166.9199981689453,167.33999633789062,165.85000610351562,166.3300018310547,11400700,-0.011417786234196115,0.14906154624017434,174.05569969177247
2021-02-18,166.97999572753906,167.3000030517578,165.72999572753906,166.32000732421875,7498200,-6.0090224343136566e-05,0.14487573702015286,174.0855997467041
2021-02-19,166.75999450683594,167.94000244140625,166.60000610351562,167.00999450683594,8273500,0.004139970385631239,0.13152568062410452,174.11554969787596
2021-02-22,168.5399932861328,169.88999938964844,168.3000030517578,169.50999450683594,10072000,0.014858231751961605,0.1443662302342502,174.16834968566894
2021-02-23,169.47999572753906,169.74000549316406,168.27999877929688,169.1199951171875,8616800,-0.0023033964742125187,0.1425741499894116,174.20699966430664
2021-02-24,167.64999389648438,169.13999938964844,167.14999389648438,169.0,8890600,-0.0007097783269727351,0.14237382891087777,174.24989967346193
2021-02-25,166.9199981689453,167.66000366210938,165.4499969482422,165.82000732421875,16359400,-0.018995808065307287,0.15489428669555108,174.28189971923828
2021-02-26,165.0,165.10000610351562,160.9499969482422,161.80999755859375,23730400,-0.024480114534154506,0.17273479348046847,174.29074974060057
2021-03-01,163.02999877929688,163.35000610351562,161.16000366210938,161.52999877929688,13828300,-0.0017319159550744983,0.17220786106471808,174.2904997253418
2021-03-02,161.92999267578125,162.92999267578125,161.22000122070312,162.41000366210938,11424600,0.005433148366520264,0.17456410636906136,174.28749977111818
2021-03-03,160.61000061035156,161.69000244140625,159.49000549316406,160.6199951171875,13059900,-0.011082728374520621,0.17081440901431288,174.2709497833252
2021-03-04,160.60000610351562,161.4600067138672,158.42999267578125,159.0399932861328,13870100,-0.00988559566723337,0.16954982970803825,174.25269973754882
2021-03-05,159.66000366210938,159.82000732421875,158.5500030517578,159.13999938964844,12821600,0.0006286134207733884,0.17006889939905814,174.2270997619629
2021-03-08,158.5800018310547,158.74000549316406,157.1300048828125,157.49000549316406,12134900,-0.010422315048141234,0.1590334915903142,174.1912998199463
2021-03-09,160.75,161.25,160.4199981689453,160.83999633789062,10382600,0.02104806019448947,0.17454025987004754,174.18424980163573
2021-03-10,161.05999755859375,161.77999877929688,160.66000366210938,161.66000366210938,7962000,0.005085327698430273,0.17084848182205645,174.17649978637695
2021-03-11,161.47000122070312,161.97999572753906,161.1199951171875,161.52000427246094,6749200,-0.0008663865026826478,0.16959198436402356,174.179649810791
2021-03-12,159.5399932861328,161.69000244140625,159.35000610351562,161.49000549316406,8608500,-0.00018574519969141986,0.16820498252357158,174.18119987487793
2021-03-15,162.30999755859375,162.5500030517578,161.42999267578125,162.1999969482422,8104500,0.004386867610048303,0.1689089992366919,174.18359985351563
2021-03-16,162.36000061035156,163.1999969482422,161.80999755859375,162.35000610351562,7547400,0.0009244132771239594,0.16932895706811335,174.18079986572266
2021-03-17,162.27000427246094,164.14999389648438,161.47999572753906,163.50999450683594,12626700,0.0071195808075622735,0.1664183224307554,174.18004981994628
2021-03-18,161.14999389648438,162.82000732421875,161.11000061035156,162.55999755859375,8711100,-0.0058269675795917875,0.16325695044432093,174.17984977722168
2021-03-19,162.55999755859375,163.42999267578125,162.42999267578125,163.24000549316406,6868900,0.004174394816826358,0.16425008073123615,174.19804977416993
2021-03-22,162.27000427246094,163.1300048828125,162.16000366210938,163.0,5240000,-0.0014713433816878438,0.16323190004885083,174.20664978027344
2021-03-23,162.4499969482422,162.49000549316406,161.58999633789062,161.80999755859375,6048300,-0.007327408483150656,0.1536136289375974,174.22564979553223
2021-03-24,162.2100067138672,162.88999938964844,161.94000244140625,162.3699951171875,6183700,0.003454859203276189,0.15486132852591245,174.23889976501465
2021-03-25,163.05999755859375,163.5800018310547,161.32000732421875,161.77999877929688,8398600,-0.0036402714825327686,0.15490082899808796,174.24149978637695
2021-03-26,161.7100067138672,162.72999572753906,161.64999389648438,162.24000549316406,6153900,0.002839374216722469,0.14285382114532946,174.23484977722168
2021-03-29,161.4600067138672,161.52000427246094,159.8300018310547,160.30999755859375,8409300,-0.011967328788777756,0.12204366217097277,174.2244497680664
2021-03-30,157.94000244140625,158.1999969482422,157.5500030517578,157.57000732421875,8353200,-0.01723957501602924,0.13521838549388676,174.19919982910156
2021-03-31,158.05999755859375,160.67999267578125,158.0500030517578,159.9600067138672,10623800,0.015053975494509144,0.14490870545463028,174.18734985351563
2021-04-01,161.55999755859375,162.11000061035156,161.27999877929688,161.97999572753906,7105200,0.012549018493591777,0.14673482375304925,174.18599983215333
2021-04-05,161.52000427246094,162.39999389648438,161.36000061035156,161.9199981689453,6163800,-0.00037046965366193687,0.14195389229414396,174.1827998352051
2021-04-06,162.7899932861328,163.52999877929688,162.75,163.22000122070312,6761200,0.007996616729269289,0.14408468619116835,174.18769981384278
2021-04-07,162.82000732421875,163.30999755859375,162.5,162.75999450683594,5436000,-0.0028223021365765604,0.13865988508062077,174.18134979248046
2021-04-08,164.1699981689453,164.77000427246094,164.13999938964844,164.50999450683594,6574500,0.010694635856861524,0.12421855262816496,174.1784497833252
2021-04-09,162.75,163.66000366210938,162.47999572753906,163.27000427246094,6657900,-0.007566026934120144,0.1267760720227863,174.1623998260498
2021-04-12,162.72999572753906,162.8000030517578,161.80999755859375,162.27999877929688,4896700,-0.006082067490100263,0.12874203023210778,174.14429985046388
2021-04-13,163.17999267578125,163.85000610351562,163.02999877929688,163.42999267578125,6995900,0.007061488473290135,0.13088174883686823,174.132449798584
2021-04-14,162.77000427246094,163.0500030517578,162.3000030517578,162.72000122070312,6312300,-0.0043537794872208335,0.1311708813452625,174.11334983825682
2021-04-15,164.07000732421875,165.7899932861328,164.02999877929688,165.35000610351562,8250600,0.0160335365383925,0.14226441510435348,174.10694984436034
2021-04-16,166.24000549316406,166.80999755859375,165.94000244140625,166.35000610351562,10057600,0.0060295628147861114,0.14171029390635054,174.101849899292
2021-04-19,165.91000366210938,166.44000244140625,165.72000122070312,165.88999938964844,5721700,-0.0027691247303623773,0.14029188460371533,174.0981999206543
2021-04-20,165.64999389648438,166.80999755859375,165.6199951171875,166.47999572753906,6532000,0.003550241996940974,0.14012857594436134,174.09569992065428
2021-04-21,167.17999267578125,168.38999938964844,167.14999389648438,168.1300048828125,8380200,0.009862362310853667,0.14314302298256668,174.09644996643067
2021-04-22,167.11000061035156,167.52999877929688,166.49000549316406,167.0399932861328,7680100,-0.00650425423162094,0.14253228128752837,174.08644996643068
2021-04-23,167.3699951171875,167.52999877929688,165.77999877929688,166.39999389648438,7106400,-0.0038387727937765547,0.14351735501221502,174.06799995422364
2021-04-26,166.6300048828125,166.8699951171875,166.0500030517578,166.83999633789062,4786600,0.002640755671589698,0.14251199478915427,174.05404991149902
2021-04-27,166.9199981689453,167.14999389648438,166.27999877929688,166.4199981689453,5363500,-0.0025205449092440876,0.14306987167654017,174.0401998901367
2021-04-28,165.75,166.9600067138672,165.49000549316406,166.91000366210938,6932200,0.002940064461277065,0.1348516748925362,174.02774993896483
2021-04-29,165.5800018310547,166.25999450683594,164.47000122070312,166.22000122070312,9067600,-0.004142547462168167,0.11798066692866126,174.00789993286133
2021-04-30,165.86000061035156,166.0,165.24000549316406,165.66000366210938,6248700,-0.003374702192485256,0.11038827748721143,173.9844999694824
2021-05-03,167.61000061035156,168.42999267578125,167.41000366210938,167.80999755859375,9014700,0.01289485518814097,0.11082347214739942,173.9798999786377
2021-05-04,167.69000244140625,168.5500030517578,165.5,166.5800018310547,10267400,-0.007356686965198023,0.11501819924180771,173.96220001220703
2021-05-05,166.6300048828125,167.30999755859375,166.61000061035156,167.27000427246094,5950000,0.00413361336698124,0.11296607900554699,173.9438500213623
2021-05-06,167.9499969482422,170.2899932861328,167.9199981689453,170.05999755859375,13574100,0.016542002735280385,0.12375084730235934,173.92915000915528
2021-05-07,171.52999877929688,172.5500030517578,171.0,171.58999633789062,14748600,0.00895658735382193,0.12236673138126963,173.90894996643067
2021-05-10,172.74000549316406,172.83999633789062,171.77999877929688,172.11000061035156,8276600,0.0030259218728549953,0.11732355888487667,173.8836000061035
2021-05-11,170.55999755859375,172.1699981689453,170.27000427246094,172.13999938964844,8348200,0.0001742848474817966,0.11348901171822798,173.85080001831054
2021-05-12,171.42999267578125,171.83999633789062,170.35000610351562,170.42999267578125,12666300,-0.009983483413452903,0.12057967751243603,173.79180000305175
2021-05-13,170.35000610351562,171.27000427246094,170.22999572753906,171.1300048828125,8078300,0.004098917859921596,0.1185075513531524,173.72870002746583
2021-05-14,172.0500030517578,172.6999969482422,171.82000732421875,172.69000244140625,9686800,0.009074563611959028,0.11060852194838944,173.66650001525878
2021-05-17,173.3000030517578,175.0,173.27999877929688,174.6999969482422,11956800,0.011572105937362132,0.11470032659983896,173.62120002746582
2021-05-18,175.17999267578125,175.2100067138672,174.4600067138672,175.0399932861328,7294000,0.0019442812059788442,0.11321146237085185,173.56925003051757
2021-05-19,175.13999938964844,177.0,174.35000610351562,175.16000366210938,20741100,0.0006853819629941132,0.11332957315123551,173.51685005187989
2021-05-20,175.32000732421875,176.4600067138672,175.11000061035156,175.9600067138672,9802800,0.004556871795741219,0.11039188931690923,173.44870010375976
2021-05-21,176.5800018310547,176.86000061035156,175.14999389648438,176.0399932861328,7677200,0.00045446916842239933,0.1060507592125876,173.37215003967285
2021-05-24,176.14999389648438,176.58999633789062,175.8699951171875,176.35000610351562,5557300,0.001759487487714246,0.10357967093223724,173.2844500732422
2021-05-25,176.14999389648438,177.9499969482422,176.0399932861328,177.9499969482422,8986900,0.009031903514378268,0.10582444507771048,173.22015007019044
2021-05-26,178.3699951171875,178.61000061035156,177.0399932861328,177.63999938964844,8495400,-0.0017435678186662285,0.10534039155025146,173.15760009765626
2021-05-27,177.38999938964844,177.82000732421875,176.80999755859375,177.7100067138672,7993000,0.0003940189892895408,0.10575957985040572,173.14645011901857
2021-05-28,177.4600067138672,178.42999267578125,177.24000549316406,178.3800048828125,9967000,0.0037630876338542248,0.10254261191440303,173.14285011291503
2021-06-01,178.75999450683594,178.85000610351562,177.19000244140625,177.89999389648438,9143300,-0.0026945732480542135,0.10200526742063809,173.11570007324218
2021-06-02,178.33999633789062,178.77999877929688,177.97000122070312,178.77000427246094,6613100,0.004878526963101577,0.09621344851745994,173.09685012817383
2021-06-03,175.8300018310547,175.8300018310547,174.66000366210938,175.27000427246094,10153900,-0.019772420864664846,0.11979643407230146,173.04070014953612
2021-06-04,176.64999389648438,177.57000732421875,176.61000061035156,177.16000366210938,8375300,0.010725633264657355,0.12311398344392806,172.98560020446777
2021-06-07,176.9600067138672,177.89999389648438,176.6300048828125,177.8699951171875,7709100,0.003999619209610979,0.11260982358702788,172.9637501525879
2021-06-08,177.22999572753906,177.5399932861328,176.3699951171875,177.32000732421875,5905800,-0.003096867753862795,0.11114552680543552,172.93285018920898
2021-06-09,177.3800048828125,177.8000030517578,176.77999877929688,176.97999572753906,6346100,-0.0019193434836643904,0.1116451293791183,172.9076001739502
2021-06-10,176.6999969482422,177.85000610351562,176.47999572753906,177.74000549316406,9896600,0.004285131517665339,0.11201711007781441,172.89130020141602
2021-06-11,176.3300018310547,176.57000732421875,175.47999572753906,175.74000549316406,7836900,-0.011316177890912231,0.1138227903761193,172.8639002227783
2021-06-14,173.16000366210938,175.05999755859375,172.9499969482422,174.7100067138672,7733600,-0.005878166410042197,0.11613312515114324,172.8206502532959
2021-06-15,174.77999877929688,174.9199981689453,173.33999633789062,174.0500030517578,7550200,-0.0037848631237422004,0.11335823519156361,172.78470024108887
2021-06-16,173.91000366210938,174.47000122070312,171.02999877929688,171.11000061035156,16919700,-0.01703600368035545,0.12082162268391924,172.7183002471924
2021-06-17,167.02000427246094,167.6199951171875,165.44000244140625,165.85000610351562,27232200,-0.03122282591641038,0.15920771184614566,172.6234002685547
2021-06-18,166.13999938964844,166.72000122070312,164.8699951171875,164.92999267578125,15744300,-0.005562705142465907,0.15907007168842185,172.5228002166748
2021-06-21,166.52000427246094,167.22000122070312,166.0,166.9499969482422,8371000,0.012173251058176099,0.16560200674289582,172.44445022583008
2021-06-22,166.35000610351562,166.9199981689453,166.00999450683594,166.25,7223900,-0.00420166857422807,0.1653395591409117,172.37000022888185
2021-06-23,166.97000122070312,168.02999877929688,165.97000122070312,166.13999938964844,8474300,-0.0006618767987564016,0.16472373396512766,172.29250022888183
2021-06-24,167.0,167.22999572753906,166.00999450683594,166.0399932861328,6903400,-0.0006021199876096117,0.15926535388962143,172.21625022888185
2021-06-25,167.4499969482422,167.52999877929688,166.2899932861328,166.58999633789062,7473700,0.003306999189259349,0.1608399433062363,172.1339501953125
2021-06-28,166.67999267578125,166.91000366210938,166.36000061035156,166.5800018310547,6508900,-5.999643961855651e-05,0.16072480458772026,172.05455017089844
2021-06-29,164.33999633789062,165.27999877929688,164.00999450683594,164.8300018310547,7451400,-0.010561034647227364,0.16070015271880353,171.9664501953125
2021-06-30,164.57000732421875,166.10000610351562,164.2899932861328,165.6300048828125,7955800,0.004841763592293601,0.16342830834395536,171.87515022277833
2021-07-01,166.64999389648438,166.8800048828125,165.5,166.1999969482422,7430500,0.0034354496150826534,0.16258116632286526,171.78890022277832
2021-07-02,167.35000610351562,167.72000122070312,166.39999389648438,167.2899932861328,7873600,0.0065369291506959725,0.1546983889439669,171.70550018310547
2021-07-06,169.27000427246094,169.64999389648438,167.5399932861328,168.1199951171875,7932100,0.004949187883217545,0.14982555291429578,171.63130012512207
2021-07-07,168.72000122070312,169.22999572753906,168.19000244140625,168.75999450683594,7108900,0.0037995736126820853,0.14971787103134687,171.55910011291505
2021-07-08,169.82000732421875,169.86000061035156,167.91000366210938,168.64999389648438,7244300,-0.0006520293887520076,0.1498352957321622,171.50475006103517
2021-07-09,168.83999633789062,169.6199951171875,168.66000366210938,169.2100067138672,4997400,0.0033150614410246745,0.1511327664774083,171.45755012512208
2021-07-12,168.6999969482422,169.16000366210938,167.63999938964844,169.0,7315400,-0.0012418718351821449,0.1493756402122305,171.4286001586914
2021-07-13,169.50999450683594,169.89999389648438,168.92999267578125,169.22000122070312,7040300,0.0013009357869861221,0.14624917318463582,171.3975001525879
2021-07-14,170.91000366210938,171.0399932861328,170.27999877929688,171.0399932861328,8830300,0.010697757313475486,0.15160003602820407,171.37800010681153
2021-07-15,170.88999938964844,171.3000030517578,170.33999633789062,171.07000732421875,6520100,0.00017546425482688882,0.15130745079671032,171.3498501586914
2021-07-16,170.64999389648438,170.9499969482422,169.27999877929688,169.41000366210938,9460300,-0.009751038308664077,0.14336762560206126,171.30595016479492
2021-07-19,169.50999450683594,169.91000366210938,168.88999938964844,169.61000061035156,6707400,0.001179853512608669,0.08970395454856486,171.26840019226074
2021-07-20,170.50999450683594,170.8000030517578,168.9199981689453,169.38999938964844,6540100,-0.0012979424872485647,0.08690508824840815,171.22185020446778
2021-07-21,168.3300018310547,169.0,168.13999938964844,168.75999450683594,4622600,-0.003726190289074976,0.07885227556709853,171.1729502105713
2021-07-22,168.49000549316406,169.19000244140625,168.05999755859375,169.08999633789062,4793600,0.0019535411866020086,0.07707753858639488,171.1213501739502
2021-07-23,168.5,168.8800048828125,167.9499969482422,168.55999755859375,5831500,-0.003139340880551927,0.0781426927530264,171.0776501464844
2021-07-26,168.5800018310547,168.86000061035156,168.0800018310547,168.16000366210938,5229800,-0.0023758261058627853,0.07875103428705943,171.0323501586914
2021-07-27,168.72999572753906,168.91000366210938,167.92999267578125,168.44000244140625,6300200,0.0016636888817755746,0.0782445039207633,170.98530014038087
2021-07-28,168.25999450683594,169.3800048828125,167.72000122070312,169.2899932861328,7905800,0.0050335632022407,0.07973913751363584,170.92635009765624
2021-07-29,170.6999969482422,171.52000427246094,170.6699981689453,171.1699981689453,8119600,0.011044023020098688,0.0761009987534932,170.879400100708
2021-07-30,170.72000122070312,170.99000549316406,169.3800048828125,169.82000732421875,7391700,-0.007918108309762988,0.08225678706309301,170.8399001312256
2021-08-02,169.3000030517578,170.25,169.10000610351562,169.61000061035156,10783200,-0.0012374082182159806,0.08224202075960976,170.79660011291503
2021-08-03,169.4199981689453,169.8300018310547,169.2100067138672,169.49000549316406,5402300,-0.0007077270423842932,0.07985436154219006,170.74945014953613
2021-08-04,171.27999877929688,171.39999389648438,168.99000549316406,169.52999877929688,9796300,0.00023593466942563418,0.07829020826243364,170.70560012817384
2021-08-05,169.3699951171875,169.44000244140625,168.1999969482422,168.86000061035156,8015000,-0.003959922253451811,0.07865542603664999,170.65795013427734
2021-08-06,165.83999633789062,165.92999267578125,164.5500030517578,164.63999938964844,13547600,-0.025308704477345147,0.11791845203924292,170.5849001312256
2021-08-09,163.00999450683594,163.2899932861328,161.25999450683594,161.72000122070312,11547000,-0.017894816057729707,0.1300719979754223,170.4905001068115
2021-08-10,161.38999938964844,162.11000061035156,160.67999267578125,161.77000427246094,6870800,0.00030914743149373187,0.13032006154177694,170.40520011901856
2021-08-11,163.14999389648438,164.1699981689453,162.67999267578125,164.0,7382400,0.01369082807188368,0.1410024336053537,170.33200012207033
2021-08-12,163.64999389648438,164.10000610351562,162.92999267578125,164.0399932861328,5211700,0.00024383177142714218,0.13409634262877282,170.2594500732422
2021-08-13,165.02000427246094,166.4600067138672,164.88999938964844,166.38999938964844,7466900,0.014224167163591615,0.14531623160045315,170.19630004882814
2021-08-16,166.72999572753906,167.38999938964844,166.58999633789062,167.22000122070312,7776500,0.004975891262677384,0.14349497291082972,170.15175003051758
2021-08-17,167.2899932861328,167.72999572753906,166.55999755859375,166.97000122070312,7107000,-0.001496155150116038,0.1433715204934697,170.10960006713867
2021-08-18,167.24000549316406,167.50999450683594,166.25999450683594,167.10000610351562,7697900,0.0007783092556947036,0.14345137813814607,170.06410011291504
2021-08-19,167.24000549316406,167.2899932861328,166.16000366210938,166.61000061035156,6934300,-0.0029367165231408677,0.14326388387929412,170.00760009765625
2021-08-20,166.8000030517578,167.13999938964844,166.36000061035156,166.6999969482422,7154000,0.0005400158455303154,0.1430286040273884,169.94650009155274
2021-08-23,168.82000732421875,168.91000366210938,167.9600067138672,168.72999572753906,8190500,0.012104007439095057,0.14933173781867176,169.89605003356934
2021-08-24,169.0399932861328,169.27000427246094,168.52000427246094,168.64999389648438,4519200,-0.0004742535717267673,0.1490879296177266,169.82465003967286
2021-08-25,167.8800048828125,167.9199981689453,166.74000549316406,167.47999572753906,5588800,-0.006961609676564189,0.15095847154141917,169.74610000610352
2021-08-26,167.2100067138672,168.2100067138672,166.8300018310547,167.6699981689453,4371900,0.001133835388463418,0.14983171549900304,169.70904998779298
2021-08-27,167.5800018310547,170.19000244140625,166.8699951171875,170.19000244140625,10036400,0.014917723322635659,0.15411811541943102,169.68169998168946
2021-08-30,169.66000366210938,169.83999633789062,169.08999633789062,169.35000610351562,3768600,-0.004947859047149437,0.15259768895786097,169.6539500427246
2021-08-31,169.22999572753906,169.9199981689453,168.75,169.69000244140625,6336000,0.00200564206756742,0.15271516563587736,169.6226000213623
2021-09-01,169.94000244140625,170.0,169.16000366210938,169.6999969482422,4764900,5.88968847449306e-05,0.15269206926954992,169.58529998779298
2021-09-02,169.5,169.6300048828125,168.82000732421875,169.25,4599800,-0.002655242464544409,0.1529780410281822,169.54580001831056
2021-09-03,170.58999633789062,171.5500030517578,170.14999389648438,171.05999755859375,8353300,0.010637446088029513,0.1566255472527127,169.51860000610353
2021-09-07,169.55999755859375,169.77999877929688,167.6300048828125,167.7100067138672,10004600,-0.019778020504279115,0.14589502399441528,169.47970001220702
2021-09-08,168.02000427246094,168.0800018310547,166.6999969482422,167.2899932861328,6576000,-0.002507544166051433,0.12979429142442817,169.44034996032715
2021-09-09,168.1699981689453,168.27999877929688,166.8300018310547,168.02999877929688,6641400,0.004413734414974538,0.13005351758888567,169.4020499420166
2021-09-10,167.80999755859375,168.0800018310547,167.14999389648438,167.17999267578125,7426300,-0.005071495164425335,0.12457874679818495,169.37679992675783
2021-09-13,167.4499969482422,168.22000122070312,167.39999389648438,167.74000549316406,5474300,0.0033441618437189445,0.12483112649771402,169.3675499725342
2021-09-14,168.22000122070312,169.16000366210938,167.47999572753906,168.82000732421875,7922900,0.006417907636002404,0.11715313955747464,169.3641000366211
2021-09-15,168.1300048828125,168.36000061035156,167.4499969482422,167.8300018310547,5624900,-0.005881528710091136,0.11818174215446284,169.3643000793457
2021-09-16,164.3800048828125,164.44000244140625,163.22999572753906,164.02999877929688,11780400,-0.022902242747818987,0.14271013039660677,169.35110008239747
2021-09-17,163.86000061035156,164.32000732421875,163.39999389648438,163.77000427246094,8369700,-0.0015862999324902439,0.14260607127406025,169.31905014038085
2021-09-20,164.2899932861328,165.27999877929688,164.07000732421875,164.94000244140625,7566600,0.007118755657039398,0.14508127813199542,169.28645011901855
2021-09-21,165.80999755859375,166.6300048828125,165.49000549316406,166.0399932861328,7181500,0.00664689654260444,0.14714970157206508,169.25260009765626
2021-09-22,165.88999938964844,167.14999389648438,165.02999877929688,165.4199981689453,9777800,-0.0037409995549623856,0.1405607188900446,169.21810005187987
2021-09-23,164.10000610351562,164.1999969482422,163.27000427246094,163.50999450683594,8451900,-0.011613566243419594,0.14530871764765807,169.1612000274658
2021-09-24,163.0,164.0,162.74000549316406,163.3000030517578,6937500,-0.0012850982867509395,0.1439315360955345,169.10020004272462
2021-09-27,163.85000610351562,164.36000061035156,163.50999450683594,163.63999938964844,4943000,0.0020798706668898187,0.14416223758469146,169.05590003967285
2021-09-28,162.72999572753906,162.82000732421875,161.72999572753906,162.0500030517578,9282800,-0.009763940911599527,0.1345135620700828,169.00530006408692
2021-09-29,162.35000610351562,162.74000549316406,160.97000122070312,161.32000732421875,8360700,-0.0045149330127863515,0.13441588136474578,168.9494500732422
2021-09-30,162.66000366210938,164.9499969482422,162.33999633789062,164.22000122070312,10572900,0.01781698430701417,0.15095841765112353,168.91285011291504
2021-10-01,164.27000427246094,164.9600067138672,163.88999938964844,164.58999633789062,6654700,0.0022505110921036547,0.15144473554993224,168.86610008239745
2021-10-04,163.69000244140625,165.5399932861328,163.47000122070312,165.36000061035156,7651700,0.004667408258473528,0.15283210853626317,168.8184001159668
2021-10-05,163.94000244140625,164.85000610351562,163.49000549316406,164.58999633789062,5617300,-0.004667408258473519,0.14710132282407548,168.75765007019044
2021-10-06,164.22999572753906,165.05999755859375,164.14999389648438,165.02999877929688,6067200,0.002669757352534067,0.13242409448565187,168.7006000518799
2021-10-07,164.02000427246094,164.85000610351562,163.9600067138672,164.16000366210938,4791500,-0.005285683868044846,0.1332313949140353,168.64200004577637
2021-10-08,166.32000732421875,166.4199981689453,164.13999938964844,164.22999572753906,8536100,0.00042627404378714777,0.13193755561569384,168.59069999694825
2021-10-11,164.0399932861328,164.5800018310547,163.91000366210938,163.9199981689453,3820100,-0.0018893655741350408,0.13118573344426404,168.53205001831054
2021-10-12,164.57000732421875,165.44000244140625,164.30999755859375,164.66000366210938,5453000,0.004504271350483098,0.1317232981617529,168.4736000061035
2021-10-13,165.27999877929688,167.9199981689453,165.27999877929688,167.58999633789062,11113800,0.01763773443447277,0.14465737137147594,168.43299995422365
2021-10-14,168.19000244140625,168.22000122070312,167.7100067138672,168.0,5081400,0.0024434808580754102,0.1435151217449723,168.39124992370606
2021-10-15,165.38999938964844,166.08999633789062,165.10000610351562,165.3300018310547,8699200,-0.0160204917648545,0.13109089129724255,168.3293999481201
2021-10-18,165.4199981689453,165.58999633789062,164.80999755859375,164.9199981689453,4029600,-0.002482990902389477,0.13129664803629182,168.2621999359131
2021-10-19,166.5,166.5,165.1999969482422,165.4499969482422,6588500,0.003208519186409284,0.12943591317763978,168.17779991149902
2021-10-20,166.2100067138672,167.11000061035156,165.92999267578125,166.89999389648438,5022000,0.008725778175468667,0.1309428555696936,168.0979499053955
2021-10-21,166.6999969482422,166.94000244140625,166.24000549316406,166.75,4412400,-0.0008991093021597419,0.13022064208550707,168.0321999359131
2021-10-22,168.6699981689453,169.5399932861328,166.6699981689453,167.77000427246094,10703900,0.006098334452755203,0.12396834458139587,167.9736499786377
2021-10-25,168.66000366210938,169.2100067138672,168.52999877929688,168.92999267578125,4881300,0.006890365329616705,0.12511244646236352,167.95159996032714
2021-10-26,167.8800048828125,167.91000366210938,166.6300048828125,167.67999267578125,6658900,-0.007427027125168416,0.12894224557040745,167.92499992370605
2021-10-27,167.72999572753906,168.1999969482422,166.86000061035156,168.1199951171875,5823100,0.0026206236403640355,0.12270674369926939,167.89499992370605
2021-10-28,168.97999572753906,169.25,167.52999877929688,168.0800018310547,7000700,-0.00023791366260843256,0.1208350173959733,167.86854995727538
2021-10-29,166.2899932861328,166.72999572753906,165.63999938964844,166.64999389648438,7531900,-0.008544299301700552,0.11136771104242814,167.83539993286132
2021-11-01,167.3800048828125,167.83999633789062,166.91000366210938,167.52000427246094,4975600,0.005207004497418708,0.11235308567127437,167.81734992980958
2021-11-02,167.42999267578125,167.6300048828125,166.9600067138672,167.16000366210938,3760700,-0.0021513131388870075,0.11190857018847526,167.79024993896485
2021-11-03,165.33999633789062,165.9499969482422,164.3800048828125,165.77000427246094,9055200,-0.0083501482773226,0.11474878483140431,167.7421499633789
2021-11-04,167.50999450683594,168.13999938964844,167.3699951171875,167.64999389648438,6656100,0.011277125295739413,0.12067155151886565,167.70399993896484
2021-11-05,168.4199981689453,169.94000244140625,167.85000610351562,169.83999633789062,9368900,0.012978359326946427,0.1256445544196393,167.6836999511719
2021-11-08,170.42999267578125,170.6999969482422,170.05999755859375,170.4499969482422,4966100,0.003585184846901929,0.1257429552547068,167.6656999206543
2021-11-09,170.72999572753906,171.30999755859375,170.1199951171875,171.2899932861328,5781200,0.004916006634195484,0.12545696446824323,167.65404991149902
2021-11-10,173.6699981689453,174.64999389648438,172.11000061035156,173.14999389648438,11461800,0.010800248284572371,0.12883124873723203,167.65719985961914
2021-11-11,173.97999572753906,174.27000427246094,173.74000549316406,174.1199951171875,5959600,0.005586453042738802,0.11709358605180287,167.66439987182616
2021-11-12,173.50999450683594,174.6699981689453,173.39999389648438,174.4499969482422,7894800,0.0018934614978916627,0.11707219638631539,167.6735998535156
2021-11-15,174.10000610351562,174.58999633789062,173.69000244140625,174.17999267578125,5630800,-0.00154894492430588,0.0986020398695895,167.67334983825683
2021-11-16,173.97000122070312,174.47999572753906,172.86000061035156,172.9199981689453,8667300,-0.007260156004477963,0.10292746064467491,167.6773998260498
2021-11-17,174.24000549316406,174.61000061035156,173.88999938964844,174.5,6523100,0.009095692432078762,0.10559987282356495,167.69064979553224
2021-11-18,173.9600067138672,174.36000061035156,173.52999877929688,173.94000244140625,6252000,-0.0032143154449525086,0.10487933380610781,167.71959983825684
2021-11-19,173.69000244140625,174.10000610351562,172.24000549316406,172.61000061035156,8785600,-0.007675708262916443,0.1097281126442513,167.7335998535156
2021-11-22,169.89999389648438,170.44000244140625,168.4199981689453,168.74000549316406,13091900,-0.02267561664312034,0.1369167890245719,167.71969985961914
2021-11-23,167.27999877929688,167.60000610351562,166.52999877929688,167.27999877929688,8047800,-0.008690053468478977,0.13806392357841388,167.69569984436035
2021-11-24,166.5800018310547,167.44000244140625,166.32000732421875,167.1199951171875,5359500,-0.0009569597921073518,0.13575437563598508,167.66774978637696
2021-11-26,168.60000610351562,168.63999938964844,166.3699951171875,166.85000610351562,9605200,-0.0016168462526691021,0.13545431863220833,167.6459497833252
2021-11-29,166.83999633789062,167.25999450683594,166.3800048828125,166.6199951171875,7394900,-0.0013795005365548109,0.13549895849814597,167.6255997467041
2021-11-30,167.77000427246094,169.00999450683594,165.3699951171875,165.5,12925300,-0.006744546424564762,0.13427644182716933,167.6118997192383
2021-12-01,166.83999633789062,167.47000122070312,166.05999755859375,166.16000366210938,7808600,0.003980006790395922,0.13370501496415613,167.61104972839357
2021-12-02,165.88999938964844,165.94000244140625,164.6300048828125,165.24000549316406,9604100,-0.005552205835401061,0.13478475300911816,167.60564971923827
2021-12-03,165.49000549316406,166.92999267578125,165.0,166.6300048828125,9507900,0.008376819081740972,0.13504281222929246,167.60374977111817
2021-12-06,166.13999938964844,166.8000030517578,165.92999267578125,166.22000122070312,4813600,-0.0024635953850727986,0.12916146793363759,167.5872998046875
2021-12-07,166.1999969482422,167.0800018310547,166.17999267578125,166.80999755859375,4900700,0.0035432060613326127,0.12069859619403674,167.57574981689453
2021-12-08,166.50999450683594,166.9600067138672,166.27999877929688,166.89999389648438,4288900,0.0005393685677794685,0.11974348050183987,167.56524978637697
2021-12-09,166.5399932861328,166.5800018310547,165.64999389648438,165.8800048828125,4913800,-0.006130129283900702,0.11897598890134856,167.5655497741699
2021-12-10,166.72000122070312,166.9199981689453,166.17999267578125,166.5800018310547,6450600,0.004211020685246302,0.11237958587285779,167.58939979553222
2021-12-13,166.89999389648438,167.25999450683594,166.6699981689453,167.0,6610700,0.002518126917516811,0.11030758496671483,167.61674980163573
2021-12-14,165.33999633789062,166.13999938964844,165.16000366210938,165.44000244140625,8637900,-0.009385206339641532,0.11220974170953381,167.63189979553223
2021-12-15,165.27000427246094,166.39999389648438,163.8000030517578,166.14999389648438,14231200,0.004282351988516796,0.11464090117932314,167.65954978942872
2021-12-16,167.00999450683594,168.17999267578125,166.94000244140625,168.16000366210938,11186200,0.012024970840539904,0.12316440358193945,167.70514984130858
2021-12-17,168.72999572753906,169.1300048828125,167.77999877929688,167.8000030517578,9856900,-0.002143116686188639,0.11718653621892777,167.74844985961914
2021-12-20,167.8800048828125,168.0,167.05999755859375,167.08999633789062,6973000,-0.004240244730917084,0.11738916112399084,167.79644981384277
2021-12-21,167.69000244140625,167.77999877929688,166.74000549316406,167.02000427246094,4548500,-0.00041897618344674124,0.11557834983767912,167.8273498535156
2021-12-22,167.5800018310547,168.63999938964844,167.11000061035156,168.58999633789062,4672900,0.00935611880010715,0.0929107805149148,167.86199981689452
2021-12-23,168.69000244140625,169.16000366210938,168.00999450683594,168.97000122070312,4551100,0.002251481491211197,0.08766194926217168,167.89924980163573
2021-12-27,168.9600067138672,169.4199981689453,168.77999877929688,169.3699951171875,4760300,0.002364450476828884,0.08773161743091464,167.93864974975585
2021-12-28,169.3300018310547,169.64999389648438,168.6199951171875,168.63999938964844,4541900,-0.004319380340024978,0.0890952604518713,167.97084976196288
2021-12-29,167.36000061035156,168.69000244140625,167.27999877929688,168.58999633789062,5889700,-0.0002965516280151311,0.08888489394167276,168.00204971313477
2021-12-30,168.42999267578125,169.80999755859375,168.3699951171875,169.8000030517578,5426300,0.007151581744182501,0.08752102412227232,168.03349975585937
2021-12-31,170.52999877929688,171.0399932861328,170.0399932861328,170.9600067138672,7039300,0.006808358432551388,0.08917701714543971,168.07549980163574
2022-01-03,168.86000061035156,169.00999450683594,168.0,168.3300018310547,9014400,-0.015503300973700684,0.10427471093726016,168.1009497833252
2022-01-04,168.89999389648438,169.72000122070312,168.72999572753906,169.57000732421875,6965600,0.007339514803169255,0.10339351492161222,168.1337998199463
2022-01-05,170.6199951171875,170.92999267578125,168.89999389648438,169.05999755859375,8715600,-0.003012197052209778,0.10363109184711675,168.17004981994629
2022-01-06,167.16000366210938,167.75,166.86000061035156,166.99000549316406,10902700,-0.012319703780209438,0.1125393034401637,168.19314987182617
2022-01-07,167.3699951171875,168.00999450683594,166.86000061035156,167.75,8191900,0.004540812572282988,0.11360652532678989,168.22299987792968
2022-01-10,167.36000061035156,168.3000030517578,167.30999755859375,168.25999450683594,7026500,0.0030355936239956378,0.1115472106075807,168.25309982299805
2022-01-11,168.44000244140625,170.30999755859375,168.3699951171875,170.2899932861328,8369000,0.01199245713664559,0.11773748376399257,168.30299980163574
2022-01-12,170.19000244140625,170.75,170.00999450683594,170.74000549316406,6280700,0.0026391371424113854,0.11775725504208587,168.36884979248046
2022-01-13,170.08999633789062,170.22000122070312,169.27000427246094,170.16000366210938,7034200,-0.003402771341298051,0.11279342470687355,168.41984977722169
2022-01-14,170.22000122070312,170.55999755859375,169.47999572753906,169.6699981689453,7865900,-0.002883829150556528,0.11316877997892696,168.4582997894287
2022-01-18,169.63999938964844,170.00999450683594,169.08999633789062,169.38999938964844,9322800,-0.0016516182679313014,0.1060727154212466,168.49564979553222
2022-01-19,170.38999938964844,172.19000244140625,170.1999969482422,172.0800018310547,15784500,0.015755750605134237,0.11820603231575878,168.539949798584
2022-01-20,172.30999755859375,172.60000610351562,171.58999633789062,171.64999389648438,9570500,-0.0025020112544038944,0.11734841136222887,168.58439979553222
2022-01-21,172.0399932861328,172.1199951171875,170.74000549316406,171.08999633789062,10982500,-0.003267771913809988,0.11828000572790304,168.6172998046875
2022-01-24,171.77999877929688,172.13999938964844,170.85000610351562,172.02999877929688,15727700,0.005479160681096094,0.11562202760391353,168.6610997772217
2022-01-25,171.9499969482422,173.14999389648438,171.77999877929688,172.5800018310547,17382100,0.003192034576976311,0.11579997996798397,168.71259979248046
2022-01-26,171.38999938964844,171.72999572753906,169.47999572753906,169.7899932861328,17799400,-0.01629856790431354,0.1301950513247116,168.74439979553222
2022-01-27,168.02000427246094,169.08999633789062,167.3300018310547,167.60000610351562,15867300,-0.01298211532059733,0.13718577840737098,168.76879981994628
2022-01-28,166.55999755859375,167.4600067138672,166.3699951171875,167.10000610351562,9782500,-0.002987752337666492,0.1375026643584466,168.7775498199463
2022-01-31,167.7899932861328,168.13999938964844,167.4600067138672,168.08999633789062,8539300,0.005907056331230696,0.1367041443928087,168.78624977111815
2022-02-01,168.57000732421875,168.85000610351562,167.8699951171875,168.22999572753906,9763900,0.0008325368758188378,0.13423371374982118,168.79794975280763
2022-02-02,168.33999633789062,169.1199951171875,168.16000366210938,168.83999633789062,9085300,0.00361943388995412,0.12371460154786808,168.80974975585937
2022-02-03,168.30999755859375,168.82000732421875,167.02999877929688,168.60000610351562,10650800,-0.0014224174555621005,0.1209867660331128,168.81209976196288
2022-02-04,168.0399932861328,169.10000610351562,167.99000549316406,168.86000061035156,9619600,0.0015408910869810946,0.12071576557618503,168.821199798584
2022-02-07,169.4499969482422,170.3000030517578,169.19000244140625,170.11000061035156,7796900,0.007375317353577323,0.1146322371059176,168.83974983215333
2022-02-08,170.10000610351562,170.77999877929688,169.9499969482422,170.6300048828125,5802000,0.0030522079460774463,0.11414845423844001,168.85869987487794
2022-02-09,170.67999267578125,171.4199981689453,170.5500030517578,171.2100067138672,8002800,0.003393414275398407,0.11424302572307823,168.88264991760255
2022-02-10,170.52000427246094,171.99000549316406,170.4600067138672,170.55999755859375,10693500,-0.0038037857675304026,0.1077097945272812,168.90089988708496
2022-02-11,170.75,174.1999969482422,170.7100067138672,173.80999755859375,25741500,0.018875607865561438,0.1257530690052062,168.9388498687744
2022-02-14,173.77999877929688,175.0,173.67999267578125,174.74000549316406,13650700,0.005336451777182292,0.12567437295472395,168.9842498779297
2022-02-15,173.10000610351562,173.33999633789062,172.38999938964844,173.0800018310547,12603600,-0.009545260370239185,0.13047206566775774,169.010599899292
2022-02-16,173.49000549316406,174.86000061035156,173.47999572753906,174.86000061035156,12772100,0.01023173130733765,0.13393722302289993,169.05199989318848
2022-02-17,176.6999969482422,177.52999877929688,176.38999938964844,177.25,18612500,0.013575508168976262,0.13120105849918515,169.10189987182616
2022-02-18,177.07000732421875,177.25,176.50999450683594,177.1199951171875,12760700,-0.000733724019731723,0.1306787473288877,169.13719985961913
2022-02-22,177.6699981689453,178.07000732421875,176.82000732421875,177.49000549316406,14960500,0.002086858856896338,0.1295318032899991,169.16669990539552
2022-02-23,177.38999938964844,178.38999938964844,177.36000061035156,178.2899932861328,11772200,0.004497100140272996,0.12921974477483544,169.1975998687744
2022-02-24,182.58999633789062,182.60000610351562,175.27000427246094,177.13999938964844,32726000,-0.006471023453826176,0.13211891581878463,169.2225998687744
2022-02-25,176.4199981689453,176.7899932861328,175.7899932861328,176.5500030517578,11530900,-0.0033362372759372606,0.11722658454285648,169.2531999206543
2022-02-28,178.86000061035156,178.99000549316406,176.5,178.3800048828125,16055800,0.010311993951243732,0.10743125251930496,169.2894499206543
2022-03-01,179.0500030517578,181.75999450683594,179.02999877929688,181.6199951171875,21942100,0.01800043176575384,0.1169500343492886,169.3340998840332
2022-03-02,180.1300048828125,180.7100067138672,178.7899932861328,179.72999572753906,19727200,-0.010460864384517259,0.12685556381626037,169.3592498779297
2022-03-03,179.9600067138672,181.3000030517578,179.5,180.8000030517578,15164400,0.005935763844875876,0.12689319707326374,169.38804992675782
2022-03-04,182.11000061035156,183.97999572753906,181.36000061035156,183.67999267578125,22390100,0.015803608419049087,0.13394426799632392,169.43064987182618
2022-03-07,184.4499969482422,186.63999938964844,184.22000122070312,186.41000366210938,27951800,0.014753495270293054,0.13735321045426727,169.48289985656737
2022-03-08,188.35000610351562,193.3000030517578,188.25999450683594,191.50999450683594,47347700,0.026991429368426304,0.15671644205060387,169.5602498626709
2022-03-09,186.0399932861328,187.22999572753906,184.75999450683594,185.82000732421875,26839700,-0.030161495266205762,0.20040305751939888,169.6075998687744
2022-03-10,186.8800048828125,187.3800048828125,184.99000549316406,186.39999389648438,18455200,0.003116366878477797,0.20039852506289652,169.64984985351563
2022-03-11,183.74000549316406,185.77999877929688,183.44000244140625,185.08999633789062,14824700,-0.007052696024243029,0.2041661696520897,169.68709983825684
2022-03-14,183.02999877929688,183.2899932861328,181.9499969482422,182.3000030517578,13186400,-0.01518847505814139,0.2130619244696276,169.71004981994628
2022-03-15,179.10000610351562,180.27000427246094,178.00999450683594,178.88999938964844,16962300,-0.018882610033681094,0.21808124013611616,169.71259979248046
2022-03-16,179.1300048828125,180.1199951171875,176.8699951171875,180.00999450683594,17548100,0.006241285995487705,0.2183109083000283,169.72314979553224
2022-03-17,181.16000366210938,182.02999877929688,180.64999389648438,180.88999938964844,10954100,0.004876733952655098,0.2148773533904292,169.73374977111817
2022-03-18,179.92999267578125,180.92999267578125,179.0399932861328,179.3000030517578,13996500,-0.008828710707897394,0.21593246259692986,169.75389976501464
2022-03-21,179.3300018310547,181.2899932861328,179.32000732421875,180.6699981689453,10582200,0.00761175501954624,0.21258611293118504,169.77144973754883
2022-03-22,179.60000610351562,179.7100067138672,178.32000732421875,179.36000061035156,9621800,-0.007277189924242526,0.2144241333154293,169.77889976501464
2022-03-23,180.2899932861328,181.88999938964844,179.75999450683594,181.80999755859375,12557300,0.013567209576051467,0.21906595646143726,169.80134971618654
2022-03-24,182.35000610351562,183.50999450683594,181.77000427246094,183.1300048828125,10970100,0.007234137513108609,0.21979760207730756,169.8320997619629
2022-03-25,181.80999755859375,183.1300048828125,181.35000610351562,182.3800048828125,7911100,-0.004103860537691329,0.21889753207138346,169.85529975891114
2022-03-28,180.3800048828125,181.3300018310547,178.85000610351562,179.05999755859375,9489700,-0.018371517706821095,0.2289516996360484,169.8718997192383
2022-03-29,177.02000427246094,179.3300018310547,176.69000244140625,179.13999938964844,10458900,0.00044668806848975184,0.22625267090762968,169.89404968261718
2022-03-30,179.75999450683594,180.9199981689453,179.67999267578125,180.5800018310547,8361300,0.008006283379257595,0.2188753084424035,169.92669967651366
2022-03-31,180.91000366210938,181.9600067138672,180.55999755859375,180.64999389648438,9844400,0.00038752078804877134,0.2157165377585728,169.97439964294435
2022-04-01,179.5500030517578,180.4600067138672,178.97999572753906,179.5,13034400,-0.00638621587890147,0.21584243534118353,170.04264961242677
2022-04-04,180.24000549316406,180.80999755859375,179.5800018310547,180.3699951171875,7063100,0.004835061682683925,0.20873056537198342,170.1198496246338
2022-04-05,180.91000366210938,181.49000549316406,178.92999267578125,179.24000549316406,10828500,-0.006284549046099261,0.20149158607252982,170.1812996673584
2022-04-06,179.77999877929688,180.30999755859375,178.6999969482422,179.66000366210938,8942100,0.0023404756196963713,0.17309954348226078,170.24834968566896
2022-04-07,179.8699951171875,180.8800048828125,179.8000030517578,180.33999633789062,10140600,0.0037777415804506904,0.14349607072843354,170.31934967041016
2022-04-08,180.52000427246094,181.82000732421875,180.52000427246094,181.47000122070312,10655700,0.006246419748615932,0.1451445345745673,170.39649971008302
2022-04-11,183.1699981689453,183.3300018310547,181.11000061035156,182.3699951171875,10071300,0.004947206140849894,0.14507988033012248,170.4753997039795
2022-04-12,184.0399932861328,184.63999938964844,182.9600067138672,183.77000427246094,12024600,0.007647435301758943,0.13773588670883127,170.56134971618653
2022-04-13,184.5,184.94000244140625,184.1300048828125,184.64999389648438,8651600,0.004777109287769396,0.11917322493434775,170.66044967651368
2022-04-14,184.27999877929688,184.41000366210938,182.8800048828125,184.0399932861328,11567200,-0.0033090194372706765,0.11898685777925941,170.75249961853027
2022-04-18,185.9499969482422,186.10000610351562,184.38999938964844,184.61000061035156,8886700,0.0030924062818564585,0.11842382848335077,170.8445496368408
2022-04-19,183.19000244140625,183.64999389648438,181.3300018310547,181.82000732421875,12585600,-0.015228268112133887,0.12686913495275343,170.91719970703124
2022-04-20,181.58999633789062,182.72000122070312,181.35000610351562,182.7100067138672,7038600,0.0048830061930919995,0.12532922069754326,170.99014976501465
2022-04-21,181.77000427246094,182.32000732421875,180.77999877929688,182.05999755859375,9639800,-0.003563943502360224,0.1230523726170221,171.05664978027343
2022-04-22,180.72000122070312,181.61000061035156,179.74000549316406,180.2899932861328,9147000,-0.009769661352400816,0.11881453115376002,171.11484977722168
2022-04-25,177.1699981689453,177.50999450683594,176.47999572753906,177.0500030517578,13073700,-0.018134432520229594,0.13022821651563293,171.15404975891113
2022-04-26,177.9499969482422,178.3000030517578,176.9199981689453,177.32000732421875,9042400,0.0015238553873300224,0.13032826754403962,171.19564979553223
2022-04-27,176.4600067138672,176.63999938964844,175.5,175.97999572753906,8854700,-0.007585723242633687,0.11726981761557599,171.22944976806642
2022-04-28,175.9199981689453,176.97000122070312,175.69000244140625,176.92999267578125,6381100,0.0053838047894630165,0.1191766788289069,171.25889976501466
2022-04-29,178.07000732421875,178.6199951171875,176.7100067138672,176.91000366210938,7719700,-0.00011298334784093811,0.11504379515276185,171.2880997467041
2022-05-02,173.61000061035156,174.64999389648438,172.97999572753906,173.6300048828125,14318600,-0.01871452290294498,0.1302172382954431,171.30919975280761
2022-05-03,173.88999938964844,175.2100067138672,173.85000610351562,174.08999633789062,7214300,0.0026457593569150124,0.13004416579880904,171.33159973144532
2022-05-04,174.32000732421875,176.35000610351562,173.6699981689453,175.8000030517578,10491700,0.009774616775434711,0.13411758144636482,171.36364974975587
2022-05-05,177.55999755859375,177.61000061035156,174.66000366210938,175.1300048828125,12794200,-0.0038184194446891804,0.13321370580055772,171.39549980163574
2022-05-06,175.38999938964844,176.55999755859375,174.86000061035156,175.4199981689453,7643300,0.0016545049194706565,0.13301121934935342,171.427149810791
2022-05-09,174.27000427246094,174.27000427246094,172.7899932861328,172.8800048828125,10742400,-0.014585347642546313,0.1395134061833372,171.4487498474121
2022-05-10,173.8000030517578,173.9600067138672,171.1999969482422,171.4199981689453,11010400,-0.00848106565352078,0.13784741532639117,171.4650498199463
2022-05-11,172.50999450683594,173.32000732421875,172.1999969482422,172.82000732421875,9179600,0.008133958004822058,0.14049533377471796,171.48694984436034
2022-05-12,172.07000732421875,172.39999389648438,169.89999389648438,170.1699981689453,11626800,-0.015452706170676834,0.14212530418105035,171.49134986877442
2022-05-13,168.30999755859375,169.6199951171875,168.00999450683594,168.7899932861328,13031100,-0.008142627698810948,0.13948220583130608,171.47944984436035
2022-05-16,168.42999267578125,170.42999267578125,168.33999633789062,170.39999389648438,7319300,0.009493279652076629,0.14742524689663186,171.48234977722169
2022-05-17,170.44000244140625,170.52999877929688,169.13999938964844,169.3300018310547,6441100,-0.006299094085683991,0.14557786395519073,171.4809497833252
2022-05-18,169.00999450683594,170.2100067138672,168.80999755859375,169.4199981689453,7472900,0.000531343704844183,0.14056810372757664,171.48059974670412
2022-05-19,171.5500030517578,172.52000427246094,170.88999938964844,171.91000366210938,10580300,0.014590277160260899,0.1513521913814874,171.49249977111816
2022-05-20,171.7100067138672,172.24000549316406,170.88999938964844,172.02999877929688,6578100,0.000697767757192036,0.1518363484047912,171.5083497619629
2022-05-23,173.1300048828125,173.3800048828125,172.27999877929688,172.8300018310547,5518500,0.004639589893868967,0.15158543689721485,171.54929977416992
2022-05-24,173.47000122070312,174.41000366210938,173.35000610351562,174.1300048828125,6794000,0.007493711725538028,0.14299516549453853,171.61134979248047
2022-05-25,172.7899932861328,173.16000366210938,171.72999572753906,173.0800018310547,4595900,-0.006048248796558386,0.14385329972368815,171.66789978027344
2022-05-26,172.1300048828125,172.92999267578125,171.75999450683594,172.75999450683594,6467000,-0.001850609639927292,0.14198136107351964,171.71169975280762
2022-05-27,173.49000549316406,173.52000427246094,172.63999938964844,172.85000610351562,3847900,0.0005208853826908474,0.1402674480605584,171.75574981689454
2022-05-31,172.7100067138672,173.07000732421875,171.0800018310547,171.13999938964844,6244000,-0.009942270255165302,0.14348219892518535,171.77949981689454
2022-06-01,172.2100067138672,172.52999877929688,171.38999938964844,172.22999572753906,6946500,0.0063488366174163004,0.1315388642861814,171.8045497894287
2022-06-02,173.66000366210938,174.4499969482422,173.49000549316406,174.35000610351562,5623100,0.012234040087981134,0.13834061415792243,171.8414498138428
2022-06-03,173.52999877929688,173.97000122070312,172.25,172.5800018310547,5519400,-0.010203900438868029,0.13799450634095828,171.86884979248046
2022-06-06,172.80999755859375,172.88999938964844,171.64999389648438,171.82000732421875,3766000,-0.004413447852864014,0.1381694209972285,171.8948998260498
2022-06-07,172.11000061035156,173.0500030517578,171.99000549316406,172.94000244140625,3860000,0.006497267812168451,0.14030329791521742,171.92609985351564
2022-06-08,172.88999938964844,173.4499969482422,172.6699981689453,172.77999877929688,5140800,-0.0009256257836888652,0.1309076801194503,171.9463498687744
2022-06-09,172.4499969482422,172.58999633789062,171.5800018310547,172.22999572753906,4701100,-0.0031883338247287547,0.12784941993213558,171.9642498779297
2022-06-10,170.88999938964844,174.94000244140625,170.4600067138672,174.5399932861328,16856100,0.013323135228160962,0.13305226654186242,171.99954986572266
2022-06-13,171.17999267578125,171.33999633789062,169.61000061035156,169.92999267578125,13265200,-0.02676735882447253,0.15420649454336124,172.01084983825683
2022-06-14,169.61000061035156,169.72999572753906,168.3000030517578,168.57000732421875,7347900,-0.008035407203286724,0.15413617837272908,172.0027498626709
2022-06-15,170.39999389648438,171.83999633789062,169.0800018310547,170.77000427246094,9000300,0.012966509676610984,0.15728655395793717,172.00984985351562
2022-06-16,170.55999755859375,172.77000427246094,170.1699981689453,172.69000244140625,8823600,0.011180446816136464,0.1599541253067583,172.02484985351563
2022-06-17,172.14999389648438,172.3000030517578,170.97000122070312,171.27000427246094,7407200,-0.008256810144045654,0.1631000914131636,172.0326998901367
2022-06-21,171.05999755859375,171.91000366210938,170.47000122070312,170.6300048828125,5608500,-0.0037437854344901486,0.15534882483401963,172.0395999145508
2022-06-22,171.61000061035156,172.3000030517578,171.10000610351562,171.30999755859375,6558700,0.003977268335422712,0.1560429313196097,172.0408499145508
2022-06-23,171.38999938964844,172.1300048828125,169.89999389648438,170.25999450683594,6535300,-0.006148118298448717,0.15630203062413822,172.05359985351564
2022-06-24,170.24000549316406,170.74000549316406,169.85000610351562,170.08999633789062,6143100,-0.0009989609969459391,0.1534254819761087,172.0675998687744
2022-06-27,170.60000610351562,170.6699981689453,169.75,169.89999389648438,5719700,-0.0011176944418580068,0.15237617552850397,172.07694984436034
2022-06-28,170.07000732421875,170.2100067138672,169.50999450683594,169.6199951171875,2982700,-0.0016493806069405818,0.15236166936104323,172.0891498565674
2022-06-29,170.5800018310547,170.6999969482422,169.1699981689453,169.49000549316406,4785600,-0.0007666517068580592,0.15227846336294362,172.09789985656738
2022-06-30,169.50999450683594,169.9600067138672,168.24000549316406,168.4600067138672,9144400,-0.006095587698335223,0.14997713052898431,172.09609985351562
2022-07-01,167.13999938964844,168.67999267578125,166.9600067138672,168.32000732421875,11380300,-0.0008313996785857856,0.14773978027743187,172.09854988098144
2022-07-05,167.17999267578125,167.3300018310547,164.41000366210938,164.75,14035400,-0.021437799680384485,0.1553181311390524,172.10214988708495
2022-07-06,164.32000732421875,164.57000732421875,161.47000122070312,162.13999938964844,11861100,-0.01596901758740465,0.1600411817557702,172.0939998626709
2022-07-07,162.42999267578125,163.0399932861328,162.05999755859375,162.22999572753906,4588400,0.0005548992912700342,0.16040216276841493,172.08044982910155
2022-07-08,162.35000610351562,163.3800048828125,161.83999633789062,162.3000030517578,4584100,0.00043143823725389326,0.1573504681330297,172.06174987792969
2022-07-11,161.92999267578125,162.44000244140625,161.3800048828125,161.42999267578125,4321700,-0.0053749265251639535,0.15735781271388913,172.04179985046386
2022-07-12,161.22000122070312,161.6199951171875,160.72000122070312,160.8300018310547,5375100,-0.0037236489059839332,0.15736671310278685,172.02839988708496
2022-07-13,160.10000610351562,162.7100067138672,160.05999755859375,161.60000610351562,8456600,0.004776265963686179,0.14855619047778987,172.01989990234375
2022-07-14,159.02000427246094,159.8300018310547,158.22000122070312,159.3300018310547,12213600,-0.014146649261641277,0.1289720588263705,171.99834991455077
2022-07-15,159.00999450683594,159.25,158.35000610351562,159.00999450683594,6783800,-0.0020104758163567997,0.12773041686503495,171.98314987182619
2022-07-18,160.0800018310547,160.42999267578125,159.0500030517578,159.16000366210938,5791800,0.000942949789432323,0.11523323775056044,171.97234985351562
2022-07-19,159.47000122070312,159.8699951171875,159.3300018310547,159.5399932861328,3796200,0.002384623832616704,0.10481291110653954,171.94894981384277
2022-07-20,159.7100067138672,159.82000732421875,158.02999877929688,158.0399932861328,4795800,-0.009446509339211243,0.10553293147323788,171.916199798584
2022-07-21,158.30999755859375,160.30999755859375,158.27000427246094,160.27000427246094,5863300,0.01401179660226555,0.12230338884154698,171.89074981689453
2022-07-22,160.5500030517578,162.1300048828125,160.35000610351562,160.6699981689453,5733800,0.0024926409954947677,0.12134321655270966,171.87114982604982
2022-07-25,160.63999938964844,160.6999969482422,159.80999755859375,160.22999572753906,3713400,-0.0027423043036363935,0.12082121272828028,171.84714981079102
2022-07-26,160.22999572753906,160.5,159.7899932861328,160.0399932861328,2672800,-0.001186514317386386,0.12078594255965777,171.82654975891114
2022-07-27,160.02000427246094,162.2100067138672,159.50999450683594,161.6699981689453,5766100,0.010133467249785824,0.12889412965748318,171.81374977111815
2022-07-28,163.30999755859375,163.75999450683594,162.8800048828125,163.63999938964844,5606400,0.01211168004371747,0.13832591221863402,171.81234977722167
2022-07-29,163.88999938964844,164.69000244140625,163.27999877929688,164.10000610351562,7537300,0.0028071459585694595,0.13918405666880526,171.8095497894287
2022-08-01,164.97999572753906,165.41000366210938,164.41000366210938,165.02999877929688,4666900,0.005651232868696488,0.14028257006782516,171.79674980163574
2022-08-02,165.66000366210938,166.4600067138672,164.02000427246094,164.0500030517578,5725400,-0.005955990148902209,0.1413336516870829,171.77699981689454
2022-08-03,164.77000427246094,164.91000366210938,163.47999572753906,164.4499969482422,4417800,0.002435276067987767,0.12105121123895014,171.77259979248046
2022-08-04,165.52999877929688,167.30999755859375,165.33999633789062,167.1699981689453,5502000,0.016404693683584038,0.1194700107639372,171.78384979248048
2022-08-05,164.99000549316406,165.83999633789062,164.8699951171875,165.2899932861328,6023300,-0.011309781450742627,0.12740249875999915,171.7830497741699
2022-08-08,166.02999877929688,166.80999755859375,165.92999267578125,166.69000244140625,3456300,0.008434348290836127,0.1300288825905289,171.78199981689454
2022-08-09,167.47999572753906,167.8000030517578,166.82000732421875,167.1999969482422,3205500,0.003054867797077557,0.12786111557518948,171.78424980163575
2022-08-10,167.38999938964844,167.97999572753906,166.6199951171875,166.77999877929688,4077300,-0.0025151110588634198,0.12728572584740985,171.7792997741699
2022-08-11,167.16000366210938,167.66000366210938,166.30999755859375,166.33999633789062,4446000,-0.002641706914863643,0.12764209178354266,171.76634979248047
2022-08-12,167.1699981689453,167.94000244140625,166.8300018310547,167.8699951171875,5151700,0.009155976822720392,0.11701693742496827,171.7672998046875
2022-08-15,165.99000549316406,166.25,165.44000244140625,165.7100067138672,5236100,-0.012950528089989187,0.12794097745248703,171.7552498626709
2022-08-16,165.30999755859375,165.72000122070312,165.17999267578125,165.4199981689453,4291500,-0.0017516299628300418,0.12855133987336645,171.74194984436036
2022-08-17,165.2100067138672,165.22999572753906,163.9499969482422,164.35000610351562,5569100,-0.006489345947105167,0.1317116562419472,171.73044990539552
2022-08-18,164.60000610351562,164.91000366210938,163.5399932861328,163.9199981689453,3646100,-0.0026198444873023344,0.12664425165771104,171.71244987487793
2022-08-19,163.64999389648438,163.74000549316406,162.6199951171875,162.72000122070312,8173000,-0.007347552958114958,0.12209757594883712,171.6902498626709
2022-08-22,161.66000366210938,162.1199951171875,161.36000061035156,161.63999938964844,4458100,-0.00665930336783302,0.12451768141020896,171.66959983825683
2022-08-23,161.9600067138672,163.42999267578125,161.91000366210938,162.77000427246094,4425100,0.006966551217581505,0.1260742981397515,171.64519989013672
2022-08-24,162.44000244140625,163.61000061035156,162.3699951171875,163.25,3202400,0.002944580504679446,0.12608739546233824,171.61224990844727
2022-08-25,163.97000122070312,163.99000549316406,163.24000549316406,163.75,2857500,0.0030581063588208724,0.12190399408183965,171.57874992370606
2022-08-26,163.1199951171875,163.61000061035156,161.5500030517578,161.75999450683594,6689300,-0.012227153201929956,0.12212262672746066,171.53109992980956
2022-08-29,161.8800048828125,162.6199951171875,161.6999969482422,161.86000061035156,4702300,0.0006180465249853886,0.12159864421792546,171.4746499633789
2022-08-30,161.27000427246094,161.42999267578125,160.33999633789062,160.50999450683594,4856600,-0.008375556136480044,0.12214059300157806,171.40659996032716
2022-08-31,159.5,160.57000732421875,159.25999450683594,159.27000427246094,5438600,-0.0077553096129762645,0.12315548641107132,171.33069999694825
2022-09-01,158.1699981689453,158.38999938964844,157.32000732421875,157.8699951171875,7390800,-0.00882902347465035,0.12489556182563308,171.24915000915527
2022-09-02,159.35000610351562,160.05999755859375,159.13999938964844,159.25999450683594,5196900,0.00876617372318804,0.11299121386176716,171.18084999084473
2022-09-06,159.1699981689453,159.4600067138672,158.32000732421875,158.3300018310547,4863800,-0.005856578259356107,0.10902690592924846,171.1
2022-09-07,158.14999389648438,160.14999389648438,158.0800018310547,159.94000244140625,3981400,0.010117286090114818,0.11119997537268891,171.03
2022-09-08,159.5399932861328,159.86000061035156,158.7100067138672,158.97999572753906,4607100,-0.006020378897494643,0.11047599868770372,170.96184997558595
2022-09-09,159.72000122070312,160.24000549316406,159.41000366210938,159.82000732421875,3927800,0.005269846503477033,0.11362106045481403,170.9172499847412
2022-09-12,161.0399932861328,161.6199951171875,160.5500030517578,160.6300048828125,4537500,0.005055386193321507,0.1161981624230704,170.88400001525878
2022-09-13,158.47000122070312,159.27000427246094,158.38999938964844,158.5399932861328,6526400,-0.013096728906648173,0.11565931133012035,170.84110000610352
2022-09-14,158.67999267578125,158.97999572753906,157.72999572753906,157.92999267578125,6091100,-0.003855034555311845,0.10966128112166401,170.79649993896484
2022-09-15,156.75999450683594,157.49000549316406,154.6199951171875,154.97999572753906,13181200,-0.018855801737618274,0.12371026613412295,170.7382999420166
2022-09-16,154.66000366210938,156.55999755859375,154.33999633789062,155.83999633789062,7141200,0.005533767627080334,0.12654367927586235,170.68999992370607
2022-09-19,154.8699951171875,156.0399932861328,154.82000732421875,155.9600067138672,5582800,0.0007697907679810017,0.12705770565989485,170.63899993896484
2022-09-20,155.02999877929688,155.22999572753906,154.58999633789062,155.07000732421875,5943700,-0.005722932055293624,0.1263786665760124,170.5881499481201
2022-09-21,155.97000122070312,157.25,154.00999450683594,155.7899932861328,7816100,0.004632228320962459,0.12751137982508018,170.5339498901367
2022-09-22,156.25999450683594,156.47999572753906,155.30999755859375,155.6999969482422,5975200,-0.0005778441890031698,0.12362833922968629,170.4813498687744
2022-09-23,153.89999389648438,154.0,152.63999938964844,153.00999450683594,9598000,-0.017427816406674814,0.13291750695368754,170.41234985351562
2022-09-26,153.22000122070312,153.50999450683594,151.02999877929688,151.22999572753906,8240500,-0.01170141432179742,0.1341507194652279,170.3339998626709
2022-09-27,152.25,152.72999572753906,151.5,151.5399932861328,7151300,0.0020477436877313054,0.13193081396521253,170.2622998046875
2022-09-28,153.1999969482422,154.8800048828125,152.92999267578125,154.69000244140625,8977200,0.020573557832177892,0.15510663028367738,170.20284980773926
2022-09-29,154.13999938964844,155.02999877929688,153.16000366210938,154.66000366210938,6317000,-0.0001939471718055397,0.15355560978156357,170.1411498260498
2022-09-30,154.94000244140625,156.0399932861328,154.57000732421875,154.6699981689453,6832400,6.462035224685361e-05,0.1520962169922383,170.0872998046875
2022-10-03,155.44000244140625,158.47999572753906,155.22999572753906,158.42999267578125,10362200,0.024019005945363412,0.17299707634625625,170.04869979858398
2022-10-04,159.17999267578125,161.0800018310547,158.9199981689453,160.6999969482422,8024500,0.014226444596111972,0.17739441086273605,170.01139976501466
2022-10-05,159.32000732421875,160.0800018310547,158.3800048828125,159.80999755859375,5296300,-0.005553659432976476,0.177262234145329,169.97144973754882
2022-10-06,159.41000366210938,159.94000244140625,158.9499969482422,159.6300048828125,5712600,-0.0011269264553861384,0.1737752956766726,169.93414978027343
2022-10-07,158.4600067138672,158.97999572753906,157.67999267578125,157.8800048828125,5030000,-0.011023386142689101,0.1767642237313945,169.8884497833252
2022-10-10,155.94000244140625,156.35000610351562,155.1199951171875,155.47999572753906,6110800,-0.015318203217156916,0.1828288125932971,169.82289978027345
2022-10-11,155.49000549316406,156.80999755859375,154.9199981689453,155.16000366210938,5306700,-0.002060212330939929,0.18136255956871325,169.75384979248048
2022-10-12,155.50999450683594,156.2899932861328,155.25999450683594,155.99000549316406,3998500,0.005335071671709423,0.17791090178590394,169.68694984436036
2022-10-13,153.47999572753906,155.72999572753906,152.9199981689453,154.91000366210938,7083800,-0.006947611087114204,0.1789058867226633,169.61829986572266
2022-10-14,154.02000427246094,154.1999969482422,152.72000122070312,152.97999572753906,5471900,-0.012537160793022467,0.17213486319169852,169.5402498626709
2022-10-17,154.9199981689453,155.3300018310547,153.32000732421875,153.4199981689453,4348000,0.0028720806307473926,0.17118050264171278,169.45834983825682
2022-10-18,154.0800018310547,154.24000549316406,153.24000549316406,153.75,4528400,0.002148660090392182,0.1714007709162901,169.3722998046875
2022-10-19,152.08999633789062,152.49000549316406,151.5399932861328,151.69000244140625,8257100,-0.013488925988338462,0.17632057941822557,169.28909980773926
2022-10-20,151.9199981689453,153.22999572753906,151.27000427246094,151.4499969482422,5019800,-0.0015834633753089122,0.17510744732932684,169.1984997558594
2022-10-21,151.97999572753906,154.30999755859375,151.8300018310547,154.14999389648438,6898400,0.01767059741452654,0.18711401345640377,169.12394973754883
2022-10-24,153.4499969482422,154.05999755859375,153.05999755859375,153.64999389648438,4673300,-0.0032488658845126403,0.17710807979754528,169.05724967956542
2022-10-25,153.9600067138672,154.7899932861328,153.8300018310547,154.0,3434100,0.002275353560635257,0.17181401890339654,168.98849967956542
2022-10-26,154.77999877929688,155.72999572753906,154.77999877929688,154.97999572753906,4448200,0.006343446354353355,0.1728282418623042,168.92209968566894
2022-10-27,154.7100067138672,155.08999633789062,154.22000122070312,154.74000549316406,3654900,-0.0015497241473593686,0.15769872438650265,168.8443497467041
2022-10-28,152.9600067138672,153.5399932861328,152.5,153.16000366210938,4645400,-0.01026317410117862,0.16167460487020446,168.75644973754882
2022-10-31,152.16000366210938,152.8699951171875,151.88999938964844,151.91000366210938,6097800,-0.008194886192774814,0.1638513481386772,168.66519973754882
2022-11-01,153.82000732421875,153.97999572753906,152.8699951171875,153.4600067138672,4603600,0.010151726172797497,0.14304434177729358,168.58414978027344
2022-11-02,154.16000366210938,155.4199981689453,152.25999450683594,152.38999938964844,7210900,-0.006996970202892216,0.1320848725836336,168.49914978027343
2022-11-03,150.6999969482422,151.9600067138672,150.57000732421875,151.80999755859375,5378800,-0.003813297433937162,0.1317197037770028,168.39779975891113
2022-11-04,154.9499969482422,156.60000610351562,154.66000366210938,156.47000122070312,7692000,0.0302345832528433,0.1737662445745091,168.32189979553223
2022-11-07,156.22000122070312,156.57000732421875,155.80999755859375,155.85000610351562,4425700,-0.003970260739379374,0.17029859362928843,168.24569984436036
2022-11-08,155.99000549316406,159.8699951171875,155.97999572753906,159.4499969482422,11299600,0.022836328940686813,0.1798193186440839,168.1827998352051
2022-11-09,159.36000061035156,160.35000610351562,158.4499969482422,158.64999389648438,6040600,-0.005029894759161607,0.18078950230686575,168.11314979553222
2022-11-10,162.00999450683594,163.50999450683594,161.66000366210938,163.47999572753906,9939900,0.029990153003992607,0.2064847254121909,168.08159980773925
2022-11-11,163.91000366210938,164.5800018310547,163.4199981689453,164.55999755859375,4622400,0.00658459794711783,0.2042121495729821,168.06639976501464
2022-11-14,164.1999969482422,165.24000549316406,164.14999389648438,164.9199981689453,6187600,0.0021852662272774694,0.1964296858419448,168.0554997253418
2022-11-15,165.27000427246094,166.22999572753906,164.55999755859375,165.5,9903500,0.0035106980811025834,0.19641319519106537,168.04254974365233
2022-11-16,165.41000366210938,165.7100067138672,164.8300018310547,165.1199951171875,3645800,-0.0022987420952167376,0.19743145273816742,168.0269997406006
2022-11-17,163.7899932861328,164.11000061035156,163.39999389648438,163.9199981689453,4574400,-0.007293959961673216,0.1918424840566194,168.00239974975585
2022-11-18,163.3800048828125,163.69000244140625,162.67999267578125,162.7899932861328,4321100,-0.006917507382313755,0.19456137292389838,167.97334968566895
2022-11-21,162.44000244140625,162.5,161.27999877929688,161.8800048828125,4766500,-0.0056056352070885974,0.1897562779807703,167.93844970703125
2022-11-22,162.3000030517578,162.60000610351562,161.72000122070312,162.07000732421875,3203800,0.0011730356909015207,0.1887337381534393,167.8982497406006
2022-11-23,161.69000244140625,163.24000549316406,161.55999755859375,163.0800018310547,4167000,0.006212503317279542,0.18915635826220342,167.8604997253418
2022-11-25,162.85000610351562,163.42999267578125,162.75999450683594,163.22000122070312,1436500,0.000858102340972588,0.18878938576407525,167.82054969787598
2022-11-28,162.92999267578125,163.05999755859375,161.91000366210938,161.92999267578125,4052900,-0.007934893665371402,0.19177320426644448,167.7773996734619
2022-11-29,162.6999969482422,163.6300048828125,162.60000610351562,162.72999572753906,2620600,0.004928261563008794,0.18651909787593224,167.72199966430665
2022-11-30,163.69000244140625,164.80999755859375,162.39999389648438,164.80999755859375,4874700,0.012700921015012894,0.1849161976791225,167.6723496246338
2022-12-01,167.47999572753906,167.9499969482422,166.97999572753906,167.83999633789062,8625800,0.01821784239630758,0.19039257941458318,167.64614959716798
2022-12-02,166.17999267578125,167.47000122070312,165.75999450683594,167.25999450683594,5185900,-0.0034616677176241193,0.1881381512853971,167.60814956665038
2022-12-05,166.5500030517578,166.72000122070312,164.32000732421875,164.38999938964844,5436200,-0.01730780530272015,0.2009618160780237,167.54384956359863
2022-12-06,165.1999969482422,165.5399932861328,164.4499969482422,164.83999633789062,3597800,0.0027336344458788004,0.17645189961136198,167.48244956970214
2022-12-07,165.47000122070312,166.63999938964844,165.32000732421875,166.3300018310547,4610700,0.008998493556537802,0.17619599115385645,167.4266495513916
2022-12-08,166.5800018310547,167.0500030517578,166.07000732421875,166.47000122070312,3217900,0.0008413425277820795,0.16096744470513222,167.36754959106446
2022-12-09,167.25999450683594,168.08999633789062,166.60000610351562,167.05999755859375,5431300,0.0035378943750204003,0.15894161570517207,167.31714958190918
2022-12-12,166.44000244140625,166.60000610351562,165.42999267578125,165.67999267578125,3504400,-0.008294841833501867,0.12763381885569006,167.2627995300293
2022-12-13,169.2100067138672,169.7899932861328,168.02000427246094,168.50999450683594,6750200,0.016936889733695327,0.13830453558028613,167.2134494781494
2022-12-14,168.42999267578125,168.80999755859375,167.13999938964844,168.10000610351562,5643000,-0.0024359858905979824,0.13878569168752738,167.14584953308105
2022-12-15,165.72999572753906,166.2100067138672,165.10000610351562,165.35000610351562,8363000,-0.016494600382901816,0.15083977785197572,167.07394958496093
2022-12-16,166.02000427246094,166.97999572753906,165.83999633789062,166.7899932861328,5372000,0.008671019495160068,0.15353547716454904,167.00389953613282
2022-12-19,166.7100067138672,167.11000061035156,165.99000549316406,166.32000732421875,3940500,-0.0028218082489996433,0.15145007086617188,166.917099609375
2022-12-20,168.10000610351562,169.52999877929688,168.02999877929688,169.0800018310547,7803100,0.016458298941440037,0.1581506852940013,166.83044960021974
2022-12-21,169.0399932861328,169.7100067138672,168.67999267578125,168.8000030517578,3990100,-0.0016573862871153066,0.15640123798333966,166.71689964294433
2022-12-22,167.75999450683594,167.75999450683594,166.05999755859375,166.75999450683594,5672700,-0.012158980168932585,0.1639202238327376,166.62159957885743
2022-12-23,166.8800048828125,167.8000030517578,166.66000366210938,167.25999450683594,2912300,0.002993835039254722,0.16309642071616798,166.5258995819092
2022-12-27,167.88999938964844,170.61000061035156,167.8000030517578,168.6699981689453,6885700,0.008394677302769623,0.1649731079814458,166.44379959106445
2022-12-28,168.0500030517578,168.33999633789062,167.10000610351562,167.91000366210938,3662500,-0.004515989032750605,0.16290487448731314,166.3718495941162
2022-12-29,168.5399932861328,169.35000610351562,168.52000427246094,168.85000610351562,3345900,0.005582639597805041,0.1630825828450086,166.32164962768556
2022-12-30,169.25999450683594,169.89999389648438,168.8000030517578,169.63999938964844,2864500,0.004667758029330661,0.15860351649999196,166.2697996520996
2023-01-03,171.32000732421875,172.08999633789062,170.02000427246094,171.05999755859375,7992900,0.008335816871946341,0.14877071963524707,166.22064964294432
2023-01-04,172.86000061035156,173.08999633789062,171.85000610351562,172.6699981689453,7574600,0.009367889939565922,0.1506524474569631,166.18749961853027
2023-01-05,170.82000732421875,171.0,169.7899932861328,170.52000427246094,4692600,-0.01252963086748756,0.14388737056856837,166.13674964904786
2023-01-06,171.75999450683594,173.9600067138672,171.22999572753906,173.7100067138672,7889000,0.01853466381119925,0.1552222645058567,166.10849967956543
2023-01-09,174.50999450683594,175.0399932861328,173.8800048828125,174.10000610351562,5134500,0.0022426010679794787,0.1534098570095246,166.06994972229003
2023-01-10,174.61000061035156,174.97999572753906,174.05999755859375,174.74000549316406,4398400,0.003669304474491391,0.15341308339391765,166.0279997253418
2023-01-11,174.75999450683594,174.7899932861328,173.72000122070312,174.6199951171875,3374200,-0.0006870298860052756,0.1536844524434908,165.98919967651366
2023-01-12,176.00999450683594,176.7100067138672,174.8800048828125,176.63999938964844,6936900,0.011501603213231942,0.15209287350654246,165.97709968566895
2023-01-13,176.9600067138672,178.8300018310547,176.88999938964844,178.75999450683594,7468800,0.011930333702592914,0.1472447642139158,165.9751996612549
2023-01-17,178.2100067138672,178.24000549316406,177.08999633789062,177.58999633789062,6610800,-0.006566591290624395,0.1497732223243105,165.96024963378906
2023-01-18,178.9199981689453,179.17999267578125,176.89999389648438,177.0800018310547,5384700,-0.0028758838411488395,0.13453378762587956,165.94239967346192
2023-01-19,178.3699951171875,180.02999877929688,178.08999633789062,179.88999938964844,6678700,0.015743931377470842,0.14022640335066727,165.94434967041016
2023-01-20,179.05999755859375,179.66000366210938,178.64999389648438,179.2899932861328,5754800,-0.0033409804213138158,0.14053719203629514,165.9389496612549
2023-01-23,178.35000610351562,179.69000244140625,177.77999877929688,179.6300048828125,5265500,0.0018946378029897782,0.132544170011001,165.94089965820314
2023-01-24,179.55999755859375,180.32000732421875,178.35000610351562,180.27999877929688,4604600,0.0036119840879409123,0.13152316347902437,165.94399963378908
2023-01-25,179.35000610351562,181.22000122070312,179.2899932861328,181.11000061035156,6925300,0.004593393795208086,0.11920702618589106,165.94784965515137
2023-01-26,180.14999389648438,180.27000427246094,178.4600067138672,179.47000122070312,5860100,-0.009096515003608066,0.12747523985131967,165.93784965515135
2023-01-27,179.27000427246094,179.72000122070312,178.25999450683594,179.22000122070312,6052700,-0.0013939615756237058,0.12710874400475317,165.92209968566894
2023-01-30,179.2899932861328,179.42999267578125,178.64999389648438,178.75999450683594,4210700,-0.002570014931290955,0.12585286012152225,165.89704963684082
2023-01-31,178.82000732421875,179.6999969482422,178.5399932861328,179.41000366210938,5976900,0.0036296165072691286,0.1255257195182155,165.87084968566896
2023-02-01,179.75,181.72999572753906,178.6300048828125,181.6699981689453,7996000,0.012518134528387544,0.1298005978267946,165.858999710083
2023-02-02,181.0800018310547,181.11000061035156,177.74000549316406,177.89999389648438,8842400,-0.0209702840085377,0.1529956855787819,165.82544967651367
2023-02-03,174.9199981689453,175.42999267578125,173.1199951171875,173.4600067138672,13674400,-0.025274496401227434,0.17680678571431166,165.78364967346192
2023-02-06,174.11000061035156,174.4600067138672,173.27999877929688,173.82000732421875,8957000,0.002073259184240806,0.1706715164462229,165.73919967651366
2023-02-07,173.72000122070312,175.27000427246094,173.47000122070312,173.97999572753906,6794200,0.0009200023760844002,0.1582084043914094,165.6987996673584
2023-02-08,174.94000244140625,174.99000549316406,173.8300018310547,174.41000366210938,4075600,0.002468544755507998,0.15824935900365672,165.66939971923827
2023-02-09,175.49000549316406,175.52000427246094,172.8699951171875,173.02999877929688,5361300,-0.007943887464013586,0.16003816774196533,165.649299697876
2023-02-10,173.6300048828125,173.67999267578125,172.6300048828125,173.36000061035156,2971100,0.0019053779351280687,0.1602453507582068,165.62949966430665
2023-02-13,172.6999969482422,172.89999389648438,172.07000732421875,172.47999572753906,3970800,-0.005089097798950408,0.1550121207086641,165.61199966430664
2023-02-14,171.97000122070312,173.50999450683594,171.41000366210938,172.61000061035156,5403100,0.000753454984742333,0.1478104034603248,165.5903997039795
2023-02-15,170.60000610351562,170.99000549316406,170.16000366210938,170.88999938964844,5423800,-0.010014646847400324,0.14972075666032622,165.5602996826172
2023-02-16,170.33999633789062,171.60000610351562,169.9600067138672,170.75,4540400,-0.0008195726363130796,0.1497094417631301,165.54589965820313
2023-02-17,169.8699951171875,171.47000122070312,169.52000427246094,171.25999450683594,4809800,0.002982339072148569,0.13691839886069238,165.53174964904784
2023-02-21,171.1999969482422,171.5,170.33999633789062,170.6199951171875,4035900,-0.0037440046605545256,0.13696259443003728,165.505849609375
2023-02-22,170.80999755859375,170.9600067138672,169.55999755859375,169.66000366210938,4105700,-0.0056423768979153,0.13650012576373502,165.47849960327147
2023-02-23,169.83999633789062,170.1300048828125,169.0800018310547,169.57000732421875,5073500,-0.0005305918526508475,0.13482316950915613,165.44924964904786
2023-02-24,168.4199981689453,168.83999633789062,168.19000244140625,168.35000610351562,6496500,-0.0072206822499255125,0.13272666077124787,165.42659965515136
2023-02-27,168.8800048828125,169.22999572753906,168.5500030517578,169.00999450683594,4509200,0.003912670406128105,0.13343778106796503,165.41454963684083
2023-02-28,168.77999877929688,170.25,168.58999633789062,169.77999877929688,6761600,0.004545621851780495,0.13582469759708027,165.39934959411622
2023-03-01,170.9499969482422,171.49000549316406,170.47000122070312,170.75999450683594,6590500,0.005755555600934512,0.13885795574020438,165.40229957580567
2023-03-02,170.52000427246094,170.97999572753906,170.36000061035156,170.66000366210938,3950700,-0.000585735153896139,0.13739577578582488,165.41164962768553
2023-03-03,171.4499969482422,172.60000610351562,170.97999572753906,172.49000549316406,6894500,0.010666001055863707,0.13499395024491614,165.42209968566894
2023-03-06,172.32000732421875,172.3699951171875,171.5399932861328,171.6199951171875,4264100,-0.0050565936951402655,0.11765586895781638,165.4335496520996
2023-03-07,170.4199981689453,170.47000122070312,168.52000427246094,168.6199951171875,8713300,-0.017635068390636166,0.10003505724068402,165.42954963684082
2023-03-08,168.61000061035156,169.58999633789062,168.52000427246094,168.5399932861328,5718600,-0.0004745630282821619,0.09932408216707629,165.41269958496093
2023-03-09,169.75,170.64999389648438,169.7100067138672,170.1999969482422,5583000,0.00980112770009771,0.10651955906668377,165.40354957580567
2023-03-10,171.92999267578125,173.8800048828125,171.9199981689453,173.8699951171875,13803400,0.021333667247723984,0.13148365640658158,165.40874954223634
2023-03-13,176.66000366210938,178.02000427246094,176.3000030517578,177.86000061035156,20554400,0.022688861946558777,0.1501002339445346,165.42739952087402
2023-03-14,177.35000610351562,177.58999633789062,176.2100067138672,176.8300018310547,10019000,-0.005807897981361377,0.15208054011256328,165.44614952087403
2023-03-15,178.86000061035156,180.1300048828125,177.49000549316406,178.2100067138672,14546100,0.007773838437142398,0.15217895099327602,165.47339958190918
2023-03-16,179.50999450683594,179.64999389648438,177.8699951171875,178.57000732421875,10762200,0.0020180543660701534,0.1521579443692405,165.5019995880127
2023-03-17,181.02000427246094,184.80999755859375,180.77000427246094,183.77000427246094,24156300,0.028704276731304653,0.17260711844734186,165.56514961242675
2023-03-20,184.19000244140625,184.5399932861328,182.74000549316406,183.83999633789062,11845700,0.0003807952240648717,0.172281882065066,165.6231996154785
2023-03-21,182.64999389648438,182.72999572753906,179.89999389648438,180.3699951171875,10734500,-0.01905552456933767,0.18922526694688704,165.65329956054688
2023-03-22,180.39999389648438,183.94000244140625,180.27999877929688,183.44000244140625,11969600,0.016877382247649345,0.19411592170880143,165.70759956359862
2023-03-23,183.91000366210938,186.24000549316406,183.60000610351562,185.74000549316406,11347100,0.012460224063675791,0.19356047052872938,165.77719955444337
2023-03-24,185.61000061035156,185.99000549316406,183.6199951171875,183.64999389648438,9245900,-0.011316136891165252,0.20044395684855332,165.83074951171875
2023-03-27,181.14999389648438,182.14999389648438,180.69000244140625,181.9499969482422,6925000,-0.009299831745516636,0.20200740809422027,165.87659950256347
2023-03-28,182.30999755859375,183.6199951171875,182.1199951171875,183.44000244140625,6202600,0.008155744573006158,0.20259774070434627,165.9326495361328
2023-03-29,182.49000549316406,183.27000427246094,182.24000549316406,182.52999877929688,4996500,-0.0049731154716589265,0.2048867846525711,165.97259956359864
2023-03-30,182.75,184.44000244140625,182.5500030517578,184.17999267578125,6360300,0.008998964139577773,0.20565365180717354,166.04384956359863
2023-03-31,184.11000061035156,184.4199981689453,182.8000030517578,183.22000122070312,8003300,-0.0052258772770236855,0.20746455953423296,166.11709953308105
2023-04-03,183.85000610351562,185.0399932861328,183.32000732421875,184.5399932861328,9206600,0.00717858251921089,0.20627000978323615,166.1859494781494
2023-04-04,184.72000122070312,188.22999572753906,184.66000366210938,187.97999572753906,13765400,0.018469345695108493,0.21043947797110568,166.26239944458007
2023-04-05,188.33999633789062,188.86000061035156,186.77999877929688,187.8300018310547,11440800,-0.0007982432900847153,0.19586863249032915,166.34519943237305
2023-04-06,186.88999938964844,187.25999450683594,185.9499969482422,186.49000549316406,6648400,-0.007159660374899705,0.19961527518264766,166.4244994354248
2023-04-10,185.17999267578125,185.36000061035156,184.19000244140625,185.11000061035156,6408100,-0.007427401530065852,0.20308915471138883,166.4934994506836
2023-04-11,185.91000366210938,186.50999450683594,185.63999938964844,186.27999877929688,6031500,0.00630066529229045,0.19336526239204688,166.57359947204588
2023-04-12,187.5399932861328,187.66000366210938,185.97000122070312,187.19000244140625,10000900,0.0048732452945133,0.18024025531330462,166.65909950256346
2023-04-13,189.75999450683594,190.41000366210938,188.99000549316406,189.72000122070312,14060100,0.013425150587981827,0.1814677315837887,166.75819953918457
2023-04-14,188.0800018310547,188.49000549316406,185.1699981689453,186.36000061035156,13272500,-0.017869017219899228,0.19484057162814133,166.8418995666504
2023-04-17,185.88999938964844,185.92999267578125,184.10000610351562,185.52999877929688,7468100,-0.00446370276447651,0.19617643950010788,166.92209953308105
2023-04-18,185.24000549316406,186.99000549316406,185.0399932861328,186.25,8056900,0.0038732698004284223,0.1704758362305621,167.01104949951173
2023-04-19,184.35000610351562,185.5800018310547,184.27999877929688,185.36000061035156,7373500,-0.004789973842758077,0.17151212837126972,167.09624946594238
2023-04-20,186.13999938964844,187.02999877929688,185.77999877929688,186.08999633789062,5789900,0.003930524556986942,0.15649826125012192,167.20294944763182
2023-04-21,184.97999572753906,185.67999267578125,183.22000122070312,184.25,10698700,-0.009936876904451757,0.15073141717172947,167.3134994506836
2023-04-24,184.07000732421875,185.02999877929688,183.4600067138672,184.80999755859375,8303400,0.0030347260178608367,0.14448629418747685,167.42639945983888
2023-04-25,184.83999633789062,186.22000122070312,184.3000030517578,185.75,8451900,0.005073426510561733,0.13973070177588956,167.54364944458007
2023-04-26,186.6300048828125,186.64999389648438,184.3000030517578,184.74000549316406,8203600,-0.005452222698837164,0.13692374629383358,167.660199508667
2023-04-27,183.89999389648438,184.99000549316406,183.3800048828125,184.75,9107400,5.4098929279836664e-05,0.13423340908404624,167.7797994995117
2023-04-28,184.7899932861328,185.3800048828125,184.1699981689453,184.8000030517578,6700400,0.0002706158931134578,0.13284063561374723,167.89579948425293
2023-05-01,186.0500030517578,186.22000122070312,183.91000366210938,183.97000122070312,7997700,-0.004501468248394752,0.13027839990508863,168.01899948120118
2023-05-02,184.64999389648438,187.63999938964844,184.52000427246094,187.52000427246094,14680600,0.01911282169964576,0.14459955961092774,168.1615495300293
2023-05-03,187.61000061035156,189.2100067138672,186.92999267578125,189.11000061035156,11133800,0.00844333039400089,0.14533345632469877,168.3112995147705
2023-05-04,188.86000061035156,191.36000061035156,188.80999755859375,190.44000244140625,14146800,0.007008337579460111,0.13304225469119574,168.46579956054688
2023-05-05,186.55999755859375,187.5800018310547,185.77000427246094,187.4600067138672,12508100,-0.015771672012865213,0.14465649265340047,168.61289962768555
2023-05-08,187.82000732421875,188.6699981689453,187.49000549316406,187.69000244140625,6075400,0.0012261535425393925,0.14239455034499005,168.74999961853027
2023-05-09,188.1199951171875,189.3300018310547,188.07000732421875,189.02000427246094,7098800,0.007061173494320752,0.1413219138748148,168.89174964904785
2023-05-10,188.97999572753906,189.63999938964844,187.82000732421875,188.75,9392100,-0.0014294640409972018,0.14019797794682526,169.03434967041017
2023-05-11,188.44000244140625,188.80999755859375,186.86000061035156,187.1300048828125,8245500,-0.008619799546280105,0.14281624695478484,169.16979972839354
2023-05-12,187.42999267578125,187.9199981689453,186.5800018310547,186.80999755859375,7087500,-0.001711544099310757,0.134235387560038,169.29549972534178
2023-05-15,187.3000030517578,187.8800048828125,187.02999877929688,187.2100067138672,5518100,0.0021389727993926496,0.11909876231926142,169.41334976196288
2023-05-16,186.5800018310547,186.82000732421875,184.4600067138672,184.8699951171875,9519500,-0.01257816833072297,0.1262209175877805,169.51719970703124
2023-05-17,184.30999755859375,184.4499969482422,183.47999572753906,184.22999572753906,7474300,-0.003467895133703326,0.12581928867910858,169.61319969177245
2023-05-18,182.10000610351562,182.27999877929688,181.33999633789062,181.83999633789062,8812600,-0.013057794413406836,0.13244081916536415,169.70214965820313
2023-05-19,182.25,184.33999633789062,181.80999755859375,183.63999938964844,8435000,0.009850156652287684,0.1366879826928882,169.79809967041015
2023-05-22,183.22000122070312,183.83999633789062,182.91000366210938,183.2100067138672,4834300,-0.002344243508491738,0.1326456431196453,169.87829971313477
2023-05-23,182.77999877929688,183.75999450683594,182.47999572753906,183.42999267578125,6345000,0.0012000108481294142,0.13222136129475673,169.968999710083
2023-05-24,183.5399932861328,183.5399932861328,181.77000427246094,181.9499969482422,6732900,-0.008101176111367243,0.13327587021212217,170.04529968261718
2023-05-25,181.17999267578125,181.30999755859375,180.10000610351562,180.1999969482422,6919200,-0.00966457904681634,0.13582953927645855,170.11029968261718
2023-05-26,181.00999450683594,181.3000030517578,180.08999633789062,180.9199981689453,5823700,0.003987606250000357,0.13696037705261957,170.18099967956542
2023-05-30,181.72000122070312,182.39999389648438,181.1699981689453,182.0399932861328,4906100,0.006171471778321201,0.13915661994742518,170.25949966430665
2023-05-31,182.38999938964844,183.4499969482422,182.10000610351562,182.32000732421875,8497900,0.001537018842589403,0.13865848638288694,170.3317497253418
2023-06-01,182.80999755859375,184.2100067138672,182.72000122070312,183.75999450683594,7300500,0.007867103377943253,0.12331167130384922,170.42199966430664
2023-06-02,183.52999877929688,183.55999755859375,180.9600067138672,181.0500030517578,8726100,-0.014857275420164701,0.12726636530118315,170.5001496887207
2023-06-05,180.7899932861328,182.44000244140625,180.60000610351562,182.13999938964844,5748800,0.0060023657211361265,0.12640659727521594,170.58909965515136
2023-06-06,182.36000061035156,182.64999389648438,181.52000427246094,182.33999633789062,4967200,0.0010974372841257363,0.11658012134564626,170.6811996459961
2023-06-07,181.94000244140625,183.0,180.14999389648438,180.14999389648438,9066500,-0.012083252758880945,0.12191421406950839,170.768349609375
2023-06-08,182.0,183.0399932861328,181.9600067138672,182.52999877929688,6394100,0.013124733073092816,0.1291571784686972,170.87279960632324
2023-06-09,182.36000061035156,182.7899932861328,181.72000122070312,182.0399932861328,4379200,-0.002688130119841765,0.12920200121174846,170.9691495513916
2023-06-12,181.8000030517578,181.94000244140625,181.0399932861328,181.8800048828125,4873600,-0.0008792504640156504,0.12675558292621222,171.06229957580567
2023-06-13,182.10000610351562,182.42999267578125,180.1699981689453,180.5399932861328,5126700,-0.00739483312084137,0.12847423542670003,171.14624954223632
2023-06-14,181.69000244140625,181.9600067138672,180.13999938964844,180.63999938964844,6807000,0.0005537743402144653,0.12800545296250826,171.2406495666504
2023-06-15,180.27999877929688,182.0500030517578,180.17999267578125,181.91000366210938,6739000,0.007005982383036308,0.12497939433871452,171.34089958190918
2023-06-16,181.92999267578125,182.6199951171875,181.41000366210938,181.6300048828125,8779100,-0.0015404017609150433,0.1246327395114385,171.44649963378907
2023-06-20,180.05999755859375,180.08999633789062,179.22000122070312,179.75,7584200,-0.010404681043488588,0.12161420648568204,171.54889961242677
2023-06-21,179.14999389648438,179.9499969482422,178.19000244140625,179.49000549316406,6702300,-0.0014474699268161662,0.11558800657303608,171.65699966430665
2023-06-22,178.36000061035156,178.99000549316406,177.6300048828125,177.7100067138672,7945000,-0.009966480697039254,0.11957834020898431,171.7492497253418
2023-06-23,179.60000610351562,179.9499969482422,178.08999633789062,178.1999969482422,5419800,0.0027534519339434175,0.12013214720220401,171.84859970092774
2023-06-26,179.0500030517578,179.0800018310547,178.4199981689453,178.50999450683594,3222100,0.0017380933759117798,0.1180098467916359,171.9414496612549
2023-06-27,179.07000732421875,179.2899932861328,177.42999267578125,177.69000244140625,5036900,-0.00460411859047838,0.11452977710265176,172.03499969482422
2023-06-28,177.22999572753906,177.69000244140625,176.6999969482422,177.27999877929688,5866700,-0.002310076023493695,0.11337617027709286,172.1222996520996
2023-06-29,175.8300018310547,177.6300048828125,175.7899932861328,177.08999633789062,6862500,-0.0010723394318449203,0.11036571774093704,172.204599609375
2023-06-30,177.69000244140625,178.52999877929688,177.32000732421875,178.27000427246094,6420900,0.006641221688667137,0.1134009879914231,172.30324966430663
2023-07-03,178.61000061035156,179.33999633789062,178.4600067138672,178.47000122070312,4085700,0.001121247777740352,0.10902587937751793,172.40594970703125
2023-07-05,179.41000366210938,179.4199981689453,177.8300018310547,177.83999633789062,5650600,-0.003536277643963551,0.09789191240269943,172.52024971008302
2023-07-06,177.50999450683594,177.8000030517578,176.66000366210938,177.30999755859375,5133000,-0.002984649764026069,0.0948669007705332,172.62759971618652
2023-07-07,178.3800048828125,179.64999389648438,178.35000610351562,178.63999938964844,5201100,0.007473004815488796,0.0993450655324841,172.74099967956542
2023-07-10,178.3699951171875,178.9199981689453,178.25999450683594,178.77999877929688,3320500,0.0007833887164984092,0.0908554222629916,172.85954963684082
2023-07-11,179.42999267578125,179.7100067138672,179.1300048828125,179.4499969482422,2818800,0.003740607755698653,0.07824160762239087,172.97784965515137
2023-07-12,181.17999267578125,181.9499969482422,181.10000610351562,181.8800048828125,7062000,0.013450555215707776,0.09210625895080618,173.1087496948242
2023-07-13,181.9600067138672,182.14999389648438,181.49000549316406,182.00999450683594,4527900,0.0007144446386035077,0.09208914775949907,173.25374969482422
2023-07-14,181.58999633789062,182.1699981689453,181.11000061035156,181.42999267578125,5390000,-0.0031917364290746223,0.0889131808868287,173.40474967956544
2023-07-17,180.99000549316406,181.6300048828125,180.63999938964844,181.55999755859375,4152400,0.0007163001287566721,0.08892232399158005,173.55484970092775
2023-07-18,182.7899932861328,184.22999572753906,182.32000732421875,183.63999938964844,8238000,0.011391151915954547,0.0942624469014139,173.69959968566894
2023-07-19,183.4499969482422,183.83999633789062,182.8699951171875,183.6699981689453,3911600,0.00016334311378929522,0.09399337240704315,173.84464965820314
2023-07-20,183.72999572753906,183.77000427246094,182.47000122070312,182.74000549316406,4972900,-0.005076251540707524,0.08778918426182904,173.9849996948242
2023-07-21,182.05999755859375,182.4600067138672,181.67999267578125,182.17999267578125,3845400,-0.003069238517008006,0.08848595638364098,174.10374969482422
2023-07-24,182.22000122070312,182.5399932861328,181.33999633789062,181.39999389648438,4370000,-0.0042906650791519445,0.08178945003237477,174.20724967956542
2023-07-25,181.72000122070312,182.47000122070312,181.10000610351562,182.41000366210938,4090100,0.0055524167407640206,0.08311864384481518,174.320249710083
2023-07-26,182.66000366210938,183.63999938964844,182.30999755859375,183.3000030517578,6158400,0.0048672507195615744,0.08411649559372311,174.43859970092774
2023-07-27,181.63999938964844,181.63999938964844,180.32000732421875,180.4199981689453,7592800,-0.015836715414990758,0.10124134226859069,174.5512996673584
2023-07-28,181.47999572753906,182.27000427246094,181.25,181.86000061035156,3828800,0.007949707574281263,0.10357600214134928,174.68319969177247
2023-07-31,182.42999267578125,183.08999633789062,182.30999755859375,182.35000610351562,5494800,0.002690787072192315,0.10334915892430105,174.8191497039795
2023-08-01,180.85000610351562,181.3800048828125,180.19000244140625,180.4600067138672,6239700,-0.010418766955581948,0.10916794888286702,174.941499710083
2023-08-02,180.57000732421875,180.7899932861328,179.41000366210938,179.60000610351562,6339700,-0.004776993918500052,0.11070173914823352,175.06494972229004
2023-08-03,179.44000244140625,179.9499969482422,179.27999877929688,179.5399932861328,4636300,-0.00033420291832367705,0.1098558674986064,175.197749710083
2023-08-04,180.25,180.77000427246094,179.85000610351562,180.19000244140625,5326200,0.003613876354074006,0.10963197579288081,175.33159973144532
2023-08-07,180.14999389648438,180.14999389648438,179.27000427246094,179.77999877929688,4510400,-0.002277988932518744,0.10729576385914674,175.4617497253418
2023-08-08,178.63999938964844,179.3300018310547,178.4600067138672,178.63999938964844,6162900,-0.006361270240024672,0.10971977100671602,175.596499710083
2023-08-09,178.67999267578125,178.9199981689453,177.77999877929688,177.7899932861328,4644000,-0.00476956334967285,0.10998775944108784,175.72819969177246
2023-08-10,178.22000122070312,178.6999969482422,177.5399932861328,177.60000610351562,5934600,-0.0010691758408616784,0.09769201360974593,175.8454497528076
2023-08-11,177.6999969482422,178.36000061035156,177.49000549316406,177.60000610351562,5289700,0.0,0.09755293895348591,175.9651998138428
2023-08-14,176.86000061035156,177.5800018310547,176.5800018310547,177.05999755859375,9554500,-0.003045220530389694,0.09751595466338678,176.08049980163574
2023-08-15,176.75,177.42999267578125,176.3300018310547,176.58999633789062,7582700,-0.0026580037072091345,0.09739794761349736,176.1885498046875
2023-08-16,176.6199951171875,176.9499969482422,175.55999755859375,175.57000732421875,6559400,-0.005792775189194925,0.0867450441765855,176.29269981384277
2023-08-17,176.52999877929688,176.55999755859375,174.92999267578125,175.3000030517578,7937700,-0.0015390561619561794,0.086375154344404,176.40339981079103
2023-08-18,175.8300018310547,176.05999755859375,175.10000610351562,175.3300018310547,6253000,0.0001711135895520659,0.08610186139232028,176.52049980163574
2023-08-21,175.89999389648438,175.94000244140625,174.9600067138672,175.80999755859375,4206400,0.00273392964256731,0.0875046839196621,176.63224975585936
2023-08-22,175.8300018310547,176.25,175.30999755859375,176.10000610351562,5892200,0.0016481975934526548,0.08770301599404944,176.7507997894287
2023-08-23,177.32000732421875,178.22000122070312,177.07000732421875,177.88999938964844,7949100,0.010113328144583607,0.09349812545413398,176.881199798584
2023-08-24,177.66000366210938,178.49000549316406,177.41000366210938,177.85000610351562,5526400,-0.0002248455933195227,0.09096791139034559,176.98809982299804
2023-08-25,177.5800018310547,178.3800048828125,176.6300048828125,177.6199951171875,6132800,-0.0012941233726573686,0.0744043617608864,177.0969497680664
2023-08-28,177.64999389648438,178.72999572753906,177.50999450683594,178.1300048828125,4740700,0.002867238875764686,0.06879250267031373,177.19034980773927
2023-08-29,178.02999877929688,179.8800048828125,177.89999389648438,179.8699951171875,7576600,0.00972069237763269,0.07731071802644891,177.29644981384277
2023-08-30,180.5800018310547,180.8800048828125,180.2899932861328,180.32000732421875,6593700,0.002498750315822613,0.0692822279731125,177.38064987182617
2023-08-31,180.3699951171875,180.49000549316406,179.94000244140625,180.02000427246094,4795600,-0.001665111347163996,0.0674130685446616,177.4579499053955
2023-09-01,180.8000030517578,181.1199951171875,179.50999450683594,180.11000061035156,4970700,0.0004997991755412262,0.06740554106880979,177.53389991760253
2023-09-05,179.3300018310547,179.44000244140625,178.63999938964844,178.63999938964844,7056800,-0.008195174622491511,0.07201682667098547,177.5995999145508
2023-09-06,178.3300018310547,179.00999450683594,177.6999969482422,177.8300018310547,6427200,-0.004544556063018457,0.07317572345605149,177.66314994812012
2023-09-07,178.30999755859375,178.3699951171875,177.89999389648438,178.02000427246094,3257200,0.0010678794784509471,0.0701662056716651,177.7336499786377
2023-09-08,178.36000061035156,179.0500030517578,177.89999389648438,178.0800018310547,3292700,0.0003369702787594387,0.06814507750184591,177.8101000213623
2023-09-11,178.97000122070312,179.07000732421875,178.25999450683594,178.41000366210938,3689100,0.0018513951035425602,0.06827669184660388,177.8927500152588
2023-09-12,177.11000061035156,177.6999969482422,177.0500030517578,177.49000549316406,4445400,-0.005169992663578624,0.07078618053258827,177.9698500061035
2023-09-13,177.52999877929688,177.75,177.0399932861328,177.0800018310547,3874800,-0.002312682045193072,0.07043757983374196,178.0398500061035
2023-09-14,176.5,177.38999938964844,176.36000061035156,177.1699981689453,6184400,0.0005080950731221542,0.0697799609439533,178.1095999908447
2023-09-15,178.5500030517578,179.11000061035156,178.33999633789062,178.33999633789062,5620900,0.00658210689497754,0.06965444662679471,178.19165000915527
2023-09-18,178.82000732421875,179.41000366210938,178.3800048828125,179.38999938964844,5049300,0.00587038313631886,0.07130207361837,178.27495002746582
2023-09-19,179.5399932861328,179.64999389648438,179.02999877929688,179.22000122070312,4224700,-0.0009480950413542692,0.07159026777282984,178.34700004577635
2023-09-20,179.33999633789062,180.66000366210938,179.32000732421875,179.35000610351562,9328000,0.0007251297423292754,0.07133085737390521,178.4045500946045
2023-09-21,177.86000061035156,178.49000549316406,177.69000244140625,178.0500030517578,7571900,-0.0072748111459232075,0.07672274213622804,178.4585001373291
2023-09-22,178.64999389648438,178.9499969482422,178.50999450683594,178.6199951171875,3634800,0.0031961900557462815,0.0692031536064413,178.5296501159668
2023-09-25,178.41000366210938,178.7100067138672,177.63999938964844,177.6999969482422,5582100,-0.005163898932470834,0.07165238712279835,178.59395011901856
2023-09-26,176.8300018310547,177.13999938964844,176.16000366210938,176.27999877929688,7181100,-0.008023084937964609,0.07674661133434701,178.64370010375976
2023-09-27,175.27000427246094,175.32000732421875,173.6999969482422,174.10000610351562,10919600,-0.012443751217319037,0.08635818789094975,178.68185012817383
2023-09-28,173.91000366210938,174.13999938964844,172.32000732421875,173.22999572753906,10061900,-0.005009715204337903,0.0777731887573247,178.71270011901856
2023-09-29,173.9199981689453,174.02999877929688,171.27000427246094,171.4499969482422,10427400,-0.010328505518099336,0.08146430921714556,178.74155014038087
2023-10-02,170.22999572753906,170.4600067138672,169.5,169.64999389648438,12706000,-0.0105542058560987,0.08613689625386219,178.7472501373291
2023-10-03,169.13999938964844,170.0800018310547,168.75,169.16000366210938,11459800,-0.002892421000056923,0.08528429714802462,178.75255012512207
2023-10-04,169.2100067138672,169.41000366210938,168.5,169.13999938964844,10034600,-0.00011826350756014561,0.08364296582564244,178.77150009155272
2023-10-05,168.74000549316406,169.0,168.3000030517578,168.8300018310547,6970200,-0.0018344684108627424,0.08337642214786735,178.78170013427734
2023-10-06,169.1699981689453,170.22999572753906,168.5,169.6999969482422,9948400,0.005139851922273756,0.08668307485359147,178.79860008239746
2023-10-09,171.17999267578125,172.86000061035156,171.0800018310547,172.82000732421875,10201500,0.018218478536943455,0.1119367267411493,178.81730010986328
2023-10-10,172.0800018310547,172.8000030517578,171.89999389648438,172.52999877929688,5844000,-0.0016795054754092334,0.11129989175439108,178.83595008850097
2023-10-11,173.60000610351562,174.1300048828125,173.25999450683594,173.7899932861328,7128000,0.007276507826110017,0.11456709295203436,178.87110008239745
2023-10-12,174.05999755859375,174.22999572753906,173.24000549316406,173.25999450683594,5912700,-0.0030543103873241243,0.11470262581755365,178.90110008239745
2023-10-13,176.88999938964844,179.10000610351562,176.72000122070312,178.8300018310547,18796500,0.03164231938177581,0.16125196150011128,178.951900100708
2023-10-16,177.83999633789062,178.3300018310547,177.5399932861328,177.9600067138672,8385400,-0.004876800474351656,0.16064069589464836,179.0021501159668
2023-10-17,178.3699951171875,179.1300048828125,177.97999572753906,178.2899932861328,8231900,0.0018525567250013085,0.15935649552131487,179.04935005187988
2023-10-18,180.88999938964844,182.02000427246094,179.75,180.8699951171875,13920800,0.014367113783494704,0.16720134636144615,179.1055000305176
2023-10-19,181.0399932861328,183.42999267578125,180.82000732421875,183.08999633789062,13406600,0.012199301049654077,0.1721036181492712,179.16565002441405
2023-10-20,183.42999267578125,185.22999572753906,183.08999633789062,183.58999633789062,12785700,0.0027271753020748097,0.16952522961671485,179.22025001525878
2023-10-23,183.50999450683594,183.55999755859375,182.7100067138672,182.97000122070312,9479800,-0.0033827788768209456,0.17020634840943233,179.2825
2023-10-24,182.07000732421875,183.39999389648438,181.67999267578125,182.9499969482422,6594000,-0.00010933686369138149,0.16873970422284107,179.32869995117187
2023-10-25,183.4199981689453,184.3000030517578,182.0399932861328,183.72000122070312,10087000,0.004199991317574014,0.16543150021201272,179.37679992675783
2023-10-26,183.39999389648438,184.49000549316406,182.8699951171875,184.00999450683594,7671400,0.00157720800379265,0.15695337561215258,179.42314987182618
2023-10-27,183.75999450683594,186.36000061035156,183.47000122070312,186.14999389648438,14102800,0.011562693424814757,0.15727992872257354,179.48079986572264
2023-10-30,185.5399932861328,185.6999969482422,184.72999572753906,185.10000610351562,8756400,-0.0056565149769635704,0.15290391058118713,179.523099899292
2023-10-31,185.0800018310547,186.2100067138672,183.5,184.08999633789062,10104600,-0.005471503988171267,0.14788697166580014,179.54974990844727
2023-11-01,183.91000366210938,185.0,182.6699981689453,183.50999450683594,9048600,-0.0031556165767174377,0.14804178936149093,179.579349899292
2023-11-02,184.1300048828125,184.27999877929688,183.5,184.1199951171875,7343700,0.0033185604405963163,0.14735013266077596,179.61454986572267
2023-11-03,184.47999572753906,185.47000122070312,184.35000610351562,184.7899932861328,8530400,0.0036323164276059108,0.14581244433018875,179.63904983520507
2023-11-06,184.13999938964844,184.22999572753906,183.33999633789062,183.35000610351562,8274700,-0.00782308105070571,0.15167003821721148,179.65934989929198
2023-11-07,182.25,182.64999389648438,181.75,182.58999633789062,6795800,-0.004153745714032089,0.1442767106037427,179.6741498565674
2023-11-08,182.00999450683594,182.07000732421875,180.57000732421875,180.77000427246094,6738300,-0.010017653470627112,0.1501772582899934,179.6765998840332
2023-11-09,180.97999572753906,182.27999877929688,180.88999938964844,181.49000549316406,6486300,0.003975057413790778,0.1492094369880146,179.67849990844726
2023-11-10,180.50999450683594,180.58999633789062,179.25,179.50999450683594,7606600,-0.010969699953245399,0.15503651186023898,179.67869987487794
2023-11-13,179.39999389648438,180.72999572753906,179.11000061035156,180.50999450683594,5385900,0.005555261386915847,0.11185089487537422,179.6851498413086
2023-11-14,181.6999969482422,182.75,181.6199951171875,182.1199951171875,6831600,0.008879636186604733,0.11373890869588643,179.70194984436034
2023-11-15,182.02999877929688,182.17999267578125,181.30999755859375,181.63999938964844,4909400,-0.0026390807860946154,0.11442680239012383,179.71309982299806
2023-11-16,182.85000610351562,184.32000732421875,182.8000030517578,183.69000244140625,8253300,0.011222864579353571,0.11019975822443996,179.72319984436035
2023-11-17,183.9600067138672,184.1300048828125,183.4499969482422,183.6699981689453,4871100,-0.00010890827769753537,0.10201263149825093,179.75204986572265
2023-11-20,182.32000732421875,183.47999572753906,182.22999572753906,183.3699951171875,5389300,-0.0016347162383040547,0.10174318226336064,179.80159980773925
2023-11-21,185.57000732421875,186.1199951171875,185.07000732421875,185.35000610351562,7322400,0.010740019593542038,0.10752453020655088,179.85924980163574
2023-11-22,185.47000122070312,185.72000122070312,184.27000427246094,184.55999755859375,4337700,-0.004271361889171939,0.10883661320994659,179.91214981079102
2023-11-24,185.47000122070312,185.75,185.16000366210938,185.52000427246094,2445100,0.005188115339681599,0.10932208682677567,179.96769981384278
2023-11-27,186.55999755859375,186.8000030517578,185.92999267578125,186.77000427246094,6320400,0.006715220224108336,0.11141009145695015,180.0363998413086
2023-11-28,187.89999389648438,189.39999389648438,187.52000427246094,189.25999450683594,10901900,0.013243765854618068,0.11360421698380158,180.115899810791
2023-11-29,189.16000366210938,189.99000549316406,189.02000427246094,189.5399932861328,8407300,0.0014783465644929395,0.11116609048262774,180.20119979858399
2023-11-30,188.88999938964844,189.24000549316406,188.27999877929688,188.75,7558100,-0.004176660491012712,0.11028441585148342,180.28189979553224
2023-12-01,188.80999755859375,192.39999389648438,188.69000244140625,192.00999450683594,16727600,0.0171240372669512,0.12197048386100086,180.38749977111817
2023-12-04,189.60000610351562,190.3800048828125,187.25999450683594,187.86000061035156,18460500,-0.021850417580745678,0.1474490898925254,180.4730497741699
2023-12-05,187.5500030517578,187.8800048828125,186.3000030517578,187.14999389648438,7027700,-0.003786606077863042,0.1479920942473352,180.55249977111816
2023-12-06,188.32000732421875,188.4600067138672,187.5,187.83999633789062,5778600,0.003680115406357525,0.14507448832331862,180.63859977722169
2023-12-07,188.4499969482422,188.58999633789062,187.25999450683594,188.14999389648438,5802000,0.001648967455985853,0.14378735444925075,180.73104972839354
2023-12-08,185.92999267578125,186.77999877929688,184.89999389648438,185.63999938964844,7883200,-0.013430173514668298,0.1476443550109976,180.8113996887207
2023-12-11,184.5,184.52999877929688,183.14999389648438,183.58999633789062,8519500,-0.011104320560253362,0.15329065341109827,180.88759963989258
2023-12-12,183.83999633789062,183.97999572753906,183.25999450683594,183.49000549316406,5056900,-0.0005447904909059331,0.1475683759268984,180.9599996948242
2023-12-13,183.82000732421875,187.66000366210938,183.3800048828125,187.6300048828125,10635500,0.02231176448891427,0.1644707457421149,181.0492497253418
2023-12-14,188.86000061035156,189.82000732421875,188.0800018310547,188.72999572753906,9107200,0.005845435089187853,0.16316557790143602,181.1390997314453
2023-12-15,188.52000427246094,188.9600067138672,186.82000732421875,187.0,8324800,-0.009208782757507668,0.16690991330869043,181.22079971313477
2023-12-18,187.5,188.49000549316406,187.24000549316406,187.85000610351562,5358000,0.004535187656823467,0.1635164354931649,181.2975997161865
2023-12-19,188.22999572753906,189.72000122070312,188.1300048828125,189.1300048828125,6025600,0.006790830606181505,0.16463458906256878,181.38514976501466
2023-12-20,188.69000244140625,188.9600067138672,188.08999633789062,188.10000610351562,6002400,-0.005460866362358439,0.16604920496678482,181.48254981994629
2023-12-21,189.2100067138672,189.6199951171875,188.75,189.42999267578125,4620000,0.007045755720440373,0.16385714627903208,181.58699981689452
2023-12-22,191.60000610351562,191.8800048828125,190.07000732421875,190.27000427246094,7176300,0.004424614031362936,0.1630747475034253,181.68734985351563
2023-12-26,190.97000122070312,191.74000549316406,190.39999389648438,191.72000122070312,4502700,0.007591842151508473,0.16397891337364323,181.7765998840332
2023-12-27,191.77000427246094,193.17999267578125,191.5399932861328,192.58999633789062,5813300,0.0045275772625212145,0.16328689679191755,181.8502498626709
2023-12-28,192.33999633789062,192.88999938964844,191.44000244140625,191.47000122070312,6171500,-0.005832413160524644,0.15926492373685297,181.92344985961915
2023-12-29,190.99000549316406,191.63999938964844,190.74000549316406,191.1699981689453,4612300,-0.001568069797763166,0.1593914432749642,181.98824981689452
2024-01-02,191.44000244140625,191.88999938964844,190.5,190.72000122070312,6025600,-0.0023566846852945507,0.15885566631785322,182.04899978637695
2024-01-03,188.77000427246094,189.86000061035156,188.16000366210938,189.1300048828125,8661600,-0.008371755159892112,0.14950292528370468,182.07579978942871
2024-01-04,189.0800018310547,189.75,188.69000244140625,189.32000732421875,4416700,0.0010041086074332737,0.1282542481189029,182.10319984436035
2024-01-05,189.67999267578125,191.25999450683594,189.0800018310547,189.35000610351562,7481900,0.00015844285681933427,0.1273688224614358,182.148099899292
2024-01-08,187.2100067138672,188.74000549316406,187.11000061035156,187.8699951171875,6215000,-0.00784697829301582,0.13003826789424106,182.1702498626709
2024-01-09,188.67999267578125,188.77999877929688,187.72999572753906,187.92999267578125,4437300,0.0003193058065587502,0.12990831069237055,182.18119979858398
2024-01-10,188.13999938964844,188.44000244140625,187.2100067138672,187.5,4504700,-0.0022906686849215973,0.12087519723603278,182.20044982910156
2024-01-11,188.02000427246094,188.5500030517578,186.55999755859375,187.8699951171875,6831100,0.001971362878362661,0.11334509816658002,182.2300498199463
2024-01-12,190.6699981689453,191.0800018310547,189.16000366210938,189.7100067138672,6833700,0.009746417465784744,0.11701340924215245,182.2613998413086
2024-01-16,189.14999389648438,189.25999450683594,187.5399932861328,187.91000366210938,6548100,-0.009533481464917172,0.09607448574646031,182.28829986572265
2024-01-17,187.30999755859375,187.4199981689453,185.4499969482422,185.83999633789062,8643200,-0.011077075533253638,0.10101621050584626,182.2965998840332
2024-01-18,186.36000061035156,187.39999389648438,186.3000030517578,187.3699951171875,4685200,0.0081991767942437,0.10061490379870451,182.31734985351562
2024-01-19,188.25999450683594,188.3000030517578,187.44000244140625,187.92999267578125,5719700,0.0029842685447011067,0.09989320449762341,182.33429985046388
2024-01-22,187.22999572753906,187.75999450683594,186.85000610351562,187.22000122070312,4397500,-0.003785111631635069,0.09755209889586182,182.3304998779297
2024-01-23,187.4499969482422,188.14999389648438,187.27999877929688,187.9499969482422,5040800,0.0038915513093621982,0.09691706565712088,182.33109985351564
2024-01-24,188.3300018310547,188.3699951171875,186.32000732421875,186.39999389648438,6085400,-0.008281084265806402,0.09734403539629516,182.33064979553222
2024-01-25,187.33999633789062,187.63999938964844,186.4600067138672,187.13999938964844,4651000,0.003962127078988696,0.09704592523463096,182.3407997894287
2024-01-26,187.27000427246094,187.3800048828125,186.75999450683594,187.00999450683594,5064800,-0.0006949345993064864,0.09215006779753561,182.3444497680664
2024-01-29,188.30999755859375,188.5399932861328,187.19000244140625,188.3300018310547,5629700,0.007033690942252051,0.0944867261223743,182.35014976501463
2024-01-30,189.6999969482422,189.8300018310547,187.97999572753906,188.58999633789062,4976500,0.0013795741766668092,0.09319591856264063,182.34449974060058
2024-01-31,189.3699951171875,190.4600067138672,188.1300048828125,188.4499969482422,7886100,-0.0007426235867567754,0.0931453173569516,182.35494972229003
2024-02-01,189.7100067138672,191.36000061035156,188.99000549316406,190.41000366210938,10278100,0.010346957700093572,0.10038251002222308,182.3793497467041
2024-02-02,188.07000732421875,188.8699951171875,187.85000610351562,188.61000061035156,7337600,-0.009498266920115546,0.10162350033420678,182.39114974975587
2024-02-05,186.8800048828125,187.82000732421875,186.6999969482422,187.57000732421875,5436100,-0.005529246178959096,0.10321167596010486,182.4021997833252
2024-02-06,187.94000244140625,188.85000610351562,187.74000549316406,188.5500030517578,4866100,0.0052110917695982265,0.10504989999985098,182.41449981689453
2024-02-07,188.4499969482422,189.38999938964844,188.27999877929688,188.5,6276900,-0.0002652330017039186,0.10131413104870868,182.43574981689454
2024-02-08,187.91000366210938,188.52999877929688,187.82000732421875,188.3300018310547,3873300,-0.0009022539588233346,0.10137819195560048,182.45334983825683
2024-02-09,187.55999755859375,187.77000427246094,187.13999938964844,187.60000610351562,4412600,-0.003883683822386861,0.10200005533788048,182.46259986877442
2024-02-12,186.60000610351562,187.27000427246094,186.36000061035156,187.11000061035156,4706300,-0.0026153866387210066,0.1021349271109269,182.47444984436035
2024-02-13,185.35000610351562,185.3800048828125,184.3300018310547,184.52999877929688,9525800,-0.01388463719494907,0.1058947620915647,182.47334983825684
2024-02-14,184.27000427246094,184.8800048828125,183.77999877929688,184.4199981689453,7031600,-0.0005962900909107332,0.10159716516452216,182.47144981384278
2024-02-15,185.60000610351562,186.02000427246094,185.10000610351562,185.66000366210938,6228900,0.00670130851432818,0.09773481522604488,182.4798998260498
2024-02-16,185.0800018310547,186.6699981689453,184.83999633789062,186.33999633789062,6518500,0.0036558786728406838,0.09410513775773952,182.47399978637696
2024-02-20,187.9600067138672,188.02999877929688,187.39999389648438,187.47000122070312,5531200,0.006045896751115412,0.09601435866643573,182.4657997894287
2024-02-21,187.8800048828125,188.0399932861328,187.10000610351562,187.47999572753906,5789200,5.331114505738622e-05,0.09508269966628469,182.45099975585939
2024-02-22,187.55999755859375,187.63999938964844,187.0500030517578,187.55999755859375,4550800,0.0004266309391015458,0.09407849546243276,182.451499710083
2024-02-23,187.55999755859375,189.17999267578125,187.4600067138672,188.6199951171875,6827300,0.005635602023986148,0.09113375708103183,182.4561496734619
2024-02-26,187.7899932861328,188.36000061035156,187.52999877929688,188.1999969482422,4491900,-0.002229172292928307,0.09074765169373994,182.45204963684083
2024-02-27,188.5800018310547,188.72000122070312,187.8800048828125,188.0,5165400,-0.0010632481058260926,0.0908058949523275,182.44829963684083
2024-02-28,188.33999633789062,188.52000427246094,188.02999877929688,188.33999633789062,2824100,0.001806857807827473,0.08763682763912686,182.45434959411622
2024-02-29,189.63999938964844,189.9199981689453,189.22999572753906,189.30999755859375,6848600,0.0051370494877010335,0.08933099891625926,182.4668495941162
2024-03-01,190.27000427246094,193.39999389648438,189.44000244140625,192.88999938964844,13411000,0.018734204946424127,0.10990285353549108,182.49524955749513
2024-03-04,194.14999389648438,196.3300018310547,193.8800048828125,196.00999450683594,12216300,0.016045575240364,0.11745193768419723,182.55094955444335
2024-03-05,197.44000244140625,198.13999938964844,196.64999389648438,197.19000244140625,9672200,0.006002093012312608,0.11148466457034555,182.6157495880127
2024-03-06,198.0800018310547,199.3000030517578,197.44000244140625,198.80999755859375,10459300,0.008181839163568716,0.1097376319531645,182.7005995941162
2024-03-07,199.5399932861328,200.11000061035156,198.91000366210938,199.94000244140625,8403700,0.005667751261581818,0.10987687168062436,182.782099609375
2024-03-08,200.88999938964844,203.3000030517578,200.4499969482422,201.6300048828125,13540100,0.008417025116951235,0.11094311661758147,182.87419960021973
2024-03-11,201.7100067138672,202.41000366210938,201.4600067138672,202.0,7329600,0.0018333385345244608,0.11006785324854407,182.9670496368408
2024-03-12,200.4199981689453,200.6300048828125,199.16000366210938,199.7899932861328,9436600,-0.011000916093968595,0.11839683035651007,183.05624961853027
2024-03-13,200.44000244140625,201.86000061035156,200.35000610351562,201.19000244140625,5930000,0.006982966028737541,0.11732702300072592,183.1611996459961
2024-03-14,200.3699951171875,200.47000122070312,199.33999633789062,200.35000610351562,6865000,-0.004183879789555109,0.10322827768029884,183.25834968566895
2024-03-15,199.94000244140625,200.6300048828125,199.57000732421875,199.7100067138672,4556700,-0.003199519647615261,0.10504031185985471,183.3466997528076
2024-03-18,199.66000366210938,200.14999389648438,199.50999450683594,200.02999877929688,7206800,0.0016010012977577042,0.10474641597984283,183.435249710083
2024-03-19,199.6199951171875,199.80999755859375,198.94000244140625,199.8000030517578,4657500,-0.0011504677080451668,0.10600094752575201,183.51544975280763
2024-03-20,199.16000366210938,202.66000366210938,199.1199951171875,202.17999267578125,9593800,0.011841472011166752,0.10971422797703442,183.62109970092774
2024-03-21,203.8800048828125,203.9199981689453,200.60000610351562,201.97000122070312,7396500,-0.0010391759354036452,0.11022294496745506,183.720249710083
2024-03-22,201.32000732421875,201.86000061035156,199.72000122070312,200.35000610351562,6918500,-0.008053310017860683,0.11695473212150748,183.81029975891113
2024-03-25,201.19000244140625,201.9499969482422,200.97000122070312,200.99000549316406,4034800,0.0031893153617754324,0.11660384110199858,183.91449981689453
2024-03-26,202.64999389648438,202.75999450683594,201.07000732421875,201.63999938964844,5752700,0.0032287432792988957,0.11502735889032104,184.0100498199463
2024-03-27,202.32000732421875,203.22000122070312,202.32000732421875,203.10000610351562,6041000,0.007214572450621008,0.11465851140537862,184.1153498840332
2024-03-28,204.5399932861328,206.0500030517578,203.8699951171875,205.72000122070312,9194500,0.01281752820240996,0.11866745098666627,184.23454986572267
2024-04-01,208.67999267578125,208.72999572753906,206.2899932861328,207.82000732421875,13677100,0.01015632882706488,0.1204259133394134,184.37094993591307
2024-04-02,209.07000732421875,211.02999877929688,208.36000061035156,210.88999938964844,13421100,0.014664311961913869,0.1150450507073779,184.52219993591308
2024-04-03,210.57000732421875,212.8300018310547,210.3000030517578,212.74000549316406,11416200,0.008734121015036823,0.10818151490009452,184.67634994506835
2024-04-04,212.0,213.4499969482422,211.02000427246094,211.52000427246094,12307300,-0.005751211782367559,0.11286447587754783,184.8257999420166
2024-04-05,212.49000549316406,215.74000549316406,212.22000122070312,215.13999938964844,13382700,0.01696939930469014,0.12139657367515641,185.00274993896485
2024-04-08,215.97999572753906,216.80999755859375,214.61000061035156,216.47999572753906,10331400,0.006209168519561672,0.12151826156628197,185.1876998901367
2024-04-09,217.80999755859375,218.86000061035156,216.4499969482422,217.6699981689453,13069900,0.005482001328254476,0.12052986724164858,185.3874998474121
2024-04-10,215.3699951171875,217.77999877929688,214.67999267578125,215.61000061035156,13317500,-0.009508923035404604,0.12879844915319058,185.57454986572264
2024-04-11,216.85000610351562,219.83999633789062,215.88999938964844,219.8000030517578,11415200,0.01924683287449554,0.12967679116711836,185.78099990844726
2024-04-12,221.8699951171875,225.08999633789062,216.02000427246094,216.88999938964844,30898800,-0.013327746093360097,0.1432434968832021,185.97699989318846
2024-04-15,217.94000244140625,221.02999877929688,215.16000366210938,220.9499969482422,13239000,0.01854610800435578,0.14923969424914393,186.1953498840332
2024-04-16,220.17999267578125,221.99000549316406,218.77999877929688,221.22000122070312,10746100,0.0012212692273934644,0.14707606835114215,186.41599990844728
2024-04-17,221.0500030517578,221.75999450683594,218.52000427246094,219.58999633789062,11521100,-0.007395532411290297,0.1527873523473273,186.62259986877442
2024-04-18,221.30999755859375,221.4600067138672,219.30999755859375,220.33999633789062,6496900,0.0034096367107846366,0.15149515908877886,186.83194984436034
2024-04-19,220.49000549316406,222.36000061035156,220.0800018310547,221.02999877929688,8689000,0.0031266420969041134,0.1492814770194303,187.04789985656737
2024-04-22,216.35000610351562,216.9600067138672,215.13999938964844,215.57000732421875,13404300,-0.025012716627157542,0.17992757412169574,187.2391999053955
2024-04-23,213.9600067138672,215.86000061035156,213.8699951171875,215.0399932861328,10730300,-0.0024616906480957905,0.17657032683893967,187.42119987487794
2024-04-24,214.75999450683594,216.35000610351562,214.36000061035156,214.63999938964844,5741100,-0.0018618228395408355,0.17749979047840092,187.60049987792968
2024-04-25,214.47000122070312,217.0500030517578,214.33999633789062,215.9199981689453,6606500,0.005945756955740473,0.17776838113468027,187.7828498840332
2024-04-26,216.77000427246094,217.07000732421875,215.52999877929688,216.6199951171875,6268500,0.0032366836371748075,0.17718603622790777,187.95654983520507
2024-04-29,216.02000427246094,217.22000122070312,215.25,216.17999267578125,6409900,-0.002033283758808563,0.1743361874585319,188.1273998260498
2024-04-30,213.3800048828125,214.1300048828125,211.8000030517578,211.8699951171875,11248600,-0.02013850411793736,0.18829700983604467,188.27959983825684
2024-05-01,212.9600067138672,215.5,212.41000366210938,213.7899932861328,10373900,0.009021337418355644,0.18407408287606888,188.44074981689454
2024-05-02,211.89999389648438,213.7100067138672,211.49000549316406,213.1300048828125,6287000,-0.003091862325121168,0.18207809814117612,188.58819984436036
2024-05-03,212.88999938964844,213.22999572753906,210.7100067138672,212.9600067138672,8679900,-0.0007979449099420573,0.18088141387585996,188.73464988708497
2024-05-06,215.13999938964844,215.91000366210938,214.47000122070312,215.1999969482422,6840500,0.010463427933373832,0.17463346426408707,188.89694984436036
2024-05-07,214.52000427246094,214.92999267578125,213.8800048828125,214.2100067138672,5660700,-0.00461094049941965,0.17381694576716009,189.05709991455078
2024-05-08,213.6199951171875,214.8000030517578,213.5,213.5800018310547,4462700,-0.0029453952906236033,0.1726087061768091,189.21799995422364
2024-05-09,214.47999572753906,216.9499969482422,214.44000244140625,216.9499969482422,7732500,0.01565541986116323,0.17870504750272903,189.3906999206543
2024-05-10,219.22000122070312,219.60000610351562,218.0800018310547,218.7100067138672,8700900,0.008079783894319735,0.1676266998049375,189.56774993896485
2024-05-13,217.05999755859375,217.30999755859375,215.8000030517578,216.25999450683594,4896300,-0.011265319955387511,0.16573886876621247,189.7469499206543
2024-05-14,217.30999755859375,218.3800048828125,216.97999572753906,218.08999633789062,4662700,0.008426442720749588,0.15470421073631402,189.928099899292
2024-05-15,219.05999755859375,221.19000244140625,217.64999389648438,220.88999938964844,9297700,0.012757032448187955,0.16144862117590159,190.12079986572266
2024-05-16,220.13999938964844,220.58999633789062,219.41000366210938,220.02999877929688,4301700,-0.003900942141432421,0.15989742252418238,190.3186498260498
2024-05-17,222.17999267578125,223.85000610351562,221.6699981689453,223.66000366210938,10481900,0.016363162829441925,0.1693003251523731,190.53894981384278
2024-05-20,223.7899932861328,225.66000366210938,223.02000427246094,224.55999755859375,5990900,0.004015863208074463,0.16948803314543684,190.76404983520507
2024-05-21,224.77000427246094,225.2100067138672,223.6999969482422,224.22999572753906,4002600,-0.0014706294501547247,0.1417401771993179,190.98424980163574
2024-05-22,223.08999633789062,223.24000549316406,219.74000549316406,220.11000061035156,8903100,-0.018544867564565665,0.1579625519219049,191.18589981079103
2024-05-23,218.77999877929688,219.22999572753906,215.66000366210938,215.72000122070312,9537900,-0.02014614803918644,0.17416409924864149,191.3712998199463
2024-05-24,216.9600067138672,217.2100067138672,215.74000549316406,215.9199981689453,4212400,0.0009266841017383871,0.1729555803229247,191.56194984436036
2024-05-28,218.42999267578125,218.58999633789062,217.2100067138672,218.19000244140625,3809700,0.01045829379441463,0.17643264749822604,191.7648998260498
2024-05-29,216.9199981689453,217.16000366210938,216.1199951171875,216.16000366210938,4185000,-0.009347362870368763,0.17946747820203177,191.95769981384277
2024-05-30,216.69000244140625,217.50999450683594,216.41000366210938,216.57000732421875,3068800,0.0018949634848045166,0.16387475032656587,192.1552498626709
2024-05-31,217.77000427246094,217.9600067138672,214.64999389648438,215.3000030517578,5617200,-0.005881436093592545,0.16286332146089835,192.34879989624022
2024-06-03,215.9199981689453,217.82000732421875,215.5399932861328,217.22000122070312,6172600,0.008878251926791354,0.16495489216078485,192.55704986572266
2024-06-04,216.24000549316406,216.24000549316406,214.1999969482422,215.27000427246094,5509400,-0.00901759641821021,0.16844477226168902,192.75689987182616
2024-06-05,216.69000244140625,218.0800018310547,215.92999267578125,217.82000732421875,5479200,0.011775993219294973,0.1694798433401505,192.96934989929198
2024-06-06,218.36000061035156,219.97000122070312,218.10000610351562,219.42999267578125,5283900,0.0073641743967564136,0.1699379424334324,193.18744987487793
2024-06-07,215.07000732421875,215.19000244140625,211.5399932861328,211.60000610351562,12195100,-0.036335512840658196,0.21377732757223933,193.36494987487794
2024-06-10,213.1300048828125,214.02000427246094,212.75999450683594,213.5399932861328,4215300,0.009126408480625946,0.20871872681584963,193.54319984436034
2024-06-11,213.9499969482422,214.3800048828125,213.24000549316406,214.14999389648438,4004100,0.0028525382508942246,0.20670678968647285,193.7246997833252
2024-06-12,216.47000122070312,216.5500030517578,214.1999969482422,214.72000122070312,5911900,0.002658183908153708,0.20360112403367037,193.91019981384278
2024-06-13,214.44000244140625,214.9600067138672,212.25999450683594,212.97000122070312,5861100,-0.008183543017197694,0.20271803891085008,194.08439979553222
2024-06-14,215.33999633789062,216.0399932861328,214.97999572753906,215.72999572753906,7076500,0.012876289526632455,0.20282137992804794,194.26369979858399
2024-06-17,214.89999389648438,215.24000549316406,213.60000610351562,214.61000061035156,3877700,-0.005205175700450875,0.20309638434227542,194.43514976501464
2024-06-18,214.3800048828125,215.8300018310547,214.0399932861328,215.47000122070312,4921400,0.0039992641040523845,0.19394383217707106,194.61239974975587
2024-06-20,216.32000732421875,218.74000549316406,216.14999389648438,218.16000366210938,7290500,0.012407060942233438,0.19920840240357912,194.80264976501465
2024-06-21,217.8300018310547,217.89999389648438,214.25999450683594,214.77999877929688,8865600,-0.015614512577113812,0.20522670588115238,194.9833497619629
2024-06-24,215.5500030517578,215.94000244140625,215.1999969482422,215.6300048828125,4626900,0.0039497558204108826,0.19707856312723393,195.17234977722168
2024-06-25,214.9600067138672,215.30999755859375,214.1199951171875,214.55999755859375,3820900,-0.004974590412272679,0.18513267721394772,195.35504974365233
2024-06-26,212.38999938964844,213.11000061035156,212.1199951171875,212.5800018310547,4690300,-0.009271011435783051,0.1876643319426035,195.52754974365234
2024-06-27,214.7100067138672,215.5,214.4499969482422,214.99000549316406,4977800,0.011273144249924162,0.18829728112695468,195.71044975280762
2024-06-28,215.63999938964844,215.80999755859375,214.82000732421875,215.00999450683594,3955100,9.297215668029186e-05,0.18565822012225988,195.898049697876
2024-07-01,215.25,216.0,214.49000549316406,215.57000732421875,3797900,0.0026012036358740546,0.18577730207270904,196.0904997253418
2024-07-02,215.3300018310547,216.0800018310547,214.6199951171875,215.55999755859375,4921700,-4.643502198142268e-05,0.18463304351591314,196.28244972229004
2024-07-03,217.33999633789062,218.74000549316406,217.3300018310547,217.99000549316406,5055300,0.01120993363706169,0.18620659628640715,196.48069976806642
2024-07-05,219.5800018310547,221.27999877929688,219.5800018310547,220.92999267578125,5950600,0.013396660734694752,0.18844896998433433,196.68839973449707
2024-07-08,219.63999938964844,220.0399932861328,217.41000366210938,218.19000244140625,5790800,-0.012479622087256387,0.1900801366992072,196.88324974060058
2024-07-09,218.57000732421875,219.2899932861328,217.27000427246094,218.55999755859375,3901500,0.00169431118809057,0.18834961275287557,197.07929969787597
2024-07-10,220.13999938964844,220.7100067138672,219.16000366210938,219.36000061035156,5556200,0.003653653384415314,0.13505383181421135,197.28584968566895
2024-07-11,222.64999389648438,224.14999389648438,221.47999572753906,223.25,9322000,0.017578001160184497,0.1437885885148665,197.508999710083
2024-07-12,222.02999877929688,223.6199951171875,221.86000061035156,223.11000061035156,5179300,-0.0006272936376368344,0.1440694783027318,197.73604972839357
2024-07-15,223.38999938964844,225.58999633789062,223.02000427246094,223.8300018310547,5719300,0.0032219172131206842,0.14411753107204522,197.97379974365234
2024-07-16,225.4499969482422,228.2899932861328,225.3000030517578,228.2899932861328,11070700,0.01972987782004887,0.1515634809615854,198.24474967956542
2024-07-17,228.7899932861328,229.64999389648438,226.6699981689453,227.22999572753906,8620500,-0.0046540195707980275,0.14977400032101681,198.51474967956543
2024-07-18,227.7100067138672,228.32000732421875,225.57000732421875,225.77999877929688,5485500,-0.006401633154546632,0.15060190866011844,198.7863996887207
2024-07-19,221.52000427246094,222.67999267578125,221.41000366210938,221.72999572753906,8666000,-0.018100662230646155,0.16631337071275118,199.04679969787597
2024-07-22,221.5800018310547,221.9199981689453,220.39999389648438,221.8000030517578,5334100,0.0003156824791686295,0.16139896792982467,199.30999969482423
2024-07-23,222.33999633789062,222.75,221.86000061035156,222.5800018310547,4435700,0.003510507096461622,0.1501120901530021,199.57719970703124
2024-07-24,223.47000122070312,224.8800048828125,221.74000549316406,221.8000030517578,6838800,-0.0035105070964615765,0.15092484015949437,199.84204971313477
2024-07-25,219.02000427246094,219.25999450683594,217.52000427246094,218.3300018310547,9777100,-0.015768400613655725,0.16091895833551567,200.08519973754883
2024-07-26,219.9600067138672,221.0399932861328,219.6999969482422,220.6300048828125,6328800,0.010479424389843233,0.1598397984818304,200.3242497253418
2024-07-29,221.25999450683594,221.5500030517578,219.0500030517578,220.32000732421875,4665100,-0.0014060442276131696,0.15633771498161175,200.5631997680664
2024-07-30,221.41000366210938,222.9199981689453,220.36000061035156,222.52000427246094,4939500,0.009935936183544776,0.15917879895537335,200.80684982299806
2024-07-31,223.72999572753906,226.60000610351562,223.63999938964844,226.5500030517578,7316600,0.017948680176279857,0.1689324188016113,201.07329986572265
2024-08-01,226.74000549316406,227.57000732421875,225.0500030517578,225.77000427246094,7217200,-0.003448883709883457,0.16995265127291603,201.3079998779297
2024-08-02,227.9499969482422,228.75999450683594,222.8699951171875,225.33999633789062,11109400,-0.0019064443892985788,0.1672468784188971,201.5448998260498
2024-08-05,220.55999755859375,223.10000610351562,220.24000549316406,222.47999572753906,8939000,-0.01277316576262444,0.16851230490557545,201.76584983825683
2024-08-06,221.5,222.13999938964844,220.11000061035156,220.6999969482422,14362300,-0.008032891286850252,0.1649179644177788,201.96499984741212
2024-08-07,221.94000244140625,222.30999755859375,220.35000610351562,220.5500030517578,5287800,-0.0006798590470787476,0.1649145025256771,202.15229988098145
2024-08-08,222.72999572753906,224.25,222.52000427246094,224.00999450683594,6327100,0.01556622880577821,0.1728205806242137,202.35439987182616
2024-08-09,224.82000732421875,225.27999877929688,223.82000732421875,224.55999755859375,4441000,0.002452251987911254,0.16215106222316517,202.56234985351563
2024-08-12,226.13999938964844,228.5399932861328,225.97000122070312,228.41000366210938,5561300,0.01699935451192235,0.17210159572371594,202.78964988708495
2024-08-13,228.07000732421875,228.8699951171875,227.58999633789062,228.05999755859375,6740200,-0.0015335341694870399,0.1721574844074266,203.0113498687744
2024-08-14,226.5500030517578,227.47999572753906,225.35000610351562,226.1999969482422,5462500,-0.008189191333501105,0.160430566055214,203.22229988098144
2024-08-15,226.50999450683594,227.5,225.1199951171875,226.91000366210938,5273300,0.0031339290416113642,0.160119842858871,203.42609992980957
2024-08-16,229.99000549316406,232.02000427246094,229.00999450683594,231.99000549316406,11924500,0.0221408117352879,0.17566497941205306,203.66054992675782
2024-08-19,230.14999389648438,231.77999877929688,229.74000549316406,231.61000061035156,5164800,-0.0016393656726291592,0.161447506890797,203.8981499481201
2024-08-20,233.7100067138672,234.00999450683594,231.1300048828125,232.4600067138672,9073600,0.003663270802502215,0.16140409095823305,204.14290000915528
2024-08-21,231.69000244140625,232.8699951171875,230.47999572753906,232.14999389648438,5337400,-0.0013345079227065216,0.16179394210220577,204.38305000305175
2024-08-22,230.35000610351562,230.3800048828125,228.25999450683594,229.3699951171875,5765400,-0.012047289256477975,0.16804241277532267,204.60595001220702
2024-08-23,231.0399932861328,232.72999572753906,230.52000427246094,232.02000427246094,5418200,0.011487194343258993,0.15882263871228766,204.84930000305175
2024-08-26,233.4499969482422,233.5,232.05999755859375,232.75999450683594,3151400,0.0031842629268953445,0.15642614938576582,205.10014999389648
2024-08-27,231.69000244140625,233.47000122070312,231.57000732421875,233.38999938964844,4435600,0.00270301522962425,0.15576345931619398,205.3632499694824
2024-08-28,232.0,232.02000427246094,230.72999572753906,231.75,4961500,-0.007051666972008083,0.15699216156200171,205.6145499420166
2024-08-29,231.9499969482422,233.61000061035156,231.9199981689453,232.9499969482422,5524200,0.005164620716356872,0.14645441408684007,205.88174995422364
2024-08-30,232.52999877929688,232.86000061035156,230.5500030517578,231.2899932861328,5743000,-0.0071515197828322195,0.1485226947735584,206.13564994812012
2024-09-03,230.3800048828125,230.5399932861328,228.52000427246094,230.2899932861328,6417900,-0.00433295027353233,0.1493872730990777,206.37649993896486
2024-09-04,229.7899932861328,231.05999755859375,229.3800048828125,230.42999267578125,4696000,0.0006077417877377091,0.1407449468913859,206.6204499053955
2024-09-05,232.72000122070312,232.88999938964844,231.3300018310547,232.35000610351562,4838100,0.008297784905920138,0.13789702502978485,206.86374992370605
2024-09-06,231.8300018310547,232.75999450683594,229.6199951171875,230.6300048828125,6315800,-0.007430165851405754,0.14175586813778712,207.0985499572754
2024-09-09,231.25999450683594,231.6199951171875,230.38999938964844,231.60000610351562,3548800,0.004197056104325384,0.1334007471522768,207.33970001220703
2024-09-10,232.38999938964844,232.74000549316406,231.1199951171875,232.6199951171875,4378300,0.004394427867847918,0.13372877601079144,207.5760499572754
2024-09-11,231.72000122070312,232.8699951171875,231.08999633789062,232.25,4637300,-0.0015918222264343484,0.12187498953998108,207.81449996948243
2024-09-12,234.6300048828125,236.4499969482422,234.4199981689453,236.3300018310547,9930200,0.01741476344611925,0.13435260029668603,208.0685499572754
2024-09-13,238.1300048828125,238.97999572753906,237.75999450683594,238.67999267578125,7455100,0.009894570827460453,0.13217415278607805,208.328099899292
2024-09-16,238.72999572753906,239.27999877929688,238.0500030517578,238.66000366210938,4713500,-8.375168155570817e-05,0.13246695941871459,208.57509994506836
2024-09-17,238.0800018310547,238.60000610351562,236.61000061035156,237.33999633789062,5257100,-0.005546263478781612,0.11391142033650029,208.81409996032716
2024-09-18,238.19000244140625,240.2899932861328,235.3000030517578,235.50999450683594,11081100,-0.007740344731775493,0.11764963750071597,209.04789993286133
2024-09-19,238.24000549316406,239.52000427246094,237.38999938964844,239.1699981689453,6108200,0.015421236419487627,0.12786812214890356,209.28369995117188
2024-09-20,241.11000061035156,242.6300048828125,240.47000122070312,242.2100067138672,7737400,0.012630557682531525,0.13320667896432764,209.55544998168946
2024-09-23,242.97000122070312,243.4600067138672,242.58999633789062,242.67999267578125,5426200,0.00193852671610104,0.1230175595555095,209.83309997558592
2024-09-24,243.38999938964844,246.19000244140625,243.14999389648438,246.07000732421875,8386300,0.013872405171650835,0.12542170156305585,210.12425003051757
2024-09-25,246.19000244140625,246.47000122070312,244.7899932861328,245.72999572753906,7393400,-0.0013827232563758825,0.12624035138873413,210.41215003967284
2024-09-26,246.44000244140625,247.3699951171875,245.19000244140625,246.97999572753906,7041100,0.005073989582052931,0.12653578577653737,210.7188500213623
2024-09-27,246.30999755859375,246.75,244.19000244140625,245.02000427246094,8329600,-0.00796748708764577,0.12746101952847944,211.02600006103515
2024-09-30,243.97000122070312,244.0800018310547,242.5,243.05999755859375,6916700,-0.008031540905021974,0.13228847597105528,211.32385002136232
2024-10-01,245.1999969482422,246.97999572753906,245.05999755859375,245.61000061035156,10605500,0.01043659814331518,0.1309426447103369,211.61375
2024-10-02,245.61000061035156,246.07000732421875,243.99000549316406,245.66000366210938,6798800,0.000203566476664949,0.12872671711639924,211.89840003967285
2024-10-03,244.72000122070312,245.91000366210938,243.69000244140625,245.49000549316406,5674500,-0.0006922454344502302,0.12911904244290975,212.19085006713868
2024-10-04,245.0,246.69000244140625,244.0500030517578,245.0,5947800,-0.00199802503899798,0.12873638681414482,212.4766000366211
2024-10-07,244.5800018310547,244.82000732421875,243.80999755859375,244.1699981689453,3849000,-0.0033935140367649104,0.12552279854530607,212.75180000305176
2024-10-08,243.7899932861328,244.0399932861328,240.6300048828125,242.3699951171875,7669800,-0.007399232494344503,0.13014242433471954,213.0231499481201
2024-10-09,241.16000366210938,241.83999633789062,240.63999938964844,241.0500030517578,4120500,-0.0054610705017173605,0.1324718444084554,213.28125
2024-10-10,241.77000427246094,243.02000427246094,241.50999450683594,242.82000732421875,4792700,0.007316064767089658,0.13327842690868524,213.5440000152588
2024-10-11,244.5,245.9199981689453,244.47000122070312,245.47000122070312,5789500,0.01085428686886074,0.12550265380327588,213.81275001525879
2024-10-14,245.16000366210938,245.86000061035156,244.25999450683594,245.07000732421875,3922900,-0.0016308312397319176,0.12245799434378801,214.07515007019043
2024-10-15,244.99000549316406,246.5500030517578,244.52999877929688,245.9199981689453,5640800,0.0034623584364339233,0.1225844533052782,214.34740005493165
2024-10-16,247.6199951171875,248.08999633789062,246.36000061035156,247.14999389648438,5431900,0.0049891427128232555,0.1204472788381404,214.62730003356933
2024-10-17,247.75,249.05999755859375,247.6199951171875,248.6300048828125,5176200,0.005970452161761758,0.11585604333040894,214.9168500518799
2024-10-18,250.0,251.3699951171875,249.89999389648438,251.27000427246094,7833600,0.010562207979593495,0.110153332879256,215.22755004882814
2024-10-21,252.74000549316406,253.13999938964844,250.72999572753906,251.22000122070312,9258600,-0.0001990210805239133,0.10385195164742747,215.53705001831054
2024-10-22,253.05999755859375,253.94000244140625,252.52000427246094,253.92999267578125,5756300,0.010729555523637746,0.10842861371727569,215.85994995117187
2024-10-23,253.0800018310547,253.17999267578125,250.1999969482422,250.8699951171875,8081000,-0.012123752431615111,0.11041796617192767,216.17494995117187
2024-10-24,253.27000427246094,253.32000732421875,251.39999389648438,252.8000030517578,5962200,0.007663817134299539,0.11246893310585622,216.49930000305176
2024-10-25,252.0,253.5500030517578,251.77000427246094,253.32000732421875,4424500,0.0020548662166116312,0.11169319339517796,216.82840003967286
2024-10-28,253.00999450683594,253.6300048828125,252.9499969482422,253.3300018310547,4029100,3.945329776617785e-05,0.10674047551245883,217.1557000732422
2024-10-29,254.49000549316406,256.2900085449219,254.22999572753906,256.0899963378906,8875500,0.010835937036952448,0.10531610661048978,217.4876000213623
2024-10-30,256.760009765625,257.7099914550781,255.91000366210938,257.5,6386200,0.005490789207931537,0.10195186829662596,217.83555000305176
2024-10-31,255.52000427246094,255.60000610351562,252.1999969482422,253.50999450683594,9930800,-0.01561647178727062,0.1192215544043832,218.1738999938965
2024-11-01,254.3300018310547,254.86000061035156,252.44000244140625,252.47000122070312,6473000,-0.004110813705942248,0.12059307679506544,218.49940002441406
2024-11-04,253.32000732421875,253.5800018310547,252.27000427246094,252.8300018310547,4581400,0.0014248987496042703,0.1199824284116213,218.82390007019043
2024-11-05,253.77999877929688,253.99000549316406,252.41000366210938,253.39999389648438,6029900,0.0022519104403696992,0.11866901689110212,219.15480003356933
2024-11-06,245.63999938964844,247.35000610351562,244.9499969482422,245.6999969482422,14600200,-0.030857976694085517,0.1615695884837273,219.44355003356932
2024-11-07,248.2899932861328,250.24000549316406,248.1199951171875,249.64999389648438,8821400,0.01594864539186116,0.16825063633222684,219.75980003356935
2024-11-08,249.07000732421875,249.35000610351562,247.77999877929688,247.9600067138672,6267900,-0.006792442588197375,0.1693790454882597,220.06390007019044
2024-11-11,242.72999572753906,242.72999572753906,241.05999755859375,242.13999938964844,11653800,-0.02375140115119195,0.18564520470604307,220.3395500946045
2024-11-12,241.2899932861328,241.66000366210938,239.38999938964844,240.0500030517578,10145500,-0.008668821068980244,0.18770302604507347,220.598150100708
2024-11-13,241.30999755859375,241.47000122070312,237.58999633789062,237.6300048828125,8431700,-0.010132384997697268,0.18954268831561516,220.84335014343262
2024-11-14,236.57000732421875,237.99000549316406,236.1300048828125,237.00999450683594,8262400,-0.002612551531378293,0.1880194637830487,221.0861501312256
2024-11-15,237.57000732421875,237.8800048828125,236.3300018310547,236.58999633789062,7299500,-0.0017736414154014318,0.1857862239001013,221.3170500946045
2024-11-18,240.4600067138672,241.5,240.4499969482422,241.08999633789062,6323400,0.01884162282592499,0.19502814712825756,221.57945007324219
2024-11-19,242.75,243.30999755859375,242.02999877929688,243.25,6579100,0.00891942849470824,0.19859643054635734,221.8578500366211
2024-11-20,243.74000549316406,245.2100067138672,243.50999450683594,244.6199951171875,6630700,0.005616245032295766,0.1953814537298332,222.13819999694823
2024-11-21,246.22999572753906,246.80999755859375,245.69000244140625,246.66000366210938,7646400,0.008304918886222272,0.19456674789611628,222.4290000152588
2024-11-22,248.1999969482422,250.38999938964844,247.86000061035156,249.83999633789062,7503000,0.012809813332372074,0.19817250184133953,222.73654998779296
2024-11-25,244.27000427246094,244.39999389648438,241.47999572753906,242.47999572753906,10733100,-0.029901483187305778,0.2223069917425967,223.0109499359131
2024-11-26,242.7100067138672,243.08999633789062,241.5800018310547,242.9499969482422,4945900,0.001936433160954421,0.22263203442378768,223.29014991760255
2024-11-27,244.85000610351562,245.17999267578125,243.1999969482422,243.49000549316406,6930600,0.0022202481870022992,0.2183359486246672,223.58494995117186
2024-11-29,245.25,245.80999755859375,244.72999572753906,245.58999633789062,2708500,0.008587567442534243,0.22000375401733946,223.8907999420166
2024-12-02,244.4600067138672,244.5800018310547,243.13999938964844,243.44000244140625,4765000,-0.008792948302693988,0.21601584516892566,224.17969993591308
2024-12-03,244.9600067138672,245.17999267578125,243.3000030517578,243.92999267578125,3557800,0.0020107532444556663,0.21627789645305998,224.46764991760253
2024-12-04,244.92999267578125,245.33999633789062,244.3699951171875,244.6699981689453,4608600,0.00302908748607766,0.21663530248326082,224.75364990234374
2024-12-05,244.16000366210938,244.3800048828125,242.14999389648438,242.86000061035156,4806200,-0.0074252082091734815,0.21708174234954133,225.0305499267578
2024-12-06,242.7899932861328,243.86000061035156,242.44000244140625,242.9499969482422,3540700,0.0003705001517975754,0.1900926947108035,225.30749992370605
2024-12-09,246.27999877929688,247.11000061035156,245.25999450683594,245.36000061035156,4711500,0.009870874002918592,0.18453650421794138,225.5911999511719
2024-12-10,247.86000061035156,248.86000061035156,247.8300018310547,248.58999633789062,4642000,0.013078415980993926,0.18921935118587233,225.8931499481201
2024-12-11,249.35000610351562,251.25999450683594,248.97000122070312,250.9600067138672,11033800,0.009488652360594872,0.1704881707085581,226.20794998168947
2024-12-12,247.80999755859375,248.24000549316406,246.8699951171875,247.27999877929688,10149600,-0.01477229774782158,0.17637635010679018,226.50264999389648
2024-12-13,245.6699981689453,245.94000244140625,244.27000427246094,244.2899932861328,6602600,-0.01216527622337442,0.17818436543756921,226.7775499725342
2024-12-16,245.41000366210938,245.5399932861328,244.2899932861328,244.8800048828125,3310000,0.00241229791280552,0.17763774592311016,227.0375
2024-12-17,243.8000030517578,244.5500030517578,243.22999572753906,243.94000244140625,4421300,-0.003846011153453628,0.17827104858892076,227.27715003967285
2024-12-18,243.57000732421875,243.7100067138672,238.82000732421875,239.25999450683594,8015800,-0.01937149963953244,0.18045066630997103,227.4875
2024-12-19,239.6699981689453,240.0500030517578,238.72999572753906,239.60000610351562,8111400,0.0014200879312812307,0.17743486451240678,227.6914500427246
2024-12-20,241.41000366210938,242.9600067138672,241.1699981689453,242.10000610351562,9527800,0.01037999743966833,0.18032218088789245,227.90225006103515
2024-12-23,241.60000610351562,241.6699981689453,240.64999389648438,240.9600067138672,5835500,-0.004719916680210798,0.17794411509369143,228.09890007019044
2024-12-24,241.49000549316406,241.66000366210938,240.82000732421875,241.44000244140625,2421000,0.001990032656870636,0.17109253978263525,228.29610008239746
2024-12-26,242.38999938964844,243.55999755859375,242.1999969482422,243.07000732421875,4645100,0.0067284927019149185,0.13883686891624358,228.5125001525879
2024-12-27,241.1999969482422,241.9499969482422,241.0500030517578,241.39999389648438,4728100,-0.006894214453703814,0.1407347662042716,228.7135501098633
2024-12-30,241.0800018310547,241.0800018310547,239.5800018310547,240.6300048828125,3522500,-0.0031947790408758405,0.14076072863654923,228.91495010375976
2024-12-31,241.0500030517578,242.52000427246094,241.0500030517578,242.1300048828125,2522100,0.006214287831739849,0.13904649983667486,229.1270500946045
